hand,timestamp,FC3,FC4,C3,C4,CP3,CP4,FCz,Pz
Left,2025-10-28 18:44:25,"[-64362.61, -63861.324, -62828.473, -63252.242, -64265.78, -64047.65, -62939.695, -63066.387, -64139.27, -64191.348]","[-63962.176, -63517.242, -63258.03, -63724.53, -63993.223, -63619.1, -63249.0, -63627.258, -63989.0, -63706.004]","[-85831.75, -85988.97, -86043.375, -85902.38, -85834.41, -85963.85, -86061.19, -85934.3, -85821.22, -85926.52]","[-81967.89, -81967.516, -82016.086, -82039.44, -81994.086, -81975.16, -82022.9, -82053.74, -81999.68, -81971.83]","[-85153.375, -85324.52, -85377.2, -85224.9, -85160.08, -85304.78, -85408.01, -85269.336, -85154.695, -85272.84]","[-89915.26, -90050.91, -90105.89, -89988.99, -89927.125, -90037.12, -90130.33, -90024.69, -89922.27, -90012.375]","[-68906.875, -68418.06, -68194.21, -68704.836, -68954.51, -68534.49, -68182.3, -68606.195, -68964.43, -68627.81]","[-85150.67, -85147.85, -85201.66, -85221.1, -85167.55, -85146.78, -85198.305, -85226.42, -85170.805, -85140.3]"
Left,2025-10-28 18:44:25,"[-63093.723, -62920.027, -63959.113, -64264.195, -63261.516, -62844.188, -63813.47, -64348.28, -63464.805, -62796.13]","[-63257.918, -63526.766, -63973.4, -63795.41, -63299.336, -63437.47, -63933.79, -63870.086, -63368.516, -63375.22]","[-86052.61, -85970.46, -85843.22, -85914.43, -86050.33, -86001.49, -85864.25, -85906.05, -86052.31, -86030.3]","[-82009.49, -82062.8, -82032.984, -81989.59, -82006.12, -82064.34, -82052.12, -82010.92, -82021.94, -82074.31]","[-85405.32, -85312.79, -85183.52, -85266.18, -85409.91, -85352.234, -85207.33, -85257.4, -85413.75, -85383.8]","[-90125.07, -90063.94, -89954.35, -90006.72, -90123.664, -90092.22, -89977.04, -90005.67, -90133.86, -90122.88]","[-68188.195, -68505.62, -68953.73, -68730.97, -68231.984, -68419.61, -68933.02, -68826.19, -68299.22, -68344.68]","[-85182.63, -85234.87, -85200.71, -85157.195, -85176.06, -85230.305, -85211.31, -85165.87, -85182.09, -85236.234]"
Left,2025-10-28 18:44:25,"[-63628.91, -64372.22, -63661.613, -62764.973, -63388.855, -64284.535, -63827.395, -62797.094, -63187.914, -64199.977]","[-63894.562, -63940.273, -63449.94, -63310.49, -63813.605, -63981.89, -63546.03, -63277.43, -63737.855, -64016.0]","[-85881.98, -85883.445, -86042.77, -86058.266, -85906.49, -85870.1, -86015.7, -86074.086, -85937.96, -85866.73]","[-82068.54, -82018.09, -82025.72, -82074.914, -82085.53, -82035.73, -82024.98, -82067.94, -82091.21, -82044.734]","[-85223.984, -85230.6, -85402.375, -85414.76, -85252.57, -85220.32, -85379.17, -85436.95, -85287.77, -85218.06]","[-89995.45, -89990.31, -90130.64, -90153.62, -90026.99, -89988.33, -90109.65, -90163.83, -90051.58, -89986.58]","[-68886.805, -68898.266, -68375.46, -68277.875, -68818.54, -68961.52, -68484.445, -68251.97, -68755.8, -69018.766]","[-85228.37, -85174.83, -85184.87, -85239.02, -85245.64, -85193.36, -85185.78, -85233.77, -85256.414, -85209.88]"
Left,2025-10-28 18:44:25,"[-63989.266, -62886.254, -62986.703, -64052.926, -64110.48, -63006.24, -62804.445, -63840.293, -64163.207, -63155.613]","[-63645.05, -63268.043, -63636.734, -64005.63, -63723.168, -63270.883, -63532.152, -63982.203, -63811.86, -63318.066]","[-85990.38, -86078.266, -85956.36, -85845.65, -85941.945, -86065.414, -85982.375, -85849.01, -85917.086, -86059.875]","[-82019.48, -82055.04, -82090.2, -82042.39, -82005.17, -82039.305, -82088.1, -82054.15, -82008.69, -82030.55]","[-85356.1, -85448.195, -85315.4, -85204.42, -85315.13, -85446.3, -85351.37, -85213.766, -85291.89, -85443.5]","[-90091.164, -90172.91, -90075.56, -89976.68, -90056.68, -90171.38, -90104.06, -89985.266, -90036.266, -90162.555]","[-68602.11, -68244.55, -68653.63, -69008.016, -68673.03, -68225.125, -68535.74, -68994.516, -68773.32, -68275.016]","[-85182.97, -85219.65, -85249.69, -85197.984, -85159.34, -85196.29, -85245.04, -85209.32, -85165.71, -85192.734]"
Left,2025-10-28 18:44:25,"[-62673.867, -63622.273, -64179.08, -63298.977, -62557.973, -63348.4, -64084.91, -63387.11, -62473.395, -63087.797]","[-63442.008, -63937.723, -63882.36, -63381.59, -63366.57, -63886.695, -63951.85, -63465.14, -63311.07, -63816.734]","[-86013.24, -85858.59, -85891.516, -86047.31, -86041.72, -85888.586, -85891.766, -86040.266, -86057.125, -85909.71]","[-82083.14, -82056.72, -82011.61, -82029.586, -82089.266, -82086.516, -82040.54, -82034.91, -82083.05, -82096.26]","[-85386.26, -85222.58, -85261.89, -85428.414, -85416.41, -85251.43, -85259.48, -85420.09, -85432.125, -85271.81]","[-90126.52, -89990.625, -90015.1, -90154.625, -90157.04, -90025.336, -90022.3, -90149.28, -90169.93, -90046.26]","[-68448.484, -68956.0, -68855.8, -68331.164, -68361.78, -68912.91, -68937.79, -68420.52, -68310.195, -68847.375]","[-85247.23, -85220.36, -85170.48, -85185.984, -85243.9, -85238.42, -85189.61, -85193.61, -85247.14, -85253.4]"
Left,2025-10-28 18:44:25,"[-63982.965, -63544.38, -62487.453, -62837.035, -63844.83, -63658.348, -62524.043, -62590.16, -63637.113, -63712.418]","[-63989.715, -63552.023, -63268.0, -63716.8, -64002.277, -63646.75, -63267.44, -63629.875, -64011.35, -63744.402]","[-85874.484, -86007.75, -86077.93, -85938.01, -85865.61, -85991.27, -86092.93, -85974.58, -85866.33, -85960.9]","[-82047.87, -82026.19, -82074.31, -82096.57, -82048.56, -82025.875, -82071.38, -82105.49, -82064.48, -82028.375]","[-85237.87, -85382.73, -85451.81, -85297.72, -85222.266, -85357.67, -85461.25, -85327.61, -85213.88, -85319.23]","[-90005.984, -90113.25, -90179.92, -90062.98, -89991.03, -90094.12, -90191.34, -90091.79, -89992.95, -90067.05]","[-68992.46, -68516.34, -68258.74, -68747.75, -69015.33, -68611.63, -68248.08, -68658.55, -69028.65, -68708.28]","[-85200.47, -85180.64, -85230.8, -85250.83, -85200.4, -85175.34, -85219.4, -85251.32, -85207.195, -85172.016]"
Left,2025-10-28 18:44:25,"[-62616.51, -62378.777, -63417.82, -63762.664, -62733.5, -62237.203, -63189.074, -63747.49, -62882.88, -62141.18]","[-63288.227, -63537.63, -63996.375, -63836.67, -63341.65, -63466.348, -63975.92, -63929.453, -63430.473, -63405.754]","[-86086.38, -86011.26, -85871.87, -85934.5, -86085.11, -86037.38, -85891.96, -85932.734, -86089.195, -86086.875]","[-82057.61, -82111.234, -82075.625, -82034.03, -82062.51, -82119.055, -82101.83, -82058.88, -82069.125, -82124.65]","[-85450.43, -85364.82, -85220.516, -85291.62, -85449.4, -85390.64, -85234.16, -85279.46, -85442.94, -85430.555]","[-90176.75, -90119.24, -89996.69, -90045.37, -90179.37, -90144.164, -90016.195, -90041.7, -90172.46, -90175.23]","[-68254.23, -68548.195, -69013.734, -68802.38, -68294.125, -68470.766, -68999.79, -68909.02, -68387.87, -68406.42]","[-85204.67, -85257.94, -85221.3, -85178.27, -85213.26, -85274.37, -85254.625, -85210.52, -85228.56, -85292.336]"
Left,2025-10-28 18:44:25,"[-62918.91, -63672.008, -63014.418, -62073.79, -62643.65, -63561.098, -63106.55, -62048.508, -62382.58, -63424.55]","[-63924.87, -63989.65, -63505.105, -63342.543, -63843.734, -64027.086, -63596.1, -63314.668, -63763.848, -64055.004]","[-85933.3, -85927.28, -86072.81, -86108.445, -85955.22, -85909.0, -86056.79, -86121.45, -85988.88, -85901.484]","[-82122.73, -82066.914, -82055.734, -82111.37, -82122.586, -82066.6, -82057.63, -82105.805, -82134.414, -82077.35]","[-85263.234, -85259.27, -85414.445, -85444.44, -85275.91, -85230.69, -85388.734, -85452.016, -85305.03, -85218.016]","[-90041.234, -90027.53, -90147.734, -90187.45, -90056.34, -90006.48, -90130.21, -90192.58, -90080.15, -89997.04]","[-68946.59, -68974.664, -68460.35, -68332.99, -68866.77, -69023.39, -68544.17, -68288.49, -68774.22, -69047.76]","[-85288.36, -85233.28, -85230.8, -85289.41, -85299.4, -85242.49, -85232.79, -85287.016, -85311.984, -85253.51]"
Left,2025-10-28 18:44:25,"[-63257.875, -62137.312, -62175.11, -63250.855, -63335.055, -62250.434, -62022.695, -63074.812, -63423.79, -62411.746]","[-63700.93, -63312.477, -63672.297, -64067.027, -63806.652, -63351.64, -63590.98, -64053.797, -63897.156, -63400.12]","[-86031.69, -86140.02, -86032.695, -85922.01, -86031.57, -86156.3, -86077.44, -85941.516, -86012.664, -86156.99]","[-82057.81, -82104.26, -82148.72, -82106.945, -82079.875, -82108.62, -82154.53, -82122.055, -82084.59, -82104.53]","[-85359.945, -85470.03, -85348.44, -85232.37, -85351.27, -85479.76, -85387.42, -85241.93, -85321.125, -85472.375]","[-90105.78, -90207.305, -90120.85, -90018.27, -90107.52, -90215.46, -90150.87, -90032.31, -90087.09, -90212.36]","[-68642.38, -68270.85, -68673.32, -69059.85, -68745.945, -68293.23, -68583.02, -69055.18, -68846.234, -68336.81]","[-85233.35, -85281.25, -85327.445, -85284.336, -85254.74, -85290.945, -85338.18, -85306.016, -85265.13, -85292.36]"
Left,2025-10-28 18:44:25,"[-61892.293, -62827.312, -63416.125, -62572.234, -61821.215, -62604.957, -63385.59, -62754.4, -61835.25, -62412.598]","[-63507.676, -64019.285, -63983.14, -63481.727, -63449.605, -63969.977, -64047.516, -63574.887, -63405.508, -63901.535]","[-86114.09, -85961.836, -85984.39, -86132.96, -86131.42, -85972.836, -85960.61, -86108.35, -86142.33, -86004.62]","[-82159.805, -82142.88, -82091.27, -82097.64, -82155.71, -82150.28, -82095.63, -82090.72, -82143.71, -82160.01]","[-85419.16, -85257.87, -85287.28, -85447.234, -85439.66, -85270.54, -85265.516, -85425.8, -85458.03, -85309.7]","[-90185.11, -90053.88, -90065.75, -90195.34, -90201.78, -90065.305, -90048.96, -90173.87, -90211.06, -90095.164]","[-68493.55, -69017.914, -68932.31, -68404.695, -68416.97, -68965.164, -69001.445, -68491.31, -68361.18, -68897.06]","[-85352.055, -85330.664, -85273.05, -85281.38, -85341.305, -85333.64, -85277.47, -85277.29, -85331.67, -85347.3]"
Left,2025-10-28 18:44:25,"[-63356.98, -62954.18, -61887.867, -62198.78, -63204.88, -63042.535, -61945.51, -61980.65, -63043.52, -63169.27]","[-64096.465, -63670.17, -63376.293, -63815.883, -64112.203, -63767.426, -63377.188, -63726.633, -64126.215, -63870.38]","[-85958.17, -86103.68, -86174.6, -86038.64, -85961.836, -86080.91, -86178.24, -86075.41, -85963.695, -86053.52]","[-82109.85, -82100.59, -82150.57, -82179.3, -82137.38, -82115.8, -82150.234, -82196.1, -82158.53, -82117.05]","[-85266.79, -85425.125, -85497.86, -85351.945, -85277.78, -85410.93, -85511.9, -85397.14, -85281.16, -85382.37]","[-90048.945, -90173.22, -90243.805, -90133.9, -90067.49, -90168.73, -90256.27, -90176.37, -90077.51, -90146.87]","[-69068.32, -68596.19, -68324.12, -68805.62, -69086.78, -68693.52, -68322.016, -68716.35, -69110.68, -68805.87]","[-85295.6, -85284.336, -85335.74, -85361.555, -85312.97, -85291.75, -85333.4, -85379.91, -85340.21, -85299.15]"
Left,2025-10-28 18:44:25,"[-62083.625, -61824.746, -62858.805, -63234.918, -62250.457, -61718.418, -62646.152, -63266.703, -62412.418, -61625.86]","[-63397.684, -63622.387, -64089.516, -63940.875, -63443.953, -63544.086, -64055.875, -64031.715, -63529.67, -63483.625]","[-86175.56, -86096.39, -85955.734, -86019.91, -86165.305, -86132.67, -85977.26, -86005.65, -86171.72, -86162.98]","[-82138.28, -82181.195, -82145.945, -82098.78, -82116.82, -82180.57, -82163.805, -82117.805, -82139.24, -82193.29]","[-85508.9, -85416.32, -85267.01, -85339.3, -85490.93, -85449.22, -85283.7, -85320.164, -85497.59, -85482.95]","[-90251.336, -90187.14, -90060.97, -90108.04, -90234.93, -90220.58, -90086.38, -90104.17, -90251.13, -90253.69]","[-68338.65, -68613.98, -69081.914, -68880.19, -68371.86, -68520.59, -69052.3, -68985.8, -68457.67, -68453.445]","[-85327.29, -85370.61, -85331.16, -85284.78, -85310.375, -85372.22, -85353.4, -85303.13, -85321.82, -85374.45]"
Left,2025-10-28 18:44:25,"[-62383.047, -63189.79, -62562.31, -61625.234, -62203.496, -63149.47, -62773.242, -61728.97, -62030.137, -63064.555]","[-64002.23, -64091.145, -63616.15, -63438.363, -63932.113, -64132.652, -63714.25, -63412.145, -63840.582, -64151.562]","[-86006.14, -85994.625, -86150.17, -86189.16, -86041.695, -85996.98, -86133.945, -86204.58, -86075.2, -85998.85]","[-82191.48, -82139.13, -82139.94, -82196.62, -82209.05, -82159.36, -82145.25, -82190.805, -82218.32, -82177.125]","[-85315.58, -85311.36, -85481.99, -85518.0, -85357.71, -85315.625, -85464.17, -85534.07, -85391.35, -85314.305]","[-90121.45, -90100.016, -90231.375, -90271.25, -90146.42, -90101.625, -90217.32, -90284.62, -90179.61, -90110.48]","[-68999.14, -69060.34, -68553.31, -68410.95, -68945.03, -69120.31, -68659.1, -68384.49, -68854.88, -69152.27]","[-85366.14, -85310.77, -85312.74, -85372.805, -85385.63, -85332.055, -85315.47, -85363.73, -85391.98, -85350.05]"
Left,2025-10-28 18:44:25,"[-62931.895, -61805.277, -61811.312, -62868.55, -63004.562, -61918.4, -61627.85, -62637.95, -63016.14, -62015.004]","[-63815.906, -63416.684, -63756.652, -64152.457, -63906.027, -63437.918, -63654.727, -64119.2, -63982.18, -63479.223]","[-86124.53, -86229.3, -86117.625, -86000.15, -86089.195, -86217.09, -86140.56, -86005.6, -86065.03, -86206.45]","[-82159.47, -82198.516, -82233.61, -82189.555, -82150.71, -82178.555, -82227.375, -82196.28, -82153.91, -82171.02]","[-85450.516, -85558.56, -85433.17, -85311.516, -85412.74, -85547.97, -85460.98, -85319.72, -85389.48, -85541.4]","[-90216.2, -90314.836, -90224.78, -90116.06, -90184.17, -90299.73, -90240.27, -90119.555, -90164.3, -90291.03]","[-68764.16, -68374.68, -68761.164, -69150.58, -68856.16, -68392.2, -68654.5, -69127.33, -68944.94, -68427.32]","[-85332.39, -85375.15, -85414.71, -85370.23, -85331.49, -85364.51, -85412.34, -85378.75, -85333.04, -85352.91]"
Left,2025-10-28 18:44:25,"[-61449.996, -62367.895, -62988.47, -62160.492, -61365.664, -62098.176, -62913.03, -62309.11, -61337.164, -61862.61]","[-63561.277, -64076.504, -64061.305, -63561.68, -63503.027, -64018.1, -64118.57, -63651.44, -63463.242, -63954.734]","[-86163.23, -86012.89, -86038.7, -86195.77, -86199.55, -86053.59, -86035.8, -86187.97, -86236.31, -86088.305]","[-82222.164, -82212.04, -82168.92, -82176.34, -82233.37, -82239.98, -82184.62, -82177.77, -82236.02, -82249.81]","[-85491.31, -85332.234, -85364.44, -85531.56, -85527.74, -85368.64, -85354.14, -85517.39, -85563.39, -85401.97]","[-90263.875, -90136.18, -90151.89, -90285.05, -90295.7, -90169.195, -90144.85, -90273.375, -90321.52, -90194.3]","[-68558.37, -69093.13, -69032.78, -68505.39, -68497.99, -69049.73, -69118.73, -68608.945, -68449.22, -68974.375]","[-85404.766, -85386.32, -85337.22, -85349.78, -85409.75, -85412.54, -85356.375, -85352.484, -85416.23, -85429.71]"
Left,2025-10-28 18:44:25,"[-62804.535, -62438.727, -61371.34, -61643.586, -62684.35, -62571.9, -61472.395, -61450.02, -62509.69, -62667.676]","[-64165.332, -63757.836, -63447.438, -63874.895, -64192.176, -63863.65, -63456.445, -63780.77, -64188.04, -63950.82]","[-86039.6, -86173.22, -86246.93, -86114.164, -86030.14, -86149.93, -86251.875, -86151.38, -86034.14, -86125.32]","[-82197.266, -82180.95, -82225.05, -82257.46, -82216.375, -82194.0, -82225.54, -82270.05, -82229.695, -82195.91]","[-85354.43, -85500.3, -85573.52, -85429.24, -85343.45, -85474.32, -85580.25, -85468.336, -85346.2, -85448.664]","[-90142.555, -90256.81, -90327.734, -90222.57, -90148.09, -90247.445, -90338.84, -90259.61, -90151.984, -90225.34]","[-69161.39, -68707.85, -68428.26, -68899.27, -69203.055, -68818.984, -68423.984, -68793.016, -69193.67, -68905.17]","[-85376.375, -85359.55, -85408.12, -85437.13, -85388.96, -85366.19, -85407.2, -85446.38, -85402.414, -85365.984]"
Left,2025-10-28 18:44:25,"[-61583.996, -61291.992, -62289.82, -62692.664, -61735.94, -61154.13, -62046.7, -62685.645, -61889.68, -61076.746]","[-63476.72, -63683.9, -64154.668, -64029.254, -63527.277, -63594.895, -64108.402, -64098.477, -63598.67, -63529.492]","[-86248.72, -86170.87, -86040.336, -86087.86, -86230.88, -86203.03, -86052.92, -86070.98, -86226.86, -86236.984]","[-82220.734, -82265.62, -82245.44, -82201.06, -82210.27, -82269.24, -82258.734, -82208.22, -82214.19, -82271.984]","[-85579.53, -85491.69, -85356.75, -85414.305, -85567.82, -85533.89, -85375.73, -85401.45, -85568.71, -85572.516]","[-90337.39, -90278.3, -90169.24, -90205.586, -90327.96, -90313.875, -90183.86, -90191.99, -90324.38, -90338.76]","[-68428.305, -68679.76, -69154.58, -68979.984, -68463.26, -68577.81, -69111.125, -69065.91, -68541.086, -68512.61]","[-85394.77, -85440.68, -85414.94, -85363.15, -85377.67, -85435.54, -85421.125, -85369.445, -85376.984, -85438.586]"
Left,2025-10-28 18:44:25,"[-61820.03, -62657.17, -62041.6, -61065.234, -61577.2, -62550.707, -62201.707, -61107.254, -61338.15, -62373.28]","[-64050.062, -64157.17, -63682.8, -63477.57, -63967.652, -64197.61, -63791.344, -63468.0, -63885.4, -64217.098]","[-86079.97, -86064.38, -86218.93, -86258.0, -86115.52, -86062.24, -86203.17, -86280.15, -86152.27, -86062.195]","[-82271.09, -82217.45, -82213.47, -82262.53, -82282.65, -82234.234, -82221.83, -82270.89, -82300.375, -82254.8]","[-85402.53, -85390.34, -85557.09, -85592.945, -85437.016, -85384.36, -85537.4, -85614.086, -85473.45, -85381.48]","[-90201.984, -90178.586, -90309.43, -90347.85, -90227.24, -90175.9, -90293.05, -90366.07, -90263.05, -90179.01]","[-69064.164, -69133.61, -68622.336, -68456.33, -68985.305, -69190.32, -68735.08, -68438.47, -68899.055, -69212.02]","[-85434.76, -85377.0, -85380.24, -85434.94, -85450.695, -85400.516, -85384.516, -85431.27, -85461.09, -85412.03]"
Left,2025-10-28 18:44:25,"[-62309.152, -61221.406, -61171.426, -62225.402, -62390.56, -61317.965, -60997.13, -61998.8, -62436.18, -61506.168]","[-63896.53, -63487.223, -63802.34, -64212.85, -63986.54, -63516.797, -63713.18, -64186.32, -64069.62, -63570.64]","[-86167.79, -86278.72, -86181.46, -86065.37, -86158.84, -86284.87, -86213.0, -86072.19, -86122.03, -86261.73]","[-82221.05, -82254.51, -82300.62, -82266.13, -82233.9, -82256.766, -82303.73, -82275.81, -82227.95, -82239.664]","[-85499.266, -85612.91, -85503.96, -85383.04, -85486.39, -85620.15, -85537.87, -85391.46, -85451.45, -85601.98]","[-90268.33, -90367.27, -90288.51, -90184.414, -90259.32, -90371.32, -90316.0, -90193.516, -90229.5, -90351.72]","[-68843.195, -68443.7, -68803.2, -69215.46, -68940.71, -68471.086, -68710.47, -69190.41, -69024.51, -68508.12]","[-85379.73, -85420.27, -85461.984, -85422.266, -85389.07, -85419.27, -85464.89, -85430.47, -85379.57, -85396.02]"
Left,2025-10-28 18:44:25,"[-60929.87, -61801.21, -62450.84, -61659.074, -60838.05, -61532.945, -62371.715, -61805.793, -60797.816, -61281.31]","[-63630.812, -64140.344, -64146.176, -63645.88, -63565.543, -64083.277, -64204.133, -63745.945, -63524.24, -64002.926]","[-86234.64, -86094.984, -86111.1, -86270.11, -86277.64, -86130.305, -86102.164, -86253.88, -86303.73, -86149.7]","[-82299.836, -82295.57, -82248.07, -82249.52, -82302.68, -82311.98, -82256.03, -82249.97, -82302.66, -82314.28]","[-85565.9, -85414.89, -85437.46, -85605.016, -85605.15, -85446.61, -85423.586, -85586.22, -85632.88, -85464.734]","[-90338.82, -90217.12, -90221.14, -90353.086, -90366.43, -90242.305, -90210.1, -90338.06, -90388.13, -90256.1]","[-68613.4, -69140.09, -69104.71, -68585.5, -68551.88, -69093.69, -69177.98, -68677.68, -68490.98, -69010.38]","[-85455.01, -85448.375, -85400.85, -85410.89, -85467.88, -85469.43, -85411.58, -85407.83, -85463.91, -85475.125]"
Left,2025-10-28 18:44:25,"[-62255.777, -61922.02, -60832.375, -61029.582, -62061.293, -62021.53, -60920.484, -60848.87, -61886.324, -62107.05]","[-64230.53, -63833.477, -63505.082, -63913.785, -64249.33, -63936.695, -63520.664, -63830.145, -64245.418, -64029.566]","[-86091.97, -86226.33, -86309.65, -86184.664, -86088.08, -86191.73, -86304.84, -86211.016, -86090.29, -86168.055]","[-82263.875, -82249.19, -82297.266, -82330.35, -82282.02, -82245.55, -82282.83, -82333.73, -82301.16, -82256.07]","[-85407.29, -85555.125, -85639.86, -85501.81, -85403.76, -85518.87, -85636.62, -85530.984, -85406.4, -85494.35]","[-90200.82, -90316.875, -90396.47, -90296.266, -90208.51, -90292.266, -90395.75, -90324.43, -90217.56, -90276.35]","[-69216.05, -68768.09, -68462.97, -68916.22, -69238.59, -68876.61, -68470.91, -68826.41, -69240.875, -68976.9]","[-85415.6, -85397.66, -85448.305, -85479.06, -85430.266, -85392.85, -85433.06, -85477.01, -85438.695, -85395.0]"
Left,2025-10-28 18:44:25,"[-61044.445, -60697.504, -61708.605, -62152.266, -61208.086, -60590.504, -61471.098, -62154.613, -61365.33, -60544.84]","[-63553.43, -63736.6, -64221.793, -64113.633, -63612.664, -63660.293, -64176.574, -64185.74, -63683.54, -63594.355]","[-86304.6, -86230.21, -86093.375, -86149.48, -86300.71, -86275.41, -86122.75, -86140.695, -86297.41, -86301.02]","[-82286.83, -82331.58, -82309.695, -82268.37, -82285.29, -82341.305, -82331.11, -82282.29, -82289.11, -82339.78]","[-85639.01, -85553.9, -85409.37, -85474.28, -85635.14, -85601.52, -85438.914, -85463.03, -85630.12, -85627.66]","[-90400.36, -90341.055, -90219.62, -90259.516, -90390.164, -90374.83, -90240.05, -90246.94, -90381.05, -90390.88]","[-68495.695, -68724.46, -69220.07, -69064.37, -68546.516, -68639.66, -69176.34, -69144.49, -68614.36, -68569.03]","[-85429.44, -85474.66, -85450.25, -85406.04, -85428.45, -85486.28, -85469.805, -85417.62, -85425.39, -85477.586]"
Left,2025-10-28 18:44:25,"[-61253.258, -62096.88, -61540.7, -60537.508, -60992.145, -61988.918, -61702.46, -60604.273, -60797.215, -61851.39]","[-64111.53, -64238.734, -63775.605, -63544.758, -64017.742, -64259.97, -63868.746, -63528.598, -63928.78, -64276.04]","[-86155.36, -86138.17, -86284.26, -86333.97, -86189.51, -86118.57, -86255.2, -86338.89, -86207.68, -86111.93]","[-82350.445, -82306.7, -82293.89, -82340.56, -82360.57, -82304.555, -82286.516, -82333.08, -82365.266, -82323.64]","[-85471.33, -85458.695, -85616.73, -85664.83, -85507.984, -85439.48, -85588.586, -85674.39, -85532.34, -85435.81]","[-90268.33, -90248.25, -90370.2, -90419.76, -90299.57, -90231.914, -90346.16, -90427.38, -90322.375, -90238.53]","[-69115.46, -69211.33, -68716.93, -68524.97, -69039.71, -69263.164, -68821.85, -68498.15, -68939.64, -69269.77]","[-85481.5, -85433.086, -85427.67, -85480.49, -85496.07, -85437.29, -85418.51, -85466.5, -85492.09, -85446.31]"
Left,2025-10-28 18:44:25,"[-61823.184, -60720.168, -60631.477, -61680.51, -61896.63, -60863.598, -60504.785, -61525.5, -62007.54, -61081.082]","[-63971.676, -63548.223, -63846.06, -64266.94, -64057.664, -63584.05, -63762.285, -64251.004, -64155.297, -63647.062]","[-86223.82, -86337.52, -86236.36, -86115.414, -86193.69, -86321.23, -86254.4, -86113.805, -86163.805, -86313.54]","[-82295.26, -82331.555, -82374.6, -82342.35, -82305.29, -82329.7, -82379.08, -82354.24, -82314.234, -82323.17]","[-85561.96, -85682.24, -85570.73, -85447.45, -85537.89, -85674.93, -85599.914, -85452.75, -85511.16, -85670.44]","[-90331.36, -90437.44, -90359.12, -90255.09, -90317.68, -90433.68, -90384.734, -90263.875, -90300.76, -90428.5]","[-68917.0, -68502.555, -68849.99, -69274.805, -69021.74, -68545.625, -68772.164, -69274.74, -69130.55, -68606.195]","[-85421.15, -85463.234, -85503.555, -85463.03, -85421.98, -85446.74, -85498.086, -85472.89, -85426.02, -85442.47]"
Left,2025-10-28 18:44:25,"[-60431.34, -61292.754, -61985.457, -61240.004, -60395.016, -61107.703, -61994.285, -61463.832, -60450.76, -60879.18]","[-63675.63, -64189.67, -64206.75, -63715.86, -63613.89, -64133.703, -64275.035, -63822.836, -63587.426, -64055.676]","[-86291.55, -86136.05, -86146.555, -86297.02, -86315.76, -86160.81, -86139.87, -86294.836, -86347.72, -86209.02]","[-82377.375, -82363.164, -82310.586, -82311.22, -82369.06, -82373.76, -82328.27, -82326.8, -82380.51, -82407.82]","[-85640.22, -85473.695, -85491.445, -85655.15, -85668.42, -85502.06, -85484.76, -85651.664, -85702.4, -85550.5]","[-90415.94, -90278.67, -90280.664, -90411.4, -90434.95, -90304.04, -90282.805, -90415.58, -90470.695, -90357.734]","[-68679.71, -69213.23, -69191.59, -68672.47, -68612.14, -69165.39, -69275.45, -68780.19, -68577.74, -69089.76]","[-85499.36, -85484.9, -85429.484, -85433.22, -85494.17, -85497.81, -85450.09, -85449.94, -85505.836, -85527.07]"
Left,2025-10-28 18:44:25,"[-61877.184, -61608.09, -60524.992, -60697.93, -61760.35, -61749.645, -60664.58, -60558.832, -61606.547, -61843.79]","[-64303.777, -63919.664, -63572.297, -63958.938, -64306.906, -64009.562, -63580.586, -63867.047, -64295.375, -64095.395]","[-86138.016, -86268.21, -86352.7, -86220.734, -86122.86, -86233.836, -86341.7, -86248.586, -86129.9, -86207.77]","[-82352.81, -82333.19, -82371.21, -82395.99, -82351.13, -82325.41, -82354.94, -82400.06, -82368.44, -82331.4]","[-85481.5, -85624.95, -85710.83, -85566.86, -85466.73, -85591.16, -85705.35, -85602.15, -85478.81, -85568.4]","[-90293.18, -90403.266, -90479.52, -90368.75, -90279.1, -90372.26, -90470.63, -90397.14, -90291.98, -90354.4]","[-69322.98, -68893.086, -68564.22, -68991.99, -69327.22, -68977.414, -68557.12, -68888.44, -69320.49, -69075.3]","[-85470.03, -85448.91, -85490.21, -85512.79, -85463.664, -85436.81, -85474.01, -85518.29, -85481.766, -85441.94]"
Left,2025-10-28 18:44:25,"[-60814.023, -60405.566, -61399.15, -61892.293, -60958.84, -60293.406, -61146.37, -61852.375, -61124.957, -60248.547]","[-63615.39, -63772.477, -64261.957, -64174.586, -63667.848, -63686.87, -64198.59, -64231.383, -63747.555, -63634.68]","[-86345.03, -86289.4, -86144.72, -86190.984, -86341.414, -86314.79, -86158.06, -86167.92, -86319.914, -86344.586]","[-82353.484, -82407.73, -82381.51, -82337.055, -82349.1, -82399.016, -82386.2, -82338.87, -82341.945, -82402.86]","[-85713.84, -85649.09, -85495.58, -85551.8, -85714.05, -85679.84, -85512.79, -85530.65, -85694.06, -85714.41]","[-90475.234, -90436.09, -90308.31, -90341.414, -90473.875, -90458.875, -90323.805, -90325.34, -90455.14, -90486.945]","[-68589.46, -68790.734, -69289.555, -69155.54, -68635.1, -68700.59, -69234.91, -69226.26, -68717.06, -68643.86]","[-85468.734, -85523.12, -85494.44, -85444.84, -85463.77, -85516.91, -85503.54, -85453.445, -85458.586, -85518.0]"
Left,2025-10-28 18:44:25,"[-60898.78, -61771.637, -61237.117, -60221.902, -60644.688, -61637.55, -61365.863, -60254.76, -60390.03, -61442.04]","[-64143.047, -64287.73, -63831.465, -63585.305, -64048.723, -64307.914, -63929.05, -63578.22, -63961.773, -64314.33]","[-86189.51, -86157.19, -86302.55, -86346.58, -86202.836, -86135.94, -86270.24, -86361.35, -86236.02, -86135.35]","[-82407.77, -82354.29, -82342.125, -82381.53, -82404.13, -82356.88, -82341.97, -82390.27, -82420.72, -82374.875]","[-85547.5, -85518.31, -85675.06, -85717.195, -85561.49, -85495.22, -85642.19, -85735.91, -85597.305, -85494.016]","[-90356.164, -90320.695, -90442.42, -90485.02, -90366.766, -90304.375, -90419.67, -90507.625, -90402.26, -90309.23]","[-69185.734, -69301.74, -68804.08, -68585.52, -69082.49, -69320.914, -68898.07, -68571.4, -69006.54, -69358.02]","[-85521.91, -85466.08, -85456.28, -85500.2, -85516.12, -85462.945, -85448.51, -85499.18, -85528.81, -85482.7]"
Left,2025-10-28 18:44:25,"[-61454.355, -60357.242, -60221.992, -61268.12, -61531.113, -60494.953, -60071.008, -61050.57, -61550.2, -60632.55]","[-64027.4, -63596.055, -63872.59, -64308.76, -64127.2, -63645.496, -63795.23, -64293.004, -64215.242, -63709.56]","[-86240.41, -86354.87, -86265.69, -86139.625, -86226.7, -86362.94, -86307.73, -86167.516, -86213.12, -86357.95]","[-82344.875, -82373.87, -82417.9, -82387.28, -82362.16, -82385.625, -82436.85, -82418.46, -82373.82, -82379.3]","[-85609.7, -85728.33, -85626.54, -85492.945, -85588.875, -85732.04, -85666.28, -85518.29, -85570.66, -85724.35]","[-90393.984, -90496.89, -90427.6, -90315.84, -90387.08, -90506.84, -90467.21, -90345.195, -90376.4, -90499.69]","[-69018.99, -68596.81, -68924.06, -69365.445, -69132.29, -68643.91, -68837.766, -69345.44, -69219.8, -68695.61]","[-85453.11, -85488.65, -85533.51, -85499.31, -85469.766, -85498.305, -85549.72, -85527.99, -85477.72, -85485.07]"
Left,2025-10-28 18:44:25,"[-59947.246, -60776.383, -61481.09, -60771.688, -59915.617, -60561.895, -61439.67, -60950.637, -59934.234, -60330.285]","[-63719.168, -64237.258, -64274.61, -63791.188, -63665.66, -64164.395, -64316.273, -63879.97, -63625.78, -64079.902]","[-86339.086, -86187.3, -86193.516, -86336.27, -86353.125, -86204.33, -86174.06, -86320.05, -86380.75, -86241.44]","[-82432.63, -82428.3, -82379.234, -82368.39, -82418.62, -82426.664, -82378.2, -82368.32, -82415.77, -82437.414]","[-85698.016, -85534.38, -85546.18, -85699.92, -85711.27, -85549.23, -85519.336, -85673.03, -85729.914, -85574.86]","[-90490.37, -90356.5, -90351.65, -90470.63, -90492.18, -90364.836, -90330.77, -90451.85, -90508.16, -90390.88]","[-68753.61, -69290.836, -69289.13, -68777.32, -68694.96, -69227.4, -69344.766, -68866.4, -68645.43, -69137.945]","[-85541.22, -85533.87, -85480.72, -85479.71, -85534.27, -85540.77, -85492.54, -85489.34, -85544.87, -85567.62]"
Left,2025-10-28 18:44:25,"[-61343.848, -61107.656, -59991.523, -60097.312, -61144.56, -61181.887, -60070.625, -59895.387, -60941.63, -61236.785]","[-64349.375, -63979.297, -63615.992, -63987.703, -64347.586, -64067.008, -63624.242, -63890.426, -64331.383, -64153.797]","[-86170.49, -86307.98, -86402.766, -86283.86, -86175.43, -86275.32, -86394.32, -86303.35, -86171.875, -86249.46]","[-82390.54, -82374.875, -82416.38, -82449.91, -82406.234, -82374.36, -82407.22, -82450.266, -82412.42, -82374.83]","[-85500.72, -85647.95, -85742.836, -85609.57, -85497.28, -85608.164, -85733.49, -85631.61, -85495.18, -85583.29]","[-90324.18, -90440.92, -90527.336, -90429.15, -90330.91, -90412.56, -90520.164, -90446.87, -90327.96, -90386.74]","[-69389.29, -68970.484, -68624.95, -69042.86, -69397.85, -69063.74, -68626.85, -68938.68, -69384.4, -69156.164]","[-85517.35, -85503.67, -85552.914, -85587.22, -85542.49, -85508.52, -85546.18, -85589.1, -85551.59, -85509.86]"
Left,2025-10-28 18:44:25,"[-60208.69, -59782.066, -60733.758, -61281.195, -60400.76, -59696.145, -60500.004, -61237.61, -60531.453, -59639.617]","[-63670.49, -63814.273, -64303.844, -64239.516, -63742.234, -63741.52, -64257.555, -64308.36, -63828.914, -63691.766]","[-86391.234, -86334.664, -86196.89, -86230.93, -86389.47, -86381.49, -86231.78, -86229.61, -86381.71, -86403.28]","[-82399.52, -82445.35, -82426.51, -82378.18, -82395.93, -82453.06, -82446.0, -82391.32, -82394.27, -82444.79]","[-85732.06, -85664.71, -85516.7, -85558.55, -85726.47, -85707.43, -85543.5, -85543.79, -85705.59, -85721.13]","[-90512.18, -90466.83, -90345.484, -90370.16, -90508.78, -90504.72, -90373.47, -90362.36, -90494.79, -90520.19]","[-68663.125, -68851.016, -69353.555, -69245.28, -68723.26, -68764.85, -69305.25, -69318.414, -68801.44, -68701.53]","[-85540.8, -85591.0, -85569.9, -85522.6, -85542.18, -85601.17, -85596.19, -85538.83, -85541.04, -85597.28]"
Left,2025-10-28 18:44:25,"[-60266.426, -61187.543, -60726.156, -59695.855, -60088.484, -61093.664, -60878.016, -59757.633, -59859.246, -60937.293]","[-64192.824, -64365.133, -63925.633, -63662.93, -64123.38, -64397.766, -64033.95, -63657.902, -64030.484, -64407.715]","[-86253.305, -86216.086, -86360.66, -86421.14, -86290.79, -86222.37, -86351.09, -86449.484, -86325.81, -86217.586]","[-82451.27, -82402.26, -82386.9, -82434.69, -82464.59, -82418.39, -82395.664, -82435.625, -82469.58, -82426.59]","[-85557.445, -85523.516, -85679.47, -85738.32, -85593.66, -85523.27, -85663.42, -85765.23, -85629.78, -85518.67]","[-90389.02, -90353.33, -90473.89, -90532.88, -90423.13, -90355.875, -90459.56, -90549.42, -90450.266, -90356.055]","[-69237.61, -69376.26, -68892.88, -68656.336, -69157.51, -69413.21, -68997.65, -68644.89, -69067.16, -69432.836]","[-85602.29, -85545.96, -85535.766, -85589.44, -85617.33, -85568.53, -85549.67, -85599.78, -85635.39, -85587.6]"
Left,2025-10-28 18:44:25,"[-60994.56, -59887.453, -59683.74, -60742.387, -61061.992, -60026.215, -59552.332, -60514.89, -61072.766, -60193.94]","[-64136.79, -63687.137, -63945.59, -64397.855, -64227.78, -63735.777, -63860.812, -64355.387, -64297.88, -63795.5]","[-86324.76, -86451.01, -86364.305, -86232.56, -86304.82, -86449.15, -86395.86, -86246.95, -86276.64, -86433.46]","[-82400.31, -82432.92, -82483.19, -82452.21, -82412.805, -82436.3, -82484.44, -82462.94, -82417.34, -82433.055]","[-85637.29, -85768.36, -85670.33, -85535.56, -85620.414, -85773.5, -85710.24, -85553.9, -85592.945, -85760.6]","[-90445.555, -90553.94, -90486.43, -90372.484, -90429.52, -90557.58, -90514.24, -90385.56, -90409.81, -90547.09]","[-69106.81, -68662.01, -68970.51, -69430.04, -69206.19, -68703.25, -68876.586, -69386.945, -69287.93, -68764.85]","[-85558.055, -85593.08, -85641.76, -85605.93, -85562.45, -85590.555, -85642.01, -85617.195, -85566.3, -85587.42]"
Left,2025-10-28 18:44:25,"[-59484.832, -60307.44, -61068.34, -60397.273, -59468.516, -60066.625, -60956.83, -60509.68, -59471.02, -59816.91]","[-63784.77, -64303.332, -64362.742, -63881.82, -63726.188, -64223.2, -64397.32, -63971.723, -63695.297, -64142.734]","[-86419.0, -86265.58, -86264.125, -86419.47, -86449.77, -86296.89, -86261.484, -86402.39, -86466.85, -86332.79]","[-82485.36, -82480.69, -82428.695, -82427.266, -82477.53, -82483.34, -82437.64, -82429.08, -82475.27, -82503.62]","[-85738.25, -85573.25, -85577.09, -85744.375, -85769.7, -85603.16, -85569.23, -85722.984, -85787.65, -85640.46]","[-90542.086, -90410.75, -90400.445, -90531.0, -90562.3, -90431.83, -90395.55, -90516.336, -90581.54, -90470.23]","[-68799.5, -69344.03, -69370.23, -68858.95, -68736.82, -69267.81, -69414.59, -68946.75, -68701.93, -69192.33]","[-85645.49, -85637.0, -85580.336, -85579.95, -85635.79, -85640.69, -85588.63, -85577.48, -85627.52, -85654.68]"
Left,2025-10-28 18:44:25,"[-60840.04, -60658.23, -59542.434, -59625.38, -60664.848, -60752.848, -59678.49, -59463.285, -60522.2, -60880.25]","[-64433.375, -64080.105, -63697.867, -64059.92, -64437.957, -64177.65, -63732.29, -63980.504, -64435.406, -64279.37]","[-86255.16, -86384.266, -86474.45, -86357.15, -86257.33, -86346.445, -86478.66, -86403.26, -86272.28, -86342.53]","[-82456.5, -82439.695, -82475.08, -82511.11, -82479.52, -82440.66, -82476.57, -82531.18, -82498.63, -82460.164]","[-85562.73, -85705.125, -85799.945, -85670.75, -85570.03, -85671.98, -85811.09, -85723.88, -85586.1, -85665.5]","[-90398.61, -90506.62, -90589.38, -90495.1, -90408.36, -90476.305, -90593.23, -90535.07, -90417.26, -90472.77]","[-69465.58, -69061.39, -68695.445, -69098.72, -69462.54, -69154.086, -68711.01, -69012.15, -69478.27, -69275.41]","[-85604.164, -85581.79, -85620.46, -85650.81, -85612.45, -85575.42, -85617.71, -85671.98, -85638.12, -85598.06]"
Left,2025-10-28 18:44:25,"[-59872.188, -59371.555, -60323.492, -60881.793, -60015.574, -59274.414, -60063.875, -60839.95, -60168.15, -59249.11]","[-63787.453, -63902.88, -64397.926, -64347.97, -63851.2, -63827.395, -64345.04, -64415.96, -63936.516, -63776.277]","[-86492.89, -86445.664, -86295.68, -86332.45, -86484.13, -86480.6, -86323.42, -86313.945, -86466.586, -86492.51]","[-82484.93, -82538.625, -82512.6, -82464.26, -82472.375, -82527.6, -82521.79, -82468.59, -82467.766, -82517.97]","[-85825.16, -85768.54, -85608.01, -85651.484, -85813.53, -85802.36, -85632.26, -85627.72, -85790.71, -85811.74]","[-90605.836, -90573.05, -90439.695, -90462.56, -90591.62, -90593.9, -90456.016, -90440.414, -90570.875, -90600.875]","[-68771.96, -68930.3, -69443.945, -69350.71, -68831.62, -68847.93, -69389.9, -69426.17, -68908.98, -68779.984]","[-85629.33, -85684.81, -85661.66, -85611.9, -85625.33, -85683.266, -85675.11, -85616.75, -85615.9, -85667.93]"
Left,2025-10-28 18:44:25,"[-59836.76, -60760.223, -60339.027, -59281.05, -59583.516, -60606.016, -60444.145, -59329.02, -59391.29, -60454.473]","[-64270.61, -64455.258, -64027.69, -63741.34, -64178.23, -64477.316, -64129.883, -63745.32, -64099.46, -64481.25]","[-86340.81, -86293.42, -86435.805, -86508.336, -86379.26, -86292.62, -86417.97, -86524.66, -86409.68, -86301.92]","[-82530.6, -82479.68, -82467.79, -82518.055, -82550.67, -82502.37, -82477.22, -82517.19, -82550.445, -82509.81]","[-85648.22, -85603.96, -85757.92, -85828.62, -85686.87, -85599.984, -85736.82, -85846.66, -85719.01, -85607.43]","[-90475.64, -90430.77, -90551.766, -90620.875, -90516.02, -90437.7, -90539.14, -90633.555, -90536.66, -90438.89]","[-69305.12, -69460.04, -68988.39, -68736.98, -69219.484, -69501.09, -69103.37, -68738.61, -69138.98, -69515.914]","[-85673.27, -85618.266, -85605.33, -85660.336, -85690.6, -85638.83, -85615.25, -85664.23, -85698.22, -85653.09]"
Left,2025-10-28 18:44:25,"[-60555.996, -59474.348, -59243.21, -60262.227, -60597.188, -59597.797, -59100.0, -60042.62, -60648.418, -59812.395]","[-64223.47, -63772.453, -64010.145, -64465.94, -64317.906, -63830.75, -63935.086, -64437.49, -64402.082, -63902.742]","[-86397.16, -86518.33, -86438.266, -86312.266, -86386.97, -86527.805, -86483.305, -86339.02, -86369.78, -86522.8]","[-82477.086, -82505.97, -82555.54, -82532.07, -82499.22, -82517.14, -82564.86, -82552.46, -82507.016, -82514.73]","[-85713.305, -85839.35, -85747.33, -85614.02, -85698.98, -85849.43, -85795.65, -85643.52, -85680.45, -85843.06]","[-90516.43, -90625.57, -90564.44, -90455.586, -90513.414, -90634.38, -90600.02, -90474.43, -90492.2, -90623.875]","[-69206.63, -68752.38, -69035.76, -69500.13, -69302.234, -68800.86, -68949.52, -69471.7, -69394.45, -68869.91]","[-85617.77, -85652.87, -85699.65, -85671.24, -85636.73, -85661.875, -85710.805, -85691.65, -85642.766, -85654.7]"
Left,2025-10-28 18:44:25,"[-59057.266, -59826.812, -60611.965, -59984.504, -59043.7, -59610.895, -60545.445, -60134.418, -59093.16, -59401.504]","[-63861.035, -64376.242, -64456.777, -63987.234, -63815.08, -64309.008, -64502.195, -64081.6, -63790.18, -64220.293]","[-86515.914, -86366.0, -86350.914, -86497.79, -86534.016, -86381.49, -86330.35, -86470.79, -86535.56, -86412.05]","[-82562.74, -82566.65, -82517.03, -82512.875, -82567.92, -82580.29, -82528.2, -82514.95, -82555.38, -82588.47]","[-85829.96, -85669.12, -85658.63, -85816.484, -85849.07, -85684.945, -85636.33, -85789.59, -85855.4, -85719.81]","[-90622.58, -90496.445, -90477.67, -90605.57, -90647.09, -90520.516, -90471.86, -90592.05, -90652.28, -90550.695]","[-68874.086, -69418.125, -69464.39, -68959.2, -68827.15, -69353.98, -69512.12, -69042.95, -68779.516, -69249.33]","[-85710.06, -85708.37, -85651.52, -85646.836, -85703.9, -85715.01, -85657.83, -85642.875, -85689.95, -85717.13]"
Left,2025-10-28 18:44:25,"[-60410.64, -60279.035, -59180.29, -59182.746, -60245.19, -60358.965, -59277.652, -59025.75, -60050.285, -60434.65]","[-64520.164, -64181.83, -63790.156, -64128.92, -64521.305, -64273.156, -63815.46, -64043.047, -64505.258, -64363.906]","[-86333.32, -86450.2, -86552.19, -86447.09, -86328.16, -86427.625, -86546.695, -86466.875, -86335.6, -86397.984]","[-82545.53, -82514.414, -82551.92, -82595.44, -82551.07, -82522.46, -82544.7, -82594.88, -82567.63, -82521.03]","[-85640.87, -85768.61, -85874.22, -85757.38, -85635.055, -85747.75, -85874.28, -85783.94, -85645.625, -85718.336]","[-90478.164, -90569.85, -90662.92, -90576.51, -90469.4, -90553.82, -90659.234, -90601.52, -90485.09, -90528.3]","[-69529.836, -69143.53, -68766.53, -69150.35, -69545.04, -69244.164, -68789.82, -69060.92, -69528.61, -69341.88]","[-85672.49, -85646.81, -85690.53, -85732.484, -85685.55, -85651.8, -85682.22, -85729.83, -85700.99, -85654.01]"
Left,2025-10-28 18:44:25,"[-59427.5, -58879.523, -59823.64, -60436.03, -59597.24, -58842.598, -59594.555, -60384.6, -59755.355, -58802.613]","[-63865.617, -63953.324, -64463.66, -64440.527, -63943.156, -63901.56, -64415.36, -64502.195, -64035.805, -63856.297]","[-86553.375, -86513.66, -86356.21, -86392.086, -86545.086, -86540.97, -86390.836, -86374.516, -86525.88, -86564.305]","[-82545.195, -82598.66, -82580.35, -82541.17, -82553.15, -82607.22, -82610.17, -82556.15, -82552.88, -82605.945]","[-85882.58, -85833.05, -85667.016, -85711.56, -85874.71, -85863.664, -85701.55, -85688.12, -85851.58, -85886.664]","[-90664.69, -90637.46, -90502.484, -90528.56, -90659.77, -90664.84, -90540.14, -90517.62, -90647.25, -90686.8]","[-68833.805, -68976.5, -69503.11, -69430.58, -68908.82, -68912.75, -69450.89, -69503.305, -69002.74, -68859.625]","[-85683.69, -85739.66, -85719.41, -85673.52, -85688.32, -85744.96, -85740.42, -85682.64, -85683.11, -85739.26]"
Left,2025-10-28 18:44:25,"[-59340.215, -60281.605, -59917.582, -58851.9, -59140.348, -60185.805, -60050.02, -58932.074, -58940.77, -59999.01]","[-64348.1, -64548.598, -64135.984, -63832.69, -64256.75, -64563.035, -64222.395, -63820.758, -64158.47, -64559.08]","[-86420.92, -86365.33, -86499.71, -86580.98, -86450.555, -86364.44, -86490.39, -86590.5, -86485.41, -86369.04]","[-82627.36, -82570.25, -82550.734, -82599.375, -82626.22, -82575.48, -82550.89, -82586.68, -82629.73, -82592.4]","[-85731.73, -85677.055, -85822.74, -85903.99, -85760.266, -85673.03, -85811.43, -85914.945, -85798.22, -85676.61]","[-90569.336, -90512.43, -90624.19, -90700.23, -90591.11, -90511.47, -90612.27, -90700.516, -90617.86, -90514.51]","[-69382.875, -69560.17, -69102.516, -68820.35, -69292.555, -69590.28, -69200.69, -68814.766, -69197.78, -69594.91]","[-85751.73, -85693.95, -85672.74, -85726.25, -85756.2, -85703.27, -85680.74, -85723.66, -85762.17, -85718.805]"
Left,2025-10-28 18:44:25,"[-60155.363, -59086.3, -58805.07, -59824.42, -60213.297, -59221.594, -58672.367, -59585.145, -60211.754, -59395.625]","[-64322.375, -63861.48, -64075.836, -64545.47, -64416.363, -63918.523, -63999.707, -64506.8, -64493.5, -63997.56]","[-86455.81, -86586.234, -86514.17, -86382.14, -86448.45, -86597.48, -86553.13, -86403.93, -86428.25, -86583.1]","[-82553.42, -82584.98, -82635.78, -82615.6, -82582.68, -82602.34, -82648.836, -82634.6, -82584.35, -82591.88]","[-85773.75, -85911.66, -85828.305, -85689.414, -85764.83, -85924.33, -85873.21, -85714.805, -85745.23, -85910.695]","[-90580.58, -90699.78, -90645.31, -90531.94, -90586.08, -90717.28, -90685.68, -90556.84, -90568.24, -90702.195]","[-69304.35, -68841.61, -69102.45, -69580.445, -69400.914, -68886.71, -69015.28, -69544.01, -69489.14, -68971.23]","[-85676.625, -85712.03, -85764.54, -85740.305, -85701.64, -85727.48, -85779.11, -85763.06, -85711.03, -85722.61]"
Left,2025-10-28 18:44:25,"[-58615.305, -59355.15, -60154.87, -59534.81, -58566.11, -59094.3, -60057.19, -59692.57, -58604.91, -58868.305]","[-63939.758, -64455.1, -64553.113, -64086.652, -63893.176, -64381.047, -64594.82, -64186.008, -63869.035, -64289.293]","[-86582.08, -86432.74, -86414.125, -86562.23, -86598.03, -86448.12, -86396.805, -86535.25, -86613.61, -86478.03]","[-82647.836, -82652.664, -82600.0, -82596.78, -82646.23, -82660.98, -82610.84, -82595.555, -82638.89, -82664.51]","[-85904.17, -85742.43, -85728.664, -85890.375, -85923.91, -85760.47, -85710.266, -85862.195, -85941.72, -85793.1]","[-90710.555, -90582.39, -90559.79, -90689.5, -90729.305, -90603.734, -90551.875, -90669.586, -90742.45, -90627.45]","[-68957.32, -69497.72, -69562.0, -69063.6, -68907.26, -69431.36, -69619.36, -69164.234, -68874.375, -69341.82]","[-85781.66, -85779.05, -85718.805, -85716.8, -85772.16, -85780.81, -85725.625, -85711.54, -85759.71, -85782.22]"
Left,2025-10-28 18:44:25,"[-59915.125, -59826.21, -58711.15, -58665.797, -59713.89, -59886.516, -58821.098, -58511.03, -59513.062, -59935.914]","[-64610.29, -64282.03, -63874.156, -64194.188, -64600.34, -64374.363, -63904.4, -64102.344, -64570.188, -64451.95]","[-86390.21, -86501.97, -86613.66, -86509.56, -86394.55, -86485.47, -86612.72, -86540.68, -86404.16, -86455.41]","[-82620.984, -82588.71, -82626.22, -82665.375, -82631.25, -82598.46, -82624.5, -82672.664, -82648.34, -82602.77]","[-85704.68, -85828.4, -85946.64, -85831.95, -85713.15, -85815.45, -85950.37, -85868.74, -85726.9, -85787.445]","[-90549.42, -90641.15, -90745.31, -90659.95, -90557.84, -90629.87, -90743.21, -90685.766, -90565.805, -90606.22]","[-69650.02, -69270.914, -68870.28, -69234.39, -69638.67, -69365.625, -68896.68, -69141.14, -69614.42, -69448.03]","[-85733.16, -85702.58, -85742.7, -85784.01, -85746.86, -85711.74, -85739.17, -85787.42, -85761.14, -85715.01]"
Left,2025-10-28 18:44:25,"[-58983.727, -58399.453, -59287.02, -59921.72, -59114.53, -58293.617, -59005.855, -59845.434, -59285.453, -58301.574]","[-63962.8, -64030.28, -64532.996, -64525.62, -64029.008, -63951.336, -64462.41, -64578.703, -64119.445, -63911.55]","[-86607.375, -86580.35, -86430.71, -86446.87, -86601.09, -86604.83, -86453.305, -86427.87, -86575.305, -86625.68]","[-82623.4, -82680.266, -82664.59, -82615.086, -82622.15, -82672.555, -82676.11, -82623.76, -82616.766, -82673.38]","[-85948.516, -85912.04, -85750.45, -85773.08, -85936.734, -85934.79, -85771.984, -85751.88, -85910.41, -85958.35]","[-90737.94, -90719.74, -90585.81, -90592.984, -90726.29, -90734.805, -90606.84, -90580.22, -90706.555, -90760.42]","[-68943.484, -69054.77, -69579.57, -69530.04, -69003.21, -68972.03, -69516.336, -69601.14, -69101.734, -68928.51]","[-85739.75, -85796.234, -85775.67, -85721.555, -85730.09, -85785.19, -85783.875, -85727.75, -85721.6, -85780.32]"
Left,2025-10-28 18:44:25,"[-58808.78, -59786.02, -59443.793, -58348.83, -58552.16, -59591.9, -59554.3, -58452.09, -58379.54, -59440.484]","[-64394.75, -64621.777, -64222.17, -63897.043, -64303.668, -64632.887, -64320.05, -63905.56, -64219.47, -64633.914]","[-86474.586, -86421.055, -86559.414, -86639.695, -86518.28, -86422.44, -86530.98, -86649.24, -86556.59, -86429.93]","[-82688.266, -82640.14, -82624.875, -82669.36, -82703.664, -82656.1, -82621.63, -82661.266, -82713.1, -82670.66]","[-85793.64, -85740.42, -85890.69, -85971.914, -85837.56, -85738.875, -85858.33, -85981.93, -85878.305, -85747.08]","[-90633.51, -90578.14, -90693.74, -90769.3, -90670.3, -90580.914, -90665.18, -90770.37, -90700.41, -90586.68]","[-69450.18, -69652.1, -69210.19, -68909.336, -69359.2, -69679.04, -69314.64, -68915.03, -69276.82, -69689.97]","[-85795.14, -85743.234, -85732.62, -85781.305, -85814.984, -85766.414, -85732.04, -85774.82, -85824.1, -85778.555]"
Left,2025-10-28 18:44:25,"[-59638.008, -58568.254, -58227.344, -59230.066, -59664.652, -58715.73, -58114.914, -59017.973, -59700.617, -58916.492]","[-64413.84, -63941.48, -64131.11, -64611.81, -64502.082, -64003.797, -64056.723, -64569.05, -64577.297, -64085.445]","[-86516.36, -86650.36, -86585.336, -86450.78, -86503.71, -86646.914, -86617.305, -86462.29, -86479.1, -86635.9]","[-82631.74, -82659.055, -82712.336, -82693.48, -82650.76, -82663.5, -82715.67, -82702.95, -82657.555, -82665.22]","[-85845.36, -85985.91, -85910.78, -85768.47, -85828.59, -85982.06, -85942.79, -85776.74, -85802.086, -85970.42]","[-90656.04, -90774.03, -90726.58, -90611.6, -90649.266, -90774.32, -90756.51, -90622.04, -90633.59, -90769.97]","[-69421.44, -68948.695, -69187.164, -69675.88, -69519.71, -69010.695, -69111.46, -69641.42, -69605.234, -69086.76]","[-85737.625, -85771.625, -85825.49, -85802.76, -85756.914, -85775.04, -85830.875, -85814.516, -85761.41, -85768.61]"
Left,2025-10-28 18:44:25,"[-58097.258, -58805.227, -59665.477, -59101.12, -58130.562, -58599.57, -59565.14, -59244.73, -58171.04, -58373.86]","[-64000.934, -64514.824, -64638.16, -64180.64, -63963.72, -64434.848, -64664.066, -64271.258, -63941.793, -64342.38]","[-86642.086, -86492.4, -86472.28, -86628.234, -86666.836, -86528.99, -86464.055, -86598.5, -86675.414, -86556.62]","[-82716.85, -82725.195, -82677.76, -82675.88, -82715.78, -82736.836, -82683.125, -82665.6, -82704.05, -82740.91]","[-85972.56, -85812.125, -85796.39, -85965.305, -86001.555, -85850.32, -85786.35, -85933.61, -86012.195, -85880.23]","[-90784.09, -90661.336, -90641.82, -90774.86, -90808.21, -90692.02, -90628.34, -90741.016, -90810.69, -90714.016]","[-69047.76, -69585.14, -69675.69, -69184.055, -69000.33, -69502.57, -69711.266, -69277.24, -68975.96, -69418.62]","[-85825.22, -85831.7, -85780.45, -85780.09, -85824.82, -85840.53, -85786.15, -85769.66, -85815.99, -85852.625]"
Left,2025-10-28 18:44:25,"[-59405.887, -59352.4, -58249.45, -58157.16, -59240.438, -59491.293, -58450.19, -58079.8, -59093.9, -59543.594]","[-64675.22, -64366.676, -63950.71, -64250.56, -64674.75, -64474.926, -64002.7, -64174.92, -64653.516, -64552.4]","[-86464.28, -86572.016, -86683.8, -86583.93, -86455.01, -86545.77, -86685.48, -86617.52, -86471.44, -86529.28]","[-82697.07, -82666.74, -82699.76, -82738.67, -82696.336, -82665.83, -82689.32, -82734.47, -82706.77, -82669.67]","[-85784.9, -85903.99, -86021.36, -85908.664, -85772.79, -85873.68, -86020.15, -85940.96, -85787.65, -85853.68]","[-90628.97, -90716.48, -90817.44, -90734.36, -90617.37, -90690.52, -90812.91, -90759.91, -90632.77, -90678.34]","[-69741.51, -69380.64, -68973.93, -69319.89, -69746.43, -69494.57, -69013.67, -69228.65, -69722.83, -69575.1]","[-85803.516, -85772.3, -85810.76, -85847.77, -85801.62, -85769.68, -85803.516, -85849.32, -85818.12, -85775.31]"
Left,2025-10-28 18:44:25,"[-58601.47, -57967.016, -58830.37, -59514.516, -58765.285, -57934.96, -58622.902, -59462.75, -58915.49, -57894.84]","[-64055.496, -64091.19, -64605.953, -64627.254, -64140.32, -64042.867, -64549.848, -64674.57, -64222.17, -63985.49]","[-86674.41, -86649.195, -86501.34, -86510.33, -86661.87, -86670.61, -86519.445, -86491.88, -86632.75, -86681.63]","[-82684.445, -82737.555, -82732.836, -82683.59, -82685.74, -82736.99, -82744.055, -82689.875, -82676.51, -82724.41]","[-86007.055, -85971.6, -85814.05, -85828.305, -85991.36, -85995.055, -85831.39, -85806.05, -85958.28, -86005.84]","[-90805.98, -90788.41, -90663.52, -90664.69, -90795.49, -90812.836, -90686.26, -90654.72, -90773.02, -90824.164]","[-69064.19, -69145.5, -69678.61, -69660.484, -69144.875, -69088.52, -69624.3, -69721.84, -69230.484, -69031.82]","[-85793.98, -85849.23, -85842.34, -85790.29, -85793.195, -85844.87, -85847.64, -85791.94, -85778.53, -85832.17]"
Left,2025-10-28 18:44:25,"[-58348.758, -59343.77, -59046.74, -57952.15, -58132.73, -59191.242, -59170.992, -58074.01, -57984.56, -59046.133]","[-64457.18, -64702.938, -64315.805, -63974.312, -64372.867, -64719.008, -64419.383, -63994.88, -64288.2, -64719.99]","[-86531.02, -86469.625, -86606.53, -86690.91, -86571.5, -86475.55, -86590.68, -86701.55, -86608.25, -86489.16]","[-82741.71, -82694.73, -82679.21, -82719.96, -82752.664, -82705.74, -82680.555, -82711.11, -82753.02, -82720.25]","[-85843.69, -85784.38, -85933.78, -86019.234, -85887.74, -85788.586, -85914.79, -86029.43, -85922.14, -85794.555]","[-90702.04, -90646.72, -90759.93, -90836.69, -90738.85, -90647.12, -90737.82, -90835.99, -90759.08, -90650.72]","[-69543.14, -69762.74, -69329.48, -69014.836, -69459.19, -69798.484, -69449.75, -69034.97, -69371.34, -69800.61]","[-85845.54, -85793.17, -85780.07, -85828.24, -85865.21, -85818.766, -85791.0, -85827.21, -85867.0, -85830.586]"
Left,2025-10-28 18:44:25,"[-59295.625, -58245.85, -57843.008, -58815.44, -59309.035, -58385.348, -57732.836, -58596.64, -59303.203, -58567.137]","[-64530.715, -64052.656, -64212.67, -64697.84, -64611.785, -64115.957, -64144.41, -64663.91, -64695.47, -64207.645]","[-86578.055, -86715.54, -86657.87, -86511.35, -86552.98, -86705.48, -86679.08, -86523.445, -86536.81, -86685.07]","[-82695.375, -82716.68, -82766.38, -82743.9, -82694.8, -82713.14, -82768.555, -82760.555, -82717.91, -82715.78]","[-85890.805, -86033.516, -85964.25, -85808.37, -85857.38, -86021.984, -85989.64, -85825.71, -85847.1, -86007.39]","[-90723.3, -90842.54, -90800.586, -90672.984, -90699.94, -90835.63, -90822.85, -90690.98, -90699.04, -90823.945]","[-69559.3, -69076.44, -69282.875, -69780.41, -69650.3, -69135.734, -69207.57, -69742.67, -69735.92, -69222.15]","[-85797.4, -85825.58, -85876.61, -85848.695, -85799.2, -85820.87, -85876.32, -85865.1, -85818.05, -85826.12]"
Left,2025-10-28 18:44:25,"[-57706.215, -58375.74, -59255.055, -58747.203, -57733.15, -58159.953, -59150.406, -58881.87, -57798.57, -57958.43]","[-64089.0, -64589.902, -64734.07, -64288.02, -64043.27, -64505.86, -64760.18, -64386.08, -64041.19, -64430.758]","[-86700.43, -86546.16, -86520.49, -86671.37, -86728.59, -86594.28, -86532.48, -86665.47, -86750.516, -86632.79]","[-82766.63, -82769.805, -82720.48, -82714.22, -82762.945, -82787.71, -82738.07, -82719.56, -82757.36, -82795.98]","[-86016.64, -85848.42, -85824.91, -85986.85, -86042.664, -85892.836, -85829.02, -85972.9, -86057.86, -85926.92]","[-90841.49, -90708.19, -90676.71, -90804.21, -90859.82, -90746.164, -90682.97, -90792.43, -90870.15, -90776.266]","[-69152.54, -69696.3, -69815.18, -69332.01, -69119.664, -69617.91, -69850.56, -69425.164, -69096.1, -69524.03]","[-85881.64, -85883.586, -85831.39, -85826.72, -85883.49, -85908.125, -85860.766, -85848.086, -85897.22, -85936.0]"
Left,2025-10-28 18:44:25,"[-59045.934, -59059.723, -57931.81, -57792.312, -58827.625, -59085.34, -58068.0, -57665.062, -58663.562, -59177.516]","[-64784.43, -64485.52, -64048.03, -64322.13, -64756.47, -64567.73, -64087.57, -64237.395, -64728.91, -64654.074]","[-86526.98, -86641.375, -86760.22, -86661.36, -86540.92, -86612.01, -86744.46, -86690.81, -86546.336, -86597.07]","[-82746.25, -82719.83, -82756.69, -82795.11, -82765.875, -82725.234, -82738.76, -82788.36, -82769.31, -82731.67]","[-85815.88, -85940.58, -86065.125, -85953.836, -85827.21, -85906.85, -86047.17, -85980.79, -85826.43, -85884.586]","[-90674.81, -90766.7, -90875.89, -90795.05, -90689.875, -90744.17, -90857.38, -90816.01, -90690.88, -90731.79]","[-69870.234, -69520.516, -69087.7, -69412.805, -69847.414, -69607.555, -69120.516, -69316.25, -69821.555, -69698.71]","[-85887.67, -85858.51, -85901.17, -85940.266, -85905.96, -85861.63, -85884.9, -85936.445, -85910.54, -85867.984]"
Left,2025-10-28 18:44:25,"[-58254.86, -57583.996, -58421.023, -59143.41, -58441.23, -57568.395, -58209.465, -59105.836, -58623.934, -57610.95]","[-64152.434, -64164.305, -64675.195, -64715.676, -64233.438, -64104.49, -64607.36, -64764.94, -64323.695, -64072.15]","[-86749.87, -86722.734, -86582.08, -86581.41, -86731.81, -86752.51, -86606.28, -86569.086, -86713.93, -86773.586]","[-82742.734, -82786.55, -82785.74, -82736.14, -82734.516, -82786.62, -82800.63, -82749.69, -82738.914, -82788.336]","[-86046.86, -86010.54, -85858.51, -85863.76, -86025.25, -86042.17, -85884.61, -85850.75, -86008.89, -86069.46]","[-90861.766, -90841.02, -90720.63, -90715.02, -90844.58, -90870.91, -90749.02, -90712.19, -90834.695, -90892.41]","[-69171.66, -69227.734, -69767.305, -69778.21, -69264.1, -69170.18, -69702.484, -69826.23, -69342.4, -69116.49]","[-85886.4, -85934.88, -85929.76, -85878.484, -85882.086, -85937.14, -85945.3, -85891.805, -85883.41, -85935.69]"
Left,2025-10-28 18:44:25,"[-58007.27, -59031.83, -58803.28, -57689.652, -57792.805, -58864.01, -58908.223, -57801.41, -57626.953, -58680.348]","[-64529.62, -64799.027, -64435.633, -64073.2, -64445.465, -64812.414, -64536.504, -64101.16, -64365.65, -64810.76]","[-86641.98, -86570.05, -86701.12, -86798.484, -86677.85, -86571.48, -86680.445, -86803.914, -86712.23, -86583.77]","[-82818.016, -82768.6, -82754.18, -82798.28, -82831.2, -82785.34, -82759.28, -82794.82, -82838.83, -82808.19]","[-85924.77, -85854.59, -85999.7, -86100.28, -85967.516, -85858.93, -85980.01, -86109.56, -86006.54, -85872.5]","[-90781.97, -90715.07, -90829.04, -90919.01, -90817.93, -90720.61, -90811.67, -90924.46, -90850.766, -90737.71]","[-69611.49, -69860.664, -69445.53, -69098.54, -69518.98, -69885.32, -69558.945, -69125.85, -69436.7, -69883.42]","[-85961.55, -85909.266, -85892.7, -85943.734, -85978.35, -85931.055, -85902.875, -85945.12, -85990.05, -85955.35]"
Left,2025-10-28 18:44:25,"[-58987.17, -57975.977, -57541.035, -58523.82, -59052.324, -58176.76, -57482.25, -58332.176, -59103.98, -58406.652]","[-64638.363, -64154.133, -64286.547, -64781.188, -64720.01, -64222.375, -64211.8, -64725.332, -64778.195, -64290.613]","[-86658.805, -86798.22, -86742.25, -86596.625, -86637.82, -86783.375, -86768.445, -86607.49, -86607.84, -86760.375]","[-82771.664, -82791.06, -82840.055, -82821.484, -82782.75, -82789.81, -82838.29, -82830.42, -82780.266, -82778.92]","[-85957.45, -86105.89, -86041.03, -85889.1, -85940.49, -86096.08, -86074.984, -85905.33, -85911.586, -86076.55]","[-90797.19, -90919.38, -90877.68, -90752.555, -90784.72, -90910.16, -90903.25, -90767.28, -90760.71, -90892.01]","[-69662.19, -69171.766, -69354.31, -69864.445, -69757.96, -69240.695, -69281.625, -69823.3, -69834.09, -69313.66]","[-85914.07, -85939.555, -85989.87, -85967.76, -85926.164, -85940.086, -85993.95, -85982.914, -85927.305, -85926.03]"
Left,2025-10-28 18:44:25,"[-57508.0, -58117.555, -59032.41, -58588.996, -57580.016, -57955.86, -58961.2, -58750.8, -57652.95, -57753.98]","[-64145.527, -64634.203, -64793.594, -64364.465, -64106.098, -64559.64, -64836.58, -64479.33, -64114.01, -64474.836]","[-86781.68, -86629.7, -86584.89, -86732.34, -86796.65, -86674.63, -86600.85, -86722.06, -86813.484, -86696.695]","[-82826.65, -82833.89, -82776.29, -82766.41, -82817.77, -82854.74, -82811.516, -82791.555, -82831.3, -82862.37]","[-86093.11, -85928.51, -85886.11, -86045.72, -86109.78, -85974.625, -85901.58, -86033.72, -86127.77, -86000.7]","[-90917.84, -90790.484, -90743.21, -90866.68, -90930.25, -90831.945, -90762.92, -90865.36, -90950.63, -90851.46]","[-69208.13, -69729.42, -69861.27, -69382.43, -69148.43, -69640.26, -69902.22, -69493.27, -69141.97, -69555.09]","[-85976.945, -85982.04, -85921.31, -85913.266, -85968.43, -86001.89, -85953.5, -85926.836, -85969.88, -86004.1]"
Left,2025-10-28 18:44:25,"[-58833.637, -58925.055, -57808.766, -57613.008, -58678.96, -59002.727, -57989.523, -57500.555, -58463.938, -59025.055]","[-64844.51, -64572.87, -64119.867, -64372.11, -64820.684, -64654.188, -64168.66, -64288.332, -64786.49, -64737.625]","[-86582.9, -86685.74, -86815.9, -86722.4, -86589.61, -86666.07, -86812.25, -86765.78, -86613.39, -86648.57]","[-82816.164, -82784.805, -82824.08, -82865.9, -82832.39, -82799.734, -82821.84, -82873.83, -82850.63, -82805.3]","[-85886.336, -86001.51, -86139.53, -86034.26, -85895.72, -85981.26, -86135.625, -86079.164, -85914.72, -85957.01]","[-90748.95, -90831.586, -90951.91, -90879.0, -90763.664, -90823.2, -90950.945, -90918.54, -90784.16, -90809.88]","[-69922.85, -69601.19, -69151.914, -69458.09, -69914.71, -69699.47, -69206.164, -69373.58, -69884.695, -69781.68]","[-85953.43, -85919.52, -85961.7, -86003.74, -85966.734, -85929.805, -85958.87, -86011.81, -85985.87, -85936.78]"
Left,2025-10-28 18:44:25,"[-58149.562, -57436.406, -58231.324, -59014.82, -58349.81, -57423.508, -58024.547, -58952.145, -58510.16, -57463.004]","[-64241.016, -64220.16, -64731.098, -64792.477, -64315.223, -64157.17, -64653.004, -64829.535, -64402.438, -64128.027]","[-86797.91, -86782.52, -86634.22, -86621.17, -86780.36, -86810.98, -86657.76, -86613.01, -86758.54, -86824.48]","[-82815.586, -82860.46, -82860.4, -82799.51, -82804.984, -82860.89, -82870.3, -82817.86, -82809.26, -82857.11]","[-86117.38, -86095.03, -85936.35, -85928.914, -86101.36, -86128.23, -85962.71, -85920.77, -86078.69, -86143.4]","[-90940.555, -90932.95, -90807.09, -90785.766, -90923.14, -90956.36, -90825.89, -90781.03, -90905.28, -90967.15]","[-69258.195, -69283.5, -69816.26, -69844.84, -69333.21, -69212.96, -69743.43, -69894.484, -69420.85, -69173.11]","[-85952.6, -86004.75, -85999.41, -85938.1, -85939.59, -85996.99, -86007.12, -85948.695, -85937.36, -85991.03]"
Left,2025-10-28 18:44:25,"[-57779.17, -58788.55, -58631.754, -57515.555, -57585.715, -58654.04, -58738.195, -57652.457, -57455.83, -58500.15]","[-64568.96, -64857.742, -64512.098, -64135.984, -64497.434, -64874.64, -64609.863, -64164.1, -64409.816, -64858.547]","[-86703.36, -86620.12, -86741.914, -86850.74, -86738.516, -86629.51, -86733.24, -86856.664, -86769.625, -86640.34]","[-82893.59, -82845.086, -82817.57, -82862.01, -82903.13, -82860.76, -82827.56, -82860.266, -82906.664, -82877.92]","[-86007.52, -85922.43, -86055.67, -86166.445, -86038.88, -85926.38, -86040.96, -86170.47, -86072.234, -85937.79]","[-90868.23, -90788.9, -90886.77, -90984.695, -90894.58, -90794.484, -90875.914, -90987.18, -90921.484, -90806.89]","[-69655.164, -69929.96, -69534.805, -69173.664, -69580.4, -69956.49, -69645.11, -69204.16, -69496.29, -69951.375]","[-86024.65, -85973.21, -85946.57, -85996.28, -86035.1, -85990.23, -85956.49, -85993.69, -86036.4, -86001.625]"
Left,2025-10-28 18:44:25,"[-58833.902, -57838.38, -57325.832, -58262.93, -58860.414, -58023.05, -57292.395, -58078.816, -58857.664, -58204.098]","[-64697.617, -64207.22, -64316.52, -64818.965, -64780.676, -64283.527, -64252.414, -64763.105, -64835.414, -64365.0]","[-86708.72, -86843.45, -86807.984, -86650.41, -86676.69, -86826.516, -86823.875, -86673.16, -86667.55, -86817.55]","[-82836.44, -82848.33, -82911.695, -82892.61, -82842.92, -82849.516, -82903.54, -82902.44, -82851.63, -82852.87]","[-86015.5, -86159.16, -86116.24, -85951.51, -85987.05, -86149.59, -86142.375, -85981.77, -85982.16, -86145.66]","[-90858.52, -90975.94, -90957.07, -90823.23, -90839.7, -90968.914, -90974.26, -90844.58, -90830.984, -90960.555]","[-69745.42, -69244.68, -69398.37, -69917.016, -69832.234, -69309.766, -69323.17, -69861.96, -69897.234, -69390.92]","[-85960.83, -85979.984, -86039.42, -86014.01, -85962.95, -85976.12, -86033.74, -86028.65, -85973.88, -85975.516]"
Left,2025-10-28 18:44:25,"[-57278.445, -57856.285, -58787.746, -58358.527, -57313.492, -57631.895, -58655.582, -58520.2, -57419.754, -57458.555]","[-64197.652, -64689.3, -64877.703, -64454.25, -64167.387, -64604.434, -64906.137, -64566.836, -64183.348, -64528.3]","[-86849.49, -86701.79, -86656.17, -86801.91, -86864.84, -86739.86, -86661.36, -86781.92, -86887.76, -86777.48]","[-82904.09, -82920.48, -82873.25, -82861.11, -82898.75, -82932.17, -82889.48, -82861.56, -82903.58, -82945.24]","[-86174.94, -86016.71, -85973.51, -86131.125, -86193.58, -86056.36, -85976.08, -86108.445, -86218.44, -86095.81]","[-90996.7, -90874.8, -90833.375, -90955.51, -91014.76, -90913.484, -90837.06, -90929.734, -91028.734, -90941.13]","[-69259.805, -69787.82, -69951.91, -69483.62, -69224.47, -69699.336, -69987.086, -69600.49, -69227.13, -69616.72]","[-86028.78, -86042.26, -85990.49, -85978.71, -86025.18, -86055.6, -86009.555, -85983.38, -86027.7, -86065.055]"
Left,2025-10-28 18:44:25,"[-58537.25, -58645.344, -57563.61, -57309.54, -58332.285, -58715.863, -57737.484, -57204.418, -58142.97, -58749.37]","[-64915.59, -64662.992, -64204.895, -64431.94, -64891.832, -64749.965, -64261.69, -64356.105, -64855.977, -64820.527]","[-86664.58, -86763.17, -86884.45, -86809.1, -86674.27, -86729.125, -86876.734, -86840.35, -86687.51, -86711.13]","[-82905.305, -82876.625, -82900.54, -82949.05, -82921.98, -82874.34, -82895.555, -82951.73, -82933.47, -82881.81]","[-85979.02, -86087.56, -86215.44, -86128.58, -85985.98, -86050.234, -86207.51, -86161.37, -86000.39, -86033.02]","[-90840.91, -90921.06, -91027.08, -90969.74, -90851.82, -90893.234, -91023.57, -90999.02, -90866.59, -90878.51]","[-69997.7, -69693.73, -69240.38, -69515.29, -69979.47, -69792.875, -69293.805, -69437.195, -69958.1, -69878.414]","[-86019.37, -85987.12, -86017.2, -86064.19, -86030.88, -85980.57, -86005.734, -86063.875, -86042.37, -85988.26]"
Left,2025-10-28 18:44:25,"[-57918.98, -57158.33, -57925.305, -58739.312, -58119.32, -57166.508, -57702.168, -58637.945, -58268.695, -57233.7]","[-64325.527, -64281.85, -64796.008, -64886.934, -64419.875, -64235.473, -64718.492, -64918.9, -64510.04, -64216.094]","[-86864.29, -86867.46, -86717.1, -86705.66, -86863.305, -86902.33, -86760.086, -86705.45, -86837.555, -86908.43]","[-82889.836, -82950.27, -82954.27, -82904.836, -82905.77, -82959.234, -82978.21, -82925.266, -82907.336, -82955.8]","[-86198.02, -86196.28, -86035.98, -86029.875, -86200.53, -86237.1, -86083.92, -86031.91, -86177.4, -86250.195]","[-91010.41, -91023.234, -90898.6, -90882.55, -91016.8, -91057.56, -90940.82, -90889.28, -91000.055, -91070.195]","[-69356.99, -69361.95, -69909.484, -69963.58, -69457.734, -69308.555, -69830.695, -70002.734, -69549.4, -69283.125]","[-86001.0, -86061.97, -86062.69, -86009.516, -86011.66, -86065.75, -86082.516, -86026.34, -86009.53, -86061.52]"
Left,2025-10-28 18:44:25,"[-57541.703, -58572.39, -58451.2, -57352.99, -57368.86, -58429.293, -58581.395, -57484.17, -57202.004, -58229.02]","[-64638.316, -64939.082, -64606.62, -64215.42, -64546.875, -64939.125, -64699.83, -64232.7, -64450.85, -64916.37]","[-86778.68, -86698.414, -86820.88, -86925.64, -86817.125, -86704.0, -86795.22, -86932.22, -86858.03, -86726.266]","[-82985.19, -82945.516, -82924.21, -82960.71, -83001.7, -82965.164, -82930.695, -82962.79, -83016.03, -82996.27]","[-86109.445, -86029.805, -86165.055, -86274.875, -86156.43, -86040.13, -86143.625, -86289.375, -86204.89, -86066.64]","[-90964.05, -90891.05, -90990.445, -91083.586, -90996.164, -90895.875, -90968.76, -91091.875, -91036.76, -90922.49]","[-69748.484, -70032.8, -69649.65, -69272.75, -69650.0, -70039.73, -69753.11, -69292.195, -69562.67, -70041.85]","[-86088.93, -86039.375, -86015.59, -86060.25, -86097.51, -86055.6, -86020.375, -86059.07, -86112.8, -86085.914]"
Left,2025-10-28 18:44:25,"[-58623.688, -57643.695, -57068.094, -57976.87, -58614.188, -57801.03, -57019.055, -57763.188, -58580.258, -57981.832]","[-64782.598, -64291.04, -64368.465, -64874.395, -64859.4, -64363.324, -64304.582, -64817.062, -64915.12, -64452.195]","[-86788.05, -86936.016, -86899.02, -86743.48, -86762.945, -86914.29, -86921.64, -86775.84, -86754.83, -86905.52]","[-82956.87, -82975.51, -83032.22, -83017.76, -82967.62, -82973.37, -83033.24, -83043.08, -82989.68, -82985.234]","[-86139.64, -86298.9, -86255.445, -86092.93, -86120.24, -86283.61, -86287.21, -86131.35, -86115.59, -86278.695]","[-90971.4, -91102.984, -91082.6, -90952.18, -90960.02, -91091.05, -91107.74, -90985.77, -90959.42, -91086.47]","[-69861.85, -69355.945, -69475.52, -70000.01, -69942.43, -69421.03, -69406.164, -69949.875, -70017.33, -69521.28]","[-86044.07, -86070.0, -86125.79, -86106.67, -86051.625, -86059.78, -86119.95, -86124.914, -86063.516, -86060.81]"
Left,2025-10-28 18:44:25,"[-57030.32, -57549.64, -58470.4, -58097.234, -57042.97, -57313.023, -58348.246, -58237.45, -57127.797, -57109.02]","[-64262.496, -64741.78, -64946.39, -64542.496, -64242.758, -64658.055, -64964.207, -64633.78, -64236.7, -64564.062]","[-86947.125, -86810.734, -86763.51, -86899.875, -86971.71, -86849.47, -86757.78, -86881.63, -86990.04, -86883.016]","[-83036.375, -83058.68, -83013.555, -82995.89, -83035.234, -83067.94, -83021.914, -82997.73, -83033.83, -83074.7]","[-86317.05, -86166.805, -86119.82, -86267.5, -86339.516, -86202.99, -86108.914, -86243.36, -86353.46, -86233.63]","[-91127.93, -91011.23, -90963.15, -91074.91, -91138.164, -91034.836, -90952.47, -91053.25, -91144.87, -91059.69]","[-69370.07, -69886.4, -70068.83, -69625.75, -69353.664, -69812.3, -70108.234, -69726.984, -69343.67, -69716.19]","[-86117.43, -86133.05, -86081.64, -86063.25, -86110.07, -86138.51, -86088.1, -86066.84, -86107.8, -86146.4]"
Left,2025-10-28 18:44:25,"[-58172.562, -58333.83, -57252.52, -56933.38, -57942.72, -58357.855, -57404.777, -56829.957, -57730.758, -58386.49]","[-64966.375, -64733.938, -64264.684, -64466.543, -64936.957, -64812.637, -64319.223, -64388.133, -64892.703, -64885.906]","[-86764.69, -86859.52, -86986.17, -86914.914, -86774.66, -86823.67, -86961.14, -86935.37, -86781.03, -86800.81]","[-83034.984, -83003.67, -83027.234, -83076.65, -83054.164, -83011.164, -83023.81, -83084.32, -83069.68, -83022.05]","[-86111.52, -86215.84, -86350.04, -86268.164, -86120.49, -86178.13, -86325.97, -86292.914, -86128.85, -86156.836]","[-90953.54, -91028.62, -91142.37, -91089.88, -90973.09, -91012.98, -91135.7, -91122.9, -90990.4, -90999.23]","[-70113.195, -69827.34, -69366.94, -69621.64, -70097.4, -69924.52, -69418.17, -69533.69, -70051.91, -70000.414]","[-86105.2, -86071.38, -86103.73, -86153.95, -86124.11, -86073.91, -86087.54, -86146.22, -86129.19, -86077.08]"
Left,2025-10-28 18:44:25,"[-57591.01, -56757.875, -57458.87, -58290.49, -57726.598, -56755.348, -57248.34, -58209.62, -57870.03, -56786.26]","[-64396.74, -64322.71, -64830.25, -64939.684, -64479.305, -64271.594, -64747.863, -64967.29, -64566.566, -64247.14]","[-86957.61, -86972.336, -86818.84, -86792.72, -86937.85, -86981.836, -86836.51, -86779.33, -86916.26, -86990.6]","[-83033.516, -83089.01, -83090.17, -83032.57, -83021.11, -83067.87, -83084.984, -83034.48, -83017.93, -83059.84]","[-86325.63, -86334.195, -86167.625, -86143.83, -86300.96, -86343.42, -86186.25, -86130.68, -86279.88, -86355.72]","[-91135.1, -91151.95, -91017.24, -90985.59, -91108.28, -91151.42, -91029.38, -90973.055, -91087.61, -91156.13]","[-69486.57, -69458.23, -69995.92, -70072.65, -69579.04, -69408.18, -69916.19, -70113.33, -69670.55, -69378.49]","[-86090.914, -86151.2, -86148.48, -86090.02, -86081.84, -86133.81, -86151.086, -86099.01, -86082.71, -86128.71]"
Left,2025-10-28 18:44:25,"[-57046.055, -58090.418, -58011.605, -56887.87, -56845.895, -57905.77, -58085.613, -57020.508, -56674.926, -57690.23]","[-64660.87, -64984.793, -64671.777, -64260.082, -64571.305, -64980.14, -64754.59, -64284.78, -64473.137, -64948.83]","[-86858.234, -86773.65, -86895.625, -87003.25, -86895.07, -86780.11, -86866.32, -86991.11, -86924.62, -86782.055]","[-83087.16, -83045.94, -83027.766, -83061.9, -83100.3, -83064.72, -83029.04, -83051.125, -83104.08, -83079.96]","[-86210.92, -86125.63, -86260.945, -86374.27, -86254.42, -86134.93, -86233.41, -86366.266, -86289.67, -86139.47]","[-91045.65, -90968.49, -91070.57, -91168.32, -91080.97, -90979.11, -91051.35, -91164.85, -91117.69, -90993.57]","[-69834.2, -70140.805, -69777.43, -69386.41, -69747.92, -70148.4, -69870.68, -69395.84, -69626.336, -70111.63]","[-86152.92, -86108.42, -86088.93, -86131.195, -86165.95, -86126.75, -86090.74, -86117.23, -86164.86, -86137.7]"
Left,2025-10-28 18:44:25,"[-58132.64, -57163.535, -56557.2, -57446.664, -58116.01, -57329.387, -56514.062, -57232.133, -58066.234, -57490.92]","[-64837.473, -64341.152, -64396.94, -64904.547, -64910.492, -64423.582, -64349.086, -64865.188, -64979.203, -64520.746]","[-86843.26, -86993.52, -86965.5, -86812.99, -86832.77, -86990.11, -86994.89, -86846.85, -86829.445, -86976.13]","[-83044.84, -83059.35, -83112.77, -83100.08, -83055.08, -83062.75, -83116.52, -83127.14, -83075.82, -83063.484]","[-86209.25, -86368.836, -86332.805, -86169.08, -86194.32, -86361.914, -86359.01, -86197.555, -86183.55, -86341.34]","[-91040.914, -91169.28, -91150.88, -91018.38, -91029.4, -91164.875, -91175.38, -91051.15, -91025.58, -91145.48]","[-69950.766, -69438.42, -69540.68, -70064.72, -70029.13, -69519.734, -69490.81, -70026.38, -70104.125, -69611.67]","[-86098.12, -86120.83, -86177.87, -86158.58, -86108.914, -86120.89, -86177.53, -86182.47, -86127.17, -86119.73]"
Left,2025-10-28 18:44:25,"[-56485.785, -56953.832, -57932.414, -57618.17, -56521.617, -56732.01, -57777.227, -57716.293, -56604.652, -56525.215]","[-64302.75, -64780.543, -65013.895, -64621.934, -64290.21, -64691.715, -65023.594, -64712.348, -64295.797, -64597.95]","[-87025.49, -86876.336, -86817.91, -86954.08, -87035.63, -86906.805, -86817.73, -86930.47, -87039.86, -86946.48]","[-83113.664, -83131.836, -83081.68, -83060.67, -83100.01, -83131.19, -83088.68, -83061.81, -83094.87, -83140.69]","[-86387.88, -86225.19, -86168.766, -86315.64, -86396.82, -86254.8, -86163.31, -86287.81, -86401.36, -86294.164]","[-91195.63, -91073.055, -91015.99, -91126.586, -91201.086, -91095.25, -91013.98, -91109.625, -91206.766, -91128.76]","[-69428.25, -69938.516, -70150.57, -69719.78, -69415.555, -69862.19, -70178.24, -69820.3, -69422.64, -69770.766]","[-86176.86, -86193.31, -86138.664, -86122.03, -86167.02, -86196.484, -86150.87, -86121.36, -86156.97, -86197.29]"
Left,2025-10-28 18:44:25,"[-57556.95, -57748.324, -56691.58, -56305.92, -57298.383, -57761.98, -56798.844, -56169.645, -57041.695, -57730.375]","[-65008.215, -64794.51, -64326.4, -64503.066, -64983.383, -64880.92, -64379.55, -64425.46, -64938.836, -64954.37]","[-86831.92, -86908.37, -87036.484, -86976.85, -86826.89, -86872.67, -87016.17, -86985.63, -86833.11, -86846.25]","[-83109.59, -83065.945, -83088.36, -83144.71, -83116.64, -83069.27, -83079.266, -83130.45, -83122.83, -83075.42]","[-86173.77, -86260.45, -86396.96, -86326.73, -86168.03, -86221.56, -86374.09, -86334.195, -86172.03, -86192.4]","[-91028.555, -91089.59, -91206.875, -91165.77, -91033.29, -91066.125, -91192.305, -91173.68, -91042.88, -91047.28]","[-70177.44, -69914.516, -69442.336, -69662.74, -70148.83, -69997.375, -69477.85, -69568.33, -70100.14, -70078.11]","[-86158.46, -86117.56, -86141.97, -86193.22, -86159.02, -86107.44, -86119.73, -86174.94, -86165.57, -86116.555]"
Left,2025-10-28 18:44:25,"[-56971.066, -56122.21, -56797.527, -57652.613, -57112.598, -56110.793, -56565.805, -57544.05, -57251.043, -56149.504]","[-64469.652, -64371.39, -64870.125, -64998.492, -64550.14, -64320.406, -64787.246, -65031.953, -64650.05, -64314.395]","[-87004.37, -87018.16, -86863.28, -86829.016, -86975.805, -87014.38, -86874.77, -86811.984, -86945.47, -87029.94]","[-83083.984, -83136.82, -83135.73, -83079.336, -83069.72, -83110.2, -83133.0, -83089.414, -83073.86, -83114.83]","[-86361.84, -86370.02, -86203.125, -86172.66, -86331.266, -86368.57, -86216.76, -86155.516, -86301.67, -86387.64]","[-91183.09, -91201.22, -91068.09, -91030.41, -91155.98, -91197.266, -91081.484, -91025.89, -91141.56, -91216.71]","[-69569.13, -69513.97, -70043.28, -70139.98, -69649.53, -69454.336, -69956.18, -70179.805, -69754.586, -69441.28]","[-86126.99, -86182.76, -86180.57, -86123.4, -86119.664, -86166.35, -86183.39, -86135.266, -86119.234, -86166.29]"
Left,2025-10-28 18:44:25,"[-56328.273, -57379.05, -57340.562, -56221.008, -56107.504, -57171.137, -57447.47, -56413.59, -56012.62, -56985.1]","[-64712.03, -65054.953, -64752.758, -64327.09, -64612.074, -65038.457, -64843.016, -64367.547, -64534.383, -65021.582]","[-86906.33, -86815.41, -86935.66, -87049.23, -86952.445, -86825.84, -86900.63, -87037.16, -86982.195, -86846.63]","[-83147.46, -83106.22, -83084.41, -83116.28, -83155.28, -83119.12, -83079.336, -83104.28, -83159.086, -83145.78]","[-86254.195, -86164.99, -86299.28, -86418.125, -86309.79, -86176.63, -86259.0, -86402.1, -86334.35, -86186.805]","[-91114.516, -91031.52, -91128.195, -91229.336, -91152.85, -91041.336, -91099.43, -91220.13, -91178.84, -91062.33]","[-69880.31, -70209.42, -69856.375, -69441.664, -69774.03, -70201.94, -69954.97, -69470.766, -69680.31, -70174.51]","[-86196.4, -86151.47, -86127.62, -86164.21, -86204.734, -86165.375, -86118.79, -86146.87, -86199.93, -86180.03]"
Left,2025-10-28 18:44:25,"[-57451.316, -56509.457, -55856.63, -56720.258, -57432.516, -56703.293, -55827.594, -56495.598, -57360.992, -56854.367]","[-64937.406, -64443.387, -64473.34, -64986.6, -65013.984, -64529.418, -64414.53, -64919.168, -65065.906, -64622.895]","[-86894.46, -87043.26, -87011.92, -86862.03, -86864.49, -87019.68, -87035.8, -86881.74, -86858.48, -86996.72]","[-83109.086, -83123.164, -83170.75, -83164.516, -83110.266, -83110.445, -83164.31, -83169.88, -83127.39, -83109.125]","[-86240.92, -86398.14, -86358.22, -86198.07, -86207.305, -86373.53, -86384.11, -86216.78, -86197.4, -86344.74]","[-91099.01, -91227.84, -91207.836, -91077.8, -91070.195, -91201.51, -91223.44, -91089.39, -91064.23, -91178.8]","[-70044.266, -69530.625, -69608.25, -70141.79, -70130.81, -69615.56, -69538.49, -70073.55, -70185.22, -69706.77]","[-86137.3, -86155.2, -86206.79, -86196.016, -86142.375, -86148.07, -86205.2, -86207.35, -86160.09, -86151.76]"
Left,2025-10-28 18:44:25,"[-55859.56, -56293.36, -57276.883, -57006.83, -55901.668, -56067.652, -57130.21, -57149.03, -56047.223, -55913.74]","[-64381.9, -64843.33, -65094.137, -64719.832, -64374.926, -64761.43, -65109.938, -64820.082, -64391.664, -64667.754]","[-87045.31, -86915.49, -86855.73, -86989.46, -87076.97, -86950.836, -86854.41, -86958.61, -87081.305, -86987.71]","[-83149.0, -83175.78, -83131.26, -83111.99, -83152.53, -83181.62, -83138.41, -83104.75, -83139.484, -83184.836]","[-86388.93, -86243.24, -86181.305, -86325.34, -86413.07, -86271.92, -86171.09, -86286.32, -86413.14, -86307.555]","[-91223.88, -91115.43, -91056.984, -91166.305, -91247.375, -91142.63, -91054.7, -91137.96, -91247.42, -91173.234]","[-69501.9, -70002.31, -70228.06, -69798.8, -69472.06, -69899.09, -70233.83, -69894.62, -69469.94, -69789.766]","[-86202.03, -86228.67, -86184.86, -86169.04, -86219.26, -86248.66, -86204.445, -86172.99, -86218.3, -86263.63]"
Left,2025-10-28 18:44:25,"[-56968.605, -57230.926, -56181.96, -55766.44, -56747.594, -57273.215, -56364.773, -55688.32, -56535.81, -57253.234]","[-65098.94, -64910.516, -64425.773, -64572.56, -65061.434, -64989.64, -64494.305, -64507.605, -65018.97, -65057.926]","[-86864.29, -86946.99, -87078.125, -87014.266, -86873.2, -86913.016, -87067.78, -87050.92, -86901.19, -86908.92]","[-83153.32, -83120.77, -83137.58, -83183.47, -83166.46, -83119.7, -83135.01, -83188.25, -83178.71, -83130.41]","[-86179.81, -86273.11, -86413.164, -86340.79, -86191.88, -86239.6, -86403.73, -86376.73, -86214.92, -86226.8]","[-91064.625, -91131.8, -91247.8, -91201.29, -91080.836, -91108.62, -91245.45, -91236.13, -91102.56, -91100.88]","[-70216.69, -69976.2, -69490.32, -69683.89, -70176.92, -70054.55, -69539.36, -69600.9, -70134.12, -70131.91]","[-86228.42, -86191.21, -86214.79, -86258.445, -86234.91, -86186.336, -86204.35, -86259.2, -86248.01, -86198.9]"
Left,2025-10-28 18:44:25,"[-56533.15, -55655.934, -56299.844, -57185.953, -56703.895, -55696.188, -56094.07, -57082.62, -56844.02, -55758.035]","[-64578.594, -64456.664, -64959.89, -65110.496, -64675.355, -64423.45, -64877.77, -65142.75, -64777.12, -64424.59]","[-87058.55, -87083.13, -86934.83, -86897.86, -87040.89, -87094.42, -86966.305, -86902.06, -87028.51, -87117.69]","[-83129.85, -83181.99, -83192.79, -83142.03, -83132.664, -83174.44, -83204.55, -83163.29, -83141.49, -83176.516]","[-86387.81, -86407.06, -86245.99, -86211.055, -86365.734, -86418.7, -86277.484, -86213.336, -86352.19, -86443.85]","[-91228.76, -91253.39, -91128.04, -91091.695, -91211.34, -91262.93, -91158.04, -91096.59, -91200.17, -91281.46]","[-69618.305, -69537.1, -70071.78, -70192.836, -69715.74, -69502.46, -70000.57, -70245.055, -69835.12, -69507.82]","[-86202.52, -86259.38, -86266.914, -86213.72, -86203.62, -86253.19, -86282.3, -86239.22, -86216.71, -86262.18]"
Left,2025-10-28 18:44:25,"[-55902.25, -56977.3, -57010.27, -55901.152, -55734.61, -56787.824, -57085.395, -56056.254, -55629.043, -56599.58]","[-64803.117, -65162.844, -64882.98, -64451.055, -64720.234, -65157.703, -64977.348, -64496.094, -64635.344, -65125.473]","[-87003.09, -86902.58, -87014.65, -87138.7, -87052.04, -86921.76, -86991.67, -87130.43, -87073.21, -86932.055]","[-83213.4, -83173.32, -83150.14, -83187.27, -83233.805, -83200.945, -83158.44, -83180.45, -83229.72, -83213.33]","[-86316.78, -86211.39, -86335.71, -86465.17, -86366.9, -86230.305, -86309.63, -86459.5, -86393.49, -86245.95]","[-91188.32, -91097.71, -91191.34, -91302.56, -91233.25, -91118.984, -91174.58, -91298.875, -91252.56, -91131.39]","[-69928.08, -70278.89, -69954.766, -69532.08, -69852.016, -70296.51, -70065.25, -69571.46, -69756.51, -70255.65]","[-86298.38, -86251.36, -86226.81, -86269.664, -86318.8, -86283.88, -86239.555, -86264.81, -86311.95, -86290.25]"
Left,2025-10-28 18:44:25,"[-57127.594, -56239.223, -55548.867, -56361.914, -57121.47, -56432.68, -55536.64, -56165.395, -57082.98, -56611.09]","[-65058.777, -64562.992, -64562.297, -65072.12, -65119.01, -64634.137, -64494.64, -64990.715, -65156.766, -64728.797]","[-86971.29, -87120.84, -87108.26, -86955.375, -86944.87, -87096.055, -87120.8, -86972.56, -86937.336, -87092.7]","[-83164.2, -83175.67, -83231.59, -83226.43, -83164.85, -83161.01, -83211.72, -83223.164, -83175.625, -83174.24]","[-86294.01, -86453.22, -86433.37, -86269.4, -86263.48, -86425.945, -86445.51, -86284.33, -86251.29, -86419.664]","[-91158.1, -91289.84, -91286.58, -91155.195, -91135.88, -91266.51, -91294.85, -91170.28, -91134.08, -91267.25]","[-70140.76, -69622.8, -69670.34, -70204.77, -70215.93, -69697.97, -69597.61, -70127.39, -70263.89, -69793.3]","[-86242.84, -86258.266, -86316.36, -86309.02, -86246.69, -86244.2, -86301.336, -86310.164, -86256.21, -86254.89]"
Left,2025-10-28 18:44:25,"[-55573.613, -55958.754, -56967.734, -56746.004, -55653.184, -55770.375, -56836.91, -56889.75, -55774.82, -55602.668]","[-64467.438, -64919.816, -65196.33, -64834.008, -64468.555, -64837.695, -65203.816, -64929.113, -64485.566, -64739.39]","[-87149.875, -87015.38, -86943.91, -87068.96, -87153.41, -87036.086, -86934.36, -87038.945, -87161.74, -87069.52]","[-83217.53, -83247.484, -83206.41, -83183.94, -83213.96, -83254.016, -83219.21, -83189.484, -83222.41, -83263.086]","[-86474.67, -86327.71, -86258.04, -86396.664, -86485.984, -86358.02, -86256.14, -86373.17, -86500.984, -86396.22]","[-91320.42, -91210.766, -91147.15, -91249.7, -91326.836, -91233.85, -91145.01, -91230.12, -91339.266, -91264.23]","[-69564.98, -70053.02, -70302.2, -69892.74, -69549.15, -69963.016, -70321.875, -69995.625, -69561.89, -69867.84]","[-86303.04, -86324.875, -86276.44, -86251.0, -86289.11, -86325.945, -86283.63, -86250.15, -86287.61, -86330.016]"
Left,2025-10-28 18:44:25,"[-56669.562, -56971.242, -55965.55, -55497.414, -56451.164, -56996.613, -56107.414, -55397.926, -56225.836, -56989.484]","[-65181.13, -65008.06, -64532.863, -64664.582, -65154.64, -65089.195, -64591.47, -64583.668, -65095.97, -65154.53]","[-86941.05, -87021.31, -87160.05, -87123.234, -86969.945, -87006.16, -87161.01, -87143.15, -86984.67, -86980.47]","[-83231.016, -83196.63, -83218.14, -83276.695, -83249.63, -83198.47, -83210.43, -83263.06, -83255.445, -83206.65]","[-86259.875, -86349.46, -86495.17, -86445.87, -86282.25, -86325.79, -86490.5, -86464.82, -86294.81, -86297.13]","[-91148.11, -91210.9, -91334.66, -91307.62, -91169.28, -91192.86, -91325.02, -91317.23, -91183.74, -91175.36]","[-70313.47, -70095.16, -69614.64, -69791.84, -70299.39, -70191.945, -69675.234, -69709.125, -70242.37, -70263.65]","[-86296.06, -86260.48, -86289.89, -86346.95, -86322.305, -86273.664, -86290.766, -86342.13, -86332.516, -86279.66]"
Left,2025-10-28 18:44:25,"[-56311.58, -55373.9, -55979.79, -56894.62, -56440.816, -55398.688, -55744.56, -56759.73, -56574.86, -55452.89]","[-64682.33, -64532.883, -65031.64, -65205.023, -64777.68, -64505.86, -64949.074, -65232.27, -64883.426, -64512.633]","[-87134.86, -87166.91, -87011.34, -86981.164, -87127.01, -87191.27, -87063.4, -86988.01, -87117.98, -87221.36]","[-83210.27, -83269.1, -83274.76, -83227.93, -83214.85, -83262.305, -83294.02, -83249.766, -83230.72, -83273.66]","[-86464.86, -86492.51, -86324.92, -86297.42, -86454.89, -86518.375, -86375.39, -86297.6, -86439.83, -86545.42]","[-91310.25, -91345.32, -91211.34, -91177.37, -91295.79, -91356.97, -91252.27, -91183.92, -91291.766, -91385.016]","[-69758.945, -69647.39, -70173.125, -70310.45, -69843.63, -69605.91, -70088.63, -70354.06, -69957.164, -69604.92]","[-86282.96, -86340.45, -86343.914, -86293.07, -86286.48, -86337.055, -86366.78, -86316.07, -86296.266, -86342.305]"
Left,2025-10-28 18:44:25,"[-55531.59, -56614.668, -56680.87, -55566.145, -55354.633, -56385.137, -56719.453, -55733.113, -55249.758, -56194.184]","[-64871.176, -65247.78, -64981.46, -64530.426, -64778.24, -65218.3, -65050.953, -64564.6, -64678.574, -65166.89]","[-87095.65, -86986.664, -87093.77, -87220.11, -87127.08, -86991.94, -87051.53, -87187.96, -87145.25, -86995.42]","[-83302.516, -83262.305, -83232.914, -83260.94, -83299.27, -83263.87, -83217.58, -83229.445, -83285.98, -83270.44]","[-86405.63, -86292.734, -86411.35, -86542.805, -86437.59, -86296.22, -86364.88, -86509.39, -86456.52, -86297.56]","[-91278.94, -91180.88, -91268.54, -91379.45, -91305.02, -91187.0, -91231.44, -91348.61, -91321.65, -91195.03]","[-70006.05, -70372.39, -70057.52, -69616.836, -69906.805, -70346.75, -70136.82, -69641.24, -69797.1, -70300.305]","[-86369.71, -86324.49, -86297.41, -86333.88, -86372.7, -86332.766, -86286.25, -86306.03, -86361.15, -86337.52]"
Left,2025-10-28 18:44:25,"[-56773.7, -55924.38, -55181.137, -55961.637, -56737.69, -56084.773, -55145.867, -55741.695, -56669.76, -56249.28]","[-65124.086, -64633.6, -64608.88, -65116.13, -65187.79, -64719.902, -64554.34, -65047.355, -65230.258, -64815.05]","[-87023.52, -87178.305, -87173.234, -87019.836, -87010.29, -87166.39, -87197.33, -87050.39, -87010.36, -87158.39]","[-83224.305, -83238.14, -83298.05, -83299.3, -83249.766, -83252.734, -83303.07, -83314.945, -83267.2, -83260.54]","[-86334.17, -86500.2, -86488.89, -86326.15, -86324.31, -86496.086, -86526.086, -86368.17, -86334.086, -86495.77]","[-91214.61, -91348.79, -91354.87, -91229.516, -91215.7, -91352.27, -91385.375, -91257.44, -91215.26, -91342.21]","[-70212.62, -69699.984, -69720.48, -70252.16, -70286.805, -69782.98, -69659.59, -70187.85, -70343.31, -69883.16]","[-86288.734, -86302.86, -86360.59, -86358.49, -86308.42, -86310.86, -86366.0, -86375.91, -86324.72, -86319.51]"
Left,2025-10-28 18:44:25,"[-55182.59, -55519.363, -56551.145, -56391.484, -55290.883, -55325.395, -56407.42, -56521.773, -55430.63, -55183.64]","[-64532.37, -64966.977, -65255.67, -64910.406, -64531.92, -64879.87, -65263.316, -65008.953, -64558.344, -64793.1]","[-87229.6, -87089.055, -87009.125, -87133.18, -87237.72, -87132.4, -87014.36, -87114.12, -87243.59, -87162.69]","[-83308.84, -83327.7, -83279.914, -83256.805, -83295.99, -83341.19, -83295.54, -83260.13, -83292.75, -83344.02]","[-86567.57, -86413.164, -86331.914, -86466.96, -86574.48, -86455.97, -86333.88, -86443.54, -86578.74, -86485.02]","[-91408.95, -91286.2, -91211.86, -91313.0, -91406.92, -91321.96, -91214.43, -91291.32, -91407.59, -91347.13]","[-69630.42, -70104.28, -70375.67, -69984.19, -69626.625, -70019.55, -70396.57, -70092.055, -69647.586, -69933.87]","[-86373.266, -86387.055, -86334.89, -86312.58, -86359.97, -86404.65, -86360.01, -86325.9, -86361.734, -86407.24]"
Left,2025-10-28 18:44:25,"[-56221.633, -56570.367, -55572.07, -55078.117, -56012.266, -56592.402, -55735.01, -54985.38, -55798.27, -56578.48]","[-65242.35, -65085.688, -64595.2, -64699.336, -65193.47, -65150.688, -64655.953, -64624.504, -65135.82, -65209.227]","[-87023.52, -87090.71, -87227.73, -87175.734, -87027.48, -87055.17, -87207.86, -87196.7, -87039.39, -87039.64]","[-83307.09, -83265.14, -83277.82, -83325.76, -83316.17, -83272.81, -83281.95, -83334.99, -83332.31, -83286.16]","[-86339.18, -86415.6, -86560.15, -86499.8, -86344.055, -86380.375, -86543.984, -86526.89, -86359.23, -86365.69]","[-91224.64, -91274.82, -91393.734, -91359.05, -91236.555, -91259.516, -91393.445, -91391.61, -91258.98, -91252.625]","[-70387.34, -70184.39, -69686.81, -69835.14, -70335.87, -70253.164, -69740.75, -69752.42, -70288.26, -70324.6]","[-86366.94, -86322.21, -86340.875, -86387.86, -86367.37, -86319.62, -86330.91, -86383.21, -86377.69, -86326.26]"
Left,2025-10-28 18:44:25,"[-55926.008, -54977.156, -55544.777, -56495.957, -56092.73, -55031.74, -55337.062, -56368.125, -56216.805, -55112.785]","[-64743.996, -64579.688, -65071.27, -65263.54, -64847.305, -64563.15, -65000.594, -65291.902, -64947.508, -64564.043]","[-87191.85, -87230.19, -87081.97, -87036.375, -87179.07, -87252.11, -87124.57, -87038.875, -87162.17, -87262.125]","[-83283.92, -83338.414, -83352.805, -83300.68, -83286.18, -83336.02, -83370.58, -83316.26, -83291.766, -83326.41]","[-86531.25, -86566.12, -86404.22, -86361.086, -86516.9, -86590.125, -86450.31, -86361.71, -86494.59, -86596.266]","[-91382.516, -91422.57, -91294.13, -91245.66, -91362.555, -91434.484, -91332.24, -91247.98, -91347.086, -91436.47]","[-69821.086, -69691.445, -70218.164, -70381.82, -69923.7, -69667.51, -70142.1, -70424.375, -70037.09, -69671.8]","[-86327.734, -86387.88, -86399.17, -86344.25, -86332.3, -86385.36, -86416.16, -86362.914, -86338.125, -86378.48]"
Left,2025-10-28 18:44:25,"[-55141.375, -56199.46, -56310.906, -55225.887, -54957.22, -55986.27, -56339.67, -55338.36, -54810.145, -55735.414]","[-64903.945, -65284.996, -65033.07, -64580.605, -64806.246, -65264.055, -65122.836, -64632.887, -64726.004, -65224.984]","[-87150.73, -87038.01, -87129.89, -87256.45, -87181.17, -87041.984, -87113.84, -87249.07, -87201.195, -87051.664]","[-83364.09, -83323.15, -83288.055, -83313.266, -83364.14, -83333.36, -83302.23, -83316.016, -83367.445, -83357.73]","[-86472.125, -86355.45, -86457.4, -86589.54, -86503.53, -86356.836, -86437.46, -86580.555, -86524.25, -86366.16]","[-91345.63, -91247.29, -91322.21, -91432.625, -91375.63, -91254.305, -91314.45, -91432.875, -91402.67, -91278.086]","[-70056.0, -70430.414, -70136.11, -69690.75, -69965.37, -70427.8, -70230.836, -69727.92, -69863.26, -70374.04]","[-86413.3, -86366.05, -86329.73, -86359.74, -86406.28, -86368.93, -86329.836, -86351.16, -86397.695, -86380.77]"
Left,2025-10-28 18:44:25,"[-56349.285, -55522.0, -54769.664, -55524.28, -56324.34, -55701.71, -54755.67, -55296.562, -56231.69, -55832.47]","[-65198.273, -64710.805, -64672.36, -65180.1, -65267.207, -64805.574, -64627.633, -65110.184, -65308.42, -64898.09]","[-87076.12, -87230.74, -87232.195, -87085.234, -87071.914, -87228.375, -87268.01, -87128.15, -87083.6, -87227.17]","[-83308.04, -83317.58, -83375.29, -83380.61, -83327.91, -83328.24, -83379.23, -83397.17, -83348.9, -83335.1]","[-86397.74, -86564.71, -86559.88, -86402.7, -86393.6, -86562.96, -86600.76, -86449.28, -86404.67, -86560.51]","[-91291.875, -91427.17, -91436.72, -91311.59, -91290.72, -91422.77, -91459.336, -91340.78, -91293.6, -91413.875]","[-70300.95, -69788.12, -69792.36, -70326.43, -70381.375, -69883.53, -69743.836, -70261.836, -70434.836, -69984.695]","[-86329.27, -86343.54, -86404.445, -86408.85, -86353.93, -86355.65, -86412.9, -86429.66, -86379.57, -86370.516]"
Left,2025-10-28 18:44:25,"[-54760.344, -55055.945, -56112.668, -55996.305, -54895.305, -54911.777, -55970.58, -56115.934, -55028.34, -54744.227]","[-64606.2, -65033.652, -65340.766, -65010.25, -64616.188, -64940.914, -65328.004, -65089.688, -64626.605, -64837.85]","[-87299.79, -87166.234, -87079.4, -87203.74, -87305.555, -87197.93, -87084.01, -87174.28, -87301.87, -87224.98]","[-83380.81, -83408.125, -83359.87, -83339.016, -83370.484, -83404.44, -83367.78, -83334.766, -83360.83, -83408.17]","[-86632.92, -86484.84, -86397.47, -86533.1, -86638.516, -86519.336, -86400.06, -86500.266, -86635.0, -86546.83]","[-91480.37, -91364.7, -91285.04, -91388.016, -91477.734, -91388.59, -91286.516, -91359.734, -91473.555, -91415.664]","[-69724.836, -70193.59, -70485.0, -70102.086, -69723.27, -70097.64, -70484.98, -70195.12, -69733.69, -69998.65]","[-86425.44, -86450.53, -86397.96, -86374.25, -86416.96, -86450.734, -86407.64, -86371.48, -86399.82, -86444.34]"
Left,2025-10-28 18:44:25,"[-55759.38, -56146.664, -55165.69, -54612.53, -55543.08, -56179.074, -55362.453, -54583.094, -55346.676, -56161.375]","[-65296.754, -65165.438, -64673.52, -64756.42, -65258.914, -65242.773, -64758.793, -64701.953, -65209.56, -65307.17]","[-87088.07, -87146.3, -87281.125, -87244.695, -87091.445, -87115.56, -87276.34, -87272.99, -87118.45, -87109.15]","[-83381.91, -83341.164, -83353.19, -83408.125, -83392.08, -83345.66, -83359.984, -83406.74, -83408.71, -83364.25]","[-86403.4, -86470.25, -86615.18, -86568.58, -86402.88, -86433.01, -86605.766, -86597.45, -86433.1, -86428.586]","[-91300.195, -91344.56, -91465.234, -91443.02, -91307.86, -91320.6, -91460.48, -91463.31, -91334.1, -91318.99]","[-70463.586, -70280.836, -69774.63, -69901.82, -70420.16, -70357.5, -69846.63, -69834.38, -70373.28, -70438.55]","[-86410.99, -86365.64, -86380.125, -86433.39, -86415.11, -86363.74, -86382.72, -86439.83, -86435.984, -86386.61]"
Left,2025-10-28 18:44:25,"[-55555.844, -54594.293, -55110.1, -56069.35, -55706.74, -54634.84, -54908.87, -55957.055, -55868.97, -54746.664]","[-64850.793, -64664.87, -65145.008, -65353.664, -64949.387, -64640.73, -65057.836, -65370.895, -65043.934, -64642.184]","[-87260.3, -87301.6, -87162.44, -87107.766, -87247.82, -87321.02, -87192.97, -87107.09, -87225.76, -87339.33]","[-83360.14, -83410.5, -83433.61, -83381.15, -83364.09, -83403.55, -83431.17, -83386.67, -83359.02, -83402.43]","[-86591.64, -86629.86, -86477.875, -86424.56, -86577.56, -86650.36, -86508.43, -86423.18, -86552.93, -86669.76]","[-91445.836, -91486.0, -91369.375, -91313.94, -91429.23, -91493.984, -91386.29, -91307.19, -91402.34, -91506.34]","[-69942.9, -69791.266, -70304.305, -70485.266, -70037.09, -69755.88, -70218.9, -70521.34, -70147.53, -69762.56]","[-86386.836, -86440.55, -86457.64, -86406.73, -86396.24, -86442.17, -86468.95, -86421.88, -86393.09, -86438.47]"
Left,2025-10-28 18:44:25,"[-54709.246, -55760.94, -55916.668, -54842.285, -54542.414, -55574.906, -56019.64, -55068.26, -54480.7, -55403.582]","[-64964.785, -65364.12, -65130.547, -64666.08, -64870.664, -65338.484, -65217.965, -64727.008, -64797.19, -65300.89]","[-87236.84, -87120.08, -87206.27, -87330.03, -87251.95, -87116.62, -87169.81, -87323.59, -87293.98, -87131.19]","[-83447.4, -83411.055, -83371.25, -83395.86, -83440.85, -83415.91, -83371.76, -83393.8, -83452.83, -83435.24]","[-86554.65, -86433.44, -86528.81, -86659.52, -86571.1, -86428.63, -86490.34, -86654.05, -86614.69, -86440.766]","[-91427.22, -91325.2, -91394.3, -91508.51, -91447.42, -91329.81, -91369.59, -91507.08, -91489.625, -91351.65]","[-70135.08, -70535.18, -70250.1, -69782.17, -70035.1, -70510.234, -70341.766, -69831.68, -69950.164, -70473.87]","[-86481.89, -86443.27, -86404.06, -86429.164, -86472.28, -86443.85, -86398.92, -86421.88, -86479.88, -86454.83]"
Left,2025-10-28 18:44:25,"[-56045.68, -55250.85, -54449.566, -55167.055, -56006.855, -55426.67, -54467.582, -54985.223, -55961.703, -55623.3]","[-65289.38, -64802.715, -64735.055, -65245.434, -65359.676, -64902.582, -64704.254, -65186.785, -65406.145, -65011.21]","[-87149.25, -87299.164, -87309.58, -87162.305, -87138.74, -87286.49, -87327.62, -87188.45, -87141.85, -87282.31]","[-83391.766, -83398.25, -83455.36, -83465.59, -83413.42, -83407.55, -83456.766, -83479.56, -83432.2, -83420.24]","[-86466.695, -86628.01, -86634.375, -86477.38, -86459.21, -86620.32, -86659.66, -86510.055, -86465.76, -86618.086]","[-91366.42, -91497.76, -91512.6, -91388.1, -91360.34, -91489.086, -91531.086, -91413.9, -91366.65, -91485.29]","[-70413.92, -69897.98, -69874.82, -70412.89, -70493.695, -70001.73, -69839.19, -70352.54, -70546.29, -70111.055]","[-86401.9, -86410.88, -86467.21, -86472.15, -86418.15, -86415.69, -86469.984, -86490.32, -86443.31, -86433.28]"
Left,2025-10-28 18:44:25,"[-54545.297, -54779.008, -55833.07, -55763.668, -54657.39, -54620.824, -55679.38, -55854.19, -54784.438, -54452.74]","[-64696.32, -65099.926, -65417.23, -65093.42, -64684.027, -64994.76, -65395.57, -65174.58, -64712.68, -64905.645]","[-87364.23, -87233.65, -87138.7, -87251.53, -87356.97, -87252.9, -87132.29, -87223.414, -87355.69, -87287.72]","[-83460.61, -83485.266, -83433.83, -83399.37, -83429.83, -83468.63, -83432.29, -83401.13, -83426.79, -83480.7]","[-86699.94, -86555.79, -86457.71, -86581.41, -86690.88, -86573.875, -86448.91, -86552.37, -86691.71, -86612.81]","[-91558.086, -91447.96, -91356.836, -91446.484, -91541.91, -91459.805, -91354.58, -91428.516, -91544.05, -91494.2]","[-69821.06, -70264.2, -70570.29, -70200.99, -69809.88, -70169.836, -70565.04, -70293.305, -69836.17, -70078.734]","[-86481.13, -86507.71, -86455.695, -86422.375, -86456.99, -86492.4, -86449.06, -86415.71, -86447.49, -86496.67]"
Left,2025-10-28 18:44:25,"[-55469.004, -55924.535, -54956.86, -54360.65, -55250.76, -55895.766, -55109.14, -54296.055, -55006.996, -55843.688]","[-65375.902, -65263.137, -64766.39, -64822.34, -65322.996, -65317.7, -64829.938, -64749.965, -65255.715, -65376.305]","[-87140.195, -87188.63, -87340.13, -87300.57, -87151.89, -87163.96, -87311.93, -87323.64, -87183.6, -87161.39]","[-83453.234, -83404.73, -83424.04, -83472.164, -83461.81, -83412.4, -83412.59, -83466.82, -83478.555, -83429.43]","[-86455.9, -86513.37, -86674.48, -86627.13, -86469.336, -86489.2, -86648.8, -86655.5, -86505.66, -86487.414]","[-91367.0, -91403.44, -91536.23, -91509.41, -91381.17, -91387.55, -91514.14, -91529.32, -91409.38, -91382.11]","[-70553.75, -70390.18, -69878.28, -69975.266, -70494.12, -70447.445, -69926.49, -69892.38, -70432.516, -70520.85]","[-86462.74, -86411.15, -86433.66, -86481.65, -86465.42, -86408.6, -86412.984, -86469.445, -86478.5, -86429.08]"
Left,2025-10-28 18:44:25,"[-55277.832, -54279.914, -54774.336, -55770.62, -55456.29, -54362.504, -54574.51, -55613.35, -55558.66, -54465.746]","[-64928.285, -64716.28, -65190.9, -65421.836, -65034.992, -64711.7, -65113.984, -65440.027, -65132.65, -64726.652]","[-87314.27, -87358.91, -87212.39, -87149.61, -87293.734, -87379.45, -87252.65, -87163.78, -87279.36, -87383.23]","[-83423.375, -83471.12, -83488.836, -83436.984, -83426.81, -83468.9, -83500.125, -83457.414, -83430.5, -83458.17]","[-86652.055, -86694.305, -86533.664, -86471.37, -86625.305, -86711.11, -86570.23, -86477.805, -86605.055, -86712.85]","[-91510.3, -91555.85, -91432.78, -91371.56, -91491.45, -91568.88, -91465.28, -91380.86, -91472.03, -91564.55]","[-70032.77, -69856.29, -70366.76, -70572.414, -70136.98, -69841.83, -70287.586, -70601.09, -70244.516, -69851.19]","[-86427.76, -86480.87, -86494.59, -86439.23, -86427.29, -86479.39, -86507.6, -86459.43, -86432.79, -86469.83]"
Left,2025-10-28 18:44:25,"[-54399.766, -55484.76, -55687.07, -54617.65, -54265.766, -55279.13, -55746.836, -54800.934, -54185.68, -55066.184]","[-65028.58, -65443.582, -65229.633, -64755.664, -64937.742, -65416.45, -65311.91, -64818.63, -64864.137, -65371.746]","[-87280.234, -87154.164, -87249.37, -87374.24, -87307.14, -87167.6, -87219.44, -87367.65, -87340.2, -87193.51]","[-83500.04, -83464.01, -83436.31, -83456.83, -83510.45, -83493.195, -83449.945, -83464.25, -83518.234, -83510.5]","[-86597.9, -86467.48, -86574.32, -86706.375, -86629.53, -86482.164, -86541.4, -86697.09, -86658.164, -86499.125]","[-91483.7, -91373.484, -91451.49, -91564.7, -91519.77, -91400.4, -91436.83, -91565.59, -91548.41, -91419.8]","[-70192.39, -70600.31, -70333.09, -69859.62, -70091.23, -70583.14, -70432.47, -69923.27, -70015.61, -70539.13]","[-86509.34, -86466.516, -86433.125, -86458.65, -86510.91, -86490.5, -86445.73, -86467.48, -86523.516, -86513.414]"
Left,2025-10-28 18:44:25,"[-55748.76, -54985.203, -54151.594, -54852.7, -55702.69, -55158.676, -54172.45, -54635.016, -55613.062, -55309.37]","[-65384.688, -64899.965, -64807.117, -65311.844, -65438.62, -64989.91, -64764.246, -65230.215, -65471.145, -65084.457]","[-87210.07, -87366.625, -87378.71, -87230.56, -87206.96, -87350.93, -87393.0, -87252.6, -87198.36, -87329.3]","[-83459.984, -83463.914, -83515.82, -83521.74, -83469.55, -83458.64, -83501.65, -83525.38, -83482.24, -83460.45]","[-86518.73, -86683.95, -86688.89, -86525.59, -86505.14, -86660.305, -86701.586, -86548.44, -86495.28, -86638.67]","[-91424.16, -91557.35, -91572.44, -91442.71, -91411.91, -91532.0, -91576.7, -91461.305, -91407.7, -91513.83]","[-70508.664, -69994.58, -69945.47, -70478.76, -70568.01, -70081.8, -69889.91, -70385.8, -70596.555, -70166.51]","[-86467.3, -86479.55, -86536.836, -86539.14, -86486.07, -86482.34, -86533.62, -86552.52, -86504.47, -86487.1]"
Left,2025-10-28 18:44:25,"[-54232.215, -54435.906, -55504.055, -55480.496, -54371.58, -54272.227, -55315.85, -55559.484, -54516.484, -54128.504]","[-64749.45, -65147.066, -65485.047, -65187.766, -64771.266, -65064.477, -65482.34, -65283.68, -64808.727, -64973.258]","[-87407.86, -87279.805, -87183.29, -87300.93, -87422.14, -87333.766, -87216.414, -87293.11, -87431.71, -87373.17]","[-83494.23, -83523.33, -83478.54, -83456.5, -83491.3, -83538.016, -83506.41, -83468.56, -83493.016, -83544.25]","[-86718.555, -86576.89, -86477.36, -86606.375, -86730.94, -86628.88, -86505.43, -86592.086, -86738.41, -86668.445]","[-91587.01, -91479.01, -91392.28, -91490.516, -91595.86, -91525.5, -91421.32, -91482.336, -91606.1, -91561.734]","[-69855.75, -70292.234, -70614.234, -70262.28, -69857.516, -70201.87, -70622.125, -70372.055, -69891.83, -70107.21]","[-86531.76, -86562.07, -86511.06, -86485.85, -86531.83, -86583.22, -86550.56, -86513.03, -86539.83, -86590.62]"
Left,2025-10-28 18:44:25,"[-55140.637, -55636.44, -54709.227, -54051.613, -54917.43, -55631.86, -54904.355, -54041.938, -54712.734, -55584.07]","[-65456.793, -65365.484, -64873.793, -64902.113, -65410.01, -65436.723, -64960.137, -64856.426, -65358.11, -65495.105]","[-87233.43, -87279.41, -87431.35, -87410.586, -87259.555, -87263.914, -87417.984, -87442.62, -87292.52, -87264.92]","[-83523.46, -83480.32, -83497.94, -83553.77, -83548.18, -83498.336, -83503.305, -83565.93, -83570.4, -83521.45]","[-86519.71, -86574.23, -86735.43, -86706.195, -86543.48, -86552.88, -86719.54, -86741.53, -86579.37, -86555.32]","[-91440.07, -91474.72, -91609.54, -91599.88, -91468.414, -91465.375, -91600.89, -91631.516, -91501.11, -91470.76]","[-70600.445, -70462.24, -69948.69, -70022.45, -70556.414, -70547.96, -70037.13, -69970.28, -70506.39, -70613.836]","[-86567.945, -86521.52, -86539.79, -86596.6, -86585.38, -86531.54, -86539.47, -86605.43, -86612.14, -86559.164]"
Left,2025-10-28 18:44:25,"[-55064.84, -54072.246, -54506.63, -55485.12, -55226.58, -54118.938, -54266.035, -55310.734, -55331.652, -54227.723]","[-65056.832, -64821.29, -65280.1, -65529.438, -65155.582, -64807.273, -65187.88, -65531.36, -65240.85, -64818.473]","[-87409.875, -87454.58, -87320.13, -87267.6, -87394.0, -87482.76, -87358.59, -87256.85, -87352.336, -87484.125]","[-83512.914, -83551.805, -83577.69, -83539.6, -83516.71, -83559.49, -83592.33, -83548.695, -83508.71, -83551.2]","[-86710.555, -86753.65, -86607.24, -86554.445, -86692.625, -86783.71, -86648.39, -86547.01, -86655.52, -86793.81]","[-91592.62, -91636.945, -91524.23, -91473.484, -91578.3, -91663.01, -91562.83, -91473.375, -91548.38, -91666.0]","[-70137.96, -69937.805, -70430.28, -70654.94, -70237.38, -69911.72, -70336.29, -70674.2, -70338.93, -69924.91]","[-86552.62, -86601.21, -86625.125, -86583.125, -86561.87, -86607.51, -86636.73, -86589.2, -86551.07, -86597.03]"
Left,2025-10-28 18:44:25,"[-54095.895, -55164.707, -55423.32, -54377.86, -53955.01, -54953.598, -55470.684, -54553.277, -53867.168, -54724.758]","[-65098.426, -65529.28, -65340.52, -64864.562, -65016.24, -65496.223, -65413.05, -64915.08, -64926.88, -65439.56]","[-87394.09, -87263.11, -87347.31, -87476.26, -87420.625, -87267.24, -87310.25, -87464.25, -87443.89, -87289.53]","[-83598.79, -83564.55, -83526.93, -83542.87, -83594.14, -83562.42, -83516.53, -83530.86, -83585.11, -83578.31]","[-86692.914, -86557.33, -86651.5, -86788.13, -86720.37, -86557.555, -86608.625, -86772.4, -86743.41, -86577.43]","[-91593.58, -91479.79, -91546.94, -91662.07, -91617.79, -91477.95, -91509.54, -91645.39, -91635.4, -91501.85]","[-70252.625, -70681.625, -70434.46, -69945.914, -70144.375, -70640.92, -70510.48, -69995.805, -70054.03, -70585.445]","[-86644.57, -86607.0, -86567.86, -86590.68, -86643.72, -86612.32, -86561.13, -86576.82, -86631.09, -86620.99]"
Left,2025-10-28 18:44:25,"[-55451.19, -54728.402, -53842.2, -54488.812, -55370.277, -54879.68, -53891.82, -54320.33, -55328.08, -55084.13]","[-65478.43, -65003.254, -64883.0, -65380.73, -65527.87, -65094.023, -64852.69, -65310.457, -65569.67, -65197.74]","[-87300.91, -87459.83, -87477.28, -87321.83, -87284.86, -87426.81, -87477.93, -87353.12, -87292.21, -87424.266]","[-83536.2, -83542.57, -83597.71, -83604.555, -83552.36, -83545.164, -83584.84, -83616.87, -83575.27, -83555.734]","[-86595.76, -86766.55, -86779.195, -86612.41, -86579.64, -86735.38, -86786.62, -86649.89, -86589.01, -86732.836]","[-91506.766, -91642.13, -91666.76, -91533.37, -91494.72, -91617.164, -91667.055, -91563.01, -91504.484, -91615.8]","[-70583.055, -70079.31, -70001.87, -70526.62, -70640.5, -70168.72, -69961.81, -70457.52, -70695.7, -70279.09]","[-86571.5, -86577.76, -86634.87, -86633.91, -86576.305, -86569.445, -86620.695, -86651.3, -86609.03, -86589.56]"
Left,2025-10-28 18:44:25,"[-53991.555, -54137.4, -55182.41, -55203.848, -54110.957, -53941.04, -54985.27, -55268.777, -54243.793, -53801.586]","[-64840.49, -65213.965, -65562.92, -65281.6, -64851.977, -65118.926, -65545.95, -65362.758, -64884.297, -65023.707]","[-87508.555, -87392.57, -87297.04, -87394.74, -87513.695, -87428.805, -87294.516, -87370.11, -87500.77, -87450.414]","[-83585.98, -83619.35, -83578.266, -83541.34, -83569.69, -83618.79, -83581.086, -83542.55, -83560.586, -83619.266]","[-86818.89, -86689.14, -86591.016, -86699.69, -86822.06, -86724.52, -86583.44, -86668.94, -86808.836, -86749.04]","[-91690.21, -91593.83, -91505.78, -91584.98, -91691.484, -91627.11, -91509.54, -91569.53, -91685.36, -91653.64]","[-69947.125, -70364.9, -70704.96, -70374.18, -69949.78, -70262.664, -70697.25, -70465.35, -69981.73, -70164.96]","[-86627.875, -86661.02, -86619.2, -86583.305, -86617.81, -86663.66, -86622.87, -86579.98, -86602.484, -86654.79]"
Left,2025-10-28 18:44:25,"[-54753.324, -55299.47, -54423.95, -53744.324, -54567.516, -55292.426, -54587.14, -53696.625, -54332.598, -55238.74]","[-65506.1, -65434.375, -64944.938, -64950.594, -65459.766, -65510.93, -65040.043, -64912.24, -65410.234, -65569.54]","[-87299.48, -87326.21, -87480.46, -87464.27, -87318.34, -87323.664, -87476.79, -87502.41, -87358.28, -87319.055]","[-83597.67, -83541.74, -83556.34, -83612.11, -83616.29, -83572.73, -83571.3, -83622.234, -83637.12, -83583.836]","[-86589.41, -86624.27, -86789.43, -86766.88, -86609.945, -86621.305, -86785.9, -86805.86, -86649.31, -86612.336]","[-91523.71, -91538.46, -91671.63, -91665.64, -91542.82, -91542.93, -91670.43, -91698.164, -91576.86, -91533.26]","[-70654.94, -70537.12, -70024.87, -70071.516, -70602.01, -70615.17, -70112.35, -70025.78, -70557.73, -70690.81]","[-86628.74, -86572.71, -86588.06, -86644.21, -86641.93, -86595.93, -86600.336, -86657.53, -86671.33, -86617.414]"
Left,2025-10-28 18:44:25,"[-54782.895, -53746.133, -54124.39, -55156.82, -54951.34, -53829.73, -53946.023, -55020.293, -55087.797, -53984.535]","[-65140.94, -64880.098, -65324.473, -65595.82, -65238.91, -64876.562, -65245.01, -65606.21, -65338.484, -64902.918]","[-87465.195, -87528.47, -87389.87, -87311.125, -87443.96, -87541.99, -87423.95, -87316.125, -87422.91, -87550.94]","[-83573.266, -83624.02, -83651.2, -83598.45, -83577.69, -83622.88, -83659.27, -83610.14, -83583.234, -83620.65]","[-86770.43, -86833.445, -86682.39, -86603.29, -86748.1, -86849.984, -86718.53, -86607.49, -86724.836, -86857.11]","[-91656.32, -91719.71, -91608.65, -91532.586, -91643.41, -91734.04, -91634.016, -91534.1, -91622.234, -91737.82]","[-70224.195, -69996.08, -70483.14, -70740.21, -70333.54, -69990.35, -70406.07, -70761.29, -70445.55, -70020.234]","[-86611.11, -86664.82, -86687.87, -86633.88, -86612.984, -86660.64, -86695.13, -86648.44, -86618.016, -86659.7]"
Left,2025-10-28 18:44:25,"[-53812.742, -54843.918, -55168.484, -54172.047, -53703.934, -54656.363, -55203.355, -54336.332, -53619.4, -54431.15]","[-65159.65, -65592.516, -65428.207, -64948.133, -65068.92, -65557.8, -65502.21, -65007.723, -64994.87, -65508.605]","[-87459.18, -87335.53, -87395.68, -87535.6, -87487.37, -87342.66, -87372.88, -87520.375, -87509.94, -87355.0]","[-83665.64, -83638.75, -83593.914, -83613.31, -83666.47, -83650.87, -83601.875, -83608.98, -83663.07, -83658.336]","[-86752.664, -86623.78, -86694.73, -86843.73, -86786.39, -86633.22, -86671.62, -86830.695, -86812.3, -86645.016]","[-91666.76, -91560.03, -91604.6, -91728.99, -91695.414, -91571.38, -91590.38, -91719.0, -91716.78, -91582.97]","[-70324.42, -70756.1, -70540.9, -70050.125, -70218.23, -70716.445, -70609.07, -70097.1, -70131.39, -70664.414]","[-86702.22, -86668.086, -86621.64, -86645.555, -86699.71, -86676.87, -86624.23, -86637.75, -86695.195, -86689.14]"
Left,2025-10-28 18:44:25,"[-55205.523, -54522.43, -53607.977, -54202.152, -55120.562, -54694.473, -53651.496, -53998.55, -55015.176, -54827.285]","[-65573.85, -65099.145, -64947.82, -65434.71, -65602.62, -65178.043, -64906.785, -65345.348, -65620.66, -65265.418]","[-87348.92, -87506.5, -87529.61, -87378.375, -87329.27, -87467.0, -87538.53, -87403.08, -87324.96, -87446.305]","[-83607.98, -83608.664, -83653.17, -83664.46, -83607.08, -83590.41, -83639.71, -83663.63, -83613.07, -83585.6]","[-86645.22, -86815.02, -86834.38, -86672.16, -86625.98, -86774.99, -86846.05, -86696.625, -86617.234, -86749.84]","[-91570.74, -91704.695, -91730.76, -91605.65, -91554.18, -91672.39, -91739.336, -91621.5, -91546.375, -91644.97]","[-70686.34, -70182.49, -70072.766, -70592.555, -70733.46, -70269.305, -70029.89, -70506.7, -70760.68, -70358.98]","[-86630.6, -86633.375, -86682.68, -86688.58, -86627.56, -86611.984, -86666.03, -86688.695, -86635.97, -86612.92]"
Left,2025-10-28 18:44:25,"[-53731.0, -53790.59, -54837.613, -54965.71, -53890.547, -53639.918, -54667.36, -55013.363, -54006.887, -53524.45]","[-64891.203, -65246.24, -65623.805, -65368.035, -64923.57, -65154.484, -65596.05, -65435.76, -64949.453, -65066.688]","[-87540.23, -87444.96, -87333.695, -87420.625, -87553.19, -87478.38, -87340.805, -87405.086, -87544.9, -87498.23]","[-83617.12, -83665.62, -83627.47, -83585.78, -83619.8, -83665.53, -83631.734, -83588.22, -83610.74, -83664.86]","[-86846.83, -86738.72, -86623.78, -86722.53, -86862.03, -86775.44, -86631.336, -86705.26, -86853.78, -86795.04]","[-91728.56, -91652.63, -91552.766, -91621.97, -91740.32, -91679.86, -91559.09, -91608.445, -91734.4, -91700.53]","[-70005.84, -70409.266, -70781.41, -70475.36, -70030.27, -70308.15, -70759.12, -70552.72, -70056.54, -70215.48]","[-86655.45, -86700.43, -86659.88, -86616.164, -86652.17, -86697.9, -86662.23, -86615.78, -86639.79, -86692.16]"
Left,2025-10-28 18:44:25,"[-54475.54, -55048.414, -54191.984, -53450.31, -54246.32, -55020.25, -54373.992, -53458.934, -54041.2, -54960.84]","[-65563.27, -65519.715, -65029.918, -65006.184, -65517.254, -65589.766, -65126.434, -64970.73, -65458.445, -65639.83]","[-87352.72, -87384.57, -87539.47, -87535.65, -87379.79, -87374.22, -87522.1, -87554.89, -87405.555, -87362.71]","[-83649.93, -83608.31, -83622.81, -83682.945, -83680.93, -83631.805, -83630.125, -83682.516, -83692.89, -83648.72]","[-86639.97, -86680.445, -86845.266, -86835.12, -86670.43, -86669.805, -86829.64, -86858.25, -86694.82, -86654.36]","[-91575.48, -91598.41, -91734.13, -91741.73, -91608.67, -91596.76, -91723.67, -91758.29, -91631.71, -91591.37]","[-70722.33, -70631.16, -70119.75, -70140.6, -70675.52, -70713.81, -70223.08, -70100.59, -70617.01, -70771.7]","[-86674.63, -86627.78, -86645.484, -86707.16, -86699.625, -86645.78, -86644.28, -86700.02, -86710.95, -86660.77]"
Left,2025-10-28 18:44:25,"[-54543.22, -53515.105, -53841.71, -54847.85, -54691.97, -53586.027, -53614.703, -54685.31, -54788.797, -53687.773]","[-65223.977, -64949.05, -65382.766, -65672.555, -65332.34, -64954.19, -65297.426, -65676.24, -65422.348, -64974.31]","[-87498.61, -87561.195, -87439.24, -87363.49, -87480.68, -87588.04, -87483.52, -87367.336, -87459.78, -87591.125]","[-83633.414, -83671.79, -83707.484, -83667.81, -83638.98, -83681.71, -83725.86, -83680.7, -83643.89, -83675.9]","[-86803.67, -86864.16, -86728.81, -86651.97, -86780.85, -86890.82, -86773.85, -86653.65, -86756.75, -86894.555]","[-91704.85, -91761.0, -91661.93, -91593.875, -91690.12, -91789.72, -91703.11, -91595.39, -91671.39, -91789.05]","[-70312.266, -70062.68, -70531.086, -70801.81, -70413.94, -70053.41, -70444.63, -70823.78, -70517.9, -70069.836]","[-86645.58, -86691.22, -86719.875, -86674.74, -86647.01, -86694.75, -86739.7, -86690.46, -86652.93, -86692.9]"
Left,2025-10-28 18:44:25,"[-53453.996, -54504.15, -54872.883, -53876.176, -53347.4, -54274.305, -54850.11, -54022.086, -53295.523, -54091.69]","[-65210.7, -65660.95, -65513.387, -65027.035, -65125.72, -65621.86, -65583.234, -65092.863, -65056.676, -65566.32]","[-87507.17, -87374.51, -87442.53, -87586.09, -87543.94, -87397.71, -87423.22, -87561.08, -87555.27, -87404.22]","[-83719.95, -83686.05, -83646.445, -83666.76, -83719.35, -83703.77, -83656.19, -83654.76, -83707.555, -83708.734]","[-86798.125, -86658.97, -86737.42, -86890.22, -86838.805, -86682.99, -86716.81, -86865.3, -86852.555, -86690.99]","[-91717.68, -91596.78, -91647.56, -91774.67, -91744.7, -91617.74, -91633.01, -91750.984, -91753.6, -91626.82]","[-70354.555, -70817.61, -70625.12, -70127.37, -70273.17, -70782.09, -70698.27, -70186.76, -70191.12, -70721.68]","[-86737.22, -86701.766, -86661.16, -86682.59, -86733.71, -86717.1, -86663.44, -86665.24, -86721.125, -86718.42]"
Left,2025-10-28 18:44:25,"[-54872.395, -54225.2, -53290.047, -53854.965, -54780.348, -54365.14, -53309.492, -53616.582, -54660.117, -54526.68]","[-65643.23, -65177.797, -65004.28, -65486.92, -65679.125, -65271.766, -64984.457, -65407.105, -65700.41, -65363.027]","[-87397.53, -87545.68, -87576.62, -87430.21, -87389.89, -87532.83, -87600.04, -87462.11, -87373.33, -87496.305]","[-83662.65, -83659.38, -83706.59, -83721.39, -83677.82, -83668.414, -83712.6, -83738.06, -83685.266, -83659.516]","[-86689.54, -86848.35, -86874.5, -86715.42, -86676.31, -86831.766, -86900.586, -86753.05, -86664.125, -86797.5]","[-91613.9, -91740.7, -91772.84, -91651.05, -91611.84, -91730.87, -91795.51, -91685.6, -91604.06, -91704.336]","[-70756.44, -70254.016, -70122.27, -70638.6, -70801.81, -70352.85, -70095.65, -70566.0, -70848.91, -70466.16]","[-86666.92, -86667.52, -86718.16, -86725.8, -86676.29, -86667.68, -86715.96, -86740.664, -86685.74, -86660.91]"
Left,2025-10-28 18:44:25,"[-53421.496, -53427.465, -54500.906, -54629.25, -53557.105, -53294.85, -54301.91, -54677.04, -53704.47, -53176.344]","[-64980.723, -65318.594, -65706.53, -65462.09, -65012.15, -65231.8, -65683.484, -65547.41, -65063.78, -65153.95]","[-87603.8, -87502.14, -87381.22, -87481.04, -87603.44, -87529.92, -87398.07, -87458.06, -87598.7, -87558.87]","[-83700.625, -83742.46, -83696.375, -83668.19, -83693.02, -83740.79, -83715.35, -83674.695, -83688.75, -83743.07]","[-86906.98, -86792.31, -86668.734, -86780.07, -86908.74, -86823.66, -86685.05, -86754.23, -86903.38, -86853.83]","[-91804.56, -91721.26, -91609.43, -91690.68, -91799.086, -91742.42, -91625.39, -91671.03, -91791.555, -91766.14]","[-70100.234, -70483.19, -70867.28, -70571.99, -70129.29, -70395.26, -70848.1, -70659.32, -70164.54, -70299.766]","[-86706.87, -86749.375, -86703.83, -86671.57, -86704.984, -86750.41, -86717.64, -86672.555, -86694.93, -86749.31]"
Left,2025-10-28 18:44:25,"[-54114.043, -54723.375, -53886.3, -53098.156, -53874.297, -54700.016, -54091.824, -53126.79, -53666.516, -54622.59]","[-65656.39, -65626.11, -65135.26, -65082.74, -65592.85, -65684.67, -65224.83, -65037.094, -65519.87, -65725.51]","[-87406.66, -87433.56, -87587.68, -87589.2, -87430.1, -87417.07, -87567.586, -87607.59, -87464.88, -87417.49]","[-83730.77, -83681.734, -83690.516, -83746.31, -83740.56, -83689.65, -83682.56, -83732.79, -83752.34, -83704.266]","[-86693.23, -86727.9, -86892.67, -86887.53, -86716.55, -86707.54, -86869.38, -86905.62, -86748.73, -86702.75]","[-91638.016, -91654.53, -91789.945, -91794.75, -91654.24, -91634.87, -91761.87, -91802.15, -91683.08, -91635.23]","[-70810.305, -70733.17, -70217.086, -70210.54, -70748.055, -70803.82, -70308.69, -70156.27, -70675.39, -70858.45]","[-86732.34, -86680.76, -86691.04, -86750.38, -86744.17, -86687.35, -86682.836, -86736.5, -86753.76, -86703.18]"
Left,2025-10-28 18:44:25,"[-54246.14, -53183.54, -53466.58, -54511.21, -54417.645, -53299.703, -53287.32, -54374.977, -54545.164, -53484.15]","[-65318.594, -65013.715, -65429.68, -65734.38, -65410.39, -65015.01, -65340.676, -65742.875, -65509.32, -65052.54]","[-87554.06, -87619.15, -87487.9, -87396.57, -87516.086, -87627.65, -87522.93, -87400.84, -87492.51, -87622.17]","[-83688.15, -83725.92, -83755.05, -83705.25, -83682.67, -83726.82, -83768.39, -83726.64, -83690.85, -83719.22]","[-86851.1, -86916.86, -86773.56, -86682.57, -86815.02, -86931.79, -86815.56, -86688.086, -86790.21, -86928.52]","[-91748.46, -91813.03, -91706.44, -91623.53, -91725.62, -91830.89, -91748.66, -91640.9, -91712.05, -91829.1]","[-70409.85, -70137.38, -70597.76, -70887.195, -70515.35, -70136.555, -70513.72, -70907.71, -70621.43, -70163.65]","[-86688.02, -86730.805, -86753.02, -86699.11, -86672.33, -86718.555, -86761.47, -86717.1, -86679.414, -86711.54]"
Left,2025-10-28 18:44:25,"[-53181.906, -54184.92, -54602.9, -53647.918, -53084.656, -53993.79, -54639.668, -53833.46, -53033.87, -53771.434]","[-65258.2, -65716.99, -65597.05, -65112.867, -65184.39, -65689.695, -65682.99, -65194.94, -65128.58, -65634.58]","[-87558.69, -87423.75, -87478.58, -87631.04, -87599.28, -87458.71, -87484.19, -87638.69, -87637.7, -87486.27]","[-83774.49, -83751.67, -83708.53, -83726.93, -83779.81, -83774.984, -83732.766, -83737.55, -83787.17, -83791.46]","[-86854.68, -86713.59, -86777.83, -86941.086, -86901.414, -86751.63, -86783.8, -86948.266, -86940.95, -86777.02]","[-91780.35, -91663.41, -91705.36, -91836.59, -91812.54, -91692.35, -91708.05, -91840.57, -91845.195, -91717.5]","[-70414.79, -70881.09, -70715.76, -70222.74, -70344.96, -70867.95, -70821.52, -70305.31, -70282.11, -70817.28]","[-86765.85, -86738.09, -86694.234, -86718.484, -86774.63, -86771.44, -86728.66, -86738.2, -86794.305, -86793.52]"
Left,2025-10-28 18:44:25,"[-54611.547, -54037.332, -53058.84, -53585.312, -54555.734, -54192.676, -53120.707, -53389.98, -54455.957, -54371.758]","[-65739.61, -65285.914, -65086.492, -65564.04, -65774.57, -65371.855, -65061.996, -65474.562, -65792.83, -65473.445]","[-87459.54, -87606.45, -87651.27, -87503.7, -87450.734, -87589.4, -87658.336, -87526.91, -87434.93, -87553.59]","[-83733.7, -83724.984, -83780.414, -83796.42, -83745.51, -83731.336, -83769.22, -83795.26, -83751.25, -83728.805]","[-86754.34, -86914.4, -86957.2, -86796.79, -86744.69, -86895.78, -86965.586, -86821.15, -86728.34, -86859.46]","[-91687.91, -91816.336, -91864.84, -91738.29, -91686.97, -91804.875, -91870.38, -91761.0, -91680.266, -91778.21]","[-70886.61, -70391.57, -70224.58, -70737.484, -70924.86, -70480.82, -70195.9, -70654.445, -70959.39, -70584.555]","[-86731.45, -86723.05, -86777.85, -86789.48, -86732.08, -86717.88, -86763.055, -86790.08, -86740.77, -86715.445]"
Left,2025-10-28 18:44:25,"[-53254.395, -53221.113, -54277.523, -54444.133, -53380.57, -53058.06, -54053.38, -54488.77, -53540.004, -52945.45]","[-65065.57, -65373.285, -65767.234, -65542.445, -65085.62, -65284.504, -65746.25, -65634.734, -65146.594, -65205.36]","[-87657.375, -87545.73, -87427.664, -87518.63, -87655.36, -87590.41, -87460.3, -87508.625, -87657.35, -87626.33]","[-83761.125, -83795.84, -83757.91, -83723.69, -83753.87, -83807.734, -83784.375, -83737.055, -83751.25, -83807.06]","[-86970.68, -86848.125, -86726.04, -86828.484, -86971.78, -86896.48, -86760.016, -86816.164, -86973.37, -86932.73]","[-91872.71, -91784.06, -91679.945, -91751.97, -91871.26, -91823.31, -91708.67, -91742.195, -91869.89, -91851.92]","[-70188.79, -70540.984, -70930.0, -70653.28, -70199.07, -70446.64, -70918.664, -70757.69, -70252.41, -70358.84]","[-86751.63, -86781.19, -86734.58, -86697.86, -86733.46, -86789.27, -86764.98, -86717.234, -86734.734, -86791.805]"
Left,2025-10-28 18:44:25,"[-53838.266, -54501.266, -53708.246, -52885.367, -53608.492, -54442.793, -53892.023, -52942.99, -53456.7, -54441.832]","[-65709.46, -65711.625, -65224.758, -65143.867, -65644.66, -65755.14, -65301.426, -65090.65, -65559.34, -65787.24]","[-87479.01, -87492.375, -87646.266, -87648.52, -87488.46, -87467.49, -87598.79, -87633.79, -87491.63, -87441.27]","[-83798.19, -83746.04, -83749.62, -83802.59, -83802.61, -83754.04, -83735.49, -83775.39, -83799.08, -83759.14]","[-86775.98, -86795.71, -86959.95, -86957.47, -86787.4, -86771.91, -86916.52, -86949.2, -86795.266, -86744.88]","[-91725.28, -91725.945, -91857.96, -91870.27, -91735.445, -91712.67, -91822.305, -91859.08, -91742.87, -91694.99]","[-70881.54, -70841.28, -70325.09, -70291.875, -70828.37, -70904.695, -70413.23, -70234.08, -70740.27, -70943.41]","[-86779.53, -86724.68, -86732.99, -86787.33, -86783.24, -86730.0, -86715.6, -86757.11, -86771.91, -86727.0]"
Left,2025-10-28 18:44:25,"[-54114.89, -53007.652, -53238.1, -54304.57, -54239.95, -53124.105, -53064.18, -54137.133, -54367.4, -53318.05]","[-65396.555, -65076.367, -65488.867, -65825.04, -65521.145, -65115.863, -65424.695, -65840.46, -65632.34, -65169.082]","[-87582.67, -87671.945, -87539.94, -87459.09, -87586.14, -87699.125, -87603.95, -87484.55, -87569.266, -87708.07]","[-83743.336, -83793.78, -83823.87, -83788.375, -83770.625, -83803.59, -83850.22, -83819.49, -83783.34, -83813.32]","[-86897.93, -86986.17, -86838.36, -86754.45, -86892.38, -87009.77, -86902.11, -86779.914, -86876.18, -87023.55]","[-91814.35, -91896.38, -91786.27, -91712.16, -91816.43, -91916.766, -91840.88, -91735.984, -91803.51, -91928.27]","[-70510.3, -70215.39, -70665.33, -70985.03, -70629.48, -70237.695, -70594.74, -71011.25, -70754.875, -70289.69]","[-86716.14, -86768.664, -86794.8, -86751.86, -86733.42, -86776.24, -86819.36, -86782.57, -86746.23, -86782.08]"
Left,2025-10-28 18:44:25,"[-52951.19, -53958.92, -54415.5, -53462.71, -52840.06, -53737.887, -54438.277, -53681.535, -52831.855, -53527.445]","[-65350.152, -65821.15, -65717.59, -65225.742, -65268.234, -65777.164, -65790.15, -65304.11, -65208.176, -65708.01]","[-87650.16, -87505.984, -87558.445, -87704.31, -87675.79, -87526.55, -87542.016, -87691.21, -87704.516, -87551.07]","[-83870.49, -83844.75, -83803.71, -83817.79, -83865.78, -83857.35, -83809.34, -83806.44, -83860.64, -83863.766]","[-86955.59, -86804.63, -86865.516, -87020.73, -86981.79, -86819.02, -86837.96, -86996.55, -87002.84, -86835.97]","[-91885.38, -91758.23, -91797.72, -91923.94, -91902.86, -91772.51, -91776.33, -91902.016, -91922.0, -91790.88]","[-70517.66, -71005.01, -70857.06, -70347.086, -70436.41, -70966.19, -70937.33, -70419.484, -70363.18, -70896.85]","[-86842.2, -86816.26, -86771.33, -86789.21, -86844.95, -86838.805, -86791.24, -86796.67, -86855.125, -86857.56]"
Left,2025-10-28 18:44:25,"[-54390.11, -53872.53, -52838.004, -53285.64, -54273.367, -54002.35, -52928.617, -53118.094, -54164.266, -54124.75]","[-65832.46, -65384.285, -65148.34, -65605.81, -65838.516, -65461.49, -65138.66, -65530.22, -65861.07, -65556.39]","[-87517.43, -87659.63, -87714.17, -87554.664, -87488.39, -87622.33, -87715.94, -87598.5, -87502.68, -87615.87]","[-83809.164, -83794.61, -83846.555, -83856.26, -83803.71, -83785.89, -83832.766, -83871.766, -83824.48, -83790.52]","[-86805.39, -86959.77, -87012.63, -86838.47, -86772.06, -86918.914, -87014.54, -86883.6, -86784.984, -86908.586]","[-91755.055, -91873.76, -91929.84, -91795.42, -91732.72, -91843.32, -91930.36, -91834.42, -91743.16, -91831.94]","[-70991.06, -70499.88, -70290.89, -70783.7, -70990.55, -70563.25, -70255.53, -70691.68, -71013.64, -70656.48]","[-86802.89, -86792.43, -86843.86, -86853.05, -86796.09, -86782.03, -86834.96, -86869.05, -86822.65, -86792.625]"
Left,2025-10-28 18:44:25,"[-53009.105, -52927.5, -53976.625, -54215.004, -53180.523, -52807.785, -53804.72, -54298.555, -53389.51, -52757.426]","[-65140.293, -65430.82, -65841.35, -65642.89, -65182.805, -65355.184, -65827.38, -65736.39, -65247.74, -65275.207]","[-87730.016, -87630.484, -87510.25, -87589.58, -87731.734, -87673.04, -87531.484, -87578.83, -87725.66, -87705.81]","[-83823.83, -83863.79, -83829.15, -83791.21, -83818.84, -83870.23, -83846.29, -83803.82, -83814.95, -83868.484]","[-87028.33, -86916.46, -86788.875, -86876.67, -87025.06, -86955.35, -86804.45, -86861.13, -87018.6, -86991.18]","[-91931.65, -91850.38, -91743.67, -91805.79, -91931.32, -91885.43, -91759.12, -91796.58, -91925.73, -91913.93]","[-70252.02, -70590.41, -70999.0, -70753.69, -70289.555, -70503.99, -70984.516, -70847.586, -70343.445, -70420.71]","[-86831.74, -86871.42, -86831.52, -86791.65, -86825.17, -86879.17, -86853.625, -86807.2, -86826.23, -86882.51]"
Left,2025-10-28 18:44:25,"[-53635.516, -54346.055, -53594.098, -52732.06, -53411.01, -54274.035, -53748.613, -52733.062, -53149.855, -54140.977]","[-65782.125, -65806.82, -65332.113, -65230.08, -65725.93, -65857.72, -65413.92, -65184.305, -65646.31, -65895.29]","[-87551.96, -87563.72, -87725.99, -87741.52, -87585.78, -87556.32, -87700.18, -87755.38, -87619.195, -87552.34]","[-83861.94, -83818.15, -83830.086, -83882.836, -83883.8, -83835.76, -83827.516, -83878.03, -83903.51, -83855.01]","[-86827.5, -86846.74, -87022.2, -87032.15, -86864.4, -86839.01, -86996.79, -87051.71, -86903.67, -86838.336]","[-91783.33, -91789.49, -91930.11, -91948.39, -91817.32, -91786.81, -91909.61, -91967.17, -91852.195, -91786.27]","[-70947.88, -70928.055, -70420.4, -70359.65, -70887.53, -70991.87, -70513.05, -70309.47, -70805.9, -71033.15]","[-86869.14, -86821.46, -86837.625, -86894.44, -86894.71, -86842.63, -86835.86, -86886.7, -86909.06, -86857.6]"
Left,2025-10-28 18:44:25,"[-53882.367, -52798.33, -52976.027, -54009.37, -53998.06, -52890.195, -52768.51, -53826.53, -54083.31, -53066.348]","[-65523.402, -65184.08, -65570.66, -65908.12, -65621.164, -65200.934, -65484.375, -65910.016, -65718.555, -65247.355]","[-87682.63, -87768.75, -87654.35, -87562.805, -87669.445, -87788.0, -87694.48, -87572.15, -87653.84, -87788.22]","[-83837.125, -83878.2, -83916.766, -83881.47, -83856.39, -83891.51, -83935.72, -83905.66, -83866.74, -83886.99]","[-86982.125, -87071.51, -86945.49, -86853.31, -86972.36, -87097.04, -86992.48, -86866.34, -86959.555, -87103.05]","[-91894.88, -91973.56, -91880.11, -91799.15, -91888.516, -91997.5, -91923.586, -91815.914, -91877.96, -91996.23]","[-70616.23, -70296.7, -70722.195, -71048.125, -70709.19, -70296.75, -70624.18, -71050.66, -70811.4, -70339.4]","[-86838.766, -86885.055, -86924.08, -86884.47, -86855.34, -86894.71, -86941.23, -86907.92, -86871.75, -86896.81]"
Left,2025-10-28 18:44:25,"[-52667.55, -53653.44, -54164.56, -53259.805, -52617.39, -53489.98, -54230.605, -53518.1, -52639.05, -53279.07]","[-65395.953, -65868.89, -65783.734, -65291.68, -65315.73, -65824.3, -65865.2, -65396.285, -65268.68, -65758.05]","[-87730.62, -87587.91, -87626.26, -87774.984, -87751.54, -87603.51, -87619.445, -87778.3, -87793.766, -87641.8]","[-83934.51, -83912.23, -83863.88, -83873.266, -83925.46, -83919.0, -83882.07, -83896.266, -83940.66, -83947.38]","[-87034.85, -86882.88, -86927.74, -87086.29, -87054.88, -86894.84, -86917.484, -87089.016, -87099.63, -86936.016]","[-91951.3, -91826.76, -91852.125, -91981.2, -91970.21, -91839.336, -91849.87, -91991.96, -92008.97, -91879.8]","[-70538.57, -71026.13, -70893.05, -70372.34, -70431.375, -70965.42, -70972.4, -70468.75, -70384.44, -70902.55]","[-86943.68, -86918.23, -86865.14, -86876.25, -86926.05, -86917.51, -86874.97, -86884.78, -86932.75, -86934.586]"
Left,2025-10-28 18:44:25,"[-54157.918, -53672.93, -52660.71, -53078.844, -54090.598, -53871.93, -52780.67, -52920.527, -53981.562, -54005.77]","[-65904.25, -65473.266, -65228.67, -65681.23, -65934.41, -65567.79, -65212.266, -65585.07, -65935.66, -65652.73]","[-87607.375, -87750.11, -87804.516, -87667.5, -87594.27, -87721.81, -87818.305, -87699.69, -87600.89, -87704.87]","[-83898.1, -83889.31, -83936.34, -83964.93, -83914.88, -83893.54, -83934.664, -83969.71, -83925.5, -83890.055]","[-86905.57, -87063.24, -87118.07, -86969.25, -86897.055, -87037.89, -87135.52, -87001.375, -86897.44, -87011.72]","[-91844.08, -91966.74, -92021.35, -91910.195, -91841.555, -91947.25, -92034.67, -91937.51, -91844.73, -91927.2]","[-71018.16, -70548.68, -70334.32, -70824.836, -71061.76, -70647.516, -70316.11, -70738.06, -71086.57, -70758.47]","[-86880.76, -86874.08, -86921.04, -86944.195, -86891.65, -86867.98, -86916.28, -86951.33, -86905.62, -86872.47]"
Left,2025-10-28 18:44:25,"[-52910.09, -52758.254, -53813.08, -54094.26, -53046.746, -52608.9, -53586.92, -54122.535, -53231.082, -52522.31]","[-65226.39, -65496.51, -65924.86, -65745.17, -65263.406, -65404.355, -65889.92, -65824.08, -65332.047, -65336.16]","[-87825.055, -87736.055, -87609.63, -87684.58, -87822.1, -87761.625, -87618.5, -87652.3, -87807.53, -87797.516]","[-83921.57, -83967.125, -83929.99, -83891.26, -83911.445, -83962.36, -83945.87, -83898.93, -83912.05, -83970.14]","[-87137.05, -87036.04, -86902.17, -86986.44, -87131.66, -87061.54, -86911.27, -86954.79, -87121.375, -87103.63]","[-92035.79, -91966.01, -91850.78, -91908.766, -92029.77, -91986.19, -91864.62, -91888.78, -92025.57, -92022.87]","[-70336.38, -70655.74, -71090.98, -70861.6, -70372.1, -70563.38, -71062.52, -70948.93, -70440.49, -70489.22]","[-86911.79, -86956.805, -86919.23, -86879.445, -86906.016, -86955.33, -86931.34, -86882.37, -86899.086, -86956.65]"
Left,2025-10-28 18:44:25,"[-53349.145, -54098.754, -53391.945, -52491.484, -53114.832, -54009.125, -53530.125, -52487.797, -52854.992, -53876.22]","[-65847.03, -65896.38, -65425.457, -65294.004, -65784.67, -65936.06, -65507.49, -65253.93, -65699.69, -65967.53]","[-87637.77, -87638.195, -87796.13, -87821.21, -87670.96, -87632.336, -87780.8, -87844.19, -87707.04, -87627.734]","[-83962.07, -83913.39, -83921.66, -83973.02, -83979.7, -83923.05, -83913.19, -83960.234, -83987.1, -83935.65]","[-86932.8, -86938.01, -87107.3, -87125.85, -86962.63, -86926.31, -87084.72, -87145.875, -86995.336, -86915.49]","[-91885.12, -91882.26, -92022.02, -92045.49, -91916.52, -91875.15, -91996.67, -92055.68, -91942.13, -91866.67]","[-71019.41, -71029.195, -70525.37, -70431.375, -70951.39, -71078.75, -70610.59, -70388.64, -70875.08, -71125.016]","[-86943.97, -86890.95, -86898.89, -86957.25, -86963.22, -86906.47, -86899.13, -86950.234, -86970.39, -86912.59]"
Left,2025-10-28 18:44:25,"[-53667.14, -52571.1, -52684.426, -53751.273, -53781.246, -52686.527, -52510.19, -53546.105, -53837.33, -52817.22]","[-65607.4, -65249.637, -65615.53, -65969.61, -65691.76, -65258.13, -65516.785, -65950.055, -65781.34, -65302.88]","[-87754.38, -87845.46, -87733.55, -87624.36, -87730.82, -87849.086, -87762.875, -87633.19, -87708.445, -87842.6]","[-83912.67, -83950.13, -83990.91, -83942.18, -83914.77, -83942.06, -83991.1, -83957.71, -83921.99, -83939.27]","[-87054.39, -87147.53, -87024.46, -86910.71, -87029.29, -87152.96, -87056.89, -86921.734, -87006.65, -87150.234]","[-91972.555, -92055.484, -91966.45, -91863.93, -91952.64, -92057.96, -91991.016, -91876.24, -91935.63, -92053.695]","[-70715.195, -70371.72, -70781.96, -71132.33, -70801.81, -70377.414, -70681.984, -71116.27, -70891.33, -70406.695]","[-86885.34, -86927.586, -86964.984, -86915.336, -86886.08, -86922.41, -86966.48, -86929.58, -86889.66, -86912.766]"
Left,2025-10-28 18:44:25,"[-52368.035, -53344.316, -53897.008, -53012.168, -52286.316, -53106.336, -53863.547, -53186.824, -52271.41, -52889.906]","[-65433.277, -65919.66, -65856.35, -65367.97, -65358.914, -65863.91, -65919.27, -65452.5, -65309.496, -65807.89]","[-87788.58, -87640.43, -87672.055, -87828.85, -87815.65, -87656.164, -87653.06, -87807.24, -87840.63, -87688.46]","[-83988.445, -83971.57, -83923.83, -83939.766, -83994.64, -83988.336, -83938.04, -83934.805, -83992.96, -84006.88]","[-87087.805, -86931.836, -86970.44, -87137.875, -87115.56, -86943.97, -86946.695, -87111.164, -87140.96, -86976.586]","[-92014.625, -91888.58, -91908.65, -92047.836, -92043.91, -91907.336, -91897.945, -92026.805, -92063.88, -91937.69]","[-70588.06, -71093.99, -70986.15, -70469.1, -70502.12, -71034.984, -71052.89, -70546.58, -70441.01, -70969.29]","[-86963.46, -86941.83, -86889.19, -86907.02, -86962.08, -86951.77, -86897.26, -86899.2, -86959.69, -86967.42]"
Left,2025-10-28 18:44:25,"[-53779.773, -53330.523, -52326.418, -52699.51, -53723.133, -53548.902, -52443.875, -52530.11, -53594.746, -53678.07]","[-65973.45, -65544.75, -65285.445, -65725.125, -66000.03, -65650.56, -65283.613, -65642.76, -66010.625, -65749.83]","[-87657.53, -87789.72, -87848.97, -87721.86, -87643.56, -87767.836, -87869.89, -87756.164, -87650.625, -87752.55]","[-83962.36, -83940.414, -83981.984, -84010.28, -83961.47, -83938.87, -83983.53, -84024.32, -83986.945, -83955.39]","[-86948.84, -87094.086, -87152.38, -87010.87, -86931.14, -87068.96, -87174.22, -87048.266, -86939.57, -87052.086]","[-91907.67, -92018.6, -92072.555, -91963.21, -91888.87, -91991.8, -92085.63, -91995.17, -91901.63, -91981.54]","[-71105.08, -70643.23, -70413.67, -70894.414, -71150.61, -70746.914, -70396.195, -70802.86, -71165.14, -70859.37]","[-86917.69, -86902.94, -86951.93, -86976.92, -86923.66, -86900.055, -86947.46, -86984.164, -86941.38, -86910.445]"
Left,2025-10-28 18:44:25,"[-52571.01, -52372.91, -53420.668, -53767.098, -52778.37, -52283.992, -53232.78, -53795.484, -52947.305, -52222.215]","[-65313.004, -65563.945, -66001.33, -65845.805, -65370.18, -65481.65, -65972.625, -65926.05, -65440.5, -65418.08]","[-87886.61, -87797.23, -87666.914, -87738.445, -87880.94, -87840.27, -87691.08, -87725.5, -87869.78, -87863.75]","[-83994.01, -84037.69, -84002.195, -83965.76, -83986.88, -84044.26, -84025.82, -83982.99, -83988.13, -84044.55]","[-87191.805, -87090.42, -86953.516, -87035.055, -87187.09, -87137.07, -86978.39, -87021.664, -87176.43, -87163.22]","[-92103.41, -92031.61, -91913.91, -91968.64, -92094.87, -92069.09, -91938.94, -91966.12, -92090.35, -92092.63]","[-70426.55, -70722.484, -71163.06, -70955.19, -70469.51, -70629.7, -71134.25, -71040.26, -70533.19, -70550.4]","[-86955.17, -87000.766, -86965.2, -86925.13, -86949.36, -87005.04, -86983.47, -86937.58, -86947.7, -87003.02]"
Left,2025-10-28 18:44:25,"[-53006.78, -53770.16, -53120.418, -52207.46, -52811.94, -53719.645, -53312.598, -52254.49, -52591.375, -53631.582]","[-65923.9, -65988.27, -65521.57, -65369.957, -65861.16, -66033.445, -65616.67, -65343.984, -65778.55, -66061.68]","[-87715.76, -87703.555, -87847.9, -87877.96, -87734.016, -87695.55, -87826.89, -87905.03, -87766.31, -87687.305]","[-84046.25, -83990.19, -83981.516, -84033.75, -84049.87, -84004.31, -83980.13, -84033.375, -84057.086, -84008.18]","[-87003.96, -86997.484, -87154.19, -87180.66, -87024.55, -86988.19, -87131.164, -87208.69, -87056.336, -86976.94]","[-91965.6, -91947.01, -92070.88, -92104.14, -91983.266, -91947.01, -92051.55, -92123.945, -92007.336, -91933.75]","[-71079.305, -71112.945, -70613.01, -70493.49, -71016.766, -71162.61, -70707.125, -70458.89, -70932.55, -71195.875]","[-86998.58, -86943.055, -86935.55, -86989.44, -87002.42, -86951.28, -86932.28, -86987.47, -87008.63, -86959.51]"
Left,2025-10-28 18:44:25,"[-53471.99, -52374.766, -52407.71, -53477.4, -53591.258, -52508.426, -52272.082, -53320.062, -53711.71, -52712.05]","[-65719.25, -65346.957, -65690.8, -66066.44, -65813.77, -65368.08, -65596.65, -66044.8, -65896.9, -65412.582]","[-87808.56, -87909.19, -87811.16, -87692.53, -87788.84, -87912.14, -87832.56, -87694.766, -87758.875, -87912.79]","[-83986.26, -84025.125, -84074.836, -84033.375, -83998.664, -84024.7, -84070.586, -84039.63, -83997.12, -84024.01]","[-87111.34, -87214.516, -87103.56, -86981.45, -87089.08, -87219.66, -87128.93, -86985.055, -87058.86, -87221.67]","[-92036.484, -92128.484, -92051.125, -91946.336, -92024.21, -92132.95, -92070.234, -91949.58, -91998.305, -92132.93]","[-70802.234, -70451.29, -70844.125, -71215.38, -70913.63, -70473.51, -70750.18, -71203.78, -71004.02, -70512.35]","[-86937.42, -86981.945, -87026.49, -86980.96, -86944.69, -86976.2, -87021.94, -86987.71, -86941.71, -86973.92]"
Left,2025-10-28 18:44:25,"[-52191.95, -53119.3, -53718.418, -52867.285, -52132.582, -52935.348, -53727.492, -53103.027, -52152.074, -52716.074]","[-65517.074, -66003.2, -65967.305, -65480.53, -65450.758, -65958.37, -66037.555, -65579.57, -65408.426, -65887.96]","[-87878.43, -87718.8, -87746.266, -87905.5, -87891.555, -87735.65, -87726.95, -87883.46, -87923.914, -87772.95]","[-84086.01, -84062.164, -84013.7, -84026.445, -84076.71, -84075.57, -84027.336, -84027.07, -84080.336, -84091.46]","[-87177.95, -87008.97, -87043.55, -87214.09, -87195.41, -87029.42, -87026.18, -87195.07, -87232.11, -87069.81]","[-92112.32, -91974.39, -91992.13, -92131.586, -92128.5, -91997.164, -91983.59, -92116.52, -92154.86, -92026.0]","[-70665.71, -71173.05, -71094.664, -70581.51, -70592.95, -71122.4, -71161.72, -70666.586, -70534.75, -71049.734]","[-87033.36, -87006.78, -86954.7, -86973.56, -87027.79, -87020.64, -86967.93, -86972.07, -87028.484, -87033.49]"
Left,2025-10-28 18:44:25,"[-53667.188, -53291.566, -52223.598, -52516.562, -53546.754, -53407.863, -52306.973, -52339.023, -53418.164, -53546.8]","[-66077.39, -65664.82, -65370.96, -65793.88, -66086.4, -65752.484, -65366.29, -65704.02, -66093.016, -65855.44]","[-87718.664, -87853.8, -87932.68, -87801.63, -87713.54, -87834.445, -87934.555, -87824.695, -87713.48, -87813.97]","[-84038.4, -84018.95, -84067.7, -84098.195, -84050.41, -84026.484, -84056.93, -84098.75, -84061.49, -84036.88]","[-87019.37, -87167.69, -87246.55, -87103.2, -87015.21, -87150.234, -87254.86, -87133.0, -87017.51, -87128.59]","[-91973.65, -92087.31, -92161.875, -92055.414, -91974.766, -92076.734, -92165.56, -92076.07, -91976.24, -92060.625]","[-71208.63, -70752.01, -70486.72, -70951.14, -71222.54, -70834.78, -70468.81, -70856.91, -71238.14, -70947.7]","[-86974.305, -86956.53, -87007.56, -87036.33, -86982.664, -86960.84, -87002.016, -87035.81, -86992.03, -86962.125]"
Left,2025-10-28 18:44:25,"[-52491.598, -52242.26, -53262.8, -53634.33, -52658.406, -52119.195, -53036.598, -53644.074, -52819.63, -52066.914]","[-65412.36, -65633.26, -66078.95, -65935.37, -65450.223, -65537.414, -66030.92, -66002.58, -65513.008, -65464.28]","[-87938.11, -87866.09, -87733.08, -87791.33, -87930.664, -87891.086, -87746.664, -87773.625, -87920.9, -87914.15]","[-84063.88, -84115.07, -84086.73, -84044.34, -84057.87, -84110.555, -84099.266, -84052.87, -84054.72, -84102.35]","[-87259.71, -87176.836, -87037.85, -87105.8, -87254.64, -87206.72, -87055.125, -87089.8, -87248.67, -87236.18]","[-92171.734, -92117.95, -92000.984, -92044.93, -92166.414, -92140.28, -92017.98, -92036.305, -92163.016, -92162.19]","[-70514.97, -70785.65, -71233.58, -71041.266, -70547.0, -70679.055, -71190.484, -71119.61, -70608.914, -70608.65]","[-86995.85, -87046.39, -87012.86, -86967.58, -86986.84, -87035.55, -87021.51, -86975.35, -86984.945, -87035.73]"
Left,2025-10-28 18:44:25,"[-52834.316, -53643.562, -53041.316, -52088.258, -52618.49, -53569.4, -53207.523, -52154.152, -52425.613, -53446.797]","[-65968.31, -66054.86, -65593.72, -65411.31, -65883.69, -66084.12, -65684.0, -65388.44, -65804.67, -66101.95]","[-87760.52, -87744.73, -87895.125, -87938.13, -87791.08, -87736.86, -87873.445, -87945.71, -87823.47, -87737.33]","[-84104.164, -84052.82, -84043.38, -84098.125, -84114.914, -84066.21, -84050.984, -84091.375, -84126.47, -84080.53]","[-87071.42, -87060.72, -87222.32, -87262.8, -87102.87, -87050.92, -87199.52, -87272.25, -87137.74, -87050.57]","[-92030.89, -92012.5, -92138.336, -92183.94, -92061.72, -92011.07, -92125.77, -92192.945, -92093.79, -92012.41]","[-71139.836, -71192.19, -70699.26, -70553.305, -71058.586, -71235.1, -70791.46, -70523.69, -70979.53, -71264.734]","[-87029.336, -86974.125, -86972.516, -87029.47, -87040.35, -86987.555, -86974.68, -87021.625, -87051.17, -86999.78]"
Left,2025-10-28 18:44:25,"[-53326.727, -52210.613, -52208.176, -53290.67, -53451.625, -52378.7, -52081.195, -53107.5, -53501.65, -52528.7]","[-65773.85, -65380.887, -65703.31, -66097.39, -65866.43, -65421.254, -65635.14, -66092.055, -65958.88, -65471.746]","[-87856.26, -87961.36, -87851.48, -87732.19, -87828.99, -87963.305, -87891.1, -87757.6, -87818.71, -87958.74]","[-84053.04, -84088.72, -84126.24, -84085.2, -84052.664, -84085.14, -84135.12, -84110.58, -84070.63, -84081.81]","[-87182.086, -87291.79, -87169.39, -87046.41, -87151.98, -87292.52, -87209.04, -87068.56, -87138.81, -87287.3]","[-92108.9, -92204.234, -92114.18, -92006.87, -92081.5, -92203.65, -92148.06, -92030.23, -92078.5, -92200.66]","[-70892.734, -70523.35, -70892.555, -71278.15, -70996.766, -70544.72, -70800.984, -71271.266, -71098.8, -70603.55]","[-86973.48, -87018.625, -87056.914, -87010.555, -86976.61, -87015.72, -87067.086, -87038.85, -86997.664, -87013.24]"
Left,2025-10-28 18:44:25,"[-51969.57, -52866.03, -53482.74, -52661.312, -51857.86, -52616.273, -53448.23, -52855.527, -51882.78, -52380.91]","[-65546.555, -66039.59, -66020.34, -65532.945, -65471.145, -65973.766, -66073.234, -65622.04, -65432.473, -65904.3]","[-87923.07, -87778.36, -87796.0, -87947.66, -87942.94, -87778.516, -87765.4, -87919.13, -87966.01, -87825.7]","[-84135.37, -84129.75, -84079.04, -84081.12, -84129.82, -84125.88, -84079.305, -84079.46, -84134.29, -84154.72]","[-87243.82, -87090.8, -87115.9, -87279.67, -87268.836, -87093.93, -87085.64, -87251.24, -87295.055, -87142.12]","[-92178.75, -92055.93, -92063.98, -92195.0, -92198.086, -92058.07, -92040.82, -92173.25, -92219.41, -92102.89]","[-70728.99, -71243.234, -71181.34, -70667.875, -70647.23, -71172.85, -71236.82, -70751.25, -70595.99, -71104.766]","[-87064.914, -87048.6, -86993.17, -87001.73, -87050.91, -87043.305, -86992.61, -86993.91, -87050.92, -87070.414]"
Left,2025-10-28 18:44:25,"[-53316.04, -52952.758, -51889.285, -52165.15, -53213.426, -53114.605, -52003.277, -51984.523, -53049.027, -53218.117]","[-66109.87, -65709.97, -65402.12, -65821.64, -66140.16, -65818.53, -65422.215, -65741.445, -66138.97, -65916.125]","[-87773.516, -87898.03, -87969.74, -87843.83, -87763.63, -87882.12, -87988.555, -87886.5, -87766.625, -87861.51]","[-84105.37, -84077.85, -84115.56, -84150.61, -84111.11, -84085.81, -84120.234, -84162.14, -84123.27, -84093.234]","[-87090.82, -87227.46, -87299.055, -87161.12, -87080.79, -87209.78, -87319.57, -87204.08, -87078.82, -87184.34]","[-92050.05, -92150.836, -92216.08, -92113.375, -92039.945, -92137.65, -92235.66, -92153.36, -92045.35, -92122.31]","[-71288.68, -70842.49, -70558.914, -71014.625, -71314.23, -70948.95, -70569.29, -70931.83, -71324.06, -71047.1]","[-87019.055, -86993.52, -87036.17, -87066.99, -87026.02, -87002.87, -87043.86, -87082.305, -87038.97, -87003.72]"
Left,2025-10-28 18:44:25,"[-52122.523, -51790.555, -52800.99, -53211.5, -52254.4, -51664.066, -52543.363, -53176.273, -52377.38, -51568.65]","[-65456.793, -65652.8, -66119.66, -66001.1, -65515.8, -65577.49, -66071.69, -66065.52, -65580.84, -65512.16]","[-87998.305, -87923.2, -87784.375, -87843.85, -87986.945, -87957.31, -87804.266, -87819.266, -87973.38, -87980.375]","[-84121.195, -84164.664, -84141.625, -84102.95, -84117.484, -84173.2, -84158.25, -84110.98, -84111.65, -84164.625]","[-87326.836, -87240.805, -87093.664, -87160.96, -87311.59, -87270.58, -87105.51, -87126.67, -87290.2, -87292.21]","[-92240.76, -92181.32, -92061.625, -92105.305, -92230.38, -92209.35, -92073.74, -92080.78, -92209.35, -92222.29]","[-70586.695, -70828.03, -71297.91, -71130.266, -70637.055, -70750.914, -71260.516, -71205.64, -70696.83, -70670.02]","[-87036.734, -87083.83, -87058.57, -87015.38, -87036.98, -87092.055, -87069.34, -87016.836, -87025.555, -87081.93]"
Left,2025-10-28 18:44:25,"[-52278.76, -53093.15, -52501.387, -51519.586, -52027.73, -52990.53, -52674.48, -51616.145, -51836.133, -52863.35]","[-66020.39, -66130.43, -65676.17, -65471.188, -65944.016, -66163.375, -65776.29, -65460.727, -65857.83, -66174.17]","[-87839.92, -87819.42, -87968.8, -88007.58, -87865.76, -87814.69, -87940.19, -88020.88, -87905.32, -87813.08]","[-84180.516, -84134.18, -84127.83, -84171.664, -84192.18, -84148.82, -84124.73, -84165.0, -84204.766, -84161.805]","[-87140.87, -87125.02, -87286.67, -87322.07, -87168.2, -87118.27, -87254.484, -87335.555, -87204.21, -87108.414]","[-92106.555, -92083.4, -92208.164, -92245.38, -92125.484, -92075.664, -92178.46, -92251.17, -92155.75, -92071.664]","[-71199.83, -71277.52, -70789.3, -70619.484, -71127.875, -71324.39, -70889.36, -70596.53, -71037.64, -71343.08]","[-87085.91, -87035.15, -87031.77, -87084.3, -87100.57, -87051.51, -87030.164, -87076.43, -87109.82, -87061.586]"
Left,2025-10-28 18:44:25,"[-52791.38, -51679.0, -51620.57, -52678.39, -52866.883, -51800.547, -51471.375, -52457.6, -52915.79, -51982.69]","[-65863.57, -65458.96, -65768.47, -66178.4, -65968.65, -65507.555, -65698.664, -66167.06, -66064.516, -65578.37]","[-87924.63, -88034.24, -87934.42, -87816.38, -87907.58, -88034.6, -87963.125, -87834.22, -87876.71, -88024.74]","[-84133.44, -84166.09, -84210.914, -84178.91, -84148.125, -84163.86, -84208.99, -84194.57, -84148.15, -84164.47]","[-87230.43, -87343.016, -87230.25, -87107.3, -87208.15, -87343.17, -87261.81, -87125.76, -87178.086, -87337.34]","[-92162.88, -92260.24, -92182.75, -92080.58, -92153.38, -92261.01, -92203.92, -92091.984, -92122.29, -92252.734]","[-70981.79, -70590.74, -70943.81, -71349.695, -71086.17, -70622.68, -70852.03, -71325.18, -71179.734, -70676.53]","[-87034.766, -87073.88, -87116.08, -87078.75, -87044.06, -87072.61, -87117.086, -87095.25, -87048.29, -87071.04]"
Left,2025-10-28 18:44:25,"[-51397.234, -52288.91, -52957.586, -52198.184, -51354.9, -52079.52, -52944.71, -52414.773, -51428.21, -51889.508]","[-65629.73, -66127.44, -66131.305, -65651.766, -65563.75, -66063.086, -66180.86, -65734.96, -65521.03, -65980.766]","[-87992.16, -87847.63, -87863.5, -88018.195, -88032.55, -87872.98, -87848.03, -87993.23, -88047.37, -87905.5]","[-84215.83, -84211.516, -84164.734, -84164.42, -84218.555, -84218.11, -84164.82, -84150.97, -84203.65, -84221.664]","[-87296.1, -87140.49, -87161.56, -87325.67, -87331.88, -87157.14, -87132.98, -87287.27, -87337.27, -87181.414]","[-92231.44, -92108.836, -92114.086, -92243.33, -92260.2, -92123.25, -92093.19, -92213.664, -92267.94, -92147.68]","[-70775.26, -71291.13, -71257.25, -70748.01, -70701.67, -71233.06, -71317.58, -70834.04, -70651.09, -71149.38]","[-87126.2, -87112.77, -87063.086, -87070.64, -87130.81, -87128.734, -87077.57, -87071.375, -87127.37, -87145.63]"
Left,2025-10-28 18:44:25,"[-52854.7, -52533.91, -51453.023, -51664.156, -52729.71, -52705.57, -51603.426, -51519.543, -52586.344, -52835.633]","[-66200.93, -65815.516, -65497.027, -65892.92, -66218.81, -65917.91, -65508.695, -65803.85, -66215.97, -66016.055]","[-87840.7, -87972.82, -88053.555, -87931.56, -87835.27, -87946.2, -88061.83, -87967.95, -87847.74, -87928.43]","[-84167.016, -84149.086, -84191.06, -84226.42, -84181.34, -84152.33, -84184.516, -84232.15, -84201.125, -84163.57]","[-87116.69, -87260.336, -87343.13, -87208.664, -87110.94, -87235.44, -87354.75, -87248.31, -87123.39, -87215.414]","[-92083.69, -92193.97, -92269.945, -92171.11, -92080.625, -92172.78, -92277.3, -92203.586, -92097.88, -92161.92]","[-71346.08, -70913.44, -70620.516, -71054.36, -71366.414, -71013.88, -70609.54, -70951.92, -71366.195, -71115.47]","[-87088.9, -87072.02, -87121.58, -87153.836, -87105.95, -87076.85, -87119.7, -87165.86, -87131.93, -87092.5]"
Left,2025-10-28 18:44:25,"[-51796.727, -51420.277, -52411.285, -52891.36, -51959.29, -51333.62, -52199.125, -52894.04, -52133.523, -51281.473]","[-65549.375, -65722.484, -66193.08, -66096.945, -65605.81, -65637.82, -66134.19, -66147.91, -65667.75, -65569.11]","[-88063.21, -88008.695, -87871.414, -87914.375, -88061.72, -88030.53, -87878.836, -87882.52, -88041.64, -88048.664]","[-84184.67, -84241.336, -84221.484, -84175.82, -84183.62, -84230.23, -84220.414, -84168.04, -84173.74, -84221.84]","[-87356.61, -87290.85, -87146.414, -87196.34, -87353.03, -87313.47, -87151.46, -87161.63, -87332.2, -87335.555]","[-92282.15, -92243.016, -92121.95, -92153.76, -92283.4, -92262.73, -92131.03, -92128.33, -92268.02, -92279.6]","[-70643.0, -70858.54, -71337.41, -71192.586, -70685.24, -70763.68, -71280.63, -71253.31, -70743.92, -70689.54]","[-87117.0, -87172.83, -87150.305, -87099.65, -87118.27, -87169.836, -87156.13, -87099.805, -87109.64, -87161.945]"
Left,2025-10-28 18:44:25,"[-51979.406, -52839.234, -52314.727, -51326.89, -51776.23, -52767.844, -52487.863, -51403.29, -51576.426, -52625.707]","[-66066.34, -66194.85, -65761.6, -65541.414, -66001.305, -66239.555, -65861.47, -65527.918, -65914.375, -66245.81]","[-87893.586, -87871.57, -88019.43, -88072.4, -87930.69, -87867.93, -88002.664, -88085.74, -87968.17, -87870.38]","[-84227.164, -84182.8, -84176.38, -84223.67, -84248.69, -84203.805, -84185.92, -84226.58, -84268.375, -84223.83]","[-87170.46, -87152.78, -87312.734, -87364.85, -87211.234, -87150.37, -87298.43, -87383.3, -87253.7, -87154.86]","[-92149.625, -92127.12, -92252.35, -92301.91, -92187.24, -92129.734, -92238.36, -92312.75, -92221.76, -92133.82]","[-71219.61, -71316.57, -70843.74, -70654.0, -71152.33, -71367.555, -70941.4, -70626.84, -71054.72, -71380.2]","[-87159.58, -87108.57, -87110.984, -87163.4, -87181.64, -87133.11, -87115.27, -87158.8, -87196.305, -87150.1]"
Left,2025-10-28 18:44:25,"[-52614.53, -51518.78, -51431.88, -52485.85, -52731.88, -51688.61, -51287.33, -52277.51, -52771.82, -51852.023]","[-65954.055, -65543.72, -65834.516, -66254.98, -66060.38, -65587.62, -65745.17, -66214.96, -66122.695, -65628.79]","[-87975.37, -88093.3, -87995.35, -87885.54, -87962.586, -88101.86, -88042.586, -87898.01, -87936.234, -88085.23]","[-84194.82, -84233.82, -84274.5, -84250.9, -84212.12, -84233.086, -84281.5, -84255.055, -84201.97, -84207.9]","[-87272.52, -87398.09, -87288.34, -87172.81, -87261.3, -87409.266, -87337.81, -87183.695, -87228.734, -87387.32]","[-92223.164, -92333.38, -92251.93, -92156.555, -92216.21, -92337.23, -92289.57, -92161.9, -92187.06, -92315.25]","[-71033.33, -70628.516, -70970.79, -71388.9, -71147.52, -70673.47, -70883.77, -71369.945, -71233.69, -70721.3]","[-87118.14, -87160.09, -87203.3, -87173.164, -87135.86, -87161.55, -87211.63, -87182.266, -87127.32, -87140.086]"
Left,2025-10-28 18:44:25,"[-51214.418, -52075.562, -52796.43, -52064.902, -51193.7, -51867.223, -52754.676, -52244.32, -51216.094, -51640.152]","[-65660.89, -66171.76, -66203.21, -65730.31, -65619.625, -66116.04, -66253.21, -65816.86, -65579.88, -66031.125]","[-88068.266, -87926.086, -87928.586, -88087.15, -88101.55, -87943.81, -87908.984, -88057.984, -88114.98, -87968.46]","[-84264.53, -84269.92, -84220.59, -84228.055, -84281.43, -84289.79, -84237.555, -84231.23, -84286.08, -84303.29]","[-87362.484, -87209.0, -87217.49, -87390.266, -87401.336, -87234.945, -87204.305, -87368.945, -87427.305, -87267.734]","[-92309.4, -92189.48, -92186.17, -92324.555, -92344.84, -92215.23, -92179.35, -92309.58, -92370.62, -92243.62]","[-70798.86, -71329.06, -71323.86, -70817.55, -70743.984, -71269.766, -71382.64, -70907.04, -70700.65, -71189.7]","[-87200.39, -87198.445, -87145.766, -87152.54, -87205.266, -87205.82, -87146.44, -87144.06, -87202.625, -87216.086]"
Left,2025-10-28 18:44:25,"[-52629.305, -52381.895, -51298.06, -51453.516, -52507.8, -52523.83, -51443.254, -51288.625, -52311.484, -52595.465]","[-66276.81, -65906.94, -65561.58, -65941.16, -66284.03, -65998.6, -65575.55, -65843.97, -66266.53, -66083.65]","[-87903.42, -88030.94, -88112.74, -87998.28, -87901.41, -88004.92, -88115.12, -88039.01, -87908.9, -87976.49]","[-84256.71, -84234.54, -84266.125, -84303.445, -84261.92, -84228.46, -84250.9, -84305.15, -84271.266, -84226.83]","[-87202.83, -87342.484, -87424.76, -87295.3, -87195.83, -87310.85, -87425.336, -87336.625, -87201.17, -87279.05]","[-92181.61, -92288.27, -92361.97, -92267.42, -92182.91, -92266.03, -92358.88, -92299.625, -92185.234, -92235.59]","[-71413.96, -70998.57, -70672.73, -71087.914, -71423.62, -71092.336, -70678.54, -70988.67, -71409.78, -71177.164]","[-87166.15, -87145.41, -87183.625, -87217.516, -87174.53, -87144.04, -87175.36, -87224.24, -87186.87, -87141.586]"
Left,2025-10-28 18:44:25,"[-51564.69, -51136.902, -52118.59, -52624.902, -51731.1, -51064.996, -51878.89, -52599.22, -51890.043, -51007.64]","[-65616.97, -65762.695, -66239.59, -66159.76, -65671.59, -65683.64, -66182.04, -66217.805, -65746.805, -65625.664]","[-88116.19, -88061.25, -87909.55, -87951.74, -88094.195, -88074.68, -87930.94, -87928.164, -88082.055, -88106.195]","[-84252.42, -84303.38, -84276.07, -84232.57, -84241.65, -84293.28, -84294.28, -84240.98, -84241.516, -84296.72]","[-87425.945, -87361.21, -87202.07, -87253.43, -87406.14, -87378.6, -87225.16, -87228.51, -87394.27, -87413.96]","[-92359.016, -92319.5, -92187.516, -92218.41, -92342.88, -92334.14, -92213.125, -92203.94, -92336.42, -92364.805]","[-70699.62, -70892.0, -71382.58, -71260.06, -70758.16, -70813.055, -71332.15, -71329.78, -70825.055, -70742.4]","[-87172.38, -87223.39, -87194.85, -87145.23, -87155.29, -87206.47, -87204.836, -87152.85, -87156.0, -87213.47]"
Left,2025-10-28 18:44:25,"[-51645.316, -52554.023, -52076.367, -51045.24, -51426.355, -52438.668, -52210.3, -51105.812, -51221.793, -52288.26]","[-66119.99, -66275.2, -65847.21, -65600.96, -66049.49, -66312.26, -65952.086, -65600.16, -65969.63, -66324.06]","[-87958.38, -87920.766, -88070.164, -88133.266, -88002.59, -87929.69, -88062.23, -88155.15, -88039.25, -87940.305]","[-84308.19, -84254.66, -84243.75, -84294.484, -84326.27, -84273.23, -84255.93, -84300.79, -84338.48, -84299.25]","[-87252.07, -87215.91, -87376.234, -87436.96, -87292.7, -87219.34, -87363.875, -87458.195, -87329.12, -87227.44]","[-92237.805, -92197.17, -92318.56, -92378.46, -92270.91, -92201.15, -92312.26, -92399.79, -92306.11, -92215.97]","[-71263.71, -71384.52, -70914.734, -70701.766, -71189.32, -71433.984, -71029.84, -70694.14, -71110.64, -71464.14]","[-87221.38, -87168.586, -87160.18, -87212.57, -87238.88, -87187.72, -87167.11, -87213.195, -87250.7, -87209.49]"
Left,2025-10-28 18:44:25,"[-52324.81, -51237.777, -51063.59, -52108.375, -52396.98, -51357.426, -50928.16, -51908.484, -52436.5, -51557.496]","[-66049.67, -65619.38, -65878.125, -66309.89, -66135.836, -65660.82, -65796.9, -66280.41, -66214.3, -65724.66]","[-88042.27, -88158.21, -88074.86, -87941.62, -88018.47, -88151.1, -88089.81, -87950.43, -87990.26, -88136.39]","[-84267.44, -84292.05, -84340.734, -84309.71, -84272.875, -84287.734, -84333.29, -84322.42, -84277.86, -84281.32]","[-87341.61, -87461.75, -87365.28, -87226.945, -87314.5, -87456.2, -87385.734, -87238.836, -87286.71, -87442.17]","[-92297.86, -92399.164, -92334.79, -92220.64, -92280.63, -92397.22, -92352.625, -92234.01, -92259.33, -92382.195]","[-71140.305, -70719.984, -71025.125, -71455.914, -71228.484, -70748.77, -70936.1, -71429.89, -71314.02, -70810.016]","[-87177.5, -87206.09, -87252.41, -87217.42, -87177.5, -87198.72, -87244.24, -87224.11, -87179.09, -87190.266]"
Left,2025-10-28 18:44:25,"[-50876.793, -51701.395, -52442.535, -51720.863, -50835.957, -51490.395, -52404.203, -51934.367, -50883.3, -51259.188]","[-65727.23, -66231.016, -66278.29, -65800.79, -65668.71, -66162.664, -66325.13, -65898.22, -65639.23, -66083.94]","[-88122.555, -87972.016, -87971.73, -88127.25, -88143.86, -87993.68, -87961.31, -88109.33, -88175.195, -88034.36]","[-84336.26, -84334.56, -84285.164, -84287.336, -84333.16, -84342.27, -84295.266, -84286.84, -84338.18, -84361.25]","[-87421.805, -87262.64, -87267.78, -87435.51, -87448.3, -87285.82, -87256.78, -87417.25, -87481.64, -87327.62]","[-92379.05, -92253.49, -92243.37, -92374.59, -92394.53, -92266.68, -92234.38, -92359.89, -92422.05, -92302.67]","[-70857.82, -71380.79, -71385.86, -70878.9, -70792.69, -71317.69, -71449.516, -70983.64, -70753.53, -71234.67]","[-87246.19, -87239.375, -87181.95, -87185.37, -87238.836, -87245.81, -87197.11, -87191.41, -87247.305, -87267.6]"
Left,2025-10-28 18:44:25,"[-52297.605, -52089.535, -50988.574, -51083.06, -52147.336, -52217.406, -51142.58, -50944.586, -51998.63, -52314.57]","[-66354.1, -65997.305, -65636.234, -65996.945, -66362.98, -66097.46, -65661.266, -65913.375, -66352.31, -66186.195]","[-87956.22, -88085.86, -88178.52, -88066.37, -87962.516, -88058.81, -88175.89, -88097.12, -87966.25, -88043.3]","[-84313.87, -84294.59, -84328.86, -84370.77, -84336.62, -84298.664, -84319.34, -84373.08, -84344.84, -84308.81]","[-87249.19, -87391.25, -87487.03, -87363.2, -87256.96, -87364.52, -87487.27, -87397.375, -87261.12, -87347.33]","[-92234.49, -92346.39, -92427.75, -92338.97, -92247.98, -92323.92, -92426.85, -92367.89, -92252.96, -92311.586]","[-71486.4, -71081.54, -70737.51, -71142.09, -71501.22, -71188.61, -70762.02, -71063.664, -71508.08, -71293.62]","[-87214.695, -87194.695, -87235.59, -87274.375, -87232.76, -87199.61, -87229.65, -87281.46, -87249.37, -87211.45]"
Left,2025-10-28 18:44:25,"[-51305.5, -50852.254, -51799.273, -52362.87, -51509.215, -50797.156, -51592.43, -52355.14, -51690.688, -50788.684]","[-65715.625, -65842.56, -66319.125, -66259.65, -65770.32, -65763.664, -66271.89, -66330.14, -65860.266, -65714.06]","[-88181.3, -88131.25, -87987.914, -88011.02, -88161.13, -88163.04, -88018.734, -88006.28, -88152.82, -88182.04]","[-84328.51, -84378.53, -84360.96, -84307.695, -84315.164, -84377.945, -84384.23, -84326.805, -84317.086, -84368.9]","[-87493.83, -87433.43, -87280.97, -87313.805, -87475.695, -87469.414, -87313.29, -87305.49, -87463.2, -87487.09]","[-92432.555, -92395.875, -92272.695, -92287.914, -92417.49, -92427.64, -92308.34, -92285.8, -92408.7, -92440.914]","[-70812.3, -70979.77, -71467.06, -71370.55, -70859.97, -70890.08, -71420.125, -71443.64, -70938.11, -70828.79]","[-87236.195, -87282.984, -87259.83, -87206.23, -87217.02, -87281.87, -87283.56, -87223.97, -87216.59, -87271.13]"
Left,2025-10-28 18:44:25,"[-51397.457, -52303.105, -51855.2, -50818.01, -51188.56, -52205.293, -52022.164, -50926.01, -50978.676, -52026.344]","[-66201.42, -66365.95, -65940.664, -65673.984, -66115.88, -66391.41, -66043.125, -65674.99, -66024.69, -66396.86]","[-88036.66, -88000.94, -88140.664, -88196.38, -88060.22, -87989.27, -88116.14, -88211.9, -88110.71, -88002.55]","[-84385.79, -84337.47, -84315.54, -84356.13, -84385.55, -84344.22, -84321.8, -84356.984, -84405.484, -84366.52]","[-87329.07, -87296.68, -87447.53, -87503.66, -87353.91, -87282.04, -87420.69, -87519.04, -87406.36, -87294.58]","[-92320.51, -92283.13, -92396.1, -92449.41, -92339.64, -92275.734, -92378.11, -92462.95, -92382.98, -92285.08]","[-71348.42, -71492.48, -71028.52, -70790.59, -71272.23, -71533.12, -71139.27, -70790.234, -71183.06, -71549.586]","[-87280.88, -87231.305, -87216.98, -87261.34, -87284.37, -87235.77, -87213.31, -87253.48, -87298.25, -87257.88]"
Left,2025-10-28 18:44:25,"[-52127.688, -51024.203, -50825.387, -51857.12, -52202.812, -51190.08, -50704.598, -51656.668, -52237.3, -51372.87]","[-66140.484, -65701.57, -65942.85, -66382.96, -66225.49, -65746.13, -65863.305, -66351.445, -66300.75, -65812.99]","[-88095.29, -88223.92, -88141.78, -88016.48, -88080.31, -88223.945, -88175.62, -88026.516, -88056.84, -88212.86]","[-84328.44, -84361.2, -84406.67, -84383.625, -84342.48, -84363.84, -84416.99, -84400.61, -84348.71, -84361.336]","[-87398.02, -87533.32, -87439.734, -87307.73, -87382.71, -87535.266, -87478.72, -87320.69, -87360.79, -87527.914]","[-92355.87, -92472.41, -92407.74, -92296.03, -92344.984, -92473.95, -92439.75, -92309.53, -92327.77, -92464.18]","[-71244.305, -70805.945, -71098.8, -71544.6, -71341.83, -70858.47, -71023.49, -71524.8, -71433.984, -70922.195]","[-87221.11, -87257.21, -87303.21, -87277.055, -87232.805, -87258.55, -87312.305, -87290.54, -87238.01, -87251.51]"
Left,2025-10-28 18:44:25,"[-50629.137, -51412.746, -52173.35, -51520.258, -50601.51, -51181.18, -52110.5, -51702.58, -50659.51, -50981.96]","[-65790.51, -66290.516, -66357.44, -65898.664, -65738.54, -66218.02, -66401.266, -65990.266, -65713.39, -66141.92]","[-88207.875, -88055.125, -88047.08, -88191.78, -88219.586, -88073.36, -88025.84, -88163.26, -88233.87, -88099.94]","[-84419.12, -84418.09, -84367.016, -84361.36, -84408.63, -84423.52, -84374.664, -84359.35, -84404.7, -84433.266]","[-87516.6, -87354.69, -87351.84, -87509.78, -87534.1, -87375.36, -87331.71, -87482.266, -87553.93, -87407.1]","[-92466.93, -92338.52, -92324.414, -92449.34, -92481.08, -92357.56, -92312.5, -92429.336, -92495.586, -92384.23]","[-70939.38, -71465.48, -71495.38, -71000.695, -70884.086, -71397.086, -71547.87, -71093.14, -70846.49, -71315.41]","[-87308.17, -87304.15, -87251.76, -87251.15, -87300.414, -87309.086, -87255.53, -87243.84, -87299.25, -87324.664]"
Left,2025-10-28 18:44:25,"[-52011.66, -51837.85, -50736.137, -50761.324, -51821.113, -51941.34, -50854.49, -50622.61, -51656.535, -52023.773]","[-66426.945, -66079.375, -65704.16, -66043.055, -66418.03, -66173.125, -65734.38, -65966.08, -66409.94, -66256.805]","[-88016.86, -88135.19, -88234.72, -88133.35, -88022.195, -88117.1, -88249.875, -88165.25, -88031.5, -88093.09]","[-84385.44, -84357.875, -84394.33, -84439.125, -84395.625, -84363.06, -84397.86, -84442.14, -84413.53, -84369.25]","[-87325.23, -87454.64, -87555.9, -87441.01, -87326.57, -87432.96, -87571.63, -87475.36, -87334.57, -87404.89]","[-92310.56, -92407.23, -92497.086, -92411.99, -92307.02, -92383.695, -92503.7, -92437.875, -92320.84, -92367.76]","[-71579.805, -71183.87, -70824.23, -71205.64, -71578.29, -71284.27, -70841.44, -71120.88, -71569.64, -71369.836]","[-87269.77, -87240.555, -87282.984, -87325.67, -87280.99, -87244.734, -87280.34, -87323.8, -87291.63, -87243.46]"
Left,2025-10-28 18:44:25,"[-51003.977, -50492.08, -51445.6, -52025.92, -51179.15, -50433.223, -51206.977, -51997.332, -51360.957, -50431.684]","[-65772.18, -65874.15, -66360.945, -66317.2, -65829.53, -65794.86, -66299.72, -66381.93, -65923.52, -65756.64]","[-88241.086, -88189.164, -88037.51, -88068.31, -88218.625, -88211.945, -88063.08, -88053.24, -88202.53, -88231.73]","[-84389.57, -84437.625, -84419.74, -84371.89, -84378.22, -84428.4, -84431.3, -84384.85, -84382.17, -84429.086]","[-87561.375, -87499.164, -87338.91, -87377.016, -87537.164, -87524.76, -87364.41, -87358.484, -87521.01, -87547.65]","[-92497.484, -92460.2, -92331.62, -92350.055, -92478.42, -92479.09, -92352.65, -92341.09, -92470.305, -92503.63]","[-70873.6, -71022.984, -71525.18, -71437.05, -70931.56, -70942.54, -71469.5, -71514.766, -71022.266, -70886.414]","[-87268.81, -87319.28, -87295.97, -87243.62, -87252.09, -87306.79, -87305.96, -87254.55, -87252.43, -87302.12]"
Left,2025-10-28 18:44:25,"[-51006.95, -51948.605, -51551.414, -50494.066, -50806.207, -51832.445, -51686.4, -50583.203, -50594.426, -51669.05]","[-66240.336, -66429.875, -66022.516, -65740.99, -66161.9, -66452.72, -66122.07, -65745.016, -66079.266, -66461.44]","[-88086.484, -88044.35, -88184.92, -88258.19, -88125.75, -88048.305, -88173.63, -88273.586, -88172.54, -88056.33]","[-84446.3, -84403.16, -84385.26, -84433.58, -84460.85, -84418.67, -84398.13, -84433.58, -84480.61, -84437.445]","[-87389.22, -87349.586, -87501.31, -87574.76, -87429.83, -87351.555, -87489.914, -87594.3, -87480.64, -87358.87]","[-92381.99, -92339.8, -92454.82, -92529.16, -92418.85, -92344.58, -92447.93, -92540.49, -92461.48, -92352.31]","[-71400.68, -71566.125, -71114.47, -70857.96, -71320.484, -71595.12, -71215.586, -70851.92, -71234.18, -71620.98]","[-87315.055, -87264.07, -87248.56, -87305.16, -87329.336, -87281.15, -87259.84, -87303.5, -87343.82, -87300.68]"
Left,2025-10-28 18:44:25,"[-51826.676, -50764.14, -50499.094, -51507.227, -51875.85, -50890.543, -50367.645, -51299.29, -51915.75, -51086.61]","[-66222.27, -65778.97, -65998.95, -66443.0, -66303.03, -65822.78, -65910.984, -66400.82, -66376.43, -65893.14]","[-88146.586, -88276.0, -88203.31, -88068.87, -88125.28, -88264.96, -88224.44, -88072.49, -88097.73, -88254.09]","[-84399.61, -84429.71, -84479.47, -84454.79, -84413.375, -84428.016, -84476.32, -84460.65, -84417.06, -84425.375]","[-87460.41, -87597.31, -87513.18, -87373.33, -87440.516, -87588.98, -87539.78, -87380.1, -87414.12, -87583.32]","[-92423.68, -92541.23, -92484.55, -92369.52, -92414.05, -92536.87, -92509.086, -92378.44, -92397.44, -92532.24]","[-71333.914, -70887.414, -71145.2, -71593.06, -71407.37, -70917.59, -71058.56, -71566.69, -71498.47, -70993.86]","[-87263.47, -87301.375, -87350.88, -87316.8, -87270.71, -87292.81, -87347.11, -87325.94, -87273.55, -87287.02]"
Left,2025-10-28 18:44:25,"[-50311.297, -51045.664, -51878.375, -51282.03, -50330.676, -50864.5, -51830.5, -51474.816, -50406.87, -50665.125]","[-65840.17, -66334.3, -66426.91, -65975.195, -65796.96, -66271.2, -66472.45, -66077.39, -65783.195, -66198.734]","[-88253.43, -88101.26, -88073.63, -88227.48, -88264.18, -88119.49, -88067.46, -88208.01, -88292.52, -88175.11]","[-84475.336, -84480.92, -84423.3, -84421.805, -84473.12, -84489.98, -84439.95, -84428.555, -84480.97, -84518.96]","[-87576.34, -87412.17, -87388.37, -87555.336, -87590.66, -87433.85, -87383.945, -87539.58, -87625.99, -87496.06]","[-92537.81, -92411.25, -92381.08, -92513.24, -92554.93, -92435.57, -92382.98, -92501.89, -92582.29, -92483.72]","[-70985.164, -71507.61, -71569.08, -71081.14, -70936.48, -71447.04, -71627.46, -71188.63, -70923.85, -71384.56]","[-87339.76, -87337.74, -87279.92, -87279.31, -87334.03, -87347.24, -87293.22, -87282.04, -87340.07, -87378.49]"
Left,2025-10-28 18:44:25,"[-51700.188, -51597.93, -50499.633, -50478.508, -51531.344, -51686.375, -50615.324, -50330.25, -51354.785, -51759.957]","[-66500.266, -66173.48, -65782.68, -66098.84, -66482.625, -66250.055, -65799.31, -66004.19, -66453.62, -66323.95]","[-88083.93, -88197.91, -88299.23, -88196.766, -88076.05, -88167.1, -88294.664, -88219.19, -88083.33, -88144.375]","[-84468.16, -84440.195, -84470.98, -84510.18, -84469.39, -84434.99, -84459.15, -84503.14, -84472.516, -84433.555]","[-87402.945, -87529.03, -87634.87, -87519.734, -87394.67, -87496.15, -87630.234, -87543.16, -87398.805, -87468.164]","[-92399.5, -92495.34, -92585.375, -92501.89, -92393.22, -92466.195, -92576.63, -92514.63, -92392.766, -92440.375]","[-71675.38, -71302.78, -70927.31, -71286.87, -71664.7, -71378.87, -70934.85, -71194.28, -71653.3, -71477.73]","[-87326.01, -87297.82, -87335.4, -87371.94, -87323.68, -87285.84, -87314.14, -87358.64, -87325.13, -87282.71]"
Left,2025-10-28 18:44:25,"[-50779.273, -50237.38, -51160.797, -51777.19, -50979.59, -50191.02, -50925.32, -51744.938, -51148.08, -50183.555]","[-65840.86, -65922.05, -66414.52, -66397.0, -65921.086, -65866.21, -66368.97, -66472.1, -66025.35, -65836.7]","[-88290.33, -88243.28, -88101.62, -88131.9, -88287.695, -88298.31, -88153.18, -88136.21, -88283.47, -88323.66]","[-84453.3, -84499.2, -84488.99, -84447.55, -84454.1, -84514.02, -84527.28, -84480.85, -84476.01, -84525.94]","[-87623.98, -87569.53, -87415.73, -87449.91, -87615.375, -87620.516, -87462.47, -87447.89, -87607.57, -87644.945]","[-92569.836, -92536.2, -92413.17, -92430.92, -92562.734, -92580.27, -92460.78, -92440.086, -92566.664, -92608.555]","[-70981.74, -71104.63, -71609.6, -71550.484, -71050.27, -71037.016, -71566.04, -71632.02, -71144.84, -70992.74]","[-87306.61, -87353.03, -87335.87, -87290.984, -87304.375, -87365.305, -87370.64, -87319.7, -87313.6, -87365.1]"
Left,2025-10-28 18:44:25,"[-50722.3, -51683.133, -51337.645, -50285.77, -50554.082, -51601.82, -51555.527, -50469.055, -50460.94, -51535.39]","[-66311.5, -66516.02, -66122.79, -65821.77, -66233.41, -66537.945, -66222.766, -65830.96, -66143.375, -66533.5]","[-88174.66, -88126.54, -88258.73, -88332.06, -88208.45, -88114.33, -88227.766, -88339.28, -88237.4, -88124.01]","[-84543.95, -84498.516, -84480.25, -84523.1, -84561.27, -84509.58, -84476.49, -84516.93, -84558.73, -84521.6]","[-87485.086, -87441.01, -87587.66, -87663.66, -87527.8, -87430.62, -87554.086, -87668.73, -87552.21, -87431.664]","[-92483.74, -92438.7, -92548.76, -92616.734, -92516.016, -92425.83, -92516.46, -92619.125, -92537.07, -92430.52]","[-71502.94, -71687.945, -71251.53, -70978.03, -71428.24, -71724.086, -71360.41, -70982.86, -71343.664, -71729.9]","[-87378.18, -87329.0, -87313.086, -87364.54, -87395.74, -87345.945, -87319.68, -87368.45, -87411.33, -87374.29]"
Left,2025-10-28 18:44:25,"[-51714.473, -50655.69, -50340.688, -51314.977, -51753.766, -50813.137, -50251.504, -51136.188, -51770.418, -51000.38]","[-66310.92, -65859.305, -66052.29, -66504.016, -66389.484, -65904.766, -65965.07, -66452.07, -66440.02, -65962.03]","[-88222.695, -88350.81, -88286.17, -88149.65, -88193.52, -88331.7, -88295.695, -88148.71, -88157.38, -88304.91]","[-84492.79, -84516.195, -84567.58, -84543.17, -84493.51, -84505.28, -84556.6, -84549.3, -84495.38, -84494.24]","[-87539.31, -87672.26, -87595.86, -87450.75, -87503.97, -87653.51, -87608.984, -87454.086, -87470.734, -87628.94]","[-92509.42, -92621.09, -92573.46, -92454.95, -92485.59, -92608.84, -92586.54, -92462.75, -92463.195, -92588.164]","[-71453.055, -71001.01, -71241.29, -71699.45, -71538.164, -71041.805, -71147.77, -71648.336, -71592.21, -71086.414]","[-87347.11, -87380.57, -87432.805, -87407.99, -87358.28, -87374.664, -87424.18, -87409.11, -87356.25, -87363.13]"
Left,2025-10-28 18:44:25,"[-50184.94, -50910.12, -51767.58, -51191.46, -50215.52, -50708.105, -51658.434, -51336.145, -50291.336, -50550.414]","[-65888.83, -66386.72, -66492.17, -66045.31, -65848.555, -66315.59, -66526.164, -66138.86, -65832.46, -66233.2]","[-88320.62, -88165.83, -88144.016, -88303.336, -88352.65, -88215.875, -88159.28, -88288.38, -88361.2, -88238.74]","[-84554.016, -84555.53, -84495.43, -84493.95, -84543.64, -84564.56, -84510.09, -84488.836, -84526.79, -84559.94]","[-87638.95, -87472.26, -87452.56, -87622.55, -87667.32, -87516.49, -87456.43, -87594.99, -87667.63, -87529.79]","[-92609.67, -92475.56, -92443.46, -92579.945, -92628.94, -92513.6, -92451.04, -92558.44, -92626.91, -92525.47]","[-71051.5, -71576.57, -71654.46, -71174.52, -71013.414, -71513.625, -71705.0, -71278.06, -70995.31, -71434.945]","[-87423.08, -87420.47, -87362.51, -87367.47, -87427.62, -87445.164, -87391.3, -87374.086, -87416.805, -87446.35]"
Left,2025-10-28 18:44:25,"[-51600.098, -51529.13, -50413.152, -50378.305, -51440.684, -51632.395, -50590.65, -50255.395, -51251.453, -51683.582]","[-66546.91, -66235.7, -65833.4, -66144.13, -66543.375, -66328.195, -65876.02, -66062.46, -66517.38, -66404.77]","[-88154.5, -88271.58, -88380.38, -88275.8, -88162.9, -88250.56, -88380.67, -88318.445, -88175.33, -88225.445]","[-84521.29, -84495.85, -84528.46, -84568.92, -84535.664, -84498.29, -84520.555, -84575.85, -84551.305, -84511.19]","[-87442.195, -87570.76, -87682.875, -87565.24, -87447.87, -87545.68, -87682.61, -87610.63, -87461.1, -87520.87]","[-92449.45, -92544.02, -92638.03, -92554.15, -92453.7, -92520.266, -92633.05, -92590.31, -92467.76, -92507.055]","[-71732.76, -71370.016, -70979.77, -71336.29, -71733.9, -71471.31, -71022.375, -71250.34, -71717.516, -71559.36]","[-87403.125, -87377.484, -87416.98, -87456.945, -87419.55, -87383.01, -87411.66, -87461.64, -87433.99, -87389.22]"
Left,2025-10-28 18:44:25,"[-50735.8, -50124.816, -51020.785, -51692.902, -50919.664, -50109.504, -50829.676, -51674.016, -51091.664, -50098.574]","[-65926.38, -65984.05, -66481.76, -66484.93, -66008.28, -65932.77, -66430.46, -66541.234, -66092.055, -65882.86]","[-88369.68, -88342.055, -88188.83, -88207.336, -88361.85, -88373.3, -88220.99, -88198.15, -88344.98, -88384.09]","[-84523.48, -84577.15, -84567.96, -84522.02, -84526.07, -84582.35, -84587.27, -84537.12, -84529.41, -84572.09]","[-87674.65, -87638.555, -87475.09, -87500.62, -87667.48, -87674.94, -87510.25, -87491.91, -87651.56, -87690.79]","[-92634.03, -92617.266, -92486.96, -92495.97, -92628.984, -92647.96, -92516.35, -92489.375, -92616.664, -92658.11]","[-71061.94, -71164.02, -71681.42, -71641.41, -71143.21, -71108.72, -71633.516, -71713.05, -71227.55, -71049.94]","[-87405.914, -87462.086, -87449.91, -87400.95, -87409.984, -87468.836, -87472.75, -87417.805, -87410.99, -87458.87]"
Left,2025-10-28 18:44:25,"[-50573.996, -51555.73, -51252.64, -50197.973, -50414.316, -51490.82, -51449.355, -50346.836, -50270.527, -51307.895]","[-66346.8, -66570.6, -66189.69, -65874.39, -66267.38, -66587.61, -66276.25, -65872.13, -66167.914, -66572.8]","[-88238.72, -88176.6, -88312.99, -88392.92, -88270.64, -88168.18, -88284.45, -88395.31, -88304.52, -88189.37]","[-84589.64, -84538.63, -84523.39, -84562.375, -84595.67, -84543.95, -84514.38, -84547.42, -84593.89, -84567.516]","[-87535.4, -87475.12, -87623.914, -87704.6, -87568.81, -87462.98, -87588.95, -87703.484, -87599.95, -87479.9]","[-92537.945, -92479.13, -92593.94, -92668.37, -92566.33, -92471.625, -92564.81, -92663.516, -92592.26, -92491.766]","[-71545.945, -71748.766, -71324.8, -71032.44, -71465.08, -71774.71, -71416.375, -71024.73, -71362.99, -71767.45]","[-87472.414, -87420.94, -87409.516, -87457.1, -87486.72, -87433.586, -87404.016, -87441.74, -87484.35, -87452.5]"
Left,2025-10-28 18:44:25,"[-51499.582, -50440.02, -50076.336, -51054.625, -51516.01, -50584.727, -49978.055, -50848.074, -51525.664, -50783.92]","[-66368.586, -65915.12, -66095.09, -66556.55, -66452.79, -65964.29, -66009.8, -66504.29, -66516.16, -66042.32]","[-88276.56, -88406.16, -88339.5, -88194.8, -88239.414, -88385.33, -88355.95, -88209.86, -88219.56, -88370.91]","[-84534.9, -84559.76, -84610.12, -84586.42, -84539.93, -84553.79, -84604.46, -84598.36, -84547.51, -84547.17]","[-87577.24, -87714.44, -87638.58, -87486.94, -87539.35, -87696.805, -87661.53, -87506.81, -87522.46, -87684.125]","[-92559.734, -92678.42, -92630.48, -92505.53, -92537.25, -92665.125, -92647.18, -92523.98, -92524.016, -92651.36]","[-71516.91, -71060.914, -71284.34, -71755.96, -71607.75, -71107.47, -71203.18, -71720.69, -71690.56, -71190.305]","[-87419.7, -87448.56, -87492.39, -87459.96, -87409.445, -87427.77, -87480.93, -87468.99, -87416.04, -87423.17]"
Left,2025-10-28 18:44:25,"[-49958.85, -50668.59, -51547.75, -51002.434, -50023.94, -50490.56, -51474.438, -51182.926, -50102.016, -50291.516]","[-65952.375, -66448.18, -66570.06, -66127.93, -65912.81, -66367.36, -66592.82, -66215.45, -65890.4, -66278.625]","[-88387.58, -88233.31, -88207.74, -88364.56, -88405.89, -88266.26, -88202.94, -88335.63, -88414.07, -88295.11]","[-84601.29, -84606.29, -84555.78, -84552.49, -84596.305, -84618.34, -84566.06, -84550.836, -84590.49, -84625.07]","[-87695.414, -87529.5, -87507.17, -87675.97, -87716.09, -87565.016, -87500.914, -87646.484, -87728.336, -87597.42]","[-92671.49, -92541.07, -92514.516, -92646.234, -92686.85, -92571.336, -92509.06, -92622.63, -92697.914, -92600.28]","[-71142.49, -71666.16, -71757.64, -71279.22, -71096.875, -71588.15, -71795.125, -71368.61, -71066.57, -71493.06]","[-87480.836, -87484.305, -87430.34, -87431.28, -87480.33, -87498.25, -87444.92, -87430.55, -87478.266, -87508.4]"
Left,2025-10-28 18:44:25,"[-51333.82, -51306.934, -50219.61, -50139.79, -51196.74, -51458.88, -50410.312, -50007.582, -50994.992, -51500.7]","[-66607.39, -66310.2, -65904.86, -66192.37, -66600.195, -66402.43, -65937.16, -66100.99, -66566.71, -66477.62]","[-88192.36, -88304.68, -88412.55, -88318.516, -88194.62, -88270.55, -88415.945, -88362.52, -88214.06, -88254.39]","[-84579.05, -84553.5, -84584.39, -84628.24, -84593.1, -84553.164, -84581.62, -84636.89, -84610.83, -84561.19]","[-87493.42, -87617.766, -87730.375, -87623.84, -87495.81, -87583.08, -87735.2, -87670.875, -87515.28, -87563.984]","[-92509.18, -92600.84, -92697.16, -92622.88, -92511.81, -92572.48, -92700.58, -92659.42, -92530.66, -92557.92]","[-71806.99, -71458.55, -71065.336, -71404.81, -71812.336, -71563.87, -71098.375, -71311.81, -71790.05, -71655.67]","[-87458.6, -87428.65, -87465.1, -87504.664, -87465.484, -87424.02, -87454.125, -87508.4, -87479.74, -87429.66]"
Left,2025-10-28 18:44:25,"[-50593.375, -49962.094, -50829.723, -51538.61, -50806.207, -49954.832, -50638.727, -51513.33, -50981.38, -49984.914]","[-65995.56, -66027.39, -66521.3, -66545.32, -66076.48, -65974.35, -66470.516, -66602.3, -66168.85, -65944.04]","[-88404.79, -88380.9, -88230.25, -88241.31, -88399.63, -88416.88, -88265.81, -88243.836, -88395.766, -88441.83]","[-84576.03, -84627.75, -84617.695, -84569.44, -84578.13, -84632.78, -84639.086, -84591.38, -84588.73, -84630.164]","[-87725.61, -87694.63, -87533.945, -87551.02, -87719.58, -87731.06, -87568.63, -87550.305, -87714.75, -87759.03]","[-92691.61, -92677.77, -92546.99, -92549.45, -92686.74, -92709.586, -92581.51, -92554.26, -92683.79, -92728.65]","[-71153.07, -71227.055, -71742.75, -71727.42, -71231.414, -71170.8, -71694.984, -71794.875, -71321.71, -71129.84]","[-87449.164, -87501.24, -87488.46, -87439.555, -87452.07, -87510.79, -87516.445, -87467.79, -87464.43, -87509.6]"
Left,2025-10-28 18:44:25,"[-50441.516, -51430.426, -51168.082, -50090.594, -50274.19, -51325.15, -51304.34, -50204.254, -50085.43, -51119.69]","[-66398.67, -66638.42, -66270.71, -65943.26, -66329.516, -66662.445, -66369.234, -65960.04, -66246.28, -66653.69]","[-88300.41, -88239.81, -88369.43, -88459.51, -88342.41, -88248.95, -88358.59, -88472.72, -88383.58, -88255.59]","[-84649.836, -84608.33, -84590.555, -84632.69, -84672.09, -84634.21, -84606.47, -84639.53, -84690.89, -84649.9]","[-87604.65, -87545.055, -87687.28, -87779.164, -87648.945, -87552.81, -87674.625, -87794.52, -87693.445, -87559.875]","[-92610.72, -92556.27, -92665.86, -92749.414, -92654.84, -92572.01, -92662.84, -92767.65, -92702.41, -92585.266]","[-71619.75, -71834.46, -71422.25, -71118.805, -71547.53, -71868.32, -71525.25, -71124.055, -71452.0, -71863.92]","[-87525.45, -87478.4, -87460.43, -87508.6, -87544.05, -87502.92, -87475.66, -87514.37, -87560.945, -87519.17]"
Left,2025-10-28 18:44:25,"[-51361.605, -50328.33, -49943.652, -50914.1, -51412.52, -50515.164, -49878.88, -50748.43, -51458.61, -50710.566]","[-66461.17, -65997.44, -66154.97, -66622.75, -66537.97, -66056.11, -66082.28, -66578.18, -66601.76, -66124.46]","[-88336.04, -88465.945, -88408.68, -88269.63, -88310.54, -88456.78, -88435.28, -88283.555, -88290.22, -88440.16]","[-84612.64, -84631.73, -84682.53, -84664.32, -84618.766, -84628.086, -84681.51, -84676.27, -84628.69, -84628.555]","[-87651.336, -87790.81, -87725.12, -87578.516, -87626.64, -87780.87, -87750.47, -87588.98, -87602.45, -87763.164]","[-92646.8, -92761.57, -92719.87, -92599.21, -92627.24, -92750.87, -92739.11, -92611.48, -92612.76, -92743.22]","[-71626.75, -71161.14, -71356.89, -71833.55, -71706.54, -71212.01, -71287.336, -71806.45, -71790.02, -71281.3]","[-87479.54, -87506.38, -87553.664, -87533.19, -87486.29, -87501.086, -87558.69, -87547.58, -87491.81, -87493.984]"
Left,2025-10-28 18:44:25,"[-49863.97, -50511.277, -51374.637, -50884.863, -49898.06, -50324.55, -51307.51, -51057.31, -49976.02, -50129.8]","[-66017.42, -66504.29, -66642.22, -66214.516, -65982.88, -66434.414, -66681.67, -66318.586, -65981.7, -66357.125]","[-88454.055, -88312.88, -88278.08, -88416.93, -88469.91, -88340.82, -88280.96, -88405.28, -88491.48, -88373.91]","[-84676.73, -84690.516, -84639.51, -84620.93, -84664.85, -84696.37, -84657.43, -84636.65, -84672.86, -84711.62]","[-87773.13, -87619.71, -87587.945, -87739.695, -87791.17, -87648.81, -87588.59, -87724.945, -87813.5, -87682.695]","[-92762.6, -92641.52, -92601.375, -92715.44, -92767.49, -92661.15, -92604.91, -92708.8, -92786.92, -92693.29]","[-71212.055, -71726.164, -71837.14, -71375.42, -71174.234, -71656.97, -71884.82, -71483.23, -71172.05, -71591.09]","[-87548.34, -87557.86, -87500.8, -87487.37, -87534.93, -87558.29, -87517.23, -87496.4, -87540.14, -87575.09]"
Left,2025-10-28 18:44:25,"[-51196.69, -51200.223, -50079.64, -49961.87, -51019.465, -51287.465, -50259.598, -49851.074, -50821.855, -51334.355]","[-66697.96, -66412.89, -65994.24, -66268.3, -66693.6, -66506.164, -66042.01, -66191.12, -66658.29, -66581.82]","[-88269.48, -88382.06, -88499.99, -88400.19, -88279.04, -88355.375, -88489.69, -88431.68, -88289.46, -88331.44]","[-84666.82, -84642.39, -84673.016, -84710.67, -84685.95, -84647.6, -84667.54, -84717.16, -84696.26, -84651.33]","[-87574.336, -87699.46, -87823.47, -87712.18, -87585.4, -87671.97, -87813.836, -87745.44, -87594.836, -87643.96]","[-92599.836, -92693.82, -92797.625, -92716.445, -92611.48, -92670.58, -92788.77, -92745.97, -92621.67, -92650.91]","[-71919.22, -71576.836, -71163.22, -71485.22, -71910.08, -71676.97, -71208.7, -71402.02, -71879.34, -71756.27]","[-87526.64, -87496.44, -87537.3, -87577.625, -87547.07, -87507.55, -87533.56, -87579.99, -87553.93, -87507.77]"
Left,2025-10-28 18:44:25,"[-50430.34, -49739.605, -50575.805, -51297.297, -50591.81, -49732.387, -50360.023, -51245.89, -50764.855, -49747.496]","[-66098.4, -66108.86, -66605.83, -66642.58, -66176.72, -66060.05, -66545.48, -66692.664, -66265.34, -66022.625]","[-88484.56, -88469.91, -88314.625, -88319.9, -88467.35, -88490.336, -88348.71, -88310.78, -88453.85, -88511.81]","[-84663.96, -84720.484, -84714.2, -84667.0, -84662.95, -84712.93, -84727.17, -84673.59, -84658.93, -84708.57]","[-87807.375, -87784.29, -87617.01, -87626.59, -87784.555, -87803.22, -87649.234, -87612.555, -87768.08, -87824.586]","[-92782.83, -92776.15, -92642.35, -92640.94, -92766.18, -92790.07, -92670.42, -92626.88, -92746.195, -92805.875]","[-71254.586, -71312.33, -71835.83, -71837.19, -71344.266, -71262.01, -71772.68, -71891.86, -71422.48, -71206.76]","[-87524.72, -87579.37, -87569.64, -87518.97, -87520.06, -87572.99, -87584.28, -87531.484, -87519.4, -87569.8]"
Left,2025-10-28 18:44:25,"[-50154.61, -51171.3, -50920.402, -49803.574, -49930.4, -50985.715, -51010.86, -49920.43, -49767.3, -50829.566]","[-66468.26, -66718.75, -66352.12, -66000.48, -66369.19, -66718.016, -66440.16, -66019.07, -66286.984, -66713.63]","[-88373.164, -88302.82, -88437.31, -88526.164, -88402.02, -88299.25, -88402.16, -88516.88, -88430.9, -88302.555]","[-84734.48, -84681.375, -84665.81, -84702.83, -84735.77, -84695.38, -84663.375, -84691.45, -84740.58, -84708.33]","[-87673.375, -87602.37, -87750.445, -87841.664, -87703.8, -87600.15, -87714.93, -87835.09, -87736.66, -87603.21]","[-92690.805, -92621.23, -92734.08, -92817.18, -92714.74, -92622.43, -92705.086, -92807.59, -92739.086, -92626.3]","[-71689.664, -71926.77, -71519.91, -71193.19, -71603.27, -71942.375, -71616.46, -71204.48, -71512.91, -71940.41]","[-87590.18, -87536.805, -87517.766, -87561.484, -87591.73, -87545.21, -87512.51, -87545.055, -87589.914, -87554.24]"
Left,2025-10-28 18:44:25,"[-51110.93, -50065.72, -49629.254, -50602.094, -51140.86, -50257.832, -49550.26, -50350.746, -51118.35, -50417.914]","[-66534.59, -66064.516, -66206.65, -66682.945, -66614.26, -66131.8, -66134.38, -66629.68, -66678.54, -66209.086]","[-88383.4, -88525.2, -88464.85, -88321.17, -88353.516, -88504.64, -88499.43, -88348.82, -88339.68, -88499.12]","[-84675.31, -84699.08, -84747.734, -84731.53, -84681.234, -84690.0, -84748.83, -84744.05, -84686.29, -84690.625]","[-87694.14, -87843.85, -87773.69, -87621.945, -87660.39, -87822.44, -87810.7, -87648.81, -87644.836, -87815.78]","[-92691.25, -92818.19, -92773.95, -92652.164, -92670.04, -92798.586, -92803.17, -92670.65, -92653.1, -92789.96]","[-71713.43, -71237.0, -71423.48, -71911.75, -71802.32, -71297.35, -71340.375, -71862.24, -71876.195, -71374.414]","[-87519.87, -87548.695, -87596.82, -87572.33, -87518.66, -87531.11, -87592.77, -87586.0, -87525.45, -87528.25]"
Left,2025-10-28 18:44:25,"[-49517.293, -50152.777, -51039.293, -50569.19, -49536.07, -49911.98, -50939.74, -50730.367, -49606.254, -49703.395]","[-66073.7, -66558.555, -66712.805, -66294.76, -66044.33, -66484.03, -66746.65, -66392.17, -66037.47, -66398.586]","[-88517.87, -88364.74, -88331.63, -88475.734, -88539.53, -88401.98, -88322.766, -88457.23, -88556.85, -88435.33]","[-84738.5, -84746.8, -84702.38, -84693.04, -84739.69, -84761.88, -84711.81, -84696.55, -84740.76, -84775.0]","[-87829.99, -87664.8, -87635.695, -87792.53, -87855.68, -87705.2, -87625.55, -87770.31, -87872.11, -87739.25]","[-92811.84, -92681.484, -92648.9, -92772.37, -92833.14, -92715.46, -92641.86, -92754.13, -92847.2, -92749.03]","[-71282.33, -71798.63, -71922.82, -71462.39, -71239.48, -71711.62, -71953.62, -71550.82, -71220.055, -71627.98]","[-87578.445, -87581.94, -87530.93, -87520.36, -87571.23, -87589.94, -87533.45, -87514.5, -87562.76, -87593.54]"
Left,2025-10-28 18:44:25,"[-50757.617, -50815.574, -49719.465, -49530.527, -50576.164, -50903.66, -49903.98, -49443.78, -50397.707, -50938.195]","[-66756.7, -66490.9, -66064.09, -66317.96, -66752.21, -66586.79, -66115.5, -66241.984, -66721.055, -66662.31]","[-88330.27, -88428.06, -88550.46, -88467.805, -88334.97, -88406.05, -88541.01, -88501.305, -88360.78, -88396.34]","[-84737.07, -84707.1, -84738.01, -84783.875, -84754.46, -84714.09, -84728.445, -84784.68, -84770.266, -84725.16]","[-87632.23, -87741.04, -87867.26, -87772.64, -87632.56, -87713.61, -87856.82, -87806.5, -87658.11, -87701.96]","[-92656.79, -92736.47, -92843.85, -92778.9, -92663.13, -92719.88, -92836.43, -92806.055, -92686.74, -92709.695]","[-71975.63, -71659.54, -71237.67, -71538.57, -71975.27, -71757.39, -71279.555, -71453.945, -71947.49, -71846.33]","[-87547.24, -87512.24, -87549.08, -87595.68, -87560.79, -87518.836, -87541.55, -87594.27, -87572.15, -87525.875]"
Left,2025-10-28 18:44:25,"[-50091.8, -49385.977, -50198.465, -50958.98, -50290.242, -49385.555, -49989.43, -50906.79, -50473.727, -49439.8]","[-66182.555, -66175.4, -66676.04, -66735.24, -66271.38, -66133.266, -66615.484, -66781.29, -66364.34, -66099.05]","[-88540.22, -88536.87, -88382.64, -88383.734, -88531.55, -88566.95, -88418.02, -88374.125, -88518.07, -88582.24]","[-84727.08, -84786.516, -84787.32, -84742.52, -84737.61, -84793.016, -84804.89, -84756.23, -84741.61, -84786.02]","[-87855.34, -87844.14, -87678.72, -87684.125, -87843.05, -87875.01, -87714.03, -87674.16, -87831.83, -87896.05]","[-92830.75, -92834.75, -92706.07, -92702.05, -92828.16, -92863.05, -92736.07, -92693.78, -92816.67, -92878.02]","[-71347.125, -71385.39, -71910.5, -71931.24, -71439.91, -71341.43, -71854.625, -71989.875, -71533.12, -71296.55]","[-87537.414, -87600.4, -87596.22, -87545.46, -87542.664, -87600.71, -87607.08, -87551.47, -87539.65, -87587.57]"
Left,2025-10-28 18:44:25,"[-49781.605, -50818.613, -50665.57, -49586.586, -49665.777, -50730.035, -50808.934, -49751.43, -49546.04, -50596.527]","[-66525.32, -66796.18, -66455.625, -66098.29, -66448.2, -66811.29, -66551.25, -66121.02, -66366.086, -66801.66]","[-88448.78, -88363.69, -88485.91, -88587.14, -88481.44, -88372.02, -88468.27, -88589.53, -88516.91, -88382.555]","[-84813.16, -84761.59, -84736.6, -84779.2, -84825.23, -84783.32, -84748.18, -84774.29, -84829.945, -84798.766]","[-87751.09, -87665.69, -87800.36, -87904.41, -87787.26, -87676.33, -87783.95, -87911.984, -87829.37, -87688.84]","[-92766.87, -92689.04, -92791.28, -92885.18, -92803.57, -92705.96, -92783.43, -92891.34, -92839.0, -92718.81]","[-71764.01, -72022.1, -71630.19, -71291.09, -71687.79, -72040.43, -71726.164, -71304.1, -71597.22, -72040.37]","[-87611.82, -87559.2, -87536.945, -87585.78, -87625.7, -87577.64, -87542.59, -87575.68, -87629.14, -87595.305]"
Left,2025-10-28 18:44:25,"[-50930.754, -49919.312, -49441.633, -50394.51, -50973.2, -50125.62, -49401.11, -50187.824, -50939.516, -50294.867]","[-66638.51, -66167.984, -66290.89, -66773.266, -66726.64, -66243.84, -66226.01, -66726.414, -66787.484, -66325.94]","[-88456.9, -88601.0, -88556.18, -88413.82, -88440.625, -88590.02, -88584.48, -88434.14, -88423.91, -88565.01]","[-84762.266, -84784.484, -84840.94, -84828.914, -84783.38, -84788.59, -84844.984, -84848.67, -84796.44, -84785.77]","[-87774.23, -87927.336, -87873.38, -87724.36, -87759.79, -87919.36, -87908.14, -87748.68, -87744.32, -87896.266]","[-92778.65, -92906.39, -92876.125, -92754.086, -92773.375, -92903.44, -92907.51, -92783.7, -92770.05, -92885.625]","[-71833.79, -71354.055, -71524.04, -72022.8, -71933.75, -71433.72, -71455.33, -71971.32, -71995.664, -71504.1]","[-87555.336, -87584.75, -87643.18, -87625.61, -87579.5, -87593.266, -87650.71, -87645.19, -87589.805, -87586.96]"
Left,2025-10-28 18:44:25,"[-49400.418, -50011.535, -50921.387, -50490.668, -49461.773, -49813.926, -50843.42, -50668.97, -49558.645, -49631.42]","[-66177.77, -66656.34, -66821.75, -66406.97, -66142.234, -66569.17, -66839.56, -66494.14, -66125.53, -66468.37]","[-88597.24, -88446.28, -88406.695, -88548.086, -88615.55, -88483.984, -88403.79, -88529.49, -88626.234, -88510.65]","[-84837.25, -84846.46, -84799.57, -84785.35, -84828.16, -84855.25, -84805.11, -84780.79, -84817.49, -84852.32]","[-87926.22, -87764.59, -87727.89, -87882.03, -87949.58, -87804.38, -87723.625, -87861.0, -87959.75, -87829.88]","[-92917.7, -92789.87, -92753.08, -92868.52, -92928.9, -92818.055, -92741.45, -92844.97, -92933.32, -92838.46]","[-71391.23, -71899.04, -72035.83, -71585.016, -71356.58, -71829.92, -72085.9, -71693.31, -71344.65, -71732.78]","[-87641.77, -87643.25, -87588.305, -87578.586, -87628.74, -87651.41, -87598.52, -87573.76, -87617.875, -87650.51]"
Left,2025-10-28 18:44:25,"[-50694.316, -50787.992, -49705.875, -49515.06, -50555.535, -50888.53, -49908.45, -49416.02, -50336.152, -50924.76]","[-66833.44, -66582.336, -66147.35, -66384.26, -66822.664, -66670.2, -66197.51, -66305.16, -66784.71, -66743.18]","[-88399.27, -88495.2, -88618.14, -88530.86, -88410.72, -88482.58, -88611.59, -88572.34, -88427.055, -88448.6]","[-84809.6, -84778.984, -84807.5, -84846.88, -84826.7, -84793.734, -84803.26, -84858.29, -84845.34, -84792.664]","[-87713.875, -87822.53, -87952.26, -87853.17, -87727.734, -87809.5, -87946.25, -87897.63, -87742.625, -87771.234]","[-92740.65, -92820.805, -92931.625, -92860.234, -92758.16, -92816.445, -92928.336, -92905.27, -92780.836, -92792.375]","[-72090.61, -71788.414, -71359.98, -71638.414, -72075.34, -71880.84, -71405.086, -71556.805, -72047.54, -71960.57]","[-87604.914, -87570.2, -87605.12, -87644.19, -87614.79, -87578.09, -87595.55, -87649.95, -87631.984, -87576.93]"
Left,2025-10-28 18:44:25,"[-50072.98, -49332.98, -50126.023, -50895.95, -50262.055, -49333.94, -49896.74, -50827.176, -50421.938, -49384.66]","[-66260.3, -66225.086, -66717.74, -66786.72, -66335.35, -66178.8, -66653.57, -66835.85, -66429.2, -66152.2]","[-88599.99, -88586.375, -88427.97, -88422.766, -88570.62, -88608.73, -88459.4, -88413.11, -88548.984, -88617.086]","[-84798.96, -84843.445, -84839.65, -84794.07, -84788.75, -84840.92, -84851.49, -84800.086, -84782.2, -84824.805]","[-87933.75, -87914.93, -87746.69, -87747.67, -87907.49, -87943.48, -87781.2, -87735.78, -87882.61, -87949.53]","[-92922.59, -92916.85, -92782.12, -92772.91, -92899.08, -92937.55, -92810.01, -92763.65, -92875.73, -92940.875]","[-71454.98, -71467.18, -71985.914, -72018.69, -71534.75, -71415.03, -71924.27, -72077.42, -71631.734, -71386.305]","[-87588.555, -87637.59, -87628.336, -87578.07, -87576.234, -87628.85, -87638.89, -87587.34, -87574.83, -87623.06]"
Left,2025-10-28 18:44:25,"[-49694.926, -50729.453, -50578.848, -49484.28, -49514.254, -50575.56, -50698.516, -49614.66, -49341.97, -50389.527]","[-66576.59, -66867.34, -66531.13, -66160.49, -66497.266, -66874.23, -66630.86, -66188.81, -66409.2, -66854.336]","[-88489.87, -88409.24, -88530.766, -88630.234, -88528.82, -88417.11, -88506.96, -88634.1, -88559.24, -88413.8]","[-84859.9, -84818.86, -84793.16, -84828.23, -84872.5, -84836.41, -84800.1, -84827.69, -84878.23, -84842.53]","[-87807.58, -87725.45, -87857.734, -87959.055, -87845.06, -87728.43, -87829.414, -87962.54, -87878.37, -87725.836]","[-92839.4, -92767.9, -92866.805, -92955.67, -92873.78, -92773.305, -92844.5, -92957.305, -92901.805, -92773.086]","[-71846.484, -72114.88, -71729.12, -71371.625, -71747.625, -72120.97, -71829.08, -71390.94, -71657.48, -72109.14]","[-87652.01, -87603.37, -87581.6, -87624.05, -87666.0, -87624.94, -87585.086, -87616.36, -87666.2, -87629.99]"
Left,2025-10-28 18:44:25,"[-50765.66, -49799.15, -49291.61, -50194.016, -50810.88, -49980.715, -49222.027, -50000.094, -50780.527, -50136.46]","[-66712.31, -66241.07, -66336.42, -66812.96, -66781.89, -66301.58, -66259.22, -66751.41, -66824.766, -66369.234]","[-88478.8, -88615.62, -88579.41, -88435.37, -88454.55, -88613.65, -88611.34, -88457.055, -88452.38, -88603.7]","[-84802.336, -84815.59, -84867.984, -84855.38, -84800.87, -84809.23, -84858.17, -84854.64, -84809.47, -84809.25]","[-87799.44, -87945.555, -87900.02, -87744.61, -87767.92, -87935.61, -87924.32, -87756.62, -87754.42, -87915.22]","[-92822.97, -92941.7, -92915.69, -92786.14, -92789.67, -92923.84, -92926.46, -92792.82, -92781.06, -92909.2]","[-71915.266, -71432.64, -71572.66, -72065.016, -71989.25, -71479.74, -71478.06, -71994.99, -72036.7, -71552.0]","[-87588.484, -87610.63, -87662.336, -87644.07, -87589.96, -87610.59, -87669.555, -87665.87, -87619.664, -87624.72]"
Left,2025-10-28 18:44:25,"[-49192.03, -49753.22, -50683.05, -50306.086, -49240.78, -49535.2, -50572.656, -50453.566, -49325.45, -49346.395]","[-66202.734, -66679.52, -66865.4, -66464.68, -66177.37, -66591.52, -66886.03, -66562.13, -66180.9, -66512.35]","[-88639.11, -88489.75, -88440.805, -88573.73, -88648.13, -88515.92, -88430.56, -88549.766, -88661.37, -88556.586]","[-84860.81, -84876.03, -84825.67, -84804.016, -84850.06, -84876.55, -84830.125, -84805.445, -84845.99, -84884.88]","[-87946.09, -87784.086, -87737.34, -87882.66, -87957.29, -87812.29, -87725.75, -87856.234, -87970.9, -87851.45]","[-92946.31, -92822.484, -92771.695, -92879.45, -92950.266, -92838.91, -92758.64, -92858.336, -92959.12, -92871.99]","[-71427.55, -71935.734, -72096.11, -71653.68, -71390.664, -71847.16, -72122.93, -71747.83, -71380.586, -71757.26]","[-87680.8, -87690.45, -87639.445, -87625.234, -87676.82, -87703.62, -87655.3, -87630.71, -87678.945, -87721.68]"
Left,2025-10-28 18:44:25,"[-50427.457, -50564.137, -49486.023, -49212.082, -50236.527, -50621.805, -49638.867, -49116.996, -50053.805, -50676.793]","[-66895.35, -66659.65, -66214.61, -66427.57, -66874.27, -66737.64, -66259.016, -66347.06, -66835.49, -66816.78]","[-88441.625, -88539.555, -88667.07, -88594.85, -88455.734, -88515.32, -88659.914, -88614.09, -88469.39, -88503.27]","[-84845.19, -84813.625, -84837.63, -84889.04, -84861.234, -84814.55, -84830.03, -84876.836, -84862.555, -84820.336]","[-87731.54, -87839.27, -87971.125, -87886.3, -87739.96, -87808.47, -87961.516, -87905.92, -87751.36, -87793.0]","[-92770.87, -92849.86, -92959.61, -92906.414, -92786.16, -92828.23, -92954.29, -92920.16, -92793.734, -92815.93]","[-72135.805, -71850.98, -71416.46, -71675.875, -72123.78, -71936.766, -71442.48, -71573.59, -72077.6, -72013.55]","[-87678.74, -87644.766, -87675.55, -87721.7, -87687.28, -87639.49, -87659.66, -87708.24, -87692.17, -87648.32]"
Left,2025-10-28 18:44:25,"[-49845.53, -49060.203, -49824.453, -50637.965, -50019.83, -49064.74, -49596.82, -50532.62, -50165.16, -49106.65]","[-66344.695, -66295.43, -66786.79, -66876.29, -66426.68, -66249.766, -66717.12, -66911.984, -66515.375, -66223.97]","[-88665.5, -88669.64, -88510.31, -88498.02, -88653.32, -88687.79, -88541.38, -88490.76, -88622.14, -88698.96]","[-84835.47, -84890.516, -84880.88, -84834.55, -84834.86, -84882.445, -84898.09, -84852.38, -84830.99, -84876.7]","[-87965.67, -87962.81, -87791.26, -87785.05, -87951.7, -87982.59, -87824.38, -87776.46, -87919.56, -87998.664]","[-92956.234, -92966.31, -92824.9, -92808.94, -92942.33, -92978.83, -92856.81, -92808.35, -92915.664, -92988.71]","[-71511.73, -71506.625, -72036.07, -72094.81, -71610.34, -71469.234, -71970.72, -72140.61, -71701.83, -71436.4]","[-87668.5, -87725.75, -87719.664, -87669.78, -87674.07, -87725.39, -87733.01, -87682.23, -87665.305, -87717.27]"
Left,2025-10-28 18:44:25,"[-49388.348, -50427.68, -50328.17, -49227.973, -49214.45, -50274.46, -50439.816, -49375.34, -49070.016, -50097.03]","[-66636.63, -66935.586, -66618.86, -66238.03, -66564.88, -66950.94, -66723.445, -66276.66, -66480.59, -66933.26]","[-88565.77, -88481.414, -88598.54, -88706.45, -88610.766, -88496.5, -88583.984, -88713.2, -88643.42, -88499.32]","[-84906.21, -84862.11, -84838.86, -84880.234, -84931.04, -84893.96, -84857.68, -84884.95, -84937.37, -84902.79]","[-87855.21, -87770.14, -87900.05, -88012.14, -87903.89, -87784.98, -87885.05, -88023.09, -87943.5, -87792.89]","[-92880.82, -92804.6, -92901.92, -93001.92, -92928.49, -92825.875, -92896.04, -93013.01, -92961.914, -92832.43]","[-71890.41, -72175.77, -71811.195, -71439.414, -71807.57, -72193.12, -71917.836, -71470.555, -71718.3, -72173.734]","[-87742.04, -87693.94, -87672.08, -87718.77, -87767.21, -87729.19, -87692.58, -87726.93, -87777.16, -87741.08]"
Left,2025-10-28 18:44:25,"[-50499.273, -49523.016, -48964.74, -49894.39, -50553.32, -49753.285, -48969.453, -49721.434, -50539.773, -49939.363]","[-66807.266, -66328.16, -66403.34, -66892.16, -66880.04, -66405.24, -66352.2, -66847.05, -66936.37, -66484.7]","[-88562.125, -88707.66, -88664.14, -88510.27, -88535.82, -88698.92, -88707.34, -88549.945, -88530.19, -88680.55]","[-84865.15, -84878.16, -84924.6, -84908.06, -84862.11, -84874.914, -84932.586, -84931.87, -84879.56, -84876.52]","[-87864.98, -88018.29, -87964.69, -87800.16, -87832.055, -88005.21, -88006.51, -87838.914, -87823.625, -87987.62]","[-92881.16, -93006.55, -92975.21, -92841.57, -92854.76, -92993.984, -93007.4, -92875.7, -92850.82, -92978.61]","[-71992.04, -71495.945, -71613.11, -72124.45, -72074.32, -71574.96, -71563.71, -72087.75, -72147.875, -71661.99]","[-87697.875, -87718.664, -87765.484, -87745.75, -87697.96, -87714.1, -87772.95, -87766.72, -87706.79, -87702.55]"
Left,2025-10-28 18:44:25,"[-48972.492, -49485.867, -50444.78, -50102.71, -49042.03, -49309.402, -50376.406, -50304.547, -49218.81, -49180.992]","[-66296.234, -66760.15, -66963.79, -66576.1, -66275.625, -66682.54, -66991.93, -66678.74, -66290.734, -66598.19]","[-88721.02, -88574.06, -88515.68, -88647.664, -88727.664, -88594.96, -88505.78, -88627.055, -88737.25, -88646.52]","[-84924.65, -84938.195, -84887.586, -84870.734, -84914.01, -84945.39, -84898.14, -84871.766, -84907.484, -84953.414]","[-88026.69, -87867.86, -87811.625, -87957.11, -88038.11, -87893.25, -87801.41, -87933.64, -88047.03, -87942.734]","[-93020.336, -92896.734, -92842.04, -92953.28, -93027.49, -92918.46, -92834.305, -92932.695, -93030.35, -92957.484]","[-71509.35, -72011.375, -72194.91, -71759.02, -71481.91, -71930.46, -72223.805, -71858.0, -71479.9, -71832.67]","[-87755.09, -87765.96, -87710.93, -87695.52, -87744.45, -87773.0, -87724.984, -87703.88, -87744.92, -87787.68]"
Left,2025-10-28 18:44:25,"[-50235.344, -50424.863, -49364.97, -49053.453, -50069.83, -50498.895, -49553.84, -48954.88, -49857.867, -50514.81]","[-66987.17, -66768.55, -66317.49, -66509.02, -66964.82, -66846.96, -66365.59, -66427.8, -66919.67, -66913.91]","[-88525.13, -88611.57, -88741.14, -88669.484, -88535.39, -88590.18, -88732.336, -88710.164, -88550.414, -88567.71]","[-84912.49, -84874.086, -84895.59, -84943.49, -84925.32, -84886.72, -84896.53, -84957.375, -84941.97, -84894.586]","[-87815.69, -87911.58, -88047.79, -87967.1, -87825.52, -87889.38, -88041.625, -88011.086, -87842.266, -87867.75]","[-92849.77, -92914.836, -93026.71, -92973.06, -92856.86, -92899.26, -93021.164, -93010.46, -92874.07, -92885.336]","[-72224.836, -71961.98, -71513.22, -71755.42, -72217.73, -72054.76, -71560.27, -71662.77, -72173.72, -72124.03]","[-87746.13, -87705.74, -87735.16, -87781.56, -87754.734, -87712.36, -87730.26, -87788.914, -87770.23, -87719.016]"
Left,2025-10-28 18:44:25,"[-49720.72, -48905.46, -49639.113, -50481.617, -49913.21, -48927.945, -49406.88, -50364.293, -50053.582, -48975.6]","[-66439.31, -66369.8, -66866.945, -66976.555, -66539.94, -66342.414, -66803.04, -67013.7, -66631.6, -66321.07]","[-88721.336, -88730.305, -88577.15, -88563.42, -88716.82, -88768.97, -88627.62, -88564.43, -88691.766, -88773.24]","[-84901.83, -84953.55, -84952.9, -84910.34, -84908.4, -84963.36, -84988.22, -84932.586, -84908.16, -84950.086]","[-88033.51, -88037.195, -87872.11, -87861.82, -88026.625, -88077.05, -87922.266, -87859.37, -88000.3, -88083.69]","[-93020.61, -93032.875, -92900.87, -92882.516, -93011.51, -93066.23, -92951.14, -92887.68, -92992.4, -93068.375]","[-71618.25, -71584.5, -72112.49, -72191.484, -71718.68, -71555.89, -72057.69, -72249.484, -71821.79, -71531.15]","[-87728.41, -87785.23, -87784.15, -87735.086, -87741.28, -87800.65, -87819.58, -87761.914, -87738.42, -87783.62]"
Left,2025-10-28 18:44:25,"[-49224.44, -50286.82, -50235.457, -49129.895, -49068.83, -50139.477, -50355.62, -49300.84, -48975.867, -49998.15]","[-66720.07, -67034.734, -66730.77, -66333.766, -66634.59, -67033.82, -66822.77, -66370.24, -66553.305, -67012.63]","[-88641.52, -88549.37, -88664.5, -88778.54, -88683.516, -88559.65, -88644.41, -88783.23, -88713.875, -88575.96]","[-84977.17, -84936.83, -84913.31, -84950.266, -84994.12, -84952.86, -84915.93, -84947.72, -84994.61, -84972.81]","[-87940.08, -87848.75, -87976.78, -88094.82, -87985.92, -87856.62, -87952.234, -88099.49, -88020.01, -87875.1]","[-92959.875, -92879.34, -92975.68, -93078.48, -93000.29, -92886.2, -92951.984, -93076.266, -93023.89, -92903.22]","[-71969.42, -72269.875, -71913.2, -71524.71, -71872.836, -72273.516, -72014.95, -71565.125, -71802.766, -72273.49]","[-87806.15, -87755.92, -87729.86, -87772.1, -87814.95, -87776.17, -87740.19, -87776.62, -87821.63, -87792.49]"
Left,2025-10-28 18:44:25,"[-50450.324, -49502.32, -48896.586, -49781.87, -50461.656, -49699.438, -48898.555, -49604.152, -50427.86, -49884.49]","[-66904.16, -66420.53, -66471.54, -66961.49, -66964.22, -66487.45, -66406.3, -66892.18, -66997.586, -66552.97]","[-88629.05, -88774.555, -88744.74, -88594.94, -88601.805, -88754.64, -88757.57, -88613.4, -88586.266, -88719.46]","[-84933.32, -84944.03, -84995.88, -84985.96, -84932.36, -84933.03, -84980.375, -84988.734, -84936.45, -84918.125]","[-87937.086, -88092.18, -88055.19, -87894.81, -87908.3, -88074.01, -88072.266, -87918.04, -87895.98, -88042.74]","[-92943.516, -93070.3, -93053.305, -92923.51, -92919.24, -93048.93, -93057.82, -92937.28, -92907.06, -93020.49]","[-72113.055, -71610.2, -71703.81, -72207.4, -72169.13, -71666.87, -71629.945, -72142.53, -72216.695, -71740.65]","[-87746.35, -87766.0, -87821.1, -87805.72, -87747.85, -87751.43, -87804.875, -87809.19, -87754.78, -87742.195]"
Left,2025-10-28 18:44:25,"[-48923.7, -49380.523, -50347.797, -50038.65, -48967.13, -49161.254, -50204.297, -50178.906, -49052.734, -48985.703]","[-66342.08, -66791.77, -67016.14, -66632.92, -66315.48, -66708.734, -67036.93, -66742.6, -66338.08, -66635.22]","[-88760.66, -88625.13, -88560.2, -88689.69, -88767.805, -88655.984, -88559.49, -88668.66, -88783.63, -88679.18]","[-84962.78, -84989.54, -84940.01, -84917.12, -84955.05, -84994.766, -84952.09, -84924.42, -84963.32, -85000.375]","[-88083.82, -87936.1, -87872.93, -88015.05, -88094.39, -87969.36, -87870.09, -87992.76, -88112.836, -87995.78]","[-93067.48, -92959.586, -92898.7, -93001.9, -93074.43, -92982.85, -92893.72, -92984.77, -93091.664, -93006.81]","[-71560.79, -72043.14, -72244.19, -71816.18, -71520.93, -71951.02, -72264.8, -71919.64, -71524.95, -71869.42]","[-87786.945, -87805.01, -87753.195, -87731.02, -87773.445, -87810.08, -87765.71, -87734.086, -87774.945, -87811.33]"
Left,2025-10-28 18:44:25,"[-50046.875, -50252.71, -49208.17, -48833.58, -49838.223, -50303.184, -49373.527, -48753.18, -49634.887, -50344.957]","[-67035.38, -66829.77, -66372.81, -66542.84, -67006.82, -66908.43, -66429.695, -66467.805, -66960.375, -66977.49]","[-88557.92, -88643.8, -88773.44, -88715.64, -88572.41, -88624.734, -88769.93, -88743.82, -88587.54, -88599.45]","[-84962.83, -84927.484, -84945.95, -85000.51, -84975.41, -84932.445, -84943.71, -84994.32, -84982.336, -84936.23]","[-87868.664, -87964.555, -88101.52, -88033.195, -87882.45, -87943.36, -88098.64, -88063.664, -87896.984, -87915.49]","[-92898.88, -92967.25, -93079.57, -93038.0, -92911.125, -92949.33, -93076.93, -93060.28, -92924.0, -92930.62]","[-72271.055, -72012.9, -71557.34, -71778.94, -72254.56, -72106.484, -71611.03, -71697.805, -72212.74, -72185.07]","[-87769.086, -87731.65, -87758.875, -87811.64, -87783.7, -87737.46, -87754.0, -87809.52, -87794.68, -87745.04]"
Left,2025-10-28 18:44:25,"[-49588.73, -48730.492, -49414.363, -50279.6, -49763.387, -48753.246, -49206.383, -50188.406, -49900.47, -48823.387]","[-66506.586, -66412.6, -66902.95, -67032.7, -66602.79, -66381.87, -66834.69, -67064.82, -66692.6, -66367.29]","[-88758.375, -88778.086, -88624.64, -88597.484, -88746.08, -88804.06, -88661.5, -88599.9, -88731.71, -88814.91]","[-84944.586, -85003.21, -85007.93, -84962.24, -84956.34, -85010.39, -85030.664, -84980.125, -84960.03, -84996.484]","[-88086.15, -88100.43, -87935.27, -87912.07, -88071.22, -88127.92, -87972.8, -87911.445, -88055.75, -88141.555]","[-93070.67, -93093.49, -92962.16, -92934.64, -93060.52, -93118.016, -93000.49, -92943.83, -93048.91, -93120.43]","[-71683.586, -71631.87, -72155.97, -72254.74, -71783.945, -71590.89, -72082.12, -72290.055, -71870.42, -71565.66]","[-87757.22, -87816.16, -87817.3, -87767.55, -87764.28, -87817.836, -87834.04, -87784.51, -87766.13, -87807.76]"
Left,2025-10-28 18:44:25,"[-49011.832, -50063.438, -50039.61, -48949.94, -48832.414, -49891.887, -50158.008, -49108.504, -48717.727, -49701.25]","[-66749.69, -67080.96, -66799.28, -66396.91, -66681.65, -67098.375, -66908.625, -66445.79, -66601.266, -67064.445]","[-88697.336, -88606.49, -88720.35, -88835.266, -88749.37, -88620.914, -88695.43, -88834.91, -88774.24, -88631.125]","[-85031.94, -84995.055, -84973.555, -85006.97, -85057.35, -85024.07, -84982.92, -85006.63, -85055.25, -85032.63]","[-88011.336, -87916.945, -88041.78, -88160.0, -88059.39, -87924.07, -88007.96, -88154.68, -88084.29, -87933.73]","[-93025.945, -92941.44, -93033.73, -93134.555, -93068.46, -92956.19, -93013.74, -93137.46, -93092.84, -92968.484]","[-71993.41, -72314.375, -71977.22, -71584.77, -71917.01, -72337.33, -72101.19, -71631.62, -71836.07, -72311.85]","[-87840.3, -87796.02, -87773.516, -87811.664, -87860.88, -87826.4, -87782.5, -87811.555, -87861.29, -87833.8]"
Left,2025-10-28 18:44:25,"[-50189.902, -49276.387, -48644.95, -49484.19, -50186.26, -49446.574, -48574.945, -49247.91, -50139.926, -49640.027]","[-66973.875, -66493.086, -66523.17, -67014.58, -67037.58, -66568.55, -66465.84, -66956.98, -67091.484, -66663.41]","[-88678.02, -88822.79, -88797.02, -88653.43, -88655.16, -88808.78, -88826.03, -88673.375, -88636.94, -88786.36]","[-84987.63, -84997.96, -85048.66, -85049.04, -84995.62, -84996.914, -85049.57, -85055.805, -84999.91, -84990.01]","[-87988.4, -88142.41, -88108.766, -87954.805, -87964.53, -88131.07, -88144.195, -87979.53, -87947.03, -88108.81]","[-93000.29, -93124.45, -93111.82, -92989.875, -92982.945, -93116.81, -93139.586, -93010.34, -92970.41, -93093.27]","[-72179.1, -71680.28, -71753.95, -72266.48, -72251.88, -71748.56, -71678.625, -72196.25, -72301.03, -71833.164]","[-87785.85, -87803.11, -87854.96, -87845.17, -87790.586, -87797.79, -87856.055, -87859.61, -87800.42, -87790.68]"
Left,2025-10-28 18:44:25,"[-48635.496, -49060.78, -50070.055, -49823.18, -48709.793, -48863.46, -49960.195, -49969.047, -48868.2, -48735.676]","[-66436.58, -66882.586, -67122.76, -66759.72, -66425.16, -66801.54, -67141.734, -66855.66, -66442.51, -66716.54]","[-88848.36, -88710.41, -88634.32, -88769.664, -88870.24, -88739.69, -88627.64, -88742.8, -88861.69, -88766.84]","[-85043.07, -85066.625, -85013.12, -84997.36, -85045.51, -85075.26, -85020.94, -84996.914, -85035.29, -85081.71]","[-88169.18, -88018.31, -87942.914, -88090.21, -88192.14, -88047.01, -87931.56, -88056.77, -88179.71, -88073.31]","[-93150.72, -93034.58, -92964.64, -93078.63, -93169.336, -93060.68, -92957.75, -93052.68, -93163.39, -93090.5]","[-71640.72, -72123.72, -72343.08, -71927.22, -71608.89, -72033.1, -72365.61, -72031.49, -71625.61, -71941.99]","[-87845.75, -87865.734, -87808.56, -87791.75, -87845.95, -87876.76, -87820.164, -87790.08, -87829.484, -87874.45]"
Left,2025-10-28 18:44:25,"[-49795.06, -50064.242, -49040.754, -48629.06, -49610.637, -50139.746, -49247.867, -48580.355, -49405.535, -50151.01]","[-67131.03, -66942.83, -66481.51, -66633.03, -67099.625, -67020.03, -66541.52, -66558.6, -67050.984, -67087.8]","[-88636.734, -88715.93, -88850.266, -88797.29, -88649.25, -88686.24, -88837.92, -88827.8, -88679.25, -88671.6]","[-85042.914, -85004.31, -85023.53, -85077.87, -85054.36, -85005.3, -85015.77, -85077.16, -85077.086, -85020.47]","[-87937.51, -88026.02, -88167.1, -88103.67, -87948.03, -87994.93, -88156.71, -88140.26, -87981.336, -87979.28]","[-92974.74, -93036.27, -93154.07, -93116.18, -92986.74, -93011.95, -93142.445, -93144.97, -93017.32, -93001.41]","[-72355.5, -72117.59, -71647.17, -71843.695, -72324.48, -72198.26, -71698.25, -71758.734, -72275.51, -72277.2]","[-87832.09, -87790.66, -87816.05, -87869.94, -87844.81, -87792.625, -87810.33, -87870.54, -87863.48, -87806.46]"
Left,2025-10-28 18:44:25,"[-49456.05, -48562.785, -49201.867, -50100.363, -49620.516, -48599.31, -48994.734, -49998.527, -49782.61, -48671.348]","[-66623.78, -66503.91, -66989.164, -67135.63, -66711.17, -66469.305, -66911.16, -67164.24, -66804.6, -66455.445]","[-88830.68, -88858.96, -88703.79, -88665.81, -88809.72, -88870.96, -88739.71, -88666.914, -88792.06, -88888.15]","[-85022.93, -85079.88, -85086.63, -85032.09, -85020.54, -85070.0, -85098.164, -85051.54, -85024.38, -85065.484]","[-88149.85, -88174.91, -88007.89, -87973.65, -88130.734, -88192.07, -88047.81, -87976.11, -88113.125, -88211.56]","[-93137.26, -93169.6, -93038.734, -92998.73, -93119.13, -93177.516, -93068.33, -93001.45, -93100.76, -93187.53]","[-71781.15, -71702.09, -72217.95, -72336.125, -71867.54, -71650.016, -72130.484, -72372.42, -71968.68, -71635.125]","[-87812.9, -87875.305, -87878.92, -87821.28, -87810.305, -87862.23, -87887.305, -87837.33, -87811.78, -87858.13]"
Left,2025-10-28 18:44:25,"[-48788.875, -49848.08, -49898.773, -48812.098, -48656.33, -49715.555, -49998.55, -48954.32, -48526.555, -49508.758]","[-66820.92, -67167.016, -66898.55, -66484.64, -66749.88, -67166.91, -66985.586, -66518.28, -66662.555, -67139.5]","[-88770.195, -88663.96, -88765.98, -88891.14, -88807.57, -88674.445, -88752.875, -88891.68, -88831.95, -88689.58]","[-85104.13, -85063.74, -85030.39, -85064.39, -85112.984, -85077.375, -85043.74, -85067.55, -85115.47, -85097.96]","[-88081.14, -87971.64, -88084.41, -88214.65, -88119.9, -87982.32, -88072.555, -88219.74, -88149.4, -87998.95]","[-93094.01, -92999.484, -93078.945, -93188.94, -93123.6, -93006.37, -93072.016, -93196.13, -93153.13, -93030.33]","[-72040.86, -72375.77, -72056.99, -71648.16, -71961.82, -72388.27, -72160.53, -71691.48, -71882.65, -72370.945]","[-87891.62, -87845.26, -87812.78, -87855.39, -87904.695, -87859.92, -87819.04, -87848.7, -87898.77, -87877.54]"
Left,2025-10-28 18:44:25,"[-50033.91, -49142.703, -48455.387, -49290.76, -50043.254, -49334.367, -48426.934, -49052.668, -49947.23, -49465.305]","[-67071.04, -66591.62, -66599.59, -67096.12, -67145.31, -66683.5, -66552.3, -67035.01, -67187.805, -66769.4]","[-88731.22, -88882.9, -88865.91, -88714.21, -88717.54, -88877.06, -88895.73, -88746.305, -88709.05, -88854.016]","[-85058.02, -85073.266, -85128.23, -85124.92, -85081.06, -85088.15, -85134.76, -85144.74, -85094.7, -85083.19]","[-88048.91, -88211.18, -88188.63, -88028.234, -88037.15, -88210.02, -88225.35, -88064.29, -88031.02, -88189.52]","[-93062.516, -93196.13, -93188.83, -93060.08, -93057.6, -93199.53, -93222.35, -93095.44, -93056.98, -93179.08]","[-72259.52, -71761.305, -71811.15, -72330.445, -72341.31, -71844.81, -71755.29, -72268.24, -72390.77, -71930.84]","[-87833.414, -87849.22, -87904.41, -87895.086, -87846.83, -87855.01, -87907.086, -87910.125, -87853.11, -87844.836]"
Left,2025-10-28 18:44:25,"[-48429.77, -48798.887, -49805.61, -49604.957, -48491.93, -48580.42, -49630.24, -49666.78, -48581.113, -48377.47]","[-66520.24, -66954.74, -67213.04, -66863.055, -66508.87, -66861.82, -67210.35, -66938.984, -66515.7, -66766.984]","[-88914.79, -88785.58, -88709.58, -88833.74, -88929.88, -88812.734, -88708.59, -88807.234, -88923.98, -88840.336]","[-85128.09, -85154.58, -85104.4, -85079.945, -85120.586, -85154.76, -85112.695, -85078.54, -85103.69, -85151.74]","[-88251.08, -88107.516, -88029.71, -88165.12, -88263.04, -88134.05, -88026.6, -88133.64, -88255.664, -88160.375]","[-93235.695, -93125.46, -93050.914, -93153.484, -93243.01, -93149.086, -93056.66, -93131.43, -93235.36, -93173.41]","[-71713.47, -72182.97, -72422.47, -72025.34, -71688.82, -72087.93, -72435.055, -72118.04, -71698.23, -71992.8]","[-87896.086, -87921.01, -87870.9, -87847.695, -87890.01, -87920.61, -87875.39, -87840.66, -87869.984, -87912.92]"
Left,2025-10-28 18:44:25,"[-49408.375, -49731.758, -48717.46, -48237.97, -49199.81, -49738.98, -48859.93, -48148.473, -48946.477, -49700.02]","[-67190.1, -67027.45, -66557.195, -66679.59, -67157.805, -67099.16, -66623.33, -66617.32, -67113.62, -67168.6]","[-88706.14, -88767.766, -88907.195, -88852.81, -88704.82, -88742.234, -88893.695, -88886.2, -88736.9, -88736.695]","[-85117.766, -85075.12, -85096.266, -85146.35, -85131.89, -85089.05, -85100.375, -85156.03, -85154.24, -85105.09]","[-88020.08, -88090.195, -88239.52, -88176.49, -88021.195, -88067.82, -88230.47, -88216.68, -88057.67, -88064.95]","[-93055.945, -93103.305, -93230.555, -93194.77, -93070.516, -93096.6, -93228.75, -93229.59, -93101.07, -93092.71]","[-72420.57, -72207.0, -71726.305, -71898.9, -72388.49, -72283.17, -71784.86, -71823.84, -72346.31, -72365.61]","[-87874.3, -87830.64, -87851.875, -87901.92, -87880.87, -87836.27, -87853.016, -87910.195, -87905.73, -87854.9]"
Left,2025-10-28 18:44:25,"[-49026.76, -48125.25, -48716.633, -49622.15, -49155.152, -48126.234, -48473.09, -49503.1, -49327.26, -48216.445]","[-66708.36, -66568.86, -67047.74, -67212.79, -66798.48, -66536.96, -66964.44, -67235.1, -66889.12, -66529.12]","[-88888.555, -88920.83, -88777.664, -88739.94, -88887.73, -88943.445, -88813.16, -88734.46, -88854.69, -88957.91]","[-85103.305, -85158.18, -85175.03, -85125.26, -85118.86, -85157.4, -85185.875, -85140.52, -85111.82, -85154.42]","[-88230.56, -88262.77, -88109.77, -88075.305, -88238.12, -88296.74, -88154.37, -88075.06, -88208.61, -88315.41]","[-93220.945, -93259.63, -93140.37, -93097.23, -93221.33, -93274.63, -93165.24, -93091.51, -93190.26, -93286.21]","[-71871.61, -71767.12, -72278.59, -72419.41, -71967.875, -71739.76, -72205.34, -72464.02, -72076.484, -71736.43]","[-87858.43, -87914.59, -87926.94, -87875.64, -87871.52, -87916.61, -87939.72, -87889.23, -87863.945, -87912.516]"
Left,2025-10-28 18:44:25,"[-48281.957, -49357.414, -49430.035, -48316.133, -48101.78, -49139.574, -49488.977, -48493.094, -48005.312, -48950.03]","[-66877.67, -67235.836, -66978.26, -66548.23, -66790.41, -67230.09, -67079.016, -66614.39, -66728.65, -67203.09]","[-88843.24, -88727.33, -88831.87, -88959.12, -88871.45, -88738.664, -88801.266, -88943.56, -88898.97, -88750.64]","[-85194.14, -85148.57, -85120.67, -85154.914, -85200.13, -85176.64, -85138.33, -85160.57, -85215.53, -85198.055]","[-88188.38, -88067.86, -88182.57, -88315.695, -88215.984, -88076.85, -88149.58, -88302.53, -88251.44, -88094.93]","[-93193.97, -93091.195, -93176.94, -93291.914, -93224.12, -93110.414, -93159.414, -93284.625, -93257.11, -93129.195]","[-72128.586, -72478.26, -72166.25, -71740.12, -72028.07, -72469.766, -72268.305, -71795.39, -71956.3, -72446.25]","[-87947.14, -87894.15, -87861.49, -87902.39, -87946.516, -87916.5, -87873.875, -87902.35, -87957.445, -87935.2]"
Left,2025-10-28 18:44:25,"[-49512.848, -48663.168, -47922.543, -48709.84, -49490.516, -48848.484, -47917.83, -48503.152, -49421.137, -48976.023]","[-67151.86, -66675.81, -66656.164, -67149.58, -67213.73, -66760.97, -66604.31, -67074.92, -67244.42, -66831.41]","[-88780.305, -88929.55, -88929.14, -88778.625, -88765.62, -88923.086, -88962.87, -88814.45, -88773.98, -88917.61]","[-85150.336, -85158.49, -85219.695, -85220.07, -85165.664, -85166.49, -85216.31, -85224.32, -85175.44, -85159.875]","[-88133.086, -88293.484, -88286.26, -88124.08, -88115.45, -88282.87, -88317.445, -88153.0, -88113.484, -88268.54]","[-93145.33, -93272.914, -93281.12, -93151.68, -93131.13, -93263.8, -93300.586, -93171.62, -93130.6, -93247.97]","[-72352.42, -71857.8, -71885.984, -72405.93, -72434.94, -71946.625, -71829.37, -72336.8, -72474.5, -72015.266]","[-87885.49, -87899.62, -87962.07, -87959.52, -87906.88, -87911.445, -87971.91, -87982.164, -87933.15, -87923.78]"
Left,2025-10-28 18:44:25,"[-47935.574, -48279.344, -49307.883, -49149.34, -48030.03, -48071.605, -49145.16, -49232.668, -48122.5, -47895.473]","[-66559.43, -66981.96, -67258.7, -66920.32, -66550.914, -66889.72, -67256.53, -67007.555, -66573.58, -66809.7]","[-88977.11, -88843.76, -88763.9, -88881.086, -88988.016, -88874.47, -88762.484, -88866.53, -88995.51, -88906.86]","[-85195.414, -85221.66, -85178.836, -85153.24, -85197.05, -85237.305, -85195.086, -85168.57, -85200.4, -85243.79]","[-88326.766, -88177.54, -88095.086, -88223.695, -88334.01, -88207.36, -88091.89, -88206.76, -88340.266, -88239.234]","[-93301.32, -93190.44, -93119.266, -93216.54, -93315.78, -93224.766, -93123.67, -93207.914, -93321.84, -93252.39]","[-71773.89, -72235.79, -72492.14, -72105.74, -71750.664, -72135.36, -72498.29, -72200.76, -71773.84, -72056.7]","[-87970.19, -87994.08, -87946.65, -87922.51, -87971.91, -88010.69, -87965.78, -87935.09, -87973.6, -88018.06]"
Left,2025-10-28 18:44:25,"[-48921.89, -49263.914, -48271.05, -47759.777, -48692.582, -49266.44, -48408.38, -47653.516, -48432.7, -49204.55]","[-67244.06, -67089.37, -66616.29, -66720.445, -67198.28, -67154.56, -66678.74, -66648.34, -67143.39, -67211.92]","[-88777.75, -88839.336, -88981.42, -88937.66, -88791.91, -88818.44, -88966.58, -88965.82, -88811.234, -88803.055]","[-85215.29, -85171.99, -85188.195, -85238.06, -85223.38, -85175.7, -85180.35, -85235.41, -85232.43, -85183.484]","[-88104.63, -88175.06, -88325.13, -88272.266, -88117.1, -88150.516, -88309.62, -88304.43, -88139.66, -88137.96]","[-93141.016, -93185.36, -93307.24, -93276.29, -93152.26, -93167.48, -93294.7, -93303.06, -93169.086, -93157.47]","[-72490.64, -72290.37, -71809.72, -71960.1, -72456.11, -72372.734, -71871.79, -71885.2, -72403.49, -72433.31]","[-87987.06, -87945.375, -87968.4, -88024.14, -88005.66, -87954.02, -87964.086, -88022.6, -88018.51, -87964.93]"
Left,2025-10-28 18:44:25,"[-48566.34, -47635.008, -48184.75, -49111.836, -48709.035, -47655.91, -47961.12, -48990.688, -48831.656, -47734.99]","[-66756.59, -66591.97, -67059.93, -67244.016, -66836.03, -66557.62, -66976.6, -67263.086, -66935.63, -66562.76]","[-88949.64, -88984.555, -88839.6, -88793.734, -88932.2, -88998.74, -88869.4, -88788.98, -88916.13, -89005.875]","[-85175.73, -85220.43, -85235.61, -85189.07, -85167.88, -85208.07, -85238.4, -85196.85, -85178.01, -85206.73]","[-88296.3, -88326.25, -88168.67, -88124.14, -88274.055, -88340.555, -88197.88, -88116.27, -88253.805, -88345.586]","[-93281.02, -93311.07, -93187.58, -93141.17, -93254.695, -93318.33, -93211.83, -93141.51, -93247.34, -93325.89]","[-71946.625, -71820.516, -72320.66, -72479.664, -72033.55, -71780.99, -72240.99, -72510.94, -72130.445, -71779.41]","[-87959.14, -88009.836, -88020.86, -87971.59, -87956.51, -88000.07, -88023.94, -87976.84, -87962.3, -87998.51]"
Left,2025-10-28 18:44:25,"[-47775.066, -48833.242, -48954.434, -47872.297, -47591.47, -48611.535, -48986.55, -48020.645, -47509.24, -48433.684]","[-66896.83, -67272.49, -67031.72, -66591.59, -66808.445, -67253.07, -67122.445, -66660.14, -66751.63, -67229.195]","[-88900.734, -88792.87, -88887.45, -89014.8, -88942.22, -88802.79, -88863.516, -89006.055, -88968.34, -88819.77]","[-85249.69, -85217.63, -85184.914, -85211.78, -85266.41, -85238.914, -85197.516, -85213.32, -85263.63, -85248.055]","[-88227.39, -88115.0, -88220.34, -88354.19, -88271.445, -88127.05, -88197.73, -88350.45, -88304.414, -88145.69]","[-93243.79, -93149.33, -93224.14, -93337.51, -93285.945, -93165.78, -93211.22, -93334.23, -93307.555, -93180.31]","[-72161.42, -72532.91, -72247.43, -71811.73, -72073.71, -72516.305, -72331.2, -71857.1, -71997.02, -72492.61]","[-88033.22, -87993.52, -87960.46, -87994.77, -88045.84, -88013.37, -87975.016, -88003.24, -88055.97, -88036.52]"
Left,2025-10-28 18:44:25,"[-49034.16, -48190.742, -47410.26, -48173.22, -48978.617, -48363.008, -47424.164, -47971.402, -48919.832, -48525.19]","[-67192.09, -66706.26, -66658.625, -67154.56, -67243.52, -66801.45, -66636.336, -67107.67, -67298.35, -66900.49]","[-88842.73, -88994.01, -88997.43, -88847.18, -88841.75, -88995.234, -89034.95, -88894.23, -88844.875, -88989.36]","[-85199.64, -85202.21, -85252.62, -85254.07, -85210.33, -85212.766, -85267.81, -85289.766, -85240.75, -85230.87]","[-88174.234, -88335.57, -88330.09, -88165.586, -88163.7, -88330.23, -88368.74, -88215.875, -88169.85, -88328.87]","[-93194.34, -93321.125, -93326.4, -93195.4, -93182.34, -93314.69, -93358.66, -93241.17, -93192.72, -93314.35]","[-72413.77, -71907.22, -71906.14, -72429.016, -72483.76, -72008.11, -71873.94, -72374.97, -72541.96, -72101.07]","[-87982.68, -87989.695, -88044.91, -88042.336, -87993.21, -87996.16, -88051.03, -88064.51, -88012.09, -88003.0]"
Left,2025-10-28 18:44:25,"[-47459.703, -47753.094, -48793.992, -48702.527, -47621.35, -47622.426, -48703.29, -48847.637, -47780.652, -47492.43]","[-66608.625, -67015.805, -67308.63, -66986.79, -66608.4, -66930.89, -67311.336, -67078.44, -66640.3, -66850.85]","[-89052.164, -88920.625, -88834.44, -88942.086, -89051.18, -88950.086, -88831.375, -88929.9, -89054.11, -88983.03]","[-85267.93, -85298.19, -85254.6, -85220.48, -85259.66, -85306.77, -85266.45, -85236.68, -85259.586, -85309.32]","[-88392.3, -88248.6, -88161.12, -88279.94, -88391.0, -88277.39, -88153.11, -88260.31, -88388.74, -88306.65]","[-93371.26, -93264.734, -93185.83, -93272.29, -93372.984, -93293.52, -93187.35, -93267.08, -93376.29, -93324.5]","[-71839.53, -72292.09, -72570.055, -72198.86, -71833.48, -72199.58, -72575.96, -72292.38, -71856.73, -72113.766]","[-88046.12, -88072.734, -88024.01, -87992.65, -88033.17, -88073.67, -88031.83, -88003.42, -88032.91, -88084.695]"
Left,2025-10-28 18:44:25,"[-48510.797, -48921.754, -47953.59, -47395.51, -48305.094, -48944.4, -48173.797, -47386.19, -48120.668, -48936.797]","[-67291.89, -67163.44, -66686.81, -66762.47, -67242.38, -67221.914, -66750.96, -66696.13, -67189.08, -67281.48]","[-88844.92, -88901.13, -89044.586, -89010.55, -88859.27, -88871.56, -89023.4, -89036.164, -88886.875, -88866.445]","[-85275.8, -85231.586, -85246.18, -85300.6, -85285.31, -85232.21, -85237.04, -85300.65, -85306.59, -85254.13]","[-88161.36, -88226.96, -88378.8, -88336.87, -88176.734, -88196.41, -88360.695, -88370.95, -88210.84, -88194.195]","[-93201.234, -93241.734, -93364.84, -93343.43, -93213.66, -93216.07, -93347.164, -93369.31, -93245.016, -93219.42]","[-72563.33, -72388.38, -71901.336, -72020.72, -72521.375, -72466.01, -71972.98, -71959.34, -72478.59, -72534.336]","[-88053.695, -88005.28, -88022.49, -88075.53, -88059.64, -88004.74, -88014.734, -88079.086, -88081.09, -88024.836]"
Left,2025-10-28 18:44:25,"[-48349.395, -47382.95, -47923.504, -48889.746, -48555.387, -47492.16, -47761.297, -48828.527, -48741.824, -47647.84]","[-66843.43, -66663.54, -67130.76, -67336.016, -66952.39, -66654.51, -67061.36, -67368.94, -67050.36, -66664.66]","[-89020.83, -89070.36, -88920.54, -88875.43, -89012.2, -89093.56, -88963.03, -88871.14, -88991.03, -89096.18]","[-85251.5, -85305.586, -85318.87, -85277.36, -85264.46, -85307.195, -85341.484, -85299.016, -85271.15, -85304.336]","[-88359.11, -88404.66, -88241.38, -88197.234, -88345.25, -88426.766, -88282.69, -88189.12, -88319.5, -88429.24]","[-93347.3, -93394.95, -93269.6, -93224.234, -93339.72, -93415.36, -93311.67, -93230.29, -93324.97, -93420.57]","[-72057.29, -71915.53, -72421.06, -72598.805, -72164.44, -71887.48, -72335.19, -72627.164, -72260.82, -71884.75]","[-88024.45, -88085.56, -88096.92, -88050.83, -88039.19, -88088.27, -88114.4, -88064.6, -88040.99, -88081.945]"
Left,2025-10-28 18:44:25,"[-47634.94, -48702.082, -48861.227, -47799.52, -47512.367, -48545.688, -48977.387, -48027.574, -47463.414, -48366.156]","[-66977.02, -67362.19, -67135.41, -66689.76, -66884.016, -67331.836, -67214.555, -66739.31, -66808.96, -67294.125]","[-88993.695, -88877.17, -88970.336, -89092.42, -89017.81, -88881.555, -88938.086, -89083.34, -89050.2, -88901.36]","[-85347.234, -85309.1, -85275.8, -85297.164, -85344.125, -85321.28, -85279.195, -85293.72, -85347.61, -85338.71]","[-88315.61, -88194.64, -88299.25, -88428.914, -88344.375, -88202.15, -88267.28, -88422.32, -88380.85, -88225.04]","[-93340.75, -93236.62, -93311.42, -93421.87, -93366.14, -93248.21, -93289.12, -93414.445, -93393.86, -93267.836]","[-72241.77, -72624.484, -72347.945, -71901.18, -72145.4, -72603.54, -72435.25, -71943.47, -72063.055, -72565.516]","[-88122.29, -88080.38, -88046.07, -88072.445, -88113.17, -88086.055, -88043.74, -88063.34, -88115.07, -88099.89]"
Left,2025-10-28 18:44:25,"[-49008.3, -48206.008, -47413.215, -48160.188, -49012.816, -48439.83, -47482.055, -48005.086, -48956.2, -48618.82]","[-67281.92, -66805.14, -66742.04, -67230.85, -67335.93, -66898.34, -66706.45, -67168.53, -67372.0, -66983.375]","[-88917.19, -89071.836, -89074.02, -88923.78, -88902.74, -89059.03, -89100.67, -88962.31, -88908.555, -89037.86]","[-85289.695, -85294.125, -85347.836, -85346.914, -85295.195, -85295.69, -85341.664, -85363.234, -85315.65, -85293.32]","[-88250.14, -88417.78, -88415.836, -88253.445, -88237.58, -88406.734, -88444.76, -88293.21, -88239.97, -88380.97]","[-93274.586, -93408.07, -93418.83, -93288.18, -93262.48, -93396.14, -93435.52, -93319.83, -93267.44, -93370.66]","[-72510.11, -72007.69, -71987.26, -72503.96, -72578.95, -72104.16, -71950.24, -72447.15, -72630.18, -72205.99]","[-88047.97, -88054.07, -88110.4, -88110.15, -88056.44, -88060.87, -88114.13, -88131.12, -88081.01, -88063.52]"
Left,2025-10-28 18:44:25,"[-47577.945, -47830.79, -48861.85, -48805.37, -47703.81, -47652.062, -48708.586, -48890.285, -47842.21, -47511.695]","[-66683.88, -67080.54, -67385.73, -67082.7, -66695.195, -66998.39, -67384.5, -67168.195, -66720.56, -66906.46]","[-89110.95, -88989.65, -88902.7, -89013.01, -89126.93, -89027.16, -88904.914, -88991.17, -89118.39, -89053.15]","[-85332.79, -85369.0, -85329.33, -85299.555, -85338.11, -85380.516, -85343.79, -85310.1, -85326.17, -85377.9]","[-88454.62, -88321.17, -88232.84, -88354.57, -88472.12, -88360.96, -88234.72, -88334.12, -88469.75, -88393.484]","[-93437.805, -93342.83, -93265.72, -93354.72, -93458.836, -93379.87, -93272.58, -93344.75, -93454.92, -93407.9]","[-71928.67, -72360.58, -72648.58, -72295.96, -71920.516, -72269.9, -72662.26, -72401.19, -71954.266, -72185.23]","[-88106.35, -88135.875, -88090.59, -88062.164, -88104.68, -88142.67, -88097.92, -88063.125, -88092.0, -88141.89]"
Left,2025-10-28 18:44:25,"[-48534.758, -48985.613, -48052.586, -47456.934, -48345.863, -49021.867, -48265.418, -47449.355, -48159.09, -49016.3]","[-67362.81, -67251.055, -66774.875, -66830.62, -67314.516, -67315.23, -66846.94, -66770.02, -67256.35, -67373.836]","[-88910.836, -88961.95, -89106.81, -89081.89, -88927.22, -88937.32, -89093.23, -89110.39, -88964.57, -88943.02]","[-85353.0, -85309.45, -85323.0, -85380.984, -85366.92, -85316.66, -85322.84, -85379.06, -85386.97, -85338.49]","[-88243.32, -88303.85, -88459.84, -88428.22, -88263.59, -88280.12, -88448.24, -88459.69, -88302.11, -88283.516]","[-93284.13, -93321.59, -93450.54, -93439.1, -93303.31, -93304.23, -93437.69, -93458.88, -93335.766, -93308.164]","[-72648.4, -72486.414, -72000.76, -72105.055, -72606.625, -72565.66, -72072.664, -72040.88, -72555.77, -72637.41]","[-88110.195, -88062.34, -88082.8, -88142.45, -88125.98, -88073.0, -88081.74, -88143.81, -88145.76, -88092.74]"
Left,2025-10-28 18:44:25,"[-48467.387, -47482.816, -47973.48, -48949.582, -48627.918, -47563.215, -47790.89, -48829.89, -48773.99, -47678.395]","[-66944.055, -66741.88, -67197.99, -67415.41, -67036.46, -66724.41, -67115.9, -67432.11, -67133.016, -66735.31]","[-89097.02, -89145.4, -89002.79, -88947.43, -89081.02, -89159.5, -89035.875, -88950.17, -89060.15, -89165.31]","[-85338.16, -85386.57, -85403.6, -85356.53, -85340.77, -85378.5, -85409.86, -85374.48, -85347.21, -85375.664]","[-88449.41, -88494.47, -88336.016, -88280.74, -88425.78, -88504.82, -88367.266, -88279.375, -88401.51, -88509.664]","[-93439.836, -93488.695, -93365.18, -93309.08, -93421.1, -93493.34, -93393.59, -93319.67, -93408.21, -93499.67]","[-72166.56, -71994.945, -72486.15, -72681.57, -72261.38, -71974.0, -72404.72, -72705.76, -72362.586, -71983.1]","[-88091.6, -88142.96, -88157.2, -88104.3, -88088.875, -88132.8, -88162.12, -88118.13, -88090.93, -88127.164]"
Left,2025-10-28 18:44:25,"[-47596.297, -48650.492, -48884.316, -47821.47, -47470.188, -48488.668, -48960.47, -48022.77, -47409.973, -48291.727]","[-67025.055, -67421.22, -67216.99, -66762.336, -66943.79, -67403.63, -67304.27, -66830.42, -66878.09, -67360.47]","[-89075.836, -88946.69, -89023.49, -89162.38, -89093.16, -88950.29, -88995.98, -89145.086, -89118.04, -88967.09]","[-85424.766, -85389.48, -85350.07, -85376.82, -85426.58, -85403.96, -85358.766, -85375.484, -85434.13, -85423.83]","[-88408.68, -88276.336, -88364.47, -88511.164, -88430.695, -88282.51, -88338.164, -88499.36, -88466.73, -88307.695]","[-93431.12, -93319.31, -93380.734, -93505.35, -93453.56, -93329.91, -93364.71, -93498.17, -93487.086, -93359.19]","[-72322.4, -72719.21, -72462.21, -72002.7, -72227.29, -72695.54, -72545.805, -72050.336, -72145.89, -72654.62]","[-88170.86, -88130.94, -88087.266, -88117.305, -88165.65, -88136.305, -88090.46, -88112.41, -88170.86, -88158.61]"
Left,2025-10-28 18:44:25,"[-48973.656, -48210.32, -47389.43, -48105.09, -48967.934, -48429.145, -47435.117, -47887.07, -48858.723, -48584.914]","[-67363.58, -66895.51, -66808.41, -67294.305, -67413.22, -66980.22, -66768.44, -67219.81, -67445.516, -67075.555]","[-88977.89, -89136.73, -89147.81, -88996.98, -88974.54, -89123.086, -89169.29, -89032.79, -88973.625, -89097.54]","[-85368.89, -85375.305, -85425.414, -85429.98, -85383.195, -85376.664, -85422.35, -85447.43, -85405.91, -85381.984]","[-88326.09, -88497.84, -88505.13, -88343.414, -88326.41, -88488.9, -88534.68, -88384.63, -88325.24, -88460.11]","[-93358.45, -93492.43, -93506.49, -93377.164, -93351.75, -93479.89, -93528.1, -93415.56, -93360.42, -93462.21]","[-72624.08, -72131.65, -72093.36, -72607.336, -72691.2, -72219.83, -72043.18, -72534.74, -72745.23, -72332.75]","[-88104.81, -88116.81, -88171.69, -88172.85, -88124.836, -88122.85, -88173.875, -88192.43, -88144.15, -88121.414]"
Left,2025-10-28 18:44:25,"[-47500.99, -47685.75, -48749.49, -48741.668, -47644.734, -47526.29, -48587.395, -48814.98, -47779.336, -47385.297]","[-66754.85, -67140.08, -67465.27, -67173.27, -66771.79, -67054.61, -67456.24, -67255.93, -66803.484, -66967.26]","[-89183.93, -89061.17, -88962.54, -89075.03, -89197.99, -89106.33, -88972.8, -89056.81, -89190.14, -89132.21]","[-85422.69, -85459.305, -85414.53, -85387.24, -85425.44, -85471.195, -85429.58, -85392.65, -85416.97, -85473.0]","[-88547.6, -88411.7, -88310.0, -88433.09, -88559.375, -88455.22, -88316.55, -88410.41, -88552.18, -88484.45]","[-93543.37, -93444.26, -93352.484, -93442.72, -93552.89, -93480.18, -93362.34, -93428.86, -93545.984, -93506.914]","[-72029.46, -72455.93, -72772.23, -72436.234, -72046.4, -72374.91, -72775.31, -72526.516, -72072.24, -72279.44]","[-88164.87, -88195.06, -88145.31, -88118.555, -88162.43, -88208.55, -88164.47, -88126.85, -88155.414, -88207.27]"
Left,2025-10-28 18:44:25,"[-48376.125, -48875.777, -47951.734, -47319.85, -48192.418, -48891.96, -48160.59, -47319.402, -47991.633, -48872.18]","[-67427.1, -67336.82, -66859.74, -66897.25, -67382.28, -67398.84, -66936.52, -66840.14, -67325.84, -67456.805]","[-88980.17, -89021.055, -89176.84, -89146.71, -88996.734, -89004.4, -89157.58, -89178.86, -89032.38, -89004.94]","[-85443.92, -85394.195, -85408.01, -85457.11, -85446.83, -85396.83, -85399.49, -85458.74, -85471.39, -85425.71]","[-88323.66, -88372.18, -88538.55, -88500.97, -88339.93, -88353.92, -88519.79, -88537.02, -88378.98, -88354.88]","[-93373.07, -93398.51, -93533.805, -93515.56, -93385.586, -93382.26, -93514.086, -93541.96, -93420.37, -93392.61]","[-72746.62, -72608.5, -72110.55, -72192.445, -72701.24, -72679.18, -72183.305, -72124.07, -72637.58, -72736.914]","[-88172.76, -88118.445, -88136.55, -88186.195, -88168.375, -88116.586, -88124.28, -88183.484, -88193.28, -88143.234]"
Left,2025-10-28 18:44:25,"[-48333.234, -47325.1, -47769.21, -48775.44, -48514.887, -47417.594, -47588.605, -48651.164, -48661.848, -47563.574]","[-67031.336, -66815.31, -67265.02, -67508.26, -67140.55, -66812.516, -67191.53, -67523.7, -67239.26, -66829.414]","[-89161.06, -89210.64, -89073.06, -89007.89, -89141.15, -89232.97, -89113.52, -89015.484, -89121.66, -89240.26]","[-85427.49, -85474.66, -85499.375, -85455.88, -85431.945, -85474.5, -85514.22, -85475.89, -85445.914, -85474.34]","[-88523.62, -88571.445, -88419.74, -88355.26, -88500.125, -88592.39, -88460.43, -88360.29, -88477.62, -88600.62]","[-93528.414, -93578.06, -93463.73, -93403.266, -93510.47, -93594.484, -93499.23, -93413.04, -93498.4, -93601.28]","[-72271.484, -72086.74, -72579.6, -72799.52, -72389.63, -72089.2, -72513.51, -72834.52, -72504.945, -72104.0]","[-88147.055, -88200.09, -88217.46, -88168.375, -88152.46, -88204.09, -88238.36, -88195.89, -88165.05, -88203.07]"
Left,2025-10-28 18:44:25,"[-47443.746, -48507.02, -48777.9, -47728.35, -47329.75, -48330.617, -48818.535, -47918.99, -47283.617, -48137.992]","[-67104.23, -67515.19, -67329.76, -66868.33, -67024.92, -67491.09, -67404.34, -66929.414, -66949.78, -67435.37]","[-89144.52, -89021.234, -89101.56, -89241.33, -89177.16, -89031.78, -89076.75, -89213.766, -89191.82, -89041.28]","[-85516.34, -85484.72, -85446.85, -85469.586, -85517.82, -85496.3, -85453.85, -85456.71, -85506.35, -85499.16]","[-88493.484, -88364.695, -88456.05, -88603.234, -88528.016, -88374.64, -88427.34, -88573.86, -88544.2, -88383.24]","[-93524.68, -93415.9, -93477.45, -93600.32, -93553.36, -93427.41, -93458.73, -93576.0, -93563.95, -93434.12]","[-72423.54, -72834.12, -72599.49, -72139.05, -72345.086, -72818.83, -72681.48, -72185.45, -72254.61, -72759.82]","[-88242.27, -88205.17, -88166.3, -88194.64, -88244.484, -88217.195, -88169.984, -88178.82, -88227.5, -88213.375]"
Left,2025-10-28 18:44:25,"[-48869.004, -48157.414, -47287.797, -47916.46, -48803.67, -48324.09, -47314.55, -47705.195, -48685.9, -48453.844]","[-67462.75, -66999.0, -66885.625, -67368.43, -67509.484, -67089.21, -66858.83, -67294.95, -67535.59, -67176.02]","[-89040.12, -89196.11, -89220.56, -89081.695, -89039.49, -89180.914, -89241.62, -89103.64, -89026.95, -89144.75]","[-85445.6, -85447.52, -85499.086, -85518.42, -85461.42, -85448.06, -85499.58, -85524.34, -85469.74, -85439.5]","[-88387.2, -88553.945, -88573.68, -88424.086, -88384.07, -88536.53, -88595.14, -88442.766, -88363.71, -88492.61]","[-93424.57, -93557.65, -93584.945, -93468.71, -93424.21, -93544.17, -93606.06, -93493.66, -93419.516, -93515.72]","[-72743.95, -72244.46, -72169.6, -72685.34, -72799.97, -72339.07, -72137.57, -72605.24, -72822.2, -72421.8]","[-88155.77, -88160.22, -88218.58, -88232.7, -88176.38, -88164.734, -88219.67, -88238.695, -88180.36, -88152.42]"
Left,2025-10-28 18:44:25,"[-47373.16, -47515.07, -48581.875, -48621.617, -47521.64, -47372.176, -48429.77, -48713.547, -47698.938, -47292.133]","[-66839.65, -67203.67, -67540.78, -67262.14, -66848.63, -67111.56, -67523.81, -67343.73, -66880.734, -67022.484]","[-89235.54, -89120.41, -89014.26, -89113.66, -89233.71, -89142.914, -89012.695, -89088.4, -89227.96, -89179.21]","[-85479.35, -85516.39, -85471.75, -85437.17, -85470.61, -85512.164, -85478.48, -85442.92, -85460.76, -85512.19]","[-88585.71, -88457.23, -88347.82, -88458.15, -88584.5, -88481.33, -88344.914, -88428.69, -88574.58, -88514.41]","[-93597.04, -93502.484, -93406.734, -93489.44, -93597.51, -93523.875, -93410.24, -93471.016, -93591.6, -93554.3]","[-72106.7, -72511.56, -72839.125, -72515.45, -72107.31, -72414.42, -72829.49, -72598.734, -72133.26, -72323.805]","[-88194.64, -88228.08, -88179.13, -88142.25, -88179.555, -88220.57, -88180.85, -88140.17, -88168.06, -88221.42]"
Left,2025-10-28 18:44:25,"[-48264.637, -48795.11, -47915.03, -47255.523, -48087.41, -48811.492, -48146.285, -47280.69, -47912.35, -48820.836]","[-67491.766, -67428.195, -66961.4, -66977.36, -67465.97, -67503.99, -67049.625, -66929.82, -67409.195, -67556.47]","[-89042.29, -89085.38, -89241.35, -89220.92, -89080.375, -89074.49, -89216.984, -89251.34, -89103.69, -89065.555]","[-85499.375, -85458.48, -85475.06, -85528.234, -85532.016, -85479.8, -85469.695, -85530.445, -85544.89, -85494.04]","[-88366.93, -88416.8, -88583.02, -88556.875, -88406.445, -88407.09, -88561.766, -88593.22, -88434.56, -88398.29]","[-93434.74, -93465.586, -93601.59, -93589.68, -93470.01, -93457.586, -93577.055, -93613.95, -93489.44, -93447.86]","[-72801.734, -72690.734, -72203.445, -72262.61, -72769.59, -72768.43, -72280.94, -72198.57, -72707.23, -72825.36]","[-88202.87, -88159.75, -88184.05, -88238.67, -88232.7, -88177.695, -88179.78, -88243.164, -88251.836, -88197.52]"
Left,2025-10-28 18:44:25,"[-48348.434, -47344.234, -47749.43, -48765.07, -48565.223, -47474.68, -47579.266, -48639.43, -48672.98, -47560.645]","[-67139.66, -66899.125, -67332.305, -67582.16, -67232.57, -66893.164, -67254.09, -67595.9, -67319.68, -66901.99]","[-89209.52, -89263.73, -89124.27, -89054.02, -89183.53, -89286.46, -89173.266, -89066.41, -89167.97, -89288.6]","[-85485.52, -85528.44, -85549.6, -85501.63, -85480.625, -85526.31, -85567.44, -85520.81, -85484.11, -85516.08]","[-88553.56, -88605.42, -88452.2, -88381.01, -88520.086, -88622.45, -88493.44, -88382.17, -88494.36, -88619.57]","[-93570.35, -93621.98, -93502.98, -93436.234, -93540.89, -93634.99, -93543.93, -93445.29, -93525.87, -93633.38]","[-72369.09, -72161.47, -72633.94, -72864.984, -72470.62, -72143.05, -72540.15, -72872.86, -72548.24, -72133.93]","[-88192.07, -88243.68, -88263.1, -88217.06, -88202.98, -88256.805, -88297.15, -88251.68, -88219.72, -88258.945]"
Left,2025-10-28 18:44:25,"[-47411.023, -48470.227, -48772.535, -47754.68, -47318.664, -48290.766, -48842.34, -47969.504, -47272.195, -48092.484]","[-67166.34, -67584.75, -67409.42, -66942.94, -67076.04, -67545.72, -67484.92, -67010.91, -67009.44, -67499.66]","[-89194.88, -89066.72, -89138.29, -89270.14, -89217.26, -89073.734, -89109.07, -89259.92, -89249.15, -89103.125]","[-85559.484, -85531.055, -85491.53, -85505.836, -85553.11, -85537.375, -85492.78, -85500.984, -85552.69, -85551.19]","[-88513.49, -88378.84, -88460.6, -88600.64, -88536.555, -88384.03, -88428.17, -88588.37, -88569.21, -88412.17]","[-93559.06, -93447.48, -93503.2, -93619.92, -93580.56, -93457.0, -93480.74, -93608.125, -93604.125, -93478.17]","[-72441.02, -72856.09, -72630.02, -72158.18, -72334.734, -72819.66, -72717.53, -72225.35, -72264.086, -72775.984]","[-88302.04, -88266.8, -88226.18, -88249.36, -88298.82, -88280.09, -88232.664, -88246.9, -88301.86, -88295.695]"
