timestamp,hand,FC3,FC4,C3,C4,CP3,CP4,FCz,Pz
2025-10-28 20:16:02.690862,Left,13.66943,67.05693,49.16524,7.670494,32.168526,80.56091,19.604979,69.41006
2025-10-28 20:16:02.690892,Left,17.142403,5.277994,-12.028192,0.7018502,8.095018,0.5033053,-5.6303353,-12.040977
2025-10-28 20:16:02.690900,Left,10.383443,9.752867,-0.9014425,-1.4331311,3.44005,6.5032396,-2.9680095,-1.5069047
2025-10-28 20:16:02.690905,Left,-11.788429,17.376423,40.621925,3.5120966,-3.7044609,29.618397,28.456,47.028595
2025-10-28 20:16:02.690909,Left,19.764412,5.6324954,-24.178452,-4.302208,10.1386175,-2.7734582,-18.87616,-23.925682
2025-10-28 20:16:02.690913,Left,4.79494,10.251798,4.438561,-4.088396,-0.64347196,7.4813848,-1.6261824,4.9343643
2025-10-28 20:16:02.690917,Left,-0.37960106,102.56283,84.41229,-0.054791626,38.21663,129.35017,30.312906,125.3336
2025-10-28 20:16:02.690922,Left,50.956497,145.79262,12.438117,-19.677528,93.400925,170.51779,-29.133596,91.74035
2025-10-28 20:16:02.735942,Left,-23.477144,51.44189,14.920092,-95.17754,-74.49115,-111.19742,22.21404,12.034633
2025-10-28 20:16:02.735973,Left,3.7188683,-19.56941,-22.72133,4.543561,-10.616404,0.17850924,-10.167227,-16.450052
2025-10-28 20:16:02.735979,Left,-2.8577194,-2.743377,-8.742298,-10.88482,-16.7565,-16.874323,-5.6002746,-9.701709
2025-10-28 20:16:02.735984,Left,-18.43863,41.407104,30.216463,-58.983513,-34.599655,-65.38678,-4.978991,0.53558284
2025-10-28 20:16:02.735987,Left,7.1015816,-26.227068,-29.58284,17.834465,-3.8800843,13.797341,0.35264796,-12.87917
2025-10-28 20:16:02.735992,Left,-6.306251,4.6210504,-1.4368218,-16.195862,-16.774471,-21.160526,-0.479249,-6.936518
2025-10-28 20:16:02.735995,Left,-41.360207,106.25312,47.44044,-160.68748,-115.72239,-187.51617,50.90635,40.735153
2025-10-28 20:16:02.735999,Left,-22.821747,60.762646,-27.4597,-134.10078,-141.83711,-175.60406,105.291405,47.734673
2025-10-28 20:16:02.782309,Left,37.638,80.014626,-74.37249,-30.761118,78.02784,81.96991,-74.91861,-18.661144
2025-10-28 20:16:02.782365,Left,-17.940792,-28.80966,-3.543358,1.5378251,-7.736575,-8.722128,22.926004,29.290056
2025-10-28 20:16:02.782381,Left,-3.7220902,-0.9700334,-6.9619007,2.948918,14.964026,18.508917,15.131298,23.335392
2025-10-28 20:16:02.782393,Left,3.4356282,53.42038,-28.940495,-14.955527,53.639538,72.594925,-19.453852,8.918451
2025-10-28 20:16:02.782404,Left,-9.026074,-33.24407,0.5824828,7.7510233,-11.169084,-19.334354,23.83903,27.613846
2025-10-28 20:16:02.782414,Left,-3.7469785,7.7537303,-11.199316,-0.9538524,21.020504,25.51434,6.655612,23.496292
2025-10-28 20:16:02.782423,Left,86.93083,156.26709,-132.97841,-65.16635,137.0115,155.56369,-129.76555,-32.673923
2025-10-28 20:16:02.782432,Left,133.13672,123.1793,-162.02264,-62.88311,118.883255,91.80468,-159.9258,-37.308365
2025-10-28 20:16:02.827549,Left,-63.610386,-13.571357,72.62905,47.199528,-83.64661,-23.81323,46.566616,3.4014714
2025-10-28 20:16:02.827593,Left,38.191532,24.056519,-5.8118296,-13.976003,13.191389,-3.1644058,-31.317085,-33.653717
2025-10-28 20:16:02.827609,Left,15.508636,11.884724,5.8530536,-3.4285793,-9.37137,-11.912353,-18.04639,-26.339756
2025-10-28 20:16:02.827620,Left,-17.825872,0.9887323,57.163963,49.012314,-51.035824,-26.076326,27.076761,10.30073
2025-10-28 20:16:02.827630,Left,37.37541,21.469036,-19.932419,-31.357136,14.192432,-4.4810667,-44.619053,-49.28093
2025-10-28 20:16:02.827639,Left,17.866125,17.388523,19.893745,8.734119,-13.511104,-12.466001,-10.417333,-21.273478
2025-10-28 20:16:02.827649,Left,-129.5967,-31.756063,136.63104,97.024025,-149.52798,-39.346073,98.57714,26.566875
2025-10-28 20:16:02.827659,Left,-141.04042,-26.260784,90.591034,19.407352,-137.94316,-30.249756,37.94146,-63.51598
2025-10-28 20:16:02.861479,Left,30.312372,-10.945191,-74.52706,13.192602,57.81039,64.57906,44.130646,-55.933823
2025-10-28 20:16:02.861525,Left,-45.364124,-39.214153,-10.405059,-11.002661,-29.790607,-15.12373,-5.6501794,17.087042
2025-10-28 20:16:02.861541,Left,-27.366518,-27.243937,-20.920322,-9.748545,-11.657385,-2.247117,1.054203,1.1730055
2025-10-28 20:16:02.861551,Left,13.055206,-4.1837344,-73.358086,-26.725634,37.706493,26.32382,14.781568,-40.010082
2025-10-28 20:16:02.861560,Left,-52.23797,-42.72773,6.9346895,3.0596628,-35.34867,-15.369632,-4.82955,24.338768
2025-10-28 20:16:02.861569,Left,-23.598959,-26.624685,-31.659767,-12.880779,-4.257675,-0.88597035,-2.1328418,-12.907405
2025-10-28 20:16:02.861578,Left,68.791595,-7.978956,-140.1004,11.497852,105.256,104.93927,60.71912,-127.65263
2025-10-28 20:16:02.861587,Left,12.599203,-70.06288,-77.12052,98.528305,70.81678,119.856766,76.86276,-101.04415
2025-10-28 20:16:02.911449,Left,42.971676,-63.269215,-59.58553,90.08734,27.800852,-70.44597,-50.555996,84.86816
2025-10-28 20:16:02.911489,Left,6.0587897,26.596916,31.6618,1.7688124,12.892014,37.113804,42.660976,12.182057
2025-10-28 20:16:02.911502,Left,10.119179,4.455835,5.3852696,9.133066,4.8921795,4.36045,9.317023,12.400879
2025-10-28 20:16:02.911511,Left,25.621582,-38.41599,-47.781487,50.33411,28.60819,-35.177917,-32.522964,65.62738
2025-10-28 20:16:02.911521,Left,5.58519,33.32168,42.167202,-4.571221,0.966171,35.212822,43.161312,-5.7272143
2025-10-28 20:16:02.911530,Left,8.53787,-4.527105,-1.9864702,19.81804,13.23457,2.1190963,7.354585,26.242798
2025-10-28 20:16:02.911539,Left,54.7969,-136.21736,-125.58036,160.46332,52.174732,-129.79951,-98.13643,158.87398
2025-10-28 20:16:02.911548,Left,56.34272,-104.373604,-53.493362,175.47655,53.848083,-82.317535,-18.554192,150.74486
2025-10-28 20:16:02.944082,Left,-35.043125,75.10753,44.784775,18.050539,-73.9909,-105.54041,36.451504,10.511111
2025-10-28 20:16:02.944123,Left,24.964231,-9.549461,-6.00616,-5.69278,3.7770834,16.346056,0.65008104,-5.195665
2025-10-28 20:16:02.944138,Left,9.0016165,6.9792976,11.206633,9.991484,5.0299497,9.819858,20.384258,6.330464
2025-10-28 20:16:02.944149,Left,-30.312714,58.032013,25.664026,12.663081,-29.060375,-57.228428,10.763823,10.868555
2025-10-28 20:16:02.944160,Left,36.52053,-16.67681,2.3700113,4.187622,14.68722,34.185898,13.447023,-4.778616
2025-10-28 20:16:02.944170,Left,6.1610184,18.285194,12.843933,7.935037,-5.6747723,-7.865402,13.174879,4.741245
2025-10-28 20:16:02.944180,Left,-61.59603,149.2987,82.023636,34.643745,-125.907684,-182.47273,79.5241,42.001995
2025-10-28 20:16:02.944189,Left,3.6039891,112.15406,92.78636,37.7466,-149.86377,-167.2827,121.77981,33.212147
2025-10-28 20:16:02.986803,Left,52.323803,30.410095,-70.7524,-74.88551,82.9003,33.147766,-66.28539,-52.92584
2025-10-28 20:16:02.986849,Left,-15.903448,-8.440297,14.892034,25.56619,-1.0873809,1.9759787,21.409239,27.011272
2025-10-28 20:16:02.986864,Left,4.2168965,8.343587,5.9915276,8.87075,13.861409,4.906915,0.25515267,3.0708492
2025-10-28 20:16:02.986874,Left,15.094098,15.088464,-40.419796,-51.128513,45.794144,26.128807,-40.074883,-46.51905
2025-10-28 20:16:02.986883,Left,-11.190023,-7.5735126,20.47997,33.117188,-9.72227,-8.695542,21.617702,31.516048
2025-10-28 20:16:02.986892,Left,3.8871076,5.287991,-4.63609,-2.1188955,20.087261,13.188777,-0.47946844,3.2016118
2025-10-28 20:16:02.986911,Left,110.06608,59.79097,-135.7843,-153.40645,136.49406,46.862476,-142.40155,-125.79578
2025-10-28 20:16:02.986921,Left,128.74211,48.373775,-128.85518,-101.75671,154.04402,31.744238,-127.70056,-76.568
2025-10-28 20:16:03.026983,Left,-53.187138,-33.302666,93.321396,33.261982,-87.36002,-26.035526,35.92395,-5.949454
2025-10-28 20:16:03.027025,Left,8.520938,5.0142326,-30.84153,-37.43329,-6.64508,-17.457071,-32.076538,-22.304169
2025-10-28 20:16:03.027039,Left,-3.5196872,-3.1322186,-5.1959157,-18.148272,-19.943933,-19.384768,-17.64093,-17.044626
2025-10-28 20:16:03.027049,Left,-49.911163,-52.461533,39.751266,24.065735,-70.07509,-35.037693,24.042112,11.8491125
2025-10-28 20:16:03.027058,Left,18.628891,21.63524,-31.329815,-41.290016,9.457216,-7.101757,-36.18381,-28.254124
2025-10-28 20:16:03.027067,Left,-12.486512,-14.122805,-1.9564272,-15.009247,-30.036722,-22.675772,-11.134772,-12.262144
2025-10-28 20:16:03.027076,Left,-121.38515,-84.08494,162.41214,68.033875,-161.5664,-42.81785,81.48664,6.804902
2025-10-28 20:16:03.027085,Left,-91.11,-12.5248,150.91327,5.039793,-122.52462,-0.8827688,48.83956,-48.46929
2025-10-28 20:16:03.054583,Left,21.051712,-23.52086,-68.72751,0.80121756,18.807566,-36.45131,-46.2358,8.28451
2025-10-28 20:16:03.054623,Left,-10.516644,-3.827805,21.218142,13.131865,-0.70454997,5.788296,22.199778,4.4681044
2025-10-28 20:16:03.054635,Left,-2.9172282,-5.3209753,-0.11005982,6.5683665,3.6483855,1.269741,7.1780343,1.96793
2025-10-28 20:16:03.054645,Left,33.375656,14.35396,-45.756374,1.7337366,34.461784,3.3509305,-39.67261,-1.6442089
2025-10-28 20:16:03.054654,Left,-18.733099,-13.558122,28.355246,13.18687,-11.997943,-1.1437032,32.169395,1.9688714
2025-10-28 20:16:03.054664,Left,5.224342,-0.21579376,-3.9989672,9.529444,10.036064,1.9348805,0.9539636,-0.55585957
2025-10-28 20:16:03.054673,Left,54.93813,-25.770046,-122.88662,-1.833517,35.58776,-66.47583,-96.7815,7.6915526
2025-10-28 20:16:03.054682,Left,-11.665834,-108.21561,-85.165794,7.8705244,-37.51891,-144.5565,-56.76124,10.837364
2025-10-28 20:16:03.094673,Left,-23.538952,9.093912,-34.287083,-87.623276,-16.612976,-82.806725,-66.123215,53.91
2025-10-28 20:16:03.094702,Left,12.215088,-0.9977788,-6.269353,2.9317148,3.8358347,9.597215,11.530021,-19.339375
2025-10-28 20:16:03.094708,Left,-3.7399638,-7.9427733,-15.125559,-18.365742,-10.67201,-11.209027,-5.191997,-2.253991
2025-10-28 20:16:03.094712,Left,-35.78421,-2.4216218,-4.4605956,-39.471844,-30.276375,-56.460728,-54.23945,40.84489
2025-10-28 20:16:03.094716,Left,16.19928,-7.0587635,-17.24209,-2.6214395,7.223833,18.999537,27.04041,-20.95104
2025-10-28 20:16:03.094719,Left,-12.18961,-8.275619,-13.331955,-21.115118,-11.109449,-14.912852,-7.842976,10.673769
2025-10-28 20:16:03.094724,Left,-49.264095,22.720701,-43.48851,-139.99586,-17.261007,-132.45538,-101.16013,129.3137
2025-10-28 20:16:03.094728,Left,17.829073,47.566395,-81.50342,-152.22102,70.034096,-73.40194,-14.694345,116.64182
2025-10-28 20:16:03.137439,Left,-20.741186,79.067215,65.46245,93.98078,-48.740158,33.783253,-8.15507,-42.792236
2025-10-28 20:16:03.137484,Left,5.12759,-25.775763,-10.277962,-13.885741,7.661573,-3.1979148,2.4875023,24.216063
2025-10-28 20:16:03.137498,Left,-0.67288864,-2.34606,5.52135,9.7340555,4.4666123,9.243919,6.261738,10.710057
2025-10-28 20:16:03.137509,Left,-33.135086,51.997383,30.425816,61.666473,-3.8831453,41.531265,17.794485,-40.491093
2025-10-28 20:16:03.137518,Left,21.069386,-27.836258,-6.625102,-20.51292,2.763813,-13.816256,-5.538997,35.51678
2025-10-28 20:16:03.137528,Left,-2.8017402,9.883187,11.0257225,16.931093,-1.2526349,10.290838,4.3928223,0.27292693
2025-10-28 20:16:03.137538,Left,-43.79528,146.40897,119.950714,182.17862,-73.087036,69.31916,-14.103152,-97.120865
2025-10-28 20:16:03.137546,Left,34.431786,117.281395,142.0759,155.7159,-135.3582,1.7103584,-79.145134,-31.200054
2025-10-28 20:16:03.193728,Left,-27.468788,-22.286337,29.96197,10.088474,-49.374084,-10.907477,88.43105,26.994453
2025-10-28 20:16:03.193773,Left,16.735685,27.7197,9.147068,-0.77106,9.331733,17.285463,-7.19651,-14.022371
2025-10-28 20:16:03.193787,Left,9.8940115,14.890528,11.458093,3.659719,-0.99385715,4.9586515,8.248297,-0.1236696
2025-10-28 20:16:03.193798,Left,8.243818,-25.927486,9.229087,18.889328,-16.63157,-28.232246,30.876484,26.837574
2025-10-28 20:16:03.193807,Left,6.6179285,34.28644,7.8094373,-10.235469,4.034578,24.392216,-2.4547486,-16.311193
2025-10-28 20:16:03.193816,Left,6.0209064,5.3489313,9.014276,4.1377544,-4.73944,0.8297592,13.573709,3.7520816
2025-10-28 20:16:03.193825,Left,-72.051056,-78.23512,22.612818,-1.4731523,-106.67027,-45.431202,139.93579,39.010292
2025-10-28 20:16:03.193834,Left,-137.64046,-28.083614,40.94454,-55.341705,-147.65193,22.667288,181.89159,-20.691078
2025-10-28 20:16:03.221369,Left,-59.59693,-31.902569,85.11617,10.59653,-59.75602,-22.776066,64.12555,1.4406637
2025-10-28 20:16:03.221406,Left,9.8407345,10.6255665,-19.859211,-9.088139,10.32953,6.8510737,-22.207289,-8.519812
2025-10-28 20:16:03.221417,Left,4.451791,8.99715,9.328079,1.7604414,-0.88904035,-0.7040521,-4.518625,-5.0779967
2025-10-28 20:16:03.221426,Left,-52.024403,-44.65389,47.88685,7.3236012,-50.399586,-37.201466,42.513916,6.454803
2025-10-28 20:16:03.221435,Left,30.721785,33.125713,-18.579197,-7.611237,22.465553,17.516836,-33.244213,-14.191263
2025-10-28 20:16:03.221446,Left,-10.345371,-5.767844,8.91254,-0.48585656,-9.865268,-5.988451,2.5915883,-5.425621
2025-10-28 20:16:03.221455,Left,-125.75755,-79.45825,145.58951,18.97741,-109.79879,-38.509876,136.68266,20.27537
2025-10-28 20:16:03.221464,Left,-68.66798,9.006486,133.97758,3.7783096,-60.57199,26.074902,83.67866,-12.485046
2025-10-28 20:16:03.262848,Left,60.60212,0.12203923,-17.514984,35.29063,46.034573,-7.700513,-1.0472924,49.505394
2025-10-28 20:16:03.262894,Left,-14.470266,-1.8419355,10.506855,-0.648557,-23.236814,-9.612003,3.1256547,-2.1920803
2025-10-28 20:16:03.262909,Left,0.34076452,-3.1410592,-1.5002403,-0.3169069,-8.672178,-11.17972,-5.483568,-2.1362813
2025-10-28 20:16:03.262919,Left,51.39438,8.010021,-26.481012,0.22687241,39.577988,-0.79006535,-17.13001,16.226736
2025-10-28 20:16:03.262928,Left,-31.499622,-12.642427,12.32288,1.6914389,-34.517143,-13.959277,7.0939803,-4.2586746
2025-10-28 20:16:03.262937,Left,9.463441,0.16324037,-2.3285403,3.2174942,0.28841874,-7.1526294,-2.5915632,6.690198
2025-10-28 20:16:03.262946,Left,125.55582,7.215481,-37.506542,57.261288,90.84418,-10.142465,-1.8488898,98.58275
2025-10-28 20:16:03.262955,Left,77.74183,-8.725813,28.587172,124.85568,37.781506,-24.675571,54.43901,137.71799
2025-10-28 20:16:03.290511,Left,14.679123,69.13204,0.9894545,-26.101562,33.180508,80.43694,-22.738073,45.814648
2025-10-28 20:16:03.290552,Left,0.0055735186,-12.937426,-18.401695,-7.2495584,-7.845908,-19.752377,-15.428506,-20.201563
2025-10-28 20:16:03.290563,Left,-2.2722433,-0.57629603,-10.405109,-10.206179,-4.7124324,-5.5371485,-16.266495,-9.045391
2025-10-28 20:16:03.290573,Left,-3.3659668,29.860857,19.714346,-7.8217897,8.955828,44.203285,10.368771,41.97283
2025-10-28 20:16:03.290583,Left,6.45147,-9.056024,-21.336174,-2.5656972,-0.40912914,-19.705097,-20.260662,-29.882639
2025-10-28 20:16:03.290592,Left,3.663442,10.446101,-1.7199811,-4.6741686,4.914648,11.005013,-5.253751,4.0805316
2025-10-28 20:16:03.290601,Left,41.521244,141.62598,27.347034,-23.169296,79.18279,169.37129,-11.819442,105.60968
2025-10-28 20:16:03.290610,Left,73.012344,154.88437,-53.419765,-54.501827,107.732185,175.2354,-74.0487,58.160618
2025-10-28 20:16:03.330667,Left,-66.3841,-95.38199,46.89568,29.24343,-65.61286,-81.632515,75.27124,9.153902
2025-10-28 20:16:03.330713,Left,8.881618,19.76126,4.267402,5.5556655,20.837175,30.471968,7.3902955,20.626228
2025-10-28 20:16:03.330727,Left,-6.4316564,-3.8727949,7.2356105,7.8658338,4.8619113,8.261039,17.665192,18.265116
2025-10-28 20:16:03.330738,Left,-30.374775,-56.593006,12.571861,18.568573,-30.702051,-52.296597,32.48446,-12.499329
2025-10-28 20:16:03.330747,Left,4.566569,22.00629,3.3841481,-0.6990052,18.599373,34.115227,3.022778,26.975477
2025-10-28 20:16:03.330756,Left,-11.6061325,-13.843592,8.823962,9.78954,-4.0829906,-7.582245,13.430191,4.267534
2025-10-28 20:16:03.330765,Left,-114.3542,-173.72928,82.678925,50.003178,-129.81433,-167.03954,118.91585,-12.549054
2025-10-28 20:16:03.330774,Left,-130.09583,-144.80452,145.27309,63.308254,-125.69109,-126.38198,155.2524,52.83731
2025-10-28 20:16:03.384620,Left,92.44037,88.633194,-67.31017,-11.083324,-64.7237,-6.25962,-68.551056,-51.325066
2025-10-28 20:16:03.384647,Left,-7.026162,-16.022024,11.572479,-7.140714,1.9432853,6.6781845,13.221806,14.198308
2025-10-28 20:16:03.384653,Left,18.560032,13.861486,6.806838,-0.48309922,-6.3784904,0.7765878,-3.0489876,1.0812757
2025-10-28 20:16:03.384657,Left,52.017796,61.07984,-38.225033,3.8347204,-30.90471,-30.102203,-51.442314,-50.54232
2025-10-28 20:16:03.384661,Left,-7.9761534,-21.331438,20.53559,-8.745822,3.889696,18.66328,25.214245,32.08223
2025-10-28 20:16:03.384664,Left,15.921179,13.166972,-9.720823,-4.6751647,-12.977813,-3.859083,-10.494392,-6.432866
2025-10-28 20:16:03.384668,Left,142.21036,142.15733,-147.16797,-32.869293,-128.8997,-30.408215,-131.46556,-99.647194
2025-10-28 20:16:03.384672,Left,123.879135,70.39194,-178.52982,-97.5914,-167.02907,40.64008,-83.16015,-15.905213
2025-10-28 20:16:03.427376,Left,94.66698,-14.959821,53.961918,14.5187645,-75.19683,-13.190031,31.829353,-14.957797
2025-10-28 20:16:03.427403,Left,-11.662419,-2.3529394,-11.531319,-10.331422,16.985607,8.980949,-11.170246,-10.479932
2025-10-28 20:16:03.427408,Left,6.81582,-2.9492292,1.9983289,-0.89698106,2.1964366,4.3857965,-1.9678067,-8.350631
2025-10-28 20:16:03.427412,Left,49.96436,11.9375515,46.658306,31.321627,-51.40247,-9.464246,37.4864,14.976496
2025-10-28 20:16:03.427416,Left,-14.511655,-10.738881,-21.43266,-19.147226,30.689981,14.050733,-20.966444,-18.84926
2025-10-28 20:16:03.427420,Left,15.106617,-0.5005583,10.022035,4.4249353,-6.314491,4.86539,7.032028,-2.8373704
2025-10-28 20:16:03.427423,Left,171.99866,-20.594435,101.20068,27.517366,-152.12668,-34.623096,61.48166,-16.366987
2025-10-28 20:16:03.427427,Left,186.30672,-74.55397,56.208214,-36.0744,-101.142235,-11.334508,1.4506276,-98.42165
2025-10-28 20:16:03.481408,Left,10.953739,-50.052856,-67.32967,-91.276596,-87.60882,75.6933,76.80633,-74.49412
2025-10-28 20:16:03.481453,Left,-16.126894,-1.6692928,21.601599,13.208166,11.899232,-22.760885,-28.402683,5.060746
2025-10-28 20:16:03.481467,Left,-10.579803,-10.514712,-1.1315267,-6.743757,-7.208879,-3.8935783,-7.0925984,-11.2193
2025-10-28 20:16:03.481477,Left,22.797407,-4.1618586,-46.65453,-50.12547,-66.99435,26.897799,49.073563,-49.106667
2025-10-28 20:16:03.481486,Left,-26.86681,-11.40339,28.583715,17.347095,23.176832,-24.165895,-41.410843,5.716163
2025-10-28 20:16:03.481496,Left,-4.1591444,-7.251026,-3.6507413,-10.171644,-14.057419,3.5181963,2.9165535,-17.205696
2025-10-28 20:16:03.481504,Left,38.374134,-68.728935,-112.835236,-155.24115,-159.03606,139.36763,141.73457,-146.94489
2025-10-28 20:16:03.481513,Left,-18.35489,-129.09404,-54.758976,-153.73439,-118.552704,142.55266,80.113365,-147.3707
2025-10-28 20:16:03.521593,Left,-21.124405,7.9478307,-50.248817,-96.03234,5.188417,9.605954,-68.94002,-107.5772
2025-10-28 20:16:03.521638,Left,1.333402,-6.6656203,-2.4559429,11.503714,8.562218,0.6590612,7.8750353,18.86936
2025-10-28 20:16:03.521653,Left,-5.7318525,-7.781015,-11.798539,-8.76326,4.0172224,2.4181967,-2.1103814,-0.88157094
2025-10-28 20:16:03.521663,Left,-31.875572,-0.77227,-13.523726,-44.018776,-9.342553,9.495968,-21.685345,-53.44112
2025-10-28 20:16:03.521672,Left,14.786206,-4.857451,-7.0283637,12.435697,14.163167,-1.7864681,4.7844605,22.801672
2025-10-28 20:16:03.521681,Left,-7.9012785,-3.2522526,-9.618667,-12.322868,5.3723235,4.5675564,-7.652609,-14.280968
2025-10-28 20:16:03.521690,Left,-34.42926,21.08494,-78.79417,-167.93019,9.286962,34.435524,-104.408714,-178.46313
2025-10-28 20:16:03.521699,Left,23.161667,36.033016,-118.2312,-176.3745,76.40604,40.486427,-144.01854,-185.02968
2025-10-28 20:16:03.547995,Left,-65.84604,-90.237076,58.422535,33.81707,-65.38459,-77.134865,80.55971,43.50028
2025-10-28 20:16:03.548029,Left,10.839045,19.034126,-2.4507399,-5.5547523,11.713506,21.987413,-1.6660831,1.0044125
2025-10-28 20:16:03.548040,Left,-0.5799928,-4.170563,1.9224681,-1.1821071,-4.5259523,0.670313,11.345623,6.391328
2025-10-28 20:16:03.548050,Left,-31.248499,-59.73393,13.524828,12.832629,-40.828682,-58.108955,33.07215,22.896591
2025-10-28 20:16:03.548059,Left,10.024661,21.575077,-6.7031446,-11.01701,13.212585,31.602293,-0.47247818,-2.0093303
2025-10-28 20:16:03.548069,Left,-10.722634,-16.979988,2.178374,-2.0749192,-14.391429,-12.3208,13.279838,8.9960785
2025-10-28 20:16:03.548078,Left,-117.72235,-165.67384,105.82563,62.019634,-127.711334,-163.0462,121.093025,56.526806
2025-10-28 20:16:03.548087,Left,-145.18929,-150.76837,140.31133,65.60183,-116.15432,-106.902,162.87914,65.22933
2025-10-28 20:16:03.604486,Left,87.06134,30.227547,-74.01625,-63.952858,74.63008,-19.84498,-74.87445,-43.567493
2025-10-28 20:16:03.604523,Left,-3.8140304,5.3387365,23.31573,25.078096,-6.137841,8.951696,11.714842,12.828564
2025-10-28 20:16:03.604532,Left,10.197265,12.181716,7.9180512,11.911073,15.967863,4.3899164,-6.474882,-4.458812
2025-10-28 20:16:03.604539,Left,46.742847,28.38564,-39.34414,-44.052284,53.44544,-22.06582,-50.676395,-45.09793
2025-10-28 20:16:03.604546,Left,-4.8415203,7.021604,36.60958,44.923866,-2.8526063,21.114204,19.273767,19.874123
2025-10-28 20:16:03.604553,Left,21.996782,18.545618,3.3798423,5.828451,25.650976,6.529897,-9.256207,-8.314889
2025-10-28 20:16:03.604560,Left,146.8326,49.703,-138.79677,-120.040825,144.92642,-29.17711,-133.32101,-85.69521
2025-10-28 20:16:03.604568,Left,175.41708,50.419353,-102.172035,-48.445126,140.68312,29.307314,-99.96204,-22.743694
2025-10-28 20:16:03.632108,Left,-44.984673,-8.185386,80.58647,10.171321,-39.15726,6.2633543,60.929276,72.32585
2025-10-28 20:16:03.632155,Left,15.2459,14.009207,-14.841394,-2.1144745,12.368375,0.9405962,-28.784445,-21.435577
2025-10-28 20:16:03.632169,Left,-1.385381,0.8385363,-1.2842919,-1.1329422,0.0035248434,1.1666425,-4.308942,0.26175284
2025-10-28 20:16:03.632180,Left,-44.133633,-32.78777,47.580692,6.4870954,-43.077793,-22.726942,41.86223,31.461218
2025-10-28 20:16:03.632190,Left,21.705229,19.195627,-29.995005,-10.350977,19.520596,12.19855,-32.413933,-19.235046
2025-10-28 20:16:03.632199,Left,-11.822795,-7.7552176,3.123083,-5.63501,-12.2121525,-6.5722914,-0.9404977,1.7089428
2025-10-28 20:16:03.632208,Left,-101.274185,-34.760765,142.76117,20.340475,-73.63398,11.486205,126.58102,136.45235
2025-10-28 20:16:03.632218,Left,-52.22209,40.036625,105.3012,-10.164518,-26.994995,72.4524,67.90757,137.5749
2025-10-28 20:16:03.687420,Left,-17.239283,87.4781,88.983246,-69.88821,-26.197552,67.51159,50.250477,-99.83826
2025-10-28 20:16:03.687474,Left,1.1150776,-15.806056,-21.814045,7.708039,6.9256325,-15.884328,-22.55492,6.5841265
2025-10-28 20:16:03.687489,Left,1.2174684,5.9826555,2.0789132,-5.1887527,1.3774723,1.8965594,-3.0804334,-8.697775
2025-10-28 20:16:03.687500,Left,-16.831732,46.47581,61.231762,-34.120243,-15.172875,47.265793,51.257267,-48.476254
2025-10-28 20:16:03.687509,Left,6.1665,-17.741802,-29.867285,12.361313,14.607888,-17.352959,-26.603502,19.937668
2025-10-28 20:16:03.687519,Left,-5.644355,11.083725,11.749009,-8.825353,1.2699064,13.543862,11.525036,-8.445931
2025-10-28 20:16:03.687528,Left,-43.055756,148.79817,157.67688,-136.32306,-54.837654,129.97899,109.63734,-169.92023
2025-10-28 20:16:03.687537,Left,-31.151035,150.61597,122.619675,-131.68071,-27.435764,114.0626,47.64524,-169.50719
2025-10-28 20:16:03.796658,Left,26.746,-97.17321,-41.585552,72.69588,19.8228,-34.576694,12.368795,96.72895
2025-10-28 20:16:03.796686,Left,-24.150633,10.403548,15.284286,-15.1426525,3.229562,29.075357,29.493847,2.941517
2025-10-28 20:16:03.796691,Left,-10.2784815,-9.063197,2.6662748,5.1437106,6.245059,12.346857,19.566414,20.097149
2025-10-28 20:16:03.796695,Left,36.65147,-57.154102,-43.12787,49.39248,20.545202,-29.137474,-8.544761,72.63489
2025-10-28 20:16:03.796699,Left,-33.4955,19.048689,27.467247,-21.63016,-5.041549,31.844318,32.85017,-12.580679
2025-10-28 20:16:03.796702,Left,0.104997754,-15.596469,-3.4160748,13.305863,7.2010345,3.689679,12.3861475,24.48598
2025-10-28 20:16:03.796706,Left,74.50329,-168.31277,-77.1748,143.6281,40.09042,-73.268585,7.710212,175.4705
2025-10-28 20:16:03.796709,Left,-1.8687556,-152.32611,-13.553139,100.515656,-1.767369,-38.988907,66.279396,119.697334
2025-10-28 20:16:03.850410,Left,-52.789013,-73.13826,79.84079,31.033998,-77.769264,-84.43059,74.22266,-32.329636
2025-10-28 20:16:03.850436,Left,35.038563,44.12019,19.302738,15.093091,21.96674,18.197277,-18.28159,-6.360382
2025-10-28 20:16:03.850441,Left,16.59411,15.5932865,21.09418,11.297052,-1.7240767,-6.752073,-5.8053784,-16.485178
2025-10-28 20:16:03.850445,Left,-16.102945,-38.706257,43.2028,29.74212,-37.482903,-59.506752,29.808851,-47.709656
2025-10-28 20:16:03.850448,Left,27.638073,42.509857,9.688105,3.694695,20.459766,23.919579,-24.337008,3.0018423
2025-10-28 20:16:03.850451,Left,12.17131,10.285387,30.148952,19.566412,-3.0712798,-12.217111,2.3902197,-17.42412
2025-10-28 20:16:03.850455,Left,-107.47486,-150.2165,130.53233,53.713318,-146.8553,-167.19014,124.90843,-76.58212
2025-10-28 20:16:03.850458,Left,-115.942635,-109.434586,176.00941,47.56623,-145.66173,-129.55289,129.45134,-18.244991
2025-10-28 20:16:03.906909,Left,59.062145,46.39208,-95.01484,-34.763615,50.3666,17.359526,-107.59362,-30.70431
2025-10-28 20:16:03.906935,Left,-40.379196,-45.163097,-13.143273,-12.433415,-30.370815,-27.094824,6.803368,-7.756537
2025-10-28 20:16:03.906941,Left,-18.914211,-21.291412,-22.967361,-14.221939,-12.420859,-15.229784,-15.452203,-13.180863
2025-10-28 20:16:03.906945,Left,27.330652,33.148438,-63.479,-29.881777,36.30688,30.391779,-64.47828,-23.762545
2025-10-28 20:16:03.906948,Left,-42.85537,-50.78662,-0.56538594,-2.6518033,-35.21567,-37.57074,13.99177,-2.3259933
2025-10-28 20:16:03.906951,Left,-10.454996,-16.189259,-35.803043,-21.01176,-7.990099,-10.95947,-25.463165,-16.94335
2025-10-28 20:16:03.906955,Left,120.78815,104.20176,-162.64455,-52.659595,112.48118,61.015194,-175.96803,-41.299965
2025-10-28 20:16:03.906958,Left,108.476616,55.752808,-136.67482,-16.02165,87.91092,-1.0725869,-144.6498,-8.6836195
2025-10-28 20:16:03.950933,Left,-72.05545,-13.191854,2.494941,-47.1532,-119.56874,-110.28094,-11.148698,43.231937
2025-10-28 20:16:03.950979,Left,19.648481,6.694766,-11.841003,-10.71774,10.328955,2.6384904,-13.811118,-5.7810645
2025-10-28 20:16:03.950993,Left,2.9264393,4.43885,-5.114857,-14.81963,-17.88315,-20.474808,-12.680552,1.946966
2025-10-28 20:16:03.951003,Left,-56.80333,-20.587048,16.644459,-6.4716988,-79.366066,-52.84774,23.1258,37.08449
2025-10-28 20:16:03.951013,Left,38.327316,18.444546,-17.303928,-18.331894,19.477167,0.7202127,-28.491854,-12.3738985
2025-10-28 20:16:03.951022,Left,-10.419316,-4.3548265,-5.42675,-15.321098,-26.949738,-23.23822,-4.5548987,9.46859
2025-10-28 20:16:03.951031,Left,-143.09445,-32.394455,10.516669,-78.62585,-224.13136,-195.3757,-9.343618,77.49058
2025-10-28 20:16:03.951039,Left,-89.9211,-5.5769997,-66.49156,-173.90279,-209.54797,-248.31215,-119.72321,37.941856
2025-10-28 20:16:03.977309,Left,99.18291,-62.122437,-158.40862,-222.42424,-181.98868,9.959088,194.9036,30.364687
2025-10-28 20:16:03.977355,Left,-7.504373,28.63001,48.394352,40.543533,34.78608,-9.105864,-49.3798,13.634962
2025-10-28 20:16:03.977370,Left,9.761758,5.3167696,0.44467747,-6.7901,-0.6483499,2.825863,5.950517,19.27254
2025-10-28 20:16:03.977380,Left,53.07597,-70.11437,-151.0668,-149.78801,-114.71571,3.7575748,121.93257,26.886429
2025-10-28 20:16:03.977390,Left,-9.286387,50.281963,86.68933,66.95759,54.22708,-6.5856133,-65.23146,11.406943
2025-10-28 20:16:03.977400,Left,18.773714,-4.3038445,-20.874187,-31.59298,-22.162027,-0.3858768,22.483717,20.71756
2025-10-28 20:16:03.977409,Left,170.93707,-133.411,-313.69284,-421.25446,-346.13586,18.245733,370.6827,51.88753
2025-10-28 20:16:03.977418,Left,195.55785,4.6079493,-87.7727,-321.0259,-289.4884,20.74607,310.82852,33.159855
2025-10-28 20:16:04.021271,Left,80.04204,184.27332,152.08748,-56.276493,-171.52875,-19.664381,25.893856,-34.83981
2025-10-28 20:16:04.021313,Left,5.3891945,-11.411871,-4.7780433,28.424803,42.9564,6.575114,-2.3353066,10.729416
2025-10-28 20:16:04.021327,Left,23.171524,23.375547,21.195827,12.40861,5.7854075,5.7877693,7.6799855,5.983646
2025-10-28 20:16:04.021337,Left,115.45393,118.223755,79.201096,-26.94712,-71.744965,26.771238,43.189686,-16.734917
2025-10-28 20:16:04.021347,Left,-27.141386,-27.984753,-10.790036,30.654556,43.482574,-8.614899,-14.341183,15.22345
2025-10-28 20:16:04.021356,Left,40.62105,43.68047,35.040653,8.568471,-5.3797507,9.322739,12.995489,1.7982965
2025-10-28 20:16:04.021365,Left,155.47195,331.4254,267.7324,-110.33211,-314.18582,-24.784794,57.464558,-66.29828
2025-10-28 20:16:04.021375,Left,-37.911453,311.47916,311.05264,-92.77238,-358.41672,-139.78749,-35.26785,-72.4695
2025-10-28 20:16:04.047599,Left,-39.863605,-37.250168,-1.3353474,17.68895,27.855116,-46.161766,-46.98661,34.604702
2025-10-28 20:16:04.047647,Left,13.631763,14.677923,19.126816,15.820889,-2.9560387,7.951395,22.475039,-4.0622525
2025-10-28 20:16:04.047662,Left,8.496744,6.020667,9.714514,9.020563,0.9950724,-1.7922926,5.402271,-0.37537175
2025-10-28 20:16:04.047673,Left,-2.145201,-4.371551,-2.9944782,-7.2183733,22.702908,-14.469468,-37.40488,13.793028
2025-10-28 20:16:04.047682,Left,9.930137,7.6641493,14.592683,13.820195,-15.939884,0.6913643,28.07829,-6.463379
2025-10-28 20:16:04.047691,Left,5.360137,2.2292118,6.354082,4.219392,0.74800855,-8.007812,-3.7050276,0.41899222
2025-10-28 20:16:04.047700,Left,-67.7101,-62.508434,-7.192363,9.053468,40.83238,-92.57547,-104.00733,65.02568
2025-10-28 20:16:04.047709,Left,-134.56813,-130.96771,-22.072506,31.63171,-17.197615,-149.02313,-69.831856,76.66589
2025-10-28 20:16:04.077722,Left,-48.74426,-1.9055619,-91.93329,-113.695206,45.531883,-57.978336,-53.78591,17.996649
2025-10-28 20:16:04.077767,Left,1.5533843,-22.728104,-25.094448,-16.667564,-27.738144,-16.795393,-14.099332,-37.579742
2025-10-28 20:16:04.077781,Left,-8.89457,-15.679838,-28.99597,-30.452925,-18.680943,-24.71605,-21.51618,-22.596706
2025-10-28 20:16:04.077791,Left,-64.94209,-15.7942,-40.47278,-74.639305,-26.26493,-73.12651,-66.1686,16.621696
2025-10-28 20:16:04.077800,Left,19.57006,-17.662592,-26.66662,-8.082556,-11.3689375,0.28660592,0.852595,-47.01031
2025-10-28 20:16:04.077809,Left,-15.750334,-13.408014,-31.264528,-38.326332,-18.698683,-36.00007,-32.441944,-20.56366
2025-10-28 20:16:04.077818,Left,-85.41888,14.995576,-140.98521,-192.48277,81.35815,-108.87452,-102.23108,48.133553
2025-10-28 20:16:04.077827,Left,29.961315,45.464996,-202.46416,-188.23924,209.53049,-19.497484,-20.357191,-7.7565823
2025-10-28 20:16:04.119202,Left,-22.628222,-1.9866892,-59.80193,-49.6794,36.980263,11.401019,-71.53561,-27.302568
2025-10-28 20:16:04.119252,Left,1.3496631,-20.088327,-12.526057,8.0848255,-9.48755,-19.329823,1.2712972,20.615015
2025-10-28 20:16:04.119267,Left,-8.7732525,-15.028987,-17.599646,-6.2005143,-3.2413268,-10.8126955,-11.916184,2.4311264
2025-10-28 20:16:04.119277,Left,-41.413094,15.313493,-11.367574,-53.14493,4.719389,30.661108,-24.337946,-48.97665
2025-10-28 20:16:04.119287,Left,11.2663555,-29.85788,-19.313654,23.797256,-3.04764,-30.292755,-0.8523142,38.76864
2025-10-28 20:16:04.119297,Left,-13.394244,-10.445158,-17.81867,-13.894499,-3.2675765,-5.4945602,-13.369128,-1.5264313
2025-10-28 20:16:04.119306,Left,-43.614693,16.07367,-86.56235,-89.24187,75.55612,41.90645,-121.79606,-69.26462
2025-10-28 20:16:04.119315,Left,53.197426,-34.80789,-149.18794,12.160391,133.7311,-34.31983,-160.05136,66.057846
2025-10-28 20:16:04.146781,Left,-89.40162,17.458755,27.509247,-92.435295,-98.34982,93.05232,17.243696,-125.91125
2025-10-28 20:16:04.146827,Left,26.454418,34.17651,16.380291,23.801575,29.45776,10.329328,11.788696,29.433365
2025-10-28 20:16:04.146841,Left,5.110906,23.924217,18.358938,6.2686424,6.975194,20.723507,11.300237,1.2180339
2025-10-28 20:16:04.146851,Left,-30.737144,-17.631836,28.865261,-18.68108,-44.146946,30.22816,10.171447,-63.43138
2025-10-28 20:16:04.146860,Left,28.526003,53.265728,16.833021,21.236511,36.14859,19.597403,14.043689,36.318226
2025-10-28 20:16:04.146869,Left,2.8547184,22.265396,23.309984,3.7748191,0.4439505,26.095953,13.846333,-8.638843
2025-10-28 20:16:04.146878,Left,-167.84761,6.201603,41.21671,-169.92027,-187.51175,153.1406,25.48235,-234.20839
2025-10-28 20:16:04.146887,Left,-194.34868,137.39323,33.263668,-244.55064,-193.25932,249.21584,51.82165,-226.94647
2025-10-28 20:16:04.200829,Left,33.42257,-94.1919,-89.38562,106.11178,54.991863,-64.434586,-73.516884,78.10361
2025-10-28 20:16:04.200876,Left,1.1370729,23.21018,24.56092,-12.5547905,-2.3147213,22.581915,27.464308,-8.105921
2025-10-28 20:16:04.200890,Left,6.51939,0.48603162,0.61407685,7.4120145,9.621244,7.808146,10.262372,12.885229
2025-10-28 20:16:04.200901,Left,19.564945,-63.12176,-71.00604,52.702396,31.854078,-47.55376,-60.290894,50.757633
2025-10-28 20:16:04.200911,Left,-1.3899937,31.157894,33.89058,-22.896029,-9.231791,32.005898,45.375813,-8.980292
2025-10-28 20:16:04.200920,Left,7.540635,-12.690032,-14.1551485,12.443323,9.867839,-5.2064734,-5.5493946,14.8787
2025-10-28 20:16:04.200929,Left,55.194126,-191.41096,-192.20135,171.07451,77.98058,-144.67801,-164.21863,128.00096
2025-10-28 20:16:04.200938,Left,64.05536,-154.82858,-131.7691,171.79486,60.559376,-115.31598,-107.08619,90.810196
2025-10-28 20:16:04.257322,Left,-6.2670097,-37.139763,55.461784,101.12241,-39.530823,-33.815826,76.763985,105.25515
2025-10-28 20:16:04.257366,Left,-3.662218,8.650886,-3.3820183,-19.704039,-10.165822,-3.7633927,-18.595558,-28.74471
2025-10-28 20:16:04.257380,Left,-2.2476287,-1.5427475,4.41567,2.994709,-9.897793,-6.9532185,-0.8162521,-4.26442
2025-10-28 20:16:04.257390,Left,17.75003,-16.185556,21.332329,56.663795,-2.2626843,-21.863708,34.475616,61.794395
2025-10-28 20:16:04.257399,Left,-16.442924,7.140863,-2.2504048,-23.244427,-13.010033,0.1362356,-21.217052,-40.860924
2025-10-28 20:16:04.257408,Left,-0.56652266,-2.797752,10.160834,15.501878,-5.4593525,-5.9400296,7.7455263,9.08475
2025-10-28 20:16:04.257417,Left,4.173764,-59.934437,106.89516,196.66702,-52.534424,-47.766964,154.06097,210.72424
2025-10-28 20:16:04.257426,Left,-90.105156,-85.40534,127.62694,182.52026,-132.05113,-61.147068,156.86237,178.30952
2025-10-28 20:16:04.283700,Left,85.22913,97.86135,-72.118256,-28.010408,72.809814,83.760025,-66.62662,-23.46766
2025-10-28 20:16:04.283746,Left,-19.307817,-27.210117,1.463649,-4.8219357,-23.305029,-25.180372,8.858316,-2.5320957
2025-10-28 20:16:04.283761,Left,1.8072656,1.2101079,-5.9293995,-9.108182,-7.564347,-7.7800403,-9.912453,-8.013472
2025-10-28 20:16:04.283770,Left,47.362183,64.97801,-36.99975,-24.287458,41.33997,59.614407,-38.841995,0.8310974
2025-10-28 20:16:04.283779,Left,-24.544598,-35.2958,8.042911,-0.49607548,-32.167187,-42.874268,6.1989083,-12.357684
2025-10-28 20:16:04.283788,Left,6.97811,8.190793,-15.309294,-11.5449505,1.8339764,3.748533,-15.310007,-7.1385045
2025-10-28 20:16:04.283797,Left,164.52734,190.09004,-127.104385,-48.159748,140.31715,163.43575,-121.278015,-36.829716
2025-10-28 20:16:04.283806,Left,152.56522,136.64746,-156.61098,-41.134964,118.527214,110.829185,-113.65841,-76.64192
2025-10-28 20:16:04.351505,Left,-71.43317,9.211079,-15.424075,51.39926,92.75786,-15.46121,47.934994,20.409012
2025-10-28 20:16:04.351552,Left,14.069642,-3.2608507,6.5167313,-1.5017924,-14.194087,-7.271935,-19.045292,-16.558317
2025-10-28 20:16:04.351567,Left,-2.778246,2.0745313,4.9214153,8.146927,5.2151895,-6.2848616,-3.6053436,-4.035319
2025-10-28 20:16:04.351577,Left,-38.365852,28.74049,-2.2304537,21.186026,49.250904,7.5220027,43.82443,33.083687
2025-10-28 20:16:04.351586,Left,16.709154,-13.561163,8.787962,3.0167847,-15.143165,-10.874721,-27.683306,-24.60579
2025-10-28 20:16:04.351597,Left,-7.068269,6.0008025,3.0658228,11.203187,14.959906,-1.8613513,4.9853444,0.56833565
2025-10-28 20:16:04.351606,Left,-127.41893,28.82141,-23.030968,94.53363,174.66989,-15.778004,96.360054,43.36883
2025-10-28 20:16:04.351616,Left,-112.4084,-13.363556,-5.876035,151.42863,204.50462,-52.167187,51.757877,-15.339582
2025-10-28 20:16:04.377927,Left,19.86582,-3.2562766,-44.16918,-3.1510987,15.685592,-19.281912,-32.109993,9.868625
2025-10-28 20:16:04.377975,Left,-9.942977,-5.778193,17.14109,9.212386,-3.0905795,-2.9742877,9.525137,2.2650244
2025-10-28 20:16:04.377990,Left,-0.9856244,-4.0487213,-0.090722546,4.4639916,3.4704895,0.5083186,4.396438,5.484857
2025-10-28 20:16:04.378001,Left,24.45208,18.432848,-36.340935,-7.194583,21.082487,7.791574,-28.19237,-3.55618
2025-10-28 20:16:04.378010,Left,-17.26924,-18.524033,19.226086,10.793851,-7.9068666,-6.401884,20.584364,7.9557214
2025-10-28 20:16:04.378020,Left,-0.85888755,-4.205788,-7.6216497,2.78335,5.2889132,-0.048624475,-1.297023,1.8802956
2025-10-28 20:16:04.378029,Left,37.447502,-1.0552181,-89.02055,-14.122917,28.9968,-29.68282,-63.18123,14.948777
2025-10-28 20:16:04.378038,Left,-17.677525,-82.56411,-60.97485,1.6439002,-14.745083,-94.513885,-29.769653,39.67731
2025-10-28 20:16:04.420654,Left,-39.69371,20.335608,8.322685,-56.109585,-30.552868,18.59938,-17.153637,-68.46978
2025-10-28 20:16:04.420691,Left,17.828592,4.931163,-1.3011729,9.050481,17.007984,2.7903368,-0.0049088784,9.258786
2025-10-28 20:16:04.420701,Left,3.6501799,3.087954,-2.2955027,-6.938448,-1.4143403,-0.8982214,-4.129321,-4.6988964
2025-10-28 20:16:04.420710,Left,-34.841324,5.2253447,17.024406,-20.810919,-32.683945,12.739225,8.719822,-31.095549
2025-10-28 20:16:04.420719,Left,22.42567,-0.03136752,-13.205423,2.605027,21.909306,0.86798,-4.003914,14.765572
2025-10-28 20:16:04.420728,Left,-2.9037242,4.729082,2.8070788,-5.907915,-0.39844158,7.502806,1.5749421,-7.4051547
2025-10-28 20:16:04.420737,Left,-82.61027,29.479372,14.448199,-104.171906,-69.450386,23.355711,-37.087734,-138.29466
2025-10-28 20:16:04.420746,Left,-46.64589,31.85123,-45.18475,-150.79709,-19.74313,19.395836,-91.482346,-158.19672
2025-10-28 20:16:04.447030,Left,-56.529835,-90.43867,12.577323,6.8361335,-63.517582,-105.40251,8.879093,14.602266
2025-10-28 20:16:04.447065,Left,3.39286,12.49097,4.6476946,-0.4493472,3.8281915,11.974461,-2.3349671,-8.765809
2025-10-28 20:16:04.447075,Left,-2.099665,-2.6988084,5.729184,2.1732643,-5.420787,-7.077099,0.4976225,-3.14159
2025-10-28 20:16:04.447084,Left,-16.794003,-41.418087,-1.7465899,3.7326674,-25.772993,-54.01066,0.80034935,9.810185
2025-10-28 20:16:04.447093,Left,6.2761035,18.877314,12.328256,1.2149454,3.672204,15.669941,-1.0263044,-10.393407
2025-10-28 20:16:04.447102,Left,-5.7332525,-10.695098,4.550188,1.1561248,-11.375041,-16.957848,0.2725007,-2.2630994
2025-10-28 20:16:04.447111,Left,-102.92068,-165.17484,17.606762,20.160002,-97.20873,-169.22202,38.58537,45.095463
2025-10-28 20:16:04.447120,Left,-136.0546,-179.8863,60.193672,36.062897,-110.46555,-156.55827,84.35431,56.644863
2025-10-28 20:16:04.487275,Left,30.65665,15.687217,-74.77349,-93.65032,46.97546,21.237324,-74.09291,-74.705956
2025-10-28 20:16:04.487321,Left,-4.426795,-6.8630085,5.0165133,12.095302,-10.059962,-9.227543,8.902892,17.972586
2025-10-28 20:16:04.487336,Left,0.3715298,-2.1458044,-7.7198205,-6.9494815,0.19351605,-1.6079384,-4.7323775,0.4156469
2025-10-28 20:16:04.487346,Left,4.953437,10.813477,-38.680477,-65.27918,11.738225,8.83286,-47.3094,-59.207672
2025-10-28 20:16:04.487355,Left,-1.131872,-10.560208,5.3640146,20.73463,-9.215181,-12.630204,11.917618,26.285446
2025-10-28 20:16:04.487364,Left,3.1625934,2.5365102,-11.673978,-16.653069,1.9675092,-0.92343765,-14.926063,-14.004816
2025-10-28 20:16:04.487382,Left,53.99487,34.732895,-129.81439,-172.66765,82.509155,41.50127,-134.62407,-138.8958
2025-10-28 20:16:04.487391,Left,105.184586,36.78491,-140.69258,-141.00792,108.12799,21.85713,-144.35579,-104.50458
2025-10-28 20:16:04.513591,Left,-66.6526,-46.952484,96.99332,35.618484,-56.320324,-28.438799,95.43074,30.059917
2025-10-28 20:16:04.513617,Left,14.820929,18.204004,-10.901544,2.790348,24.243013,22.500486,-10.173081,-1.4697429
2025-10-28 20:16:04.513623,Left,-3.5728118,-0.450238,3.665515,5.3046427,5.09786,8.631863,8.6267395,1.5841776
2025-10-28 20:16:04.513627,Left,-49.695568,-52.083805,45.058872,21.548376,-40.241917,-34.077076,59.264973,25.290737
2025-10-28 20:16:04.513631,Left,19.07319,27.237337,-18.028,-3.3186507,31.756853,35.80762,-13.525007,-1.7218249
2025-10-28 20:16:04.513634,Left,-13.8392,-7.587572,14.582889,8.028486,-3.0238364,0.5512021,16.208694,9.983446
2025-10-28 20:16:04.513638,Left,-134.2008,-108.24678,161.07167,56.490673,-113.405045,-66.35557,171.667,58.543518
2025-10-28 20:16:04.513641,Left,-116.37887,-43.28861,167.7938,46.795067,-73.42121,8.684023,160.00003,43.25199
2025-10-28 20:16:04.553845,Left,88.72494,21.310953,-34.570568,15.919826,82.80062,15.043691,-18.759703,32.571438
2025-10-28 20:16:04.553889,Left,-11.413381,-3.0112803,16.493881,11.903626,-13.932767,-0.68196833,12.102015,-1.3623741
2025-10-28 20:16:04.553903,Left,1.5863694,2.1334097,6.1733375,11.320711,7.8156314,3.158639,3.9214628,4.3683143
2025-10-28 20:16:04.553913,Left,58.787502,16.821928,-37.60498,-13.155476,59.53738,11.064926,-33.830746,-7.6497393
2025-10-28 20:16:04.553922,Left,-18.964752,-2.6175652,29.990294,22.970352,-24.255964,-5.3692074,21.47489,7.5587015
2025-10-28 20:16:04.553931,Left,17.993605,8.680294,0.4895593,7.0998588,14.360835,0.7170072,-5.3163996,0.2439744
2025-10-28 20:16:04.553940,Left,165.14108,34.082912,-81.00147,8.307194,147.2148,23.043468,-44.35288,53.83788
2025-10-28 20:16:04.553949,Left,136.68217,19.685772,-16.6577,86.20634,100.175095,-2.9351149,18.00251,119.8071
2025-10-28 20:16:04.580204,Left,-5.850394,49.45353,30.73938,-14.773845,11.760262,61.448544,-1.9616425,-28.261854
2025-10-28 20:16:04.580240,Left,0.018682906,-7.7227597,-20.420986,-4.4985514,1.5871673,-9.005874,-14.050671,-6.124669
2025-10-28 20:16:04.580251,Left,0.6749078,4.772853,-2.7929125,-1.0982357,3.681414,3.338988,-7.6984606,-7.1030498
2025-10-28 20:16:04.580261,Left,-22.949675,10.239951,36.43138,1.8912152,-4.865147,29.612217,27.610113,-3.9211657
2025-10-28 20:16:04.580270,Left,11.495789,-0.49034572,-29.052574,-6.818966,7.859161,-8.6523485,-25.1227,-6.6889896
2025-10-28 20:16:04.580279,Left,-3.8042352,4.493384,0.8835153,-0.76268405,3.7194183,9.8129835,-0.76905006,-6.6465364
2025-10-28 20:16:04.580288,Left,-9.677852,86.991165,66.798454,-18.261566,22.05409,118.41224,20.959282,-35.858616
2025-10-28 20:16:04.580297,Left,70.45234,165.37837,22.418617,-22.192255,91.133026,162.56197,-49.048786,-57.58964
2025-10-28 20:16:04.620345,Left,-11.844916,-17.60828,62.49753,108.129326,-17.402042,-30.959259,58.66845,80.68068
2025-10-28 20:16:04.620388,Left,-10.549161,-0.49399218,-2.9829097,-10.775576,2.5264049,10.609133,-3.2248423,-17.12366
2025-10-28 20:16:04.620402,Left,-5.290483,-3.629671,4.168248,4.1603184,-5.666813,1.1761591,7.2154355,4.962655
2025-10-28 20:16:04.620412,Left,11.655015,-12.452622,17.47509,55.43421,6.5977063,-11.260576,31.519073,58.9259
2025-10-28 20:16:04.620421,Left,-18.520071,-2.7958698,-4.5120554,-23.908596,-13.348,9.134342,-3.2554314,-22.518183
2025-10-28 20:16:04.620431,Left,-5.080561,-8.480564,4.2483487,11.860301,-4.072318,-0.053787634,12.329231,13.738029
2025-10-28 20:16:04.620440,Left,-11.954828,-44.22105,92.03534,179.67752,-37.35243,-54.68556,112.98986,166.36002
2025-10-28 20:16:04.620448,Left,-85.78626,-64.215515,127.71373,183.93845,-91.95113,-55.065125,135.0552,130.90546
2025-10-28 20:16:04.646679,Left,75.28214,85.72723,-79.36503,-27.400026,88.00182,89.73775,-68.24971,-1.9245507
2025-10-28 20:16:04.646709,Left,-17.191301,-25.869814,1.0174247,4.6128125,-8.388901,-7.5279093,27.049892,17.42291
2025-10-28 20:16:04.646716,Left,-0.23082532,-1.686591,-8.406125,-0.13529699,7.9172792,7.7234726,3.7223356,10.681126
2025-10-28 20:16:04.646721,Left,39.67893,55.793385,-37.773552,-15.937935,56.258923,69.624626,-30.179249,22.94115
2025-10-28 20:16:04.646725,Left,-19.29559,-31.644262,7.677849,9.623968,-16.489573,-23.753538,24.573532,4.490663
2025-10-28 20:16:04.646730,Left,6.676998,7.5611877,-13.9207115,-1.9279435,18.128748,21.49263,2.4739366,15.880329
2025-10-28 20:16:04.646735,Left,147.19052,169.41495,-134.45676,-50.285236,155.90723,156.46924,-143.92653,-19.457342
2025-10-28 20:16:04.646741,Left,141.13785,122.95888,-173.06296,-56.380165,125.54792,83.31016,-173.3637,-88.52961
2025-10-28 20:16:04.688136,Left,39.929073,-14.9815855,-62.60684,29.365265,40.338383,-45.074535,-102.720146,6.8012075
2025-10-28 20:16:04.688182,Left,27.666222,22.08287,26.343822,19.172466,1.7993153,-2.6307566,6.316587,-5.082888
2025-10-28 20:16:04.688196,Left,27.550232,17.20514,11.925602,18.282293,5.683123,-11.603594,-16.724669,-9.591235
2025-10-28 20:16:04.688206,Left,28.850056,12.337283,-27.11009,-4.6304955,13.375889,-22.231936,-60.792328,-14.382124
2025-10-28 20:16:04.688216,Left,25.491325,15.533129,26.919645,25.855167,-2.380303,-8.02752,8.883871,-1.0763813
2025-10-28 20:16:04.688225,Left,28.668316,15.504727,3.288244,13.06715,6.3550925,-13.265567,-21.33543,-4.7513227
2025-10-28 20:16:04.688235,Left,48.020554,-43.854156,-136.83537,21.390856,59.261463,-81.6051,-180.3694,22.332487
2025-10-28 20:16:04.688244,Left,66.99181,-91.569496,-170.8376,67.25963,66.91131,-121.18996,-188.89073,70.665794
2025-10-28 20:16:04.715743,Left,-119.74291,22.356773,-1.9882513,-97.42172,-105.27791,55.939056,20.073822,-80.04755
2025-10-28 20:16:04.715788,Left,-14.476008,-31.111885,-27.87628,-7.983784,-0.6203029,-25.863361,-13.245286,9.967888
2025-10-28 20:16:04.715802,Left,-32.38794,-21.113003,-19.916197,-21.032726,-18.611752,-9.768062,-5.5669675,-7.3917813
2025-10-28 20:16:04.715812,Left,-88.81556,-18.528236,-14.400755,-63.494713,-80.66312,10.949027,9.612962,-48.862785
2025-10-28 20:16:04.715822,Left,-4.9648523,-26.559277,-27.803404,-2.773777,11.596665,-22.535334,-13.63274,17.8077
2025-10-28 20:16:04.715831,Left,-43.508003,-22.592537,-23.31255,-32.97145,-32.726444,-8.686736,-4.7463927,-15.361791
2025-10-28 20:16:04.715839,Left,-193.65955,68.335464,28.661411,-152.8074,-181.09103,111.50179,51.38242,-139.96075
2025-10-28 20:16:04.715848,Left,-171.34256,130.48132,37.333416,-148.54556,-135.84361,150.04964,61.52213,-106.89022
2025-10-28 20:16:04.757169,Left,26.875319,-69.676895,-58.73802,84.553276,26.348997,-65.63189,-48.527782,71.20068
2025-10-28 20:16:04.757212,Left,-8.343995,11.763388,16.10424,-13.475438,-4.461019,20.444563,25.533436,-2.5798702
2025-10-28 20:16:04.757225,Left,-4.4076037,-6.2301235,-1.043225,4.809373,2.6519334,3.4839716,7.3016033,8.81037
2025-10-28 20:16:04.757234,Left,16.04808,-49.50734,-54.576157,46.06007,20.684757,-42.66755,-39.534195,56.01826
2025-10-28 20:16:04.757243,Left,-6.060674,26.228468,36.78577,-9.037522,2.0330315,37.21681,42.697113,-7.454476
2025-10-28 20:16:04.757252,Left,-0.41465476,-12.783312,-9.531565,11.598918,6.2362165,-2.4454753,3.6716938,21.209835
2025-10-28 20:16:04.757261,Left,43.315525,-143.63255,-130.36148,142.55853,41.22023,-131.26637,-101.93808,131.55869
2025-10-28 20:16:04.757270,Left,59.234924,-85.03335,-30.163889,177.20416,63.606937,-58.23528,3.4132433,142.42561
2025-10-28 20:16:04.783550,Left,-20.552404,77.87453,6.8158975,-41.64049,3.0575688,62.340225,4.782328,-14.872766
2025-10-28 20:16:04.783596,Left,24.360819,-5.7835546,6.8558664,21.631113,12.722071,-14.135589,-1.3172032,10.949433
2025-10-28 20:16:04.783611,Left,11.892336,9.845423,8.207917,8.303109,10.809778,6.6923885,-0.3992717,0.41498235
2025-10-28 20:16:04.783623,Left,-25.14084,60.382435,17.602947,-34.154865,-15.981359,51.581318,9.098211,-27.62335
2025-10-28 20:16:04.783633,Left,34.808647,-16.13711,1.700158,28.029478,18.19412,-29.159697,-13.559676,10.906112
2025-10-28 20:16:04.783642,Left,8.132782,19.848019,10.626674,1.902333,4.31906,9.18959,0.7409702,-1.8024384
2025-10-28 20:16:04.783651,Left,-48.934628,146.37404,17.416338,-82.39367,-2.3434389,123.22743,8.220727,-43.29257
2025-10-28 20:16:04.783660,Left,29.176989,111.00625,-6.9752154,-29.981686,62.07774,61.327274,-23.02765,6.744189
2025-10-28 20:16:04.825039,Left,3.5154665,10.311011,64.23217,44.495304,7.772061,38.643135,93.99412,35.960106
2025-10-28 20:16:04.825083,Left,-1.3506426,12.882132,9.934164,3.4024618,18.842712,23.2648,12.555025,7.619614
2025-10-28 20:16:04.825097,Left,0.54834425,11.562159,19.461489,16.380959,22.14559,26.773462,26.475206,16.296524
2025-10-28 20:16:04.825107,Left,6.554452,-10.677186,22.950432,48.767254,19.645678,15.539152,49.62471,47.00031
2025-10-28 20:16:04.825117,Left,-9.208683,17.2092,10.762047,-10.234981,17.001768,30.479479,13.7263365,-1.851543
2025-10-28 20:16:04.825126,Left,2.686391,7.956507,19.49341,19.669952,19.089777,23.721498,30.048416,20.179436
2025-10-28 20:16:04.825135,Left,1.6212318,3.5896745,104.47977,85.877045,7.540247,52.3591,156.57854,67.07393
2025-10-28 20:16:04.825144,Left,-39.839085,37.617584,131.83742,-5.5629005,-43.940426,78.42628,172.80104,-17.93176
2025-10-28 20:16:04.851409,Left,98.6229,6.0104365,-11.371107,58.576164,92.65831,-35.487766,-32.055923,54.645947
2025-10-28 20:16:04.851455,Left,-10.348376,-10.8704405,-10.025219,-24.299692,-41.140537,-32.484127,-27.059484,-29.076202
2025-10-28 20:16:04.851469,Left,11.919164,0.8914404,-5.784645,-8.548401,-14.745705,-27.234282,-26.647135,-15.023258
2025-10-28 20:16:04.851480,Left,48.402115,20.468752,-12.358765,7.9303746,34.08409,-20.111311,-32.878517,12.541405
2025-10-28 20:16:04.851489,Left,-8.188139,-13.162256,-6.015134,-19.160622,-42.15602,-32.65397,-21.521025,-28.098867
2025-10-28 20:16:04.851499,Left,17.61578,1.7287297,-8.844977,-7.298897,-8.600238,-29.24716,-30.077538,-12.193677
2025-10-28 20:16:04.851508,Left,173.51514,17.236584,-17.752224,105.30744,173.56645,-50.435978,-50.230305,106.244354
2025-10-28 20:16:04.851517,Left,172.35762,-73.23015,-39.82138,140.8956,182.14989,-95.8008,-35.584167,142.98273
2025-10-28 20:16:04.894048,Left,-40.84208,65.49594,94.290115,-52.1088,-25.995062,71.796425,74.46333,-79.446655
2025-10-28 20:16:04.894074,Left,5.837038,-6.18789,-15.242941,7.1659007,11.167735,-8.050402,-20.510584,2.4460423
2025-10-28 20:16:04.894079,Left,-2.2851644,4.8782125,2.5332625,-6.554409,-1.5012589,0.6295863,-5.640425,-14.7315645
2025-10-28 20:16:04.894083,Left,-20.22254,38.372005,65.020294,-19.005121,-12.458421,45.945477,57.852165,-39.606583
2025-10-28 20:16:04.894087,Left,3.6241577,-15.989682,-32.775997,-0.7290804,5.69369,-20.164589,-35.847836,3.050444
2025-10-28 20:16:04.894090,Left,-8.078989,9.349114,12.702974,-8.532544,0.2529185,13.732044,10.116434,-14.309118
2025-10-28 20:16:04.894093,Left,-61.43885,128.27686,181.35423,-89.18236,-43.594173,139.38832,152.47266,-131.48238
2025-10-28 20:16:04.894097,Left,-67.857704,124.626945,140.29886,-120.90031,-34.13063,135.61833,102.851234,-149.08109
2025-10-28 20:16:04.934283,Left,58.726994,-85.810684,-18.174297,70.00594,45.305237,-83.932365,-20.73954,46.69031
2025-10-28 20:16:04.934325,Left,-24.691051,6.4627852,-3.7106514,-20.102749,-12.34168,25.173552,4.237153,-10.272498
2025-10-28 20:16:04.934337,Left,-6.576866,-8.569157,-5.3676624,-1.9663563,-3.1082528,-3.290116,-2.603521,-0.08358695
2025-10-28 20:16:04.934346,Left,49.495373,-49.110165,-20.3148,46.488895,46.851814,-47.65394,14.5551405,45.22523
2025-10-28 20:16:04.934355,Left,-33.47914,15.10062,3.376509,-27.183632,-27.36614,26.078712,-7.989519,-22.498095
2025-10-28 20:16:04.934364,Left,4.8930707,-14.579466,-10.419181,3.1528912,2.8576965,-11.0899,0.8196928,8.4428215
2025-10-28 20:16:04.934373,Left,119.83866,-154.35732,-41.06433,126.12009,86.904335,-158.69128,-28.13499,88.973305
2025-10-28 20:16:04.934382,Left,55.333828,-158.25174,-21.363083,95.59227,27.411438,-126.03401,-85.60899,39.52457
2025-10-28 20:16:04.976962,Left,-3.03394,50.608807,1.9198362,-69.02132,-5.151536,24.995392,-25.965176,-56.510868
2025-10-28 20:16:04.976988,Left,2.870503,-14.052925,-10.172917,16.221455,6.365129,-11.634808,-5.904887,15.177084
2025-10-28 20:16:04.976994,Left,-0.95628005,0.52989346,0.2583237,6.3270597,8.6535425,3.9408085,0.41114962,6.746827
2025-10-28 20:16:04.976998,Left,-11.493629,41.591442,22.90257,-48.425537,-6.554575,33.304417,7.110087,-44.710583
2025-10-28 20:16:04.977002,Left,6.193642,-22.149101,-14.248249,34.54986,14.468114,-15.008448,-5.252255,36.210808
2025-10-28 20:16:04.977005,Left,-2.7054772,5.2266507,0.030931672,-5.9670672,3.0717428,5.148894,-1.5164946,-1.9328038
2025-10-28 20:16:04.977009,Left,-23.032274,87.196396,6.1044965,-135.38158,-16.613861,49.040005,-45.133514,-117.789734
2025-10-28 20:16:04.977012,Left,8.189859,46.331924,-54.56426,-79.10356,18.205542,-1.7292588,-108.2385,-60.492054
2025-10-28 20:16:05.004627,Left,-50.464455,-39.659653,8.36248,-11.095054,-61.811058,-10.703117,21.444906,-30.510895
2025-10-28 20:16:05.004677,Left,4.9922566,24.827394,12.125041,3.5520976,7.9464684,10.452874,4.6948447,4.5800476
2025-10-28 20:16:05.004692,Left,1.5535018,11.026439,11.900939,4.064083,-1.8225814,4.515915,3.7382536,-4.6457887
2025-10-28 20:16:05.004703,Left,-6.291991,-34.74519,1.7086214,10.726593,-23.243635,-27.086546,5.847462,-3.8846438
2025-10-28 20:16:05.004713,Left,2.5228226,33.810585,13.156586,-5.3101773,5.159527,20.689505,1.4097294,-7.028125
2025-10-28 20:16:05.004722,Left,-1.7841003,3.5406566,8.614885,2.1754353,-7.6926694,-0.4033752,4.262331,-4.6826487
2025-10-28 20:16:05.004731,Left,-76.41077,-71.393005,14.557619,-15.967147,-113.558365,-35.82546,29.89747,-53.031513
2025-10-28 20:16:05.004740,Left,-130.20525,-1.5328336,33.793575,-71.86248,-156.14925,30.199543,57.10805,-92.29296
2025-10-28 20:16:05.061162,Left,11.117032,-57.591133,-97.027115,21.31547,-48.59591,-9.242913,67.404785,36.40042
2025-10-28 20:16:05.061208,Left,-0.097923055,2.7771218,14.634734,7.034916,19.050428,16.01104,-11.260682,7.223714
2025-10-28 20:16:05.061223,Left,-4.171331,-10.109353,-8.079745,4.503028,4.1658473,8.820094,6.396354,9.303379
2025-10-28 20:16:05.061233,Left,2.2656815,-21.566658,-52.129772,-3.707723,-39.034985,-22.222563,53.893364,14.277095
2025-10-28 20:16:05.061243,Left,-5.6892686,-5.0098543,13.642477,7.7549095,24.777252,23.050304,-23.52626,8.517115
2025-10-28 20:16:05.061253,Left,0.79163736,-9.5858345,-12.914387,6.548896,-1.6941645,4.454405,12.806784,11.750099
2025-10-28 20:16:05.061262,Left,23.518915,-94.16067,-171.0779,35.72826,-89.18747,-17.924936,138.18764,69.31604
2025-10-28 20:16:05.061272,Left,24.656027,-145.77708,-190.00014,81.00451,-50.650665,41.897438,81.1209,97.173096
2025-10-28 20:16:05.102502,Left,69.01965,6.0893664,-6.562676,45.5204,46.282825,-1.6145709,12.665759,62.02116
2025-10-28 20:16:05.102547,Left,-22.004604,-9.247476,3.803539,-1.2464908,-14.911892,-5.470725,1.7383872,-6.889456
2025-10-28 20:16:05.102562,Left,-3.0595334,-6.2437215,-1.8158824,2.496027,-3.4359589,-4.1372333,1.135537,2.4784245
2025-10-28 20:16:05.102573,Left,51.44414,5.279998,-24.550274,7.0467405,43.361195,2.893566,-11.842834,18.987675
2025-10-28 20:16:05.102583,Left,-28.148735,-9.253869,15.021528,5.3105493,-26.406437,-6.4563785,10.393653,-5.2098722
2025-10-28 20:16:05.102592,Left,5.5052166,-4.1844287,-3.729873,6.298744,5.640265,-2.4719021,-0.03808429,6.173102
2025-10-28 20:16:05.102601,Left,132.10938,13.784676,-19.960245,74.63453,91.54728,0.4217118,17.39625,113.8198
2025-10-28 20:16:05.102610,Left,65.94494,-7.724345,45.916748,141.75449,36.54758,-13.322176,81.716484,168.38255
2025-10-28 20:16:05.130179,Left,27.619122,77.80111,1.3910446,-16.153215,51.06343,98.379395,-8.399545,-14.639993
2025-10-28 20:16:05.130221,Left,-2.9898305,-18.267721,-21.300423,-7.6225038,-10.395002,-20.55394,-12.499266,-8.6162
2025-10-28 20:16:05.130235,Left,0.86708367,0.3328958,-10.487202,-8.381749,-2.190753,-0.5352437,-9.3466625,-8.7598915
2025-10-28 20:16:05.130245,Left,-4.552392,27.724442,10.134911,-14.972401,7.104251,42.816517,3.6152694,-15.600167
2025-10-28 20:16:05.130254,Left,2.714991,-16.266233,-26.728989,-9.468727,-9.234067,-24.486977,-18.091782,-6.038091
2025-10-28 20:16:05.130263,Left,-1.469992,2.6772895,-11.480384,-12.974381,-1.6745893,7.0066614,-7.2030787,-8.109018
2025-10-28 20:16:05.130271,Left,40.397182,134.06277,6.072833,-35.025726,77.28183,160.98283,-29.607346,-42.76551
2025-10-28 20:16:05.130280,Left,93.46768,161.01791,-63.790627,-49.99894,118.91624,173.01701,-86.872765,-43.076065
2025-10-28 20:16:05.184100,Left,-39.973473,65.49229,65.28085,86.07027,-63.189133,-29.201183,74.07718,87.00097
2025-10-28 20:16:05.184148,Left,-2.864296,-15.662444,-6.043817,-13.157367,9.846548,12.702109,-2.811427,-9.673907
2025-10-28 20:16:05.184163,Left,-3.871676,6.123799,10.526394,8.12363,-0.92814565,7.106841,12.9041195,11.167884
2025-10-28 20:16:05.184174,Left,-9.607564,50.977898,38.62578,64.63313,-14.7872095,-7.4780383,52.270428,70.711174
2025-10-28 20:16:05.184184,Left,-3.7460988,-19.470522,-4.201402,-21.286621,6.754807,14.818163,-7.4293175,-19.908337
2025-10-28 20:16:05.184194,Left,-5.3114552,12.270668,12.777495,14.161858,-7.506407,1.4460588,17.993187,20.925415
2025-10-28 20:16:05.184203,Left,-71.8163,124.79612,124.61975,174.95645,-93.12933,-43.18626,143.407,168.93121
2025-10-28 20:16:05.184212,Left,-110.11691,87.96682,136.13272,140.02675,-139.85628,-43.84092,137.1196,120.817665
2025-10-28 20:16:05.210473,Left,71.29695,66.29958,-81.52782,-21.704147,70.79352,48.025463,-88.34122,-22.796238
2025-10-28 20:16:05.210518,Left,-4.9616513,-11.1927395,17.428558,6.763404,-14.696738,-15.960224,16.098877,7.680609
2025-10-28 20:16:05.210532,Left,6.908186,3.5479076,-1.6764935,-2.2514348,0.047620904,-1.4406712,-2.347952,2.8606942
2025-10-28 20:16:05.210542,Left,56.46151,66.91812,-31.440147,-9.724455,53.535595,50.693714,-49.54422,-14.754816
2025-10-28 20:16:05.210552,Left,-15.561985,-26.607807,17.721615,5.6441827,-25.849186,-29.330614,21.609627,11.681382
2025-10-28 20:16:05.210561,Left,18.173676,17.834044,-2.646736,0.716715,12.31839,8.242849,-10.615173,0.8343781
2025-10-28 20:16:05.210572,Left,144.26628,142.31316,-134.12462,-24.431246,148.14752,111.67651,-149.27084,-44.76583
2025-10-28 20:16:05.210581,Left,114.85893,66.30341,-158.11615,-16.549305,117.732376,51.738667,-123.77165,-13.075995
2025-10-28 20:16:05.250629,Left,-68.537506,-7.2135725,49.9042,6.1673045,-73.07554,-67.272415,-93.26604,54.629208
2025-10-28 20:16:05.250671,Left,16.215342,5.6351123,-14.634828,-12.345403,13.644918,4.5580506,13.7222185,-6.482514
2025-10-28 20:16:05.250684,Left,-4.9252224,-0.7442137,-1.3966666,-4.3793855,-1.1635749,-3.6287532,-1.7623662,7.2026997
2025-10-28 20:16:05.250694,Left,-47.902832,-14.0289,38.775097,20.14667,-57.983646,-38.880474,-64.804756,11.47568
2025-10-28 20:16:05.250703,Left,20.075808,7.082908,-24.370499,-21.214453,26.299904,11.228157,29.176004,3.3968537
2025-10-28 20:16:05.250712,Left,-9.896566,-2.0360827,3.778335,-4.2681184,-14.958936,-15.405357,-17.94332,3.1839685
2025-10-28 20:16:05.250721,Left,-143.91698,-26.635454,91.09916,15.609314,-144.07222,-126.90036,-178.4086,88.19195
2025-10-28 20:16:05.250730,Left,-104.88612,2.283806,42.07373,-58.583786,-103.163734,-144.05989,-155.3641,130.94714
2025-10-28 20:16:05.290788,Left,-80.221596,74.6559,24.646164,-86.29374,-92.4387,57.971497,5.165474,62.53807
2025-10-28 20:16:05.290833,Left,23.12692,-2.111706,-1.769351,13.298941,13.169911,-21.076513,-5.823215,-13.190328
2025-10-28 20:16:05.290847,Left,-3.1313968,2.5042055,-3.1611562,-9.818044,-10.29007,-7.0407295,-5.4331355,-1.0816128
2025-10-28 20:16:05.290857,Left,-62.759068,28.415045,15.117407,-50.72655,-66.77865,28.011627,-13.228438,23.663424
2025-10-28 20:16:05.290866,Left,28.215769,-10.395803,-10.283208,15.262834,23.439459,-23.645844,0.4074905,-13.375642
2025-10-28 20:16:05.290875,Left,-11.867426,10.516032,5.9011245,-10.559737,-14.060394,3.334342,-2.654547,6.954077
2025-10-28 20:16:05.290884,Left,-171.4523,112.80784,39.958443,-152.18538,-161.0967,122.96604,22.477947,129.06924
2025-10-28 20:16:05.290893,Left,-136.1124,134.91054,19.435083,-154.34117,-121.6922,118.37475,62.8688,155.14735
2025-10-28 20:16:05.330947,Left,46.970078,-84.07475,-16.515322,63.090675,30.285343,-74.6763,-53.995064,-87.01281
2025-10-28 20:16:05.330988,Left,-16.669334,15.9376955,13.104593,-9.732207,-13.112185,13.889983,2.2068467,16.141184
2025-10-28 20:16:05.330999,Left,0.9495193,0.35470816,6.7113857,6.361196,1.9056925,1.9440886,-2.06376,-1.96751
2025-10-28 20:16:05.331008,Left,49.306698,-46.38812,-5.459792,54.418076,39.722275,-51.446827,-25.687016,-52.36587
2025-10-28 20:16:05.331017,Left,-27.615911,24.261997,12.335444,-22.764519,-24.28854,26.204525,7.680882,26.522308
2025-10-28 20:16:05.331026,Left,8.570801,-7.78183,1.9610833,9.437821,1.3959666,-12.670265,-10.265537,-11.9860935
2025-10-28 20:16:05.331035,Left,97.460365,-155.5831,-31.85414,121.04307,63.975986,-142.68443,-98.716965,-164.23145
2025-10-28 20:16:05.331044,Left,19.030378,-147.69728,-17.380756,71.69075,-15.45672,-116.47333,-124.01557,-146.82338
2025-10-28 20:16:05.373658,Left,-38.92372,29.89554,-22.259056,-56.057606,6.4293504,9.933893,-46.427624,-41.24319
2025-10-28 20:16:05.373698,Left,-0.8299805,-16.170288,-9.271038,13.144626,4.262237,-5.6193986,3.1900015,17.302637
2025-10-28 20:16:05.373712,Left,-4.2711754,-3.1031208,-6.818142,-2.1401129,-2.103258,-4.899663,-6.612167,1.096768
2025-10-28 20:16:05.373721,Left,-10.227293,29.404642,2.897812,-50.71255,-4.4904447,23.106457,-9.007069,-40.91329
2025-10-28 20:16:05.373731,Left,0.41245773,-20.007072,-11.310354,28.57902,4.93849,-17.185186,-4.8805194,25.45548
2025-10-28 20:16:05.373739,Left,-7.857853,0.28083104,-7.073179,-9.180479,1.7742903,2.734706,-4.233284,-1.4391986
2025-10-28 20:16:05.373748,Left,-68.260994,54.63574,-41.55707,-122.507935,-8.222072,12.61746,-86.774765,-91.763535
2025-10-28 20:16:05.373757,Left,-104.16725,4.2888937,-101.07556,-54.996758,24.975332,-37.868763,-132.94211,-13.54023
2025-10-28 20:16:05.413877,Left,-71.76406,-21.250118,-73.45069,-59.466076,73.94555,34.635258,82.27257,-15.908763
2025-10-28 20:16:05.413905,Left,6.7545877,13.454474,16.335276,18.178085,-13.91446,-1.8067739,-13.240003,-8.180392
2025-10-28 20:16:05.413910,Left,-5.6986127,1.1293774,-3.5093238,1.1760393,5.361423,5.2641363,4.8325996,-6.5409517
2025-10-28 20:16:05.413914,Left,-22.841246,-27.642584,-50.12578,-54.524036,42.22442,6.899165,42.238483,10.602551
2025-10-28 20:16:05.413918,Left,2.985312,19.161264,20.39149,27.686522,-20.935823,0.5511663,-17.650398,-18.750057
2025-10-28 20:16:05.413921,Left,-8.592931,-0.73039347,-11.1860485,-10.846736,5.7719016,2.4477658,10.557094,-3.7626855
2025-10-28 20:16:05.413925,Left,-119.82352,-43.672802,-131.03831,-109.930565,145.23347,68.20964,161.82742,-4.3358393
2025-10-28 20:16:05.413928,Left,-162.65553,23.628819,-95.254036,-34.60059,142.29305,116.353,180.1717,-66.78998
2025-10-28 20:16:05.452808,Left,84.81512,-43.567356,-35.176926,59.50857,92.098465,-46.95659,23.394539,-27.152996
2025-10-28 20:16:05.452854,Left,-20.907051,-7.3903193,0.31133774,-9.4237,-17.222223,3.7118466,-9.291077,-3.05973
2025-10-28 20:16:05.452868,Left,-0.8705752,-11.413208,-8.772806,1.2694404,4.8699017,-1.7886788,2.4507246,-2.7280278
2025-10-28 20:16:05.452879,Left,45.21792,-9.31612,-17.913168,29.340406,58.369633,-13.644583,31.643646,6.13262
2025-10-28 20:16:05.452888,Left,-28.114601,-13.952557,-0.63512874,-11.304623,-25.04353,0.92801636,-16.629364,-8.598545
2025-10-28 20:16:05.452897,Left,4.6736503,-12.931364,-7.1622367,9.178489,14.6108885,-5.020807,5.6730204,-1.5517322
2025-10-28 20:16:05.452905,Left,164.5271,-62.669395,-56.667797,109.840744,168.80617,-87.02233,46.655678,-41.27066
2025-10-28 20:16:05.452914,Left,172.50758,-106.861626,-59.09345,121.66083,136.24431,-142.57568,-27.42552,-123.574524
2025-10-28 20:16:05.494208,Left,4.7857475,-51.174187,-38.1651,-74.844986,-66.36027,80.41826,32.022472,81.69504
2025-10-28 20:16:05.494232,Left,-5.392012,6.0710115,19.758162,16.797964,17.19685,-15.142502,2.643649,-4.6972857
2025-10-28 20:16:05.494237,Left,-2.6580489,-3.0109258,6.179949,-1.338997,-1.4164692,2.4451163,7.3755226,12.550462
2025-10-28 20:16:05.494240,Left,18.758732,-12.0627775,-37.845936,-45.629158,-53.91247,44.07412,7.572946,45.06806
2025-10-28 20:16:05.494244,Left,-11.638805,3.3885324,32.13706,25.810045,32.24379,-14.840972,11.4439945,-2.1866643
2025-10-28 20:16:05.494247,Left,1.0861725,-6.8510575,-3.9123383,-9.242095,-7.5084515,13.770341,11.672417,21.487886
2025-10-28 20:16:05.494251,Left,14.996338,-86.49926,-78.90254,-141.83702,-134.4141,141.20372,44.913216,139.09343
2025-10-28 20:16:05.494254,Left,-55.293125,-156.21524,-34.327324,-138.39824,-88.15492,134.17265,91.1652,169.32375
2025-10-28 20:16:05.521848,Left,59.95921,112.64667,12.615473,74.05092,31.85431,-62.365734,4.9973893,46.87247
2025-10-28 20:16:05.521901,Left,14.6089525,8.544855,18.771912,9.104935,10.138522,36.73607,15.822417,-11.590044
2025-10-28 20:16:05.521916,Left,24.04617,28.061357,19.765463,22.6804,18.125141,18.193323,12.371555,0.26534185
2025-10-28 20:16:05.521927,Left,30.732456,67.26126,32.27758,65.45232,51.109528,-33.08656,0.7046489,39.97906
2025-10-28 20:16:05.521937,Left,22.216366,7.1782365,11.043852,-3.0518231,-3.0076559,44.359642,15.485175,-26.37343
2025-10-28 20:16:05.521946,Left,27.419239,35.92851,21.425486,30.634092,24.899914,12.501494,11.858382,6.771099
2025-10-28 20:16:05.521955,Left,92.58044,186.2262,10.624731,125.89817,59.729816,-122.791145,-1.0934929,90.80926
2025-10-28 20:16:05.521964,Left,128.47987,197.7367,-49.62713,72.514786,-26.060022,-102.666756,8.116559,29.4451
2025-10-28 20:16:05.561990,Left,-20.526432,-9.695461,-69.22201,-89.81082,16.515802,19.112223,-26.736946,-5.1551514
2025-10-28 20:16:05.562032,Left,-16.56023,-37.305252,-33.791607,-17.39465,-35.70696,-51.782627,-34.98092,-20.956167
2025-10-28 20:16:05.562045,Left,-17.668365,-29.19003,-37.248,-32.954132,-28.82444,-37.473248,-29.278137,-16.080317
2025-10-28 20:16:05.562055,Left,-29.469538,-1.2102944,-33.573433,-81.00348,-26.353415,7.7578707,-26.270208,-32.07887
2025-10-28 20:16:05.562064,Left,-16.227924,-48.996582,-43.51716,-8.945192,-29.9811,-62.382587,-33.778854,-8.441396
2025-10-28 20:16:05.562074,Left,-19.892199,-25.91062,-38.436417,-41.671883,-30.315619,-33.422245,-34.55127,-23.248041
2025-10-28 20:16:05.562083,Left,-17.630348,20.869886,-83.45028,-138.47008,45.094185,60.844196,-25.756956,-2.2141292
2025-10-28 20:16:05.562092,Left,15.624877,-31.442213,-144.75168,-79.8651,102.28011,-4.1632657,-42.315685,67.99965
2025-10-28 20:16:05.630984,Left,65.137024,55.01409,-78.42528,-40.639957,-91.78304,1.2066989,-58.56127,-19.167955
2025-10-28 20:16:05.631021,Left,-18.564287,-13.019321,22.324787,13.277909,23.973614,18.74866,23.737988,21.263859
2025-10-28 20:16:05.631032,Left,-3.592402,-2.0397544,-1.3567759,-1.2245941,-2.821155,6.1266155,1.8304632,5.9200144
2025-10-28 20:16:05.631041,Left,44.413364,51.813362,-42.915794,-1.7032114,-35.147724,-4.5605555,-38.376747,-26.9958
2025-10-28 20:16:05.631051,Left,-25.070196,-25.225582,28.128626,7.475451,24.625128,24.467342,33.87053,32.786655
2025-10-28 20:16:05.631060,Left,3.5811462,5.9184074,-8.895215,-0.674745,-5.630258,9.299966,-1.7276878,2.1660805
2025-10-28 20:16:05.631069,Left,119.68856,98.7862,-157.43437,-69.60674,-156.9652,7.5131073,-101.87606,-38.34195
2025-10-28 20:16:05.631077,Left,113.769966,50.816772,-135.48506,-111.646034,-178.48155,65.14709,-58.32009,34.83145
2025-10-28 20:16:05.657359,Left,-33.237804,14.084596,81.19974,20.38053,-10.597793,33.472336,54.991837,0.7415367
2025-10-28 20:16:05.657397,Left,24.803633,18.423594,-8.058127,4.5028086,18.45633,12.245298,-7.378318,0.30753988
2025-10-28 20:16:05.657408,Left,5.5594063,7.4324923,3.0548642,4.5261397,9.610418,14.918978,10.181499,5.960277
2025-10-28 20:16:05.657417,Left,-31.515127,-13.983032,56.26844,16.968344,-22.608799,4.163644,55.13785,7.948991
2025-10-28 20:16:05.657426,Left,32.13145,26.107136,-19.73117,-0.7902901,27.074724,20.499708,-15.961366,1.7996281
2025-10-28 20:16:05.657436,Left,3.0949843,7.989529,15.0229225,8.130086,4.988643,13.974268,17.585241,3.977668
2025-10-28 20:16:05.657445,Left,-75.20229,1.7101203,138.01927,23.372585,-42.50258,43.714355,106.328384,-4.958707
2025-10-28 20:16:05.657454,Left,-16.856504,77.62966,91.96018,8.322268,27.519146,122.98907,59.09436,-22.598259
2025-10-28 20:16:05.697552,Left,47.64052,-1.8506424,20.87167,72.40538,19.538475,-9.847811,43.747314,96.49202
2025-10-28 20:16:05.697599,Left,-23.725046,-10.033039,1.1949142,-5.659534,-9.5488205,9.07184,13.355404,3.0819702
2025-10-28 20:16:05.697614,Left,-0.08788117,-0.373406,7.3876495,10.004979,1.5020088,8.432505,18.628262,20.853117
2025-10-28 20:16:05.697625,Left,37.347282,0.37507328,-5.3327446,29.11159,31.704552,4.469589,16.158894,51.984276
2025-10-28 20:16:05.697634,Left,-29.082699,-7.5743666,9.748691,-3.825946,-19.561157,5.994404,15.696049,-0.46608844
2025-10-28 20:16:05.697644,Left,4.142674,0.47590324,7.398956,15.226156,7.0688324,8.298632,17.937384,24.584753
2025-10-28 20:16:05.697653,Left,71.53096,-17.837372,15.119874,114.767456,35.669758,-32.891838,52.151268,150.46942
2025-10-28 20:16:05.697662,Left,18.456524,-23.772346,87.374344,175.0102,-15.107438,-41.744877,99.86831,165.25145
2025-10-28 20:16:05.723878,Left,70.37051,112.63988,-4.474987,-2.0925174,79.36122,104.04818,-40.470543,-31.414696
2025-10-28 20:16:05.723920,Left,13.0746765,5.694161,16.608006,15.771706,-1.517062,-17.08234,-3.7087262,-5.5559225
2025-10-28 20:16:05.723933,Left,22.341236,21.786005,10.992228,9.628539,10.819578,8.551629,-1.8196119,-7.6927137
2025-10-28 20:16:05.723943,Left,32.849716,68.25928,22.109617,4.0426455,37.96173,60.9032,-11.841158,-20.445316
2025-10-28 20:16:05.723952,Left,12.017187,-6.2014475,1.6336163,9.659078,-5.4479637,-22.708792,-1.6266339,-1.4720129
2025-10-28 20:16:05.723961,Left,22.190878,30.115961,13.995048,7.6246595,14.514251,15.101065,-7.210874,-8.971944
2025-10-28 20:16:05.723970,Left,106.12586,187.71407,-16.885754,-12.122277,142.61542,200.03249,-54.21718,-33.557755
2025-10-28 20:16:05.723979,Left,117.296005,161.74928,-110.88928,-52.087975,137.30685,157.19145,-130.62268,-54.810753
2025-10-28 20:16:05.777740,Left,-74.54024,-8.921801,-63.89598,-63.72408,-88.38141,-34.981533,63.99673,53.24461
2025-10-28 20:16:05.777766,Left,-10.834428,-23.40212,-12.992048,3.693071,-1.8524055,-3.0504434,-22.434004,-23.852802
2025-10-28 20:16:05.777770,Left,-21.109053,-16.915516,-18.181396,-9.565134,-14.224497,-6.8398786,-3.9847994,-6.120788
2025-10-28 20:16:05.777774,Left,-34.800133,9.548901,-21.08087,-55.94019,-46.73544,-24.267302,41.47502,48.71279
2025-10-28 20:16:05.777777,Left,-14.231186,-32.914486,-18.921068,14.843848,1.287466,1.7327667,-28.049023,-34.982845
2025-10-28 20:16:05.777781,Left,-23.105341,-13.724821,-20.121964,-17.73268,-22.33737,-12.734101,1.9829162,2.8555887
2025-10-28 20:16:05.777784,Left,-98.94662,25.173792,-72.06403,-87.57549,-126.58138,-47.944168,134.58408,120.277275
2025-10-28 20:16:05.777787,Left,-132.93793,-36.920082,-139.96376,-36.199673,-154.76013,-36.17698,116.40582,61.292866
2025-10-28 20:16:05.804165,Left,52.215595,36.16533,-87.06056,-29.57716,46.126575,12.275241,-86.21719,-8.932199
2025-10-28 20:16:05.804205,Left,-21.997564,-21.355366,12.400738,8.359766,-13.32742,-15.993733,10.482977,-1.5691949
2025-10-28 20:16:05.804216,Left,-8.382148,-10.00048,-9.77366,-3.586431,-3.205289,-8.334539,-9.017903,-5.1293674
2025-10-28 20:16:05.804226,Left,39.45881,40.664253,-52.95974,-16.618536,44.237576,31.022276,-57.621395,-14.909376
2025-10-28 20:16:05.804235,Left,-30.67825,-34.211014,17.44277,9.783637,-24.119438,-27.42434,19.165594,1.5331334
2025-10-28 20:16:05.804244,Left,1.5875434,-0.8266106,-16.462626,-3.5145714,6.4202185,-1.4759557,-16.78719,-5.771776
2025-10-28 20:16:05.804253,Left,117.70387,84.383125,-160.10912,-56.643024,86.61764,27.099543,-170.0706,-36.522167
2025-10-28 20:16:05.804262,Left,90.65604,30.571875,-120.91051,-17.100233,54.969803,-42.533813,-137.63846,-5.347186
2025-10-28 20:16:05.860628,Left,-74.75078,-72.57748,-88.46691,66.1544,0.11605458,50.519096,57.513515,-39.944557
2025-10-28 20:16:05.860655,Left,16.057384,9.366106,17.795532,-5.464422,11.3153925,4.7443085,-12.3817625,-1.3994597
2025-10-28 20:16:05.860660,Left,-5.5247407,-8.1222,-6.630009,2.1622174,3.2038116,7.6849904,1.9445462,-4.3525267
2025-10-28 20:16:05.860664,Left,-57.06582,-40.919952,-63.265594,19.372002,-21.91133,6.70866,46.74232,-10.011519
2025-10-28 20:16:05.860667,Left,25.47919,10.873172,25.296135,-5.408863,19.07936,10.785663,-22.31181,-3.0975626
2025-10-28 20:16:05.860671,Left,-12.19714,-13.696006,-16.194069,4.9135904,-0.555313,7.7972255,7.542,-8.090774
2025-10-28 20:16:05.860674,Left,-145.05351,-129.15843,-164.33655,114.441216,-14.586635,74.61506,104.68328,-77.06387
2025-10-28 20:16:05.860677,Left,-93.26911,-144.13783,-142.89891,145.2907,44.794243,141.59735,49.454235,-128.57895
2025-10-28 20:16:05.914631,Left,-64.85404,83.77726,31.656544,-63.679104,-45.47368,90.21481,48.384567,93.36137
2025-10-28 20:16:05.914678,Left,25.271679,-1.8891869,5.044641,25.66228,28.069677,-4.3036695,5.829521,-7.3965726
2025-10-28 20:16:05.914693,Left,8.689881,16.007994,12.120103,7.835565,10.493321,12.236481,9.530358,7.4888406
2025-10-28 20:16:05.914703,Left,-48.421432,52.70325,29.895967,-35.983253,-36.161877,61.306396,19.681482,49.269993
2025-10-28 20:16:05.914713,Left,41.382748,-1.6889592,4.0178695,34.75564,40.62517,-10.207608,7.7534328,-13.013721
2025-10-28 20:16:05.914722,Left,-0.88081664,21.788528,14.159628,1.4990622,4.798158,21.778467,14.73787,18.798296
2025-10-28 20:16:05.914731,Left,-138.7731,140.25204,50.583103,-124.210754,-95.04427,162.12453,78.421875,162.47162
2025-10-28 20:16:05.914740,Left,-72.274605,153.68326,36.37111,-94.49291,-26.819561,153.3949,125.59004,184.50517
2025-10-28 20:16:05.943656,Left,63.520565,97.30415,-33.153255,-23.769617,65.15673,87.29757,-60.32705,-39.674633
2025-10-28 20:16:05.943705,Left,-4.033715,-16.276964,-4.6787324,-0.51880336,-11.008665,-19.312042,1.0243006,4.3443556
2025-10-28 20:16:05.943720,Left,10.203972,11.381479,1.3651081,1.2550313,4.896655,2.2625906,-8.141019,-6.0248437
2025-10-28 20:16:05.943731,Left,21.56122,51.3136,-6.081107,-16.237478,29.195795,55.5117,-19.451525,-16.724562
2025-10-28 20:16:05.943740,Left,-2.7246575,-19.740541,-5.891002,3.8049493,-11.856942,-27.99772,-2.4975233,0.02634733
2025-10-28 20:16:05.943749,Left,8.62848,10.928802,-9.362073,-7.6717577,6.5520515,11.155616,-8.5169115,-4.0378075
2025-10-28 20:16:05.943758,Left,97.923515,172.32608,-49.91006,-44.02922,115.334595,162.27686,-100.849754,-59.967308
2025-10-28 20:16:05.943767,Left,139.55476,177.39117,-98.50042,-39.467484,140.23575,142.86034,-144.85503,-64.12401
2025-10-28 20:16:05.983718,Left,-73.75924,-35.659676,69.34282,72.877815,-75.80808,-21.540798,74.27727,55.48805
2025-10-28 20:16:05.983762,Left,9.305999,7.302027,-10.150652,-13.998657,15.257354,8.80925,-15.055795,-21.684563
2025-10-28 20:16:05.983775,Left,-8.352202,-2.2710643,2.767015,0.4323616,-5.074477,-0.5573259,1.8503379,-0.50130653
2025-10-28 20:16:05.983785,Left,-26.447105,-17.058023,45.925045,59.387638,-36.633644,-14.958697,49.0717,49.8991
2025-10-28 20:16:05.983794,Left,2.6377234,6.9334054,-18.98484,-29.952322,13.5712,9.125132,-23.598806,-31.16173
2025-10-28 20:16:05.983803,Left,-6.356694,0.40411657,14.863843,15.162462,-5.191327,0.14755595,9.620696,4.1412354
2025-10-28 20:16:05.983812,Left,-121.804146,-57.314243,134.24918,144.71904,-132.24641,-38.133823,144.36787,121.24493
2025-10-28 20:16:05.983821,Left,-157.87595,-64.91593,100.03539,61.2356,-176.6714,-55.663334,87.34729,23.723595
2025-10-28 20:16:06.011383,Left,69.57285,45.790096,-69.10283,-8.053831,57.290512,22.44811,-62.316776,-3.5587795
2025-10-28 20:16:06.011430,Left,-24.252012,-22.67018,8.777991,-1.6506897,-17.46596,-11.6875,18.049564,8.887862
2025-10-28 20:16:06.011445,Left,-1.9514127,-5.6397686,-6.1763496,-1.419533,0.015197143,-3.052332,-0.8957893,4.038525
2025-10-28 20:16:06.011456,Left,45.4513,40.73915,-52.290386,-16.854284,42.714203,30.468443,-50.35626,-9.129293
2025-10-28 20:16:06.011466,Left,-29.990698,-31.63813,19.464987,5.097481,-25.327686,-23.187218,25.177483,11.6598
2025-10-28 20:16:06.011475,Left,2.0164576,-0.07726225,-14.274699,-7.0276966,3.3019004,-1.0479234,-11.494806,0.15859348
2025-10-28 20:16:06.011484,Left,132.1205,85.68858,-143.40363,-34.010433,98.61486,40.30087,-129.82372,-11.990284
2025-10-28 20:16:06.011493,Left,76.82111,6.030713,-120.66548,-10.9619,50.996674,-31.812181,-88.200516,14.29988
2025-10-28 20:16:06.051560,Left,-69.412224,-4.3189106,16.789078,-32.03904,-44.71178,1.8588818,-9.326886,-64.20898
2025-10-28 20:16:06.051586,Left,9.441585,-2.6011224,-13.37972,-2.0028248,17.828852,2.8882446,-6.74995,2.4309802
2025-10-28 20:16:06.051592,Left,-5.7043343,-3.9143322,-6.6174107,-6.4629436,2.4204583,0.10847135,-5.2984786,-6.720585
2025-10-28 20:16:06.051596,Left,-58.159798,-13.206848,25.420033,2.8916256,-37.85825,-1.4385694,14.876721,-19.449099
2025-10-28 20:16:06.051599,Left,22.082783,3.2487392,-20.973597,-7.8734536,29.388372,5.1409035,-14.470078,0.7877078
2025-10-28 20:16:06.051602,Left,-17.514856,-6.32932,-1.552002,-5.0665417,-3.58266,0.26939037,-2.341335,-9.329787
2025-10-28 20:16:06.051606,Left,-126.78014,-6.932479,41.867466,-49.39027,-92.95754,-0.5324903,-6.313503,-107.77439
2025-10-28 20:16:06.051609,Left,-71.63087,25.821339,-1.4080026,-92.742714,-9.324054,51.308296,-37.1374,-135.16621
2025-10-28 20:16:06.106975,Left,10.717582,67.24827,11.866957,-73.517555,-49.08707,74.56128,44.26349,88.87247
2025-10-28 20:16:06.107025,Left,-13.069914,-14.871221,-5.176801,16.619722,21.198788,-7.95848,-1.4737091,-18.07854
2025-10-28 20:16:06.107041,Left,-3.0553725,1.8266964,-1.3724865,-1.8893151,4.9288106,8.367937,7.1062436,3.6062522
2025-10-28 20:16:06.107051,Left,28.488918,41.958866,15.725815,-47.343456,-40.791718,55.520424,17.808743,45.86495
2025-10-28 20:16:06.107061,Left,-22.546606,-20.660315,-10.947485,23.406258,31.853281,-15.640147,1.5020802,-21.046183
2025-10-28 20:16:06.107071,Left,2.122896,10.812762,3.8371444,-6.9085064,-0.3160618,17.17455,9.243243,9.881671
2025-10-28 20:16:06.107081,Left,39.880238,135.65388,33.789253,-131.99196,-92.4055,148.18939,83.2514,166.6415
2025-10-28 20:16:06.107090,Left,-15.526476,148.29028,28.593996,-90.61959,-22.67455,125.2002,114.31045,169.99355
2025-10-28 20:16:06.148379,Left,2.2016516,-80.022194,-47.554432,27.445452,-15.2342205,-57.160618,3.3799536,18.435133
2025-10-28 20:16:06.148431,Left,-9.782947,21.635387,3.3000565,-8.857828,-2.9423892,21.054924,11.78787,-1.8468245
2025-10-28 20:16:06.148446,Left,-4.3814216,0.7561207,-5.8190174,-3.034374,-5.5763836,1.3569969,4.863799,1.1111865
2025-10-28 20:16:06.148456,Left,23.441072,-51.615177,-8.122179,34.053467,11.036485,-48.002625,-3.8827913,28.088037
2025-10-28 20:16:06.148465,Left,-23.429888,27.199976,-6.591382,-24.077707,-16.285017,27.947966,11.857925,-12.022068
2025-10-28 20:16:06.148475,Left,-1.7477745,-8.048913,-4.7076135,5.906349,-0.6902953,-3.6601708,7.576115,8.118858
2025-10-28 20:16:06.148484,Left,20.071646,-145.70163,-70.213326,61.85637,-19.183767,-117.16965,-11.395291,26.85345
2025-10-28 20:16:06.148493,Left,-60.380527,-114.79191,-133.46234,-11.15469,-104.10669,-79.16262,-6.949794,-55.33576
2025-10-28 20:16:06.190447,Left,11.952145,3.0651906,-47.745186,-13.018231,-34.80572,-8.727072,80.45468,57.36479
2025-10-28 20:16:06.190492,Left,4.131155,-7.1134834,0.4314371,9.413934,9.3150835,3.4508178,-15.808559,-15.13793
2025-10-28 20:16:06.190515,Left,6.485273,-0.87384033,-4.7145495,3.467749,-0.9869814,-0.6215055,1.4766042,-0.7831825
2025-10-28 20:16:06.190526,Left,2.092814,15.6415825,-18.435476,-31.82921,-34.94758,-15.931117,49.188168,47.944637
2025-10-28 20:16:06.190535,Left,9.872911,-10.795076,1.7200269,23.888783,17.807575,7.562789,-25.48421,-29.92478
2025-10-28 20:16:06.190545,Left,5.920476,0.3132008,-8.774113,-2.4738352,-7.4686484,-4.5117354,7.0193253,2.986574
2025-10-28 20:16:06.190554,Left,12.668344,4.483675,-93.89394,-48.596527,-84.4036,-32.52404,140.18956,106.65943
2025-10-28 20:16:06.190563,Left,4.9666343,-75.16735,-159.51472,3.934675,-61.786644,-16.821245,112.732765,42.938976
2025-10-28 20:16:06.218052,Left,-83.41444,20.39459,20.480877,-66.2779,-107.749405,19.39553,7.750367,-88.05141
2025-10-28 20:16:06.218078,Left,10.905691,2.8582258,-2.8727224,4.479927,14.395464,-1.1456643,-9.611225,1.4187988
2025-10-28 20:16:06.218084,Left,-4.9488406,5.1944823,2.174288,-5.749817,-6.752868,1.4863691,-5.505984,-12.702768
2025-10-28 20:16:06.218089,Left,-43.707283,-5.2108684,10.7478285,-25.846098,-57.922977,1.1057893,7.3724,-42.284
2025-10-28 20:16:06.218093,Left,16.683605,14.073844,1.1962095,7.375312,22.803797,4.1663766,-11.168642,3.9446986
2025-10-28 20:16:06.218097,Left,-14.999723,1.9159982,2.3680036,-10.521101,-15.516533,3.029583,-1.8918929,-15.859912
2025-10-28 20:16:06.218101,Left,-158.70265,20.291693,29.916555,-115.383194,-189.11284,41.211143,34.14683,-134.19392
2025-10-28 20:16:06.218106,Left,-155.24947,102.83247,61.57389,-129.15315,-172.0009,102.851,40.46727,-148.24458
2025-10-28 20:16:06.260760,Left,9.187471,-87.142555,-90.381905,70.18241,30.53285,-70.923874,-70.160805,79.71964
2025-10-28 20:16:06.260804,Left,-10.450654,9.359341,19.509907,-5.4390755,-0.95787466,20.231102,26.26281,-4.6674843
2025-10-28 20:16:06.260818,Left,-4.887061,-7.5483775,-4.270206,3.5747216,0.6688221,0.81539285,8.712081,17.2873
2025-10-28 20:16:06.260828,Left,6.100443,-47.743786,-62.558956,31.846188,22.340988,-40.531338,-52.015953,44.892452
2025-10-28 20:16:06.260837,Left,-11.00862,13.586915,26.617981,-12.230989,-8.95003,23.627638,38.68307,-4.3093767
2025-10-28 20:16:06.260846,Left,0.81900436,-11.0185995,-11.445911,10.417554,7.3399973,-4.688758,-1.6842142,19.409744
2025-10-28 20:16:06.260855,Left,37.156914,-145.39926,-167.19702,120.62141,52.62071,-132.93314,-132.75038,149.44524
2025-10-28 20:16:06.260863,Left,38.098724,-146.12405,-128.34447,142.32544,46.64804,-113.94075,-73.3675,159.24657
2025-10-28 20:16:06.287059,Left,-46.96691,88.32854,17.852543,-67.86563,-40.91131,72.205376,9.574586,-51.291164
2025-10-28 20:16:06.287082,Left,19.392246,-15.273706,-5.6215825,14.604108,12.720664,-20.618902,-12.234283,9.9930525
2025-10-28 20:16:06.287086,Left,8.082704,8.064004,0.9557278,-3.3065543,-3.6400898,-5.679463,-7.896285,-5.5028315
2025-10-28 20:16:06.287089,Left,-47.744854,48.983463,14.100929,-50.80169,-45.337,45.476665,9.15477,-47.01531
2025-10-28 20:16:06.287093,Left,33.788307,-17.803213,-8.066872,22.756355,21.424156,-31.514154,-16.594955,18.014837
2025-10-28 20:16:06.287096,Left,-5.298613,11.192091,1.8560381,-10.544203,-8.850102,3.5471382,-4.6419077,-11.433465
2025-10-28 20:16:06.287100,Left,-99.993965,156.2471,38.42581,-123.71015,-79.007484,140.74469,22.72547,-104.90399
2025-10-28 20:16:06.287103,Left,-14.604636,170.41924,34.30988,-74.91394,-6.9069934,108.123604,-1.9920356,-52.45436
2025-10-28 20:16:06.328520,Left,9.259103,-27.32487,22.346262,69.68605,14.434975,-1.2952677,50.399754,54.912403
2025-10-28 20:16:06.328567,Left,-2.898599,14.049071,6.1450877,-19.799181,-3.9796557,11.404678,5.1415033,-12.329605
2025-10-28 20:16:06.328581,Left,-4.4766026,-1.2714659,1.909126,-2.2197776,1.2278348,5.8059626,7.9834933,0.12921704
2025-10-28 20:16:06.328592,Left,4.478244,-40.531986,-16.617405,46.219315,8.891439,-22.433395,5.4350305,44.049606
2025-10-28 20:16:06.328601,Left,-8.6119375,21.613922,14.425404,-27.72313,-4.465524,21.631088,11.559534,-21.909622
2025-10-28 20:16:06.328610,Left,-3.7405365,-8.196645,-1.081583,4.5573206,0.5490419,0.5180081,7.100907,5.666605
2025-10-28 20:16:06.328620,Left,6.04723,-75.53991,13.120204,119.83322,13.946592,-24.868963,70.540535,100.8932
2025-10-28 20:16:06.328629,Left,-16.1931,-19.03549,81.7091,63.010567,-11.287285,33.649796,130.3236,34.153088
2025-10-28 20:16:06.367420,Left,61.13946,29.408197,0.2795379,36.330795,83.34361,9.0190525,58.767616,33.017838
2025-10-28 20:16:06.367464,Left,0.86768097,-9.253941,4.139354,6.8273377,-4.7509933,-8.429165,-17.24556,-19.240307
2025-10-28 20:16:06.367477,Left,7.846978,1.212073,1.9173194,5.4560013,4.977173,-5.710684,-2.4604611,-5.8471003
2025-10-28 20:16:06.367487,Left,27.315977,44.26003,7.8889956,6.34953,39.276413,26.93288,48.35715,41.776802
2025-10-28 20:16:06.367497,Left,3.7960804,-18.983978,0.23995976,8.280235,-9.532246,-21.199003,-27.488317,-30.81711
2025-10-28 20:16:06.367506,Left,16.466347,12.311806,6.188356,9.321261,14.393838,1.6834639,6.7679358,0.7918247
2025-10-28 20:16:06.367515,Left,105.51882,65.41138,-1.4529476,56.207222,149.58162,34.38559,128.82228,87.61495
2025-10-28 20:16:06.367523,Left,146.4246,-11.555764,-28.732729,104.853516,183.35541,-29.43151,95.7182,23.403683
2025-10-28 20:16:06.423684,Left,61.105835,-1.8094513,-95.169876,-11.696909,48.48926,12.534311,-40.945183,-26.91976
2025-10-28 20:16:06.423729,Left,-20.121586,-11.1058235,19.707449,12.117855,-1.7430515,4.3912363,30.257307,21.182348
2025-10-28 20:16:06.423744,Left,4.579513,2.9142427,5.589165,13.881373,16.000778,14.261339,18.857153,16.949722
2025-10-28 20:16:06.423755,Left,46.92644,30.41043,-51.757057,-5.281334,50.566174,33.578495,-31.584003,7.5097885
2025-10-28 20:16:06.423764,Left,-21.069578,-17.193357,32.613365,18.568586,-8.893821,-1.9182175,43.46554,20.096697
2025-10-28 20:16:06.423774,Left,9.497024,3.6349735,-6.783749,6.455631,17.727524,14.494875,10.353586,16.72631
2025-10-28 20:16:06.423783,Left,139.41362,29.156153,-156.70271,-23.574465,83.96309,11.5733595,-107.29081,-67.32947
2025-10-28 20:16:06.423791,Left,123.483284,-53.783978,-135.21692,-21.057846,11.47315,-72.62296,-65.55366,-110.32109
2025-10-28 20:16:06.463921,Left,96.813835,-58.82646,-24.444336,70.37872,64.85166,-88.21319,-86.27247,54.740036
2025-10-28 20:16:06.463970,Left,-4.369756,17.70483,0.24927725,-30.832018,-41.649742,-14.895044,-17.17847,-52.10544
2025-10-28 20:16:06.463984,Left,18.297878,6.968509,-1.2615563,-8.336032,-17.259468,-27.08756,-33.748875,-34.133827
2025-10-28 20:16:06.463994,Left,76.08191,-19.166449,-18.720903,34.153545,37.93417,-64.45575,-86.77598,9.82529
2025-10-28 20:16:06.464003,Left,-17.712696,14.532002,1.6882857,-36.713703,-52.88114,-11.984982,-4.4423923,-55.488766
2025-10-28 20:16:06.464013,Left,27.516085,1.114435,-5.719126,-1.8872242,-8.017036,-31.601133,-37.990036,-22.122162
2025-10-28 20:16:06.464022,Left,173.02113,-110.1489,-51.41425,127.97281,126.042336,-157.00531,-153.85995,116.63296
2025-10-28 20:16:06.464031,Left,122.04897,-150.7522,-52.525234,108.723015,64.46222,-173.76318,-84.08391,130.36343
2025-10-28 20:16:06.491497,Left,-71.158394,58.534134,8.536698,-57.330772,-18.485134,84.94048,20.157976,-34.328896
2025-10-28 20:16:06.491521,Left,-8.316121,-35.247704,-24.421316,2.0143387,6.2888784,-18.935997,1.0597445,23.919651
2025-10-28 20:16:06.491526,Left,-23.051214,-16.20894,-15.460436,-11.416527,-6.3572764,-5.9529343,-2.3859074,2.8580801
2025-10-28 20:16:06.491529,Left,-73.150314,25.652445,-3.233125,-56.505466,-39.90053,50.99631,17.569527,-32.361103
2025-10-28 20:16:06.491533,Left,5.4317374,-39.529537,-24.42438,13.945117,17.137247,-29.989838,-4.616051,31.298746
2025-10-28 20:16:06.491536,Left,-31.304518,-11.704982,-17.615889,-22.040117,-13.960675,0.59973234,-1.1297569,-3.7438788
2025-10-28 20:16:06.491541,Left,-114.50271,131.99307,25.860817,-110.47085,-46.980083,156.82425,40.512386,-72.28633
2025-10-28 20:16:06.491544,Left,-36.505245,119.39672,7.0063844,-58.550095,43.878117,149.08922,39.67686,0.24181229
2025-10-28 20:16:06.531677,Left,77.42565,100.789635,-44.413906,-11.02378,87.28561,92.10998,-62.1412,-20.227457
2025-10-28 20:16:06.531719,Left,2.7940347,-7.4418874,15.105949,19.755047,3.2517173,-2.9265456,25.381393,18.704855
2025-10-28 20:16:06.531732,Left,9.495625,7.603638,-0.35833627,7.7735753,13.782009,11.751665,5.3916,10.035974
2025-10-28 20:16:06.531742,Left,43.36156,67.79711,-11.394787,-2.2218544,56.827724,73.660805,-18.451431,-4.077242
2025-10-28 20:16:06.531751,Left,-1.3175266,-15.871808,15.054613,22.572876,-1.0063283,-15.220796,23.527988,22.390404
2025-10-28 20:16:06.531760,Left,14.610475,17.56514,-2.1250741,7.234848,22.717165,23.53335,2.9587348,9.8755455
2025-10-28 20:16:06.531769,Left,127.077705,174.39024,-90.77349,-40.242832,143.14702,162.0909,-121.11381,-44.503777
2025-10-28 20:16:06.531778,Left,149.40433,153.42271,-125.15583,-33.569305,145.06306,120.90888,-141.40302,-32.397526
2025-10-28 20:16:06.586901,Left,-69.70769,-63.861973,72.75188,7.529728,-79.51404,-53.14879,70.81021,7.871418
2025-10-28 20:16:06.586948,Left,27.31458,26.016539,-10.0411215,-10.0546,8.942822,7.119603,-26.176517,-11.178544
2025-10-28 20:16:06.586962,Left,10.613335,9.883135,9.790844,0.3252729,-3.5653358,-2.4404411,-3.2578986,-5.189438
2025-10-28 20:16:06.586972,Left,-24.355068,-43.89248,50.55977,14.965359,-51.94736,-49.257435,44.015446,8.314714
2025-10-28 20:16:06.586981,Left,29.667229,38.686996,-14.386355,-12.475896,17.53228,17.330475,-36.481155,-19.443497
2025-10-28 20:16:06.586990,Left,5.226113,3.7152169,19.068823,6.4143653,-7.57504,-6.3459187,6.6182303,-2.582868
2025-10-28 20:16:06.586999,Left,-127.506325,-116.84215,147.52495,37.522335,-129.46153,-88.3781,149.45421,32.52201
2025-10-28 20:16:06.587009,Left,-139.73215,-53.108597,146.1423,16.39228,-95.00014,-15.733199,132.94139,13.90266
2025-10-28 20:16:06.627079,Left,69.58747,18.327864,-24.444754,22.979034,84.52843,23.974308,-0.47262597,54.846413
2025-10-28 20:16:06.627125,Left,-9.970593,3.79942,22.477697,19.76221,-4.895435,4.0695114,14.716126,5.9865785
2025-10-28 20:16:06.627139,Left,8.244777,11.632368,16.022522,20.606733,15.872738,11.166388,11.972767,14.2955265
2025-10-28 20:16:06.627150,Left,51.685223,16.647543,-29.631525,-6.8597364,62.221615,20.412365,-19.43123,6.170066
2025-10-28 20:16:06.627159,Left,-24.641687,-1.7047956,32.818516,30.423954,-13.68264,4.1756725,28.682732,18.91133
2025-10-28 20:16:06.627169,Left,14.0872555,10.050239,6.640211,14.099614,20.26801,11.241989,6.812425,13.781468
2025-10-28 20:16:06.627178,Left,138.0394,24.09913,-73.95354,5.558848,133.74086,21.003294,-33.693207,62.276318
2025-10-28 20:16:06.627187,Left,86.45416,-15.818967,-35.88073,62.119865,68.15802,-23.121965,8.503813,116.84209
2025-10-28 20:16:06.653426,Left,4.0315304,48.221794,25.907286,-23.393478,0.75592166,48.71617,-8.070079,-29.390648
2025-10-28 20:16:06.653464,Left,-2.5992947,-16.819103,-33.145645,-24.354969,-15.410892,-24.206547,-27.686552,-4.375418
2025-10-28 20:16:06.653475,Left,-4.64068,-9.338506,-22.375559,-26.286192,-17.468164,-13.873878,-20.75131,-8.204477
2025-10-28 20:16:06.653484,Left,-23.428322,4.346377,25.622164,-16.186348,-21.438623,12.120001,10.867279,-11.560658
2025-10-28 20:16:06.653493,Left,7.8263,-12.329944,-44.249165,-24.806427,-7.7463675,-20.839775,-33.591244,-4.770895
2025-10-28 20:16:06.653502,Left,-5.60763,-2.703764,-9.922625,-18.842464,-12.469253,-4.762431,-13.3342905,-9.30003
2025-10-28 20:16:06.653511,Left,4.3655562,99.001335,85.945076,12.720944,48.52092,144.0734,55.36454,-26.08415
2025-10-28 20:16:06.653520,Left,57.66171,148.3916,12.529026,-23.628826,90.987236,170.9981,-25.245558,-36.971912
2025-10-28 20:16:06.693619,Left,-9.100875,-17.70444,57.58558,102.05422,-14.084351,-15.953401,70.01397,97.0867
2025-10-28 20:16:06.693657,Left,-3.3598936,8.88658,5.0827713,-1.7572308,9.699565,5.097531,-9.036531,-21.108688
2025-10-28 20:16:06.693668,Left,0.43230894,4.5168467,11.917877,14.210742,5.793068,4.558588,6.961925,3.4564776
2025-10-28 20:16:06.693677,Left,17.518948,-1.3518773,27.4175,62.193096,12.003524,-8.700199,29.404804,54.327328
2025-10-28 20:16:06.693686,Left,-11.596653,4.506295,2.418118,-11.628811,1.2148829,10.569943,-6.3591557,-28.11572
2025-10-28 20:16:06.693695,Left,-3.5079045,-1.580402,11.749208,21.138226,5.186586,-0.6063684,7.4051685,6.4989514
2025-10-28 20:16:06.693704,Left,-21.604422,-52.117573,67.42625,139.987,-71.068275,-77.82733,79.59485,142.15546
2025-10-28 20:16:06.693714,Left,-75.74295,-49.896137,124.27803,171.04305,-97.3936,-53.84671,133.67596,156.11314
2025-10-28 20:16:06.719982,Left,74.52636,85.50419,-68.80503,-30.697723,72.366974,81.444244,-66.56848,-28.347828
2025-10-28 20:16:06.720008,Left,-9.77616,-18.188982,5.800406,5.61103,-15.264564,-24.23131,2.9345448,-2.957932
2025-10-28 20:16:06.720013,Left,2.1287842,0.2890693,-6.207545,-0.123595096,2.683921,-0.20052776,-5.952405,-6.740906
2025-10-28 20:16:06.720017,Left,36.549107,57.141907,-29.543526,-17.100372,45.320923,61.154324,-33.54739,-18.41861
2025-10-28 20:16:06.720021,Left,-17.843037,-30.148964,6.554472,9.752166,-18.203728,-31.3283,10.762238,3.7886932
2025-10-28 20:16:06.720024,Left,7.099711,11.75839,-7.7143016,-2.57461,9.858046,8.334425,-13.294179,-7.655107
2025-10-28 20:16:06.720028,Left,113.67976,151.68794,-121.185905,-49.911976,145.21828,167.61275,-108.72548,-32.73643
2025-10-28 20:16:06.720031,Left,148.45197,137.46535,-140.63556,-40.059338,136.233,112.95639,-130.0341,-24.074688
2025-10-28 20:16:06.760180,Left,-91.0912,-64.73525,70.551926,10.0716505,-63.553932,-25.912685,90.22924,66.453896
2025-10-28 20:16:06.760217,Left,9.089829,16.251432,-15.181042,-5.361615,14.802653,10.9592285,-21.596907,-6.1785736
2025-10-28 20:16:06.760228,Left,-10.527463,-3.3337228,0.09811007,-3.5409296,-3.7016764,0.3716743,1.2315317,5.6831017
2025-10-28 20:16:06.760235,Left,-47.19955,-52.380165,45.580017,12.909644,-47.96624,-38.266033,53.66085,25.662569
2025-10-28 20:16:06.760242,Left,9.448287,25.308525,-22.972881,-10.995296,21.81183,21.249027,-29.981241,-5.8344007
2025-10-28 20:16:06.760249,Left,-17.03801,-10.350264,8.164479,1.2970874,-8.296,-4.0140142,10.145538,10.074126
2025-10-28 20:16:06.760255,Left,-136.8674,-100.24859,157.36725,45.90826,-103.74768,-45.853848,176.92899,122.63564
2025-10-28 20:16:06.760262,Left,-138.1391,-31.216843,146.95027,15.342363,-73.78252,15.829319,139.03116,146.10553
2025-10-28 20:16:06.801580,Left,-26.116112,67.11078,98.64133,-40.88081,32.36773,-16.841465,-41.228626,-64.94346
2025-10-28 20:16:06.801607,Left,12.416565,-0.7517048,-12.22279,7.7298694,-5.5451264,2.7456548,23.140156,20.661142
2025-10-28 20:16:06.801621,Left,5.290679,13.535056,13.612873,5.3328786,8.301328,5.8706923,11.947974,5.916827
2025-10-28 20:16:06.801626,Left,-9.805132,35.553974,63.739574,-9.141131,34.38959,7.764827,-41.27352,-38.87716
2025-10-28 20:16:06.801630,Left,13.847042,0.99913186,-15.502982,10.324722,-10.085246,-0.47267297,37.042366,26.581287
2025-10-28 20:16:06.801634,Left,3.7870903,17.040577,19.959667,-0.05495272,9.687868,3.3338587,2.231626,-1.8146126
2025-10-28 20:16:06.801638,Left,-36.144447,126.619125,184.61479,-69.80817,60.2347,-29.73768,-92.895966,-130.424
2025-10-28 20:16:06.801642,Left,-60.459896,123.243706,141.35263,-135.94331,-20.985708,-120.43869,-58.485203,-142.85233
2025-10-28 20:16:06.844295,Left,25.813005,-76.96908,-68.49121,80.07225,25.52489,70.970894,-5.3554993,-25.66701
2025-10-28 20:16:06.844340,Left,-0.07865103,17.198053,18.385824,-15.300767,-2.9650288,-13.893904,-14.423738,-3.7921324
2025-10-28 20:16:06.844354,Left,3.570877,-5.046278,-6.2780724,-4.32873,-6.130511,-5.29528,-14.376082,-8.089997
2025-10-28 20:16:06.844364,Left,19.36629,-47.44351,-57.64879,38.861145,-1.7955515,33.37339,20.590034,-6.2655725
2025-10-28 20:16:06.844374,Left,-5.9873915,20.465643,27.772955,-20.91636,-0.50951594,-18.996553,-29.14416,-6.6092753
2025-10-28 20:16:06.844383,Left,7.709501,-9.146043,-11.065199,5.7052155,-1.2324938,5.8403926,-5.2598805,-6.7851834
2025-10-28 20:16:06.844392,Left,41.34306,-147.27116,-140.94676,135.11096,37.41581,132.13316,13.522562,-33.120308
2025-10-28 20:16:06.844401,Left,21.499052,-137.53433,-90.28159,130.43803,87.36825,168.30923,-45.644417,-35.681156
2025-10-28 20:16:06.886996,Left,-15.451112,-23.590923,54.056812,84.43361,-49.620033,24.929232,-16.240114,-65.9001
2025-10-28 20:16:06.887043,Left,-10.492294,0.5308385,-4.6894617,-12.13943,4.9040256,-9.43354,-5.889077,17.312849
2025-10-28 20:16:06.887057,Left,-8.956351,-4.1037292,3.6439602,6.256741,-0.8534281,-0.7275879,-7.2225957,-5.079849
2025-10-28 20:16:06.887068,Left,6.744271,-9.015078,26.81584,57.86061,-2.4060738,37.695335,16.614853,-48.01613
2025-10-28 20:16:06.887078,Left,-16.85869,0.5707019,-5.6170187,-19.982986,-0.57936203,-20.266907,-16.891603,25.330723
2025-10-28 20:16:06.887087,Left,-8.206582,-4.462895,9.441149,15.609516,-1.9258105,6.1212397,-1.0736592,-6.7078514
2025-10-28 20:16:06.887097,Left,-25.819569,-44.477055,96.768364,164.79646,-67.3184,65.28073,-11.23709,-124.51237
2025-10-28 20:16:06.887106,Left,-68.30225,-31.006683,148.67393,176.63553,-108.265465,16.430637,-78.147385,-67.81354
2025-10-28 20:16:06.928343,Left,-27.167513,-40.895313,-69.260574,-77.55831,72.51991,72.99253,-77.137535,-23.299694
2025-10-28 20:16:06.928374,Left,-7.1077886,10.837612,5.787469,9.966593,-20.762583,-28.442255,3.9642074,-0.20217203
2025-10-28 20:16:06.928381,Left,-5.623778,1.1032175,-4.9435873,-4.1408176,0.6976589,-0.5666654,-3.2927475,0.75251293
2025-10-28 20:16:06.928386,Left,-3.8993251,-48.755585,-51.86382,-69.69252,24.156952,51.092655,-45.40385,-20.915606
2025-10-28 20:16:06.928390,Left,-11.2689495,23.9046,14.404002,25.361559,-17.890497,-35.842705,11.664313,7.086551
2025-10-28 20:16:06.928394,Left,-9.01145,-10.028398,-17.134714,-19.439827,-0.32326585,0.8326029,-17.992107,-7.8750033
2025-10-28 20:16:06.928398,Left,-55.37281,-101.78259,-143.18428,-160.84622,120.81986,135.19528,-144.75046,-50.52025
2025-10-28 20:16:06.928402,Left,-115.26036,-35.013367,-127.29432,-102.34914,148.51578,76.65339,-161.09633,-46.204124
2025-10-28 20:16:06.984653,Left,-79.202324,-46.667007,77.463,-0.41169974,13.670789,-55.199722,-87.838646,39.32536
2025-10-28 20:16:06.984681,Left,11.359974,19.497011,-10.307234,15.684084,6.195363,11.433122,19.71184,3.772398
2025-10-28 20:16:06.984686,Left,-5.595608,0.9762494,2.4013727,5.8242354,5.437237,0.14864463,0.18773536,8.7375555
2025-10-28 20:16:06.984690,Left,-51.886044,-47.554264,50.029976,-12.256443,9.923452,-17.817005,-48.420105,4.8363395
2025-10-28 20:16:06.984694,Left,14.9581375,28.117426,-21.87643,19.959482,4.728288,9.462324,25.123554,9.854629
2025-10-28 20:16:06.984697,Left,-14.120753,-3.6020682,13.7368355,7.8924026,7.717078,-3.0080411,-8.791095,7.4615684
2025-10-28 20:16:06.984701,Left,-146.05003,-90.92593,150.49895,-0.28250265,29.220661,-93.91295,-162.07832,58.865337
2025-10-28 20:16:06.984704,Left,-144.7662,-16.887566,140.34088,57.889606,25.054659,-144.6455,-174.15303,111.746994
2025-10-28 20:16:07.027343,Left,-91.55834,48.878998,22.814623,-78.83963,-92.21009,61.869946,-52.601658,-2.983538
2025-10-28 20:16:07.027391,Left,23.934444,3.2652352,1.0709114,16.366064,22.713938,-5.0693765,16.436445,3.002184
2025-10-28 20:16:07.027405,Left,1.1766969,8.945546,2.718858,-3.378269,-2.1621277,4.347795,0.84805423,1.3582914
2025-10-28 20:16:07.027416,Left,-53.001,19.17788,20.999104,-34.94589,-56.833893,29.646265,-43.13792,-1.7863612
2025-10-28 20:16:07.027426,Left,33.3399,7.8005633,-1.62513,18.006475,30.794806,-6.4475446,25.736645,3.7934263
2025-10-28 20:16:07.027437,Left,-5.5082393,13.234212,7.4586554,-7.2597537,-9.299945,10.819386,-4.315859,1.5039722
2025-10-28 20:16:07.027446,Left,-172.51886,79.36598,45.1044,-135.35892,-165.3646,116.20958,-94.50598,2.8230848
2025-10-28 20:16:07.027455,Left,-150.76321,131.66032,46.870975,-141.88701,-127.48332,152.71689,-32.77904,21.958857
2025-10-28 20:16:07.067497,Left,-17.198942,18.881355,-21.139433,-76.646065,-10.286272,-80.92556,-17.379496,60.250645
2025-10-28 20:16:07.067564,Left,12.488739,4.6782393,2.914335,14.617081,16.628153,17.530344,3.9100533,-17.149483
2025-10-28 20:16:07.067872,Left,6.669457,6.0182743,-0.94892794,-4.834768,2.886661,-3.1657329,0.24707581,0.88177216
2025-10-28 20:16:07.067889,Left,-30.226852,2.7147224,2.0798101,-31.420422,-19.129911,-43.743153,-13.213366,46.62969
2025-10-28 20:16:07.067899,Left,22.938496,3.5446515,-6.048897,9.48928,19.339575,21.587362,8.7427845,-22.774193
2025-10-28 20:16:07.067909,Left,-1.1378543,4.818573,0.18473582,-6.2686424,5.199865,-4.4956903,1.6525774,10.82958
2025-10-28 20:16:07.067987,Left,-44.583454,27.112867,-32.23708,-130.79713,-22.281162,-145.21773,-34.81483,112.25277
2025-10-28 20:16:07.068003,Left,25.568274,53.707146,-80.009575,-162.90697,46.890224,-135.19539,-11.602554,72.5395
2025-10-28 20:16:07.106450,Left,-10.359108,48.224518,8.765098,-64.0394,-6.984516,19.990616,-34.80886,-73.84789
2025-10-28 20:16:07.106495,Left,2.8406413,-14.874059,-10.4667,13.753241,-3.6837592,-20.444508,-16.24041,2.34343
2025-10-28 20:16:07.106510,Left,0.37609312,-1.3284413,-5.920638,-5.363934,-7.681759,-10.973093,-14.37652,-9.536744
2025-10-28 20:16:07.106520,Left,-16.610027,36.88967,18.70187,-58.120785,-19.581863,21.522768,-3.9917724,-60.630096
2025-10-28 20:16:07.106530,Left,13.412963,-19.918463,-19.348463,22.42198,-3.6906316,-32.011787,-23.012894,17.24174
2025-10-28 20:16:07.106539,Left,-0.60082406,5.0917416,-3.514508,-16.63641,-14.982282,-11.7434635,-18.167778,-21.913013
2025-10-28 20:16:07.106548,Left,-36.177643,82.22561,13.92406,-135.4501,-16.421581,52.62858,-40.515278,-130.08798
2025-10-28 20:16:07.106557,Left,-20.932573,15.851808,-80.43723,-114.26169,-6.6358967,-11.447145,-107.672295,-68.07278
2025-10-28 20:16:07.147868,Left,65.86448,28.57148,-72.51517,-77.00104,65.34596,15.929203,-76.01192,-60.071182
2025-10-28 20:16:07.147915,Left,-11.189831,-7.67935,13.709166,22.234907,-4.6191115,1.1774172,18.359177,16.518776
2025-10-28 20:16:07.147929,Left,6.8266416,5.256146,-0.72255915,-0.91853404,2.9168565,-2.748407,-6.451022,-3.5323079
2025-10-28 20:16:07.147939,Left,26.448298,16.402302,-45.660957,-56.49311,40.89359,17.840893,-48.995674,-54.006474
2025-10-28 20:16:07.147949,Left,-5.835233,-3.5342052,23.347242,32.783604,-12.1950245,-8.714914,20.069553,24.55249
2025-10-28 20:16:07.147958,Left,6.7110314,4.6999297,-8.717602,-8.504074,11.732433,3.5089839,-11.054731,-9.947367
2025-10-28 20:16:07.147967,Left,107.348305,41.92086,-140.91759,-146.25458,127.17752,39.943897,-135.20038,-115.8273
2025-10-28 20:16:07.147976,Left,133.88007,31.778801,-130.31082,-92.47308,135.07951,17.21721,-115.25622,-55.808147
2025-10-28 20:16:07.174128,Left,-68.70387,-42.115982,71.26348,18.323124,-38.270626,4.437198,90.35816,81.18919
2025-10-28 20:16:07.174156,Left,12.365263,13.482433,-15.280201,-1.234243,19.904408,19.582016,-7.02815,-1.868914
2025-10-28 20:16:07.174162,Left,-3.514394,0.8708711,2.8384862,3.801547,7.8641953,14.181408,13.497797,14.419174
2025-10-28 20:16:07.174166,Left,-49.244045,-42.444332,50.697887,19.523954,-33.669376,-15.518545,65.95273,41.16386
2025-10-28 20:16:07.174169,Left,20.375046,25.478374,-22.36986,-5.642692,29.436974,29.07526,-18.123053,-1.591107
2025-10-28 20:16:07.174173,Left,-9.220033,-2.2216475,15.021937,9.246573,2.7017326,9.072497,19.308767,16.954514
2025-10-28 20:16:07.174176,Left,-118.07789,-72.30693,149.87978,40.233402,-83.18241,-11.810396,161.27957,130.1127
2025-10-28 20:16:07.174180,Left,-74.67458,2.214748,125.17029,18.424314,-27.795223,75.42568,139.48268,166.33325
2025-10-28 20:16:07.267147,Left,76.11568,-20.90335,-55.153347,40.736176,53.404392,3.7173502,7.871047,54.736324
2025-10-28 20:16:07.267197,Left,-14.259062,-1.4315355,21.146133,5.979051,-13.666372,-0.82177293,8.105881,-2.3651836
2025-10-28 20:16:07.267211,Left,5.0968657,-1.3738126,4.175244,8.064493,0.7758658,-2.0200837,2.428012,4.2773557
2025-10-28 20:16:07.267222,Left,52.669556,7.0442853,-44.670216,6.3202057,47.007324,7.3349833,-11.316056,18.907122
2025-10-28 20:16:07.267231,Left,-22.141659,-9.578069,29.21707,7.528769,-28.958586,-8.8013315,11.147803,-1.6213269
2025-10-28 20:16:07.267241,Left,11.428504,-3.8520286,-6.884604,3.7848566,2.0939658,-4.5598607,-0.1820031,9.09142
2025-10-28 20:16:07.267250,Left,125.935974,-36.06212,-109.50416,59.11401,96.99286,6.046781,7.049374,102.05809
2025-10-28 20:16:07.267259,Left,85.70214,-101.930374,-52.228,131.08101,46.28778,-5.6940527,75.42557,163.14389
2025-10-28 20:16:07.294697,Left,18.321476,71.51522,8.309225,-19.674706,35.922043,80.35602,-18.452303,-25.644482
2025-10-28 20:16:07.294732,Left,3.298717,-6.514566,-9.506996,-3.2053351,-5.361786,-17.312576,-12.284014,-1.0429324
2025-10-28 20:16:07.294741,Left,3.0420315,4.254386,-5.827259,-5.214601,0.26488096,0.68299335,-9.554353,-8.231928
2025-10-28 20:16:07.294747,Left,-1.2238339,33.704094,24.89319,-9.065156,4.840459,37.464054,3.468755,-14.424994
2025-10-28 20:16:07.294752,Left,9.215471,-6.5681376,-18.463362,0.10782136,1.8753624,-16.261663,-15.384536,-0.4459061
2025-10-28 20:16:07.294758,Left,6.3304477,12.417036,0.69934756,-3.617094,3.7387364,8.644959,-6.790688,-7.759628
2025-10-28 20:16:07.294763,Left,30.058685,131.04926,31.473635,-25.669052,65.11853,145.3662,-27.304527,-46.743946
2025-10-28 20:16:07.294769,Left,85.9095,165.05502,-39.661953,-44.219574,105.5971,157.1039,-98.63413,-69.49349
2025-10-28 20:16:07.333625,Left,-32.63958,-24.234423,67.087,91.80808,-52.152653,-26.65639,69.021515,77.90121
2025-10-28 20:16:07.333670,Left,-9.6944685,-1.997689,-12.191353,-18.239258,3.6858582,-0.031991515,-16.766573,-25.006004
2025-10-28 20:16:07.333685,Left,-10.15778,-3.8589492,4.135771,4.7043824,-3.3978467,-0.86584586,3.043997,-0.63735694
2025-10-28 20:16:07.333695,Left,-5.7406263,-14.069722,31.549736,58.42658,-17.169222,-19.357277,35.477417,53.291874
2025-10-28 20:16:07.333704,Left,-10.687273,2.6264966,-11.108745,-25.294765,2.5443356,4.5742493,-19.115053,-34.556595
2025-10-28 20:16:07.333714,Left,-8.408229,-5.8238645,7.7212896,12.802023,-6.3373227,-6.1554737,5.8221273,4.5579987
2025-10-28 20:16:07.333723,Left,-46.940826,-40.252155,119.64512,167.92432,-93.44789,-54.455036,127.152664,157.52124
2025-10-28 20:16:07.333732,Left,-113.5797,-48.73768,138.37715,146.77258,-138.4931,-53.74266,129.85283,118.01254
2025-10-28 20:16:07.359946,Left,67.102776,73.94341,-68.74825,-9.483163,88.86268,72.93377,-65.0656,1.5770543
2025-10-28 20:16:07.359992,Left,-9.249825,-13.096589,16.547136,14.156924,-1.9816262,-0.77109265,32.901695,27.740595
2025-10-28 20:16:07.360006,Left,3.142459,2.944455,-1.2582315,5.0767455,12.440085,13.873105,13.457965,20.730892
2025-10-28 20:16:07.360017,Left,47.991367,63.692024,-31.40703,-7.113962,62.444187,67.0802,-30.686186,5.209078
2025-10-28 20:16:07.360026,Left,-19.86106,-29.312155,15.551583,13.01931,-14.815118,-17.253716,34.535683,24.90537
2025-10-28 20:16:07.360035,Left,12.533409,16.047628,-2.595701,6.358009,22.309841,21.756405,4.1999693,16.61986
2025-10-28 20:16:07.360043,Left,136.02399,144.0465,-131.44958,-31.707598,151.23468,130.68002,-130.9961,-23.123045
2025-10-28 20:16:07.360052,Left,115.54803,77.71767,-156.89539,-25.742147,119.23256,58.913425,-131.46506,-9.69628
2025-10-28 20:16:07.401426,Left,-54.14385,-0.8535339,55.127686,12.228241,-76.81148,-20.832104,13.820907,-38.929604
2025-10-28 20:16:07.401479,Left,32.46982,12.930818,-15.339926,-17.258623,7.136207,-16.506525,-38.699192,-38.228878
2025-10-28 20:16:07.401495,Left,13.999902,12.650561,5.574275,-2.4387732,-4.0032206,-10.07699,-18.332067,-25.852814
2025-10-28 20:16:07.401505,Left,-35.765484,-5.083957,45.99575,29.014336,-54.895664,-26.239948,13.399201,-15.073643
2025-10-28 20:16:07.401515,Left,35.379356,16.486666,-22.330013,-24.4179,20.703205,-6.292586,-42.299427,-40.643005
2025-10-28 20:16:07.401524,Left,6.5561543,10.197833,11.871966,2.1480575,-12.456472,-14.3639965,-15.941835,-27.84722
2025-10-28 20:16:07.401533,Left,-129.76895,-19.27218,103.32107,34.18992,-142.33916,-30.01687,55.301994,-29.742706
2025-10-28 20:16:07.401543,Left,-107.13817,0.07249357,49.464916,-47.697018,-111.087906,-9.615517,-3.8164027,-103.456375
2025-10-28 20:16:07.427684,Left,-12.061608,-54.038097,-60.99278,-10.246651,-13.5003,-66.47191,-39.377785,16.811073
2025-10-28 20:16:07.427731,Left,-33.13277,-24.854567,-6.2119217,-12.954487,-15.152318,1.6384785,17.411295,5.6054764
2025-10-28 20:16:07.427745,Left,-26.481422,-28.90779,-21.45417,-17.707268,-17.690378,-15.479448,-3.6403053,1.0260955
2025-10-28 20:16:07.427755,Left,2.1658576,-21.52419,-60.86327,-16.316656,7.429386,-20.290207,-34.835953,6.225692
2025-10-28 20:16:07.427765,Left,-43.234665,-32.46476,3.6646852,-9.927892,-21.871702,-1.907452,26.875546,8.815511
2025-10-28 20:16:07.427774,Left,-23.596888,-30.294651,-29.12596,-15.096807,-11.880876,-14.55798,-5.8187885,0.9643571
2025-10-28 20:16:07.427783,Left,20.701544,-64.01773,-101.867775,-5.056494,-6.736798,-108.8334,-80.98198,13.626442
2025-10-28 20:16:07.427792,Left,-40.582413,-127.983376,-37.348305,29.195646,-54.52628,-155.10817,-11.581256,37.253555
2025-10-28 20:16:07.467904,Left,-4.4539633,10.065085,-48.842083,-95.5838,1.807144,17.453789,-52.272587,-85.00585
2025-10-28 20:16:07.467943,Left,22.903357,13.726873,12.476055,17.70581,7.458916,0.6598179,10.52133,24.588415
2025-10-28 20:16:07.467955,Left,9.10346,5.3745146,-4.3923125,-9.253017,-1.8092514,-2.2807498,-3.931641,1.1732975
2025-10-28 20:16:07.467964,Left,-16.074614,10.839624,-5.422041,-40.317123,-8.731297,12.247902,-16.90853,-47.680992
2025-10-28 20:16:07.467973,Left,32.152454,12.461962,6.2423253,19.813469,16.532797,0.87819517,9.357308,30.485638
2025-10-28 20:16:07.467982,Left,6.7841725,9.703627,-0.9753112,-10.070704,2.4924653,4.3103313,-4.6107845,-7.3169312
2025-10-28 20:16:07.467991,Left,-18.233162,23.547522,-72.38837,-162.4804,1.2747992,35.7241,-92.847374,-166.38304
2025-10-28 20:16:07.468000,Left,60.72425,45.98228,-115.60992,-182.28534,64.08417,48.585796,-123.13117,-158.19922
2025-10-28 20:16:07.494251,Left,-54.333153,-79.62627,62.822666,37.479366,-65.66322,-83.94023,65.05286,26.375834
2025-10-28 20:16:07.494284,Left,18.733477,29.510397,8.241061,2.5243137,15.1030245,18.299288,-12.825513,-11.818619
2025-10-28 20:16:07.494294,Left,7.3446574,8.523372,16.204487,9.716288,2.5247655,2.6268985,7.7385554,2.6557748
2025-10-28 20:16:07.494303,Left,-23.088625,-48.778645,24.751703,19.595821,-39.39664,-62.83519,23.029554,11.679935
2025-10-28 20:16:07.494312,Left,22.140654,38.31447,10.961502,-0.31629136,18.039837,29.501835,-9.688048,-11.258752
2025-10-28 20:16:07.494321,Left,0.30292422,-1.4687926,18.701765,11.584032,-4.9815917,-9.478495,8.657477,2.970193
2025-10-28 20:16:07.494330,Left,-121.188446,-173.61397,83.6146,50.4369,-131.45471,-167.67194,106.29379,42.084663
2025-10-28 20:16:07.494339,Left,-140.00166,-155.91484,126.89494,47.333126,-136.6208,-124.27132,148.65355,46.562702
2025-10-28 20:16:07.534497,Left,81.68678,32.116253,-61.43467,-48.658077,90.280846,37.2873,-49.07691,-27.311663
2025-10-28 20:16:07.534542,Left,-11.507131,3.6761055,29.586384,35.784122,4.4744368,8.608001,25.421774,24.838657
2025-10-28 20:16:07.534558,Left,12.534745,15.869062,15.243338,17.96985,19.450342,12.600543,9.219161,12.799544
2025-10-28 20:16:07.534569,Left,41.21516,26.47634,-36.2037,-39.20476,58.996292,28.260838,-38.850037,-35.491577
2025-10-28 20:16:07.534578,Left,-12.04257,0.17539729,34.634464,43.098106,-6.584127,-0.104427226,31.083279,34.736984
2025-10-28 20:16:07.534588,Left,17.66329,16.470585,5.23109,7.0010076,24.23327,14.535261,0.8418396,5.2484274
2025-10-28 20:16:07.534597,Left,136.95166,55.41502,-120.6725,-101.76551,162.06575,60.66466,-103.47876,-65.17239
2025-10-28 20:16:07.534606,Left,158.98637,43.84659,-101.693634,-49.50969,142.79971,25.148394,-86.61608,-17.504538
2025-10-28 20:16:07.560836,Left,-59.139355,-26.641453,60.54604,-4.5359006,-50.921112,-7.593566,47.292374,57.913277
2025-10-28 20:16:07.560871,Left,5.647692,-1.5545157,-33.08692,-23.298845,-6.1579046,-11.813618,-35.86574,-22.111479
2025-10-28 20:16:07.560881,Left,-4.345066,-6.03645,-11.607378,-18.612492,-16.746801,-14.157338,-18.229994,-7.7488894
2025-10-28 20:16:07.560888,Left,-49.497143,-38.023705,42.76892,-3.343832,-53.45596,-34.379078,30.8056,25.996672
2025-10-28 20:16:07.560894,Left,18.014153,12.018374,-39.838043,-26.290205,4.4774656,-1.2875051,-44.063625,-23.301792
2025-10-28 20:16:07.560900,Left,-13.398206,-11.570951,-2.5500178,-16.074663,-22.264954,-16.495071,-10.112628,-1.8093294
2025-10-28 20:16:07.560906,Left,-96.85293,-36.177986,143.0846,23.103077,-78.175255,-4.733603,110.906685,112.67795
2025-10-28 20:16:07.560911,Left,-68.85312,22.27555,95.54032,-3.0350106,-19.526207,77.366425,76.05882,129.69919
2025-10-28 20:16:07.613579,Left,4.941612,-46.824863,-44.654713,62.913013,45.529152,79.93331,63.70197,-83.322975
2025-10-28 20:16:07.613626,Left,-7.4203343,2.2690003,17.374992,-3.5847006,-17.591154,-14.126432,-13.2674885,19.22401
2025-10-28 20:16:07.613640,Left,-5.6666737,-8.189098,-1.0586381,2.3326309,-6.4985147,-2.3333304,-6.543579,-10.817982
2025-10-28 20:16:07.613651,Left,19.529785,-9.03665,-40.840446,19.892696,41.573177,53.249386,58.47209,-41.221973
2025-10-28 20:16:07.613660,Left,-18.211872,-7.109484,23.135235,-3.6968577,-31.317125,-26.166126,-32.06291,17.34358
2025-10-28 20:16:07.613669,Left,-2.7789803,-8.92445,-5.98248,7.9282007,2.8409154,11.326217,10.5023985,-8.611649
2025-10-28 20:16:07.613678,Left,15.200406,-78.40401,-92.33791,97.35365,80.12261,141.03395,124.02188,-150.1364
2025-10-28 20:16:07.613687,Left,-47.704712,-146.9126,-40.3154,158.55151,27.804783,135.24454,77.72518,-139.03027
2025-10-28 20:16:07.643726,Left,44.87541,-77.64223,-24.143778,46.640076,12.31915,-85.88118,-17.67726,37.162163
2025-10-28 20:16:07.643766,Left,-19.973793,9.633675,3.9862285,-15.461558,-13.703602,15.857909,1.8026636,-19.262482
2025-10-28 20:16:07.643778,Left,-3.3049169,-3.5859563,-0.6484437,-1.3020835,-3.5005953,-0.9647917,-1.501305,-5.113444
2025-10-28 20:16:07.643788,Left,43.19569,-53.788754,-21.3491,38.595486,27.508389,-57.692677,-16.749054,34.700848
2025-10-28 20:16:07.643798,Left,-30.58581,20.48641,9.048665,-24.820734,-24.12009,26.502392,6.610535,-26.909357
2025-10-28 20:16:07.643808,Left,2.5482442,-15.291848,-6.8313684,1.9067258,-3.120537,-14.477358,-6.2091184,-0.822586
2025-10-28 20:16:07.643817,Left,87.417725,-151.15056,-40.65888,101.58229,43.73511,-152.50557,-31.678389,77.105736
2025-10-28 20:16:07.643826,Left,17.67676,-136.41689,-22.792982,53.54469,-34.209637,-124.673035,-10.236123,25.370047
2025-10-28 20:16:07.685094,Left,-6.2066674,26.92336,-16.868458,-42.311417,9.724516,9.519492,-45.131813,-35.213085
2025-10-28 20:16:07.685126,Left,-2.883204,-15.282624,-4.640856,18.088144,4.685414,-3.911604,6.4581013,21.055244
2025-10-28 20:16:07.685132,Left,0.6795012,2.4884262,4.4584723,13.235002,12.464407,5.490748,0.71457523,7.349389
2025-10-28 20:16:07.685136,Left,-12.871502,29.719551,7.502495,-40.999588,0.8500597,25.686241,-5.731211,-33.092102
2025-10-28 20:16:07.685140,Left,7.6036777,-15.942579,-2.4327967,38.78111,15.163532,-8.074462,3.2254329,31.162653
2025-10-28 20:16:07.685144,Left,-3.3876626,2.359187,-0.9860959,-0.5231256,5.9444556,4.8651495,-3.394948,-0.10166003
2025-10-28 20:16:07.685148,Left,-18.469074,47.489098,-39.116104,-107.02071,2.2624784,22.595982,-70.52533,-65.39698
2025-10-28 20:16:07.685152,Left,16.180466,-0.96079695,-97.1793,-39.836994,33.355316,-31.91915,-125.54937,0.83238137
2025-10-28 20:16:07.727783,Left,-9.739526,28.179193,82.52483,17.02215,-7.3217483,49.105427,90.68031,-12.431411
2025-10-28 20:16:07.727823,Left,16.29353,17.064611,3.454728,0.23605344,8.316545,3.5017972,-8.280881,-1.9627187
2025-10-28 20:16:07.727835,Left,9.199173,14.848437,15.56326,5.804015,4.8693295,8.112543,7.7019606,-1.9416888
2025-10-28 20:16:07.727845,Left,14.030329,13.468204,46.489086,34.106457,1.2331312,15.219494,47.781235,11.52941
2025-10-28 20:16:07.727854,Left,8.698856,17.56785,-0.35381824,-11.04124,6.0917296,4.9551926,-13.062226,-9.75938
2025-10-28 20:16:07.727863,Left,12.634745,17.27882,21.483023,8.87128,4.7738786,11.489704,17.367193,2.7803216
2025-10-28 20:16:07.727872,Left,-8.913351,44.751816,140.12431,30.653803,-19.181137,77.18891,159.66249,-16.038761
2025-10-28 20:16:07.727881,Left,-27.804102,94.85313,166.59593,-48.949345,-44.265224,113.85041,168.29369,-88.52135
2025-10-28 20:16:07.757971,Left,91.39349,-35.67419,-20.9339,69.87135,92.264786,-53.83866,-31.328978,70.23388
2025-10-28 20:16:07.758013,Left,-22.87932,-9.284227,-3.5194352,-15.140979,-21.630863,2.660354,1.8532422,-17.532352
2025-10-28 20:16:07.758026,Left,-3.3362827,-13.00316,-10.472478,-4.6079397,-5.372483,-12.178263,-6.0498195,-1.6078428
2025-10-28 20:16:07.758036,Left,49.34365,-9.252729,-16.506462,30.531193,56.59301,-20.079084,-18.58973,37.482906
2025-10-28 20:16:07.758045,Left,-31.585003,-16.28151,-7.9835973,-22.735762,-37.01416,-6.068713,2.997599,-20.94446
2025-10-28 20:16:07.758055,Left,10.934376,-6.4952774,-6.2779074,6.020302,9.178243,-9.882317,-5.2004404,6.1439176
2025-10-28 20:16:07.758064,Left,166.8707,-55.81354,-38.773575,124.556984,173.40977,-89.6094,-55.939102,127.35804
2025-10-28 20:16:07.758073,Left,153.1834,-123.657616,-50.958496,139.4812,153.6919,-127.859566,-54.929615,125.98525
2025-10-28 20:16:07.799371,Left,-20.30474,76.66211,71.7541,-78.36794,-25.122576,-73.662186,-14.456358,9.242532
2025-10-28 20:16:07.799417,Left,-2.52503,-19.982658,-22.276863,10.568483,-1.5233492,8.38252,10.9238825,0.63732606
2025-10-28 20:16:07.799432,Left,-7.1304626,-0.89296234,0.34717792,-1.0680436,1.7786816,0.29247797,8.005224,4.1613364
2025-10-28 20:16:07.799442,Left,-21.705847,42.53163,54.42228,-42.15692,3.4153645,-27.69497,-23.06695,5.636576
2025-10-28 20:16:07.799451,Left,-0.17321508,-25.371765,-30.555546,18.662542,-4.0884523,8.4927025,19.391531,1.2995473
2025-10-28 20:16:07.799460,Left,-12.10528,4.0232887,7.02501,-10.150052,-1.4331516,-8.437609,-0.34277907,1.8554654
2025-10-28 20:16:07.799469,Left,-42.924267,140.69568,140.13527,-139.86682,-31.16861,-118.06924,-23.607761,29.790316
2025-10-28 20:16:07.799478,Left,-38.09274,126.16694,84.85332,-152.52063,-92.92333,-168.94984,31.570274,40.453537
2025-10-28 20:16:07.853267,Left,-2.5979836,-60.9952,-26.004482,73.29731,55.452995,88.32447,-40.872475,-23.096909
2025-10-28 20:16:07.853296,Left,3.9194145,7.030466,2.11524,-29.036121,-16.450808,-25.386845,-8.1088705,-0.34176508
2025-10-28 20:16:07.853302,Left,-0.17582339,-7.236172,-5.314615,-6.918642,-4.5910187,-5.076841,-13.912477,-7.9578257
2025-10-28 20:16:07.853306,Left,-21.251123,-51.912857,-39.799313,47.642155,21.33519,49.362877,-13.299381,-15.313084
2025-10-28 20:16:07.853309,Left,14.245914,19.647112,16.973219,-33.398342,-13.617616,-29.902826,-11.315885,-1.4166452
2025-10-28 20:16:07.853312,Left,-5.240101,-15.446687,-10.749407,2.4068985,1.0522296,4.9542313,-13.626645,-9.423565
2025-10-28 20:16:07.853316,Left,-8.49052,-115.00844,-56.10863,142.61029,98.238144,161.78299,-68.21169,-42.87332
2025-10-28 20:16:07.853319,Left,42.239258,-71.02686,29.581059,132.78336,147.68118,171.22414,-109.49673,-32.703533
2025-10-28 20:16:07.893542,Left,-56.719097,-31.592314,70.117,85.455185,-60.077877,-17.357382,80.66513,72.91469
2025-10-28 20:16:07.893594,Left,7.7760134,7.908117,-7.0387096,-12.812983,15.587753,17.356495,-0.577729,-4.802578
2025-10-28 20:16:07.893608,Left,-6.003414,2.1871543,10.124146,10.551128,5.1970744,9.057011,13.05788,10.952845
2025-10-28 20:16:07.893618,Left,-16.817587,-14.556131,45.757095,67.00287,-21.285213,-3.8884132,59.347813,66.40213
2025-10-28 20:16:07.893628,Left,2.3835623,10.307703,-11.233522,-24.687433,13.82289,15.408828,-11.748412,-19.881346
2025-10-28 20:16:07.893637,Left,-7.8062997,-2.3213832,14.144852,17.649986,-1.046912,7.428359,21.705078,20.03007
2025-10-28 20:16:07.893646,Left,-90.680214,-49.716545,133.03354,162.49158,-109.176674,-37.42474,145.73221,141.57352
2025-10-28 20:16:07.893655,Left,-118.624374,-44.011852,132.6359,116.45699,-140.59373,-35.294678,120.49322,65.666336
2025-10-28 20:16:07.921150,Left,81.62008,68.66856,-61.221386,-8.206162,65.7171,32.982735,-76.645706,-12.247565
2025-10-28 20:16:07.921196,Left,-6.1386576,-11.092223,19.764233,7.299837,-15.275566,-14.705043,17.63564,6.6077924
2025-10-28 20:16:07.921209,Left,10.99294,5.9455256,2.6218283,3.4420216,1.5390986,-4.291259,-4.1959834,1.0460447
2025-10-28 20:16:07.921219,Left,56.750076,56.80019,-40.490505,-12.641327,46.787025,36.86528,-52.48705,-13.555783
2025-10-28 20:16:07.921228,Left,-16.068565,-23.727823,25.671913,12.047882,-23.796675,-27.599848,22.849848,9.418303
2025-10-28 20:16:07.921237,Left,19.50964,15.05327,-3.399184,1.5869035,9.772514,3.532495,-10.281446,0.046861596
2025-10-28 20:16:07.921245,Left,140.60172,115.71249,-136.9604,-35.235718,115.50532,66.96666,-145.41904,-28.5059
2025-10-28 20:16:07.921254,Left,99.35985,44.57613,-127.08599,-13.749912,76.95581,-4.713343,-118.704666,-4.900476
2025-10-28 20:16:07.990206,Left,-66.25924,-63.815914,-92.16585,47.24181,-22.272997,27.300177,49.47381,-52.815777
2025-10-28 20:16:07.990251,Left,13.179437,2.0912733,9.45271,-10.658635,6.3962655,3.714837,-13.870699,-4.088924
2025-10-28 20:16:07.990266,Left,0.6417178,-5.128894,-6.0285764,2.2550166,2.3448143,8.389393,2.8037553,-9.359642
2025-10-28 20:16:07.990276,Left,-55.156807,-38.342224,-65.405655,10.3563385,-29.388315,0.07771632,48.10908,-9.364807
2025-10-28 20:16:07.990286,Left,28.47779,10.785455,25.87996,-0.14482148,21.342892,14.455792,-22.682575,-10.971182
2025-10-28 20:16:07.990295,Left,-9.839963,-11.022013,-14.321173,7.0940967,-0.5486415,8.257106,9.523103,-9.141283
2025-10-28 20:16:07.990304,Left,-135.02255,-118.35675,-173.05981,80.45208,-49.29459,38.476093,97.98239,-76.386635
2025-10-28 20:16:07.990313,Left,-94.50444,-132.19171,-143.98283,137.09616,20.83942,114.77004,46.698246,-145.53206
2025-10-28 20:16:08.017838,Left,-25.784489,-74.90915,-36.311996,2.516849,-36.21265,-88.26537,-17.169605,9.223475
2025-10-28 20:16:08.017891,Left,-15.294631,-2.7247202,8.989702,-6.1718907,-9.25209,0.3163583,1.4341979,-2.3043869
2025-10-28 20:16:08.017905,Left,-12.993184,-12.678327,-1.5873034,-3.899674,-10.943632,-13.4017725,-3.7357435,-3.2098265
2025-10-28 20:16:08.017916,Left,4.9499044,-27.406023,-37.314175,-5.454494,-8.45049,-41.977722,-25.863537,3.837361
2025-10-28 20:16:08.017925,Left,-23.739864,-6.2908087,17.831488,-4.4398665,-14.171303,1.8130972,10.991012,-4.8067594
2025-10-28 20:16:08.017934,Left,-8.959456,-15.836672,-8.134458,-7.7775836,-15.365287,-22.286957,-9.10911,-2.9173007
2025-10-28 20:16:08.017943,Left,-20.20678,-115.450874,-66.28133,9.15148,-49.219658,-142.10696,-24.95131,25.228235
2025-10-28 20:16:08.017952,Left,-86.79349,-172.19371,-7.0777597,16.886215,-113.16734,-184.07034,35.041367,31.184563
2025-10-28 20:16:08.058015,Left,19.41675,-48.192036,-15.46403,69.18579,14.156822,-27.92465,16.92924,68.91712
2025-10-28 20:16:08.058061,Left,7.9902816,14.484621,9.757543,-19.26921,-6.1608987,13.28489,10.589214,-12.019815
2025-10-28 20:16:08.058075,Left,0.7160281,-2.9978886,0.42600837,-1.1209483,0.27192208,3.7179124,7.000255,2.0986774
2025-10-28 20:16:08.058086,Left,-8.467497,-43.498566,-29.727774,51.752575,13.164055,-34.636936,-14.334417,49.445473
2025-10-28 20:16:08.058096,Left,8.772623,21.982834,20.986872,-26.739662,-7.418252,24.183277,19.49242,-23.22264
2025-10-28 20:16:08.058105,Left,-0.8184566,-9.317446,-2.441243,9.525569,2.210961,-2.557021,3.734523,8.965255
2025-10-28 20:16:08.058114,Left,20.905449,-96.02322,-35.18488,139.71777,28.282782,-64.661415,13.788981,127.73662
2025-10-28 20:16:08.058123,Left,80.08101,-45.23002,41.516327,104.150826,8.06584,-5.0780473,93.93152,87.25332
2025-10-28 20:16:08.085636,Left,41.71158,59.41722,6.6228247,13.010337,68.05618,45.871662,3.554243,31.244074
2025-10-28 20:16:08.085679,Left,9.334513,-8.803366,6.4755926,15.110428,3.2854002,-9.815612,2.7032053,5.6650815
2025-10-28 20:16:08.085691,Left,14.078978,9.586186,7.693907,10.845461,9.26955,-1.5969372,1.8646694,7.6422157
2025-10-28 20:16:08.085701,Left,5.412763,50.363525,10.345908,-8.059717,25.111855,44.83545,8.106053,2.454502
2025-10-28 20:16:08.085721,Left,17.235216,-17.278976,3.493791,21.801544,4.5984883,-23.041729,1.2318017,12.53057
2025-10-28 20:16:08.085731,Left,12.02315,13.278233,6.850155,9.471878,16.220098,9.792609,5.4096546,9.087589
2025-10-28 20:16:08.085740,Left,58.161625,108.68751,11.208306,8.179246,106.69356,82.59008,-5.8651605,34.601006
2025-10-28 20:16:08.085749,Left,117.49121,41.942726,-16.283169,67.65345,165.23012,23.522375,-14.632954,102.35069
2025-10-28 20:16:08.128293,Left,-11.45418,41.654533,87.927895,-7.049925,-23.075424,51.839455,91.622375,-28.89316
2025-10-28 20:16:08.128339,Left,-0.47984695,-1.0412565,-8.997092,-2.6765473,2.9468803,-5.2029405,-19.82001,-9.46253
2025-10-28 20:16:08.128354,Left,-3.5243077,2.006044,3.7471495,-5.544345,-4.895961,1.9085622,0.6403872,-9.126456
2025-10-28 20:16:08.128365,Left,-5.459102,9.365702,46.049767,15.785708,-9.561638,19.604694,50.32401,-4.719265
2025-10-28 20:16:08.128375,Left,-4.1719966,-1.032272,-16.652063,-15.607195,-1.0652846,-5.787279,-25.033257,-12.553228
2025-10-28 20:16:08.128384,Left,-4.550426,4.79098,13.07909,-1.1841421,-4.998232,5.980746,9.205308,-9.907689
2025-10-28 20:16:08.128394,Left,-22.76127,66.88196,156.1501,-3.746211,-37.427948,91.6508,167.46259,-45.40722
2025-10-28 20:16:08.128403,Left,-29.076935,124.09039,187.76494,-59.273163,-41.966003,135.56834,177.55215,-96.53097
2025-10-28 20:16:08.167191,Left,90.152336,-54.921173,-31.515045,66.80681,82.31078,-68.96452,-5.6894464,-60.00616
2025-10-28 20:16:08.167247,Left,-20.858763,-2.1676474,-2.3296332,-16.925459,-20.542114,9.12727,-7.1488013,-1.4964342
2025-10-28 20:16:08.167263,Left,6.1433067,-3.0165555,-3.3780508,1.7206305,2.555469,-1.8511724,-0.34473157,-4.335459
2025-10-28 20:16:08.167273,Left,58.409138,-16.987116,-16.451101,38.98686,58.15526,-30.929493,16.44205,-12.263497
2025-10-28 20:16:08.167282,Left,-26.355324,-2.4169667,-0.79153925,-21.443151,-31.80274,8.520835,-13.351788,-2.6299388
2025-10-28 20:16:08.167292,Left,12.599572,-8.986087,-7.2900267,6.767998,9.484428,-9.647722,-0.9515122,-8.968509
2025-10-28 20:16:08.167301,Left,171.8355,-85.326805,-49.383736,128.05927,160.97173,-116.79507,5.2821665,-92.22654
2025-10-28 20:16:08.167310,Left,157.3888,-133.45741,-48.56698,134.84947,124.43675,-152.45609,-64.31389,-165.23473
2025-10-28 20:16:08.211115,Left,-69.156265,78.493904,15.585274,-79.162,-60.345116,69.40402,32.18126,72.77485
2025-10-28 20:16:08.211163,Left,17.10793,-12.651352,-7.296813,11.792099,10.392686,-23.191532,-8.913757,-17.229267
2025-10-28 20:16:08.211177,Left,-0.62918395,3.5149426,-3.1579115,-7.5826054,-6.9745555,-6.330302,-2.9308105,0.22676866
2025-10-28 20:16:08.211187,Left,-55.70665,41.228508,11.888957,-56.219593,-57.277916,38.45993,4.3188376,38.743473
2025-10-28 20:16:08.211196,Left,33.69797,-12.277411,-6.727187,22.845966,23.161488,-30.691687,-6.785081,-21.34503
2025-10-28 20:16:08.211206,Left,-6.638064,13.23108,4.2404857,-10.439473,-11.500148,1.936351,-0.7027267,7.961163
2025-10-28 20:16:08.211215,Left,-126.264114,150.81296,37.215664,-143.09894,-115.17502,133.93874,59.05574,138.22685
2025-10-28 20:16:08.211224,Left,-63.701565,167.50368,30.839733,-106.7938,-44.943592,121.27127,94.194756,142.20752
2025-10-28 20:16:08.237519,Left,56.65307,100.17992,-22.263544,-14.227974,81.454956,108.32686,-32.516495,44.595882
2025-10-28 20:16:08.237564,Left,-8.053295,-19.881403,-4.4573784,15.484594,11.259208,7.7232223,31.874197,16.322548
2025-10-28 20:16:08.237578,Left,5.246563,3.9596725,-5.610127,5.657898,19.333057,24.473074,19.60499,24.571136
2025-10-28 20:16:08.237589,Left,24.893703,54.69508,-5.210149,-6.279215,48.80161,81.341515,8.136895,53.78922
2025-10-28 20:16:08.237598,Left,-4.8721395,-22.581442,-5.527443,14.102662,4.866943,-6.355404,24.654718,4.869196
2025-10-28 20:16:08.237607,Left,6.508341,9.178415,-9.879503,2.8162222,24.538218,34.0714,17.447304,28.31829
2025-10-28 20:16:08.237616,Left,97.0651,177.64705,-39.83956,-35.238827,132.33525,187.17412,-66.74523,69.010605
2025-10-28 20:16:08.237625,Left,114.89094,168.81561,-95.1448,-35.860806,149.4435,154.60155,-127.42863,-11.904798
2025-10-28 20:16:08.277736,Left,80.80729,75.512596,21.406593,26.511473,67.371605,15.50362,-32.912018,4.547341
2025-10-28 20:16:08.277773,Left,19.976707,2.609494,3.28583,-0.38276067,-18.217236,-31.112555,-26.214046,-27.020847
2025-10-28 20:16:08.277784,Left,28.498705,19.023144,7.3744597,-0.063663,-8.257901,-23.68596,-31.464407,-27.122334
2025-10-28 20:16:08.277793,Left,33.426395,63.59124,15.542667,-7.468057,14.619418,13.185584,-27.422392,-24.033634
2025-10-28 20:16:08.277802,Left,23.1212,-10.369785,0.05739402,3.623401,-20.676403,-45.74669,-33.597023,-26.783249
2025-10-28 20:16:08.277811,Left,30.289684,26.073574,8.676058,-0.5087086,-3.8137736,-18.18674,-30.111551,-25.17113
2025-10-28 20:16:08.277820,Left,108.28533,119.63092,20.006554,26.963202,109.335625,38.536186,-40.982975,22.01826
2025-10-28 20:16:08.277829,Left,159.68489,46.828785,0.06935091,95.75632,174.98222,-7.7158403,-37.578148,94.6405
2025-10-28 20:16:08.320363,Left,-45.623768,23.278713,65.86091,-42.57923,-34.04431,54.865757,91.50511,-39.604042
2025-10-28 20:16:08.320391,Left,-26.043558,-22.862303,-29.016487,-16.63343,-1.3812828,-6.57346,-12.532641,6.5218916
2025-10-28 20:16:08.320398,Left,-26.61556,-13.992434,-9.129484,-15.703921,-8.628551,-1.0898108,-0.5617175,-9.028033
2025-10-28 20:16:08.320402,Left,-33.054306,-5.0636415,32.026043,-7.9423046,-16.262867,26.156864,59.20548,-3.4180532
2025-10-28 20:16:08.320407,Left,-22.350636,-17.002972,-29.908447,-19.862917,-2.1118014,-10.488294,-25.840805,-4.861796
2025-10-28 20:16:08.320410,Left,-27.991652,-12.404004,-2.3678076,-15.302549,-9.7022705,5.5008864,12.87482,-4.182391
2025-10-28 20:16:08.320414,Left,-57.700512,56.919704,142.66554,-40.847736,-44.054466,107.78799,178.47234,-53.38816
2025-10-28 20:16:08.320418,Left,-59.414883,105.43655,154.51286,-108.52949,-62.101536,129.89471,163.7086,-111.85279
2025-10-28 20:16:08.361851,Left,-61.544727,27.392984,53.55106,2.0097954,3.8770442,59.23589,48.114677,1.8708675
2025-10-28 20:16:08.361898,Left,18.037834,7.506338,-10.034285,2.70174,12.526548,2.9774032,-8.747762,5.518831
2025-10-28 20:16:08.361913,Left,-4.2008696,6.15078,2.6599166,5.0403285,10.675645,13.227784,5.768526,5.82861
2025-10-28 20:16:08.361923,Left,-45.741554,-1.6797311,48.17356,7.2360516,-16.350857,15.688117,44.0178,6.6631346
2025-10-28 20:16:08.361933,Left,26.945272,17.056904,-17.959568,6.255522,27.827126,15.099553,-12.751927,6.743921
2025-10-28 20:16:08.361942,Left,-8.252144,5.080384,8.219784,2.1018403,3.473946,11.857876,10.365519,5.603923
2025-10-28 20:16:08.361951,Left,-113.959015,39.559456,104.549095,2.4204004,-13.178714,82.24198,78.54674,-10.823655
2025-10-28 20:16:08.361960,Left,-43.05795,129.3646,65.457504,-8.285232,58.671223,153.05219,26.556149,-18.24876
2025-10-28 20:16:08.404500,Left,11.367364,-21.596771,26.898966,75.30094,-8.087685,-18.272959,53.192425,96.56043
2025-10-28 20:16:08.404546,Left,-7.754117,3.3153026,1.682658,-8.244666,-3.6393237,1.1813293,-3.8464653,-13.8878975
2025-10-28 20:16:08.404561,Left,1.1726923,3.3599355,9.116024,11.125993,2.4286835,1.283581,7.238957,7.8010273
2025-10-28 20:16:08.404572,Left,33.52225,-1.131622,5.9386563,39.179005,15.133659,-8.46381,19.010033,52.73494
2025-10-28 20:16:08.404581,Left,-16.985174,3.735959,8.111345,-8.831363,-11.939145,0.41933048,-3.3912277,-20.638111
2025-10-28 20:16:08.404590,Left,8.670951,2.6453924,8.135234,13.81297,0.83469313,-1.4511858,9.845968,15.603605
2025-10-28 20:16:08.404599,Left,40.260796,-27.742115,47.174866,136.59502,-4.3381567,-37.81744,81.82249,162.22377
2025-10-28 20:16:08.404608,Left,-14.300728,-37.018883,97.94352,157.11765,-81.6478,-64.716705,106.29349,156.36612
2025-10-28 20:16:08.450413,Left,17.246397,-54.62325,-44.2345,-63.344574,80.39594,48.92134,-51.228992,-64.20562
2025-10-28 20:16:08.450455,Left,8.108681,37.895596,33.601074,43.871967,22.89144,16.966227,23.702333,23.033005
2025-10-28 20:16:08.450469,Left,9.00306,14.182152,17.839613,23.409618,34.318882,26.904827,14.033529,9.445788
2025-10-28 20:16:08.450479,Left,40.622013,-32.076344,-8.813098,-32.198116,45.89211,38.55985,-27.290154,-52.917755
2025-10-28 20:16:08.450489,Left,-9.92911,39.179344,30.078503,49.18502,23.410446,15.997621,31.259771,39.391624
2025-10-28 20:16:08.450498,Left,16.695068,10.735236,15.984594,15.47281,37.19132,26.584583,2.7430115,-5.4512863
2025-10-28 20:16:08.450507,Left,28.599728,-121.684204,-96.56102,-140.67535,118.65671,76.38661,-106.49771,-140.0016
2025-10-28 20:16:08.450516,Left,-72.044815,-108.20698,-140.28473,-142.5495,141.11377,59.36576,-120.39679,-109.0551
2025-10-28 20:16:08.476784,Left,-69.84382,-81.03403,55.87191,-3.3141487,-99.22758,-86.8792,47.25117,13.497354
2025-10-28 20:16:08.476825,Left,-1.8493272,1.6051761,-28.501558,-31.659529,-12.665022,-10.054657,-39.29199,-18.686058
2025-10-28 20:16:08.476838,Left,-13.219642,-15.625625,-13.570627,-24.051153,-28.145052,-25.708935,-21.95693,-14.00467
2025-10-28 20:16:08.476847,Left,-61.23445,-77.34888,17.894716,-10.585429,-75.40455,-76.40795,24.395523,-6.426407
2025-10-28 20:16:08.476857,Left,9.146427,16.781588,-29.460447,-30.729986,-1.8011096,2.9721491,-45.81987,-16.584042
2025-10-28 20:16:08.476866,Left,-25.304193,-28.380407,-9.679235,-23.329815,-36.63888,-33.90401,-14.01018,-10.874803
2025-10-28 20:16:08.476874,Left,-130.88486,-142.83311,125.58813,24.86266,-154.86018,-137.21114,119.50309,44.77357
2025-10-28 20:16:08.476883,Left,-116.12247,-84.12265,143.09224,12.371959,-128.3103,-69.28006,119.943565,99.32913
2025-10-28 20:16:08.518237,Left,46.813885,14.7735,-84.49949,-16.023882,40.501965,0.8459905,-65.55871,-6.0732527
2025-10-28 20:16:08.518281,Left,-19.158459,-11.27619,22.471004,16.636757,-2.9379313,-1.895392,21.07455,5.4376526
2025-10-28 20:16:08.518293,Left,-4.603729,-4.828103,-1.6338179,5.0298314,2.7261045,-0.4883822,2.731867,-1.1728758
2025-10-28 20:16:08.518303,Left,40.816845,33.25825,-50.97281,-5.0821276,46.465885,24.712643,-49.60402,-8.906726
2025-10-28 20:16:08.518312,Left,-30.428312,-28.574944,22.269041,11.06684,-20.473299,-15.047866,31.160662,5.3076124
2025-10-28 20:16:08.518321,Left,4.6817713,2.8962097,-7.168556,6.938999,11.314775,2.4589505,-6.947038,-2.9540567
2025-10-28 20:16:08.518337,Left,101.63071,45.981045,-152.60117,-30.630564,80.36443,6.1057754,-137.17099,-21.556438
2025-10-28 20:16:08.518348,Left,64.23569,-23.276266,-119.45028,-6.365043,28.455847,-69.33971,-95.251434,2.0409226
2025-10-28 20:16:08.573549,Left,-54.25573,-70.69375,-80.02394,70.24098,79.385994,-70.6246,-63.353065,84.63134
2025-10-28 20:16:08.573594,Left,13.798053,9.755704,16.117908,-9.926347,-14.231509,17.518206,24.622007,-5.8866587
2025-10-28 20:16:08.573609,Left,-2.5962934,-4.779264,-2.6120734,4.118975,3.2272866,-1.5704366,3.7020557,9.194896
2025-10-28 20:16:08.573619,Left,-40.992245,-41.024853,-62.709236,26.382298,59.372498,-33.62473,-53.237926,44.90877
2025-10-28 20:16:08.573628,Left,27.969723,20.032993,31.989864,-7.8437533,-24.891113,19.889982,36.799744,-9.161118
2025-10-28 20:16:08.573637,Left,-4.6774707,-8.594197,-11.163758,8.279522,13.984433,-3.819206,-4.2460384,14.951649
2025-10-28 20:16:08.573646,Left,-106.80789,-128.00989,-151.16454,125.48121,153.25745,-125.337,-132.99863,139.81755
2025-10-28 20:16:08.573655,Left,-48.411606,-120.30777,-97.00149,168.13965,112.26202,-137.671,-64.44203,162.61351
2025-10-28 20:16:08.601145,Left,-47.874794,80.33405,13.820749,-64.94286,-36.63785,71.37081,16.421614,-39.681114
2025-10-28 20:16:08.601192,Left,17.34682,-12.743408,-4.4316826,16.781374,17.837307,-9.727086,0.8797468,17.55894
2025-10-28 20:16:08.601207,Left,-1.140221,0.47402337,-2.4402494,-1.502535,3.567432,5.347552,3.8756487,5.30031
2025-10-28 20:16:08.601217,Left,-52.142887,44.833683,15.04953,-44.4991,-34.84225,55.378677,17.985077,-37.44352
2025-10-28 20:16:08.601227,Left,29.15201,-19.339481,-7.9242797,26.313522,28.191015,-20.751526,-2.5006802,30.89862
2025-10-28 20:16:08.601236,Left,-7.3861036,10.112285,0.13017789,-8.448999,-2.184634,12.622373,5.711247,-1.2038116
2025-10-28 20:16:08.601245,Left,-112.60398,135.32047,27.33309,-122.408134,-74.11663,137.9034,29.259491,-88.0624
2025-10-28 20:16:08.601254,Left,-40.012978,130.01797,10.118421,-80.896904,-0.01705526,113.44258,6.9117165,-36.896793
2025-10-28 20:16:08.641349,Left,13.4122305,-26.057447,20.830463,62.337147,1.5547091,-11.053545,41.01226,44.201687
2025-10-28 20:16:08.641405,Left,-2.5612102,12.791771,7.4003143,-14.231585,-6.193615,3.5751345,-4.5635767,-19.851234
2025-10-28 20:16:08.641420,Left,5.8100867,6.8515115,10.094778,5.575297,0.09064242,1.6057374,2.473408,-4.9911065
2025-10-28 20:16:08.641431,Left,12.480238,-31.267414,-6.324848,52.545948,8.099766,-23.539536,5.9746633,41.70252
2025-10-28 20:16:08.641440,Left,1.6386429,27.82674,19.031599,-22.661158,-8.1838875,11.656446,-2.7673364,-35.95356
2025-10-28 20:16:08.641449,Left,5.111094,0.14172408,7.0543046,10.464779,-3.3217714,-6.5601797,-0.2902157,-1.8853742
2025-10-28 20:16:08.641458,Left,21.903402,-57.280018,30.424097,128.37306,16.42926,-20.68334,70.017784,93.154526
2025-10-28 20:16:08.641467,Left,-1.3085333,-0.8671201,98.68087,71.66403,-4.6218605,47.96124,146.11203,47.064526
2025-10-28 20:16:08.681560,Left,-4.054689,-27.22335,-72.05595,-12.309717,22.229435,-28.131319,-76.831604,9.269419
2025-10-28 20:16:08.681596,Left,-3.7495317,-4.7189164,10.434834,18.565117,8.092325,6.631575,15.089484,10.806038
2025-10-28 20:16:08.681608,Left,1.2839769,-2.6477556,-2.9592686,7.461844,8.210366,0.615511,-2.0027885,6.738712
2025-10-28 20:16:08.681617,Left,-8.852756,0.24103025,-28.5201,-22.405998,10.891628,-1.7024955,-37.229984,-10.847112
2025-10-28 20:16:08.681627,Left,-0.19482031,-11.575897,4.572579,20.29593,2.6994364,-2.3997304,13.915743,15.995136
2025-10-28 20:16:08.681636,Left,-0.67580587,-1.5508801,-4.1842036,8.42338,11.558946,1.0513575,-7.6950927,5.0820518
2025-10-28 20:16:08.681645,Left,-0.34375545,-33.43988,-124.27193,-38.123722,34.5882,-44.42066,-135.4875,8.412837
2025-10-28 20:16:08.681654,Left,19.741417,-99.58702,-183.99783,7.576072,30.50536,-108.893684,-171.87415,65.75423
2025-10-28 20:16:08.720478,Left,67.485,1.6790781,-47.64887,2.628154,77.36366,74.936325,91.513084,-56.816055
2025-10-28 20:16:08.720533,Left,-8.157029,-0.19769005,13.309459,2.4805982,-28.01092,-18.48577,-23.832912,0.19426812
2025-10-28 20:16:08.720550,Left,5.4026914,1.2040237,1.0160639,0.68681836,-5.412617,-0.5676954,0.8944524,-5.8814244
2025-10-28 20:16:08.720561,Left,54.642788,15.397151,-38.98174,-23.0063,47.895744,31.87432,57.575924,-21.30805
2025-10-28 20:16:08.720570,Left,-16.387968,0.090592824,29.030516,18.44363,-32.097008,-15.1081295,-25.802006,6.2331805
2025-10-28 20:16:08.720580,Left,16.578176,6.9225674,-2.7780755,-1.5464118,3.0594563,4.685668,10.67183,-8.346835
2025-10-28 20:16:08.720589,Left,140.22278,15.228428,-94.00826,-16.422377,132.24765,123.53101,168.17926,-94.06037
2025-10-28 20:16:08.720598,Left,108.274506,-24.59564,-55.145615,50.57003,86.509056,143.62881,146.72855,-135.98672
2025-10-28 20:16:08.761883,Left,-38.573208,-67.4663,-77.80491,65.80379,21.76336,-73.70911,-63.25307,77.5322
2025-10-28 20:16:08.761909,Left,11.362484,9.87589,17.25371,-10.558327,-8.997831,13.158691,18.775345,-10.056572
2025-10-28 20:16:08.761915,Left,-8.887052,-11.767412,-6.7117105,0.76806027,-5.4458594,-6.327736,-1.6683369,3.3084855
2025-10-28 20:16:08.761918,Left,-48.736893,-50.025078,-62.458374,33.93463,13.322142,-51.114876,-57.19355,41.281143
2025-10-28 20:16:08.761922,Left,14.540109,9.991104,26.437933,-12.591886,-13.854475,18.297358,28.532885,-17.56139
2025-10-28 20:16:08.761925,Left,-17.576807,-20.032011,-16.1547,7.407682,-2.4289122,-14.1551485,-11.250375,8.8845215
2025-10-28 20:16:08.761928,Left,-91.61297,-132.69432,-150.80537,121.09312,41.96236,-137.61046,-127.30542,137.31221
2025-10-28 20:16:08.761932,Left,-14.924567,-106.18099,-87.25697,149.24854,38.68664,-111.34404,-57.251385,148.85155
2025-10-28 20:16:08.803329,Left,0.39204514,63.10163,35.579437,-73.25653,-5.29226,54.382214,13.775108,-67.203575
2025-10-28 20:16:08.803370,Left,2.9783869,-9.5658455,-15.303834,11.33808,4.447963,-14.840031,-10.093989,17.36623
2025-10-28 20:16:08.803383,Left,3.0000887,5.271974,-0.36634177,-0.5443583,4.0474334,1.1716486,-3.2145686,-0.67083186
2025-10-28 20:16:08.803392,Left,28.506994,54.163986,41.505054,-51.933647,-12.159614,42.483494,26.51168,-50.776817
2025-10-28 20:16:08.803401,Left,-11.808691,-22.815023,-26.556086,23.403149,9.183572,-24.693167,-23.482584,23.089575
2025-10-28 20:16:08.803410,Left,6.993836,13.675951,6.7042327,-8.354353,2.6267054,8.833909,0.673501,-10.532013
2025-10-28 20:16:08.803419,Left,17.726665,123.85439,76.91726,-137.8507,-18.28082,101.4096,31.738447,-132.76376
2025-10-28 20:16:08.803428,Left,-62.824467,68.8162,-9.192258,-125.04373,-5.942733,46.33554,-44.27547,-91.45441
2025-10-28 20:16:08.844722,Left,-21.229025,-64.46514,-77.772255,-93.31672,54.73781,18.922855,-77.63153,-72.71004
2025-10-28 20:16:08.844751,Left,-12.894379,12.666813,9.53488,16.636917,-9.536592,-7.379128,13.195606,18.247868
2025-10-28 20:16:08.844758,Left,-8.580905,-1.1114371,-3.1429946,-0.51259226,7.351863,1.7297913,-2.7484813,-1.4461347
2025-10-28 20:16:08.844763,Left,6.7425084,-50.553226,-43.32409,-64.67733,23.947973,12.266217,-49.711555,-60.88284
2025-10-28 20:16:08.844768,Left,-15.944386,28.328428,18.296135,32.54331,-3.0564206,-5.4829698,22.258986,31.829224
2025-10-28 20:16:08.844772,Left,-5.120236,-7.6889324,-10.484388,-12.436035,9.025233,2.3361208,-11.774836,-13.765779
2025-10-28 20:16:08.844777,Left,-30.957003,-130.76364,-141.23953,-170.36641,103.44788,45.957592,-134.46527,-138.50722
2025-10-28 20:16:08.844781,Left,-87.99449,-64.04478,-137.28983,-129.02426,137.04605,34.83727,-127.36921,-81.41663
2025-10-28 20:16:08.873632,Left,67.75897,10.547219,-21.204037,27.823315,71.60256,-17.944166,-25.87363,49.389317
2025-10-28 20:16:08.873675,Left,-0.3805935,-2.7758813,6.172348,3.750806,-6.981523,-2.2322779,5.183485,-2.2640636
2025-10-28 20:16:08.873688,Left,9.267687,0.92246115,-1.2009106,4.157571,4.961691,-4.4297976,0.10987983,7.672096
2025-10-28 20:16:08.873699,Left,33.473732,33.726776,2.3026628,10.939388,41.87619,13.931032,-7.7276406,19.858152
2025-10-28 20:16:08.873708,Left,2.957057,-10.495807,2.5100758,3.889206,-14.583953,-16.998823,0.48447284,-3.0495515
2025-10-28 20:16:08.873717,Left,17.58083,12.344297,4.222698,8.895794,13.148602,-0.95001566,-0.928499,8.513354
2025-10-28 20:16:08.873726,Left,118.32975,35.813637,-25.754454,53.500175,141.08264,-4.7545567,-37.18587,86.28313
2025-10-28 20:16:08.873735,Left,163.23944,-35.755928,-49.07928,96.26384,163.103,-73.01601,-57.752964,118.81328
2025-10-28 20:16:08.927594,Left,-88.161316,37.34053,26.844084,-63.833275,-87.70079,54.961346,-12.720782,38.199482
2025-10-28 20:16:08.927639,Left,16.071747,-0.46205613,-7.832027,6.871299,19.216267,-1.1653616,14.819603,6.819236
2025-10-28 20:16:08.927653,Left,-0.2250005,9.947191,5.454738,-1.4231507,-0.6844638,7.1087546,3.5391302,5.362302
2025-10-28 20:16:08.927663,Left,-56.07309,1.8406792,8.508903,-37.554783,-60.76514,18.54478,-23.383314,4.7208385
2025-10-28 20:16:08.927673,Left,23.62305,7.6019154,-2.865941,13.538283,30.771767,2.138579,20.70676,7.862655
2025-10-28 20:16:08.927689,Left,-16.88203,0.52547073,-0.6860215,-11.288466,-10.5806,11.6744585,2.0781102,7.5941663
2025-10-28 20:16:08.927700,Left,-163.87563,57.1308,40.15851,-122.98261,-173.82254,82.87406,-38.844566,54.68157
2025-10-28 20:16:08.927709,Left,-156.1587,118.27985,44.8267,-145.70374,-158.84167,117.694275,14.316253,117.82083
2025-10-28 20:16:08.975344,Left,2.9536712,57.158463,35.21042,-0.14752966,29.354921,74.42202,10.017322,-76.820335
2025-10-28 20:16:08.975394,Left,8.997537,-4.09498,-17.729319,-6.8322206,-1.9672348,-10.099947,-12.125893,5.795898
2025-10-28 20:16:08.975408,Left,1.6826836,3.118182,-6.169774,-7.704698,-2.7358224,-1.5161337,-11.144674,-12.31107
2025-10-28 20:16:08.975419,Left,-11.90198,17.084932,34.66832,-3.658099,-7.0203953,28.4487,23.897968,-41.38849
2025-10-28 20:16:08.975428,Left,14.474048,1.6455452,-23.420912,-5.92923,3.9556534,-11.99572,-25.237843,3.3542857
2025-10-28 20:16:08.975438,Left,2.010186,8.3335495,2.2676268,-6.7417154,-1.8635486,6.414864,-3.0997238,-16.436499
2025-10-28 20:16:08.975447,Left,-5.377582,91.83604,71.37982,-1.4842969,39.758457,127.08014,29.376225,-142.07321
2025-10-28 20:16:08.975457,Left,54.322872,143.99388,-0.31121978,-22.768585,97.693474,171.69095,-34.025375,-171.47452
2025-10-28 20:16:09.016762,Left,-0.11853347,-17.099194,53.07471,89.349495,-31.116064,-24.950792,63.026836,89.176544
2025-10-28 20:16:09.016809,Left,-7.8189516,1.5777766,-7.090928,-19.9208,-9.861607,-7.7076344,-15.305065,-20.168058
2025-10-28 20:16:09.016824,Left,-5.1329017,-0.55509686,6.1151853,8.150159,-0.68245155,-2.9530287,2.382977,0.85691047
2025-10-28 20:16:09.016834,Left,13.027951,-6.358848,21.991695,49.93867,-6.901931,-17.230415,29.46657,59.05624
2025-10-28 20:16:09.016844,Left,-18.726404,0.9029173,-3.1327615,-18.470171,-5.0986633,2.0175037,-11.135739,-26.890358
2025-10-28 20:16:09.016853,Left,-2.4391975,-0.17050682,10.720109,14.196232,-6.15023,-6.7989736,8.365269,13.885372
2025-10-28 20:16:09.016862,Left,-0.30729714,-32.854836,89.776276,160.61722,-49.683945,-44.386166,113.29462,170.10637
2025-10-28 20:16:09.016871,Left,-58.40377,-36.056606,132.37831,165.6454,-109.77913,-54.656357,133.14677,154.41449
2025-10-28 20:16:09.044316,Left,72.717,91.85947,-54.953655,-23.836702,74.65661,76.29639,-70.92137,-18.720299
2025-10-28 20:16:09.044369,Left,-2.1748488,-9.930916,13.655945,15.891069,-1.4679713,-9.653455,15.117915,9.868961
2025-10-28 20:16:09.044385,Left,10.890317,9.732507,1.7534422,6.3916373,11.4892645,9.191943,3.2225044,7.1111903
2025-10-28 20:16:09.044396,Left,46.98931,69.66838,-17.75795,-7.087615,53.888466,63.04483,-36.37332,-13.892568
2025-10-28 20:16:09.044411,Left,-7.7077913,-22.739637,10.968661,15.132014,-11.132619,-23.790745,16.971199,11.114672
2025-10-28 20:16:09.044422,Left,18.91279,21.07573,-1.0493363,4.114624,16.353775,12.65171,-11.215419,-3.7811081
2025-10-28 20:16:09.044431,Left,137.45413,179.59448,-87.262695,-38.568256,139.03789,143.37779,-133.4729,-40.808456
2025-10-28 20:16:09.044440,Left,144.41817,144.379,-121.243385,-30.180662,134.05698,94.289536,-151.71217,-31.882326
2025-10-28 20:16:09.084553,Left,-81.21725,-29.242235,52.370884,26.654879,-89.9253,-23.857515,46.714256,15.46754
2025-10-28 20:16:09.084597,Left,9.963098,-2.1907048,-22.18178,-21.409332,8.73117,-0.34755653,-19.130964,-16.501822
2025-10-28 20:16:09.084611,Left,-3.9299219,-4.612773,-4.2318363,-7.213311,-8.159437,-4.8512955,-5.214459,-9.061161
2025-10-28 20:16:09.084622,Left,-44.546215,-21.575346,39.389503,32.27545,-61.52056,-21.714449,37.612373,25.3423
2025-10-28 20:16:09.084632,Left,17.40614,4.4174213,-29.047434,-31.804914,17.514872,2.730739,-29.956614,-29.264313
2025-10-28 20:16:09.084641,Left,-12.576758,-7.2873597,2.3809087,-2.6528862,-19.073326,-10.221878,-0.93688536,-6.053355
2025-10-28 20:16:09.084650,Left,-140.01701,-46.98806,109.08683,68.02093,-159.34187,-44.623722,92.055725,36.77785
2025-10-28 20:16:09.084659,Left,-144.22388,-32.240837,70.22687,-7.7471824,-148.28603,-34.616337,37.458546,-41.410458
2025-10-28 20:16:09.127176,Left,-90.57568,41.3701,22.581234,-75.89115,-101.89719,39.72021,-17.024647,43.48452
2025-10-28 20:16:09.127204,Left,9.754095,-7.243048,-9.2496605,5.0924983,13.487718,-9.782696,6.664734,0.4526893
2025-10-28 20:16:09.127210,Left,-9.957654,-0.3732833,-5.3933835,-11.859681,-11.3575535,-3.6965725,-1.6170361,4.0903697
2025-10-28 20:16:09.127214,Left,-63.51192,5.4250145,9.835506,-42.48573,-67.06455,16.550055,-23.322187,10.835355
2025-10-28 20:16:09.127218,Left,19.395443,-1.0873607,-10.211399,8.962797,24.96017,-6.843608,16.754074,6.0348616
2025-10-28 20:16:09.127222,Left,-20.142706,0.34216997,-3.1769822,-16.419476,-17.88428,4.253672,0.31081852,10.516153
2025-10-28 20:16:09.127226,Left,-171.56544,63.078117,37.700867,-135.84555,-183.31616,77.44882,-34.23621,68.84022
2025-10-28 20:16:09.127230,Left,-151.59898,122.301346,50.129745,-140.94139,-148.2378,117.979515,21.727839,123.01354
2025-10-28 20:16:09.153662,Left,20.000607,66.659546,24.019863,73.81746,64.24525,-65.81845,-8.642826,69.53073
2025-10-28 20:16:09.153711,Left,11.850361,1.569317,-6.368928,-9.869818,-11.860449,20.175837,9.665837,-10.766249
2025-10-28 20:16:09.153725,Left,10.358653,12.876076,3.8912413,7.3269615,3.045166,0.1739223,5.453027,6.725709
2025-10-28 20:16:09.153736,Left,-1.4344243,30.640392,38.518623,55.278282,58.409992,-39.2263,-11.106789,51.125534
2025-10-28 20:16:09.153746,Left,18.270874,4.3509264,-15.536617,-19.566912,-28.638632,20.077518,10.372985,-22.528933
2025-10-28 20:16:09.153755,Left,14.011328,20.053543,11.680502,15.836455,12.72501,-5.0398116,2.0156438,12.939789
2025-10-28 20:16:09.153764,Left,22.605574,110.510155,52.701366,131.96742,118.08838,-131.84677,-23.93269,131.82039
2025-10-28 20:16:09.153773,Left,77.89774,156.89516,-19.1462,97.58581,42.949604,-136.63988,-5.42229,97.56293
2025-10-28 20:16:09.207665,Left,-51.027306,-88.556335,31.635754,30.490934,-53.0986,-74.57648,67.489746,-9.810776
2025-10-28 20:16:09.207718,Left,16.177664,28.746237,17.73502,17.538202,30.181486,41.408936,21.81453,23.780727
2025-10-28 20:16:09.207733,Left,3.8236759,5.0723696,16.675362,18.294857,14.214045,17.058996,26.92264,15.472906
2025-10-28 20:16:09.207744,Left,-14.17983,-43.478176,11.689753,30.416172,-11.84114,-37.20688,35.704304,-19.907875
2025-10-28 20:16:09.207753,Left,11.297479,31.74823,22.674679,14.609601,28.032248,44.24163,19.337784,29.744387
2025-10-28 20:16:09.207763,Left,1.9977183,0.42519638,21.145836,23.28771,10.39352,7.9772205,28.434904,7.048706
2025-10-28 20:16:09.207772,Left,-83.51279,-157.69836,49.04225,55.130882,-96.2704,-149.35785,98.09655,-38.333286
2025-10-28 20:16:09.207781,Left,-121.756966,-168.28067,100.148735,47.575897,-135.08223,-145.43936,139.71666,14.210318
2025-10-28 20:16:09.249157,Left,-11.091196,-20.765244,29.103243,18.676777,-32.12305,-8.659449,45.293903,0.7140363
2025-10-28 20:16:09.249196,Left,-17.247612,-16.844736,-35.681023,-54.317814,-37.06062,-27.89643,-37.00427,-41.243637
2025-10-28 20:16:09.249207,Left,-12.624571,-15.956258,-19.147741,-29.675913,-28.191196,-21.02183,-19.012754,-27.873602
2025-10-28 20:16:09.249217,Left,-6.5979867,-39.002743,-15.148646,9.273414,-26.978819,-34.25287,-1.3087517,1.4420623
2025-10-28 20:16:09.249226,Left,-19.34984,-4.8912034,-22.729465,-53.958885,-30.476334,-13.533947,-28.387617,-45.00515
2025-10-28 20:16:09.249235,Left,-16.552145,-23.793264,-22.169415,-28.004745,-32.78336,-26.23774,-18.85319,-26.836727
2025-10-28 20:16:09.249244,Left,-1.4652358,-28.853338,62.384834,64.3222,-32.34443,-9.040561,85.00539,17.936802
2025-10-28 20:16:09.249253,Left,-34.779903,29.402367,129.38388,12.042596,-40.24842,65.3767,148.79283,-33.423473
2025-10-28 20:16:09.276731,Left,78.046936,-3.2382398,-17.54519,50.509117,90.51828,-20.086388,-15.192277,68.39303
2025-10-28 20:16:09.276769,Left,-21.158228,-13.269931,-1.1298617,-1.194047,-6.236234,7.964313,15.384974,6.58281
2025-10-28 20:16:09.276781,Left,-7.283237,-14.301073,-8.073959,2.300323,6.0416994,-1.6298409,2.4052231,9.167183
2025-10-28 20:16:09.276790,Left,27.706295,9.034719,-13.439877,16.410345,53.495552,10.612581,1.7663765,42.458454
2025-10-28 20:16:09.276799,Left,-20.763653,-22.124088,1.2571614,3.6484292,-8.933845,2.3291943,13.540797,1.9001468
2025-10-28 20:16:09.276817,Left,-1.2280303,-12.247291,-8.821067,7.6654453,19.355843,5.831991,6.563019,19.28394
2025-10-28 20:16:09.276827,Left,129.05728,-1.6465305,-36.68,78.087204,156.26076,-34.166786,-34.187138,116.91776
2025-10-28 20:16:09.276836,Left,174.70158,-56.80951,-40.913074,127.081825,172.92337,-91.60429,-39.960407,151.54305
2025-10-28 20:16:09.330823,Left,-90.51143,45.413223,-21.801514,28.192738,52.538525,2.9183807,5.511971,60.71106
2025-10-28 20:16:09.330868,Left,33.923294,15.772909,23.342451,9.566686,-15.3833,1.408859,12.251712,2.4328456
2025-10-28 20:16:09.330882,Left,1.1716467,10.350257,7.91799,10.145321,3.5399907,6.1026354,10.854056,12.713472
2025-10-28 20:16:09.330892,Left,-48.130356,27.809319,-18.422838,4.999878,49.142094,10.562077,-10.721953,21.19522
2025-10-28 20:16:09.330901,Left,36.341576,10.550904,26.85343,13.472608,-26.476974,-2.0677016,19.338099,6.1912575
2025-10-28 20:16:09.330910,Left,-2.0944152,20.245378,8.374437,12.5034485,10.48994,4.9945035,7.441732,14.449434
2025-10-28 20:16:09.330919,Left,-164.7283,80.378,-48.87518,40.492702,104.402534,5.6334553,-6.6292834,86.38243
2025-10-28 20:16:09.330928,Left,-132.96953,140.72075,20.123045,114.769745,50.50767,-10.822257,63.482605,158.49646
2025-10-28 20:16:09.374809,Left,16.269968,60.25768,2.5289574,66.64906,32.80886,83.95555,-0.09278279,-4.46484
2025-10-28 20:16:09.374857,Left,4.7670574,-4.435545,-7.949626,-13.100435,2.717487,-6.274142,-0.86712897,14.761346
2025-10-28 20:16:09.374872,Left,5.877699,6.9303927,-1.9568654,7.003195,13.901963,17.982319,10.559282,19.168451
2025-10-28 20:16:09.374883,Left,-3.98656,27.960634,24.523932,42.89795,10.420697,47.62493,22.330221,7.85163
2025-10-28 20:16:09.374892,Left,9.890961,-6.104601,-21.012602,-19.932066,7.3757033,-7.180222,-6.742442,18.558994
2025-10-28 20:16:09.374902,Left,6.7569385,11.1761055,-0.17335801,9.903066,11.015024,20.464247,8.820619,13.839804
2025-10-28 20:16:09.374911,Left,19.2899,109.06438,25.990618,133.98692,62.751114,159.58214,19.739508,-6.375317
2025-10-28 20:16:09.374920,Left,73.270004,137.86723,-64.59454,103.393074,77.33656,148.3158,-83.7671,-52.030857
2025-10-28 20:16:09.414956,Left,0.57964295,1.6135743,83.34319,107.04794,-34.076313,-19.225212,72.27356,85.50028
2025-10-28 20:16:09.414997,Left,15.104062,26.65348,10.689757,-3.1624362,12.203796,-1.1463999,-26.351807,-38.57115
2025-10-28 20:16:09.415009,Left,17.714037,18.433712,18.78613,14.466067,2.7262602,-4.6489334,-7.523039,-14.969282
2025-10-28 20:16:09.415019,Left,21.450186,11.632998,49.364346,74.19379,0.38814706,-14.856754,29.617352,46.64681
2025-10-28 20:16:09.415028,Left,12.027168,22.311867,3.6291509,-17.164165,3.7432473,0.7652143,-27.673565,-47.358776
2025-10-28 20:16:09.415037,Left,19.365345,19.559994,25.77193,24.149214,1.0451535,-4.646337,-0.06812022,-2.8139317
2025-10-28 20:16:09.415046,Left,-8.950376,-15.752982,131.25438,187.96779,-57.769028,-38.950348,128.77335,162.49113
2025-10-28 20:16:09.415055,Left,-87.276245,-33.534916,152.17664,171.92809,-110.170334,-37.22321,143.89986,134.12009
2025-10-28 20:16:09.443893,Left,58.044163,57.56858,-92.631256,-31.170097,-78.38379,-29.260187,7.634052,-33.551514
2025-10-28 20:16:09.443928,Left,-36.34151,-40.012096,-8.828273,-16.857101,-5.111171,2.9059002,-4.874857,-3.6576924
2025-10-28 20:16:09.443939,Left,-18.716063,-21.509268,-26.166622,-19.396454,-17.395714,-4.59094,1.0808549,-1.2720174
2025-10-28 20:16:09.443948,Left,23.446161,36.4424,-58.588436,-7.374073,-36.352463,-37.681095,-2.421149,-8.148021
2025-10-28 20:16:09.443957,Left,-43.39084,-55.60873,-11.208301,-25.891323,-5.7711544,16.945538,2.7935987,-1.5825894
2025-10-28 20:16:09.443966,Left,-14.434145,-12.979773,-30.654596,-15.502856,-19.868856,-10.315983,-2.552965,-8.205981
2025-10-28 20:16:09.443975,Left,123.26842,130.69748,-148.55183,-35.97501,-127.024124,-61.215813,10.82925,-53.37954
2025-10-28 20:16:09.443983,Left,124.038994,90.75618,-157.85193,-85.42002,-168.63962,11.630252,34.70453,-100.40358
2025-10-28 20:16:09.484084,Left,20.316572,-46.083015,-90.1197,17.80947,22.83626,-60.599075,-93.39666,36.3118
2025-10-28 20:16:09.484130,Left,0.009930188,4.0373178,16.278059,8.426654,1.0732142,8.128019,14.4019575,-4.483992
2025-10-28 20:16:09.484144,Left,10.120594,0.7959517,-1.6866748,7.0765357,-0.7708265,-9.690067,-9.5613985,0.8576029
2025-10-28 20:16:09.484155,Left,4.975383,-18.67005,-51.080105,-5.702183,11.506124,-27.092138,-57.53414,7.026416
2025-10-28 20:16:09.484164,Left,6.5459394,5.6197186,21.580677,13.7394905,-4.215258,3.4138544,19.76788,0.96634483
2025-10-28 20:16:09.484173,Left,1.1367297,-8.826206,-12.612641,5.7833076,3.354512,-10.806035,-16.671844,2.6064968
2025-10-28 20:16:09.484182,Left,31.273575,-77.87156,-160.92062,23.408903,37.6198,-105.769485,-169.70181,61.19657
2025-10-28 20:16:09.484191,Left,49.42194,-115.66837,-169.74617,89.41232,55.807644,-122.98915,-147.01082,130.57492
2025-10-28 20:16:09.511614,Left,-97.55426,49.122597,23.732115,-71.85692,-76.1322,72.44527,25.212576,-72.90187
2025-10-28 20:16:09.511646,Left,17.91049,-3.909087,-4.6245356,10.366411,16.24056,-11.396621,-11.890785,7.3407445
2025-10-28 20:16:09.511655,Left,-5.4132514,4.110362,-2.515887,-9.709433,-10.382118,-5.3247,-6.767412,-8.064677
2025-10-28 20:16:09.511661,Left,-62.95721,19.494625,13.1691265,-46.50573,-61.347847,32.855354,13.36767,-51.36837
2025-10-28 20:16:09.511666,Left,29.549458,0.27770558,-7.8105006,13.614522,22.660276,-19.289085,-13.222112,18.596657
2025-10-28 20:16:09.511671,Left,-14.112951,7.632509,1.0908381,-14.350157,-15.467354,5.765637,-0.3680683,-13.36326
2025-10-28 20:16:09.511677,Left,-176.12173,85.89376,44.766224,-133.97664,-154.16841,118.08654,39.728733,-141.72504
2025-10-28 20:16:09.511682,Left,-148.99066,123.33094,32.211426,-139.73558,-109.373535,147.72276,37.68508,-115.34115
2025-10-28 20:16:09.558088,Left,17.591156,-73.01635,-60.213882,63.584705,38.609673,92.029854,-3.480663,-16.282497
2025-10-28 20:16:09.558125,Left,-8.123824,14.869619,16.049986,-15.934115,0.003913893,-7.191438,4.228202,14.963214
2025-10-28 20:16:09.558141,Left,-1.0739475,-1.6186262,2.4600499,4.418245,6.9538574,8.702928,0.16152672,6.2375937
2025-10-28 20:16:09.558152,Left,16.598064,-47.14635,-47.329376,48.287907,16.067295,53.319336,18.93184,2.4419858
2025-10-28 20:16:09.558161,Left,-8.603091,25.056458,31.432585,-18.566597,3.2031963,-13.2428875,-7.7799916,13.446391
2025-10-28 20:16:09.558170,Left,3.365082,-6.3907547,-1.1149477,16.515966,12.463457,18.811426,4.6865754,8.7755785
2025-10-28 20:16:09.558179,Left,35.60122,-134.76225,-112.38987,130.38281,73.02589,170.04114,7.2331085,-21.109903
2025-10-28 20:16:09.558188,Left,33.158436,-97.72606,-46.81554,109.92399,107.64934,183.74393,-56.75428,-32.381004
2025-10-28 20:16:09.598279,Left,-33.276924,35.613663,-10.312352,-64.33137,-68.34941,-82.016495,68.01973,37.38805
2025-10-28 20:16:09.598324,Left,9.434935,-7.2295084,-6.1069765,15.792782,13.15152,26.680193,5.1248326,5.873051
2025-10-28 20:16:09.598339,Left,2.7932687,5.3934445,1.75625,6.2641125,3.89597,6.570087,14.919034,12.584335
2025-10-28 20:16:09.598349,Left,1.9761369,40.24262,17.45953,-48.438972,-37.12942,-58.397903,27.470472,20.25716
2025-10-28 20:16:09.598358,Left,-1.0366178,-19.113903,-12.238431,32.257904,20.698154,35.513924,1.499639,1.0567812
2025-10-28 20:16:09.598367,Left,1.6006138,8.482155,1.0018879,-4.9434876,-6.815711,-8.298482,12.702669,8.877864
2025-10-28 20:16:09.598376,Left,-46.108337,75.46845,-4.6340456,-124.32186,-129.4481,-168.65979,98.198616,49.527943
2025-10-28 20:16:09.598385,Left,-112.54889,9.533672,-88.614006,-83.68507,-143.35144,-136.82858,138.68161,40.981228
2025-10-28 20:16:09.639674,Left,78.02524,22.272366,77.439545,38.785023,-1.9131627,35.497734,77.82183,-1.4853407
2025-10-28 20:16:09.639714,Left,-7.1632004,11.838336,6.847895,2.1224484,6.2777524,0.9745174,-13.8448925,-15.661519
2025-10-28 20:16:09.639726,Left,12.892602,10.802377,13.482711,4.7358413,1.4549427,4.5105643,3.425587,-8.202829
2025-10-28 20:16:09.639743,Left,39.21514,-1.6176842,35.1365,44.18769,6.4304533,6.740936,36.620697,15.250596
2025-10-28 20:16:09.639754,Left,-5.6070147,16.496973,2.408536,-16.50949,1.5019132,7.5949683,-9.819436,-17.695717
2025-10-28 20:16:09.639763,Left,13.767158,8.040809,17.834208,11.117081,3.7332964,7.390552,11.330273,-3.8136692
2025-10-28 20:16:09.639772,Left,134.45726,25.822832,123.379616,68.62274,-5.870522,52.40856,135.88914,7.994996
2025-10-28 20:16:09.639789,Left,146.21918,79.47721,171.3364,2.9517806,-20.662115,111.35548,175.08945,-52.18029
2025-10-28 20:16:09.681128,Left,-75.00819,-56.277664,-98.175,19.336525,21.324137,-64.451744,-91.46309,45.45374
2025-10-28 20:16:09.681168,Left,1.8655835,-6.6552887,5.8708014,-5.637752,-13.850114,-0.7768982,13.212186,-3.2277277
2025-10-28 20:16:09.681180,Left,-10.238689,-13.055377,-13.523501,-3.7660155,-7.945163,-14.073131,-11.834212,-1.6759495
2025-10-28 20:16:09.681189,Left,-61.904285,-32.680164,-64.24577,-9.811069,2.2500765,-40.564247,-65.54346,9.635794
2025-10-28 20:16:09.681198,Left,17.27459,-4.652079,11.048844,-2.6402304,-15.532391,-0.8510982,18.533142,-4.130253
2025-10-28 20:16:09.681208,Left,-20.574072,-18.933924,-24.543144,-6.2551165,-7.31941,-18.79275,-19.549128,3.2146633
2025-10-28 20:16:09.681217,Left,-150.71956,-99.40126,-174.95508,31.758272,35.983395,-117.36048,-174.87166,69.72219
2025-10-28 20:16:09.681226,Left,-120.843,-129.19333,-174.8028,93.24447,49.221622,-135.14226,-153.71396,121.78823
2025-10-28 20:16:09.723810,Left,-93.86856,54.272236,-9.716951,40.393246,28.433285,-11.97339,13.625765,65.415375
2025-10-28 20:16:09.723852,Left,15.597983,-10.770194,4.1558657,-3.1282427,-16.45998,-6.047715,2.7365048,-3.5987163
2025-10-28 20:16:09.723864,Left,-10.882141,-3.0776832,-3.0688732,0.8308581,-6.4721656,-2.3639677,6.96689,10.867831
2025-10-28 20:16:09.723874,Left,-62.319595,27.151863,-18.98396,10.398136,34.716705,-2.4360325,-7.772542,26.717335
2025-10-28 20:16:09.723883,Left,22.173037,-13.228772,10.571514,0.077149436,-27.433117,-2.270932,15.455304,1.8644538
2025-10-28 20:16:09.723893,Left,-13.561034,8.77224,-1.4745808,4.8368807,-0.38831863,-3.8258286,4.183428,13.978633
2025-10-28 20:16:09.723903,Left,-161.84593,109.38298,-10.658127,80.63444,79.53367,-6.4661064,19.281103,110.83292
2025-10-28 20:16:09.723911,Left,-137.70706,134.41975,44.554775,138.65123,16.205753,-25.337278,81.39308,163.67043
2025-10-28 20:16:09.763950,Left,56.685772,-69.565544,-16.10257,55.319847,19.881653,-86.74356,-59.91954,-88.418724
2025-10-28 20:16:09.763993,Left,-14.58972,15.061719,9.851028,-9.808267,-6.8869605,24.228838,10.168007,17.492752
2025-10-28 20:16:09.764007,Left,3.5515456,1.5128992,4.8801007,3.391443,-1.3241056,-1.1758957,-4.8752394,-5.318985
2025-10-28 20:16:09.764017,Left,51.26877,-44.21991,-9.696284,50.36803,39.680634,-49.34273,-22.385674,-51.49167
2025-10-28 20:16:09.764026,Left,-23.862228,25.765995,14.062478,-21.204092,-23.596138,25.593603,3.8724744,19.452908
2025-10-28 20:16:09.764035,Left,7.2943616,-11.024934,-1.2607528,8.691682,4.5679,-8.013026,-6.863334,-11.796255
2025-10-28 20:16:09.764052,Left,101.19503,-141.78139,-34.29659,113.00491,61.782574,-145.76562,-95.95562,-161.80994
2025-10-28 20:16:09.764062,Left,41.55656,-127.692764,-11.200855,71.020386,-18.657173,-132.35806,-137.65633,-165.56123
2025-10-28 20:16:09.810412,Left,-66.79111,-95.892525,40.842926,-21.022715,32.203194,53.526344,77.19736,81.62297
2025-10-28 20:16:09.810456,Left,13.927949,21.80933,1.0671866,12.928492,6.7366333,-10.62785,-8.035158,-16.118057
2025-10-28 20:16:09.810469,Left,-1.1067625,1.5416628,11.49093,10.679984,14.604042,8.686925,12.903606,10.72953
2025-10-28 20:16:09.810479,Left,-29.684595,-56.542324,19.330112,-22.770348,6.264377,51.501205,51.201794,64.582855
2025-10-28 20:16:09.810488,Left,12.321295,30.809696,5.5023956,25.192675,14.34189,-22.28045,-12.275877,-22.012758
2025-10-28 20:16:09.810497,Left,-5.133236,-7.378787,13.5769615,4.432014,11.656005,12.136992,16.938051,17.145884
2025-10-28 20:16:09.810506,Left,-116.5272,-170.39287,77.730156,-39.82352,53.22662,110.90951,139.00522,150.85442
2025-10-28 20:16:09.810515,Left,-133.1011,-151.68918,118.276306,16.572641,121.40317,57.293358,138.24524,104.49924
2025-10-28 20:16:09.837990,Left,-0.14066143,24.822096,71.76225,11.420344,59.96098,37.9929,-84.35143,-15.510506
2025-10-28 20:16:09.838017,Left,0.12744533,5.31201,-3.9858036,-7.4795876,-17.92605,-22.549263,6.794598,-3.5925717
2025-10-28 20:16:09.838022,Left,4.1245003,6.3719697,4.932004,-6.470939,-6.2000303,-11.532968,-13.8975935,-12.040385
2025-10-28 20:16:09.838026,Left,4.7249646,-0.75253916,30.399595,23.1533,41.97824,38.231895,-56.58754,-22.340845
2025-10-28 20:16:09.838029,Left,2.0940788,12.931264,-3.0292008,-16.95396,-26.710722,-35.335976,12.249591,-4.356384
2025-10-28 20:16:09.838033,Left,5.848614,8.494956,12.969899,1.0580585,3.3327668,-2.9834156,-20.09005,-12.981965
2025-10-28 20:16:09.838036,Left,-6.8630347,27.326685,114.13964,23.361904,111.213486,82.688225,-150.98727,-38.084007
2025-10-28 20:16:09.838040,Left,-22.179123,88.1364,162.42844,-39.289803,71.59531,-3.2872043,-158.45627,-24.195768
2025-10-28 20:16:09.879534,Left,-76.95638,-10.910857,42.47473,5.3037915,-57.517147,-64.66203,-92.163445,47.944504
2025-10-28 20:16:09.879580,Left,8.813202,-4.337014,-20.961554,-14.998755,13.273897,9.201321,19.344353,-3.3294616
2025-10-28 20:16:09.879594,Left,-8.62093,-4.553094,-5.73002,-9.554705,-5.854742,-7.592197,-4.848115,4.0311937
2025-10-28 20:16:09.879604,Left,-58.94212,-21.090889,31.1569,14.152759,-54.25242,-36.849922,-60.042732,19.73524
2025-10-28 20:16:09.879613,Left,23.2038,5.04572,-26.067144,-22.876377,22.502867,11.321633,28.933735,-0.697741
2025-10-28 20:16:09.879622,Left,-15.130426,-5.725126,2.3448188,-3.2247632,-9.927645,-9.77885,-11.928401,8.066003
2025-10-28 20:16:09.879631,Left,-152.70158,-30.383976,79.02026,10.725964,-127.121376,-122.006935,-171.57863,84.78299
2025-10-28 20:16:09.879640,Left,-126.29067,-16.200779,19.496937,-61.989525,-74.078026,-132.19785,-149.70348,119.25536
2025-10-28 20:16:09.920734,Left,49.76886,-3.5575898,3.2250078,55.337303,27.08609,67.4525,53.14025,-86.519745
2025-10-28 20:16:09.920775,Left,-17.594713,-0.22674522,9.660769,-0.104700476,-10.845928,-15.294048,-18.27796,12.978755
2025-10-28 20:16:09.920787,Left,-2.064403,-0.54398954,4.654886,6.2358484,-3.131089,0.6270277,-1.899829,-4.4500785
2025-10-28 20:16:09.920796,Left,42.569313,3.7279017,-12.695538,20.91254,37.650494,49.6494,53.345123,-45.076256
2025-10-28 20:16:09.920805,Left,-31.028154,-5.780967,12.651361,-3.619131,-28.830729,-28.638445,-33.68924,16.87342
2025-10-28 20:16:09.920814,Left,-0.81658006,-4.583311,-1.5108833,4.9371305,-1.2039857,6.2071867,6.5251646,-10.401544
2025-10-28 20:16:09.920823,Left,104.511604,1.9652512,2.4836285,100.90484,73.79409,142.22891,126.212166,-137.26448
2025-10-28 20:16:09.920831,Left,48.782818,-20.074118,62.13081,153.16913,2.9709427,111.968475,50.347214,-154.0823
2025-10-28 20:16:09.977342,Left,36.355694,-83.89885,-59.41149,-101.113335,9.123126,18.814655,-56.68145,-86.061104
2025-10-28 20:16:09.977380,Left,-19.14113,12.059915,1.8764744,12.047003,0.6078887,-5.2932806,9.094067,21.872437
2025-10-28 20:16:09.977391,Left,-1.1226392,-2.2833698,-6.652057,-9.851676,-2.020648,-4.2013087,-4.621654,0.8757269
2025-10-28 20:16:09.977401,Left,40.57685,-54.4677,-22.86,-55.775215,-10.326845,7.3887677,-27.570215,-54.344585
2025-10-28 20:16:09.977410,Left,-28.47431,22.188816,1.1033214,16.051386,5.2358046,-9.766304,6.434429,29.489035
2025-10-28 20:16:09.977418,Left,1.984903,-14.418817,-10.2774935,-16.599415,-0.4672277,-0.18159345,-8.404391,-8.60401
2025-10-28 20:16:09.977427,Left,88.061165,-146.58948,-89.97514,-170.15189,17.899847,32.013977,-107.05707,-168.75641
2025-10-28 20:16:09.977436,Left,20.648611,-119.020065,-121.56025,-177.68622,78.33765,49.912148,-122.29461,-143.54175
2025-10-28 20:16:10.003701,Left,-53.964314,-71.802315,72.01483,37.234997,-60.897537,-63.55243,85.031166,30.367193
2025-10-28 20:16:10.003739,Left,26.53967,35.62727,10.657376,4.4852476,19.651302,26.221376,-1.9502438,-0.5668811
2025-10-28 20:16:10.003749,Left,14.291535,16.268517,23.060734,11.602156,2.5449774,2.4083304,7.1594253,1.0210665
2025-10-28 20:16:10.003759,Left,-25.425646,-46.651104,36.800358,25.792269,-35.755447,-50.807545,43.71932,24.589157
2025-10-28 20:16:10.003768,Left,32.315174,47.850193,14.385929,5.6379747,26.02414,34.92614,-8.876584,-8.918636
2025-10-28 20:16:10.003777,Left,4.6215363,3.2608593,24.28093,16.460861,-0.07623405,-1.5862911,18.721035,9.496044
2025-10-28 20:16:10.003786,Left,-114.1933,-155.7694,104.50094,48.46144,-131.68565,-148.46786,126.113365,49.944153
2025-10-28 20:16:10.003794,Left,-123.21879,-123.19128,147.9799,45.284676,-128.0583,-100.1196,153.1211,45.120937
2025-10-28 20:16:10.060171,Left,50.853546,8.971442,66.26113,0.34187832,73.73283,7.670082,-65.25074,-30.387388
2025-10-28 20:16:10.060215,Left,-14.739264,-6.6531744,-21.532776,-23.73238,-30.27184,-15.555963,6.012177,6.215815
2025-10-28 20:16:10.060229,Left,-2.2992244,-4.3971405,-4.1986,-13.636212,-7.236802,-9.598269,-8.851989,-4.7851562
2025-10-28 20:16:10.060239,Left,38.81006,-5.2688546,28.668467,13.596818,40.568172,7.5243897,-53.681038,-41.277767
2025-10-28 20:16:10.060248,Left,-19.782845,0.80774695,-18.218853,-27.02979,-29.129541,-13.001518,20.726316,20.026585
2025-10-28 20:16:10.060257,Left,9.326687,-1.3256426,2.824065,-9.838237,3.2424319,-2.0696416,-11.550475,-6.205474
2025-10-28 20:16:10.060266,Left,122.962845,31.13028,130.08223,20.884396,139.75111,21.418365,-122.27698,-64.76176
2025-10-28 20:16:10.060275,Left,123.98397,79.62479,163.33377,-45.944164,141.97874,11.510923,-73.36481,8.923003
2025-10-28 20:16:10.086540,Left,-41.48316,-1.7858622,65.864624,9.962288,-19.358974,29.371508,61.038094,3.5620174
2025-10-28 20:16:10.086583,Left,7.181074,8.590443,-13.020478,2.7193942,18.49737,8.811426,-14.176931,2.6159236
2025-10-28 20:16:10.086597,Left,-1.7974193,5.1040273,4.3302655,5.2964272,9.143453,11.481482,5.2439585,3.9809856
2025-10-28 20:16:10.086607,Left,-44.88739,-21.725618,54.90902,15.243502,-26.85823,-5.542917,44.764507,5.3425555
2025-10-28 20:16:10.086617,Left,20.50746,20.876534,-21.990519,0.12778541,28.609879,18.553213,-21.888205,-1.0397166
2025-10-28 20:16:10.086625,Left,-10.14526,-1.1782036,9.287918,2.3394272,-0.66213286,4.524458,6.0895157,0.37574986
2025-10-28 20:16:10.086634,Left,-85.21863,-17.319845,126.09332,19.4541,-50.305252,34.045006,113.062965,3.7849777
2025-10-28 20:16:10.086643,Left,-28.943024,63.057617,87.20342,-5.75286,3.2143676,98.268166,48.509502,-35.137108
2025-10-28 20:16:10.129271,Left,45.920578,0.27249512,19.751354,69.0556,21.850815,-10.37855,34.192894,80.40145
2025-10-28 20:16:10.129309,Left,-14.420732,-9.498519,-5.3864965,-15.584666,-20.706135,-5.774321,1.3475094,-6.2899055
2025-10-28 20:16:10.129320,Left,-1.2017986,-5.2265472,-1.6093322,-1.1750481,-10.413125,-6.5317397,4.8886647,9.12432
2025-10-28 20:16:10.129329,Left,35.841858,-8.253232,-17.89899,16.830309,23.066118,-5.4873967,7.1637053,42.739758
2025-10-28 20:16:10.129338,Left,-30.105423,-13.670659,0.12290238,-15.001221,-32.38606,-9.687652,2.9981263,-10.452561
2025-10-28 20:16:10.129347,Left,-1.1153283,-11.972491,-8.8965225,-1.3015335,-8.368745,-9.333854,4.810824,15.636202
2025-10-28 20:16:10.129356,Left,89.83556,-0.79818976,19.723944,111.56918,47.789055,-18.71533,51.955936,142.72067
2025-10-28 20:16:10.129364,Left,9.595874,-33.130753,77.06022,164.24353,-14.349631,-24.113544,119.79839,189.05934
2025-10-28 20:16:10.156865,Left,57.36691,104.05416,-1.5180527,-5.1470685,70.93355,97.49563,-37.059025,-29.058668
2025-10-28 20:16:10.156906,Left,18.67844,11.029158,21.512354,24.776009,8.121345,-6.095353,7.569509,-1.1181821
2025-10-28 20:16:10.156917,Left,24.426413,29.07895,20.8092,17.996387,16.609188,10.651432,-2.6434312,-7.9029503
2025-10-28 20:16:10.156927,Left,38.44248,74.77257,31.24051,14.011739,45.9398,70.36708,1.5785395,-13.778802
2025-10-28 20:16:10.156936,Left,18.558352,5.4220786,14.5177965,22.46504,4.389943,-17.77398,-1.4124393,-2.3610153
2025-10-28 20:16:10.156944,Left,31.401033,40.432606,24.66708,21.694275,27.14397,27.026966,4.20611,-4.3903546
2025-10-28 20:16:10.156953,Left,93.48228,173.98099,-10.174227,-20.976692,117.19227,179.48428,-51.575443,-43.930332
2025-10-28 20:16:10.156962,Left,136.21977,181.08015,-82.58732,-43.13511,139.88847,171.65924,-101.242645,-35.895775
2025-10-28 20:16:10.197085,Left,-75.423164,-12.700652,-64.17781,-68.47161,-13.86724,-20.645182,-67.69219,-31.698637
2025-10-28 20:16:10.197129,Left,-15.020066,-35.173103,-32.725086,-19.607738,-29.98676,-28.765245,-8.191983,7.9778485
2025-10-28 20:16:10.197142,Left,-23.503088,-22.833317,-26.25523,-19.604477,-19.42586,-20.223694,-17.71308,-6.1374598
2025-10-28 20:16:10.197152,Left,-37.483006,1.2524655,-31.99252,-70.06299,-27.036125,-7.8394794,-36.125015,-44.410763
2025-10-28 20:16:10.197161,Left,-17.187466,-39.143013,-28.618801,3.460103,-15.514275,-26.34409,-5.7225256,19.359089
2025-10-28 20:16:10.197170,Left,-27.230925,-22.515287,-32.70503,-32.969727,-24.792599,-21.10951,-21.658075,-10.538195
2025-10-28 20:16:10.197179,Left,-105.68736,12.506381,-82.21128,-113.80838,-15.684383,-22.469843,-116.180954,-73.626854
2025-10-28 20:16:10.197187,Left,-134.50362,-29.35889,-121.97174,-23.055971,34.354797,-62.188007,-154.43349,1.5988593
2025-10-28 20:16:10.237245,Left,71.89521,32.789497,82.04269,-1.467681,-10.689449,62.320087,106.204124,-6.52527
2025-10-28 20:16:10.237288,Left,-15.375806,4.9956236,1.7788678,10.142043,17.391035,10.580016,-3.1414902,6.08928
2025-10-28 20:16:10.237299,Left,-1.7427666,-0.095628574,3.1075113,-4.737466,-0.16627817,9.147338,9.7204485,-0.12443728
2025-10-28 20:16:10.237309,Left,41.72479,10.3195305,49.487293,25.968712,3.673578,29.52538,59.492466,7.7037916
2025-10-28 20:16:10.237317,Left,-19.951384,3.8593183,-10.709757,-10.676283,8.755211,7.399606,-10.311747,0.053806733
2025-10-28 20:16:10.237327,Left,7.153094,5.2178574,16.063463,5.4888606,5.827237,16.719055,19.85081,0.42648736
2025-10-28 20:16:10.237335,Left,143.96225,66.16815,157.74094,17.646385,-22.695133,91.83577,171.96266,-23.25577
2025-10-28 20:16:10.237344,Left,117.92671,90.57141,164.25647,-64.99645,-48.50913,121.12359,168.89774,-96.54485
2025-10-28 20:16:10.293669,Left,-63.419933,-59.129154,-77.21638,69.106224,-41.66972,-67.93806,-87.69303,56.255394
2025-10-28 20:16:10.293699,Left,23.700703,14.584206,24.349281,3.2737408,26.151299,19.671734,23.732985,-6.674071
2025-10-28 20:16:10.293705,Left,7.655987,2.8192675,3.791286,12.637183,8.825879,3.0315454,2.91778,8.273414
2025-10-28 20:16:10.293710,Left,-47.23456,-30.82375,-55.230434,24.038841,-42.57303,-38.921787,-57.84108,32.936813
2025-10-28 20:16:10.293715,Left,37.45144,20.057976,34.83601,6.004435,36.588455,24.22328,35.011402,-5.801357
2025-10-28 20:16:10.293719,Left,-3.6192577,-5.6104555,-9.049466,12.078549,-1.732823,-5.675247,-7.2368217,13.372351
2025-10-28 20:16:10.293724,Left,-145.65793,-129.89276,-171.68362,88.99087,-112.83204,-137.38623,-169.55054,101.2763
2025-10-28 20:16:10.293728,Left,-111.34141,-146.6995,-143.37175,145.20407,-45.61374,-131.0754,-128.3915,128.40897
2025-10-28 20:16:10.320033,Left,-74.16723,70.31436,10.234016,-79.075676,-58.9654,76.206406,25.498186,-47.71067
2025-10-28 20:16:10.320080,Left,12.260383,-19.286171,-12.222014,11.226036,16.77565,-12.913827,-3.8742092,22.69875
2025-10-28 20:16:10.320095,Left,1.5171912,6.30079,1.5215272,0.23056631,4.010665,6.9507694,6.358038,11.359556
2025-10-28 20:16:10.320106,Left,-59.279842,36.81049,11.782703,-50.97041,-49.5027,49.518486,21.472305,-35.84332
2025-10-28 20:16:10.320116,Left,28.546333,-15.6724615,-8.780487,23.238575,27.76013,-22.874336,-8.291891,31.777514
2025-10-28 20:16:10.320125,Left,-10.092992,11.068831,4.3435736,-7.2240996,-4.8421073,12.597293,8.054335,4.262495
2025-10-28 20:16:10.320134,Left,-131.5342,135.19722,35.01693,-136.17447,-110.771324,144.61003,50.92129,-98.519875
2025-10-28 20:16:10.320143,Left,-59.665287,175.63054,39.784813,-100.55636,-43.37112,137.3029,33.326786,-61.037197
2025-10-28 20:16:10.361228,Left,30.090853,-30.035418,5.95884,81.91268,17.296022,-24.097052,23.616077,66.273575
2025-10-28 20:16:10.361255,Left,15.855509,34.510296,27.456375,-4.501692,3.7770905,12.968841,1.6009778,-25.349274
2025-10-28 20:16:10.361261,Left,20.899937,20.447367,20.788513,14.544213,6.046298,0.44883156,-2.838087,-12.315662
2025-10-28 20:16:10.361265,Left,33.318695,-22.605665,-8.759955,66.139015,17.981594,-34.07076,-14.833089,41.879093
2025-10-28 20:16:10.361268,Left,10.302377,41.571938,36.344154,-14.434328,-1.1995144,19.865181,5.063228,-42.152317
2025-10-28 20:16:10.361272,Left,24.911024,15.654454,18.744236,24.73718,8.654264,-5.548278,-6.747585,-8.047809
2025-10-28 20:16:10.361275,Left,45.439404,-76.93501,-9.581188,155.39375,32.18526,-56.45221,24.14993,126.04766
2025-10-28 20:16:10.361278,Left,10.54548,-44.25424,48.17772,98.75117,-12.663947,-15.000838,87.08229,67.485825
2025-10-28 20:16:10.405275,Left,15.394257,16.79489,-27.294224,-8.945526,43.53493,10.643835,64.69562,60.758736
2025-10-28 20:16:10.405323,Left,-28.503416,-45.74738,-30.712242,-15.301547,-18.381714,-21.746737,-15.3400345,-13.853555
2025-10-28 20:16:10.405337,Left,-24.283043,-31.746052,-30.334595,-18.695108,-10.888336,-13.898925,-1.1508739,-0.23489617
2025-10-28 20:16:10.405349,Left,-24.73335,10.65276,-25.875498,-32.919186,6.6041636,24.873508,49.25191,57.88281
2025-10-28 20:16:10.405358,Left,-25.410538,-59.03105,-33.37452,-7.006383,-13.194444,-28.335157,-21.352762,-25.994255
2025-10-28 20:16:10.405368,Left,-27.151047,-28.209597,-31.438358,-20.092606,-5.2967377,-5.2158313,10.882705,12.498092
2025-10-28 20:16:10.405378,Left,47.40187,75.5615,-21.768272,-14.514926,78.5112,39.480766,119.58765,111.43347
2025-10-28 20:16:10.405387,Left,123.28311,23.709208,-25.984417,66.385826,152.26431,-10.520534,109.989784,61.257454
2025-10-28 20:16:10.432940,Left,64.74975,38.499466,-76.74859,-11.34849,55.185493,18.752146,-69.09984,-59.041134
2025-10-28 20:16:10.432987,Left,-7.1483145,-4.182023,28.41058,15.750247,-6.14501,-6.0103354,20.072056,10.329655
2025-10-28 20:16:10.433002,Left,8.2970705,8.797224,10.980827,10.779493,6.88742,-0.24690531,-0.40820277,-2.7264435
2025-10-28 20:16:10.433012,Left,55.93778,52.012733,-40.898575,-6.101284,49.86935,33.221607,-51.10925,-30.107668
2025-10-28 20:16:10.433021,Left,-14.903955,-13.890204,39.841396,20.48352,-16.411943,-17.620165,29.847393,11.649353
2025-10-28 20:16:10.433030,Left,17.49199,15.639595,2.2901518,8.468645,14.284614,6.6047897,-5.4318075,-6.5967417
2025-10-28 20:16:10.433039,Left,122.6943,85.76791,-139.05846,-23.518202,106.591995,41.94848,-139.52124,-109.13356
2025-10-28 20:16:10.433047,Left,97.61736,17.047983,-122.529335,-8.108746,49.341595,-44.22033,-114.04474,-144.82379
2025-10-28 20:16:10.478098,Left,25.670744,-70.36169,-90.635735,54.235855,-7.7541814,44.406124,42.55605,-7.446438
2025-10-28 20:16:10.478143,Left,-5.34766,7.7307544,14.575253,-10.965786,1.8395966,-6.6739736,-21.30333,-11.125854
2025-10-28 20:16:10.478157,Left,1.9454615,-5.4170327,-4.7439003,2.3546917,-2.4825256,-1.4820669,-10.375247,-11.896009
2025-10-28 20:16:10.478167,Left,11.543864,-42.54541,-64.995705,20.217379,-25.74918,2.8240469,33.688454,-6.6314383
2025-10-28 20:16:10.478176,Left,-7.7675314,10.6214485,25.130714,-9.021486,10.803922,-1.8645884,-33.30921,-13.330989
2025-10-28 20:16:10.478185,Left,1.221813,-13.9563055,-17.160532,3.0653675,-5.876054,1.848193,-0.7197401,-9.003692
2025-10-28 20:16:10.478194,Left,45.172512,-130.6077,-176.98682,83.14046,-38.91379,53.660236,71.24807,-20.858473
2025-10-28 20:16:10.478203,Left,43.140152,-144.60634,-148.27348,120.79757,24.091116,121.68286,14.552493,-36.882248
2025-10-28 20:16:10.519524,Left,27.643522,-5.650942,33.91057,78.96029,1.4551451,-84.00631,8.074014,18.281366
2025-10-28 20:16:10.519578,Left,-16.633076,4.883705,9.7668,-0.22980501,0.40109396,21.017773,15.481117,9.224709
2025-10-28 20:16:10.519593,Left,-4.4756303,2.9719536,13.452341,16.509624,7.084326,6.313224,17.074932,10.8782215
2025-10-28 20:16:10.519604,Left,31.397964,2.7805097,10.615149,45.019882,26.303425,-35.234764,-3.5153954,17.357134
2025-10-28 20:16:10.519614,Left,-25.490238,3.0068617,15.072037,1.3751104,-4.369988,24.614113,23.596031,5.3523407
2025-10-28 20:16:10.519623,Left,-1.0922692,0.58914137,10.457178,18.240032,5.779623,-5.940401,8.802184,10.24404
2025-10-28 20:16:10.519645,Left,53.951714,-8.540562,57.181145,146.54086,25.065363,-133.67969,19.519663,49.519497
2025-10-28 20:16:10.519656,Left,-11.459204,-27.292246,107.41051,174.69644,-50.515766,-170.77238,72.19415,53.607193
2025-10-28 20:16:10.560954,Left,30.404617,25.097826,-66.69024,-102.11534,29.58866,-34.40152,19.363873,52.7775
2025-10-28 20:16:10.561000,Left,4.135663,-2.800553,7.9731355,20.649286,2.9750192,11.386498,-0.22386913,-23.810764
2025-10-28 20:16:10.561015,Left,7.664847,5.5325747,-3.6515603,-5.151059,2.2715464,-4.3778844,-2.7561896,-8.890669
2025-10-28 20:16:10.561025,Left,6.1003036,14.712404,-31.220026,-60.110207,12.391789,-31.58029,-5.300367,45.33065
2025-10-28 20:16:10.561035,Left,11.966125,0.5069345,11.237573,26.972694,1.8381494,15.322478,2.7014978,-37.339504
2025-10-28 20:16:10.561044,Left,10.54971,6.8134747,-8.336108,-12.16583,8.612111,-3.1402512,2.3042345,3.235603
2025-10-28 20:16:10.561059,Left,49.52108,44.77013,-113.3496,-178.495,58.874344,-63.0824,27.283693,104.95935
2025-10-28 20:16:10.561069,Left,120.085556,65.90364,-127.3203,-157.1986,111.97216,-1.5164621,101.049095,53.729454
2025-10-28 20:16:10.605822,Left,53.249283,43.023937,75.837776,70.01752,-74.69747,-28.104774,61.94246,44.71919
2025-10-28 20:16:10.605865,Left,-0.9689863,-14.515189,-15.812799,-21.653236,8.941445,6.422479,-13.939558,-16.63872
2025-10-28 20:16:10.605876,Left,5.8075204,-1.1739433,5.171207,2.8259356,-1.3279953,2.2173574,2.9504235,-1.0846874
2025-10-28 20:16:10.605886,Left,10.358131,37.85948,46.647583,55.03263,-44.15612,-20.214283,46.24339,46.65613
2025-10-28 20:16:10.605895,Left,3.5168746,-23.334343,-19.87048,-30.83182,14.597332,9.736354,-23.176762,-29.2371
2025-10-28 20:16:10.605904,Left,10.224661,7.8637424,12.867264,10.117537,-11.236624,-3.8886786,8.419599,5.0406303
2025-10-28 20:16:10.605912,Left,68.35386,71.3937,128.82808,131.07347,-135.66307,-48.09667,125.56084,101.97202
2025-10-28 20:16:10.605921,Left,136.5179,12.256821,114.709526,74.07091,-147.67207,-40.246548,85.30843,14.169678
2025-10-28 20:16:10.647363,Left,-75.44557,25.169855,34.779163,-44.43482,-84.16993,35.505974,-33.979694,8.885296
2025-10-28 20:16:10.647401,Left,12.034371,7.3406987,-0.63081646,3.432469,12.17047,-2.171026,7.660737,2.9678738
2025-10-28 20:16:10.647412,Left,-9.0666,0.6171083,-1.2880466,-8.506981,-7.186768,3.3603468,-1.273911,1.0083654
2025-10-28 20:16:10.647421,Left,-43.824966,-6.774404,11.757403,-25.017689,-57.75877,-0.48944384,-44.307358,-25.113644
2025-10-28 20:16:10.647430,Left,11.322831,9.193995,-2.5389092,4.232704,23.47317,9.36382,21.971016,13.924187
2025-10-28 20:16:10.647440,Left,-14.617581,1.1454238,2.202257,-11.189759,-14.967654,4.228208,-10.034412,-6.5829043
2025-10-28 20:16:10.647448,Left,-135.46854,29.326668,49.15695,-87.89345,-165.90405,42.541847,-80.231316,-4.1962075
2025-10-28 20:16:10.647457,Left,-167.12683,90.60989,63.643818,-121.50146,-167.98772,98.042534,-28.09283,67.744965
2025-10-28 20:16:10.675047,Left,-15.3416815,29.575249,47.022495,-7.072822,-5.0435767,48.285545,32.52116,68.28675
2025-10-28 20:16:10.675092,Left,10.355734,2.4258466,-19.180101,-2.786031,9.954833,2.9891794,-9.984337,-12.114884
2025-10-28 20:16:10.675106,Left,5.020475,7.9224534,-0.21479478,0.61905324,7.6760807,12.263624,4.208026,6.1544547
2025-10-28 20:16:10.675116,Left,-28.582602,0.39909786,46.419598,6.92821,-11.882539,21.31812,43.366535,53.240273
2025-10-28 20:16:10.675125,Left,21.529545,11.909579,-26.799149,-4.773992,17.90501,7.2283854,-19.208708,-18.337687
2025-10-28 20:16:10.675134,Left,-4.2520013,4.149319,4.288537,-1.1355435,3.3525991,14.112388,10.400473,14.751242
2025-10-28 20:16:10.675143,Left,-38.54084,44.200294,100.2522,-2.8815403,-14.9682255,79.55774,70.64805,129.17693
2025-10-28 20:16:10.675152,Left,27.22906,122.687485,54.792755,-13.949768,57.018192,149.8309,18.655489,121.382225
2025-10-28 20:16:10.715156,Left,-27.586115,61.24758,42.967487,-78.83485,-47.276665,-92.137794,9.233098,11.403622
2025-10-28 20:16:10.715203,Left,9.841083,-9.61861,-8.688039,23.53527,4.129982,11.381605,0.9366458,-8.283278
2025-10-28 20:16:10.715217,Left,-0.49461144,0.7636243,-1.1856806,-1.1203679,-4.8616085,-6.6055803,1.9274337,-0.9657918
2025-10-28 20:16:10.715228,Left,-15.659477,50.152,50.95475,-41.900227,-11.13587,-47.009666,-8.352327,3.3082035
2025-10-28 20:16:10.715238,Left,10.620294,-23.217276,-27.564665,22.959206,-2.196799,13.813785,7.546266,-6.5234094
2025-10-28 20:16:10.715248,Left,-1.209028,11.132052,9.26504,-5.931138,-5.96909,-13.97831,0.5399616,-0.66942835
2025-10-28 20:16:10.715256,Left,-48.51481,121.573784,93.49394,-141.67534,-69.29842,-150.01521,23.008255,27.87934
2025-10-28 20:16:10.715265,Left,-31.809658,85.481705,9.569862,-152.60406,-127.92258,-174.14212,85.31234,42.967957
2025-10-28 20:16:10.784355,Left,36.913525,92.94906,-43.344677,65.3794,75.40986,90.95351,-55.802692,-23.418053
2025-10-28 20:16:10.784403,Left,-4.1305647,-18.59934,3.254236,-13.972591,-6.9394794,-14.093972,12.465594,12.404507
2025-10-28 20:16:10.784418,Left,1.6229763,3.379975,-3.680421,2.9961085,6.4663367,3.980696,-3.37162,2.0376828
2025-10-28 20:16:10.784428,Left,-0.38219973,56.700165,-13.333668,52.285316,44.878952,65.774765,-20.636024,-9.115546
2025-10-28 20:16:10.784437,Left,1.5204458,-25.917019,0.74744314,-23.508812,-10.952219,-25.337692,10.477637,13.925809
2025-10-28 20:16:10.784446,Left,1.3203689,13.44369,-4.14869,14.666539,18.800117,20.114754,-0.7647897,5.738593
2025-10-28 20:16:10.784455,Left,56.126064,171.83119,-67.25996,124.549446,130.99564,167.95456,-97.39903,-47.31751
2025-10-28 20:16:10.784464,Left,118.92037,163.25586,-113.35034,84.84389,147.52641,141.12483,-130.02391,-42.25711
2025-10-28 20:16:10.824562,Left,-61.23218,-62.097603,79.847176,28.222599,-61.36203,-40.01011,89.46729,17.738081
2025-10-28 20:16:10.824594,Left,15.756847,26.218313,-5.254294,-1.6451882,16.0533,13.016666,-22.44941,-11.956333
2025-10-28 20:16:10.824601,Left,1.3711048,7.2520633,11.20027,5.6022134,0.15698002,-0.6133641,-1.4844078,-6.2231765
2025-10-28 20:16:10.824605,Left,-30.759926,-52.555557,43.37188,19.439224,-45.868122,-46.216133,49.27898,12.662914
2025-10-28 20:16:10.824609,Left,17.66486,39.229736,-7.647334,-2.3150513,27.092707,27.915426,-26.133915,-14.158129
2025-10-28 20:16:10.824613,Left,-5.677151,-5.3900967,12.100407,4.112307,-8.63929,-7.7897716,6.8213506,-1.2448602
2025-10-28 20:16:10.824616,Left,-124.204155,-129.00157,142.46161,51.647575,-119.827934,-92.84945,153.2373,34.46318
2025-10-28 20:16:10.824621,Left,-150.44788,-81.692314,142.98802,21.98264,-100.57427,-25.485546,152.99951,30.30652
2025-10-28 20:16:10.866033,Left,64.6109,7.611304,-47.546017,-8.421298,63.440926,-0.61675227,-35.62003,9.768593
2025-10-28 20:16:10.866059,Left,-23.41909,-11.724404,7.510694,5.6118946,-19.418356,-8.7360115,6.414333,0.4049767
2025-10-28 20:16:10.866065,Left,-3.2397025,-6.577913,-5.0198183,-1.3998742,-3.808185,-4.403055,-0.9291926,2.7363062
2025-10-28 20:16:10.866070,Left,41.74202,5.447001,-47.28461,-28.86247,47.19519,4.5587335,-36.984623,-11.380756
2025-10-28 20:16:10.866074,Left,-30.913715,-16.77567,15.204902,11.715276,-34.6687,-13.040122,17.796282,12.37642
2025-10-28 20:16:10.866078,Left,3.9056633,-6.4746175,-13.523624,-6.554844,3.1885903,-5.006887,-6.498469,2.684753
2025-10-28 20:16:10.866082,Left,121.907814,19.700266,-92.7762,-22.583021,133.08066,11.539092,-67.685196,14.646507
2025-10-28 20:16:10.866085,Left,94.71006,-11.080936,-50.76081,46.733566,87.99902,-19.487452,-14.424257,81.91996
2025-10-28 20:16:10.898664,Left,-14.25075,34.767223,34.237034,-7.4494686,9.455641,62.451614,25.099428,-14.618772
2025-10-28 20:16:10.898704,Left,9.066986,1.2382052,-12.092048,4.9728756,7.964619,-5.6348367,-15.3498125,-10.735047
2025-10-28 20:16:10.898716,Left,3.1000497,7.849654,2.5958982,2.7588983,4.3625197,3.197708,-7.629537,-11.019848
2025-10-28 20:16:10.898725,Left,-21.825197,4.587417,37.69712,1.3562673,-13.690275,18.679796,28.332338,-11.918377
2025-10-28 20:16:10.898734,Left,18.588932,8.230644,-21.86063,-0.049703926,12.02551,-6.9681053,-30.098461,-13.284873
2025-10-28 20:16:10.898743,Left,2.7084243,8.629348,6.300812,-2.4487507,-4.719384,-1.1714548,-9.638011,-18.10354
2025-10-28 20:16:10.898752,Left,-30.737995,56.478416,77.787,-10.127845,6.628658,105.45676,61.101444,-12.686523
2025-10-28 20:16:10.898769,Left,40.595566,132.85295,25.727524,-30.294197,67.88116,161.5709,-0.4258403,-23.786055
2025-10-28 20:16:10.927575,Left,8.684514,47.065792,27.248043,-44.345303,-11.087333,88.75549,23.41937,-32.70756
2025-10-28 20:16:10.927619,Left,-13.343937,-16.191505,-8.48135,15.943792,18.86048,-8.333156,8.539422,29.699274
2025-10-28 20:16:10.927632,Left,-7.648572,-1.3203453,1.1461294,3.0569122,7.5332885,7.5058393,9.229533,13.303342
2025-10-28 20:16:10.927641,Left,19.14611,31.581667,15.085871,-43.8185,-30.892973,58.287006,23.391172,-25.743982
2025-10-28 20:16:10.927650,Left,-22.69715,-23.125769,-10.94592,26.464346,30.038261,-17.319578,6.311048,40.60796
2025-10-28 20:16:10.927659,Left,-5.872446,1.3003116,1.0806236,-5.4836984,2.7242799,18.22941,15.100285,12.129426
2025-10-28 20:16:10.927668,Left,27.56976,87.67482,44.221664,-102.70659,-54.43989,142.62132,26.747753,-83.37498
2025-10-28 20:16:10.927677,Left,-27.014425,73.52755,49.163097,-35.77767,44.949608,138.90819,17.585232,-29.843517
2025-10-28 20:16:10.973979,Left,60.390076,34.59581,-62.42726,-82.07069,61.020885,23.412188,-77.3756,-80.4742
2025-10-28 20:16:10.974022,Left,7.048794,9.479243,19.875698,23.96573,-2.4210427,-5.283102,9.453355,13.017406
2025-10-28 20:16:10.974035,Left,16.693474,12.34143,2.63307,1.989964,8.864403,-0.4226472,-8.847912,-9.39112
2025-10-28 20:16:10.974045,Left,47.21873,30.957285,-27.88967,-53.62624,30.418146,17.317442,-48.869823,-64.8721
2025-10-28 20:16:10.974054,Left,5.4932404,7.9283586,23.189747,34.98863,-0.33871695,-9.087563,12.925146,22.291504
2025-10-28 20:16:10.974063,Left,29.192142,22.97439,3.9290376,-0.79710144,19.290916,7.0604663,-13.721312,-17.737654
2025-10-28 20:16:10.974072,Left,100.01061,53.067863,-116.96593,-154.71007,108.65578,52.85133,-130.71504,-147.2363
2025-10-28 20:16:10.974081,Left,85.987946,34.90554,-146.46266,-139.86533,132.06943,37.463406,-132.92323,-100.38851
2025-10-28 20:16:11.001573,Left,-79.67032,-70.23899,67.55732,18.96823,-59.746452,-31.64882,88.807816,23.64813
2025-10-28 20:16:11.001620,Left,8.622922,12.437959,-16.960579,-11.574573,11.492878,15.201092,-12.062258,1.6390435
2025-10-28 20:16:11.001634,Left,-8.167272,-3.5799766,2.1795206,0.755879,1.0109223,7.427393,10.723921,3.0655422
2025-10-28 20:16:11.001644,Left,-57.713505,-61.14671,39.298553,10.949754,-50.70559,-44.25981,52.03046,18.833036
2025-10-28 20:16:11.001654,Left,17.309187,26.637663,-19.177395,-8.199731,25.269867,30.070251,-18.555723,-6.9786625
2025-10-28 20:16:11.001663,Left,-21.29181,-18.187391,2.8103673,-5.063288,-14.188075,-7.4017363,11.139488,3.954392
2025-10-28 20:16:11.001672,Left,-141.16309,-130.41014,129.88739,38.372997,-120.03003,-81.50026,150.14441,34.84761
2025-10-28 20:16:11.001681,Left,-118.18674,-67.56569,134.13585,29.800735,-74.35198,6.3062553,154.68965,29.053444
2025-10-28 20:16:11.058076,Left,65.05902,-2.5485754,-77.947296,1.354714,62.415874,7.2206163,-17.644217,28.939747
2025-10-28 20:16:11.058122,Left,-16.8433,-10.69238,16.208727,7.498521,-16.996061,-9.140438,5.9055357,0.33903018
2025-10-28 20:16:11.058136,Left,-4.7299066,-10.146487,-6.898451,0.66649973,-2.4591682,-3.673593,0.6724397,5.131167
2025-10-28 20:16:11.058155,Left,50.433617,22.668688,-53.596935,-16.761417,52.021515,9.4205885,-28.757166,-3.7445638
2025-10-28 20:16:11.058165,Left,-27.99865,-24.370321,22.030832,13.33266,-30.88341,-11.398843,16.044306,8.5223875
2025-10-28 20:16:11.058174,Left,11.532522,2.1115098,-6.380325,3.4438524,9.291791,-1.1615629,-4.3827,3.1970203
2025-10-28 20:16:11.058184,Left,131.16206,12.759015,-146.75082,-12.400576,117.82705,19.323336,-38.285038,46.32397
2025-10-28 20:16:11.058193,Left,106.77484,-61.417194,-105.4815,62.180782,68.76292,-6.6346703,22.660788,123.81868
2025-10-28 20:16:11.084479,Left,-8.797771,38.293568,22.004324,-18.65628,10.851428,67.73882,21.176249,-5.564244
2025-10-28 20:16:11.084518,Left,8.337185,-4.7883425,-21.020044,-8.419778,-2.2970545,-11.777808,-16.302721,-5.357715
2025-10-28 20:16:11.084529,Left,2.0413375,3.164475,-5.552751,-4.6727104,1.4051081,2.6889892,-6.63623,-3.581222
2025-10-28 20:16:11.084539,Left,-23.184063,5.0232553,26.802124,-6.6687417,-9.619991,26.776396,26.489935,-5.428254
2025-10-28 20:16:11.084552,Left,14.83713,2.131353,-24.922375,-4.74337,7.9339957,-9.753742,-26.071253,-3.047907
2025-10-28 20:16:11.084562,Left,-3.9914155,2.511492,-2.2437801,-5.829607,-0.2720126,5.7436013,-4.4623747,-5.7122293
2025-10-28 20:16:11.084571,Left,-19.990988,70.27941,64.58868,-18.661842,15.791368,114.74371,43.94328,-18.01416
2025-10-28 20:16:11.084580,Left,37.44103,118.50871,-15.334647,-59.763252,56.640015,150.80972,-26.917032,-37.439594
2025-10-28 20:16:11.157341,Left,8.868394,-81.384026,16.51781,15.502055,-62.83198,-94.051216,33.177933,-71.43877
2025-10-28 20:16:11.157395,Left,-8.254503,13.4913025,7.1580415,-4.07533,3.9269562,14.724134,0.5937546,20.200586
2025-10-28 20:16:11.157416,Left,-2.4392605,-4.647587,4.437924,-0.5889245,-6.989412,-7.1210027,2.273345,-0.99593484
2025-10-28 20:16:11.157427,Left,15.616954,-47.589527,-8.635061,7.7110023,-26.528591,-55.394573,6.310763,-49.95928
2025-10-28 20:16:11.157437,Left,-15.155385,17.12775,12.230067,-4.8301935,2.5346391,17.668581,-0.31301042,24.941175
2025-10-28 20:16:11.157447,Left,-2.1909578,-14.095897,1.1845526,1.5721141,-9.156983,-12.323553,7.2771764,-7.135096
2025-10-28 20:16:11.157456,Left,16.03389,-148.93156,18.377867,29.74031,-103.149536,-165.0853,57.05251,-128.66472
2025-10-28 20:16:11.157465,Left,-55.07399,-166.14449,87.92555,42.98938,-134.3078,-159.44913,120.253784,-81.78197
2025-10-28 20:16:11.197530,Left,52.776352,33.982162,-58.592308,-68.3996,80.35906,47.846855,-48.51544,-45.25438
2025-10-28 20:16:11.197576,Left,-0.34857503,6.023516,30.344837,44.790333,22.568232,26.560688,42.938225,47.7907
2025-10-28 20:16:11.197590,Left,9.69976,12.304429,14.257409,22.700214,33.738846,31.174345,24.710264,26.890121
2025-10-28 20:16:11.197600,Left,23.896294,28.803715,-23.843296,-38.218735,55.688244,42.657616,-22.630613,-31.350618
2025-10-28 20:16:11.197610,Left,4.433764,4.963668,35.391884,55.984707,22.138376,24.45849,49.737225,59.075493
2025-10-28 20:16:11.197619,Left,11.653605,14.902341,7.7563677,12.238996,36.85685,33.238377,18.145115,19.934977
2025-10-28 20:16:11.197628,Left,85.48125,60.725124,-111.23892,-139.89088,128.18652,64.723724,-111.64966,-109.42394
2025-10-28 20:16:11.197637,Left,135.25073,71.00056,-108.07639,-95.25855,163.04663,47.333424,-115.97318,-71.931496
2025-10-28 20:16:11.240231,Left,81.810104,16.91978,55.140778,24.580446,-101.79553,-73.80577,-116.40277,-9.570649
2025-10-28 20:16:11.240276,Left,-6.8495297,-18.019758,-32.371452,-36.252426,-6.213808,-27.193474,-22.588217,-34.709858
2025-10-28 20:16:11.240290,Left,7.7819586,-8.792909,-13.451799,-20.53752,-23.533133,-30.761377,-35.006638,-26.527983
2025-10-28 20:16:11.240301,Left,36.135002,21.55601,32.91167,24.157145,-74.00042,-45.7287,-82.34964,-39.6382
2025-10-28 20:16:11.240310,Left,-8.739708,-29.185825,-42.945515,-50.503815,-1.7894504,-29.028313,-15.969192,-23.998201
2025-10-28 20:16:11.240319,Left,15.800335,-2.1453252,-5.395858,-14.279014,-33.600475,-36.86582,-47.982857,-33.23446
2025-10-28 20:16:11.240328,Left,139.96622,43.215427,109.81074,63.531864,-178.36258,-113.33197,-193.9573,-13.302798
2025-10-28 20:16:11.240337,Left,182.8999,-19.634861,88.5554,10.055567,-146.84512,-136.37181,-190.01985,66.98906
2025-10-28 20:16:11.295435,Left,53.567966,-16.445826,-77.75646,-54.291256,-29.74192,66.97489,80.408714,-66.717064
2025-10-28 20:16:11.295475,Left,-43.637222,-25.510221,4.9932113,-3.1317928,5.480878,-8.999171,-17.842289,6.652698
2025-10-28 20:16:11.295486,Left,-22.725357,-22.498648,-15.29773,-15.736221,-7.169503,-0.34977737,-2.2625227,-10.228656
2025-10-28 20:16:11.295496,Left,28.971313,3.5881362,-61.91411,-20.805666,-15.432568,41.234722,60.270435,-29.269863
2025-10-28 20:16:11.295505,Left,-47.487423,-32.84116,16.076702,-8.244527,4.2833037,-14.155967,-27.140078,8.82487
2025-10-28 20:16:11.295514,Left,-14.057041,-19.895065,-23.97613,-20.05408,-9.80424,7.6466722,10.865379,-10.275435
2025-10-28 20:16:11.295523,Left,114.58313,-9.179306,-143.349,-86.406876,-49.639538,124.50492,158.27092,-108.58535
2025-10-28 20:16:11.295532,Left,99.139725,-76.76307,-96.31867,-139.40244,-61.32406,119.59004,108.286896,-161.61179
2025-10-28 20:16:11.324261,Left,74.87814,-70.37193,-22.713991,73.152466,64.57898,-68.13383,-9.113751,72.37833
2025-10-28 20:16:11.324288,Left,-18.90066,12.292834,10.475502,-5.908441,-5.2470965,29.583435,24.117273,0.37780964
2025-10-28 20:16:11.324293,Left,-3.2768743,-7.4584017,-1.0069952,5.0538845,4.415212,4.070881,13.028485,14.326106
2025-10-28 20:16:11.324296,Left,57.816383,-37.91107,-14.371523,54.730587,63.02325,-31.589117,-1.4598974,59.580387
2025-10-28 20:16:11.324300,Left,-30.565338,13.909415,12.403464,-15.846463,-20.987125,30.397652,24.010023,-10.207147
2025-10-28 20:16:11.324303,Left,9.179402,-10.374483,1.6181648,17.934742,18.017149,1.4423639,10.734652,19.748737
2025-10-28 20:16:11.324307,Left,151.67029,-116.11206,-34.222622,140.70187,124.18364,-134.80922,-33.259747,123.33506
2025-10-28 20:16:11.324310,Left,87.645256,-148.56372,-31.873404,114.019516,60.24418,-135.60869,-19.963749,80.89861
2025-10-28 20:16:11.364477,Left,-7.986866,59.34467,28.550346,-56.57513,-1.4239988,38.26184,-9.187299,-65.1419
2025-10-28 20:16:11.364521,Left,10.39853,-11.182781,-9.452123,19.179785,8.449973,-10.205507,-6.921599,16.198004
2025-10-28 20:16:11.364535,Left,10.002537,7.5948596,4.1623363,6.8719354,8.140019,3.1757526,-4.2042093,-1.5178334
2025-10-28 20:16:11.364545,Left,-8.50341,48.087658,33.319614,-48.677917,-8.25766,39.23283,17.117363,-47.741623
2025-10-28 20:16:11.364555,Left,17.161886,-19.357058,-19.746807,28.22254,9.579576,-22.757534,-19.778425,22.469652
2025-10-28 20:16:11.364563,Left,3.9593956,11.015189,4.819751,-5.585079,5.2411795,10.804765,2.8174753,-3.592972
2025-10-28 20:16:11.364572,Left,-37.016468,98.33971,45.8534,-128.34814,-14.398573,79.564316,1.5678009,-119.96004
2025-10-28 20:16:11.364581,Left,-29.651413,42.95178,-33.913647,-97.41603,8.727453,28.826313,-64.83521,-62.4811
2025-10-28 20:16:11.393537,Left,-19.809372,-32.663982,27.054974,21.842207,-31.896412,-13.692318,18.675177,-17.562857
2025-10-28 20:16:11.393573,Left,10.433434,33.892845,22.055668,13.869837,23.139902,33.880634,20.804195,8.394519
2025-10-28 20:16:11.393583,Left,12.590057,24.385902,26.427605,21.128513,18.858261,26.717707,21.370186,6.9208465
2025-10-28 20:16:11.393592,Left,14.9274845,-25.126875,15.965601,36.25676,4.967753,-15.227186,18.877487,14.530503
2025-10-28 20:16:11.393601,Left,3.3345633,43.623722,23.612051,4.9036355,19.613062,45.069664,19.822983,-0.11127379
2025-10-28 20:16:11.393610,Left,10.484884,12.502611,18.94084,17.979094,12.273598,17.772562,19.973818,7.134831
2025-10-28 20:16:11.393619,Left,-34.3663,-85.04788,23.74345,32.23583,-61.955112,-45.73152,32.295723,-12.505091
2025-10-28 20:16:11.393628,Left,-101.21155,-29.935799,38.779186,-39.155346,-130.30287,9.3449545,38.723476,-80.9037
2025-10-28 20:16:11.434843,Left,1.34031,-57.4512,-105.09737,-16.719267,-11.892006,-85.402336,-127.74326,-12.734459
2025-10-28 20:16:11.434901,Left,-15.109362,-22.736387,-16.14673,-23.518044,-39.850395,-32.00695,-20.297546,-30.065813
2025-10-28 20:16:11.434917,Left,-10.070291,-26.338137,-33.69225,-27.83742,-36.633263,-41.614365,-39.358444,-26.575886
2025-10-28 20:16:11.434928,Left,-6.4881344,-29.675388,-68.81277,-41.60341,-30.15562,-59.2224,-89.64918,-32.83604
2025-10-28 20:16:11.434938,Left,-11.951609,-23.357502,-11.005539,-14.107226,-36.585094,-29.759682,-10.251762,-20.30852
2025-10-28 20:16:11.434947,Left,-9.130399,-26.553806,-38.450043,-27.517014,-33.365303,-42.807194,-45.67617,-24.545786
2025-10-28 20:16:11.434956,Left,20.632338,-72.47399,-164.3716,-18.399826,6.10768,-120.35868,-202.54903,-4.4997573
2025-10-28 20:16:11.434965,Left,41.15773,-114.066986,-180.26968,57.374233,29.173552,-150.1864,-199.67928,63.953278
2025-10-28 20:16:11.461159,Left,-100.41153,40.03806,20.365927,-69.7745,-77.8082,72.70702,37.292732,-61.659866
2025-10-28 20:16:11.461208,Left,16.599562,0.8161922,2.4596887,20.345985,29.715475,5.200973,6.0224066,21.59274
2025-10-28 20:16:11.461224,Left,-10.770126,1.4395108,2.9998841,2.1211817,7.268477,15.861301,11.371919,5.2705116
2025-10-28 20:16:11.461235,Left,-66.311874,9.590731,14.640125,-35.412437,-50.689293,40.666805,29.464436,-36.645405
2025-10-28 20:16:11.461244,Left,22.50587,0.21896929,-0.49695143,23.64013,39.137268,2.8888144,0.4276305,26.337696
2025-10-28 20:16:11.461254,Left,-20.832254,1.6368539,3.4815927,-5.9560795,-4.819671,17.849512,14.162657,-1.7598712
2025-10-28 20:16:11.461262,Left,-184.23222,64.10707,34.589363,-131.85814,-157.71046,114.05558,54.963245,-126.997955
2025-10-28 20:16:11.461271,Left,-174.0128,109.52465,24.630072,-151.59343,-133.11601,142.99611,51.077873,-115.151726
2025-10-28 20:16:11.503809,Left,29.268848,-62.958996,-53.356895,80.708954,28.574467,-56.600845,-35.149612,79.63875
2025-10-28 20:16:11.503849,Left,-3.9984791,15.0871525,16.908564,-14.095692,-7.246546,14.871049,19.227846,-8.276186
2025-10-28 20:16:11.503861,Left,3.8396695,1.2175803,4.159489,7.0358415,0.9610994,-1.1067672,2.5741646,3.8252199
2025-10-28 20:16:11.503870,Left,17.929089,-48.214138,-52.287064,47.058453,17.684683,-46.48967,-40.895298,54.145096
2025-10-28 20:16:11.503880,Left,-4.5480876,25.854807,32.772827,-16.428398,-9.81186,23.367785,28.235691,-20.631979
2025-10-28 20:16:11.503889,Left,4.2415805,-10.420064,-7.958538,11.630585,2.0683382,-8.45265,-2.7936385,14.494989
2025-10-28 20:16:11.503898,Left,48.499805,-123.7371,-110.41214,146.61664,50.923008,-112.52327,-77.91382,147.37646
2025-10-28 20:16:11.503907,Left,43.439827,-95.64519,-42.015736,152.68484,42.51106,-68.62283,4.2186165,141.02916
2025-10-28 20:16:11.531374,Left,-12.501068,81.94143,19.228971,-25.996769,19.127335,76.75267,16.967701,-8.755889
2025-10-28 20:16:11.531401,Left,11.017389,-18.835363,-5.672394,12.719236,6.8110895,-17.61822,0.78700626,17.112492
2025-10-28 20:16:11.531406,Left,3.4642317,1.9362899,-0.41278502,2.9594998,6.4112716,2.8671439,6.5773854,11.47993
2025-10-28 20:16:11.531410,Left,-30.322163,52.725636,12.990142,-35.322212,-12.955048,54.577976,12.29468,-22.662971
2025-10-28 20:16:11.531413,Left,22.142296,-27.40215,-8.1197605,24.521492,19.72836,-23.056713,2.2011244,29.919521
2025-10-28 20:16:11.531417,Left,1.232604,11.969482,3.2041616,-2.1226428,4.5287657,11.560169,5.751758,4.3959064
2025-10-28 20:16:11.531420,Left,-44.95874,140.66034,26.260586,-70.61582,4.730688,128.1676,17.488997,-37.69385
2025-10-28 20:16:11.531423,Left,34.421547,112.5509,10.611687,-5.6851435,90.834236,91.46283,1.0892211,21.046486
2025-10-28 20:16:11.574070,Left,3.7730396,5.952747,56.026684,37.007893,-7.369134,19.307507,73.20162,20.296518
2025-10-28 20:16:11.574115,Left,5.4022546,15.719668,7.9872646,-2.4689798,9.419243,12.7821,0.0358715,-5.901676
2025-10-28 20:16:11.574129,Left,5.063059,9.788842,12.968849,5.6117516,6.5982237,10.634917,8.7134905,-3.7243395
2025-10-28 20:16:11.574138,Left,12.833974,-7.459909,23.378202,43.693718,7.610822,2.8715646,35.85214,29.622154
2025-10-28 20:16:11.574148,Left,2.7302756,22.108828,9.504923,-16.398087,4.6723704,16.111914,-3.7427905,-21.578047
2025-10-28 20:16:11.574157,Left,4.4897475,6.4064875,15.256542,11.115769,5.427978,9.40216,12.911686,-0.5267397
2025-10-28 20:16:11.574166,Left,14.500432,5.60255,100.33636,88.791916,-3.746561,28.07323,124.31473,45.89807
2025-10-28 20:16:11.574175,Left,-25.682716,56.640842,160.0772,32.984867,-13.747499,99.6649,186.22949,-2.3708048
2025-10-28 20:16:11.600421,Left,68.35953,-24.3728,-35.405968,38.924435,78.00059,-37.655827,-27.217194,58.890255
2025-10-28 20:16:11.600467,Left,-12.598052,-10.3107815,-3.5245924,-11.64916,-23.075754,-10.45902,-5.3709865,-15.7157755
2025-10-28 20:16:11.600488,Left,3.0531666,-7.4229283,-6.4825,-1.37192,-2.047573,-11.46815,-8.530658,-2.0555186
2025-10-28 20:16:11.600500,Left,35.72773,3.3637385,-18.067133,13.580441,47.34131,-4.6759033,-14.202576,30.549973
2025-10-28 20:16:11.600509,Left,-14.767998,-17.463148,-4.2414994,-11.126629,-30.754602,-18.951626,-5.2947536,-17.297436
2025-10-28 20:16:11.600518,Left,9.051936,-7.6093264,-8.93468,2.560988,7.6412334,-9.995357,-7.4773536,6.511409
2025-10-28 20:16:11.600527,Left,130.8519,-18.781094,-44.769276,79.66017,157.13824,-41.224415,-40.859676,107.52959
2025-10-28 20:16:11.600536,Left,162.17598,-87.91289,-67.88186,107.40937,148.59372,-118.93989,-55.202106,126.879845
2025-10-28 20:16:11.644348,Left,-32.244427,63.00464,80.476944,-62.650978,-28.027784,73.299065,79.24645,-62.422863
2025-10-28 20:16:11.644396,Left,-1.6289605,-17.918795,-27.746328,-2.6477056,3.4910433,-14.755708,-21.843521,5.590691
2025-10-28 20:16:11.644411,Left,-5.829205,0.50865453,-0.5938298,-6.6218696,2.7812145,6.4466105,1.9306606,-5.553794
2025-10-28 20:16:11.644421,Left,-14.375717,39.819725,59.871883,-27.71296,-17.140152,43.87574,56.452675,-39.52613
2025-10-28 20:16:11.644431,Left,-0.51490015,-20.254847,-33.10417,4.6459446,12.4295845,-16.17757,-31.483885,8.898966
2025-10-28 20:16:11.644441,Left,-6.5904064,5.540734,5.2507334,-15.981766,-5.717768,8.86956,8.774825,-11.425516
2025-10-28 20:16:11.644450,Left,-49.46206,123.47488,163.31065,-98.35902,-47.905483,132.24077,145.46043,-122.30911
2025-10-28 20:16:11.644459,Left,-66.85674,122.036095,128.90218,-131.12946,-44.533222,120.79899,82.50461,-161.78052
2025-10-28 20:16:11.683273,Left,72.25315,-64.38179,-10.822628,69.92092,45.993114,-69.76828,-47.70308,-91.28643
2025-10-28 20:16:11.683310,Left,-22.272459,10.997656,-2.6808536,-24.492376,-28.06857,2.002396,-0.30460927,17.667967
2025-10-28 20:16:11.683322,Left,-3.4702947,-6.0889573,-7.6059537,-7.8435254,-13.93217,-15.699672,-11.897085,-7.703717
2025-10-28 20:16:11.683331,Left,47.85384,-50.14118,-24.618486,40.25316,36.458702,-56.08919,-20.13481,-50.35526
2025-10-28 20:16:11.683340,Left,-34.73849,15.390011,2.5886834,-31.42832,-36.623837,13.468807,-2.8440883,18.06819
2025-10-28 20:16:11.683349,Left,5.386167,-12.266161,-7.763962,3.2510736,-1.8540401,-17.360392,-9.706307,-12.454313
2025-10-28 20:16:11.683358,Left,122.242805,-138.19778,-44.426434,115.19553,82.601265,-140.89706,-81.56312,-162.86067
2025-10-28 20:16:11.683366,Left,56.3693,-143.89775,-32.94647,79.11746,13.469321,-119.86848,-113.6454,-165.74469
2025-10-28 20:16:11.710922,Left,-72.5976,-98.13639,37.038883,28.175598,-60.984253,-80.31405,61.81284,-0.67667395
2025-10-28 20:16:11.710970,Left,9.795592,19.40788,3.020829,8.064625,25.138365,34.639664,11.375995,25.065823
2025-10-28 20:16:11.710985,Left,-7.919541,-7.1621447,4.1678753,11.514254,10.658159,15.667258,25.523344,20.163372
2025-10-28 20:16:11.710996,Left,-29.800714,-54.795944,16.124735,25.35381,-23.60635,-45.51267,37.811607,-8.648758
2025-10-28 20:16:11.711006,Left,5.913024,22.225054,2.4064066,3.691018,25.800592,43.44269,12.453938,30.590734
2025-10-28 20:16:11.711015,Left,-9.553097,-11.61016,10.737285,12.0950575,-0.17309092,-1.216952,20.601797,10.136592
2025-10-28 20:16:11.711025,Left,-112.53186,-169.75601,63.3867,44.777504,-115.6203,-156.12997,102.942345,-11.1285515
2025-10-28 20:16:11.711033,Left,-140.96193,-156.77457,125.24766,59.772884,-120.49829,-123.50896,146.5463,54.656727
2025-10-28 20:16:11.751061,Left,78.87375,73.06026,-74.3125,-24.168518,-74.347534,-18.4691,10.063189,-37.740097
2025-10-28 20:16:11.751102,Left,-0.67145723,-11.354215,14.203477,-2.7482486,8.702163,14.8897085,1.7306007,1.2740177
2025-10-28 20:16:11.751115,Left,13.252877,7.578655,-0.0692898,-2.5230055,-5.1522737,4.6799064,3.2030635,-3.8162534
2025-10-28 20:16:11.751125,Left,53.46209,62.652077,-35.580933,5.1152625,-30.50532,-27.962496,3.7180774,-7.6788154
2025-10-28 20:16:11.751134,Left,-11.749666,-23.58946,19.882744,-6.413969,7.6015816,21.319754,1.7574843,-1.680473
2025-10-28 20:16:11.751143,Left,15.794767,12.674691,-9.327185,-2.5833623,-9.238013,1.5917703,6.9096518,-1.8672637
2025-10-28 20:16:11.751152,Left,146.11858,146.47424,-125.87444,-26.757637,-122.15337,-43.840122,21.483932,-56.498375
2025-10-28 20:16:11.751160,Left,146.65794,102.0136,-138.16165,-81.87876,-166.1779,25.071896,41.684635,-101.25431
2025-10-28 20:16:11.793759,Left,18.327631,-54.55341,-96.26924,15.099033,-44.86662,-2.7272282,64.95337,69.00034
2025-10-28 20:16:11.793804,Left,0.11741636,3.9463763,10.708573,-3.8827174,6.2593136,3.5986342,-20.430988,-16.526106
2025-10-28 20:16:11.793818,Left,1.6918733,-7.456588,-9.6342745,-1.035114,-4.0638814,-0.118945524,-2.7052326,2.473493
2025-10-28 20:16:11.793828,Left,9.154232,-21.078138,-54.884926,-4.6308646,-44.078846,-25.20219,47.97468,30.865335
2025-10-28 20:16:11.793837,Left,2.3359027,3.9596865,18.037643,3.992755,19.225784,16.054724,-27.972176,-13.222933
2025-10-28 20:16:11.793847,Left,4.1221128,-8.417962,-15.312991,1.5324906,-8.311184,-0.87999827,8.598927,7.7191086
2025-10-28 20:16:11.793855,Left,22.93383,-95.29493,-169.21817,28.378168,-86.486534,-16.705872,125.9631,116.128815
2025-10-28 20:16:11.793864,Left,45.44503,-131.00438,-178.53009,84.02841,-40.029198,53.178562,77.401115,121.64415
2025-10-28 20:16:11.833749,Left,-21.20795,67.85172,68.6271,-81.433685,-17.726685,-64.36185,-34.461952,0.9269714
2025-10-28 20:16:11.833790,Left,-9.022506,-24.895716,-28.84803,1.640175,-13.268236,-4.1266184,3.8225927,-6.775979
2025-10-28 20:16:11.833802,Left,-6.5795813,-4.111125,-7.0784135,-12.985523,-12.746352,-15.61541,-8.247456,-9.973575
2025-10-28 20:16:11.833811,Left,-26.380003,32.137627,49.910263,-41.792515,5.568344,-26.320574,-42.837055,-6.09837
2025-10-28 20:16:11.833820,Left,-0.12342427,-25.229797,-37.91092,3.3382902,-20.918936,-8.261154,13.575051,-8.758027
2025-10-28 20:16:11.833829,Left,-13.078155,0.8291888,2.1124372,-17.777155,-8.204699,-14.835613,-10.106259,-6.809791
2025-10-28 20:16:11.833838,Left,-47.826996,124.59388,145.78035,-125.74644,-9.082829,-102.21706,-74.95778,3.7080305
2025-10-28 20:16:11.833847,Left,-57.87182,117.48054,91.73792,-172.15302,-85.60077,-171.55992,-16.2629,20.667936
2025-10-28 20:16:11.873927,Left,-15.589105,73.35088,-5.8223243,-17.86525,51.94999,97.46496,-8.058582,56.8259
2025-10-28 20:16:11.873977,Left,10.06025,-8.066205,-3.1972222,4.727992,0.40970102,-8.635835,3.7331297,-7.9119716
2025-10-28 20:16:11.873990,Left,0.5264298,2.8857388,-5.8892555,-2.4049954,6.907377,11.283401,4.762535,8.596187
2025-10-28 20:16:11.874000,Left,-22.49093,41.520107,19.101126,-1.9145205,24.453613,58.76653,13.068714,46.44167
2025-10-28 20:16:11.874009,Left,17.4046,-14.12612,-18.118717,-2.3451736,-3.068993,-17.734274,-6.932794,-19.41357
2025-10-28 20:16:11.874018,Left,0.08283224,13.672847,2.0837886,-1.8536352,8.467334,15.046037,-0.5901093,8.431999
2025-10-28 20:16:11.874027,Left,-36.007195,130.47224,2.2035584,-27.521433,88.70588,176.1965,-2.8926842,109.65376
2025-10-28 20:16:11.874036,Left,29.265484,158.39331,-72.3877,-47.504955,130.77258,191.75546,-62.803734,63.963917
2025-10-28 20:16:11.912833,Left,-1.721355,32.80578,-15.247826,-58.355667,-71.925186,-85.89621,61.262,-1.4458696
2025-10-28 20:16:11.912859,Left,4.470542,-11.91128,-4.131179,19.786901,14.432878,20.05886,-7.376509,7.266631
2025-10-28 20:16:11.912864,Left,7.7642493,2.7671323,-1.9758313,2.6013856,-4.0991974,-3.3383474,3.4122543,2.4570072
2025-10-28 20:16:11.912868,Left,-10.869608,32.259674,8.478418,-48.533905,-41.569695,-60.979473,28.8748,-15.762764
2025-10-28 20:16:11.912872,Left,11.918238,-18.873962,-12.873178,28.122301,15.861412,30.066372,-6.308296,15.386332
2025-10-28 20:16:11.912875,Left,-1.7082734,1.8678678,-4.764832,-7.6370306,-9.627686,-10.864361,10.158533,1.4063554
2025-10-28 20:16:11.912879,Left,-10.363695,69.510895,-11.770151,-111.29865,-127.28088,-161.72469,103.10866,-13.540665
2025-10-28 20:16:11.912882,Left,19.407782,18.442057,-79.50515,-54.193707,-122.419464,-111.16679,155.56424,64.99217
2025-10-28 20:16:11.954357,Left,-10.982844,14.047682,62.313194,9.316802,-10.535956,40.824318,87.21643,0.089222714
2025-10-28 20:16:11.954402,Left,3.1310961,8.507921,-0.78670126,-5.547902,1.9785409,1.3813785,-9.237882,-6.085101
2025-10-28 20:16:11.954416,Left,1.6193819,8.589307,11.425561,2.035988,-0.9651547,3.1677852,2.8612845,-7.5427313
2025-10-28 20:16:11.954425,Left,4.801153,0.5238276,34.499653,31.44233,-0.31526363,9.819721,42.90867,14.495662
2025-10-28 20:16:11.954434,Left,0.12720414,14.946541,0.7775027,-14.347597,0.18000692,3.6836305,-13.427827,-15.161499
2025-10-28 20:16:11.954443,Left,2.7766447,8.42176,15.621326,5.578383,0.77330804,8.455365,14.742145,0.35813874
2025-10-28 20:16:11.954452,Left,-8.518241,21.229567,110.428665,33.08,-23.04821,52.875473,139.39148,-1.0357345
2025-10-28 20:16:11.954461,Left,-18.283983,85.37428,155.37643,-39.226315,-38.694344,107.51765,172.96858,-62.778606
2025-10-28 20:16:11.994498,Left,-75.13525,-52.965378,-83.78665,44.397842,-20.548746,24.045145,76.013054,21.456985
2025-10-28 20:16:11.994526,Left,10.237966,3.980457,19.477045,8.288898,20.337626,12.018881,-14.627917,-6.110115
2025-10-28 20:16:11.994532,Left,-5.5784855,-3.9508455,-0.25672218,11.590774,9.598415,12.9064,7.6202726,4.244863
2025-10-28 20:16:11.994536,Left,-56.411484,-25.561003,-51.955173,11.9969845,-28.005405,-7.2060833,56.18653,13.421786
2025-10-28 20:16:11.994540,Left,24.614525,9.800048,31.169403,16.506973,32.390015,23.98811,-21.68555,-3.8742168
2025-10-28 20:16:11.994544,Left,-11.591449,-5.8933477,-6.4126644,15.309831,5.625491,10.78076,14.631307,4.0801435
2025-10-28 20:16:11.994547,Left,-149.10974,-100.27366,-164.78372,54.507164,-64.251076,12.155799,128.86269,27.707417
2025-10-28 20:16:11.994551,Left,-136.52231,-147.48296,-177.29538,98.409,-23.355473,68.59735,61.499527,-6.0753074
2025-10-28 20:16:12.033371,Left,51.92598,63.008217,57.831474,-91.41586,-40.722218,58.26928,56.841454,-74.58241
2025-10-28 20:16:12.033400,Left,-11.38944,-11.399737,-20.811668,4.614623,4.4675856,-16.084866,-22.104237,5.700725
2025-10-28 20:16:12.033406,Left,0.4966476,-0.16594742,-6.398763,-14.639899,-8.502188,-3.5366101,-4.8558536,-8.013618
2025-10-28 20:16:12.033410,Left,46.387783,40.030087,48.071415,-50.537785,-25.50023,43.546658,53.364853,-43.341946
2025-10-28 20:16:12.033414,Left,-25.359186,-22.726154,-37.65667,2.6087275,-0.7006346,-30.876526,-39.368023,8.164854
2025-10-28 20:16:12.033417,Left,6.355754,5.3124275,1.1381705,-22.286806,-12.819163,2.1667664,1.4271615,-17.518867
2025-10-28 20:16:12.033421,Left,109.47724,129.08173,132.90176,-141.10887,-55.02301,126.687195,125.718216,-129.00174
2025-10-28 20:16:12.033424,Left,59.507416,124.8389,79.932625,-173.89352,-61.928165,95.49324,57.40783,-136.76735
2025-10-28 20:16:12.087475,Left,-17.256453,-75.479774,-45.740593,61.89423,43.047356,79.958565,-37.46392,69.488205
2025-10-28 20:16:12.087520,Left,0.9315458,6.573151,2.669135,-28.699339,-12.839601,-17.35753,-0.77721024,-15.930349
2025-10-28 20:16:12.087534,Left,-2.1492908,-6.764194,-3.4273458,-3.0175662,0.29050037,0.68289626,-8.829439,-2.1560287
2025-10-28 20:16:12.087544,Left,-27.802004,-55.9647,-47.36898,44.422905,17.978693,50.943935,-3.649658,51.74276
2025-10-28 20:16:12.087553,Left,10.983126,19.32692,19.918552,-30.334782,-8.173051,-23.754364,-8.486679,-29.251867
2025-10-28 20:16:12.087562,Left,-7.011139,-15.729377,-11.975395,2.4675803,3.3805912,11.088399,-5.1957116,8.867073
2025-10-28 20:16:12.087571,Left,-35.896194,-132.14458,-81.042496,135.27803,87.563866,158.2424,-47.242153,135.44875
2025-10-28 20:16:12.087580,Left,41.856865,-83.589645,1.9087834,123.257996,130.30876,163.19452,-109.13759,97.8874
2025-10-28 20:16:12.113838,Left,16.04228,54.50023,2.1082184,-9.417769,41.680866,46.88052,-2.73029,9.592533
2025-10-28 20:16:12.113877,Left,7.037985,-12.672572,-1.252604,9.674702,-3.4841576,-21.65021,1.0848501,13.076351
2025-10-28 20:16:12.113889,Left,5.3192716,0.9932263,-2.6406593,1.3164501,4.2777367,-1.4154226,1.8636695,8.575403
2025-10-28 20:16:12.113899,Left,-9.62063,49.954006,7.8253193,-24.04548,2.7732112,38.32831,1.2543032,-9.490057
2025-10-28 20:16:12.113908,Left,16.51826,-22.923712,-4.785496,17.476973,4.350657,-28.44198,-3.7689507,15.594165
2025-10-28 20:16:12.113918,Left,4.750145,10.915193,1.0319246,-2.160359,2.3683484,0.49817112,-2.6176105,4.0624337
2025-10-28 20:16:12.113927,Left,21.787712,117.89298,8.847474,-31.473436,59.20722,91.0202,-6.97934,3.1021912
2025-10-28 20:16:12.113935,Left,107.951164,79.07224,-5.853076,38.786743,135.72601,39.856976,-20.90314,68.11857
2025-10-28 20:16:12.153979,Left,-4.7146215,32.574314,80.950676,13.518589,-0.7866414,64.34456,114.237686,18.482801
2025-10-28 20:16:12.154005,Left,6.454365,8.484726,-1.6561106,-0.22408545,16.565123,17.620354,8.867795,16.58762
2025-10-28 20:16:12.154010,Left,4.776615,12.225376,14.376917,6.482281,13.980182,23.423452,26.512688,17.73871
2025-10-28 20:16:12.154014,Left,8.31606,12.308609,45.951668,32.28787,11.674274,35.13024,71.89224,34.295166
2025-10-28 20:16:12.154017,Left,3.3484497,14.139536,-1.7691275,-9.555317,14.701421,18.290514,2.2625797,6.5696454
2025-10-28 20:16:12.154020,Left,7.782465,15.577282,22.125687,11.244117,16.27711,29.989237,39.34088,24.391268
2025-10-28 20:16:12.154024,Left,-3.5095282,49.050873,137.4383,29.038269,-18.872082,83.78565,175.8924,15.424764
2025-10-28 20:16:12.154027,Left,-29.563496,101.591415,178.36436,-34.36478,-33.95309,129.22491,189.93887,-58.36802
2025-10-28 20:16:12.195473,Left,-59.2791,-6.2495813,31.48864,-15.364676,-69.707146,-79.991455,-99.755875,44.10535
2025-10-28 20:16:12.195509,Left,29.720282,7.679785,-20.43503,-22.33085,-0.9610322,-8.638918,0.837478,-21.529364
2025-10-28 20:16:12.195520,Left,11.954864,7.8303647,-3.7119608,-14.339563,-14.248398,-22.499037,-21.803072,-13.346839
2025-10-28 20:16:12.195529,Left,-40.222866,-6.9356375,31.32701,3.4921408,-63.52806,-58.69754,-82.52986,3.286751
2025-10-28 20:16:12.195538,Left,41.67713,15.863153,-25.263336,-28.522272,9.718223,-6.0070643,9.686999,-22.097944
2025-10-28 20:16:12.195547,Left,5.971161,7.4434247,2.0752475,-13.808289,-24.87033,-32.664673,-35.213997,-12.227454
2025-10-28 20:16:12.195556,Left,-128.94191,-27.060432,63.35952,-11.514836,-128.21664,-134.0592,-177.36404,81.1942
2025-10-28 20:16:12.195565,Left,-95.299805,-10.55842,-2.4972947,-101.27787,-97.6112,-155.6224,-151.82942,119.92579
2025-10-28 20:16:12.250718,Left,36.207314,-15.5084915,-2.7474458,42.31109,-1.8581357,-90.46716,-28.704247,-69.66224
2025-10-28 20:16:12.250743,Left,-32.356133,-20.712782,-10.919499,-16.22708,-19.790829,0.084545724,3.3415842,15.339369
2025-10-28 20:16:12.250748,Left,-17.529175,-17.567547,-10.160973,-5.89433,-13.498812,-16.846292,-7.073538,-7.33406
2025-10-28 20:16:12.250752,Left,24.850197,-13.140664,-22.707338,10.552703,16.286373,-42.81052,-34.145874,-49.708263
2025-10-28 20:16:12.250756,Left,-42.242733,-18.318499,1.532433,-9.879044,-27.092794,3.844892,17.735222,25.310862
2025-10-28 20:16:12.250760,Left,-17.408085,-20.79505,-12.709585,-2.518906,-9.120245,-18.525028,-6.1132154,-10.905781
2025-10-28 20:16:12.250764,Left,77.56106,-10.194117,4.524333,93.08999,35.995163,-135.3804,-47.178238,-124.246086
2025-10-28 20:16:12.250768,Left,13.435115,-28.277838,69.75516,151.63077,-24.33391,-181.4633,15.110664,-93.045044
2025-10-28 20:16:12.293507,Left,23.161919,-45.313755,-14.302907,76.70589,17.420128,-34.4955,-1.0055338,53.459602
2025-10-28 20:16:12.293554,Left,8.473485,27.58427,19.206938,-15.060765,-0.50622404,16.857857,13.603246,-10.716908
2025-10-28 20:16:12.293569,Left,5.884963,7.545185,8.705167,4.799066,2.4314487,3.480237,7.3137436,3.462204
2025-10-28 20:16:12.293579,Left,21.150585,-39.376415,-30.228817,52.34399,14.906637,-34.75514,-15.659871,52.22929
2025-10-28 20:16:12.293589,Left,0.73196447,34.262436,30.946934,-20.637403,-4.736045,24.189608,20.13467,-23.602352
2025-10-28 20:16:12.293598,Left,5.3652267,-4.3765736,-1.5999861,8.845552,1.1030939,-4.1608696,4.121666,12.638904
2025-10-28 20:16:12.293607,Left,43.193226,-97.08508,-46.738026,138.75578,23.92218,-82.05095,-17.331821,110.18058
2025-10-28 20:16:12.293616,Left,35.858395,-39.00896,37.790947,115.441635,11.28913,-18.80743,65.642654,72.60502
2025-10-28 20:16:12.347539,Left,27.604887,54.082172,-44.553726,-53.762234,-78.59331,-13.241703,-55.766483,-16.67008
2025-10-28 20:16:12.347583,Left,-0.8085286,-17.763739,-9.121235,3.6289256,-5.139024,-14.559254,-0.18209876,10.757782
2025-10-28 20:16:12.347597,Left,2.5792606,-2.0623033,-7.5006814,-0.5654295,-7.8960114,-3.7483017,-3.0453894,7.2916903
2025-10-28 20:16:12.347607,Left,-4.633393,43.171955,-11.836153,-50.67822,-39.738503,9.94241,-18.30579,-27.95617
2025-10-28 20:16:12.347617,Left,4.527651,-30.24088,-8.311533,24.648794,7.3854713,-14.257194,0.504136,21.277573
2025-10-28 20:16:12.347627,Left,1.945495,4.155607,-9.885952,-9.788919,-13.721146,-1.5553908,-6.280349,1.1742454
2025-10-28 20:16:12.347636,Left,27.230358,94.08156,-75.65406,-112.23892,-135.99075,-12.692341,-95.040565,-50.16379
2025-10-28 20:16:12.347646,Left,117.23032,63.401165,-126.83381,-39.892628,-160.42482,-75.6255,-152.68327,12.638419
2025-10-28 20:16:12.377665,Left,-60.48539,5.898604,26.329357,-29.004372,-68.28576,32.625072,-10.872492,1.4159464
2025-10-28 20:16:12.377706,Left,30.184505,33.436295,25.966803,27.136683,33.35417,20.384052,21.719564,13.014433
2025-10-28 20:16:12.377719,Left,10.745415,20.210571,19.804358,12.638045,10.560165,18.60991,13.906532,10.292024
2025-10-28 20:16:12.377729,Left,-15.04837,0.58079875,31.910479,12.213222,-23.904161,10.512237,-12.992762,-2.674881
2025-10-28 20:16:12.377738,Left,25.599443,34.685017,17.137024,15.496788,30.811106,23.936686,27.817936,15.952353
2025-10-28 20:16:12.377747,Left,13.887144,27.09425,31.304832,20.221577,11.757845,23.666872,10.879584,6.6600685
2025-10-28 20:16:12.377757,Left,-112.0996,-9.738604,42.34518,-46.45676,-123.21284,44.071312,-33.103313,-4.3279314
2025-10-28 20:16:12.377766,Left,-156.74649,48.232544,42.061237,-110.72726,-161.59308,90.22886,-10.311335,-0.98995703
2025-10-28 20:16:12.417801,Left,-69.29802,-14.757603,17.600893,-29.156506,-64.5629,-4.1932425,4.957995,-44.330013
2025-10-28 20:16:12.417829,Left,11.277168,-5.2690344,-22.484114,-20.133293,-1.2725698,-6.88154,-11.527752,1.9610883
2025-10-28 20:16:12.417834,Left,-0.15767203,-4.71016,-11.456317,-18.364988,-14.608211,-8.739172,-7.212347,-3.9990716
2025-10-28 20:16:12.417838,Left,-56.67146,-21.61843,18.535845,-7.8829384,-63.208836,-15.584698,15.707355,-10.398355
2025-10-28 20:16:12.417841,Left,27.39373,2.3187397,-30.010078,-26.829762,10.21339,-6.0481815,-23.045752,-5.676416
2025-10-28 20:16:12.417845,Left,-16.27318,-11.528281,-9.629115,-19.583239,-24.3575,-10.87336,-5.7380586,-7.4194083
2025-10-28 20:16:12.417848,Left,-120.407845,-12.380636,59.896755,-23.380888,-111.7124,-5.4928336,22.770521,-67.16702
2025-10-28 20:16:12.417851,Left,-99.01278,-6.425016,-10.918523,-105.79064,-66.401535,20.08581,-31.627764,-120.94185
2025-10-28 20:16:12.445508,Left,-15.159482,-57.973446,-14.676669,16.000032,-30.586407,-87.506424,-21.400747,-2.4658606
2025-10-28 20:16:12.445557,Left,-0.5503704,7.0403733,12.701324,0.7587759,-4.5988584,3.846374,1.3436697,-14.2528105
2025-10-28 20:16:12.445572,Left,1.07499,-2.6051247,4.9129415,3.0907307,-8.514296,-14.603216,-8.528975,-16.7595
2025-10-28 20:16:12.445582,Left,4.2570977,-28.577229,-35.073376,-2.1800404,-10.192028,-46.581486,-29.955997,-7.346939
2025-10-28 20:16:12.445591,Left,-10.084159,1.8616166,19.342592,1.05622,-9.87161,4.270106,8.765839,-15.378553
2025-10-28 20:16:12.445601,Left,-4.8972754,-13.778156,-7.0363097,-1.4991429,-11.550447,-22.04425,-12.626149,-14.006291
2025-10-28 20:16:12.445609,Left,-21.501928,-108.35439,-54.971962,10.986014,-54.058517,-152.76468,-44.09344,5.0040765
2025-10-28 20:16:12.445618,Left,-74.2832,-151.8061,20.353409,45.46053,-93.94618,-179.89178,25.230833,19.532423
2025-10-28 20:16:12.486822,Left,-3.4297128,6.7472434,-66.17586,-92.731316,37.132267,23.449802,-65.8505,-83.95256
2025-10-28 20:16:12.486847,Left,-8.443999,-15.424556,-5.4652615,7.028309,-6.224714,-7.8696074,7.1054673,16.372622
2025-10-28 20:16:12.486851,Left,-11.303678,-10.300548,-12.848494,-8.985388,2.7820659,1.2154111,-3.7495852,-1.8873415
2025-10-28 20:16:12.486855,Left,-22.30914,-1.3882908,-34.38141,-59.624043,7.3964944,14.178769,-33.80613,-55.258846
2025-10-28 20:16:12.486858,Left,-0.9825727,-10.650799,2.3760786,22.869553,6.5738745,-1.2725351,16.227028,31.957045
2025-10-28 20:16:12.486862,Left,-12.340844,-8.350348,-15.710662,-14.641904,8.687523,6.9943447,-6.60246,-9.017591
2025-10-28 20:16:12.486865,Left,4.5784698,26.78318,-104.54884,-167.87152,53.264297,39.80053,-118.49661,-160.11858
2025-10-28 20:16:12.486868,Left,60.957367,28.32042,-143.22896,-164.50714,113.93031,47.511967,-131.8971,-131.05763
2025-10-28 20:16:12.514469,Left,-67.86168,-78.217705,66.296906,29.904285,-64.71315,-60.40454,79.667175,27.726242
2025-10-28 20:16:12.514511,Left,12.687675,16.705496,-12.51052,-10.775242,13.5975485,25.368364,-0.48923725,6.719654
2025-10-28 20:16:12.514525,Left,-6.8394456,-8.0982895,-3.6986294,-8.555404,-8.408201,-1.0551747,6.832188,6.4766994
2025-10-28 20:16:12.514535,Left,-41.077442,-61.634457,28.359732,13.953134,-46.160557,-49.380978,51.71188,26.893808
2025-10-28 20:16:12.514544,Left,17.059767,26.848038,-14.65085,-16.366482,15.399717,28.828459,-14.067441,-2.8668952
2025-10-28 20:16:12.514553,Left,-10.288515,-13.758325,5.7552357,0.17107745,-9.762599,-3.6510372,19.71492,13.309951
2025-10-28 20:16:12.514562,Left,-134.22812,-163.16765,100.670784,39.434986,-132.7931,-128.32077,138.19328,51.670124
2025-10-28 20:16:12.514571,Left,-122.009285,-109.62703,141.59079,43.150547,-111.20524,-62.928772,161.3488,42.341408
2025-10-28 20:16:12.557210,Left,85.73503,27.653128,-49.049664,-16.696463,87.321434,57.15087,83.28526,-44.868744
2025-10-28 20:16:12.557250,Left,-3.5324223,1.2677956,23.207518,19.994204,-13.022044,2.2711704,-6.4369016,8.876358
2025-10-28 20:16:12.557262,Left,14.298091,10.001332,10.060292,12.398948,10.241206,11.978455,10.53479,0.6889423
2025-10-28 20:16:12.557272,Left,57.209686,23.436617,-39.776924,-32.777935,53.725296,24.433565,53.78829,-5.5991163
2025-10-28 20:16:12.557281,Left,-10.267842,-0.55086434,33.39738,31.946648,-20.500986,0.887912,-15.386116,1.3717391
2025-10-28 20:16:12.557290,Left,20.582527,8.0747595,-2.9163885,-0.4130465,11.076339,10.2191925,15.168179,-3.091618
2025-10-28 20:16:12.557299,Left,151.36385,50.290836,-99.39997,-46.985603,161.21689,99.44613,157.70627,-60.968945
2025-10-28 20:16:12.557307,Left,142.82368,31.766586,-52.75677,44.76323,160.94658,142.73322,150.77235,-141.31017
2025-10-28 20:16:12.597377,Left,90.39295,-48.233788,17.519815,-31.264822,-49.268345,1.9439552,-1.2741618,-50.906666
2025-10-28 20:16:12.597415,Left,-14.1028,10.159102,-8.693934,-5.856961,10.4942,-2.3016953,-10.781189,1.4735428
2025-10-28 20:16:12.597426,Left,7.579531,1.5850589,2.4304287,-2.0835993,3.4616783,2.7555513,-2.3212109,-3.6318684
2025-10-28 20:16:12.597435,Left,60.856033,-15.202764,29.864809,2.907252,-41.61877,-1.1531533,17.504892,-15.545621
2025-10-28 20:16:12.597445,Left,-25.21803,5.3650565,-16.796486,-8.754633,26.016193,2.408097,-16.97235,-1.3011421
2025-10-28 20:16:12.597454,Left,14.384463,-3.4709337,6.346516,-1.3512007,-2.6232846,4.204388,2.0541987,-5.1321354
2025-10-28 20:16:12.597469,Left,170.25343,-79.252884,43.763176,-40.892815,-96.22855,1.2112876,9.314,-85.58432
2025-10-28 20:16:12.597479,Left,135.14598,-140.96542,-28.829147,-122.93881,-48.754215,25.199203,-52.829376,-147.8232
2025-10-28 20:16:12.639177,Left,-63.90719,73.4101,16.911016,-64.118675,-36.064423,88.064316,52.66071,86.27459
2025-10-28 20:16:12.639218,Left,18.192602,-15.62427,-5.0267034,14.602708,12.186398,-22.401793,-12.457224,-22.535658
2025-10-28 20:16:12.639230,Left,3.264407,5.5481477,2.1636355,-0.8227186,0.6375977,0.008447935,-2.9828491,-4.901623
2025-10-28 20:16:12.639239,Left,-56.39744,42.03694,17.390364,-47.015686,-43.573723,51.345413,12.79645,42.472324
2025-10-28 20:16:12.639249,Left,33.39188,-16.432516,-5.96941,25.564896,27.009647,-26.138958,-9.00147,-27.692406
2025-10-28 20:16:12.639257,Left,-5.797816,12.787453,7.3148055,-5.6886964,-3.7888587,10.81865,0.8594623,3.9616332
2025-10-28 20:16:12.639266,Left,-122.929504,140.55919,38.847633,-122.88259,-86.92032,150.54913,81.19956,155.0713
2025-10-28 20:16:12.639275,Left,-74.8507,135.59732,12.495887,-96.57276,-19.624157,137.22165,128.86174,177.47095
2025-10-28 20:16:12.680760,Left,4.364945,-70.386795,-10.014296,28.686087,-17.032862,-62.843056,-74.21048,-90.0714
2025-10-28 20:16:12.680806,Left,-18.46133,7.7754893,-4.0675364,-17.807812,-9.545964,15.92536,13.906079,23.782732
2025-10-28 20:16:12.680821,Left,-14.070367,-11.590539,-7.46556,-6.9994173,-8.972227,-3.475154,-4.336485,-0.27031517
2025-10-28 20:16:12.680831,Left,16.295298,-62.327564,-19.931976,28.351156,7.783415,-51.05086,-40.15476,-59.241165
2025-10-28 20:16:12.680841,Left,-31.4784,15.580034,-1.7115408,-28.365343,-19.975489,23.394735,15.761454,32.824154
2025-10-28 20:16:12.680850,Left,-14.846893,-26.687859,-15.253055,-6.1006255,-9.807766,-12.682126,-11.430115,-10.859554
2025-10-28 20:16:12.680859,Left,19.561535,-142.84834,-29.269417,59.301693,-16.875898,-121.179985,-128.02957,-163.18271
2025-10-28 20:16:12.680868,Left,-50.519905,-97.71601,9.310887,19.246979,-76.1928,-57.253433,-125.292786,-117.9656
2025-10-28 20:36:59.777657,Left,-14.371945,-68.13799,-0.32121354,-38.775383,-26.243925,-11.783243,-100.55745,-99.21064
2025-10-28 20:36:59.781657,Left,2.0422843e-09,1.1467343e-09,-1.9287285e-09,1.106529e-09,-1.5276205e-10,-3.2159901e-09,3.7028255e-10,2.9780396e-09
2025-10-28 20:36:59.785657,Left,1.3773452e-09,1.8143833e-09,-4.8557003e-10,1.106529e-09,-1.5276205e-10,-3.2159901e-09,3.7028255e-10,2.9780396e-09
2025-10-28 20:36:59.789657,Left,2.0422843e-09,1.1467343e-09,-1.9287285e-09,2.2753261e-09,2.4955966e-09,-2.3415702e-11,6.7240963e-10,1.8092424e-09
2025-10-28 20:36:59.793657,Left,1.106529e-09,-1.5276205e-10,-3.2159901e-09,2.0422843e-09,1.1467343e-09,-1.9287285e-09,-1.4436478e-10,2.0422843e-09
2025-10-28 20:36:59.797657,Left,1.3773452e-09,1.8143833e-09,-4.8557003e-10,2.7072233e-09,4.790852e-10,-3.3718872e-09,-1.6561149e-09,1.3773452e-09
2025-10-28 20:36:59.801657,Left,1.3773452e-09,1.8143833e-09,-4.8557003e-10,3.069701e-09,1.6916202e-09,-2.1007633e-09,-1.5672764e-09,1.0148677e-09
2025-10-28 20:36:59.805657,Left,1.3773452e-09,1.8143833e-09,-4.8557003e-10,3.069701e-09,1.6916202e-09,-2.1007633e-09,-1.5672764e-09,1.0148677e-09
2025-10-28 20:36:59.817812,Left,76.58414,23.060757,-101.18413,-42.428726,-30.489805,18.38201,-35.803524,-75.23739
2025-10-28 20:36:59.821812,Left,2.0422843e-09,1.1467343e-09,-1.9287285e-09,1.3773452e-09,1.8143833e-09,-4.855701e-10,1.3673853e-09,2.7072233e-09
2025-10-28 20:36:59.825812,Left,2.9780396e-09,2.4462306e-09,-6.414671e-10,1.3773452e-09,1.8143833e-09,-4.855701e-10,1.3673853e-09,2.7072233e-09
2025-10-28 20:36:59.829812,Left,2.0422843e-09,1.1467343e-09,-1.9287285e-09,3.069701e-09,1.6916202e-09,-2.1007633e-09,-1.5672764e-09,1.0148677e-09
2025-10-28 20:36:59.833812,Left,1.3773452e-09,1.8143833e-09,-4.8557003e-10,2.0422843e-09,1.1467343e-09,-1.9287285e-09,-1.443648e-10,2.0422843e-09
2025-10-28 20:36:59.837812,Left,2.9780396e-09,2.4462306e-09,-6.414671e-10,1.106529e-09,-1.5276205e-10,-3.2159901e-09,3.7028255e-10,2.9780396e-09
2025-10-28 20:36:59.841812,Left,2.9780396e-09,2.4462306e-09,-6.414671e-10,1.8092424e-09,-2.0212818e-10,-3.8340415e-09,-9.611393e-10,2.2753261e-09
2025-10-28 20:36:59.845812,Left,2.9780396e-09,2.4462306e-09,-6.414671e-10,1.8092424e-09,-2.0212818e-10,-3.8340415e-09,-9.611393e-10,2.2753261e-09
2025-10-28 20:36:59.857984,Left,18.971586,-7.0223465,-11.108732,12.883644,17.687347,0.3956072,-2.5274782,10.311511
2025-10-28 20:36:59.861984,Left,2.0422843e-09,1.1467343e-09,-1.9287285e-09,2.9780396e-09,2.4462306e-09,-6.414671e-10,-6.590121e-10,1.106529e-09
2025-10-28 20:36:59.865984,Left,2.7072233e-09,4.790852e-10,-3.3718872e-09,2.9780396e-09,2.4462306e-09,-6.414671e-10,-6.590121e-10,1.106529e-09
2025-10-28 20:36:59.869984,Left,1.0148677e-09,6.018484e-10,-1.7566938e-09,1.8092424e-09,-2.0212818e-10,-3.8340415e-09,-9.611392e-10,2.2753261e-09
2025-10-28 20:36:59.873984,Left,2.9780396e-09,2.4462306e-09,-6.414671e-10,2.0422843e-09,1.1467343e-09,-1.9287285e-09,-1.443648e-10,2.0422843e-09
2025-10-28 20:36:59.877984,Left,2.7072233e-09,4.790852e-10,-3.3718872e-09,1.3773452e-09,1.8143833e-09,-4.855701e-10,1.3673853e-09,2.7072233e-09
2025-10-28 20:36:59.881984,Left,2.7072233e-09,4.790852e-10,-3.3718872e-09,1.0148677e-09,6.018484e-10,-1.7566938e-09,1.2785468e-09,3.069701e-09
2025-10-28 20:36:59.885984,Left,2.7072233e-09,4.790852e-10,-3.3718872e-09,1.0148677e-09,6.018484e-10,-1.7566938e-09,-9.611392e-10,2.2753261e-09
2025-10-28 20:36:59.898105,Left,1.9228011,6.1598444,10.8892145,6.6389694,12.790439,12.228397,16.49553,44.898277
2025-10-28 20:36:59.902105,Left,2.0422843e-09,1.1467343e-09,-1.9287285e-09,2.7072233e-09,4.790852e-10,-3.3718872e-09,-1.6561149e-09,1.3773452e-09
2025-10-28 20:36:59.906105,Left,1.106529e-09,-1.5276205e-10,-3.2159901e-09,2.7072233e-09,4.790852e-10,-3.3718872e-09,-1.6561149e-09,1.3773452e-09
2025-10-28 20:36:59.910105,Left,2.0422843e-09,1.1467343e-09,-1.9287285e-09,1.0148677e-09,6.018484e-10,-1.7566938e-09,-1.6561149e-09,1.3773452e-09
2025-10-28 20:36:59.914105,Left,2.7072233e-09,4.790852e-10,-3.3718872e-09,2.0422843e-09,1.1467343e-09,-1.9287285e-09,-1.443648e-10,2.0422843e-09
2025-10-28 20:36:59.918105,Left,1.106529e-09,-1.5276205e-10,-3.2159901e-09,2.9780396e-09,2.4462306e-09,-6.414671e-10,-6.590121e-10,1.106529e-09
2025-10-28 20:36:59.922105,Left,1.106529e-09,-1.5276205e-10,-3.2159901e-09,2.2753261e-09,2.4955968e-09,-2.3415698e-11,6.7240963e-10,1.8092424e-09
2025-10-28 20:36:59.926105,Left,1.106529e-09,-1.5276205e-10,-3.2159901e-09,1.0148677e-09,6.018484e-10,-1.7566938e-09,1.2785468e-09,3.069701e-09
2025-10-28 20:36:59.938339,Left,-10.138336,-4.429978,15.021467,-25.260628,-14.342745,29.344818,33.767628,18.252838
2025-10-28 20:36:59.942339,Left,2.0422843e-09,1.1467343e-09,-1.9287285e-09,1.106529e-09,-1.5276205e-10,-3.2159901e-09,3.7028255e-10,2.9780396e-09
2025-10-28 20:36:59.946339,Left,1.3773452e-09,1.8143833e-09,-4.855701e-10,1.106529e-09,-1.5276205e-10,-3.2159901e-09,3.7028255e-10,2.9780396e-09
2025-10-28 20:36:59.950339,Left,2.0422843e-09,1.1467343e-09,-1.9287285e-09,2.2753261e-09,2.4955966e-09,-2.3415695e-11,6.7240963e-10,1.8092424e-09
2025-10-28 20:36:59.954339,Left,1.106529e-09,-1.5276205e-10,-3.2159901e-09,2.0422843e-09,1.1467343e-09,-1.9287285e-09,-1.443648e-10,2.0422843e-09
2025-10-28 20:36:59.958339,Left,1.3773452e-09,1.8143833e-09,-4.8557003e-10,2.7072233e-09,4.790852e-10,-3.3718872e-09,-1.6561149e-09,1.3773452e-09
2025-10-28 20:36:59.962339,Left,1.3773452e-09,1.8143833e-09,-4.855701e-10,3.069701e-09,1.6916202e-09,-2.1007633e-09,-1.5672764e-09,1.0148677e-09
2025-10-28 20:36:59.966339,Left,1.3773452e-09,1.8143833e-09,-4.855701e-10,3.069701e-09,1.6916202e-09,-2.1007633e-09,-1.5672764e-09,1.0148677e-09
2025-10-28 20:36:59.978476,Left,-4.4111857,17.925074,-8.062053,6.0032215,-0.51370615,-6.2919297,36.08818,40.694454
2025-10-28 20:36:59.982476,Left,2.0422843e-09,1.1467343e-09,-1.9287285e-09,1.3773452e-09,1.8143833e-09,-4.8557003e-10,1.3673853e-09,2.7072233e-09
2025-10-28 20:36:59.986476,Left,2.9780396e-09,2.4462306e-09,-6.414671e-10,1.3773452e-09,1.8143833e-09,-4.8557003e-10,1.3673853e-09,2.7072233e-09
2025-10-28 20:36:59.990476,Left,2.0422843e-09,1.1467343e-09,-1.9287285e-09,1.3773452e-09,1.8143833e-09,-4.8557003e-10,1.3673853e-09,2.7072233e-09
2025-10-28 20:36:59.994476,Left,1.3773452e-09,1.8143833e-09,-4.855701e-10,2.0422843e-09,1.1467343e-09,-1.9287285e-09,-1.443648e-10,2.0422843e-09
2025-10-28 20:36:59.998476,Left,2.9780396e-09,2.4462306e-09,-6.414671e-10,1.106529e-09,-1.5276205e-10,-3.2159901e-09,3.7028255e-10,2.9780396e-09
2025-10-28 20:37:00.002476,Left,2.9780396e-09,2.4462306e-09,-6.414671e-10,1.8092424e-09,-2.0212818e-10,-3.8340415e-09,-9.611393e-10,2.2753261e-09
2025-10-28 20:37:00.006476,Left,2.9780396e-09,2.4462306e-09,-6.414671e-10,1.8092424e-09,-2.0212818e-10,-3.8340415e-09,-9.611393e-10,2.2753261e-09
2025-10-28 20:37:00.047542,Left,-52.297234,-24.121853,41.287926,-17.062,-56.558697,16.921442,144.3733,1095.5273
2025-10-28 20:37:00.051542,Left,2.0422843e-09,1.1467343e-09,-1.9287285e-09,-4.8557003e-10,-1.9287285e-09,1.1467343e-09,-1.9287285e-09,-1.443648e-10
2025-10-28 20:37:00.055542,Left,2.7072233e-09,4.790852e-10,-3.3718872e-09,-4.8557003e-10,-3.2159901e-09,1.8143833e-09,-4.8557003e-10,1.3673853e-09
2025-10-28 20:37:00.059542,Left,1.0148677e-09,6.018484e-10,-1.7566938e-09,-4.8557003e-10,-1.9287285e-09,1.1467343e-09,-1.9287285e-09,-1.443648e-10
2025-10-28 20:37:00.063542,Left,2.9780396e-09,2.4462306e-09,-6.414671e-10,-1.9287285e-09,-3.3718872e-09,-1.5276205e-10,-3.2159901e-09,3.7028255e-10
2025-10-28 20:37:00.067542,Left,2.7072233e-09,4.790852e-10,-3.3718872e-09,-3.2159901e-09,-3.2159901e-09,1.8143833e-09,-4.855701e-10,1.3673853e-09
2025-10-28 20:37:00.071542,Left,2.7072233e-09,4.790852e-10,-3.3718872e-09,-3.8340415e-09,-1.9287285e-09,1.8143833e-09,-4.8557003e-10,1.3673853e-09
2025-10-28 20:37:00.075542,Left,2.7072233e-09,4.790852e-10,-3.3718872e-09,-3.8340415e-09,-3.2159901e-09,1.8143833e-09,-4.8557003e-10,1.3673853e-09
2025-10-28 20:37:00.087731,Left,4331.498,3096.7349,1501.9841,672.26886,-298.24466,-2585.705,-4112.598,-5000.543
2025-10-28 20:37:00.091731,Left,-1.9287285e-09,-1.4436478e-10,2.0422843e-09,1.1467343e-09,-1.9287285e-09,-1.4436478e-10,2.0422843e-09,1.1467343e-09
2025-10-28 20:37:00.095731,Left,-3.3718872e-09,-1.6561149e-09,1.3773452e-09,1.8143833e-09,-4.8557003e-10,1.3673853e-09,2.7072233e-09,4.790852e-10
2025-10-28 20:37:00.099731,Left,-1.9287285e-09,1.2785469e-09,3.069701e-09,1.6916202e-09,-2.1007633e-09,-1.4436478e-10,2.0422843e-09,1.1467343e-09
2025-10-28 20:37:00.103731,Left,-6.414671e-10,-6.590121e-10,1.106529e-09,-1.5276205e-10,-3.2159901e-09,3.7028255e-10,2.9780396e-09,2.4462306e-09
2025-10-28 20:37:00.107731,Left,-3.3718872e-09,-1.6561149e-09,1.3773452e-09,1.8143833e-09,-4.8557003e-10,1.3673853e-09,2.7072233e-09,4.790852e-10
2025-10-28 20:37:00.111731,Left,-3.3718872e-09,-1.6561149e-09,1.3773452e-09,1.8143833e-09,-4.8557003e-10,1.3673853e-09,2.7072233e-09,4.790852e-10
2025-10-28 20:37:00.115731,Left,-3.3718872e-09,-1.6561149e-09,1.3773452e-09,1.8143833e-09,-4.8557003e-10,1.3673853e-09,2.7072233e-09,4.790852e-10
2025-10-28 20:37:00.115290,Left,-4326.946,-2053.191,-1282.8744,-1765.4294,-1370.1342,-1435.2716,-2394.3289,-1207.3203
2025-10-28 20:37:00.119290,Left,2.0422843e-09,1.1467343e-09,-1.9287285e-09,-1.4436478e-10,2.0422843e-09,1.1467343e-09,-1.9287285e-09,-1.4436478e-10
2025-10-28 20:37:00.123290,Left,1.3773452e-09,1.8143833e-09,-4.855701e-10,1.3673853e-09,2.7072233e-09,4.790852e-10,-3.3718872e-09,-1.6561149e-09
2025-10-28 20:37:00.127290,Left,3.069701e-09,1.6916202e-09,-2.1007633e-09,-1.4436478e-10,2.0422843e-09,1.1467343e-09,-1.9287285e-09,-1.4436478e-10
2025-10-28 20:37:00.131290,Left,1.106529e-09,-1.5276205e-10,-3.2159901e-09,3.7028255e-10,2.9780396e-09,2.4462306e-09,-6.414671e-10,-6.590121e-10
2025-10-28 20:37:00.135290,Left,1.3773452e-09,1.8143833e-09,-4.8557003e-10,1.3673853e-09,2.7072233e-09,4.790852e-10,-3.3718872e-09,-1.6561149e-09
2025-10-28 20:37:00.139290,Left,1.3773452e-09,1.8143833e-09,-4.855701e-10,1.3673853e-09,2.7072233e-09,4.790852e-10,-3.3718872e-09,-1.4436478e-10
2025-10-28 20:37:00.143290,Left,1.3773452e-09,1.8143833e-09,-4.855701e-10,1.3673853e-09,2.7072233e-09,4.790852e-10,-3.3718872e-09,-1.6561149e-09
2025-10-28 20:37:00.155578,Left,989.8213,2974.7969,4758.3306,6325.55,5624.104,3114.0122,2798.7058,1543.3285
2025-10-28 20:37:00.159578,Left,-1.9287285e-09,-1.4436478e-10,2.0422843e-09,1.1467343e-09,-1.9287285e-09,-1.4436478e-10,2.0422843e-09,1.1467343e-09
2025-10-28 20:37:00.163578,Left,-4.8557003e-10,1.3673853e-09,2.7072233e-09,4.790852e-10,-3.3718872e-09,-1.6561149e-09,1.3773452e-09,1.8143833e-09
2025-10-28 20:37:00.167578,Left,-1.9287285e-09,-1.4436478e-10,2.0422843e-09,1.1467343e-09,-1.9287285e-09,-1.4436478e-10,2.0422843e-09,1.1467343e-09
2025-10-28 20:37:00.171578,Left,-3.2159901e-09,3.7028255e-10,2.9780396e-09,2.4462306e-09,-6.414671e-10,-6.590121e-10,1.106529e-09,-1.5276205e-10
2025-10-28 20:37:00.175578,Left,-4.8557003e-10,1.3673853e-09,2.7072233e-09,4.790852e-10,-3.3718872e-09,-1.6561149e-09,1.3773452e-09,1.8143833e-09
2025-10-28 20:37:00.179578,Left,-1.9287285e-09,1.3673853e-09,2.7072233e-09,4.790852e-10,-3.3718872e-09,-1.6561149e-09,1.3773452e-09,1.8143833e-09
2025-10-28 20:37:00.183578,Left,-4.8557003e-10,1.3673853e-09,2.7072233e-09,4.790852e-10,-3.3718872e-09,-1.6561149e-09,1.3773452e-09,1.8143833e-09
2025-10-28 20:37:00.181907,Left,2803.3186,2292.2207,725.2876,502.51498,721.2209,1048.9202,788.9322,70.54055
2025-10-28 20:37:00.185907,Left,2.0422843e-09,1.1467343e-09,-1.9287285e-09,-1.4436478e-10,2.0422843e-09,1.1467343e-09,-1.9287285e-09,-1.4436478e-10
2025-10-28 20:37:00.189907,Left,2.7072233e-09,4.790852e-10,-3.3718872e-09,-1.6561149e-09,1.3773452e-09,1.8143833e-09,-4.8557003e-10,1.3673853e-09
2025-10-28 20:37:00.193907,Left,1.0148677e-09,6.018484e-10,-1.7566938e-09,1.2785468e-09,3.069701e-09,1.6916202e-09,-2.1007633e-09,-1.4436478e-10
2025-10-28 20:37:00.197907,Left,2.9780396e-09,2.4462306e-09,-6.414671e-10,-6.590121e-10,1.106529e-09,-1.5276205e-10,-3.2159901e-09,3.7028255e-10
2025-10-28 20:37:00.201907,Left,2.7072233e-09,4.790852e-10,-3.3718872e-09,-1.6561149e-09,1.3773452e-09,1.8143833e-09,-4.8557003e-10,1.3673853e-09
2025-10-28 20:37:00.205907,Left,2.7072233e-09,4.790852e-10,-3.3718872e-09,-1.6561149e-09,1.3773452e-09,1.8143833e-09,-4.8557003e-10,1.3673853e-09
2025-10-28 20:37:00.209907,Left,2.7072233e-09,4.790852e-10,-3.3718872e-09,-1.6561149e-09,1.3773452e-09,1.8143833e-09,-4.8557003e-10,1.3673853e-09
2025-10-28 20:37:00.220870,Left,-424.97763,-790.17255,-1010.2052,-1138.0656,-1210.9082,-1172.9456,-1455.663,-1298.2622
2025-10-28 20:37:00.224870,Left,-1.9287285e-09,2.9780396e-09,2.4462306e-09,-6.414671e-10,2.0422843e-09,1.1467343e-09,-1.9287285e-09,1.3773452e-09
2025-10-28 20:37:00.228870,Left,-3.3718872e-09,2.9780396e-09,2.4462306e-09,-6.414671e-10,2.9780396e-09,2.4462306e-09,-6.414671e-10,1.3773452e-09
2025-10-28 20:37:00.232870,Left,-1.9287285e-09,1.8092424e-09,-2.0212818e-10,-3.8340415e-09,2.0422843e-09,1.1467343e-09,-1.9287285e-09,1.3773452e-09
2025-10-28 20:37:00.236870,Left,-6.414671e-10,2.0422843e-09,1.1467343e-09,-1.9287285e-09,1.3773452e-09,1.8143833e-09,-4.8557003e-10,2.0422843e-09
2025-10-28 20:37:00.240870,Left,-3.3718872e-09,1.3773452e-09,1.8143833e-09,-4.855701e-10,2.9780396e-09,2.4462306e-09,-6.414671e-10,1.106529e-09
2025-10-28 20:37:00.244870,Left,-3.3718872e-09,1.0148677e-09,6.018484e-10,-1.7566938e-09,2.9780396e-09,2.4462306e-09,-6.414671e-10,1.8092424e-09
2025-10-28 20:37:00.248870,Left,-3.3718872e-09,1.0148677e-09,6.018484e-10,-1.7566938e-09,2.9780396e-09,2.4462306e-09,-6.414671e-10,1.8092424e-09
2025-10-28 20:37:00.262212,Left,-1152.263,-1542.8125,-1525.3793,-922.1565,-1306.5187,-1046.4447,-622.5466,-664.8407
2025-10-28 20:37:00.266212,Left,1.3673853e-09,2.7072233e-09,4.790852e-10,-3.3718872e-09,2.0422843e-09,1.1467343e-09,-1.9287285e-09,-1.4436478e-10
2025-10-28 20:37:00.270212,Left,1.3673853e-09,2.7072233e-09,4.790852e-10,-3.3718872e-09,2.7072233e-09,4.790852e-10,-3.3718872e-09,-1.6561149e-09
2025-10-28 20:37:00.274212,Left,-1.5672764e-09,1.0148677e-09,6.018484e-10,-1.7566938e-09,2.0422843e-09,1.1467343e-09,-1.9287285e-09,-1.4436478e-10
2025-10-28 20:37:00.278212,Left,-1.4436478e-10,2.0422843e-09,1.1467343e-09,-1.9287285e-09,2.9780396e-09,2.4462306e-09,-6.414671e-10,-6.590121e-10
2025-10-28 20:37:00.282212,Left,3.7028255e-10,2.9780396e-09,2.4462306e-09,-6.414671e-10,2.7072233e-09,4.790852e-10,-3.3718872e-09,-1.6561149e-09
2025-10-28 20:37:00.286212,Left,-9.611392e-10,2.2753261e-09,2.4955966e-09,-2.3415695e-11,2.7072233e-09,4.790852e-10,-3.3718872e-09,-1.6561149e-09
2025-10-28 20:37:00.290212,Left,-9.611392e-10,2.2753261e-09,2.4955966e-09,-2.3415695e-11,2.7072233e-09,4.790852e-10,-3.3718872e-09,-1.6561149e-09
2025-10-28 20:37:00.301204,Left,-349.77533,163.75027,281.73276,-299.79242,160.57289,135.13344,345.0856,596.39545
2025-10-28 20:37:00.305204,Left,-1.9287285e-09,1.106529e-09,-1.5276205e-10,-3.2159901e-09,2.0422843e-09,1.1467343e-09,-1.9287285e-09,-1.4436478e-10
2025-10-28 20:37:00.309204,Left,-4.8557003e-10,1.106529e-09,-1.5276205e-10,-3.2159901e-09,1.106529e-09,-1.5276205e-10,-3.2159901e-09,3.7028255e-10
2025-10-28 20:37:00.313204,Left,-1.9287285e-09,2.2753261e-09,2.4955966e-09,-2.3415695e-11,2.2753261e-09,2.4955966e-09,-2.3415695e-11,-1.4436478e-10
2025-10-28 20:37:00.317204,Left,-3.2159901e-09,2.0422843e-09,1.1467343e-09,-1.9287285e-09,2.7072233e-09,4.790852e-10,-3.3718872e-09,-1.6561149e-09
2025-10-28 20:37:00.321204,Left,-4.8557003e-10,2.7072233e-09,4.790852e-10,-3.3718872e-09,1.106529e-09,-1.5276205e-10,-3.2159901e-09,3.7028255e-10
2025-10-28 20:37:00.325204,Left,-4.8557003e-10,3.069701e-09,1.6916202e-09,-2.1007633e-09,1.106529e-09,-1.5276205e-10,-3.2159901e-09,3.7028255e-10
2025-10-28 20:37:00.329204,Left,-4.8557003e-10,3.069701e-09,1.6916202e-09,-2.1007633e-09,1.106529e-09,-1.5276205e-10,-3.2159901e-09,3.7028255e-10
2025-10-28 20:37:00.341393,Left,637.03107,257.5177,412.10675,867.6661,886.4911,739.557,242.33195,467.05148
2025-10-28 20:37:00.345393,Left,-1.9287285e-09,1.3773452e-09,1.8143833e-09,-4.8557003e-10,2.0422843e-09,1.1467343e-09,-1.9287285e-09,-1.4436478e-10
2025-10-28 20:37:00.349393,Left,-6.414671e-10,1.3773452e-09,1.8143833e-09,-4.8557003e-10,1.3773452e-09,1.8143833e-09,-4.8557003e-10,1.3673853e-09
2025-10-28 20:37:00.353393,Left,-1.9287285e-09,1.3773452e-09,1.8143833e-09,-4.8557003e-10,2.0422843e-09,1.1467343e-09,-1.9287285e-09,-1.4436478e-10
2025-10-28 20:37:00.357393,Left,-4.8557003e-10,2.0422843e-09,1.1467343e-09,-1.9287285e-09,1.106529e-09,-1.5276205e-10,-3.2159901e-09,3.7028255e-10
2025-10-28 20:37:00.361393,Left,-6.414671e-10,1.106529e-09,-1.5276205e-10,-3.2159901e-09,1.3773452e-09,1.8143833e-09,-4.8557003e-10,1.3673853e-09
2025-10-28 20:37:00.365393,Left,-6.414671e-10,1.8092424e-09,-2.0212818e-10,-3.8340415e-09,1.3773452e-09,1.8143833e-09,-4.8557003e-10,1.3673853e-09
2025-10-28 20:37:00.369393,Left,-6.414671e-10,1.8092424e-09,-2.0212818e-10,-3.8340415e-09,1.3773452e-09,1.8143833e-09,-4.8557003e-10,1.3673853e-09
2025-10-28 20:37:00.382845,Left,189.1012,218.21504,290.65607,375.76126,226.59758,115.09143,87.399506,116.65448
2025-10-28 20:37:00.386845,Left,-1.9287285e-09,2.9780396e-09,2.4462306e-09,-6.414671e-10,-6.590121e-10,1.106529e-09,-1.5276205e-10,-3.2159901e-09
2025-10-28 20:37:00.390845,Left,-3.3718872e-09,2.9780396e-09,2.4462306e-09,-6.414671e-10,-6.590121e-10,1.106529e-09,-1.5276205e-10,-3.2159901e-09
2025-10-28 20:37:00.394845,Left,-1.9287285e-09,1.8092424e-09,-2.0212818e-10,-3.8340415e-09,-9.611392e-10,2.2753261e-09,2.4955966e-09,-2.3415695e-11
2025-10-28 20:37:00.398845,Left,-6.414671e-10,2.0422843e-09,1.1467343e-09,-1.9287285e-09,-1.4436478e-10,2.0422843e-09,1.1467343e-09,-1.9287285e-09
2025-10-28 20:37:00.402845,Left,-3.3718872e-09,1.3773452e-09,1.8143833e-09,-4.8557003e-10,1.3673853e-09,2.7072233e-09,4.790852e-10,-3.3718872e-09
2025-10-28 20:37:00.406845,Left,-3.3718872e-09,2.0422843e-09,1.1467343e-09,-1.9287285e-09,-1.4436478e-10,2.0422843e-09,1.1467343e-09,-1.9287285e-09
2025-10-28 20:37:00.410845,Left,-3.3718872e-09,1.0148677e-09,6.018484e-10,-1.7566938e-09,1.2785469e-09,3.069701e-09,1.6916202e-09,-2.1007633e-09
2025-10-28 20:37:00.424310,Left,-42.819744,-143.28275,-116.79561,-99.73444,-139.08058,-117.62052,-202.79733,-213.98402
2025-10-28 20:37:00.428310,Left,-1.9287285e-09,-1.4436478e-10,2.0422843e-09,1.1467343e-09,-1.9287285e-09,1.3773452e-09,1.8143833e-09,-4.8557003e-10
2025-10-28 20:37:00.432310,Left,-3.2159901e-09,3.7028255e-10,2.9780396e-09,2.4462306e-09,-6.414671e-10,1.3773452e-09,1.8143833e-09,-4.8557003e-10
2025-10-28 20:37:00.436310,Left,-1.9287285e-09,6.7240963e-10,1.8092424e-09,-2.0212818e-10,-3.8340415e-09,3.069701e-09,1.6916202e-09,-2.1007633e-09
2025-10-28 20:37:00.440310,Left,-3.3718872e-09,-1.6561149e-09,1.3773452e-09,1.8143833e-09,-4.8557003e-10,2.0422843e-09,1.1467343e-09,-1.9287285e-09
2025-10-28 20:37:00.444310,Left,-3.2159901e-09,3.7028255e-10,2.9780396e-09,2.4462306e-09,-6.414671e-10,1.106529e-09,-1.5276205e-10,-3.2159901e-09
2025-10-28 20:37:00.448310,Left,-3.2159901e-09,3.7028255e-10,2.9780396e-09,2.4462306e-09,-6.414671e-10,1.8092424e-09,-2.0212818e-10,-3.8340415e-09
2025-10-28 20:37:00.452310,Left,-3.2159901e-09,3.7028255e-10,2.9780396e-09,2.4462306e-09,-6.414671e-10,3.069701e-09,1.6916202e-09,-2.1007633e-09
2025-10-28 20:37:00.465717,Left,-256.04898,-171.1478,-315.52722,-222.38347,-47.869522,-1.4696292,-17.464968,-272.16287
2025-10-28 20:37:00.469717,Left,4.790852e-10,-3.3718872e-09,2.0422843e-09,1.1467343e-09,-1.9287285e-09,2.9780396e-09,2.4462306e-09,-6.414671e-10
2025-10-28 20:37:00.473717,Left,4.790852e-10,-3.3718872e-09,2.7072233e-09,4.790852e-10,-3.3718872e-09,2.9780396e-09,2.4462306e-09,-6.414671e-10
2025-10-28 20:37:00.477717,Left,6.018484e-10,-1.7566938e-09,2.0422843e-09,1.1467343e-09,-1.9287285e-09,1.8092424e-09,-2.0212818e-10,-3.8340415e-09
2025-10-28 20:37:00.481717,Left,1.1467343e-09,-1.9287285e-09,2.9780396e-09,2.4462306e-09,-6.414671e-10,2.0422843e-09,1.1467343e-09,-1.9287285e-09
2025-10-28 20:37:00.485717,Left,2.4462306e-09,-6.414671e-10,2.7072233e-09,4.790852e-10,-3.3718872e-09,1.3773452e-09,1.8143833e-09,-4.8557003e-10
2025-10-28 20:37:00.489717,Left,2.4955966e-09,-2.3415695e-11,2.7072233e-09,4.790852e-10,-3.3718872e-09,1.0148677e-09,6.018484e-10,-1.7566938e-09
2025-10-28 20:37:00.493717,Left,2.4955966e-09,-2.3415695e-11,2.7072233e-09,4.790852e-10,-3.3718872e-09,1.0148677e-09,6.018484e-10,-1.7566938e-09
2025-10-28 20:37:00.521010,Left,58.180008,-208.21341,-147.33379,105.96498,116.24577,-127.633995,-103.94335,153.07738
2025-10-28 20:37:00.525010,Left,-1.5276205e-10,-3.2159901e-09,3.7028255e-10,2.9780396e-09,2.4462306e-09,-6.414671e-10,4.790852e-10,-3.3718872e-09
2025-10-28 20:37:00.529010,Left,-1.5276205e-10,-3.2159901e-09,3.7028255e-10,2.9780396e-09,2.4462306e-09,-6.414671e-10,4.790852e-10,-3.3718872e-09
2025-10-28 20:37:00.533010,Left,2.4955966e-09,-2.3415695e-11,6.7240963e-10,1.8092424e-09,-2.0212818e-10,-3.8340415e-09,6.018484e-10,-1.7566938e-09
2025-10-28 20:37:00.537010,Left,1.1467343e-09,-1.9287285e-09,-1.4436478e-10,2.0422843e-09,1.1467343e-09,-1.9287285e-09,1.1467343e-09,-1.9287285e-09
2025-10-28 20:37:00.541010,Left,4.790852e-10,-3.3718872e-09,-1.6561149e-09,1.3773452e-09,1.8143833e-09,-4.8557003e-10,2.4462306e-09,-6.414671e-10
2025-10-28 20:37:00.545010,Left,1.6916202e-09,-2.1007633e-09,-1.5672764e-09,1.0148677e-09,6.018484e-10,-1.7566938e-09,2.4955966e-09,-2.3415695e-11
2025-10-28 20:37:00.549010,Left,1.6916202e-09,-2.1007633e-09,-1.5672764e-09,1.0148677e-09,6.018484e-10,-1.7566938e-09,2.4955966e-09,-2.3415695e-11
2025-10-28 20:37:00.548637,Left,353.18103,303.03525,709.8479,2084.03,823.07477,246.09953,32.77941,-3107.0806
2025-10-28 20:37:00.552637,Left,2.0422843e-09,1.1467343e-09,-1.9287285e-09,-1.4436478e-10,2.0422843e-09,1.1467343e-09,-1.9287285e-09,-1.4436478e-10
2025-10-28 20:37:00.556637,Left,1.106529e-09,-1.5276205e-10,-3.2159901e-09,3.7028255e-10,2.9780396e-09,2.4462306e-09,-6.414671e-10,-6.590121e-10
2025-10-28 20:37:00.560637,Left,2.0422843e-09,1.1467343e-09,-1.9287285e-09,6.7240963e-10,1.8092424e-09,-2.0212818e-10,-3.8340415e-09,-9.611392e-10
2025-10-28 20:37:00.564637,Left,2.7072233e-09,4.790852e-10,-3.3718872e-09,-1.6561149e-09,1.3773452e-09,1.8143833e-09,-4.8557003e-10,1.3673853e-09
2025-10-28 20:37:00.568637,Left,1.106529e-09,-1.5276205e-10,-3.2159901e-09,3.7028255e-10,2.9780396e-09,2.4462306e-09,-6.414671e-10,-6.590121e-10
2025-10-28 20:37:00.572637,Left,1.106529e-09,-1.5276205e-10,-3.2159901e-09,3.7028255e-10,2.9780396e-09,2.4462306e-09,-6.414671e-10,-6.590121e-10
2025-10-28 20:37:00.576637,Left,1.106529e-09,-1.5276205e-10,-3.2159901e-09,3.7028255e-10,2.9780396e-09,2.4462306e-09,-6.414671e-10,-6.590121e-10
2025-10-28 20:37:00.587516,Left,-30.64585,548.57904,242.58395,-503.08917,-586.13684,534.5591,514.77014,357.98373
2025-10-28 20:37:00.591516,Left,-1.9287285e-09,-1.4436478e-10,2.0422843e-09,1.1467343e-09,-1.9287285e-09,-1.4436478e-10,2.0422843e-09,1.1467343e-09
2025-10-28 20:37:00.595516,Left,-3.2159901e-09,3.7028255e-10,2.9780396e-09,2.4462306e-09,-6.414671e-10,-6.590121e-10,1.106529e-09,-1.5276205e-10
2025-10-28 20:37:00.599516,Left,-2.3415695e-11,-1.4436478e-10,2.0422843e-09,1.1467343e-09,-1.9287285e-09,-9.611392e-10,2.2753261e-09,2.4955966e-09
2025-10-28 20:37:00.603516,Left,-3.3718872e-09,-1.6561149e-09,1.3773452e-09,1.8143833e-09,-4.8557003e-10,1.3673853e-09,2.7072233e-09,4.790852e-10
2025-10-28 20:37:00.607516,Left,-3.2159901e-09,3.7028255e-10,2.9780396e-09,2.4462306e-09,-6.414671e-10,-6.590121e-10,1.106529e-09,-1.5276205e-10
2025-10-28 20:37:00.611516,Left,-3.2159901e-09,3.7028255e-10,2.9780396e-09,2.4462306e-09,-6.414671e-10,-6.590121e-10,1.106529e-09,-1.5276205e-10
2025-10-28 20:37:00.615516,Left,-3.2159901e-09,3.7028255e-10,2.9780396e-09,2.4462306e-09,-6.414671e-10,-6.590121e-10,1.106529e-09,-1.5276205e-10
2025-10-28 20:37:00.627654,Left,140.44975,553.9493,1016.0042,928.2485,641.3948,117.07626,223.56563,312.57715
2025-10-28 20:37:00.631654,Left,2.0422843e-09,1.1467343e-09,-1.9287285e-09,1.3773452e-09,1.8143833e-09,-4.8557003e-10,2.0422843e-09,1.1467343e-09
2025-10-28 20:37:00.635654,Left,2.9780396e-09,2.4462306e-09,-6.414671e-10,1.3773452e-09,1.8143833e-09,-4.8557003e-10,1.3773452e-09,1.8143833e-09
2025-10-28 20:37:00.639654,Left,2.0422843e-09,1.1467343e-09,-1.9287285e-09,3.069701e-09,1.6916202e-09,-2.1007633e-09,2.0422843e-09,1.1467343e-09
2025-10-28 20:37:00.643654,Left,1.3773452e-09,1.8143833e-09,-4.8557003e-10,2.0422843e-09,1.1467343e-09,-1.9287285e-09,1.106529e-09,-1.5276205e-10
2025-10-28 20:37:00.647654,Left,2.9780396e-09,2.4462306e-09,-6.414671e-10,1.106529e-09,-1.5276205e-10,-3.2159901e-09,1.3773452e-09,1.8143833e-09
2025-10-28 20:37:00.651654,Left,2.9780396e-09,2.4462306e-09,-6.414671e-10,1.8092424e-09,-2.0212818e-10,-3.8340415e-09,1.3773452e-09,1.8143833e-09
2025-10-28 20:37:00.655654,Left,2.9780396e-09,2.4462306e-09,-6.414671e-10,1.8092424e-09,-2.0212818e-10,-3.8340415e-09,1.3773452e-09,1.8143833e-09
2025-10-28 20:37:00.667803,Left,174.77582,114.14422,187.99359,232.13437,24.201496,-295.0917,-282.86105,-191.36171
2025-10-28 20:37:00.671803,Left,-1.5276205e-10,-3.2159901e-09,3.7028255e-10,2.9780396e-09,2.4462306e-09,-6.414671e-10,2.0422843e-09,1.1467343e-09
2025-10-28 20:37:00.675803,Left,-1.5276205e-10,-3.2159901e-09,3.7028255e-10,2.9780396e-09,2.4462306e-09,-6.414671e-10,2.9780396e-09,2.4462306e-09
2025-10-28 20:37:00.679803,Left,2.4955966e-09,-2.3415695e-11,6.7240963e-10,1.8092424e-09,-2.0212818e-10,-3.8340415e-09,1.8092424e-09,-2.0212818e-10
2025-10-28 20:37:00.683803,Left,1.1467343e-09,-1.9287285e-09,-1.4436478e-10,2.0422843e-09,1.1467343e-09,-1.9287285e-09,1.3773452e-09,1.8143833e-09
2025-10-28 20:37:00.687803,Left,4.790852e-10,-3.3718872e-09,-1.6561149e-09,1.3773452e-09,1.8143833e-09,-4.8557003e-10,2.9780396e-09,2.4462306e-09
2025-10-28 20:37:00.691803,Left,1.6916202e-09,-2.1007633e-09,-1.5672764e-09,1.0148677e-09,6.018484e-10,-1.7566938e-09,2.9780396e-09,2.4462306e-09
2025-10-28 20:37:00.695803,Left,1.6916202e-09,-2.1007633e-09,-1.5672764e-09,1.0148677e-09,6.018484e-10,-1.7566938e-09,2.9780396e-09,2.4462306e-09
2025-10-28 20:37:00.709251,Left,-283.0295,-295.91864,-140.53763,-262.78403,-290.85492,-229.88359,-296.8154,-124.527245
2025-10-28 20:37:00.713251,Left,1.8143833e-09,-4.8557003e-10,1.3673853e-09,2.7072233e-09,4.790852e-10,-3.3718872e-09,2.0422843e-09,1.1467343e-09
2025-10-28 20:37:00.717251,Left,1.8143833e-09,-4.8557003e-10,1.3673853e-09,2.7072233e-09,4.790852e-10,-3.3718872e-09,2.7072233e-09,4.790852e-10
2025-10-28 20:37:00.721251,Left,1.8143833e-09,-4.8557003e-10,-1.5672764e-09,1.0148677e-09,6.018484e-10,-1.7566938e-09,2.0422843e-09,1.1467343e-09
2025-10-28 20:37:00.725251,Left,1.1467343e-09,-1.9287285e-09,-1.4436478e-10,2.0422843e-09,1.1467343e-09,-1.9287285e-09,2.9780396e-09,2.4462306e-09
2025-10-28 20:37:00.729251,Left,-1.5276205e-10,-3.2159901e-09,3.7028255e-10,2.9780396e-09,2.4462306e-09,-6.414671e-10,2.7072233e-09,4.790852e-10
2025-10-28 20:37:00.733251,Left,-2.0212818e-10,-3.8340415e-09,-9.611392e-10,2.2753261e-09,2.4955966e-09,-2.3415695e-11,2.7072233e-09,4.790852e-10
2025-10-28 20:37:00.737251,Left,-2.0212818e-10,-3.8340415e-09,-9.611392e-10,2.2753261e-09,2.4955966e-09,-2.3415695e-11,2.7072233e-09,4.790852e-10
2025-10-28 20:37:00.749376,Left,58.394188,-28.538937,-315.9714,-46.53589,-67.027466,-104.35033,-263.18274,-121.48047
2025-10-28 20:37:00.753376,Left,2.0422843e-09,1.1467343e-09,-1.9287285e-09,1.106529e-09,-1.5276205e-10,-3.2159901e-09,2.0422843e-09,1.1467343e-09
2025-10-28 20:37:00.757376,Left,1.3773452e-09,1.8143833e-09,-4.8557003e-10,1.106529e-09,-1.5276205e-10,-3.2159901e-09,1.106529e-09,-1.5276205e-10
2025-10-28 20:37:00.761376,Left,3.069701e-09,1.6916202e-09,-2.1007633e-09,2.2753261e-09,2.4955966e-09,-2.3415695e-11,2.0422843e-09,1.1467343e-09
2025-10-28 20:37:00.765376,Left,1.106529e-09,-1.5276205e-10,-3.2159901e-09,2.0422843e-09,1.1467343e-09,-1.9287285e-09,2.7072233e-09,4.790852e-10
2025-10-28 20:37:00.769376,Left,1.3773452e-09,1.8143833e-09,-4.8557003e-10,2.7072233e-09,4.790852e-10,-3.3718872e-09,1.106529e-09,-1.5276205e-10
2025-10-28 20:37:00.773376,Left,1.3773452e-09,1.8143833e-09,-4.8557003e-10,2.0422843e-09,1.1467343e-09,-1.9287285e-09,1.106529e-09,-1.5276205e-10
2025-10-28 20:37:00.777376,Left,1.3773452e-09,1.8143833e-09,-4.8557003e-10,3.069701e-09,1.6916202e-09,-2.1007633e-09,1.106529e-09,-1.5276205e-10
2025-10-28 20:37:00.778335,Left,46.832,-33.32131,67.547935,93.719864,122.95958,46.543278,-58.272125,20.52037
2025-10-28 20:37:00.782335,Left,2.0422843e-09,1.1467343e-09,-1.9287285e-09,1.3773452e-09,1.8143833e-09,-4.8557003e-10,1.3673853e-09,2.7072233e-09
2025-10-28 20:37:00.786335,Left,2.9780396e-09,2.4462306e-09,-6.414671e-10,1.3773452e-09,1.8143833e-09,-4.8557003e-10,1.3673853e-09,2.7072233e-09
2025-10-28 20:37:00.790335,Left,2.0422843e-09,1.1467343e-09,-1.9287285e-09,3.069701e-09,1.6916202e-09,-2.1007633e-09,-1.5672764e-09,1.0148677e-09
2025-10-28 20:37:00.794335,Left,1.3773452e-09,1.8143833e-09,-4.8557003e-10,2.0422843e-09,1.1467343e-09,-1.9287285e-09,-1.4436478e-10,2.0422843e-09
2025-10-28 20:37:00.798335,Left,2.9780396e-09,2.4462306e-09,-6.414671e-10,1.106529e-09,-1.5276205e-10,-3.2159901e-09,3.7028255e-10,2.9780396e-09
2025-10-28 20:37:00.802335,Left,2.9780396e-09,2.4462306e-09,-6.414671e-10,1.8092424e-09,-2.0212818e-10,-3.8340415e-09,-1.4436478e-10,2.0422843e-09
2025-10-28 20:37:00.806335,Left,2.9780396e-09,2.4462306e-09,-6.414671e-10,1.8092424e-09,-2.0212818e-10,-3.8340415e-09,-9.611392e-10,2.2753261e-09
2025-10-28 20:37:00.818492,Left,32.54218,112.861046,128.5104,41.81492,129.08609,77.736786,4.0106206,-36.54192
2025-10-28 20:37:00.822492,Left,-1.6561149e-09,1.3773452e-09,1.8143833e-09,-4.8557003e-10,2.0422843e-09,1.1467343e-09,-1.9287285e-09,1.106529e-09
2025-10-28 20:37:00.826492,Left,-1.6561149e-09,1.3773452e-09,1.8143833e-09,-4.8557003e-10,1.3773452e-09,1.8143833e-09,-4.8557003e-10,1.106529e-09
2025-10-28 20:37:00.830492,Left,1.2785469e-09,3.069701e-09,1.6916202e-09,-2.1007633e-09,2.0422843e-09,1.1467343e-09,-1.9287285e-09,1.106529e-09
2025-10-28 20:37:00.834492,Left,-1.4436478e-10,2.0422843e-09,1.1467343e-09,-1.9287285e-09,1.106529e-09,-1.5276205e-10,-3.2159901e-09,2.0422843e-09
2025-10-28 20:37:00.838492,Left,-6.590121e-10,1.106529e-09,-1.5276205e-10,-3.2159901e-09,1.3773452e-09,1.8143833e-09,-4.8557003e-10,2.7072233e-09
2025-10-28 20:37:00.842492,Left,-1.4436478e-10,2.0422843e-09,1.1467343e-09,-1.9287285e-09,1.3773452e-09,1.8143833e-09,-4.8557003e-10,3.069701e-09
2025-10-28 20:37:00.846492,Left,6.7240963e-10,1.8092424e-09,-2.0212818e-10,-3.8340415e-09,1.3773452e-09,1.8143833e-09,-4.8557003e-10,2.2753261e-09
2025-10-28 20:37:00.860893,Left,61.114258,24.785334,-2.0806298,1.4402124,31.130352,11.927299,-17.551683,-33.47164
2025-10-28 20:37:00.864893,Left,3.7028255e-10,2.9780396e-09,2.4462306e-09,-6.414671e-10,-6.590121e-10,1.106529e-09,-1.5276205e-10,-3.2159901e-09
2025-10-28 20:37:00.868893,Left,3.7028255e-10,2.9780396e-09,2.4462306e-09,-6.414671e-10,-6.590121e-10,1.106529e-09,-1.5276205e-10,-3.2159901e-09
2025-10-28 20:37:00.872893,Left,3.7028255e-10,2.9780396e-09,2.4462306e-09,-6.414671e-10,-9.611392e-10,2.2753261e-09,2.4955966e-09,-2.3415695e-11
2025-10-28 20:37:00.876893,Left,-1.4436478e-10,2.0422843e-09,1.1467343e-09,-1.9287285e-09,-1.4436478e-10,2.0422843e-09,1.1467343e-09,-1.9287285e-09
2025-10-28 20:37:00.880893,Left,-1.6561149e-09,1.3773452e-09,1.8143833e-09,-4.8557003e-10,1.3673853e-09,2.7072233e-09,4.790852e-10,-3.3718872e-09
2025-10-28 20:37:00.884893,Left,-1.5672764e-09,1.0148677e-09,6.018484e-10,-1.7566938e-09,1.2785469e-09,3.069701e-09,1.6916202e-09,-2.1007633e-09
2025-10-28 20:37:00.888893,Left,-1.5672764e-09,1.0148677e-09,6.018484e-10,-1.7566938e-09,-9.611392e-10,2.2753261e-09,2.4955966e-09,-2.3415695e-11
2025-10-28 20:37:00.900919,Left,13.589168,10.899061,-26.514793,-70.70687,-41.10664,-57.55178,-33.595512,-13.635834
2025-10-28 20:37:00.904919,Left,-1.9287285e-09,2.7072233e-09,4.790852e-10,-3.3718872e-09,-1.6561149e-09,1.3773452e-09,1.8143833e-09,-4.8557003e-10
2025-10-28 20:37:00.908919,Left,-3.2159901e-09,2.7072233e-09,4.790852e-10,-3.3718872e-09,-1.6561149e-09,1.3773452e-09,1.8143833e-09,-4.8557003e-10
2025-10-28 20:37:00.912919,Left,-1.9287285e-09,1.0148677e-09,6.018484e-10,-1.7566938e-09,1.2785469e-09,3.069701e-09,1.6916202e-09,-2.1007633e-09
2025-10-28 20:37:00.916919,Left,-3.3718872e-09,2.0422843e-09,1.1467343e-09,-1.9287285e-09,-1.4436478e-10,2.0422843e-09,1.1467343e-09,-1.9287285e-09
2025-10-28 20:37:00.920919,Left,-3.2159901e-09,2.9780396e-09,2.4462306e-09,-6.414671e-10,-6.590121e-10,1.106529e-09,-1.5276205e-10,-3.2159901e-09
2025-10-28 20:37:00.924919,Left,-3.2159901e-09,2.2753261e-09,2.4955966e-09,-2.3415695e-11,6.7240963e-10,1.8092424e-09,-2.0212818e-10,-3.8340415e-09
2025-10-28 20:37:00.928919,Left,-3.2159901e-09,2.2753261e-09,2.4955966e-09,-2.3415695e-11,6.7240963e-10,1.8092424e-09,-2.0212818e-10,-3.8340415e-09
2025-10-28 20:37:00.941107,Left,-22.903048,47.231056,-15.035658,-76.89572,-122.676544,-46.69692,90.44993,1.8355672
2025-10-28 20:37:00.945107,Left,-1.9287285e-09,1.106529e-09,-1.5276205e-10,-3.2159901e-09,2.0422843e-09,1.1467343e-09,-1.9287285e-09,-1.4436478e-10
2025-10-28 20:37:00.949107,Left,-4.8557003e-10,1.106529e-09,-1.5276205e-10,-3.2159901e-09,1.106529e-09,-1.5276205e-10,-3.2159901e-09,3.7028255e-10
2025-10-28 20:37:00.953107,Left,-2.1007633e-09,2.2753261e-09,2.4955966e-09,-2.3415695e-11,2.2753261e-09,2.4955966e-09,-2.3415695e-11,-1.4436478e-10
2025-10-28 20:37:00.957107,Left,-3.2159901e-09,2.0422843e-09,1.1467343e-09,-1.9287285e-09,2.7072233e-09,4.790852e-10,-3.3718872e-09,-1.6561149e-09
2025-10-28 20:37:00.961107,Left,-4.8557003e-10,2.7072233e-09,4.790852e-10,-3.3718872e-09,1.106529e-09,-1.5276205e-10,-3.2159901e-09,3.7028255e-10
2025-10-28 20:37:00.965107,Left,-1.9287285e-09,3.069701e-09,1.6916202e-09,-2.1007633e-09,1.106529e-09,-1.5276205e-10,-3.2159901e-09,3.7028255e-10
2025-10-28 20:37:00.969107,Left,-4.8557003e-10,2.2753261e-09,2.4955966e-09,-2.3415695e-11,1.106529e-09,-1.5276205e-10,-3.2159901e-09,3.7028255e-10
2025-10-28 20:37:00.982522,Left,49.19123,63.935978,26.598154,-56.26282,-45.95959,-10.670503,31.327885,16.082891
2025-10-28 20:37:00.986522,Left,-1.9287285e-09,1.3773452e-09,1.8143833e-09,-4.8557003e-10,1.3673853e-09,2.7072233e-09,4.790852e-10,-3.3718872e-09
2025-10-28 20:37:00.990522,Left,-6.414671e-10,1.3773452e-09,1.8143833e-09,-4.8557003e-10,1.3673853e-09,2.7072233e-09,4.790852e-10,-3.3718872e-09
2025-10-28 20:37:00.994522,Left,-1.9287285e-09,3.069701e-09,1.6916202e-09,-2.1007633e-09,1.3673853e-09,2.7072233e-09,4.790852e-10,-3.3718872e-09
2025-10-28 20:37:00.998522,Left,-4.8557003e-10,2.0422843e-09,1.1467343e-09,-1.9287285e-09,-1.4436478e-10,2.0422843e-09,1.1467343e-09,-1.9287285e-09
2025-10-28 20:37:01.002522,Left,-6.414671e-10,1.106529e-09,-1.5276205e-10,-3.2159901e-09,3.7028255e-10,2.9780396e-09,2.4462306e-09,-6.414671e-10
2025-10-28 20:37:01.006522,Left,-6.414671e-10,1.8092424e-09,-2.0212818e-10,-3.8340415e-09,-9.611392e-10,2.2753261e-09,2.4955966e-09,-2.3415695e-11
2025-10-28 20:37:01.010522,Left,-6.414671e-10,1.8092424e-09,-2.0212818e-10,-3.8340415e-09,-9.611392e-10,2.2753261e-09,2.4955966e-09,-2.3415695e-11
2025-10-28 20:37:01.025206,Left,-9.7745075,53.39631,80.944214,21.767399,-51.01738,-54.517017,-19.212692,65.09865
2025-10-28 20:37:01.029206,Left,-1.9287285e-09,-1.4436478e-10,2.0422843e-09,1.1467343e-09,-1.9287285e-09,1.106529e-09,-1.5276205e-10,-3.2159901e-09
2025-10-28 20:37:01.033206,Left,-3.3718872e-09,-1.6561149e-09,1.3773452e-09,1.8143833e-09,-4.8557003e-10,1.106529e-09,-1.5276205e-10,-3.2159901e-09
2025-10-28 20:37:01.037206,Left,-1.7566938e-09,1.2785469e-09,3.069701e-09,1.6916202e-09,-2.1007633e-09,2.2753261e-09,2.4955966e-09,-2.3415695e-11
2025-10-28 20:37:01.041206,Left,-6.414671e-10,-6.590121e-10,1.106529e-09,-1.5276205e-10,-3.2159901e-09,2.0422843e-09,1.1467343e-09,-1.9287285e-09
2025-10-28 20:37:01.045206,Left,-3.3718872e-09,-1.6561149e-09,1.3773452e-09,1.8143833e-09,-4.8557003e-10,2.7072233e-09,4.790852e-10,-3.3718872e-09
2025-10-28 20:37:01.049206,Left,-3.3718872e-09,-1.6561149e-09,1.3773452e-09,1.8143833e-09,-4.8557003e-10,3.069701e-09,1.6916202e-09,-2.1007633e-09
2025-10-28 20:37:01.053206,Left,-3.3718872e-09,-1.6561149e-09,1.3773452e-09,1.8143833e-09,-4.8557003e-10,3.069701e-09,1.6916202e-09,-2.1007633e-09
2025-10-28 20:37:01.067887,Left,-19.106157,60.48997,24.986761,-6.406021,-15.688565,11.37927,11.215996,4.926902
2025-10-28 20:37:01.071887,Left,2.4462306e-09,-6.414671e-10,-6.590121e-10,1.106529e-09,-1.5276205e-10,-3.2159901e-09,2.0422843e-09,1.1467343e-09
2025-10-28 20:37:01.075887,Left,2.4462306e-09,-6.414671e-10,-6.590121e-10,1.106529e-09,-1.5276205e-10,-3.2159901e-09,1.106529e-09,-1.5276205e-10
2025-10-28 20:37:01.079887,Left,2.4462306e-09,-6.414671e-10,-6.590121e-10,1.106529e-09,-1.5276205e-10,-3.2159901e-09,2.0422843e-09,1.1467343e-09
2025-10-28 20:37:01.083887,Left,1.1467343e-09,-1.9287285e-09,-1.4436478e-10,2.0422843e-09,1.1467343e-09,-1.9287285e-09,2.7072233e-09,4.790852e-10
2025-10-28 20:37:01.087887,Left,1.8143833e-09,-4.8557003e-10,1.3673853e-09,2.7072233e-09,4.790852e-10,-3.3718872e-09,1.106529e-09,-1.5276205e-10
2025-10-28 20:37:01.091887,Left,6.018484e-10,-1.7566938e-09,-1.4436478e-10,2.0422843e-09,1.1467343e-09,-1.9287285e-09,1.106529e-09,-1.5276205e-10
2025-10-28 20:37:01.095887,Left,6.018484e-10,-1.7566938e-09,-9.611392e-10,2.2753261e-09,2.4955966e-09,-2.3415695e-11,1.106529e-09,-1.5276205e-10
2025-10-28 20:37:01.108091,Left,25.576654,114.17286,122.871445,68.373924,-55.217182,-147.1586,-109.156044,-42.383568
2025-10-28 20:37:01.112091,Left,2.0422843e-09,1.1467343e-09,-1.9287285e-09,1.3773452e-09,1.8143833e-09,-4.8557003e-10,2.0422843e-09,1.1467343e-09
2025-10-28 20:37:01.116091,Left,2.9780396e-09,2.4462306e-09,-6.414671e-10,1.3773452e-09,1.8143833e-09,-4.8557003e-10,1.3773452e-09,1.8143833e-09
2025-10-28 20:37:01.120091,Left,2.0422843e-09,1.1467343e-09,-1.9287285e-09,1.3773452e-09,1.8143833e-09,-4.8557003e-10,2.0422843e-09,1.1467343e-09
2025-10-28 20:37:01.124091,Left,1.3773452e-09,1.8143833e-09,-4.8557003e-10,2.0422843e-09,1.1467343e-09,-1.9287285e-09,1.106529e-09,-1.5276205e-10
2025-10-28 20:37:01.128091,Left,2.9780396e-09,2.4462306e-09,-6.414671e-10,1.106529e-09,-1.5276205e-10,-3.2159901e-09,1.3773452e-09,1.8143833e-09
2025-10-28 20:37:01.132091,Left,2.9780396e-09,2.4462306e-09,-6.414671e-10,2.0422843e-09,1.1467343e-09,-1.9287285e-09,1.3773452e-09,1.8143833e-09
2025-10-28 20:37:01.136091,Left,2.9780396e-09,2.4462306e-09,-6.414671e-10,1.8092424e-09,-2.0212818e-10,-3.8340415e-09,1.3773452e-09,1.8143833e-09
2025-10-28 20:37:01.147997,Left,-200.3163,-107.57805,52.036835,119.50421,159.33336,86.90063,306.64148,524.6163
2025-10-28 20:37:01.151997,Left,2.0422843e-09,1.1467343e-09,-1.9287285e-09,2.9780396e-09,2.4462306e-09,-6.414671e-10,2.0422843e-09,1.1467343e-09
2025-10-28 20:37:01.155997,Left,2.7072233e-09,4.790852e-10,-3.3718872e-09,2.9780396e-09,2.4462306e-09,-6.414671e-10,2.9780396e-09,2.4462306e-09
2025-10-28 20:37:01.159997,Left,2.0422843e-09,1.1467343e-09,-1.9287285e-09,1.8092424e-09,-2.0212818e-10,-3.8340415e-09,1.8092424e-09,-2.0212818e-10
2025-10-28 20:37:01.163997,Left,2.9780396e-09,2.4462306e-09,-6.414671e-10,2.0422843e-09,1.1467343e-09,-1.9287285e-09,1.3773452e-09,1.8143833e-09
2025-10-28 20:37:01.167997,Left,2.7072233e-09,4.790852e-10,-3.3718872e-09,1.3773452e-09,1.8143833e-09,-4.8557003e-10,2.9780396e-09,2.4462306e-09
2025-10-28 20:37:01.171997,Left,2.7072233e-09,4.790852e-10,-3.3718872e-09,2.0422843e-09,1.1467343e-09,-1.9287285e-09,2.0422843e-09,1.1467343e-09
2025-10-28 20:37:01.175997,Left,2.7072233e-09,4.790852e-10,-3.3718872e-09,1.0148677e-09,6.018484e-10,-1.7566938e-09,2.9780396e-09,2.4462306e-09
2025-10-28 20:37:01.188225,Left,547.2355,-65.560814,-518.32605,-422.10538,-430.18842,115.41883,-755.88666,-695.7211
2025-10-28 20:37:01.192225,Left,2.0422843e-09,1.1467343e-09,-1.9287285e-09,2.7072233e-09,4.790852e-10,-3.3718872e-09,2.0422843e-09,1.1467343e-09
2025-10-28 20:37:01.196225,Left,1.106529e-09,-1.5276205e-10,-3.2159901e-09,2.7072233e-09,4.790852e-10,-3.3718872e-09,2.7072233e-09,4.790852e-10
2025-10-28 20:37:01.200225,Left,2.0422843e-09,1.1467343e-09,-1.9287285e-09,1.0148677e-09,6.018484e-10,-1.7566938e-09,1.0148677e-09,6.018484e-10
2025-10-28 20:37:01.204225,Left,2.7072233e-09,4.790852e-10,-3.3718872e-09,2.0422843e-09,1.1467343e-09,-1.9287285e-09,2.9780396e-09,2.4462306e-09
2025-10-28 20:37:01.208225,Left,1.106529e-09,-1.5276205e-10,-3.2159901e-09,2.9780396e-09,2.4462306e-09,-6.414671e-10,2.7072233e-09,4.790852e-10
2025-10-28 20:37:01.212225,Left,1.106529e-09,-1.5276205e-10,-3.2159901e-09,2.2753261e-09,2.4955966e-09,-2.3415695e-11,2.7072233e-09,4.790852e-10
2025-10-28 20:37:01.216225,Left,1.106529e-09,-1.5276205e-10,-3.2159901e-09,2.2753261e-09,2.4955966e-09,-2.3415695e-11,2.7072233e-09,4.790852e-10
2025-10-28 20:37:01.228329,Left,-78.34787,-331.8451,-736.9237,-157.49565,193.47433,-148.29991,172.84378,193.90709
2025-10-28 20:37:01.232329,Left,2.0422843e-09,1.1467343e-09,-1.9287285e-09,1.106529e-09,-1.5276205e-10,-3.2159901e-09,2.0422843e-09,1.1467343e-09
2025-10-28 20:37:01.236329,Left,1.3773452e-09,1.8143833e-09,-4.8557003e-10,1.106529e-09,-1.5276205e-10,-3.2159901e-09,1.106529e-09,-1.5276205e-10
2025-10-28 20:37:01.240329,Left,2.0422843e-09,1.1467343e-09,-1.9287285e-09,2.2753261e-09,2.4955966e-09,-2.3415695e-11,2.0422843e-09,1.1467343e-09
2025-10-28 20:37:01.244329,Left,1.106529e-09,-1.5276205e-10,-3.2159901e-09,2.0422843e-09,1.1467343e-09,-1.9287285e-09,2.7072233e-09,4.790852e-10
2025-10-28 20:37:01.248329,Left,1.3773452e-09,1.8143833e-09,-4.8557003e-10,2.7072233e-09,4.790852e-10,-3.3718872e-09,1.106529e-09,-1.5276205e-10
2025-10-28 20:37:01.252329,Left,1.3773452e-09,1.8143833e-09,-4.8557003e-10,3.069701e-09,1.6916202e-09,-2.1007633e-09,1.106529e-09,-1.5276205e-10
2025-10-28 20:37:01.256329,Left,1.3773452e-09,1.8143833e-09,-4.8557003e-10,2.2753261e-09,2.4955966e-09,-2.3415695e-11,1.106529e-09,-1.5276205e-10
2025-10-28 20:37:01.270275,Left,427.07712,329.09152,563.7927,362.16833,431.66727,516.97205,524.7299,365.2107
2025-10-28 20:37:01.274275,Left,2.0422843e-09,1.1467343e-09,-1.9287285e-09,1.3773452e-09,1.8143833e-09,-4.8557003e-10,2.0422843e-09,1.1467343e-09
2025-10-28 20:37:01.278275,Left,2.9780396e-09,2.4462306e-09,-6.414671e-10,1.3773452e-09,1.8143833e-09,-4.8557003e-10,1.3773452e-09,1.8143833e-09
2025-10-28 20:37:01.282275,Left,1.8092424e-09,-2.0212818e-10,-3.8340415e-09,1.3773452e-09,1.8143833e-09,-4.8557003e-10,3.069701e-09,1.6916202e-09
2025-10-28 20:37:01.286275,Left,1.3773452e-09,1.8143833e-09,-4.8557003e-10,2.0422843e-09,1.1467343e-09,-1.9287285e-09,1.106529e-09,-1.5276205e-10
2025-10-28 20:37:01.290275,Left,2.9780396e-09,2.4462306e-09,-6.414671e-10,1.106529e-09,-1.5276205e-10,-3.2159901e-09,1.3773452e-09,1.8143833e-09
2025-10-28 20:37:01.294275,Left,2.9780396e-09,2.4462306e-09,-6.414671e-10,1.8092424e-09,-2.0212818e-10,-3.8340415e-09,1.3773452e-09,1.8143833e-09
2025-10-28 20:37:01.298275,Left,2.9780396e-09,2.4462306e-09,-6.414671e-10,1.8092424e-09,-2.0212818e-10,-3.8340415e-09,1.3773452e-09,1.8143833e-09
2025-10-28 20:37:01.298397,Left,96.01674,56.890636,127.24355,-79.0642,-94.74674,-6.173204,-59.635727,-123.11924
2025-10-28 20:37:01.302397,Left,2.0422843e-09,1.1467343e-09,-1.9287285e-09,2.9780396e-09,2.4462306e-09,-6.414671e-10,-6.590121e-10,1.106529e-09
2025-10-28 20:37:01.306397,Left,2.7072233e-09,4.790852e-10,-3.3718872e-09,2.9780396e-09,2.4462306e-09,-6.414671e-10,-6.590121e-10,1.106529e-09
2025-10-28 20:37:01.310397,Left,2.0422843e-09,1.1467343e-09,-1.9287285e-09,1.8092424e-09,-2.0212818e-10,-3.8340415e-09,-6.590121e-10,1.106529e-09
2025-10-28 20:37:01.314397,Left,2.9780396e-09,2.4462306e-09,-6.414671e-10,2.0422843e-09,1.1467343e-09,-1.9287285e-09,-1.4436478e-10,2.0422843e-09
2025-10-28 20:37:01.318397,Left,2.7072233e-09,4.790852e-10,-3.3718872e-09,1.3773452e-09,1.8143833e-09,-4.8557003e-10,1.3673853e-09,2.7072233e-09
2025-10-28 20:37:01.322397,Left,2.7072233e-09,4.790852e-10,-3.3718872e-09,2.0422843e-09,1.1467343e-09,-1.9287285e-09,1.2785469e-09,3.069701e-09
2025-10-28 20:37:01.326397,Left,2.7072233e-09,4.790852e-10,-3.3718872e-09,1.0148677e-09,6.018484e-10,-1.7566938e-09,1.2785469e-09,3.069701e-09
2025-10-28 20:37:01.338615,Left,-310.70145,-275.62332,-174.60104,-195.07619,-63.740654,-87.70986,-333.29803,-112.185585
2025-10-28 20:37:01.342615,Left,3.7028255e-10,2.9780396e-09,2.4462306e-09,-6.414671e-10,2.0422843e-09,1.1467343e-09,-1.9287285e-09,-1.4436478e-10
2025-10-28 20:37:01.346615,Left,3.7028255e-10,2.9780396e-09,2.4462306e-09,-6.414671e-10,2.9780396e-09,2.4462306e-09,-6.414671e-10,-6.590121e-10
2025-10-28 20:37:01.350615,Left,6.7240963e-10,1.8092424e-09,-2.0212818e-10,-3.8340415e-09,2.0422843e-09,1.1467343e-09,-1.9287285e-09,-9.611392e-10
2025-10-28 20:37:01.354615,Left,-1.4436478e-10,2.0422843e-09,1.1467343e-09,-1.9287285e-09,1.3773452e-09,1.8143833e-09,-4.8557003e-10,1.3673853e-09
2025-10-28 20:37:01.358615,Left,-1.6561149e-09,1.3773452e-09,1.8143833e-09,-4.8557003e-10,2.9780396e-09,2.4462306e-09,-6.414671e-10,-6.590121e-10
2025-10-28 20:37:01.362615,Left,-1.5672764e-09,1.0148677e-09,6.018484e-10,-1.7566938e-09,2.9780396e-09,2.4462306e-09,-6.414671e-10,-6.590121e-10
2025-10-28 20:37:01.366615,Left,-1.5672764e-09,1.0148677e-09,6.018484e-10,-1.7566938e-09,2.9780396e-09,2.4462306e-09,-6.414671e-10,-6.590121e-10
2025-10-28 20:37:01.382549,Left,-391.24982,-320.89355,-216.27469,100.675575,-123.68799,-81.45056,32.24929,88.755806
2025-10-28 20:37:01.386549,Left,-1.9287285e-09,2.7072233e-09,4.790852e-10,-3.3718872e-09,2.0422843e-09,1.1467343e-09,-1.9287285e-09,-3.3788607e-11
2025-10-28 20:37:01.390549,Left,-3.2159901e-09,2.7072233e-09,4.790852e-10,-3.3718872e-09,2.7072233e-09,4.790852e-10,-3.3718872e-09,-3.3788607e-11
2025-10-28 20:37:01.394549,Left,-2.3415695e-11,1.0148677e-09,6.018484e-10,-1.7566938e-09,1.0148677e-09,6.018484e-10,-1.7566938e-09,-2.6216604e-09
2025-10-28 20:37:01.398549,Left,-3.3718872e-09,2.0422843e-09,1.1467343e-09,-1.9287285e-09,2.9780396e-09,2.4462306e-09,-6.414671e-10,-1.6186048e-09
2025-10-28 20:37:01.402549,Left,-3.2159901e-09,2.9780396e-09,2.4462306e-09,-6.414671e-10,2.7072233e-09,4.790852e-10,-3.3718872e-09,-1.9502724e-09
2025-10-28 20:37:01.406549,Left,-3.2159901e-09,2.0422843e-09,1.1467343e-09,-1.9287285e-09,2.7072233e-09,4.790852e-10,-3.3718872e-09,-2.8608051e-09
2025-10-28 20:37:01.410549,Left,-3.2159901e-09,1.0148677e-09,6.018484e-10,-1.7566938e-09,2.7072233e-09,4.790852e-10,-3.3718872e-09,-2.8608051e-09
2025-10-28 20:37:01.425206,Left,-63.866978,164.62338,145.17165,92.699135,-8.461593,11.860011,79.824844,118.95712
2025-10-28 20:37:01.429206,Left,4.790852e-10,-3.3718872e-09,2.0422843e-09,1.1467343e-09,-1.9287285e-09,-1.4436478e-10,2.0422843e-09,1.1467343e-09
2025-10-28 20:37:01.433206,Left,4.790852e-10,-3.3718872e-09,2.7072233e-09,4.790852e-10,-3.3718872e-09,-1.6561149e-09,1.3773452e-09,1.8143833e-09
2025-10-28 20:37:01.437206,Left,6.018484e-10,-1.7566938e-09,1.0148677e-09,6.018484e-10,-1.7566938e-09,-1.4436478e-10,2.0422843e-09,1.1467343e-09
2025-10-28 20:37:01.441206,Left,1.1467343e-09,-1.9287285e-09,2.9780396e-09,2.4462306e-09,-6.414671e-10,-6.590121e-10,1.106529e-09,-1.5276205e-10
2025-10-28 20:37:01.445206,Left,2.4462306e-09,-6.414671e-10,2.7072233e-09,4.790852e-10,-3.3718872e-09,-1.6561149e-09,1.3773452e-09,1.8143833e-09
2025-10-28 20:37:01.449206,Left,2.4955966e-09,-2.3415695e-11,2.0422843e-09,1.1467343e-09,-1.9287285e-09,-1.6561149e-09,1.3773452e-09,1.8143833e-09
2025-10-28 20:37:01.453206,Left,2.4955966e-09,-2.3415695e-11,2.7072233e-09,4.790852e-10,-3.3718872e-09,-1.6561149e-09,1.3773452e-09,1.8143833e-09
2025-10-28 20:37:01.465266,Left,108.71481,38.29446,39.751194,35.765274,98.62712,37.366783,-0.23016572,28.1525
2025-10-28 20:37:01.469266,Left,-1.5276205e-10,-3.2159901e-09,2.0422843e-09,1.1467343e-09,-1.9287285e-09,-1.4436478e-10,2.0422843e-09,1.1467343e-09
2025-10-28 20:37:01.473266,Left,-1.5276205e-10,-3.2159901e-09,1.106529e-09,-1.5276205e-10,-3.2159901e-09,3.7028255e-10,2.9780396e-09,2.4462306e-09
2025-10-28 20:37:01.477266,Left,2.4955966e-09,-2.3415695e-11,2.2753261e-09,2.4955966e-09,-2.3415695e-11,6.7240963e-10,1.8092424e-09,-2.0212818e-10
2025-10-28 20:37:01.481266,Left,1.1467343e-09,-1.9287285e-09,2.7072233e-09,4.790852e-10,-3.3718872e-09,-1.6561149e-09,1.3773452e-09,1.8143833e-09
2025-10-28 20:37:01.485266,Left,4.790852e-10,-3.3718872e-09,1.106529e-09,-1.5276205e-10,-3.2159901e-09,3.7028255e-10,2.9780396e-09,2.4462306e-09
2025-10-28 20:37:01.489266,Left,1.6916202e-09,-2.1007633e-09,2.0422843e-09,1.1467343e-09,-1.9287285e-09,3.7028255e-10,2.9780396e-09,2.4462306e-09
2025-10-28 20:37:01.493266,Left,1.6916202e-09,-2.1007633e-09,1.106529e-09,-1.5276205e-10,-3.2159901e-09,3.7028255e-10,2.9780396e-09,2.4462306e-09
2025-10-28 20:37:01.494181,Left,40.13041,-23.892168,6.744417,26.62511,10.340382,-24.927265,-24.044968,-16.777138
2025-10-28 20:37:01.498181,Left,1.8143833e-09,-4.8557003e-10,1.3673853e-09,2.7072233e-09,4.790852e-10,-3.3718872e-09,-1.6561149e-09,1.3773452e-09
2025-10-28 20:37:01.502181,Left,1.8143833e-09,-4.8557003e-10,1.3673853e-09,2.7072233e-09,4.790852e-10,-3.3718872e-09,-1.6561149e-09,1.3773452e-09
2025-10-28 20:37:01.506181,Left,1.6916202e-09,-2.1007633e-09,-1.5672764e-09,1.0148677e-09,6.018484e-10,-1.7566938e-09,1.2785469e-09,3.069701e-09
2025-10-28 20:37:01.510181,Left,1.1467343e-09,-1.9287285e-09,-1.4436478e-10,2.0422843e-09,1.1467343e-09,-1.9287285e-09,-1.4436478e-10,2.0422843e-09
2025-10-28 20:37:01.514181,Left,-1.5276205e-10,-3.2159901e-09,3.7028255e-10,2.9780396e-09,2.4462306e-09,-6.414671e-10,-6.590121e-10,1.106529e-09
2025-10-28 20:37:01.518181,Left,1.1467343e-09,-1.9287285e-09,-1.4436478e-10,2.0422843e-09,1.1467343e-09,-1.9287285e-09,-1.4436478e-10,2.0422843e-09
2025-10-28 20:37:01.522181,Left,-2.0212818e-10,-3.8340415e-09,-9.611392e-10,2.2753261e-09,2.4955966e-09,-2.3415695e-11,1.2785469e-09,3.069701e-09
2025-10-28 20:37:01.536758,Left,-32.559753,-62.99809,-15.445018,-70.82624,-14.784334,-0.7527004,-93.57623,-43.13074
2025-10-28 20:37:01.540758,Left,2.0422843e-09,1.1467343e-09,-1.9287285e-09,1.106529e-09,-1.5276205e-10,-3.2159901e-09,3.7028255e-10,2.9780396e-09
2025-10-28 20:37:01.544758,Left,1.3773452e-09,1.8143833e-09,-4.8557003e-10,1.106529e-09,-1.5276205e-10,-3.2159901e-09,3.7028255e-10,2.9780396e-09
2025-10-28 20:37:01.548758,Left,3.069701e-09,1.6916202e-09,-2.1007633e-09,1.106529e-09,-1.5276205e-10,-3.2159901e-09,6.7240963e-10,1.8092424e-09
2025-10-28 20:37:01.552758,Left,1.106529e-09,-1.5276205e-10,-3.2159901e-09,2.0422843e-09,1.1467343e-09,-1.9287285e-09,-1.4436478e-10,2.0422843e-09
2025-10-28 20:37:01.556758,Left,1.3773452e-09,1.8143833e-09,-4.8557003e-10,2.7072233e-09,4.790852e-10,-3.3718872e-09,-1.6561149e-09,1.3773452e-09
2025-10-28 20:37:01.560758,Left,1.3773452e-09,1.8143833e-09,-4.8557003e-10,2.0422843e-09,1.1467343e-09,-1.9287285e-09,-1.4436478e-10,2.0422843e-09
2025-10-28 20:37:01.564758,Left,1.3773452e-09,1.8143833e-09,-4.8557003e-10,3.069701e-09,1.6916202e-09,-2.1007633e-09,-1.5672764e-09,1.0148677e-09
2025-10-28 20:37:01.582063,Left,-36.583,51.5701,27.390184,-81.12412,-62.657112,85.462425,5.0648375,-45.987587
2025-10-28 20:37:01.586063,Left,-6.590121e-10,1.106529e-09,-1.5276205e-10,-3.2159901e-09,1.8143833e-09,-4.8557003e-10,-1.6186048e-09,-1.4436478e-10
2025-10-28 20:37:01.590063,Left,-6.590121e-10,1.106529e-09,-1.5276205e-10,-3.2159901e-09,1.8143833e-09,-4.8557003e-10,-1.9502724e-09,3.7028255e-10
2025-10-28 20:37:01.594063,Left,-6.590121e-10,1.106529e-09,-1.5276205e-10,-3.2159901e-09,1.8143833e-09,-4.8557003e-10,-1.6186048e-09,-1.4436478e-10
2025-10-28 20:37:01.598063,Left,-1.4436478e-10,2.0422843e-09,1.1467343e-09,-1.9287285e-09,1.1467343e-09,-1.9287285e-09,-3.2034209e-09,-1.6561149e-09
2025-10-28 20:37:01.602063,Left,1.3673853e-09,2.7072233e-09,4.790852e-10,-3.3718872e-09,-1.5276205e-10,-3.2159901e-09,-1.9502724e-09,3.7028255e-10
2025-10-28 20:37:01.606063,Left,-1.4436478e-10,2.0422843e-09,1.1467343e-09,-1.9287285e-09,1.1467343e-09,-1.9287285e-09,-1.9502724e-09,3.7028255e-10
2025-10-28 20:37:01.610063,Left,-9.611392e-10,2.2753261e-09,2.4955966e-09,-2.3415695e-11,1.6916202e-09,-2.1007633e-09,-1.9502724e-09,3.7028255e-10
2025-10-28 20:37:01.624683,Left,31.620752,-15.352484,-31.14815,-5.388826,41.81665,47.98657,21.377161,-9.101094
2025-10-28 20:37:01.628683,Left,-1.9287285e-09,-1.4436478e-10,2.0422843e-09,1.1467343e-09,-1.9287285e-09,-1.4436478e-10,2.0422843e-09,1.1467343e-09
2025-10-28 20:37:01.632683,Left,-6.414671e-10,-6.590121e-10,1.106529e-09,-1.5276205e-10,-3.2159901e-09,3.7028255e-10,2.9780396e-09,2.4462306e-09
2025-10-28 20:37:01.636683,Left,-1.9287285e-09,-1.4436478e-10,2.0422843e-09,1.1467343e-09,-1.9287285e-09,6.7240963e-10,1.8092424e-09,-2.0212818e-10
2025-10-28 20:37:01.640683,Left,-4.8557003e-10,1.3673853e-09,2.7072233e-09,4.790852e-10,-3.3718872e-09,-1.6561149e-09,1.3773452e-09,1.8143833e-09
2025-10-28 20:37:01.644683,Left,-6.414671e-10,-6.590121e-10,1.106529e-09,-1.5276205e-10,-3.2159901e-09,3.7028255e-10,2.9780396e-09,2.4462306e-09
2025-10-28 20:37:01.648683,Left,-6.414671e-10,-6.590121e-10,1.106529e-09,-1.5276205e-10,-3.2159901e-09,-1.4436478e-10,2.0422843e-09,1.1467343e-09
2025-10-28 20:37:01.652683,Left,-6.414671e-10,-6.590121e-10,1.106529e-09,-1.5276205e-10,-3.2159901e-09,3.7028255e-10,2.9780396e-09,2.4462306e-09
2025-10-28 20:37:01.667389,Left,-19.530756,44.43248,-11.43672,-51.2245,-10.833848,60.831318,57.25021,31.502493
2025-10-28 20:37:01.671389,Left,1.8143833e-09,-4.8557003e-10,1.3673853e-09,2.7072233e-09,4.790852e-10,-3.3718872e-09,2.0422843e-09,1.1467343e-09
2025-10-28 20:37:01.675389,Left,1.8143833e-09,-4.8557003e-10,1.3673853e-09,2.7072233e-09,4.790852e-10,-3.3718872e-09,2.7072233e-09,4.790852e-10
2025-10-28 20:37:01.679389,Left,1.6916202e-09,-2.1007633e-09,1.3673853e-09,2.7072233e-09,4.790852e-10,-3.3718872e-09,2.0422843e-09,1.1467343e-09
2025-10-28 20:37:01.683389,Left,1.1467343e-09,-1.9287285e-09,-1.4436478e-10,2.0422843e-09,1.1467343e-09,-1.9287285e-09,2.9780396e-09,2.4462306e-09
2025-10-28 20:37:01.687389,Left,-1.5276205e-10,-3.2159901e-09,3.7028255e-10,2.9780396e-09,2.4462306e-09,-6.414671e-10,2.7072233e-09,4.790852e-10
2025-10-28 20:37:01.691389,Left,-2.0212818e-10,-3.8340415e-09,-1.4436478e-10,2.0422843e-09,1.1467343e-09,-1.9287285e-09,2.7072233e-09,4.790852e-10
2025-10-28 20:37:01.695389,Left,-2.0212818e-10,-3.8340415e-09,-9.611392e-10,2.2753261e-09,2.4955966e-09,-2.3415695e-11,2.7072233e-09,4.790852e-10
2025-10-28 20:37:01.694957,Left,51.246315,23.387537,-40.13859,-24.077543,-2.6226318,22.037758,-2.545716,-15.601108
2025-10-28 20:37:01.698957,Left,2.0422843e-09,1.1467343e-09,-1.9287285e-09,1.106529e-09,-1.5276205e-10,-3.2159901e-09,3.7028255e-10,2.9780396e-09
2025-10-28 20:37:01.702957,Left,1.3773452e-09,1.8143833e-09,-4.8557003e-10,1.106529e-09,-1.5276205e-10,-3.2159901e-09,3.7028255e-10,2.9780396e-09
2025-10-28 20:37:01.706957,Left,3.069701e-09,1.6916202e-09,-2.1007633e-09,2.2753261e-09,2.4955966e-09,-2.3415695e-11,6.7240963e-10,1.8092424e-09
2025-10-28 20:37:01.710957,Left,1.106529e-09,-1.5276205e-10,-3.2159901e-09,2.0422843e-09,1.1467343e-09,-1.9287285e-09,-1.4436478e-10,2.0422843e-09
2025-10-28 20:37:01.714957,Left,1.3773452e-09,1.8143833e-09,-4.8557003e-10,2.7072233e-09,4.790852e-10,-3.3718872e-09,-1.6561149e-09,1.3773452e-09
2025-10-28 20:37:01.718957,Left,1.3773452e-09,1.8143833e-09,-4.8557003e-10,2.0422843e-09,1.1467343e-09,-1.9287285e-09,-1.5672764e-09,1.0148677e-09
2025-10-28 20:37:01.722957,Left,1.3773452e-09,1.8143833e-09,-4.8557003e-10,3.069701e-09,1.6916202e-09,-2.1007633e-09,6.7240963e-10,1.8092424e-09
2025-10-28 20:37:01.735131,Left,0.8408406,-4.6681647,-4.218951,3.856102,0.68764454,-8.228351,6.522154,6.8054023
2025-10-28 20:37:01.739131,Left,2.0422843e-09,1.1467343e-09,-1.9287285e-09,1.3773452e-09,1.8143833e-09,-4.8557003e-10,1.3673853e-09,2.7072233e-09
2025-10-28 20:37:01.743131,Left,2.9780396e-09,2.4462306e-09,-6.414671e-10,1.3773452e-09,1.8143833e-09,-4.8557003e-10,1.3673853e-09,2.7072233e-09
2025-10-28 20:37:01.747131,Left,1.8092424e-09,-2.0212818e-10,-3.8340415e-09,3.069701e-09,1.6916202e-09,-2.1007633e-09,-1.5672764e-09,1.0148677e-09
2025-10-28 20:37:01.751131,Left,1.3773452e-09,1.8143833e-09,-4.8557003e-10,2.0422843e-09,1.1467343e-09,-1.9287285e-09,-1.4436478e-10,2.0422843e-09
2025-10-28 20:37:01.755131,Left,2.9780396e-09,2.4462306e-09,-6.414671e-10,1.106529e-09,-1.5276205e-10,-3.2159901e-09,3.7028255e-10,2.9780396e-09
2025-10-28 20:37:01.759131,Left,2.9780396e-09,2.4462306e-09,-6.414671e-10,2.0422843e-09,1.1467343e-09,-1.9287285e-09,-1.4436478e-10,2.0422843e-09
2025-10-28 20:37:01.763131,Left,2.9780396e-09,2.4462306e-09,-6.414671e-10,3.069701e-09,1.6916202e-09,-2.1007633e-09,-9.611392e-10,2.2753261e-09
2025-10-28 20:37:01.781538,Left,-25.353897,-11.868619,17.80742,-4.9784627,-18.99025,-9.391121,14.916065,7.8350577
2025-10-28 20:37:01.785538,Left,2.0422843e-09,1.1467343e-09,-1.9287285e-09,-1.4436478e-10,2.0422843e-09,1.1467343e-09,-1.9287285e-09,-1.4436478e-10
2025-10-28 20:37:01.789538,Left,2.7072233e-09,4.790852e-10,-3.3718872e-09,-1.6561149e-09,1.3773452e-09,1.8143833e-09,-4.8557003e-10,1.3673853e-09
2025-10-28 20:37:01.793538,Left,2.0422843e-09,1.1467343e-09,-1.9287285e-09,1.2785469e-09,3.069701e-09,1.6916202e-09,-2.1007633e-09,-1.4436478e-10
2025-10-28 20:37:01.797538,Left,2.9780396e-09,2.4462306e-09,-6.414671e-10,-6.590121e-10,1.106529e-09,-1.5276205e-10,-3.2159901e-09,3.7028255e-10
2025-10-28 20:37:01.801538,Left,2.7072233e-09,4.790852e-10,-3.3718872e-09,-1.6561149e-09,1.3773452e-09,1.8143833e-09,-4.8557003e-10,1.3673853e-09
2025-10-28 20:37:01.805538,Left,2.7072233e-09,4.790852e-10,-3.3718872e-09,-1.6561149e-09,1.3773452e-09,1.8143833e-09,-4.8557003e-10,1.3673853e-09
2025-10-28 20:37:01.809538,Left,2.7072233e-09,4.790852e-10,-3.3718872e-09,-1.6561149e-09,1.3773452e-09,1.8143833e-09,-4.8557003e-10,1.3673853e-09
2025-10-28 20:37:01.825508,Left,-3.5138187,6.115937,7.8492026,2.2962143,-8.928223,-13.556599,-7.215191,6.0005445
2025-10-28 20:37:01.829508,Left,-1.9287285e-09,-1.4436478e-10,2.0422843e-09,1.1467343e-09,-1.9287285e-09,-1.4436478e-10,2.0422843e-09,1.1467343e-09
2025-10-28 20:37:01.833508,Left,-3.3718872e-09,-1.6561149e-09,1.3773452e-09,1.8143833e-09,-4.8557003e-10,1.3673853e-09,2.7072233e-09,4.790852e-10
2025-10-28 20:37:01.837508,Left,-1.9287285e-09,1.2785469e-09,3.069701e-09,1.6916202e-09,-2.1007633e-09,-1.5672764e-09,1.0148677e-09,6.018484e-10
2025-10-28 20:37:01.841508,Left,-6.414671e-10,-6.590121e-10,1.106529e-09,-1.5276205e-10,-3.2159901e-09,3.7028255e-10,2.9780396e-09,2.4462306e-09
2025-10-28 20:37:01.845508,Left,-3.3718872e-09,-1.6561149e-09,1.3773452e-09,1.8143833e-09,-4.8557003e-10,1.3673853e-09,2.7072233e-09,4.790852e-10
2025-10-28 20:37:01.849508,Left,-3.3718872e-09,-1.6561149e-09,1.3773452e-09,1.8143833e-09,-4.8557003e-10,1.3673853e-09,2.7072233e-09,4.790852e-10
2025-10-28 20:37:01.853508,Left,-3.3718872e-09,-1.6561149e-09,1.3773452e-09,1.8143833e-09,-4.8557003e-10,1.3673853e-09,2.7072233e-09,4.790852e-10
2025-10-28 20:37:01.853139,Left,14.8503475,-13.919757,9.505398,34.22583,13.095146,-28.02831,7.731599,22.79558
2025-10-28 20:37:01.857139,Left,2.4462306e-09,-6.414671e-10,-6.590121e-10,1.106529e-09,-1.5276205e-10,-3.2159901e-09,3.7028255e-10,2.9780396e-09
2025-10-28 20:37:01.861139,Left,2.4462306e-09,-6.414671e-10,-6.590121e-10,1.106529e-09,-1.5276205e-10,-3.2159901e-09,3.7028255e-10,2.9780396e-09
2025-10-28 20:37:01.865139,Left,-2.0212818e-10,-3.8340415e-09,-9.611392e-10,2.2753261e-09,2.4955966e-09,-2.3415695e-11,3.7028255e-10,2.9780396e-09
2025-10-28 20:37:01.869139,Left,1.1467343e-09,-1.9287285e-09,-1.4436478e-10,2.0422843e-09,1.1467343e-09,-1.9287285e-09,-1.4436478e-10,2.0422843e-09
2025-10-28 20:37:01.873139,Left,1.8143833e-09,-4.8557003e-10,1.3673853e-09,2.7072233e-09,4.790852e-10,-3.3718872e-09,-1.6561149e-09,1.3773452e-09
2025-10-28 20:37:01.877139,Left,6.018484e-10,-1.7566938e-09,-1.4436478e-10,2.0422843e-09,1.1467343e-09,-1.9287285e-09,-1.4436478e-10,2.0422843e-09
2025-10-28 20:37:01.881139,Left,-2.0212818e-10,-3.8340415e-09,1.2785469e-09,3.069701e-09,1.6916202e-09,-2.1007633e-09,-1.5672764e-09,1.0148677e-09
2025-10-28 20:37:01.898381,Left,-31.10326,-14.339879,30.300936,8.9804945,-14.388143,-12.759266,15.631796,17.621096
2025-10-28 20:37:01.902381,Left,2.0422843e-09,1.1467343e-09,-1.9287285e-09,-1.4436478e-10,2.0422843e-09,1.1467343e-09,-1.9287285e-09,-1.4436478e-10
2025-10-28 20:37:01.906381,Left,2.9780396e-09,2.4462306e-09,-6.414671e-10,-6.590121e-10,1.106529e-09,-1.5276205e-10,-3.2159901e-09,3.7028255e-10
2025-10-28 20:37:01.910381,Left,2.0422843e-09,1.1467343e-09,-1.9287285e-09,-9.611392e-10,2.2753261e-09,2.4955966e-09,-2.3415695e-11,6.7240963e-10
2025-10-28 20:37:01.914381,Left,1.3773452e-09,1.8143833e-09,-4.8557003e-10,1.3673853e-09,2.7072233e-09,4.790852e-10,-3.3718872e-09,-1.6561149e-09
2025-10-28 20:37:01.918381,Left,2.9780396e-09,2.4462306e-09,-6.414671e-10,-6.590121e-10,1.106529e-09,-1.5276205e-10,-3.2159901e-09,3.7028255e-10
2025-10-28 20:37:01.922381,Left,2.9780396e-09,2.4462306e-09,-6.414671e-10,-6.590121e-10,1.106529e-09,-1.5276205e-10,-3.2159901e-09,3.7028255e-10
2025-10-28 20:37:01.926381,Left,2.9780396e-09,2.4462306e-09,-6.414671e-10,-6.590121e-10,1.106529e-09,-1.5276205e-10,-3.2159901e-09,3.7028255e-10
2025-10-28 20:37:01.937289,Left,1.628518,-2.56036,4.295385,0.35093492,7.5595794,5.4018807,-7.930445,-3.1369476
2025-10-28 20:37:01.941289,Left,-1.9287285e-09,1.3773452e-09,1.8143833e-09,-4.8557003e-10,2.0422843e-09,1.1467343e-09,-1.9287285e-09,1.106529e-09
2025-10-28 20:37:01.945289,Left,-6.414671e-10,1.3773452e-09,1.8143833e-09,-4.8557003e-10,1.3773452e-09,1.8143833e-09,-4.8557003e-10,1.106529e-09
2025-10-28 20:37:01.949289,Left,-3.8340415e-09,3.069701e-09,1.6916202e-09,-2.1007633e-09,3.069701e-09,1.6916202e-09,-2.1007633e-09,2.2753261e-09
2025-10-28 20:37:01.953289,Left,-4.8557003e-10,2.0422843e-09,1.1467343e-09,-1.9287285e-09,1.106529e-09,-1.5276205e-10,-3.2159901e-09,2.0422843e-09
2025-10-28 20:37:01.957289,Left,-6.414671e-10,1.106529e-09,-1.5276205e-10,-3.2159901e-09,1.3773452e-09,1.8143833e-09,-4.8557003e-10,2.7072233e-09
2025-10-28 20:37:01.961289,Left,-6.414671e-10,2.0422843e-09,1.1467343e-09,-1.9287285e-09,1.3773452e-09,1.8143833e-09,-4.8557003e-10,2.0422843e-09
2025-10-28 20:37:01.965289,Left,-6.414671e-10,1.8092424e-09,-2.0212818e-10,-3.8340415e-09,1.3773452e-09,1.8143833e-09,-4.8557003e-10,3.069701e-09
2025-10-28 20:37:01.977432,Left,-1.7352597,-10.6434765,-4.903153,9.15297,2.2625,0.23222047,-2.4550695,2.951005
2025-10-28 20:37:01.981432,Left,3.7028255e-10,2.9780396e-09,2.4462306e-09,-6.414671e-10,2.0422843e-09,1.1467343e-09,-1.9287285e-09,1.3773452e-09
2025-10-28 20:37:01.985432,Left,3.7028255e-10,2.9780396e-09,2.4462306e-09,-6.414671e-10,2.9780396e-09,2.4462306e-09,-6.414671e-10,1.3773452e-09
2025-10-28 20:37:01.989432,Left,6.7240963e-10,1.8092424e-09,-2.0212818e-10,-3.8340415e-09,2.0422843e-09,1.1467343e-09,-1.9287285e-09,3.069701e-09
2025-10-28 20:37:01.993432,Left,-1.4436478e-10,2.0422843e-09,1.1467343e-09,-1.9287285e-09,1.3773452e-09,1.8143833e-09,-4.8557003e-10,2.0422843e-09
2025-10-28 20:37:01.997432,Left,-1.6561149e-09,1.3773452e-09,1.8143833e-09,-4.8557003e-10,2.9780396e-09,2.4462306e-09,-6.414671e-10,1.106529e-09
2025-10-28 20:37:02.001432,Left,-1.4436478e-10,2.0422843e-09,1.1467343e-09,-1.9287285e-09,2.9780396e-09,2.4462306e-09,-6.414671e-10,2.0422843e-09
2025-10-28 20:37:02.005432,Left,-1.5672764e-09,1.0148677e-09,6.018484e-10,-1.7566938e-09,2.9780396e-09,2.4462306e-09,-6.414671e-10,1.8092424e-09
2025-10-28 20:37:02.017499,Left,-1.3367239,-1.430986,-0.20106246,1.4756451,-1.2690539,-0.60237706,0.48059314,1.0053209
2025-10-28 20:37:02.021499,Left,1.3673853e-09,2.7072233e-09,4.790852e-10,-3.3718872e-09,2.0422843e-09,1.1467343e-09,-1.9287285e-09,2.9780396e-09
2025-10-28 20:37:02.025499,Left,1.3673853e-09,2.7072233e-09,4.790852e-10,-3.3718872e-09,2.7072233e-09,4.790852e-10,-3.3718872e-09,2.9780396e-09
2025-10-28 20:37:02.029499,Left,1.3673853e-09,2.7072233e-09,4.790852e-10,-3.3718872e-09,2.0422843e-09,1.1467343e-09,-1.9287285e-09,1.8092424e-09
2025-10-28 20:37:02.033499,Left,-1.4436478e-10,2.0422843e-09,1.1467343e-09,-1.9287285e-09,2.9780396e-09,2.4462306e-09,-6.414671e-10,2.0422843e-09
2025-10-28 20:37:02.037499,Left,3.7028255e-10,2.9780396e-09,2.4462306e-09,-6.414671e-10,2.7072233e-09,4.790852e-10,-3.3718872e-09,1.3773452e-09
2025-10-28 20:37:02.041499,Left,-1.4436478e-10,2.0422843e-09,1.1467343e-09,-1.9287285e-09,2.7072233e-09,4.790852e-10,-3.3718872e-09,1.0148677e-09
2025-10-28 20:37:02.045499,Left,-1.5672764e-09,1.0148677e-09,6.018484e-10,-1.7566938e-09,2.7072233e-09,4.790852e-10,-3.3718872e-09,1.0148677e-09
2025-10-28 20:37:02.057800,Left,-0.9368206,4.9654293,2.9266207,-3.9192283,-0.15854377,-1.9254731,0.5799499,0.15662542
2025-10-28 20:37:02.061800,Left,-6.590121e-10,1.106529e-09,-1.5276205e-10,-3.2159901e-09,2.0422843e-09,1.1467343e-09,-1.9287285e-09,-1.4436478e-10
2025-10-28 20:37:02.065800,Left,-6.590121e-10,1.106529e-09,-1.5276205e-10,-3.2159901e-09,1.106529e-09,-1.5276205e-10,-3.2159901e-09,3.7028255e-10
2025-10-28 20:37:02.069800,Left,-6.590121e-10,1.106529e-09,-1.5276205e-10,-3.2159901e-09,2.0422843e-09,1.1467343e-09,-1.9287285e-09,6.7240963e-10
2025-10-28 20:37:02.073800,Left,-1.4436478e-10,2.0422843e-09,1.1467343e-09,-1.9287285e-09,2.7072233e-09,4.790852e-10,-3.3718872e-09,-1.6561149e-09
2025-10-28 20:37:02.077800,Left,1.3673853e-09,2.7072233e-09,4.790852e-10,-3.3718872e-09,1.106529e-09,-1.5276205e-10,-3.2159901e-09,3.7028255e-10
2025-10-28 20:37:02.081800,Left,1.2785469e-09,3.069701e-09,1.6916202e-09,-2.1007633e-09,1.106529e-09,-1.5276205e-10,-3.2159901e-09,3.7028255e-10
2025-10-28 20:37:02.085800,Left,1.2785469e-09,3.069701e-09,1.6916202e-09,-2.1007633e-09,1.106529e-09,-1.5276205e-10,-3.2159901e-09,3.7028255e-10
2025-10-28 20:37:02.099219,Left,6.773313,-0.7561238,-1.2883173,1.0862135,5.582534,4.63866,-5.9644256,-2.7178931
2025-10-28 20:37:02.103219,Left,-1.9287285e-09,1.3773452e-09,1.8143833e-09,-4.8557003e-10,2.0422843e-09,1.1467343e-09,-1.9287285e-09,1.106529e-09
2025-10-28 20:37:02.107219,Left,-6.414671e-10,1.3773452e-09,1.8143833e-09,-4.8557003e-10,1.3773452e-09,1.8143833e-09,-4.8557003e-10,1.106529e-09
2025-10-28 20:37:02.111219,Left,-3.8340415e-09,3.069701e-09,1.6916202e-09,-2.1007633e-09,3.069701e-09,1.6916202e-09,-2.1007633e-09,2.2753261e-09
2025-10-28 20:37:02.115219,Left,-4.8557003e-10,2.0422843e-09,1.1467343e-09,-1.9287285e-09,1.106529e-09,-1.5276205e-10,-3.2159901e-09,2.0422843e-09
2025-10-28 20:37:02.119219,Left,-6.414671e-10,1.106529e-09,-1.5276205e-10,-3.2159901e-09,1.3773452e-09,1.8143833e-09,-4.8557003e-10,2.7072233e-09
2025-10-28 20:37:02.123219,Left,-6.414671e-10,1.8092424e-09,-2.0212818e-10,-3.8340415e-09,1.3773452e-09,1.8143833e-09,-4.8557003e-10,2.0422843e-09
2025-10-28 20:37:02.127219,Left,-6.414671e-10,1.8092424e-09,-2.0212818e-10,-3.8340415e-09,1.3773452e-09,1.8143833e-09,-4.8557003e-10,2.2753261e-09
2025-10-28 20:37:02.138092,Left,3.9438071,1.7944459,-1.5789276,-0.7254726,6.121385,2.395658,-2.28263,-1.5106685
2025-10-28 20:37:02.142092,Left,3.7028255e-10,2.9780396e-09,2.4462306e-09,-6.414671e-10,-6.590121e-10,1.106529e-09,-1.5276205e-10,-3.2159901e-09
2025-10-28 20:37:02.146092,Left,3.7028255e-10,2.9780396e-09,2.4462306e-09,-6.414671e-10,-6.590121e-10,1.106529e-09,-1.5276205e-10,-3.2159901e-09
2025-10-28 20:37:02.150092,Left,6.7240963e-10,1.8092424e-09,-2.0212818e-10,-3.8340415e-09,-9.611392e-10,2.2753261e-09,2.4955966e-09,-2.3415695e-11
2025-10-28 20:37:02.154092,Left,-1.4436478e-10,2.0422843e-09,1.1467343e-09,-1.9287285e-09,-1.4436478e-10,2.0422843e-09,1.1467343e-09,-1.9287285e-09
2025-10-28 20:37:02.158092,Left,-1.6561149e-09,1.3773452e-09,1.8143833e-09,-4.8557003e-10,1.3673853e-09,2.7072233e-09,4.790852e-10,-3.3718872e-09
2025-10-28 20:37:02.162092,Left,-1.5672764e-09,1.0148677e-09,6.018484e-10,-1.7566938e-09,-1.4436478e-10,2.0422843e-09,1.1467343e-09,-1.9287285e-09
2025-10-28 20:37:02.166092,Left,-1.5672764e-09,1.0148677e-09,6.018484e-10,-1.7566938e-09,1.2785469e-09,3.069701e-09,1.6916202e-09,-2.1007633e-09
2025-10-28 20:37:02.182062,Left,6.691333,5.837223,3.156732,-5.4951234,0.8021213,6.8343563,3.1136706,-6.425651
2025-10-28 20:37:02.186062,Left,-1.9287285e-09,2.7072233e-09,4.790852e-10,-3.3718872e-09,-1.6561149e-09,1.3773452e-09,1.8143833e-09,-4.8557003e-10
2025-10-28 20:37:02.190062,Left,-3.2159901e-09,2.7072233e-09,4.790852e-10,-3.3718872e-09,-1.6561149e-09,1.3773452e-09,1.8143833e-09,-4.8557003e-10
2025-10-28 20:37:02.194062,Left,-1.9287285e-09,1.0148677e-09,6.018484e-10,-1.7566938e-09,1.2785469e-09,3.069701e-09,1.6916202e-09,-2.1007633e-09
2025-10-28 20:37:02.198062,Left,-3.3718872e-09,2.0422843e-09,1.1467343e-09,-1.9287285e-09,-1.4436478e-10,2.0422843e-09,1.1467343e-09,-1.9287285e-09
2025-10-28 20:37:02.202062,Left,-3.2159901e-09,2.9780396e-09,2.4462306e-09,-6.414671e-10,-6.590121e-10,1.106529e-09,-1.5276205e-10,-3.2159901e-09
2025-10-28 20:37:02.206062,Left,-1.9287285e-09,2.2753261e-09,2.4955966e-09,-2.3415695e-11,6.7240963e-10,1.8092424e-09,-2.0212818e-10,-3.8340415e-09
2025-10-28 20:37:02.210062,Left,-3.2159901e-09,1.0148677e-09,6.018484e-10,-1.7566938e-09,6.7240963e-10,1.8092424e-09,-2.0212818e-10,-3.8340415e-09
2025-10-28 20:37:02.224741,Left,2.4804606,-2.8258674,-3.2788484,-0.29789397,1.71295,-0.12510176,0.226341,-0.90030175
2025-10-28 20:37:02.228741,Left,4.790852e-10,-3.3718872e-09,-1.6561149e-09,1.3773452e-09,1.8143833e-09,-4.8557003e-10,2.0422843e-09,1.1467343e-09
2025-10-28 20:37:02.232741,Left,4.790852e-10,-3.3718872e-09,-1.6561149e-09,1.3773452e-09,1.8143833e-09,-4.8557003e-10,1.3773452e-09,1.8143833e-09
2025-10-28 20:37:02.236741,Left,6.018484e-10,-1.7566938e-09,1.2785469e-09,3.069701e-09,1.6916202e-09,-2.1007633e-09,3.069701e-09,1.6916202e-09
2025-10-28 20:37:02.240741,Left,1.1467343e-09,-1.9287285e-09,-1.4436478e-10,2.0422843e-09,1.1467343e-09,-1.9287285e-09,1.106529e-09,-1.5276205e-10
2025-10-28 20:37:02.244741,Left,2.4462306e-09,-6.414671e-10,-6.590121e-10,1.106529e-09,-1.5276205e-10,-3.2159901e-09,1.3773452e-09,1.8143833e-09
2025-10-28 20:37:02.248741,Left,2.4955966e-09,-2.3415695e-11,6.7240963e-10,1.8092424e-09,-2.0212818e-10,-3.8340415e-09,1.3773452e-09,1.8143833e-09
2025-10-28 20:37:02.252741,Left,2.4955966e-09,-2.3415695e-11,1.2785469e-09,3.069701e-09,1.6916202e-09,-2.1007633e-09,1.3773452e-09,1.8143833e-09
2025-10-28 20:37:02.264865,Left,-0.118402675,-0.89938873,0.28292206,-0.99950635,-0.114344515,0.93393946,1.4510624,0.4661141
2025-10-28 20:37:02.268865,Left,2.0422843e-09,1.1467343e-09,-1.9287285e-09,2.9780396e-09,2.4462306e-09,-6.414671e-10,2.0422843e-09,1.1467343e-09
2025-10-28 20:37:02.272865,Left,2.7072233e-09,4.790852e-10,-3.3718872e-09,2.9780396e-09,2.4462306e-09,-6.414671e-10,2.9780396e-09,2.4462306e-09
2025-10-28 20:37:02.276865,Left,1.0148677e-09,6.018484e-10,-1.7566938e-09,1.8092424e-09,-2.0212818e-10,-3.8340415e-09,1.8092424e-09,-2.0212818e-10
2025-10-28 20:37:02.280865,Left,2.9780396e-09,2.4462306e-09,-6.414671e-10,2.0422843e-09,1.1467343e-09,-1.9287285e-09,1.3773452e-09,1.8143833e-09
2025-10-28 20:37:02.284865,Left,2.7072233e-09,4.790852e-10,-3.3718872e-09,1.3773452e-09,1.8143833e-09,-4.8557003e-10,2.9780396e-09,2.4462306e-09
2025-10-28 20:37:02.288865,Left,2.7072233e-09,4.790852e-10,-3.3718872e-09,1.0148677e-09,6.018484e-10,-1.7566938e-09,2.9780396e-09,2.4462306e-09
2025-10-28 20:37:02.292865,Left,2.7072233e-09,4.790852e-10,-3.3718872e-09,1.0148677e-09,6.018484e-10,-1.7566938e-09,2.9780396e-09,2.4462306e-09
2025-10-28 20:37:02.306446,Left,-0.38819632,1.0863723,-0.002340653,-0.6659781,-0.2978572,0.56705475,0.65538365,0.65713286
2025-10-28 20:37:02.310446,Left,1.8143833e-09,-4.8557003e-10,1.3673853e-09,2.7072233e-09,4.790852e-10,-3.3718872e-09,2.0422843e-09,1.1467343e-09
2025-10-28 20:37:02.314446,Left,1.8143833e-09,-4.8557003e-10,1.3673853e-09,2.7072233e-09,4.790852e-10,-3.3718872e-09,2.7072233e-09,4.790852e-10
2025-10-28 20:37:02.318446,Left,1.6916202e-09,-2.1007633e-09,-1.5672764e-09,1.0148677e-09,6.018484e-10,-1.7566938e-09,1.0148677e-09,6.018484e-10
2025-10-28 20:37:02.322446,Left,1.1467343e-09,-1.9287285e-09,-1.4436478e-10,2.0422843e-09,1.1467343e-09,-1.9287285e-09,2.9780396e-09,2.4462306e-09
2025-10-28 20:37:02.326446,Left,-1.5276205e-10,-3.2159901e-09,3.7028255e-10,2.9780396e-09,2.4462306e-09,-6.414671e-10,2.7072233e-09,4.790852e-10
2025-10-28 20:37:02.330446,Left,1.1467343e-09,-1.9287285e-09,-9.611392e-10,2.2753261e-09,2.4955966e-09,-2.3415695e-11,2.7072233e-09,4.790852e-10
2025-10-28 20:37:02.334446,Left,1.6916202e-09,-2.1007633e-09,-9.611392e-10,2.2753261e-09,2.4955966e-09,-2.3415695e-11,2.7072233e-09,4.790852e-10
2025-10-28 20:37:02.334015,Left,0.14798318,0.79458326,-0.225942,0.9722609,-0.26646873,-0.6297515,1.5326531,0.47809857
2025-10-28 20:37:02.338015,Left,2.0422843e-09,1.1467343e-09,-1.9287285e-09,1.106529e-09,-1.5276205e-10,-3.2159901e-09,3.7028255e-10,2.9780396e-09
2025-10-28 20:37:02.342015,Left,1.3773452e-09,1.8143833e-09,-4.8557003e-10,1.106529e-09,-1.5276205e-10,-3.2159901e-09,3.7028255e-10,2.9780396e-09
2025-10-28 20:37:02.346015,Left,2.0422843e-09,1.1467343e-09,-1.9287285e-09,2.2753261e-09,2.4955966e-09,-2.3415695e-11,6.7240963e-10,1.8092424e-09
2025-10-28 20:37:02.350015,Left,1.106529e-09,-1.5276205e-10,-3.2159901e-09,2.0422843e-09,1.1467343e-09,-1.9287285e-09,-1.4436478e-10,2.0422843e-09
2025-10-28 20:37:02.354015,Left,1.3773452e-09,1.8143833e-09,-4.8557003e-10,2.7072233e-09,4.790852e-10,-3.3718872e-09,-1.6561149e-09,1.3773452e-09
2025-10-28 20:37:02.358015,Left,1.3773452e-09,1.8143833e-09,-4.8557003e-10,3.069701e-09,1.6916202e-09,-2.1007633e-09,-1.4436478e-10,2.0422843e-09
2025-10-28 20:37:02.362015,Left,1.3773452e-09,1.8143833e-09,-4.8557003e-10,3.069701e-09,1.6916202e-09,-2.1007633e-09,-1.5672764e-09,1.0148677e-09
2025-10-28 20:37:02.379172,Left,-2.5301936,-0.8835081,2.2471035,1.7502503,-0.24200483,-2.5889149,-1.256816,2.4604125
2025-10-28 20:37:02.383172,Left,2.0422843e-09,1.1467343e-09,-1.9287285e-09,-1.9502724e-09,3.7028255e-10,2.9780396e-09,2.4462306e-09,-6.414671e-10
2025-10-28 20:37:02.387172,Left,2.9780396e-09,2.4462306e-09,-6.414671e-10,-1.9502724e-09,3.7028255e-10,2.9780396e-09,2.4462306e-09,-6.414671e-10
2025-10-28 20:37:02.391172,Left,2.0422843e-09,1.1467343e-09,-1.9287285e-09,-3.7640444e-10,6.7240963e-10,1.8092424e-09,-2.0212818e-10,-3.8340415e-09
2025-10-28 20:37:02.395172,Left,1.3773452e-09,1.8143833e-09,-4.8557003e-10,-1.6186048e-09,-1.4436478e-10,2.0422843e-09,1.1467343e-09,-1.9287285e-09
2025-10-28 20:37:02.399172,Left,2.9780396e-09,2.4462306e-09,-6.414671e-10,-3.2034209e-09,-1.6561149e-09,1.3773452e-09,1.8143833e-09,-4.8557003e-10
2025-10-28 20:37:02.403172,Left,2.0422843e-09,1.1467343e-09,-1.9287285e-09,-2.6216604e-09,-1.5672764e-09,1.0148677e-09,6.018484e-10,-1.7566938e-09
2025-10-28 20:37:02.407172,Left,2.9780396e-09,2.4462306e-09,-6.414671e-10,-2.6216604e-09,-1.5672764e-09,1.0148677e-09,6.018484e-10,-1.7566938e-09
2025-10-28 20:37:02.420563,Left,-0.7264318,0.5752619,1.1198629,-0.7773462,-1.6562803,-0.013268173,0.91372126,-0.1507685
2025-10-28 20:37:02.424563,Left,-1.9287285e-09,1.3773452e-09,1.8143833e-09,-4.8557003e-10,1.3673853e-09,2.7072233e-09,4.790852e-10,-3.3718872e-09
2025-10-28 20:37:02.428563,Left,-6.414671e-10,1.3773452e-09,1.8143833e-09,-4.8557003e-10,1.3673853e-09,2.7072233e-09,4.790852e-10,-3.3718872e-09
2025-10-28 20:37:02.432563,Left,-1.9287285e-09,3.069701e-09,1.6916202e-09,-2.1007633e-09,-1.5672764e-09,1.0148677e-09,6.018484e-10,-1.7566938e-09
2025-10-28 20:37:02.436563,Left,-4.8557003e-10,2.0422843e-09,1.1467343e-09,-1.9287285e-09,-1.4436478e-10,2.0422843e-09,1.1467343e-09,-1.9287285e-09
2025-10-28 20:37:02.440563,Left,-6.414671e-10,1.106529e-09,-1.5276205e-10,-3.2159901e-09,3.7028255e-10,2.9780396e-09,2.4462306e-09,-6.414671e-10
2025-10-28 20:37:02.444563,Left,-6.414671e-10,2.0422843e-09,1.1467343e-09,-1.9287285e-09,-9.611392e-10,2.2753261e-09,2.4955966e-09,-2.3415695e-11
2025-10-28 20:37:02.448563,Left,-6.414671e-10,1.8092424e-09,-2.0212818e-10,-3.8340415e-09,-9.611392e-10,2.2753261e-09,2.4955966e-09,-2.3415695e-11
2025-10-28 20:37:02.462010,Left,-0.37774387,0.98155206,-0.12380055,-0.6109678,0.21971728,-1.29856,-0.37849647,1.1544293
2025-10-28 20:37:02.466010,Left,-1.9287285e-09,-1.4436478e-10,2.0422843e-09,1.1467343e-09,-1.9287285e-09,1.106529e-09,-1.5276205e-10,-3.2159901e-09
2025-10-28 20:37:02.470010,Left,-3.3718872e-09,-1.6561149e-09,1.3773452e-09,1.8143833e-09,-4.8557003e-10,1.106529e-09,-1.5276205e-10,-3.2159901e-09
2025-10-28 20:37:02.474010,Left,-1.7566938e-09,-1.4436478e-10,2.0422843e-09,1.1467343e-09,-1.9287285e-09,2.2753261e-09,2.4955966e-09,-2.3415695e-11
2025-10-28 20:37:02.478010,Left,-6.414671e-10,-6.590121e-10,1.106529e-09,-1.5276205e-10,-3.2159901e-09,2.0422843e-09,1.1467343e-09,-1.9287285e-09
2025-10-28 20:37:02.482010,Left,-3.3718872e-09,-1.6561149e-09,1.3773452e-09,1.8143833e-09,-4.8557003e-10,2.7072233e-09,4.790852e-10,-3.3718872e-09
2025-10-28 20:37:02.486010,Left,-3.3718872e-09,-1.6561149e-09,1.3773452e-09,1.8143833e-09,-4.8557003e-10,2.0422843e-09,1.1467343e-09,-1.9287285e-09
2025-10-28 20:37:02.490010,Left,-3.3718872e-09,-1.6561149e-09,1.3773452e-09,1.8143833e-09,-4.8557003e-10,3.069701e-09,1.6916202e-09,-2.1007633e-09
2025-10-28 20:37:02.502217,Left,-0.100436985,0.062054794,0.8599647,0.49180147,-0.809236,-0.5108641,0.026871203,0.30191243
2025-10-28 20:37:02.506217,Left,2.4462306e-09,-6.414671e-10,2.0422843e-09,1.1467343e-09,-1.9287285e-09,-1.4436478e-10,2.0422843e-09,1.1467343e-09
2025-10-28 20:37:02.510217,Left,2.4462306e-09,-6.414671e-10,2.9780396e-09,2.4462306e-09,-6.414671e-10,-6.590121e-10,1.106529e-09,-1.5276205e-10
2025-10-28 20:37:02.514217,Left,-2.0212818e-10,-3.8340415e-09,1.8092424e-09,-2.0212818e-10,-3.8340415e-09,-9.611392e-10,2.2753261e-09,2.4955966e-09
2025-10-28 20:37:02.518217,Left,1.1467343e-09,-1.9287285e-09,1.3773452e-09,1.8143833e-09,-4.8557003e-10,1.3673853e-09,2.7072233e-09,4.790852e-10
2025-10-28 20:37:02.522217,Left,1.8143833e-09,-4.8557003e-10,2.9780396e-09,2.4462306e-09,-6.414671e-10,-6.590121e-10,1.106529e-09,-1.5276205e-10
2025-10-28 20:37:02.526217,Left,6.018484e-10,-1.7566938e-09,2.9780396e-09,2.4462306e-09,-6.414671e-10,-6.590121e-10,1.106529e-09,-1.5276205e-10
2025-10-28 20:37:02.530217,Left,-2.0212818e-10,-3.8340415e-09,2.9780396e-09,2.4462306e-09,-6.414671e-10,-6.590121e-10,1.106529e-09,-1.5276205e-10
2025-10-28 20:37:02.544942,Left,-0.15359554,0.116249196,-0.048096344,-0.07659259,0.079419896,-0.15118164,-0.021334289,0.054877106
2025-10-28 20:37:02.548942,Left,4.790852e-10,-3.3718872e-09,2.0422843e-09,1.1467343e-09,-1.9287285e-09,-1.4436478e-10,2.0422843e-09,1.1467343e-09
2025-10-28 20:37:02.552942,Left,4.790852e-10,-3.3718872e-09,2.7072233e-09,4.790852e-10,-3.3718872e-09,-1.6561149e-09,1.3773452e-09,1.8143833e-09
2025-10-28 20:37:02.556942,Left,6.018484e-10,-1.7566938e-09,1.0148677e-09,6.018484e-10,-1.7566938e-09,-1.4436478e-10,2.0422843e-09,1.1467343e-09
2025-10-28 20:37:02.560942,Left,1.1467343e-09,-1.9287285e-09,2.9780396e-09,2.4462306e-09,-6.414671e-10,-6.590121e-10,1.106529e-09,-1.5276205e-10
2025-10-28 20:37:02.564942,Left,2.4462306e-09,-6.414671e-10,2.7072233e-09,4.790852e-10,-3.3718872e-09,-1.6561149e-09,1.3773452e-09,1.8143833e-09
2025-10-28 20:37:02.568942,Left,2.4955966e-09,-2.3415695e-11,2.7072233e-09,4.790852e-10,-3.3718872e-09,-1.4436478e-10,2.0422843e-09,1.1467343e-09
2025-10-28 20:37:02.572942,Left,2.4955966e-09,-2.3415695e-11,2.7072233e-09,4.790852e-10,-3.3718872e-09,-1.6561149e-09,1.3773452e-09,1.8143833e-09
2025-10-28 20:37:02.586393,Left,0.33035648,0.1496854,-0.2987338,-0.1616565,-0.12985368,0.16602744,-0.20951311,-0.11681168
2025-10-28 20:37:02.590393,Left,2.0422843e-09,1.1467343e-09,-1.9287285e-09,2.9780396e-09,2.4462306e-09,-6.414671e-10,2.0422843e-09,1.1467343e-09
2025-10-28 20:37:02.594393,Left,2.7072233e-09,4.790852e-10,-3.3718872e-09,2.9780396e-09,2.4462306e-09,-6.414671e-10,2.9780396e-09,2.4462306e-09
2025-10-28 20:37:02.598393,Left,1.0148677e-09,6.018484e-10,-1.7566938e-09,1.8092424e-09,-2.0212818e-10,-3.8340415e-09,2.0422843e-09,1.1467343e-09
2025-10-28 20:37:02.602393,Left,2.9780396e-09,2.4462306e-09,-6.414671e-10,2.0422843e-09,1.1467343e-09,-1.9287285e-09,1.3773452e-09,1.8143833e-09
2025-10-28 20:37:02.606393,Left,2.7072233e-09,4.790852e-10,-3.3718872e-09,1.3773452e-09,1.8143833e-09,-4.8557003e-10,2.9780396e-09,2.4462306e-09
2025-10-28 20:37:02.610393,Left,2.7072233e-09,4.790852e-10,-3.3718872e-09,1.0148677e-09,6.018484e-10,-1.7566938e-09,2.9780396e-09,2.4462306e-09
2025-10-28 20:37:02.614393,Left,2.7072233e-09,4.790852e-10,-3.3718872e-09,1.0148677e-09,6.018484e-10,-1.7566938e-09,2.9780396e-09,2.4462306e-09
2025-10-28 20:37:02.615291,Left,0.121542886,-0.020494856,-0.1355513,-0.03619801,0.0066407286,0.056954887,-0.07577199,0.12158686
2025-10-28 20:37:02.619291,Left,2.0422843e-09,1.1467343e-09,-1.9287285e-09,-1.4436478e-10,2.0422843e-09,1.1467343e-09,-1.9287285e-09,1.3773452e-09
2025-10-28 20:37:02.623291,Left,1.106529e-09,-1.5276205e-10,-3.2159901e-09,3.7028255e-10,2.9780396e-09,2.4462306e-09,-6.414671e-10,1.3773452e-09
2025-10-28 20:37:02.627291,Left,2.2753261e-09,2.4955966e-09,-2.3415695e-11,-1.4436478e-10,2.0422843e-09,1.1467343e-09,-1.9287285e-09,3.069701e-09
2025-10-28 20:37:02.631291,Left,2.7072233e-09,4.790852e-10,-3.3718872e-09,-1.6561149e-09,1.3773452e-09,1.8143833e-09,-4.8557003e-10,2.0422843e-09
2025-10-28 20:37:02.635291,Left,1.106529e-09,-1.5276205e-10,-3.2159901e-09,3.7028255e-10,2.9780396e-09,2.4462306e-09,-6.414671e-10,1.106529e-09
2025-10-28 20:37:02.639291,Left,1.106529e-09,-1.5276205e-10,-3.2159901e-09,3.7028255e-10,2.9780396e-09,2.4462306e-09,-6.414671e-10,1.8092424e-09
2025-10-28 20:37:02.643291,Left,1.106529e-09,-1.5276205e-10,-3.2159901e-09,3.7028255e-10,2.9780396e-09,2.4462306e-09,-6.414671e-10,3.069701e-09
2025-10-28 20:37:02.654235,Left,-0.0045752423,0.5497165,0.27042598,-0.47783232,-0.20180984,-0.24311167,0.2054973,-0.47576967
2025-10-28 20:37:02.658235,Left,1.3673853e-09,2.7072233e-09,4.790852e-10,-3.3718872e-09,2.0422843e-09,1.1467343e-09,-1.9287285e-09,2.9780396e-09
2025-10-28 20:37:02.662235,Left,1.3673853e-09,2.7072233e-09,4.790852e-10,-3.3718872e-09,2.7072233e-09,4.790852e-10,-3.3718872e-09,2.9780396e-09
2025-10-28 20:37:02.666235,Left,-1.5672764e-09,1.0148677e-09,6.018484e-10,-1.7566938e-09,2.0422843e-09,1.1467343e-09,-1.9287285e-09,1.8092424e-09
2025-10-28 20:37:02.670235,Left,-1.4436478e-10,2.0422843e-09,1.1467343e-09,-1.9287285e-09,2.9780396e-09,2.4462306e-09,-6.414671e-10,2.0422843e-09
2025-10-28 20:37:02.674235,Left,3.7028255e-10,2.9780396e-09,2.4462306e-09,-6.414671e-10,2.7072233e-09,4.790852e-10,-3.3718872e-09,1.3773452e-09
2025-10-28 20:37:02.678235,Left,-9.611392e-10,2.2753261e-09,2.4955966e-09,-2.3415695e-11,2.7072233e-09,4.790852e-10,-3.3718872e-09,2.0422843e-09
2025-10-28 20:37:02.682235,Left,-9.611392e-10,2.2753261e-09,2.4955966e-09,-2.3415695e-11,2.7072233e-09,4.790852e-10,-3.3718872e-09,1.8092424e-09
2025-10-28 20:37:02.698015,Left,0.67152673,0.31785876,-0.6341314,-0.1907509,0.31725186,0.2842479,-0.33838418,-0.39691982
2025-10-28 20:37:02.702015,Left,2.0422843e-09,1.1467343e-09,-1.9287285e-09,-1.4436478e-10,2.0422843e-09,1.1467343e-09,-1.9287285e-09,-1.4436478e-10
2025-10-28 20:37:02.706015,Left,2.9780396e-09,2.4462306e-09,-6.414671e-10,-6.590121e-10,1.106529e-09,-1.5276205e-10,-3.2159901e-09,3.7028255e-10
2025-10-28 20:37:02.710015,Left,2.0422843e-09,1.1467343e-09,-1.9287285e-09,-9.611392e-10,2.2753261e-09,2.4955966e-09,-2.3415695e-11,-1.4436478e-10
2025-10-28 20:37:02.714015,Left,1.3773452e-09,1.8143833e-09,-4.8557003e-10,1.3673853e-09,2.7072233e-09,4.790852e-10,-3.3718872e-09,-1.6561149e-09
2025-10-28 20:37:02.718015,Left,2.9780396e-09,2.4462306e-09,-6.414671e-10,-6.590121e-10,1.106529e-09,-1.5276205e-10,-3.2159901e-09,3.7028255e-10
2025-10-28 20:37:02.722015,Left,2.9780396e-09,2.4462306e-09,-6.414671e-10,-6.590121e-10,1.106529e-09,-1.5276205e-10,-3.2159901e-09,3.7028255e-10
2025-10-28 20:37:02.726015,Left,2.9780396e-09,2.4462306e-09,-6.414671e-10,-6.590121e-10,1.106529e-09,-1.5276205e-10,-3.2159901e-09,3.7028255e-10
2025-10-28 20:37:02.738198,Left,-0.04015702,0.070697844,-0.100717664,-0.027006168,-0.20129704,-0.13962284,0.18913129,-0.11363321
2025-10-28 20:37:02.742198,Left,-1.9287285e-09,1.3773452e-09,1.8143833e-09,-4.8557003e-10,2.0422843e-09,1.1467343e-09,-1.9287285e-09,-1.4436478e-10
2025-10-28 20:37:02.746198,Left,-6.414671e-10,1.3773452e-09,1.8143833e-09,-4.8557003e-10,1.3773452e-09,1.8143833e-09,-4.8557003e-10,1.3673853e-09
2025-10-28 20:37:02.750198,Left,-1.9287285e-09,3.069701e-09,1.6916202e-09,-2.1007633e-09,2.0422843e-09,1.1467343e-09,-1.9287285e-09,-1.5672764e-09
2025-10-28 20:37:02.754198,Left,-4.8557003e-10,2.0422843e-09,1.1467343e-09,-1.9287285e-09,1.106529e-09,-1.5276205e-10,-3.2159901e-09,3.7028255e-10
2025-10-28 20:37:02.758198,Left,-6.414671e-10,1.106529e-09,-1.5276205e-10,-3.2159901e-09,1.3773452e-09,1.8143833e-09,-4.8557003e-10,1.3673853e-09
2025-10-28 20:37:02.762198,Left,-6.414671e-10,1.8092424e-09,-2.0212818e-10,-3.8340415e-09,1.3773452e-09,1.8143833e-09,-4.8557003e-10,1.3673853e-09
2025-10-28 20:37:02.766198,Left,-6.414671e-10,3.069701e-09,1.6916202e-09,-2.1007633e-09,1.3773452e-09,1.8143833e-09,-4.8557003e-10,1.3673853e-09
2025-10-28 20:37:02.782217,Left,0.24811849,0.26335043,0.11884473,-0.24198204,0.03216353,0.19502555,0.081675716,-0.17541675
2025-10-28 20:37:02.786217,Left,-1.9287285e-09,2.9780396e-09,2.4462306e-09,-6.414671e-10,-6.590121e-10,1.106529e-09,-1.5276205e-10,-3.2159901e-09
2025-10-28 20:37:02.790217,Left,-3.3718872e-09,2.9780396e-09,2.4462306e-09,-6.414671e-10,-6.590121e-10,1.106529e-09,-1.5276205e-10,-3.2159901e-09
2025-10-28 20:37:02.794217,Left,-1.7566938e-09,1.8092424e-09,-2.0212818e-10,-3.8340415e-09,-6.590121e-10,1.106529e-09,-1.5276205e-10,-3.2159901e-09
2025-10-28 20:37:02.798217,Left,-6.414671e-10,2.0422843e-09,1.1467343e-09,-1.9287285e-09,-1.4436478e-10,2.0422843e-09,1.1467343e-09,-1.9287285e-09
2025-10-28 20:37:02.802217,Left,-3.3718872e-09,1.3773452e-09,1.8143833e-09,-4.8557003e-10,1.3673853e-09,2.7072233e-09,4.790852e-10,-3.3718872e-09
2025-10-28 20:37:02.806217,Left,-3.3718872e-09,1.0148677e-09,6.018484e-10,-1.7566938e-09,-1.4436478e-10,2.0422843e-09,1.1467343e-09,-1.9287285e-09
2025-10-28 20:37:02.810217,Left,-3.3718872e-09,1.8092424e-09,-2.0212818e-10,-3.8340415e-09,1.2785469e-09,3.069701e-09,1.6916202e-09,-2.1007633e-09
2025-10-28 20:37:02.822302,Left,0.035896562,-0.013157904,-0.050255015,-0.025412383,0.034813054,0.018213587,-0.025598885,-0.016568106
2025-10-28 20:37:02.826302,Left,2.4462306e-09,-6.414671e-10,2.0422843e-09,1.1467343e-09,-1.9287285e-09,-1.4436478e-10,2.0422843e-09,1.1467343e-09
2025-10-28 20:37:02.830302,Left,2.4462306e-09,-6.414671e-10,2.9780396e-09,2.4462306e-09,-6.414671e-10,-6.590121e-10,1.106529e-09,-1.5276205e-10
2025-10-28 20:37:02.834302,Left,-2.0212818e-10,-3.8340415e-09,1.8092424e-09,-2.0212818e-10,-3.8340415e-09,-9.611392e-10,2.2753261e-09,2.4955966e-09
2025-10-28 20:37:02.838302,Left,1.1467343e-09,-1.9287285e-09,1.3773452e-09,1.8143833e-09,-4.8557003e-10,1.3673853e-09,2.7072233e-09,4.790852e-10
2025-10-28 20:37:02.842302,Left,1.8143833e-09,-4.8557003e-10,2.9780396e-09,2.4462306e-09,-6.414671e-10,-6.590121e-10,1.106529e-09,-1.5276205e-10
2025-10-28 20:37:02.846302,Left,6.018484e-10,-1.7566938e-09,2.9780396e-09,2.4462306e-09,-6.414671e-10,-6.590121e-10,1.106529e-09,-1.5276205e-10
2025-10-28 20:37:02.850302,Left,6.018484e-10,-1.7566938e-09,2.9780396e-09,2.4462306e-09,-6.414671e-10,-6.590121e-10,1.106529e-09,-1.5276205e-10
2025-10-28 20:37:02.865004,Left,0.037159164,-0.016493764,0.007665607,0.12422872,0.056772437,-0.10753475,-0.05359749,-0.049812917
2025-10-28 20:37:02.869004,Left,4.790852e-10,-3.3718872e-09,-1.6561149e-09,1.3773452e-09,1.8143833e-09,-4.8557003e-10,2.0422843e-09,1.1467343e-09
2025-10-28 20:37:02.873004,Left,4.790852e-10,-3.3718872e-09,-1.6561149e-09,1.3773452e-09,1.8143833e-09,-4.8557003e-10,1.3773452e-09,1.8143833e-09
2025-10-28 20:37:02.877004,Left,6.018484e-10,-1.7566938e-09,-1.6561149e-09,1.3773452e-09,1.8143833e-09,-4.8557003e-10,3.069701e-09,1.6916202e-09
2025-10-28 20:37:02.881004,Left,1.1467343e-09,-1.9287285e-09,-1.4436478e-10,2.0422843e-09,1.1467343e-09,-1.9287285e-09,1.106529e-09,-1.5276205e-10
2025-10-28 20:37:02.885004,Left,2.4462306e-09,-6.414671e-10,-6.590121e-10,1.106529e-09,-1.5276205e-10,-3.2159901e-09,1.3773452e-09,1.8143833e-09
2025-10-28 20:37:02.889004,Left,2.4955966e-09,-2.3415695e-11,6.7240963e-10,1.8092424e-09,-2.0212818e-10,-3.8340415e-09,2.0422843e-09,1.1467343e-09
2025-10-28 20:37:02.893004,Left,2.4955966e-09,-2.3415695e-11,6.7240963e-10,1.8092424e-09,-2.0212818e-10,-3.8340415e-09,1.3773452e-09,1.8143833e-09
2025-10-28 20:37:02.905149,Left,-0.16138397,-0.08138406,0.15695706,0.034153275,-0.013250329,-0.029574545,0.055252288,0.08857954
2025-10-28 20:37:02.909149,Left,2.0422843e-09,1.1467343e-09,-1.9287285e-09,2.9780396e-09,2.4462306e-09,-6.414671e-10,2.0422843e-09,1.1467343e-09
2025-10-28 20:37:02.913149,Left,2.7072233e-09,4.790852e-10,-3.3718872e-09,2.9780396e-09,2.4462306e-09,-6.414671e-10,2.9780396e-09,2.4462306e-09
2025-10-28 20:37:02.917149,Left,2.0422843e-09,1.1467343e-09,-1.9287285e-09,1.8092424e-09,-2.0212818e-10,-3.8340415e-09,2.0422843e-09,1.1467343e-09
2025-10-28 20:37:02.921149,Left,2.9780396e-09,2.4462306e-09,-6.414671e-10,2.0422843e-09,1.1467343e-09,-1.9287285e-09,1.3773452e-09,1.8143833e-09
2025-10-28 20:37:02.925149,Left,2.7072233e-09,4.790852e-10,-3.3718872e-09,1.3773452e-09,1.8143833e-09,-4.8557003e-10,2.9780396e-09,2.4462306e-09
2025-10-28 20:37:02.929149,Left,2.7072233e-09,4.790852e-10,-3.3718872e-09,2.0422843e-09,1.1467343e-09,-1.9287285e-09,2.0422843e-09,1.1467343e-09
2025-10-28 20:37:02.933149,Left,2.7072233e-09,4.790852e-10,-3.3718872e-09,1.0148677e-09,6.018484e-10,-1.7566938e-09,2.9780396e-09,2.4462306e-09
2025-10-28 20:37:02.931528,Left,0.0025884714,0.07949826,-0.014911281,0.067545846,-0.03782515,-0.042032544,0.10434462,0.0049843844
2025-10-28 20:37:02.935528,Left,2.0422843e-09,1.1467343e-09,-1.9287285e-09,2.7072233e-09,4.790852e-10,-3.3718872e-09,-1.6561149e-09,1.3773452e-09
2025-10-28 20:37:02.939528,Left,1.106529e-09,-1.5276205e-10,-3.2159901e-09,2.7072233e-09,4.790852e-10,-3.3718872e-09,-1.6561149e-09,1.3773452e-09
2025-10-28 20:37:02.943528,Left,2.2753261e-09,2.4955966e-09,-2.3415695e-11,1.0148677e-09,6.018484e-10,-1.7566938e-09,-1.6561149e-09,1.3773452e-09
2025-10-28 20:37:02.947528,Left,2.7072233e-09,4.790852e-10,-3.3718872e-09,2.0422843e-09,1.1467343e-09,-1.9287285e-09,-1.4436478e-10,2.0422843e-09
2025-10-28 20:37:02.951528,Left,1.106529e-09,-1.5276205e-10,-3.2159901e-09,2.9780396e-09,2.4462306e-09,-6.414671e-10,-6.590121e-10,1.106529e-09
2025-10-28 20:37:02.955528,Left,1.106529e-09,-1.5276205e-10,-3.2159901e-09,2.2753261e-09,2.4955966e-09,-2.3415695e-11,6.7240963e-10,1.8092424e-09
2025-10-28 20:37:02.959528,Left,1.106529e-09,-1.5276205e-10,-3.2159901e-09,1.0148677e-09,6.018484e-10,-1.7566938e-09,6.7240963e-10,1.8092424e-09
2025-10-28 20:37:02.985492,Left,-0.15217897,-0.048249837,0.13544424,0.16107589,0.07294939,-0.1488728,-0.03358041,0.007137913
2025-10-28 20:37:02.989492,Left,2.0422843e-09,1.1467343e-09,-1.9287285e-09,1.106529e-09,-1.5276205e-10,-3.2159901e-09,2.0422843e-09,1.1467343e-09
2025-10-28 20:37:02.993492,Left,1.3773452e-09,1.8143833e-09,-4.8557003e-10,1.106529e-09,-1.5276205e-10,-3.2159901e-09,1.106529e-09,-1.5276205e-10
2025-10-28 20:37:02.997492,Left,3.069701e-09,1.6916202e-09,-2.1007633e-09,2.2753261e-09,2.4955966e-09,-2.3415695e-11,2.2753261e-09,2.4955966e-09
2025-10-28 20:37:03.001492,Left,1.106529e-09,-1.5276205e-10,-3.2159901e-09,2.0422843e-09,1.1467343e-09,-1.9287285e-09,2.7072233e-09,4.790852e-10
2025-10-28 20:37:03.005492,Left,1.3773452e-09,1.8143833e-09,-4.8557003e-10,2.7072233e-09,4.790852e-10,-3.3718872e-09,1.106529e-09,-1.5276205e-10
2025-10-28 20:37:03.009492,Left,1.3773452e-09,1.8143833e-09,-4.8557003e-10,2.0422843e-09,1.1467343e-09,-1.9287285e-09,2.0422843e-09,1.1467343e-09
2025-10-28 20:37:03.013492,Left,1.3773452e-09,1.8143833e-09,-4.8557003e-10,2.2753261e-09,2.4955966e-09,-2.3415695e-11,1.106529e-09,-1.5276205e-10
2025-10-28 20:37:03.014394,Left,-0.06895212,-0.011669558,0.061238326,0.006614058,-0.041864876,0.0032024533,0.034547333,-0.015546542
2025-10-28 20:37:03.018394,Left,2.0422843e-09,1.1467343e-09,-1.9287285e-09,1.3773452e-09,1.8143833e-09,-4.8557003e-10,1.3673853e-09,2.7072233e-09
2025-10-28 20:37:03.022394,Left,2.9780396e-09,2.4462306e-09,-6.414671e-10,1.3773452e-09,1.8143833e-09,-4.8557003e-10,1.3673853e-09,2.7072233e-09
2025-10-28 20:37:03.026394,Left,1.8092424e-09,-2.0212818e-10,-3.8340415e-09,3.069701e-09,1.6916202e-09,-2.1007633e-09,1.3673853e-09,2.7072233e-09
2025-10-28 20:37:03.030394,Left,1.3773452e-09,1.8143833e-09,-4.8557003e-10,2.0422843e-09,1.1467343e-09,-1.9287285e-09,-1.4436478e-10,2.0422843e-09
2025-10-28 20:37:03.034394,Left,2.9780396e-09,2.4462306e-09,-6.414671e-10,1.106529e-09,-1.5276205e-10,-3.2159901e-09,3.7028255e-10,2.9780396e-09
2025-10-28 20:37:03.038394,Left,2.9780396e-09,2.4462306e-09,-6.414671e-10,1.8092424e-09,-2.0212818e-10,-3.8340415e-09,-9.611392e-10,2.2753261e-09
2025-10-28 20:37:03.042394,Left,2.9780396e-09,2.4462306e-09,-6.414671e-10,3.069701e-09,1.6916202e-09,-2.1007633e-09,-1.5672764e-09,1.0148677e-09
2025-10-28 20:37:03.054544,Left,-0.00029272403,0.023004359,-0.0039221635,0.0016958016,0.039247,0.0197889,-0.036845524,-0.009013036
2025-10-28 20:37:03.058544,Left,2.0422843e-09,1.1467343e-09,-1.9287285e-09,-1.4436478e-10,2.0422843e-09,1.1467343e-09,-1.9287285e-09,1.106529e-09
2025-10-28 20:37:03.062544,Left,2.7072233e-09,4.790852e-10,-3.3718872e-09,-1.6561149e-09,1.3773452e-09,1.8143833e-09,-4.8557003e-10,1.106529e-09
2025-10-28 20:37:03.066544,Left,1.0148677e-09,6.018484e-10,-1.7566938e-09,1.2785469e-09,3.069701e-09,1.6916202e-09,-2.1007633e-09,2.2753261e-09
2025-10-28 20:37:03.070544,Left,2.9780396e-09,2.4462306e-09,-6.414671e-10,-6.590121e-10,1.106529e-09,-1.5276205e-10,-3.2159901e-09,2.0422843e-09
2025-10-28 20:37:03.074544,Left,2.7072233e-09,4.790852e-10,-3.3718872e-09,-1.6561149e-09,1.3773452e-09,1.8143833e-09,-4.8557003e-10,2.7072233e-09
2025-10-28 20:37:03.078544,Left,2.7072233e-09,4.790852e-10,-3.3718872e-09,-1.6561149e-09,1.3773452e-09,1.8143833e-09,-4.8557003e-10,2.0422843e-09
2025-10-28 20:37:03.082544,Left,2.7072233e-09,4.790852e-10,-3.3718872e-09,-1.6561149e-09,1.3773452e-09,1.8143833e-09,-4.8557003e-10,3.069701e-09
2025-10-28 20:37:03.098507,Left,-0.012043353,-0.02826995,-0.007929792,0.025109017,0.014060353,0.0060585043,-0.015644949,-0.0132781435
2025-10-28 20:37:03.102507,Left,-1.4436478e-10,2.0422843e-09,1.1467343e-09,-1.9287285e-09,2.0422843e-09,1.1467343e-09,-1.9287285e-09,-1.4436478e-10
2025-10-28 20:37:03.106507,Left,3.7028255e-10,2.9780396e-09,2.4462306e-09,-6.414671e-10,2.9780396e-09,2.4462306e-09,-6.414671e-10,-6.590121e-10
2025-10-28 20:37:03.110507,Left,6.7240963e-10,1.8092424e-09,-2.0212818e-10,-3.8340415e-09,1.8092424e-09,-2.0212818e-10,-3.8340415e-09,-9.611392e-10
2025-10-28 20:37:03.114507,Left,-1.4436478e-10,2.0422843e-09,1.1467343e-09,-1.9287285e-09,1.3773452e-09,1.8143833e-09,-4.8557003e-10,1.3673853e-09
2025-10-28 20:37:03.118507,Left,-1.6561149e-09,1.3773452e-09,1.8143833e-09,-4.8557003e-10,2.9780396e-09,2.4462306e-09,-6.414671e-10,-6.590121e-10
2025-10-28 20:37:03.122507,Left,-1.5672764e-09,1.0148677e-09,6.018484e-10,-1.7566938e-09,2.0422843e-09,1.1467343e-09,-1.9287285e-09,-6.590121e-10
2025-10-28 20:37:03.126507,Left,6.7240963e-10,1.8092424e-09,-2.0212818e-10,-3.8340415e-09,2.9780396e-09,2.4462306e-09,-6.414671e-10,-6.590121e-10
2025-10-28 20:37:03.138750,Left,-0.009222715,0.010045672,-0.0010795103,-0.004087854,0.030265352,0.021218581,-0.0063093337,-0.015421274
2025-10-28 20:37:03.142750,Left,-1.9287285e-09,2.7072233e-09,4.790852e-10,-3.3718872e-09,-1.6561149e-09,1.3773452e-09,1.8143833e-09,-4.8557003e-10
2025-10-28 20:37:03.146750,Left,-3.2159901e-09,2.7072233e-09,4.790852e-10,-3.3718872e-09,-1.6561149e-09,1.3773452e-09,1.8143833e-09,-4.8557003e-10
2025-10-28 20:37:03.150750,Left,-2.3415695e-11,1.0148677e-09,6.018484e-10,-1.7566938e-09,1.2785469e-09,3.069701e-09,1.6916202e-09,-2.1007633e-09
2025-10-28 20:37:03.154750,Left,-3.3718872e-09,2.0422843e-09,1.1467343e-09,-1.9287285e-09,-1.4436478e-10,2.0422843e-09,1.1467343e-09,-1.9287285e-09
2025-10-28 20:37:03.158750,Left,-3.2159901e-09,2.9780396e-09,2.4462306e-09,-6.414671e-10,-6.590121e-10,1.106529e-09,-1.5276205e-10,-3.2159901e-09
2025-10-28 20:37:03.162750,Left,-3.2159901e-09,2.2753261e-09,2.4955966e-09,-2.3415695e-11,-1.4436478e-10,2.0422843e-09,1.1467343e-09,-1.9287285e-09
2025-10-28 20:37:03.166750,Left,-3.2159901e-09,2.2753261e-09,2.4955966e-09,-2.3415695e-11,6.7240963e-10,1.8092424e-09,-2.0212818e-10,-3.8340415e-09
2025-10-28 20:37:03.177719,Left,0.041161697,0.02792527,0.019237962,-0.026411142,0.004904828,0.05224524,0.02538099,-0.050032835
2025-10-28 20:37:03.181719,Left,-1.9287285e-09,1.106529e-09,-1.5276205e-10,-3.2159901e-09,3.7028255e-10,2.9780396e-09,2.4462306e-09,-6.414671e-10
2025-10-28 20:37:03.185719,Left,-4.8557003e-10,1.106529e-09,-1.5276205e-10,-3.2159901e-09,3.7028255e-10,2.9780396e-09,2.4462306e-09,-6.414671e-10
2025-10-28 20:37:03.189719,Left,-2.1007633e-09,2.2753261e-09,2.4955966e-09,-2.3415695e-11,6.7240963e-10,1.8092424e-09,-2.0212818e-10,-3.8340415e-09
2025-10-28 20:37:03.193719,Left,-3.2159901e-09,2.0422843e-09,1.1467343e-09,-1.9287285e-09,-1.4436478e-10,2.0422843e-09,1.1467343e-09,-1.9287285e-09
2025-10-28 20:37:03.197719,Left,-4.8557003e-10,2.7072233e-09,4.790852e-10,-3.3718872e-09,-1.6561149e-09,1.3773452e-09,1.8143833e-09,-4.8557003e-10
2025-10-28 20:37:03.201719,Left,-4.8557003e-10,3.069701e-09,1.6916202e-09,-2.1007633e-09,-1.4436478e-10,2.0422843e-09,1.1467343e-09,-1.9287285e-09
2025-10-28 20:37:03.205719,Left,-4.8557003e-10,3.069701e-09,1.6916202e-09,-2.1007633e-09,-1.5672764e-09,1.0148677e-09,6.018484e-10,-1.7566938e-09
2025-10-28 20:37:03.217933,Left,0.0138267875,-0.012540963,-0.023695271,0.016727963,0.035888836,6.706414e-05,-0.019809132,0.0032565477
2025-10-28 20:37:03.221933,Left,-1.9287285e-09,1.3773452e-09,1.8143833e-09,-4.8557003e-10,1.3673853e-09,2.7072233e-09,4.790852e-10,-3.3718872e-09
2025-10-28 20:37:03.225933,Left,-6.414671e-10,1.3773452e-09,1.8143833e-09,-4.8557003e-10,1.3673853e-09,2.7072233e-09,4.790852e-10,-3.3718872e-09
2025-10-28 20:37:03.229933,Left,-3.8340415e-09,1.3773452e-09,1.8143833e-09,-4.8557003e-10,-1.5672764e-09,1.0148677e-09,6.018484e-10,-1.7566938e-09
2025-10-28 20:37:03.233933,Left,-4.8557003e-10,2.0422843e-09,1.1467343e-09,-1.9287285e-09,-1.4436478e-10,2.0422843e-09,1.1467343e-09,-1.9287285e-09
2025-10-28 20:37:03.237933,Left,-6.414671e-10,1.106529e-09,-1.5276205e-10,-3.2159901e-09,3.7028255e-10,2.9780396e-09,2.4462306e-09,-6.414671e-10
2025-10-28 20:37:03.241933,Left,-1.9287285e-09,2.0422843e-09,1.1467343e-09,-1.9287285e-09,-1.4436478e-10,2.0422843e-09,1.1467343e-09,-1.9287285e-09
2025-10-28 20:37:03.245933,Left,-6.414671e-10,1.8092424e-09,-2.0212818e-10,-3.8340415e-09,-9.611392e-10,2.2753261e-09,2.4955966e-09,-2.3415695e-11
2025-10-28 20:37:03.258057,Left,0.009145568,-0.022238828,0.002338424,0.013566886,-0.004392345,0.030667318,0.009180128,-0.0272845
2025-10-28 20:37:03.262057,Left,-1.9287285e-09,-1.4436478e-10,2.0422843e-09,1.1467343e-09,-1.9287285e-09,1.106529e-09,-1.5276205e-10,-3.2159901e-09
2025-10-28 20:37:03.266057,Left,-3.3718872e-09,-1.6561149e-09,1.3773452e-09,1.8143833e-09,-4.8557003e-10,1.106529e-09,-1.5276205e-10,-3.2159901e-09
2025-10-28 20:37:03.270057,Left,-1.7566938e-09,-1.4436478e-10,2.0422843e-09,1.1467343e-09,-1.9287285e-09,2.2753261e-09,2.4955966e-09,-2.3415695e-11
2025-10-28 20:37:03.274057,Left,-6.414671e-10,-6.590121e-10,1.106529e-09,-1.5276205e-10,-3.2159901e-09,2.0422843e-09,1.1467343e-09,-1.9287285e-09
2025-10-28 20:37:03.278057,Left,-3.3718872e-09,-1.6561149e-09,1.3773452e-09,1.8143833e-09,-4.8557003e-10,2.7072233e-09,4.790852e-10,-3.3718872e-09
2025-10-28 20:37:03.282057,Left,-3.3718872e-09,-1.6561149e-09,1.3773452e-09,1.8143833e-09,-4.8557003e-10,3.069701e-09,1.6916202e-09,-2.1007633e-09
2025-10-28 20:37:03.286057,Left,-3.3718872e-09,-1.6561149e-09,1.3773452e-09,1.8143833e-09,-4.8557003e-10,2.2753261e-09,2.4955966e-09,-2.3415695e-11
2025-10-28 20:37:03.299439,Left,0.032308165,0.010675335,-0.0001466664,-0.00874111,0.0077752424,0.01424171,0.002980546,-0.012381579
2025-10-28 20:37:03.303439,Left,-1.9287285e-09,2.7072233e-09,4.790852e-10,-3.3718872e-09,-1.6561149e-09,1.3773452e-09,1.8143833e-09,-4.8557003e-10
2025-10-28 20:37:03.307439,Left,-3.2159901e-09,2.7072233e-09,4.790852e-10,-3.3718872e-09,-1.6561149e-09,1.3773452e-09,1.8143833e-09,-4.8557003e-10
2025-10-28 20:37:03.311439,Left,-2.3415695e-11,2.7072233e-09,4.790852e-10,-3.3718872e-09,-1.6561149e-09,1.3773452e-09,1.8143833e-09,-4.8557003e-10
2025-10-28 20:37:03.315439,Left,-3.3718872e-09,2.0422843e-09,1.1467343e-09,-1.9287285e-09,-1.4436478e-10,2.0422843e-09,1.1467343e-09,-1.9287285e-09
2025-10-28 20:37:03.319439,Left,-3.2159901e-09,2.9780396e-09,2.4462306e-09,-6.414671e-10,-6.590121e-10,1.106529e-09,-1.5276205e-10,-3.2159901e-09
2025-10-28 20:37:03.323439,Left,-3.2159901e-09,2.2753261e-09,2.4955966e-09,-2.3415695e-11,6.7240963e-10,1.8092424e-09,-2.0212818e-10,-3.8340415e-09
2025-10-28 20:37:03.327439,Left,-3.2159901e-09,2.2753261e-09,2.4955966e-09,-2.3415695e-11,6.7240963e-10,1.8092424e-09,-2.0212818e-10,-3.8340415e-09
2025-10-28 20:37:03.340832,Left,0.0008336847,-0.0027071235,0.002463478,0.0030650147,-0.0030080725,-0.0030841983,-0.0034910273,0.0030296135
2025-10-28 20:37:03.344832,Left,-1.9287285e-09,-1.4436478e-10,2.0422843e-09,1.1467343e-09,-1.9287285e-09,2.9780396e-09,2.4462306e-09,-6.414671e-10
2025-10-28 20:37:03.348832,Left,-4.8557003e-10,1.3673853e-09,2.7072233e-09,4.790852e-10,-3.3718872e-09,2.9780396e-09,2.4462306e-09,-6.414671e-10
2025-10-28 20:37:03.352832,Left,-2.1007633e-09,-1.4436478e-10,2.0422843e-09,1.1467343e-09,-1.9287285e-09,2.9780396e-09,2.4462306e-09,-6.414671e-10
2025-10-28 20:37:03.356832,Left,-3.2159901e-09,3.7028255e-10,2.9780396e-09,2.4462306e-09,-6.414671e-10,2.0422843e-09,1.1467343e-09,-1.9287285e-09
2025-10-28 20:37:03.360832,Left,-4.8557003e-10,1.3673853e-09,2.7072233e-09,4.790852e-10,-3.3718872e-09,1.3773452e-09,1.8143833e-09,-4.8557003e-10
2025-10-28 20:37:03.364832,Left,-4.8557003e-10,1.3673853e-09,2.7072233e-09,4.790852e-10,-3.3718872e-09,2.0422843e-09,1.1467343e-09,-1.9287285e-09
2025-10-28 20:37:03.368832,Left,-4.8557003e-10,1.3673853e-09,2.7072233e-09,4.790852e-10,-3.3718872e-09,1.0148677e-09,6.018484e-10,-1.7566938e-09
2025-10-28 20:37:03.382318,Left,-0.0017082235,0.0063020615,0.0079141455,0.002976876,-0.007283422,0.00091671577,0.005659101,0.002463246
2025-10-28 20:37:03.386318,Left,-1.5276205e-10,-3.2159901e-09,2.0422843e-09,1.1467343e-09,-1.9287285e-09,-1.4436478e-10,2.0422843e-09,1.1467343e-09
2025-10-28 20:37:03.390318,Left,-1.5276205e-10,-3.2159901e-09,1.106529e-09,-1.5276205e-10,-3.2159901e-09,3.7028255e-10,2.9780396e-09,2.4462306e-09
2025-10-28 20:37:03.394318,Left,2.4955966e-09,-2.3415695e-11,2.2753261e-09,2.4955966e-09,-2.3415695e-11,6.7240963e-10,1.8092424e-09,-2.0212818e-10
2025-10-28 20:37:03.398318,Left,1.1467343e-09,-1.9287285e-09,2.7072233e-09,4.790852e-10,-3.3718872e-09,-1.6561149e-09,1.3773452e-09,1.8143833e-09
2025-10-28 20:37:03.402318,Left,4.790852e-10,-3.3718872e-09,1.106529e-09,-1.5276205e-10,-3.2159901e-09,3.7028255e-10,2.9780396e-09,2.4462306e-09
2025-10-28 20:37:03.406318,Left,1.6916202e-09,-2.1007633e-09,1.106529e-09,-1.5276205e-10,-3.2159901e-09,3.7028255e-10,2.9780396e-09,2.4462306e-09
2025-10-28 20:37:03.410318,Left,1.6916202e-09,-2.1007633e-09,1.106529e-09,-1.5276205e-10,-3.2159901e-09,3.7028255e-10,2.9780396e-09,2.4462306e-09
2025-10-28 20:37:03.411052,Left,-0.004711399,0.0076538944,0.0077088038,-0.0015684057,-0.0052372585,0.0025443877,0.008448708,-0.0020993645
2025-10-28 20:37:03.415052,Left,1.8143833e-09,-4.8557003e-10,1.3673853e-09,2.7072233e-09,4.790852e-10,-3.3718872e-09,-1.6561149e-09,1.3773452e-09
2025-10-28 20:37:03.419052,Left,1.8143833e-09,-4.8557003e-10,1.3673853e-09,2.7072233e-09,4.790852e-10,-3.3718872e-09,-1.6561149e-09,1.3773452e-09
2025-10-28 20:37:03.423052,Left,1.8143833e-09,-4.8557003e-10,-1.5672764e-09,1.0148677e-09,6.018484e-10,-1.7566938e-09,1.2785469e-09,3.069701e-09
2025-10-28 20:37:03.427052,Left,1.1467343e-09,-1.9287285e-09,-1.4436478e-10,2.0422843e-09,1.1467343e-09,-1.9287285e-09,-1.4436478e-10,2.0422843e-09
2025-10-28 20:37:03.431052,Left,-1.5276205e-10,-3.2159901e-09,3.7028255e-10,2.9780396e-09,2.4462306e-09,-6.414671e-10,-6.590121e-10,1.106529e-09
2025-10-28 20:37:03.435052,Left,1.1467343e-09,-1.9287285e-09,-1.4436478e-10,2.0422843e-09,1.1467343e-09,-1.9287285e-09,-1.4436478e-10,2.0422843e-09
2025-10-28 20:37:03.439052,Left,1.6916202e-09,-2.1007633e-09,-1.5672764e-09,1.0148677e-09,6.018484e-10,-1.7566938e-09,6.7240963e-10,1.8092424e-09
2025-10-28 20:37:03.451273,Left,-0.005535793,0.0028566252,0.0038162058,0.01410862,0.0053019403,-0.012368826,0.0032109525,0.010402815
2025-10-28 20:37:03.455273,Left,2.0422843e-09,1.1467343e-09,-1.9287285e-09,1.106529e-09,-1.5276205e-10,-3.2159901e-09,3.7028255e-10,2.9780396e-09
2025-10-28 20:37:03.459273,Left,1.3773452e-09,1.8143833e-09,-4.8557003e-10,1.106529e-09,-1.5276205e-10,-3.2159901e-09,3.7028255e-10,2.9780396e-09
2025-10-28 20:37:03.463273,Left,3.069701e-09,1.6916202e-09,-2.1007633e-09,2.2753261e-09,2.4955966e-09,-2.3415695e-11,6.7240963e-10,1.8092424e-09
2025-10-28 20:37:03.467273,Left,1.106529e-09,-1.5276205e-10,-3.2159901e-09,2.0422843e-09,1.1467343e-09,-1.9287285e-09,-1.4436478e-10,2.0422843e-09
2025-10-28 20:37:03.471273,Left,1.3773452e-09,1.8143833e-09,-4.8557003e-10,2.7072233e-09,4.790852e-10,-3.3718872e-09,-1.6561149e-09,1.3773452e-09
2025-10-28 20:37:03.475273,Left,1.3773452e-09,1.8143833e-09,-4.8557003e-10,2.0422843e-09,1.1467343e-09,-1.9287285e-09,-1.5672764e-09,1.0148677e-09
2025-10-28 20:37:03.479273,Left,1.3773452e-09,1.8143833e-09,-4.8557003e-10,3.069701e-09,1.6916202e-09,-2.1007633e-09,6.7240963e-10,1.8092424e-09
2025-10-28 20:37:03.495057,Left,-0.0142291915,-0.006760684,0.0135030495,0.0041402075,-0.006908206,-0.0061999615,0.0074192244,0.0042243456
2025-10-28 20:37:03.499057,Left,2.0422843e-09,1.1467343e-09,-1.9287285e-09,-1.4436478e-10,2.0422843e-09,1.1467343e-09,-1.9287285e-09,2.7072233e-09
2025-10-28 20:37:03.503057,Left,2.9780396e-09,2.4462306e-09,-6.414671e-10,-6.590121e-10,1.106529e-09,-1.5276205e-10,-3.2159901e-09,2.7072233e-09
2025-10-28 20:37:03.507057,Left,2.0422843e-09,1.1467343e-09,-1.9287285e-09,-1.4436478e-10,2.0422843e-09,1.1467343e-09,-1.9287285e-09,1.0148677e-09
2025-10-28 20:37:03.511057,Left,1.3773452e-09,1.8143833e-09,-4.8557003e-10,1.3673853e-09,2.7072233e-09,4.790852e-10,-3.3718872e-09,2.0422843e-09
2025-10-28 20:37:03.515057,Left,2.9780396e-09,2.4462306e-09,-6.414671e-10,-6.590121e-10,1.106529e-09,-1.5276205e-10,-3.2159901e-09,2.9780396e-09
2025-10-28 20:37:03.519057,Left,2.0422843e-09,1.1467343e-09,-1.9287285e-09,-6.590121e-10,1.106529e-09,-1.5276205e-10,-3.2159901e-09,2.2753261e-09
2025-10-28 20:37:03.523057,Left,2.9780396e-09,2.4462306e-09,-6.414671e-10,-6.590121e-10,1.106529e-09,-1.5276205e-10,-3.2159901e-09,2.2753261e-09
2025-10-28 20:37:03.535130,Left,-0.0053596455,-0.0019138831,0.0022029637,0.0008416953,0.0049266494,0.003322913,-0.004561466,0.0027442542
2025-10-28 20:37:03.539130,Left,-1.6561149e-09,1.3773452e-09,1.8143833e-09,-4.8557003e-10,2.0422843e-09,1.1467343e-09,-1.9287285e-09,-1.5672764e-09
2025-10-28 20:37:03.543130,Left,-1.6561149e-09,1.3773452e-09,1.8143833e-09,-4.8557003e-10,1.3773452e-09,1.8143833e-09,-4.8557003e-10,1.3673853e-09
2025-10-28 20:37:03.547130,Left,1.2785469e-09,3.069701e-09,1.6916202e-09,-2.1007633e-09,3.069701e-09,1.6916202e-09,-2.1007633e-09,-1.4436478e-10
2025-10-28 20:37:03.551130,Left,-1.4436478e-10,2.0422843e-09,1.1467343e-09,-1.9287285e-09,1.106529e-09,-1.5276205e-10,-3.2159901e-09,3.7028255e-10
2025-10-28 20:37:03.555130,Left,-6.590121e-10,1.106529e-09,-1.5276205e-10,-3.2159901e-09,1.3773452e-09,1.8143833e-09,-4.8557003e-10,1.3673853e-09
2025-10-28 20:37:03.559130,Left,-1.4436478e-10,2.0422843e-09,1.1467343e-09,-1.9287285e-09,1.3773452e-09,1.8143833e-09,-4.8557003e-10,1.3673853e-09
2025-10-28 20:37:03.563130,Left,6.7240963e-10,1.8092424e-09,-2.0212818e-10,-3.8340415e-09,1.3773452e-09,1.8143833e-09,-4.8557003e-10,1.3673853e-09
2025-10-28 20:37:03.575333,Left,-0.0062150927,-0.0064979945,-0.0029704403,0.005975976,0.0010000301,-8.7966095e-05,-0.0008000891,0.0019452339
2025-10-28 20:37:03.579333,Left,-1.7566938e-09,2.9780396e-09,2.4462306e-09,-6.414671e-10,1.8092424e-09,-2.0212818e-10,-3.8340415e-09,-1.4436478e-10
2025-10-28 20:37:03.583333,Left,-3.3718872e-09,2.9780396e-09,2.4462306e-09,-6.414671e-10,2.9780396e-09,2.4462306e-09,-6.414671e-10,-6.590121e-10
2025-10-28 20:37:03.587333,Left,-1.9287285e-09,2.9780396e-09,2.4462306e-09,-6.414671e-10,1.8092424e-09,-2.0212818e-10,-3.8340415e-09,-9.611392e-10
2025-10-28 20:37:03.591333,Left,-6.414671e-10,2.0422843e-09,1.1467343e-09,-1.9287285e-09,1.3773452e-09,1.8143833e-09,-4.8557003e-10,1.3673853e-09
2025-10-28 20:37:03.595333,Left,-3.3718872e-09,1.3773452e-09,1.8143833e-09,-4.8557003e-10,2.9780396e-09,2.4462306e-09,-6.414671e-10,-6.590121e-10
2025-10-28 20:37:03.599333,Left,-3.3718872e-09,2.0422843e-09,1.1467343e-09,-1.9287285e-09,2.9780396e-09,2.4462306e-09,-6.414671e-10,-1.4436478e-10
2025-10-28 20:37:03.603333,Left,-3.3718872e-09,1.0148677e-09,6.018484e-10,-1.7566938e-09,2.9780396e-09,2.4462306e-09,-6.414671e-10,-6.590121e-10
2025-10-28 20:37:03.620317,Left,-0.0028096638,-0.00056994933,0.00080284604,0.00041580707,-0.00030192017,-0.00020744115,0.00011355428,9.2604474e-05
2025-10-28 20:37:03.624317,Left,-1.9287285e-09,2.7072233e-09,4.790852e-10,-3.3718872e-09,-1.6561149e-09,1.3773452e-09,1.8143833e-09,-4.8557003e-10
2025-10-28 20:37:03.628317,Left,-3.2159901e-09,2.7072233e-09,4.790852e-10,-3.3718872e-09,-1.6561149e-09,1.3773452e-09,1.8143833e-09,-4.8557003e-10
2025-10-28 20:37:03.632317,Left,-2.3415695e-11,2.7072233e-09,4.790852e-10,-3.3718872e-09,-1.6561149e-09,1.3773452e-09,1.8143833e-09,-4.8557003e-10
2025-10-28 20:37:03.636317,Left,-3.3718872e-09,2.0422843e-09,1.1467343e-09,-1.9287285e-09,-1.4436478e-10,2.0422843e-09,1.1467343e-09,-1.9287285e-09
2025-10-28 20:37:03.640317,Left,-3.2159901e-09,2.9780396e-09,2.4462306e-09,-6.414671e-10,-6.590121e-10,1.106529e-09,-1.5276205e-10,-3.2159901e-09
2025-10-28 20:37:03.644317,Left,-1.9287285e-09,2.2753261e-09,2.4955966e-09,-2.3415695e-11,6.7240963e-10,1.8092424e-09,-2.0212818e-10,-3.8340415e-09
2025-10-28 20:37:03.648317,Left,-3.2159901e-09,2.2753261e-09,2.4955966e-09,-2.3415695e-11,6.7240963e-10,1.8092424e-09,-2.0212818e-10,-3.8340415e-09
2025-10-28 20:37:03.661828,Left,-0.00048926414,-0.0001897964,-0.0015399033,-2.0269376e-06,0.0013030927,-0.0009851686,0.0004571831,0.00075930316
2025-10-28 20:37:03.665828,Left,4.790852e-10,-3.3718872e-09,2.0422843e-09,1.1467343e-09,-1.9287285e-09,-1.4436478e-10,2.0422843e-09,1.1467343e-09
2025-10-28 20:37:03.669828,Left,4.790852e-10,-3.3718872e-09,2.7072233e-09,4.790852e-10,-3.3718872e-09,-1.6561149e-09,1.3773452e-09,1.8143833e-09
2025-10-28 20:37:03.673828,Left,4.790852e-10,-3.3718872e-09,1.0148677e-09,6.018484e-10,-1.7566938e-09,1.2785469e-09,3.069701e-09,1.6916202e-09
2025-10-28 20:37:03.677828,Left,1.1467343e-09,-1.9287285e-09,2.9780396e-09,2.4462306e-09,-6.414671e-10,-6.590121e-10,1.106529e-09,-1.5276205e-10
2025-10-28 20:37:03.681828,Left,2.4462306e-09,-6.414671e-10,2.7072233e-09,4.790852e-10,-3.3718872e-09,-1.6561149e-09,1.3773452e-09,1.8143833e-09
2025-10-28 20:37:03.685828,Left,1.1467343e-09,-1.9287285e-09,2.0422843e-09,1.1467343e-09,-1.9287285e-09,-1.6561149e-09,1.3773452e-09,1.8143833e-09
2025-10-28 20:37:03.689828,Left,2.4955966e-09,-2.3415695e-11,2.7072233e-09,4.790852e-10,-3.3718872e-09,-1.6561149e-09,1.3773452e-09,1.8143833e-09
2025-10-28 20:37:03.700849,Left,0.00092264323,-0.0021192075,-0.0030573767,-0.0016803497,0.0030874612,0.0018351318,-0.0011959666,-0.0017446427
2025-10-28 20:37:03.704849,Left,-1.5276205e-10,-3.2159901e-09,2.2753261e-09,2.4955966e-09,-2.3415695e-11,-1.4436478e-10,2.0422843e-09,1.1467343e-09
2025-10-28 20:37:03.708849,Left,-1.5276205e-10,-3.2159901e-09,1.106529e-09,-1.5276205e-10,-3.2159901e-09,3.7028255e-10,2.9780396e-09,2.4462306e-09
2025-10-28 20:37:03.712849,Left,2.4955966e-09,-2.3415695e-11,2.2753261e-09,2.4955966e-09,-2.3415695e-11,6.7240963e-10,1.8092424e-09,-2.0212818e-10
2025-10-28 20:37:03.716849,Left,1.1467343e-09,-1.9287285e-09,2.7072233e-09,4.790852e-10,-3.3718872e-09,-1.6561149e-09,1.3773452e-09,1.8143833e-09
2025-10-28 20:37:03.720849,Left,4.790852e-10,-3.3718872e-09,1.106529e-09,-1.5276205e-10,-3.2159901e-09,3.7028255e-10,2.9780396e-09,2.4462306e-09
2025-10-28 20:37:03.724849,Left,1.6916202e-09,-2.1007633e-09,1.106529e-09,-1.5276205e-10,-3.2159901e-09,3.7028255e-10,2.9780396e-09,2.4462306e-09
2025-10-28 20:37:03.728849,Left,1.6916202e-09,-2.1007633e-09,1.106529e-09,-1.5276205e-10,-3.2159901e-09,3.7028255e-10,2.9780396e-09,2.4462306e-09
2025-10-28 20:37:03.741094,Left,0.00041536722,-0.000524334,-0.0025394605,-0.0014749911,0.00073645083,0.00093637337,0.003048272,0.0014338568
2025-10-28 20:37:03.745094,Left,1.8143833e-09,-4.8557003e-10,1.3673853e-09,2.7072233e-09,4.790852e-10,-3.3718872e-09,2.0422843e-09,1.1467343e-09
2025-10-28 20:37:03.749094,Left,1.8143833e-09,-4.8557003e-10,1.3673853e-09,2.7072233e-09,4.790852e-10,-3.3718872e-09,2.7072233e-09,4.790852e-10
2025-10-28 20:37:03.753094,Left,1.6916202e-09,-2.1007633e-09,-1.5672764e-09,1.0148677e-09,6.018484e-10,-1.7566938e-09,1.0148677e-09,6.018484e-10
2025-10-28 20:37:03.757094,Left,1.1467343e-09,-1.9287285e-09,-1.4436478e-10,2.0422843e-09,1.1467343e-09,-1.9287285e-09,2.9780396e-09,2.4462306e-09
2025-10-28 20:37:03.761094,Left,-1.5276205e-10,-3.2159901e-09,3.7028255e-10,2.9780396e-09,2.4462306e-09,-6.414671e-10,2.7072233e-09,4.790852e-10
2025-10-28 20:37:03.765094,Left,-2.0212818e-10,-3.8340415e-09,-1.4436478e-10,2.0422843e-09,1.1467343e-09,-1.9287285e-09,2.7072233e-09,4.790852e-10
2025-10-28 20:37:03.769094,Left,1.6916202e-09,-2.1007633e-09,-1.5672764e-09,1.0148677e-09,6.018484e-10,-1.7566938e-09,2.7072233e-09,4.790852e-10
2025-10-28 20:37:03.781388,Left,-0.0013474714,0.0013118088,-0.00042249166,-0.0035116065,-0.0016017914,0.0032561764,0.0006905609,-0.00018263968
2025-10-28 20:37:03.785388,Left,2.4462306e-09,-6.414671e-10,-6.590121e-10,1.106529e-09,-1.5276205e-10,-3.2159901e-09,2.2753261e-09,2.4955966e-09
2025-10-28 20:37:03.789388,Left,2.4462306e-09,-6.414671e-10,-6.590121e-10,1.106529e-09,-1.5276205e-10,-3.2159901e-09,1.106529e-09,-1.5276205e-10
2025-10-28 20:37:03.793388,Left,2.4462306e-09,-6.414671e-10,-9.611392e-10,2.2753261e-09,2.4955966e-09,-2.3415695e-11,2.2753261e-09,2.4955966e-09
2025-10-28 20:37:03.797388,Left,1.1467343e-09,-1.9287285e-09,-1.4436478e-10,2.0422843e-09,1.1467343e-09,-1.9287285e-09,2.7072233e-09,4.790852e-10
2025-10-28 20:37:03.801388,Left,1.8143833e-09,-4.8557003e-10,1.3673853e-09,2.7072233e-09,4.790852e-10,-3.3718872e-09,1.106529e-09,-1.5276205e-10
2025-10-28 20:37:03.805388,Left,1.1467343e-09,-1.9287285e-09,-1.4436478e-10,2.0422843e-09,1.1467343e-09,-1.9287285e-09,1.106529e-09,-1.5276205e-10
2025-10-28 20:37:03.809388,Left,-2.0212818e-10,-3.8340415e-09,-9.611392e-10,2.2753261e-09,2.4955966e-09,-2.3415695e-11,1.106529e-09,-1.5276205e-10
2025-10-28 20:37:03.821615,Left,0.0013416721,-0.0014750063,-0.0018859934,-0.00014767642,0.0009925426,-7.937369e-05,0.0003470171,-0.00049379433
2025-10-28 20:37:03.825615,Left,4.790852e-10,-3.3718872e-09,-1.6561149e-09,1.3773452e-09,1.8143833e-09,-4.8557003e-10,2.0422843e-09,1.1467343e-09
2025-10-28 20:37:03.829615,Left,4.790852e-10,-3.3718872e-09,-1.6561149e-09,1.3773452e-09,1.8143833e-09,-4.8557003e-10,1.3773452e-09,1.8143833e-09
2025-10-28 20:37:03.833615,Left,4.790852e-10,-3.3718872e-09,1.2785469e-09,3.069701e-09,1.6916202e-09,-2.1007633e-09,3.069701e-09,1.6916202e-09
2025-10-28 20:37:03.837615,Left,1.1467343e-09,-1.9287285e-09,-1.4436478e-10,2.0422843e-09,1.1467343e-09,-1.9287285e-09,1.106529e-09,-1.5276205e-10
2025-10-28 20:37:03.841615,Left,2.4462306e-09,-6.414671e-10,-6.590121e-10,1.106529e-09,-1.5276205e-10,-3.2159901e-09,1.3773452e-09,1.8143833e-09
2025-10-28 20:37:03.845615,Left,1.1467343e-09,-1.9287285e-09,-1.4436478e-10,2.0422843e-09,1.1467343e-09,-1.9287285e-09,1.3773452e-09,1.8143833e-09
2025-10-28 20:37:03.849615,Left,2.4955966e-09,-2.3415695e-11,1.2785469e-09,3.069701e-09,1.6916202e-09,-2.1007633e-09,1.3773452e-09,1.8143833e-09
2025-10-28 20:37:03.861803,Left,7.7178665e-05,-0.0005595784,3.7248014e-05,-0.0010545511,-0.00025121597,0.00094198296,0.0011855562,0.00045687842
2025-10-28 20:37:03.865803,Left,2.0422843e-09,1.1467343e-09,-1.9287285e-09,2.9780396e-09,2.4462306e-09,-6.414671e-10,2.0422843e-09,1.1467343e-09
2025-10-28 20:37:03.869803,Left,2.7072233e-09,4.790852e-10,-3.3718872e-09,2.9780396e-09,2.4462306e-09,-6.414671e-10,2.9780396e-09,2.4462306e-09
2025-10-28 20:37:03.873803,Left,1.0148677e-09,6.018484e-10,-1.7566938e-09,1.8092424e-09,-2.0212818e-10,-3.8340415e-09,2.0422843e-09,1.1467343e-09
2025-10-28 20:37:03.877803,Left,2.9780396e-09,2.4462306e-09,-6.414671e-10,2.0422843e-09,1.1467343e-09,-1.9287285e-09,1.3773452e-09,1.8143833e-09
2025-10-28 20:37:03.881803,Left,2.7072233e-09,4.790852e-10,-3.3718872e-09,1.3773452e-09,1.8143833e-09,-4.8557003e-10,2.9780396e-09,2.4462306e-09
2025-10-28 20:37:03.885803,Left,2.7072233e-09,4.790852e-10,-3.3718872e-09,1.0148677e-09,6.018484e-10,-1.7566938e-09,2.9780396e-09,2.4462306e-09
2025-10-28 20:37:03.889803,Left,2.7072233e-09,4.790852e-10,-3.3718872e-09,1.8092424e-09,-2.0212818e-10,-3.8340415e-09,2.9780396e-09,2.4462306e-09
2025-10-28 20:37:03.900667,Left,-0.000118312346,0.0004743843,-0.00022054026,-0.0005704357,-0.00016037871,0.00048708677,0.000291542,9.5111216e-05
2025-10-28 20:37:03.904667,Left,1.8143833e-09,-4.8557003e-10,1.3673853e-09,2.7072233e-09,4.790852e-10,-3.3718872e-09,1.0148677e-09,6.018484e-10
2025-10-28 20:37:03.908667,Left,1.8143833e-09,-4.8557003e-10,1.3673853e-09,2.7072233e-09,4.790852e-10,-3.3718872e-09,2.7072233e-09,4.790852e-10
2025-10-28 20:37:03.912667,Left,1.8143833e-09,-4.8557003e-10,-1.5672764e-09,1.0148677e-09,6.018484e-10,-1.7566938e-09,2.0422843e-09,1.1467343e-09
2025-10-28 20:37:03.916667,Left,1.1467343e-09,-1.9287285e-09,-1.4436478e-10,2.0422843e-09,1.1467343e-09,-1.9287285e-09,2.9780396e-09,2.4462306e-09
2025-10-28 20:37:03.920667,Left,-1.5276205e-10,-3.2159901e-09,3.7028255e-10,2.9780396e-09,2.4462306e-09,-6.414671e-10,2.7072233e-09,4.790852e-10
2025-10-28 20:37:03.924667,Left,1.1467343e-09,-1.9287285e-09,-1.4436478e-10,2.0422843e-09,1.1467343e-09,-1.9287285e-09,2.7072233e-09,4.790852e-10
2025-10-28 20:37:03.928667,Left,1.6916202e-09,-2.1007633e-09,-1.5672764e-09,1.0148677e-09,6.018484e-10,-1.7566938e-09,2.7072233e-09,4.790852e-10
2025-10-28 20:37:03.940871,Left,6.031183e-05,5.8025413e-05,0.00031114847,0.0003517881,-1.889573e-05,-0.0002339826,-0.0005660342,-0.0003485558
2025-10-28 20:37:03.944871,Left,2.4462306e-09,-6.414671e-10,-6.590121e-10,1.106529e-09,-1.5276205e-10,-3.2159901e-09,2.2753261e-09,2.4955966e-09
2025-10-28 20:37:03.948871,Left,2.4462306e-09,-6.414671e-10,-6.590121e-10,1.106529e-09,-1.5276205e-10,-3.2159901e-09,1.106529e-09,-1.5276205e-10
2025-10-28 20:37:03.952871,Left,-2.0212818e-10,-3.8340415e-09,-9.611392e-10,2.2753261e-09,2.4955966e-09,-2.3415695e-11,2.2753261e-09,2.4955966e-09
2025-10-28 20:37:03.956871,Left,1.1467343e-09,-1.9287285e-09,-1.4436478e-10,2.0422843e-09,1.1467343e-09,-1.9287285e-09,2.7072233e-09,4.790852e-10
2025-10-28 20:37:03.960871,Left,1.8143833e-09,-4.8557003e-10,1.3673853e-09,2.7072233e-09,4.790852e-10,-3.3718872e-09,1.106529e-09,-1.5276205e-10
2025-10-28 20:37:03.964871,Left,1.1467343e-09,-1.9287285e-09,1.2785469e-09,3.069701e-09,1.6916202e-09,-2.1007633e-09,2.0422843e-09,1.1467343e-09
2025-10-28 20:37:03.968871,Left,-2.0212818e-10,-3.8340415e-09,-9.611392e-10,2.2753261e-09,2.4955966e-09,-2.3415695e-11,1.106529e-09,-1.5276205e-10
2025-10-28 20:37:03.982231,Left,0.0002544609,-3.74104e-05,1.7259526e-05,0.0008585465,0.00044278993,-0.00081124634,7.6369484e-05,0.00014789171
2025-10-28 20:37:03.986231,Left,4.790852e-10,-3.3718872e-09,-1.6561149e-09,1.3773452e-09,1.8143833e-09,-4.8557003e-10,2.0422843e-09,1.1467343e-09
2025-10-28 20:37:03.990231,Left,4.790852e-10,-3.3718872e-09,-1.6561149e-09,1.3773452e-09,1.8143833e-09,-4.8557003e-10,1.3773452e-09,1.8143833e-09
2025-10-28 20:37:03.994231,Left,6.018484e-10,-1.7566938e-09,1.2785469e-09,3.069701e-09,1.6916202e-09,-2.1007633e-09,3.069701e-09,1.6916202e-09
2025-10-28 20:37:03.998231,Left,1.1467343e-09,-1.9287285e-09,-1.4436478e-10,2.0422843e-09,1.1467343e-09,-1.9287285e-09,1.106529e-09,-1.5276205e-10
2025-10-28 20:37:04.002231,Left,2.4462306e-09,-6.414671e-10,-6.590121e-10,1.106529e-09,-1.5276205e-10,-3.2159901e-09,1.3773452e-09,1.8143833e-09
2025-10-28 20:37:04.006231,Left,2.4955966e-09,-2.3415695e-11,6.7240963e-10,1.8092424e-09,-2.0212818e-10,-3.8340415e-09,1.3773452e-09,1.8143833e-09
2025-10-28 20:37:04.010231,Left,2.4955966e-09,-2.3415695e-11,6.7240963e-10,1.8092424e-09,-2.0212818e-10,-3.8340415e-09,1.3773452e-09,1.8143833e-09
2025-10-28 20:37:04.011183,Left,-0.00043435802,-3.0759733e-05,0.0004134038,0.00013008525,-6.104705e-05,-0.000140517,0.00014090884,-0.00018757206
2025-10-28 20:37:04.015183,Left,2.0422843e-09,1.1467343e-09,-1.9287285e-09,-1.4436478e-10,2.0422843e-09,1.1467343e-09,-1.9287285e-09,1.106529e-09
2025-10-28 20:37:04.019183,Left,1.0148677e-09,6.018484e-10,-1.7566938e-09,-1.6561149e-09,1.3773452e-09,1.8143833e-09,-4.8557003e-10,1.106529e-09
2025-10-28 20:37:04.023183,Left,1.0148677e-09,6.018484e-10,-1.7566938e-09,1.2785469e-09,3.069701e-09,1.6916202e-09,-2.1007633e-09,2.2753261e-09
2025-10-28 20:37:04.027183,Left,2.9780396e-09,2.4462306e-09,-6.414671e-10,-6.590121e-10,1.106529e-09,-1.5276205e-10,-3.2159901e-09,2.0422843e-09
2025-10-28 20:37:04.031183,Left,2.7072233e-09,4.790852e-10,-3.3718872e-09,-1.6561149e-09,1.3773452e-09,1.8143833e-09,-4.8557003e-10,2.7072233e-09
2025-10-28 20:37:04.035183,Left,2.0422843e-09,1.1467343e-09,-1.9287285e-09,-1.6561149e-09,1.3773452e-09,1.8143833e-09,-4.8557003e-10,2.0422843e-09
2025-10-28 20:37:04.039183,Left,2.7072233e-09,4.790852e-10,-3.3718872e-09,-1.6561149e-09,1.3773452e-09,1.8143833e-09,-4.8557003e-10,2.2753261e-09
2025-10-28 20:37:04.050135,Left,-0.00024986832,0.00025319654,0.00015170808,0.00084056874,0.0002789712,-0.0007417654,0.00012892325,0.0004076691
2025-10-28 20:37:04.054135,Left,2.0422843e-09,1.1467343e-09,-1.9287285e-09,2.7072233e-09,4.790852e-10,-3.3718872e-09,-1.6561149e-09,1.3773452e-09
2025-10-28 20:37:04.058135,Left,1.106529e-09,-1.5276205e-10,-3.2159901e-09,2.7072233e-09,4.790852e-10,-3.3718872e-09,-1.6561149e-09,1.3773452e-09
2025-10-28 20:37:04.062135,Left,2.0422843e-09,1.1467343e-09,-1.9287285e-09,2.7072233e-09,4.790852e-10,-3.3718872e-09,1.2785469e-09,3.069701e-09
2025-10-28 20:37:04.066135,Left,2.7072233e-09,4.790852e-10,-3.3718872e-09,2.0422843e-09,1.1467343e-09,-1.9287285e-09,-1.4436478e-10,2.0422843e-09
2025-10-28 20:37:04.070135,Left,1.106529e-09,-1.5276205e-10,-3.2159901e-09,2.9780396e-09,2.4462306e-09,-6.414671e-10,-6.590121e-10,1.106529e-09
2025-10-28 20:37:04.074135,Left,2.0422843e-09,1.1467343e-09,-1.9287285e-09,2.2753261e-09,2.4955966e-09,-2.3415695e-11,-1.4436478e-10,2.0422843e-09
2025-10-28 20:37:04.078135,Left,1.106529e-09,-1.5276205e-10,-3.2159901e-09,2.2753261e-09,2.4955966e-09,-2.3415695e-11,1.2785469e-09,3.069701e-09
2025-10-28 20:37:04.094125,Left,-0.00071963033,-0.00033133588,0.00067298365,0.00023446941,-0.0002190818,-0.0002504425,0.00023753995,0.00034258587
2025-10-28 20:37:04.098125,Left,2.0422843e-09,1.1467343e-09,-1.9287285e-09,-1.4436478e-10,2.0422843e-09,1.1467343e-09,-1.9287285e-09,-1.4436478e-10
2025-10-28 20:37:04.102125,Left,1.3773452e-09,1.8143833e-09,-4.8557003e-10,1.3673853e-09,2.7072233e-09,4.790852e-10,-3.3718872e-09,-1.6561149e-09
2025-10-28 20:37:04.106125,Left,3.069701e-09,1.6916202e-09,-2.1007633e-09,-1.5672764e-09,1.0148677e-09,6.018484e-10,-1.7566938e-09,1.2785469e-09
2025-10-28 20:37:04.110125,Left,1.106529e-09,-1.5276205e-10,-3.2159901e-09,3.7028255e-10,2.9780396e-09,2.4462306e-09,-6.414671e-10,-6.590121e-10
2025-10-28 20:37:04.114125,Left,1.3773452e-09,1.8143833e-09,-4.8557003e-10,1.3673853e-09,2.7072233e-09,4.790852e-10,-3.3718872e-09,-1.6561149e-09
2025-10-28 20:37:04.118125,Left,1.3773452e-09,1.8143833e-09,-4.8557003e-10,1.3673853e-09,2.7072233e-09,4.790852e-10,-3.3718872e-09,-1.6561149e-09
2025-10-28 20:37:04.122125,Left,1.3773452e-09,1.8143833e-09,-4.8557003e-10,1.3673853e-09,2.7072233e-09,4.790852e-10,-3.3718872e-09,-1.6561149e-09
2025-10-28 20:37:04.135618,Left,-1.5067035e-05,-4.8643255e-05,9.703226e-05,2.8681847e-05,0.00015608984,6.1836996e-05,-0.0001503712,8.790789e-05
2025-10-28 20:37:04.139618,Left,-1.9287285e-09,1.106529e-09,-1.5276205e-10,-3.2159901e-09,2.2753261e-09,2.4955966e-09,-2.3415695e-11,-1.4436478e-10
2025-10-28 20:37:04.143618,Left,-4.8557003e-10,1.106529e-09,-1.5276205e-10,-3.2159901e-09,1.106529e-09,-1.5276205e-10,-3.2159901e-09,3.7028255e-10
2025-10-28 20:37:04.147618,Left,-2.1007633e-09,2.2753261e-09,2.4955966e-09,-2.3415695e-11,2.2753261e-09,2.4955966e-09,-2.3415695e-11,6.7240963e-10
2025-10-28 20:37:04.151618,Left,-3.2159901e-09,2.0422843e-09,1.1467343e-09,-1.9287285e-09,2.7072233e-09,4.790852e-10,-3.3718872e-09,-1.6561149e-09
2025-10-28 20:37:04.155618,Left,-4.8557003e-10,2.7072233e-09,4.790852e-10,-3.3718872e-09,1.106529e-09,-1.5276205e-10,-3.2159901e-09,3.7028255e-10
2025-10-28 20:37:04.159618,Left,-4.8557003e-10,3.069701e-09,1.6916202e-09,-2.1007633e-09,2.0422843e-09,1.1467343e-09,-1.9287285e-09,3.7028255e-10
2025-10-28 20:37:04.163618,Left,-4.8557003e-10,3.069701e-09,1.6916202e-09,-2.1007633e-09,1.106529e-09,-1.5276205e-10,-3.2159901e-09,3.7028255e-10
2025-10-28 20:37:04.178441,Left,-7.042082e-05,-0.00016367306,-3.698636e-05,0.00014619053,-1.6584105e-06,4.4167493e-05,2.9178653e-05,-5.1493458e-05
2025-10-28 20:37:04.182441,Left,-1.9287285e-09,1.3773452e-09,1.8143833e-09,-4.8557003e-10,1.3673853e-09,2.7072233e-09,4.790852e-10,-3.3718872e-09
2025-10-28 20:37:04.186441,Left,-6.414671e-10,1.3773452e-09,1.8143833e-09,-4.8557003e-10,1.3673853e-09,2.7072233e-09,4.790852e-10,-3.3718872e-09
2025-10-28 20:37:04.190441,Left,-3.8340415e-09,3.069701e-09,1.6916202e-09,-2.1007633e-09,-1.5672764e-09,1.0148677e-09,6.018484e-10,-1.7566938e-09
2025-10-28 20:37:04.194441,Left,-4.8557003e-10,2.0422843e-09,1.1467343e-09,-1.9287285e-09,-1.4436478e-10,2.0422843e-09,1.1467343e-09,-1.9287285e-09
2025-10-28 20:37:04.198441,Left,-6.414671e-10,1.106529e-09,-1.5276205e-10,-3.2159901e-09,3.7028255e-10,2.9780396e-09,2.4462306e-09,-6.414671e-10
2025-10-28 20:37:04.202441,Left,-6.414671e-10,1.8092424e-09,-2.0212818e-10,-3.8340415e-09,-9.611392e-10,2.2753261e-09,2.4955966e-09,-2.3415695e-11
2025-10-28 20:37:04.206441,Left,-6.414671e-10,1.8092424e-09,-2.0212818e-10,-3.8340415e-09,-9.611392e-10,2.2753261e-09,2.4955966e-09,-2.3415695e-11
2025-10-28 20:37:04.218489,Left,-5.8079408e-05,-6.664143e-05,-3.583655e-05,5.523123e-06,5.174557e-05,8.019921e-06,-3.3149623e-05,-0.00015280693
2025-10-28 20:37:04.222489,Left,-1.9287285e-09,-1.4436478e-10,2.0422843e-09,1.1467343e-09,-1.9287285e-09,-2.0212818e-10,-3.8340415e-09,-1.4436478e-10
2025-10-28 20:37:04.226489,Left,-3.3718872e-09,-1.6561149e-09,1.3773452e-09,1.8143833e-09,-4.8557003e-10,2.4462306e-09,-6.414671e-10,-6.590121e-10
2025-10-28 20:37:04.230489,Left,-1.7566938e-09,1.2785469e-09,3.069701e-09,1.6916202e-09,-2.1007633e-09,-2.0212818e-10,-3.8340415e-09,-9.611392e-10
2025-10-28 20:37:04.234489,Left,-6.414671e-10,-6.590121e-10,1.106529e-09,-1.5276205e-10,-3.2159901e-09,1.8143833e-09,-4.8557003e-10,1.3673853e-09
2025-10-28 20:37:04.238489,Left,-3.3718872e-09,-1.6561149e-09,1.3773452e-09,1.8143833e-09,-4.8557003e-10,2.4462306e-09,-6.414671e-10,-6.590121e-10
2025-10-28 20:37:04.242489,Left,-1.9287285e-09,-1.4436478e-10,2.0422843e-09,1.1467343e-09,-1.9287285e-09,2.4462306e-09,-6.414671e-10,-6.590121e-10
2025-10-28 20:37:04.246489,Left,-3.3718872e-09,-1.6561149e-09,1.3773452e-09,1.8143833e-09,-4.8557003e-10,2.4462306e-09,-6.414671e-10,-6.590121e-10
2025-10-28 20:37:04.258671,Left,7.49543e-05,-0.00018586853,-6.0086975e-05,7.0841474e-05,3.854198e-05,0.0002937189,9.9214834e-05,-0.00026228445
2025-10-28 20:37:04.262671,Left,-1.9287285e-09,-1.4436478e-10,2.0422843e-09,1.1467343e-09,-1.9287285e-09,1.3773452e-09,1.8143833e-09,-4.8557003e-10
2025-10-28 20:37:04.266671,Left,-3.2159901e-09,3.7028255e-10,2.9780396e-09,2.4462306e-09,-6.414671e-10,1.3773452e-09,1.8143833e-09,-4.8557003e-10
2025-10-28 20:37:04.270671,Left,-2.3415695e-11,6.7240963e-10,1.8092424e-09,-2.0212818e-10,-3.8340415e-09,1.3773452e-09,1.8143833e-09,-4.8557003e-10
2025-10-28 20:37:04.274671,Left,-3.3718872e-09,-1.6561149e-09,1.3773452e-09,1.8143833e-09,-4.8557003e-10,2.0422843e-09,1.1467343e-09,-1.9287285e-09
2025-10-28 20:37:04.278671,Left,-3.2159901e-09,3.7028255e-10,2.9780396e-09,2.4462306e-09,-6.414671e-10,1.106529e-09,-1.5276205e-10,-3.2159901e-09
2025-10-28 20:37:04.282671,Left,-3.2159901e-09,3.7028255e-10,2.9780396e-09,2.4462306e-09,-6.414671e-10,1.8092424e-09,-2.0212818e-10,-3.8340415e-09
2025-10-28 20:37:04.286671,Left,-3.2159901e-09,3.7028255e-10,2.9780396e-09,2.4462306e-09,-6.414671e-10,3.069701e-09,1.6916202e-09,-2.1007633e-09
2025-10-28 20:37:04.298835,Left,5.5913923e-05,-0.000104361476,-0.00024641995,-0.0001407714,0.00024387137,0.00012854267,1.5457787e-05,-0.00011941423
2025-10-28 20:37:04.302835,Left,4.790852e-10,-3.3718872e-09,2.0422843e-09,1.1467343e-09,-1.9287285e-09,2.9780396e-09,2.4462306e-09,-6.414671e-10
2025-10-28 20:37:04.306835,Left,4.790852e-10,-3.3718872e-09,2.7072233e-09,4.790852e-10,-3.3718872e-09,2.9780396e-09,2.4462306e-09,-6.414671e-10
2025-10-28 20:37:04.310835,Left,6.018484e-10,-1.7566938e-09,1.0148677e-09,6.018484e-10,-1.7566938e-09,1.8092424e-09,-2.0212818e-10,-3.8340415e-09
2025-10-28 20:37:04.314835,Left,1.1467343e-09,-1.9287285e-09,2.9780396e-09,2.4462306e-09,-6.414671e-10,2.0422843e-09,1.1467343e-09,-1.9287285e-09
2025-10-28 20:37:04.318835,Left,2.4462306e-09,-6.414671e-10,2.7072233e-09,4.790852e-10,-3.3718872e-09,1.3773452e-09,1.8143833e-09,-4.8557003e-10
2025-10-28 20:37:04.322835,Left,1.1467343e-09,-1.9287285e-09,2.0422843e-09,1.1467343e-09,-1.9287285e-09,1.0148677e-09,6.018484e-10,-1.7566938e-09
2025-10-28 20:37:04.326835,Left,2.4955966e-09,-2.3415695e-11,2.7072233e-09,4.790852e-10,-3.3718872e-09,1.0148677e-09,6.018484e-10,-1.7566938e-09
2025-10-28 20:37:04.337777,Left,3.958588e-05,-3.191064e-05,4.7757017e-05,8.7300825e-05,-5.1278217e-05,3.2663826e-05,0.00016487874,6.560211e-05
2025-10-28 20:37:04.341777,Left,-1.5276205e-10,-3.2159901e-09,2.0422843e-09,1.1467343e-09,-1.9287285e-09,-1.4436478e-10,2.0422843e-09,1.1467343e-09
2025-10-28 20:37:04.345777,Left,-1.5276205e-10,-3.2159901e-09,1.106529e-09,-1.5276205e-10,-3.2159901e-09,3.7028255e-10,2.9780396e-09,2.4462306e-09
2025-10-28 20:37:04.349777,Left,2.4955966e-09,-2.3415695e-11,2.2753261e-09,2.4955966e-09,-2.3415695e-11,6.7240963e-10,1.8092424e-09,-2.0212818e-10
2025-10-28 20:37:04.353777,Left,1.1467343e-09,-1.9287285e-09,2.7072233e-09,4.790852e-10,-3.3718872e-09,-1.6561149e-09,1.3773452e-09,1.8143833e-09
2025-10-28 20:37:04.357777,Left,4.790852e-10,-3.3718872e-09,1.106529e-09,-1.5276205e-10,-3.2159901e-09,3.7028255e-10,2.9780396e-09,2.4462306e-09
2025-10-28 20:37:04.361777,Left,1.1467343e-09,-1.9287285e-09,2.0422843e-09,1.1467343e-09,-1.9287285e-09,-1.4436478e-10,2.0422843e-09,1.1467343e-09
2025-10-28 20:37:04.365777,Left,2.4955966e-09,-2.3415695e-11,1.106529e-09,-1.5276205e-10,-3.2159901e-09,3.7028255e-10,2.9780396e-09,2.4462306e-09
2025-10-28 20:37:04.377952,Left,-7.164156e-05,9.953536e-05,-5.482135e-05,-1.96464e-05,5.0550636e-05,0.00012915138,5.8441194e-05,-0.000119516335
2025-10-28 20:37:04.381952,Left,1.1467343e-09,-1.9287285e-09,3.069701e-09,1.6916202e-09,-2.1007633e-09,1.106529e-09,-1.5276205e-10,-3.2159901e-09
2025-10-28 20:37:04.385952,Left,1.8143833e-09,-4.8557003e-10,1.3773452e-09,1.8143833e-09,-4.8557003e-10,1.106529e-09,-1.5276205e-10,-3.2159901e-09
2025-10-28 20:37:04.389952,Left,1.6916202e-09,-2.1007633e-09,3.069701e-09,1.6916202e-09,-2.1007633e-09,2.2753261e-09,2.4955966e-09,-2.3415695e-11
2025-10-28 20:37:04.393952,Left,1.1467343e-09,-1.9287285e-09,1.106529e-09,-1.5276205e-10,-3.2159901e-09,2.0422843e-09,1.1467343e-09,-1.9287285e-09
2025-10-28 20:37:04.397952,Left,-1.5276205e-10,-3.2159901e-09,1.3773452e-09,1.8143833e-09,-4.8557003e-10,2.7072233e-09,4.790852e-10,-3.3718872e-09
2025-10-28 20:37:04.401952,Left,1.1467343e-09,-1.9287285e-09,2.0422843e-09,1.1467343e-09,-1.9287285e-09,2.0422843e-09,1.1467343e-09,-1.9287285e-09
2025-10-28 20:37:04.405952,Left,1.6916202e-09,-2.1007633e-09,1.3773452e-09,1.8143833e-09,-4.8557003e-10,3.069701e-09,1.6916202e-09,-2.1007633e-09
2025-10-28 20:37:04.417987,Left,3.6424426e-05,-2.2547e-05,-2.8719687e-05,-1.6878934e-05,2.432805e-05,2.6599225e-06,-1.0325147e-05,5.062861e-07
2025-10-28 20:37:04.421987,Left,2.4462306e-09,-6.414671e-10,2.0422843e-09,1.1467343e-09,-1.9287285e-09,1.3773452e-09,1.8143833e-09,-4.8557003e-10
2025-10-28 20:37:04.425987,Left,2.4462306e-09,-6.414671e-10,2.9780396e-09,2.4462306e-09,-6.414671e-10,1.3773452e-09,1.8143833e-09,-4.8557003e-10
2025-10-28 20:37:04.429987,Left,-2.0212818e-10,-3.8340415e-09,1.8092424e-09,-2.0212818e-10,-3.8340415e-09,3.069701e-09,1.6916202e-09,-2.1007633e-09
2025-10-28 20:37:04.433987,Left,1.1467343e-09,-1.9287285e-09,1.3773452e-09,1.8143833e-09,-4.8557003e-10,2.0422843e-09,1.1467343e-09,-1.9287285e-09
2025-10-28 20:37:04.437987,Left,1.8143833e-09,-4.8557003e-10,2.9780396e-09,2.4462306e-09,-6.414671e-10,1.106529e-09,-1.5276205e-10,-3.2159901e-09
2025-10-28 20:37:04.441987,Left,1.1467343e-09,-1.9287285e-09,2.9780396e-09,2.4462306e-09,-6.414671e-10,1.8092424e-09,-2.0212818e-10,-3.8340415e-09
2025-10-28 20:37:04.445987,Left,-2.0212818e-10,-3.8340415e-09,2.9780396e-09,2.4462306e-09,-6.414671e-10,3.069701e-09,1.6916202e-09,-2.1007633e-09
2025-10-28 20:37:04.459466,Left,3.6864533e-06,1.6180875e-05,3.806785e-05,6.3061666e-06,-3.31934e-05,2.3144103e-05,5.996013e-06,-9.220422e-06
2025-10-28 20:37:04.463466,Left,1.1467343e-09,-1.9287285e-09,2.0422843e-09,1.1467343e-09,-1.9287285e-09,-1.4436478e-10,2.0422843e-09,1.1467343e-09
2025-10-28 20:37:04.467466,Left,4.790852e-10,-3.3718872e-09,2.7072233e-09,4.790852e-10,-3.3718872e-09,-1.6561149e-09,1.3773452e-09,1.8143833e-09
2025-10-28 20:37:04.471466,Left,6.018484e-10,-1.7566938e-09,2.0422843e-09,1.1467343e-09,-1.9287285e-09,1.2785469e-09,3.069701e-09,1.6916202e-09
2025-10-28 20:37:04.475466,Left,1.1467343e-09,-1.9287285e-09,2.9780396e-09,2.4462306e-09,-6.414671e-10,-6.590121e-10,1.106529e-09,-1.5276205e-10
2025-10-28 20:37:04.479466,Left,2.4462306e-09,-6.414671e-10,2.7072233e-09,4.790852e-10,-3.3718872e-09,-1.6561149e-09,1.3773452e-09,1.8143833e-09
2025-10-28 20:37:04.483466,Left,1.1467343e-09,-1.9287285e-09,2.7072233e-09,4.790852e-10,-3.3718872e-09,-1.6561149e-09,1.3773452e-09,1.8143833e-09
2025-10-28 20:37:04.487466,Left,2.4955966e-09,-2.3415695e-11,2.7072233e-09,4.790852e-10,-3.3718872e-09,-1.6561149e-09,1.3773452e-09,1.8143833e-09
2025-10-28 20:37:04.500867,Left,-1.8901444e-05,4.7156944e-05,5.861265e-05,3.0464491e-05,-5.9162736e-05,-3.2168282e-05,2.6067526e-05,3.3520715e-05
2025-10-28 20:37:04.504867,Left,-1.5276205e-10,-3.2159901e-09,2.0422843e-09,1.1467343e-09,-1.9287285e-09,-1.4436478e-10,2.0422843e-09,1.1467343e-09
2025-10-28 20:37:04.508867,Left,-1.5276205e-10,-3.2159901e-09,1.106529e-09,-1.5276205e-10,-3.2159901e-09,3.7028255e-10,2.9780396e-09,2.4462306e-09
2025-10-28 20:37:04.512867,Left,2.4955966e-09,-2.3415695e-11,2.0422843e-09,1.1467343e-09,-1.9287285e-09,6.7240963e-10,1.8092424e-09,-2.0212818e-10
2025-10-28 20:37:04.516867,Left,1.1467343e-09,-1.9287285e-09,2.7072233e-09,4.790852e-10,-3.3718872e-09,-1.6561149e-09,1.3773452e-09,1.8143833e-09
2025-10-28 20:37:04.520867,Left,4.790852e-10,-3.3718872e-09,1.106529e-09,-1.5276205e-10,-3.2159901e-09,3.7028255e-10,2.9780396e-09,2.4462306e-09
2025-10-28 20:37:04.524867,Left,1.6916202e-09,-2.1007633e-09,1.106529e-09,-1.5276205e-10,-3.2159901e-09,-1.4436478e-10,2.0422843e-09,1.1467343e-09
2025-10-28 20:37:04.528867,Left,1.6916202e-09,-2.1007633e-09,1.106529e-09,-1.5276205e-10,-3.2159901e-09,3.7028255e-10,2.9780396e-09,2.4462306e-09
2025-10-28 20:37:04.542358,Left,-7.0157976e-06,1.1075256e-05,5.1054798e-05,3.1725933e-05,-1.3819099e-05,-2.0515656e-05,-6.313213e-05,-3.0344485e-05
2025-10-28 20:37:04.546358,Left,1.1467343e-09,-1.9287285e-09,1.3673853e-09,2.7072233e-09,4.790852e-10,-3.3718872e-09,2.0422843e-09,1.1467343e-09
2025-10-28 20:37:04.550358,Left,1.8143833e-09,-4.8557003e-10,1.3673853e-09,2.7072233e-09,4.790852e-10,-3.3718872e-09,2.7072233e-09,4.790852e-10
2025-10-28 20:37:04.554358,Left,1.6916202e-09,-2.1007633e-09,-1.5672764e-09,1.0148677e-09,6.018484e-10,-1.7566938e-09,2.0422843e-09,1.1467343e-09
2025-10-28 20:37:04.558358,Left,1.1467343e-09,-1.9287285e-09,-1.4436478e-10,2.0422843e-09,1.1467343e-09,-1.9287285e-09,2.9780396e-09,2.4462306e-09
2025-10-28 20:37:04.562358,Left,-1.5276205e-10,-3.2159901e-09,3.7028255e-10,2.9780396e-09,2.4462306e-09,-6.414671e-10,2.7072233e-09,4.790852e-10
2025-10-28 20:37:04.566358,Left,1.1467343e-09,-1.9287285e-09,-9.611392e-10,2.2753261e-09,2.4955966e-09,-2.3415695e-11,2.7072233e-09,4.790852e-10
2025-10-28 20:37:04.570358,Left,1.6916202e-09,-2.1007633e-09,-9.611392e-10,2.2753261e-09,2.4955966e-09,-2.3415695e-11,2.7072233e-09,4.790852e-10
2025-10-28 20:37:04.569967,Left,-7.347217e-05,-2.3736862e-05,6.562403e-05,7.518915e-05,3.4518092e-05,-6.9932226e-05,-4.370753e-06,5.6637975e-05
2025-10-28 20:37:04.573967,Left,3.069701e-09,1.6916202e-09,-2.1007633e-09,1.106529e-09,-1.5276205e-10,-3.2159901e-09,3.7028255e-10,2.9780396e-09
2025-10-28 20:37:04.577967,Left,1.3773452e-09,1.8143833e-09,-4.8557003e-10,1.106529e-09,-1.5276205e-10,-3.2159901e-09,3.7028255e-10,2.9780396e-09
2025-10-28 20:37:04.581967,Left,3.069701e-09,1.6916202e-09,-2.1007633e-09,2.2753261e-09,2.4955966e-09,-2.3415695e-11,6.7240963e-10,1.8092424e-09
2025-10-28 20:37:04.585967,Left,1.106529e-09,-1.5276205e-10,-3.2159901e-09,2.0422843e-09,1.1467343e-09,-1.9287285e-09,-1.4436478e-10,2.0422843e-09
2025-10-28 20:37:04.589967,Left,1.3773452e-09,1.8143833e-09,-4.8557003e-10,2.7072233e-09,4.790852e-10,-3.3718872e-09,-1.6561149e-09,1.3773452e-09
2025-10-28 20:37:04.593967,Left,1.3773452e-09,1.8143833e-09,-4.8557003e-10,3.069701e-09,1.6916202e-09,-2.1007633e-09,-1.4436478e-10,2.0422843e-09
2025-10-28 20:37:04.597967,Left,1.3773452e-09,1.8143833e-09,-4.8557003e-10,2.2753261e-09,2.4955966e-09,-2.3415695e-11,-1.5672764e-09,1.0148677e-09
2025-10-28 20:37:04.611415,Left,-3.283726e-05,-5.2441383e-06,3.0001225e-05,1.3060322e-05,-3.0473366e-06,-9.8193195e-06,5.99358e-06,-1.1138302e-05
2025-10-28 20:37:04.615415,Left,2.0422843e-09,1.1467343e-09,-1.9287285e-09,-9.611392e-10,2.2753261e-09,2.4955966e-09,-2.3415695e-11,2.7072233e-09
2025-10-28 20:37:04.619415,Left,2.9780396e-09,2.4462306e-09,-6.414671e-10,-6.590121e-10,1.106529e-09,-1.5276205e-10,-3.2159901e-09,2.7072233e-09
2025-10-28 20:37:04.623415,Left,1.8092424e-09,-2.0212818e-10,-3.8340415e-09,-9.611392e-10,2.2753261e-09,2.4955966e-09,-2.3415695e-11,2.7072233e-09
2025-10-28 20:37:04.627415,Left,1.3773452e-09,1.8143833e-09,-4.8557003e-10,1.3673853e-09,2.7072233e-09,4.790852e-10,-3.3718872e-09,2.0422843e-09
2025-10-28 20:37:04.631415,Left,2.9780396e-09,2.4462306e-09,-6.414671e-10,-6.590121e-10,1.106529e-09,-1.5276205e-10,-3.2159901e-09,2.9780396e-09
2025-10-28 20:37:04.635415,Left,2.9780396e-09,2.4462306e-09,-6.414671e-10,-6.590121e-10,1.106529e-09,-1.5276205e-10,-3.2159901e-09,2.0422843e-09
2025-10-28 20:37:04.639415,Left,2.9780396e-09,2.4462306e-09,-6.414671e-10,-6.590121e-10,1.106529e-09,-1.5276205e-10,-3.2159901e-09,1.0148677e-09
2025-10-28 20:37:04.650310,Left,-9.949691e-06,-3.1607084e-05,-1.0850465e-05,2.8384338e-05,2.4597648e-05,1.3493841e-05,-2.3061657e-05,1.3238681e-06
2025-10-28 20:37:04.654310,Left,-1.6561149e-09,1.3773452e-09,1.8143833e-09,-4.8557003e-10,2.0422843e-09,1.1467343e-09,-1.9287285e-09,1.106529e-09
2025-10-28 20:37:04.658310,Left,-1.6561149e-09,1.3773452e-09,1.8143833e-09,-4.8557003e-10,1.3773452e-09,1.8143833e-09,-4.8557003e-10,1.106529e-09
2025-10-28 20:37:04.662310,Left,1.2785469e-09,3.069701e-09,1.6916202e-09,-2.1007633e-09,3.069701e-09,1.6916202e-09,-2.1007633e-09,2.2753261e-09
2025-10-28 20:37:04.666310,Left,-1.4436478e-10,2.0422843e-09,1.1467343e-09,-1.9287285e-09,1.106529e-09,-1.5276205e-10,-3.2159901e-09,2.0422843e-09
2025-10-28 20:37:04.670310,Left,-6.590121e-10,1.106529e-09,-1.5276205e-10,-3.2159901e-09,1.3773452e-09,1.8143833e-09,-4.8557003e-10,2.7072233e-09
2025-10-28 20:37:04.674310,Left,-1.4436478e-10,2.0422843e-09,1.1467343e-09,-1.9287285e-09,1.3773452e-09,1.8143833e-09,-4.8557003e-10,3.069701e-09
2025-10-28 20:37:04.678310,Left,1.2785469e-09,3.069701e-09,1.6916202e-09,-2.1007633e-09,1.3773452e-09,1.8143833e-09,-4.8557003e-10,3.069701e-09
2025-10-28 20:37:04.690635,Left,-1.7080894e-05,-7.471126e-06,1.5417576e-05,7.92764e-06,3.440507e-06,-2.195591e-06,-3.3302013e-06,2.3155221e-06
2025-10-28 20:37:04.694635,Left,2.2753261e-09,2.4955966e-09,-2.3415695e-11,-1.4436478e-10,2.0422843e-09,1.1467343e-09,-1.9287285e-09,1.3773452e-09
2025-10-28 20:37:04.698635,Left,1.106529e-09,-1.5276205e-10,-3.2159901e-09,6.7240963e-10,1.8092424e-09,-2.0212818e-10,-3.8340415e-09,1.3773452e-09
2025-10-28 20:37:04.702635,Left,2.2753261e-09,2.4955966e-09,-2.3415695e-11,-1.4436478e-10,2.0422843e-09,1.1467343e-09,-1.9287285e-09,1.3773452e-09
2025-10-28 20:37:04.706635,Left,2.7072233e-09,4.790852e-10,-3.3718872e-09,-1.6561149e-09,1.3773452e-09,1.8143833e-09,-4.8557003e-10,2.0422843e-09
2025-10-28 20:37:04.710635,Left,1.106529e-09,-1.5276205e-10,-3.2159901e-09,3.7028255e-10,2.9780396e-09,2.4462306e-09,-6.414671e-10,1.106529e-09
2025-10-28 20:37:04.714635,Left,2.0422843e-09,1.1467343e-09,-1.9287285e-09,-1.4436478e-10,2.0422843e-09,1.1467343e-09,-1.9287285e-09,1.8092424e-09
2025-10-28 20:37:04.718635,Left,1.106529e-09,-1.5276205e-10,-3.2159901e-09,3.7028255e-10,2.9780396e-09,2.4462306e-09,-6.414671e-10,3.069701e-09
2025-10-28 20:37:04.730742,Left,-3.577109e-07,-2.5971385e-06,4.6405123e-07,8.71627e-06,-1.9429951e-06,-5.1134043e-06,1.2923649e-06,-8.552141e-06
2025-10-28 20:37:04.734742,Left,2.0422843e-09,1.1467343e-09,-1.9287285e-09,-1.5672764e-09,1.0148677e-09,6.018484e-10,-1.7566938e-09,2.9780396e-09
2025-10-28 20:37:04.738742,Left,1.3773452e-09,1.8143833e-09,-4.8557003e-10,1.3673853e-09,2.7072233e-09,4.790852e-10,-3.3718872e-09,2.9780396e-09
2025-10-28 20:37:04.742742,Left,2.0422843e-09,1.1467343e-09,-1.9287285e-09,-1.5672764e-09,1.0148677e-09,6.018484e-10,-1.7566938e-09,1.8092424e-09
2025-10-28 20:37:04.746742,Left,1.106529e-09,-1.5276205e-10,-3.2159901e-09,3.7028255e-10,2.9780396e-09,2.4462306e-09,-6.414671e-10,2.0422843e-09
2025-10-28 20:37:04.750742,Left,1.3773452e-09,1.8143833e-09,-4.8557003e-10,1.3673853e-09,2.7072233e-09,4.790852e-10,-3.3718872e-09,1.3773452e-09
2025-10-28 20:37:04.754742,Left,2.0422843e-09,1.1467343e-09,-1.9287285e-09,1.3673853e-09,2.7072233e-09,4.790852e-10,-3.3718872e-09,2.0422843e-09
2025-10-28 20:37:04.758742,Left,1.3773452e-09,1.8143833e-09,-4.8557003e-10,1.3673853e-09,2.7072233e-09,4.790852e-10,-3.3718872e-09,1.8092424e-09
2025-10-28 20:37:04.770869,Left,2.0005033e-05,7.2232133e-06,-1.7869343e-05,2.5623967e-06,1.2191631e-05,5.1663587e-06,-1.1525764e-05,-1.916402e-05
2025-10-28 20:37:04.774869,Left,2.0422843e-09,1.1467343e-09,-1.9287285e-09,-1.4436478e-10,2.0422843e-09,1.1467343e-09,-1.9287285e-09,2.7072233e-09
2025-10-28 20:37:04.778869,Left,2.9780396e-09,2.4462306e-09,-6.414671e-10,-6.590121e-10,1.106529e-09,-1.5276205e-10,-3.2159901e-09,2.7072233e-09
2025-10-28 20:37:04.782869,Left,1.8092424e-09,-2.0212818e-10,-3.8340415e-09,-9.611392e-10,2.2753261e-09,2.4955966e-09,-2.3415695e-11,1.0148677e-09
2025-10-28 20:37:04.786869,Left,1.3773452e-09,1.8143833e-09,-4.8557003e-10,1.3673853e-09,2.7072233e-09,4.790852e-10,-3.3718872e-09,2.0422843e-09
2025-10-28 20:37:04.790869,Left,2.9780396e-09,2.4462306e-09,-6.414671e-10,-6.590121e-10,1.106529e-09,-1.5276205e-10,-3.2159901e-09,2.9780396e-09
2025-10-28 20:37:04.794869,Left,2.0422843e-09,1.1467343e-09,-1.9287285e-09,-6.590121e-10,1.106529e-09,-1.5276205e-10,-3.2159901e-09,2.2753261e-09
2025-10-28 20:37:04.798869,Left,2.9780396e-09,2.4462306e-09,-6.414671e-10,-6.590121e-10,1.106529e-09,-1.5276205e-10,-3.2159901e-09,2.2753261e-09
2025-10-28 20:37:04.811034,Left,8.427667e-06,3.6325065e-07,-8.1277285e-06,-2.253391e-06,1.1990845e-06,2.696142e-06,-2.9518767e-06,3.8098644e-06
2025-10-28 20:37:04.815034,Left,1.0148677e-09,6.018484e-10,-1.7566938e-09,1.2785469e-09,3.069701e-09,1.6916202e-09,-2.1007633e-09,1.106529e-09
2025-10-28 20:37:04.819034,Left,2.7072233e-09,4.790852e-10,-3.3718872e-09,1.2785469e-09,3.069701e-09,1.6916202e-09,-2.1007633e-09,1.106529e-09
2025-10-28 20:37:04.823034,Left,1.0148677e-09,6.018484e-10,-1.7566938e-09,1.2785469e-09,3.069701e-09,1.6916202e-09,-2.1007633e-09,2.2753261e-09
2025-10-28 20:37:04.827034,Left,2.9780396e-09,2.4462306e-09,-6.414671e-10,-6.590121e-10,1.106529e-09,-1.5276205e-10,-3.2159901e-09,2.0422843e-09
2025-10-28 20:37:04.831034,Left,2.7072233e-09,4.790852e-10,-3.3718872e-09,-1.6561149e-09,1.3773452e-09,1.8143833e-09,-4.8557003e-10,2.7072233e-09
2025-10-28 20:37:04.835034,Left,2.0422843e-09,1.1467343e-09,-1.9287285e-09,-1.6561149e-09,1.3773452e-09,1.8143833e-09,-4.8557003e-10,2.0422843e-09
2025-10-28 20:37:04.839034,Left,2.7072233e-09,4.790852e-10,-3.3718872e-09,-1.6561149e-09,1.3773452e-09,1.8143833e-09,-4.8557003e-10,2.2753261e-09
2025-10-28 20:37:04.851237,Left,5.9508175e-06,-5.2447367e-06,-3.7915124e-06,5.294375e-06,-8.32068e-06,-7.1637182e-06,8.102473e-06,-9.615411e-06
2025-10-28 20:37:04.855237,Left,2.2753261e-09,2.4955966e-09,-2.3415695e-11,-1.4436478e-10,2.0422843e-09,1.1467343e-09,-1.9287285e-09,1.3773452e-09
2025-10-28 20:37:04.859237,Left,1.106529e-09,-1.5276205e-10,-3.2159901e-09,3.7028255e-10,2.9780396e-09,2.4462306e-09,-6.414671e-10,1.3773452e-09
2025-10-28 20:37:04.863237,Left,2.0422843e-09,1.1467343e-09,-1.9287285e-09,-1.4436478e-10,2.0422843e-09,1.1467343e-09,-1.9287285e-09,1.3773452e-09
2025-10-28 20:37:04.867237,Left,2.7072233e-09,4.790852e-10,-3.3718872e-09,-1.6561149e-09,1.3773452e-09,1.8143833e-09,-4.8557003e-10,2.0422843e-09
2025-10-28 20:37:04.871237,Left,1.106529e-09,-1.5276205e-10,-3.2159901e-09,3.7028255e-10,2.9780396e-09,2.4462306e-09,-6.414671e-10,1.106529e-09
2025-10-28 20:37:04.875237,Left,1.106529e-09,-1.5276205e-10,-3.2159901e-09,3.7028255e-10,2.9780396e-09,2.4462306e-09,-6.414671e-10,2.0422843e-09
2025-10-28 20:37:04.879237,Left,1.106529e-09,-1.5276205e-10,-3.2159901e-09,3.7028255e-10,2.9780396e-09,2.4462306e-09,-6.414671e-10,1.8092424e-09
2025-10-28 20:37:04.891393,Left,5.3163863e-06,5.068151e-06,-3.788517e-07,-4.1284234e-06,5.1800707e-06,5.9829354e-06,-5.6997687e-06,-4.0940467e-06
2025-10-28 20:37:04.895393,Left,1.3673853e-09,2.7072233e-09,4.790852e-10,-3.3718872e-09,1.0148677e-09,6.018484e-10,-1.7566938e-09,2.0422843e-09
2025-10-28 20:37:04.899393,Left,1.3673853e-09,2.7072233e-09,4.790852e-10,-3.3718872e-09,2.7072233e-09,4.790852e-10,-3.3718872e-09,2.9780396e-09
2025-10-28 20:37:04.903393,Left,-1.5672764e-09,1.0148677e-09,6.018484e-10,-1.7566938e-09,1.0148677e-09,6.018484e-10,-1.7566938e-09,1.8092424e-09
2025-10-28 20:37:04.907393,Left,-1.4436478e-10,2.0422843e-09,1.1467343e-09,-1.9287285e-09,2.9780396e-09,2.4462306e-09,-6.414671e-10,2.0422843e-09
2025-10-28 20:37:04.911393,Left,3.7028255e-10,2.9780396e-09,2.4462306e-09,-6.414671e-10,2.7072233e-09,4.790852e-10,-3.3718872e-09,1.3773452e-09
2025-10-28 20:37:04.915393,Left,-1.4436478e-10,2.0422843e-09,1.1467343e-09,-1.9287285e-09,2.0422843e-09,1.1467343e-09,-1.9287285e-09,1.0148677e-09
2025-10-28 20:37:04.919393,Left,-9.611392e-10,2.2753261e-09,2.4955966e-09,-2.3415695e-11,2.7072233e-09,4.790852e-10,-3.3718872e-09,1.0148677e-09
2025-10-28 20:37:04.931494,Left,5.7472134e-06,1.6982721e-06,-2.3186067e-06,-1.0281576e-06,-4.4879503e-06,-1.917291e-06,4.212638e-06,3.480229e-06
2025-10-28 20:37:04.935494,Left,-6.590121e-10,1.106529e-09,-1.5276205e-10,-3.2159901e-09,2.0422843e-09,1.1467343e-09,-1.9287285e-09,2.0422843e-09
2025-10-28 20:37:04.939494,Left,-6.590121e-10,1.106529e-09,-1.5276205e-10,-3.2159901e-09,2.2753261e-09,2.4955966e-09,-2.3415695e-11,2.7072233e-09
2025-10-28 20:37:04.943494,Left,-6.590121e-10,1.106529e-09,-1.5276205e-10,-3.2159901e-09,2.0422843e-09,1.1467343e-09,-1.9287285e-09,2.7072233e-09
2025-10-28 20:37:04.947494,Left,-1.4436478e-10,2.0422843e-09,1.1467343e-09,-1.9287285e-09,2.7072233e-09,4.790852e-10,-3.3718872e-09,2.0422843e-09
2025-10-28 20:37:04.951494,Left,1.3673853e-09,2.7072233e-09,4.790852e-10,-3.3718872e-09,1.106529e-09,-1.5276205e-10,-3.2159901e-09,2.9780396e-09
2025-10-28 20:37:04.955494,Left,1.2785469e-09,3.069701e-09,1.6916202e-09,-2.1007633e-09,1.106529e-09,-1.5276205e-10,-3.2159901e-09,2.0422843e-09
2025-10-28 20:37:04.959494,Left,-9.611392e-10,2.2753261e-09,2.4955966e-09,-2.3415695e-11,1.106529e-09,-1.5276205e-10,-3.2159901e-09,1.0148677e-09
2025-10-28 20:37:04.971741,Left,2.0568016e-06,4.9461146e-06,1.4605253e-06,-4.460583e-06,-3.98255e-06,-1.0866313e-06,3.598368e-06,-2.879329e-07
2025-10-28 20:37:04.975741,Left,-1.6561149e-09,1.3773452e-09,1.8143833e-09,-4.8557003e-10,3.069701e-09,1.6916202e-09,-2.1007633e-09,-1.5672764e-09
2025-10-28 20:37:04.979741,Left,-1.6561149e-09,1.3773452e-09,1.8143833e-09,-4.8557003e-10,1.3773452e-09,1.8143833e-09,-4.8557003e-10,1.3673853e-09
2025-10-28 20:37:04.983741,Left,1.2785469e-09,3.069701e-09,1.6916202e-09,-2.1007633e-09,3.069701e-09,1.6916202e-09,-2.1007633e-09,-1.5672764e-09
2025-10-28 20:37:04.987741,Left,-1.4436478e-10,2.0422843e-09,1.1467343e-09,-1.9287285e-09,1.106529e-09,-1.5276205e-10,-3.2159901e-09,3.7028255e-10
2025-10-28 20:37:04.991741,Left,-6.590121e-10,1.106529e-09,-1.5276205e-10,-3.2159901e-09,1.3773452e-09,1.8143833e-09,-4.8557003e-10,1.3673853e-09
2025-10-28 20:37:04.995741,Left,6.7240963e-10,1.8092424e-09,-2.0212818e-10,-3.8340415e-09,2.0422843e-09,1.1467343e-09,-1.9287285e-09,-1.4436478e-10
2025-10-28 20:37:04.999741,Left,6.7240963e-10,1.8092424e-09,-2.0212818e-10,-3.8340415e-09,1.3773452e-09,1.8143833e-09,-4.8557003e-10,1.3673853e-09
2025-10-28 20:37:05.014476,Left,1.8558936e-06,2.0878358e-06,1.3746652e-06,-2.273754e-06,-2.741939e-07,4.0713694e-08,7.4274686e-07,2.6646776e-06
2025-10-28 20:37:05.018476,Left,-1.7566938e-09,2.9780396e-09,2.4462306e-09,-6.414671e-10,2.0422843e-09,1.1467343e-09,-1.9287285e-09,-9.611392e-10
2025-10-28 20:37:05.022476,Left,-3.3718872e-09,2.9780396e-09,2.4462306e-09,-6.414671e-10,2.9780396e-09,2.4462306e-09,-6.414671e-10,-6.590121e-10
2025-10-28 20:37:05.026476,Left,-1.7566938e-09,1.8092424e-09,-2.0212818e-10,-3.8340415e-09,1.8092424e-09,-2.0212818e-10,-3.8340415e-09,-9.611392e-10
2025-10-28 20:37:05.030476,Left,-6.414671e-10,2.0422843e-09,1.1467343e-09,-1.9287285e-09,1.3773452e-09,1.8143833e-09,-4.8557003e-10,1.3673853e-09
2025-10-28 20:37:05.034476,Left,-3.3718872e-09,1.3773452e-09,1.8143833e-09,-4.8557003e-10,2.9780396e-09,2.4462306e-09,-6.414671e-10,-6.590121e-10
2025-10-28 20:37:05.038476,Left,-1.9287285e-09,1.0148677e-09,6.018484e-10,-1.7566938e-09,2.0422843e-09,1.1467343e-09,-1.9287285e-09,-1.4436478e-10
2025-10-28 20:37:05.042476,Left,-3.3718872e-09,1.0148677e-09,6.018484e-10,-1.7566938e-09,2.9780396e-09,2.4462306e-09,-6.414671e-10,-6.590121e-10
2025-10-28 20:37:05.054676,Left,-1.5165181e-06,-3.9051547e-06,-2.2086658e-06,3.357164e-06,-1.9541449e-06,-6.0884827e-06,-2.0683194e-06,5.4393186e-06
2025-10-28 20:37:05.058676,Left,-2.3415695e-11,2.0422843e-09,1.1467343e-09,-1.9287285e-09,-1.6561149e-09,1.3773452e-09,1.8143833e-09,-4.8557003e-10
2025-10-28 20:37:05.062676,Left,-3.2159901e-09,2.7072233e-09,4.790852e-10,-3.3718872e-09,-1.6561149e-09,1.3773452e-09,1.8143833e-09,-4.8557003e-10
2025-10-28 20:37:05.066676,Left,-2.3415695e-11,2.7072233e-09,4.790852e-10,-3.3718872e-09,1.2785469e-09,3.069701e-09,1.6916202e-09,-2.1007633e-09
2025-10-28 20:37:05.070676,Left,-3.3718872e-09,2.0422843e-09,1.1467343e-09,-1.9287285e-09,-1.4436478e-10,2.0422843e-09,1.1467343e-09,-1.9287285e-09
2025-10-28 20:37:05.074676,Left,-3.2159901e-09,2.9780396e-09,2.4462306e-09,-6.414671e-10,-6.590121e-10,1.106529e-09,-1.5276205e-10,-3.2159901e-09
2025-10-28 20:37:05.078676,Left,-1.9287285e-09,2.2753261e-09,2.4955966e-09,-2.3415695e-11,-1.4436478e-10,2.0422843e-09,1.1467343e-09,-1.9287285e-09
2025-10-28 20:37:05.082676,Left,-3.2159901e-09,1.0148677e-09,6.018484e-10,-1.7566938e-09,6.7240963e-10,1.8092424e-09,-2.0212818e-10,-3.8340415e-09
2025-10-28 20:37:05.098600,Left,-5.1362176e-06,-1.0837295e-07,5.226122e-06,2.934074e-06,-5.1840243e-06,-2.6484327e-06,-2.8097946e-07,2.4848832e-06
2025-10-28 20:37:05.102600,Left,-1.9287285e-09,-1.4436478e-10,2.0422843e-09,1.1467343e-09,-1.9287285e-09,2.9780396e-09,2.4462306e-09,-6.414671e-10
2025-10-28 20:37:05.106600,Left,-4.8557003e-10,1.3673853e-09,2.7072233e-09,4.790852e-10,-3.3718872e-09,2.9780396e-09,2.4462306e-09,-6.414671e-10
2025-10-28 20:37:05.110600,Left,-2.1007633e-09,-1.5672764e-09,1.0148677e-09,6.018484e-10,-1.7566938e-09,1.8092424e-09,-2.0212818e-10,-3.8340415e-09
2025-10-28 20:37:05.114600,Left,-3.2159901e-09,3.7028255e-10,2.9780396e-09,2.4462306e-09,-6.414671e-10,2.0422843e-09,1.1467343e-09,-1.9287285e-09
2025-10-28 20:37:05.118600,Left,-4.8557003e-10,1.3673853e-09,2.7072233e-09,4.790852e-10,-3.3718872e-09,1.3773452e-09,1.8143833e-09,-4.8557003e-10
2025-10-28 20:37:05.122600,Left,-4.8557003e-10,-1.4436478e-10,2.0422843e-09,1.1467343e-09,-1.9287285e-09,2.0422843e-09,1.1467343e-09,-1.9287285e-09
2025-10-28 20:37:05.126600,Left,-4.8557003e-10,1.3673853e-09,2.7072233e-09,4.790852e-10,-3.3718872e-09,1.0148677e-09,6.018484e-10,-1.7566938e-09
2025-10-28 20:37:05.137464,Left,-8.108929e-07,6.6071766e-07,-1.0555938e-06,-1.9435934e-06,1.1141791e-06,-1.0077969e-06,1.3365953e-06,5.680006e-07
2025-10-28 20:37:05.141464,Left,-1.5276205e-10,-3.2159901e-09,2.0422843e-09,1.1467343e-09,-1.9287285e-09,2.7072233e-09,4.790852e-10,-3.3718872e-09
2025-10-28 20:37:05.145464,Left,-1.5276205e-10,-3.2159901e-09,1.106529e-09,-1.5276205e-10,-3.2159901e-09,2.7072233e-09,4.790852e-10,-3.3718872e-09
2025-10-28 20:37:05.149464,Left,-1.5276205e-10,-3.2159901e-09,2.2753261e-09,2.4955966e-09,-2.3415695e-11,1.0148677e-09,6.018484e-10,-1.7566938e-09
2025-10-28 20:37:05.153464,Left,1.1467343e-09,-1.9287285e-09,2.7072233e-09,4.790852e-10,-3.3718872e-09,2.0422843e-09,1.1467343e-09,-1.9287285e-09
2025-10-28 20:37:05.157464,Left,4.790852e-10,-3.3718872e-09,1.106529e-09,-1.5276205e-10,-3.2159901e-09,2.9780396e-09,2.4462306e-09,-6.414671e-10
2025-10-28 20:37:05.161464,Left,1.6916202e-09,-2.1007633e-09,2.0422843e-09,1.1467343e-09,-1.9287285e-09,2.2753261e-09,2.4955966e-09,-2.3415695e-11
2025-10-28 20:37:05.165464,Left,1.6916202e-09,-2.1007633e-09,1.106529e-09,-1.5276205e-10,-3.2159901e-09,1.0148677e-09,6.018484e-10,-1.7566938e-09
2025-10-28 20:37:05.182661,Left,1.6394445e-06,-2.2308234e-06,1.4290213e-06,5.270225e-07,-1.321506e-06,-1.2410595e-06,-1.518044e-06,-9.096274e-08
2025-10-28 20:37:05.186661,Left,1.8143833e-09,-4.8557003e-10,3.069701e-09,1.6916202e-09,-2.1007633e-09,-1.5672764e-09,1.0148677e-09,6.018484e-10
2025-10-28 20:37:05.190661,Left,1.8143833e-09,-4.8557003e-10,1.3773452e-09,1.8143833e-09,-4.8557003e-10,1.3673853e-09,2.7072233e-09,4.790852e-10
2025-10-28 20:37:05.194661,Left,1.8143833e-09,-4.8557003e-10,3.069701e-09,1.6916202e-09,-2.1007633e-09,-1.4436478e-10,2.0422843e-09,1.1467343e-09
2025-10-28 20:37:05.198661,Left,1.1467343e-09,-1.9287285e-09,1.106529e-09,-1.5276205e-10,-3.2159901e-09,3.7028255e-10,2.9780396e-09,2.4462306e-09
2025-10-28 20:37:05.202661,Left,-1.5276205e-10,-3.2159901e-09,1.3773452e-09,1.8143833e-09,-4.8557003e-10,1.3673853e-09,2.7072233e-09,4.790852e-10
2025-10-28 20:37:05.206661,Left,1.1467343e-09,-1.9287285e-09,2.0422843e-09,1.1467343e-09,-1.9287285e-09,1.3673853e-09,2.7072233e-09,4.790852e-10
2025-10-28 20:37:05.210661,Left,1.6916202e-09,-2.1007633e-09,1.3773452e-09,1.8143833e-09,-4.8557003e-10,1.3673853e-09,2.7072233e-09,4.790852e-10
2025-10-28 20:37:05.211458,Left,-1.4442065e-06,-3.7086087e-07,1.2729042e-06,8.00414e-07,-2.4984277e-09,-4.1491612e-07,2.2678927e-08,-4.3519717e-07
2025-10-28 20:37:05.215458,Left,2.0422843e-09,1.1467343e-09,-1.9287285e-09,-1.4436478e-10,2.0422843e-09,1.1467343e-09,-1.9287285e-09,2.9780396e-09
2025-10-28 20:37:05.219458,Left,1.3773452e-09,1.8143833e-09,-4.8557003e-10,1.3673853e-09,2.7072233e-09,4.790852e-10,-3.3718872e-09,2.9780396e-09
2025-10-28 20:37:05.223458,Left,3.069701e-09,1.6916202e-09,-2.1007633e-09,-1.5672764e-09,1.0148677e-09,6.018484e-10,-1.7566938e-09,2.9780396e-09
2025-10-28 20:37:05.227458,Left,1.106529e-09,-1.5276205e-10,-3.2159901e-09,3.7028255e-10,2.9780396e-09,2.4462306e-09,-6.414671e-10,2.0422843e-09
2025-10-28 20:37:05.231458,Left,1.3773452e-09,1.8143833e-09,-4.8557003e-10,1.3673853e-09,2.7072233e-09,4.790852e-10,-3.3718872e-09,1.3773452e-09
2025-10-28 20:37:05.235458,Left,1.3773452e-09,1.8143833e-09,-4.8557003e-10,-1.4436478e-10,2.0422843e-09,1.1467343e-09,-1.9287285e-09,2.0422843e-09
2025-10-28 20:37:05.239458,Left,1.3773452e-09,1.8143833e-09,-4.8557003e-10,1.3673853e-09,2.7072233e-09,4.790852e-10,-3.3718872e-09,1.8092424e-09
2025-10-28 20:37:05.251646,Left,5.465536e-07,3.5480517e-07,-4.9140823e-07,6.417041e-07,9.1816827e-07,1.3727035e-07,-8.1373656e-07,-1.1942233e-06
2025-10-28 20:37:05.255646,Left,1.8092424e-09,-2.0212818e-10,-3.8340415e-09,-1.4436478e-10,2.0422843e-09,1.1467343e-09,-1.9287285e-09,2.7072233e-09
2025-10-28 20:37:05.259646,Left,2.9780396e-09,2.4462306e-09,-6.414671e-10,-6.590121e-10,1.106529e-09,-1.5276205e-10,-3.2159901e-09,2.7072233e-09
2025-10-28 20:37:05.263646,Left,1.8092424e-09,-2.0212818e-10,-3.8340415e-09,-9.611392e-10,2.2753261e-09,2.4955966e-09,-2.3415695e-11,1.0148677e-09
2025-10-28 20:37:05.267646,Left,1.3773452e-09,1.8143833e-09,-4.8557003e-10,1.3673853e-09,2.7072233e-09,4.790852e-10,-3.3718872e-09,2.0422843e-09
2025-10-28 20:37:05.271646,Left,2.9780396e-09,2.4462306e-09,-6.414671e-10,-6.590121e-10,1.106529e-09,-1.5276205e-10,-3.2159901e-09,2.9780396e-09
2025-10-28 20:37:05.275646,Left,2.0422843e-09,1.1467343e-09,-1.9287285e-09,-6.590121e-10,1.106529e-09,-1.5276205e-10,-3.2159901e-09,2.0422843e-09
2025-10-28 20:37:05.279646,Left,2.9780396e-09,2.4462306e-09,-6.414671e-10,-6.590121e-10,1.106529e-09,-1.5276205e-10,-3.2159901e-09,1.0148677e-09
2025-10-28 20:37:05.290576,Left,-1.1481154e-07,-6.9627583e-07,-3.045077e-07,6.4401536e-07,9.773054e-07,5.9553304e-07,-1.0284882e-06,-3.8018175e-07
2025-10-28 20:37:05.294576,Left,-1.6561149e-09,1.3773452e-09,1.8143833e-09,-4.8557003e-10,3.069701e-09,1.6916202e-09,-2.1007633e-09,2.0422843e-09
2025-10-28 20:37:05.298576,Left,-1.6561149e-09,1.3773452e-09,1.8143833e-09,-4.8557003e-10,1.3773452e-09,1.8143833e-09,-4.8557003e-10,1.106529e-09
2025-10-28 20:37:05.302576,Left,1.2785469e-09,3.069701e-09,1.6916202e-09,-2.1007633e-09,2.0422843e-09,1.1467343e-09,-1.9287285e-09,1.106529e-09
2025-10-28 20:37:05.306576,Left,-1.4436478e-10,2.0422843e-09,1.1467343e-09,-1.9287285e-09,1.106529e-09,-1.5276205e-10,-3.2159901e-09,2.0422843e-09
2025-10-28 20:37:05.310576,Left,-6.590121e-10,1.106529e-09,-1.5276205e-10,-3.2159901e-09,1.3773452e-09,1.8143833e-09,-4.8557003e-10,2.7072233e-09
2025-10-28 20:37:05.314576,Left,-1.4436478e-10,2.0422843e-09,1.1467343e-09,-1.9287285e-09,1.3773452e-09,1.8143833e-09,-4.8557003e-10,3.069701e-09
2025-10-28 20:37:05.318576,Left,6.7240963e-10,1.8092424e-09,-2.0212818e-10,-3.8340415e-09,1.3773452e-09,1.8143833e-09,-4.8557003e-10,3.069701e-09
2025-10-28 20:37:05.330714,Left,5.181597e-07,3.4543768e-07,-1.731056e-07,-1.3954886e-07,-6.9716225e-07,-6.3857806e-07,6.1238177e-07,-4.2111753e-07
2025-10-28 20:37:05.334714,Left,3.7028255e-10,2.9780396e-09,2.4462306e-09,-6.414671e-10,1.8092424e-09,-2.0212818e-10,-3.8340415e-09,-9.611392e-10
2025-10-28 20:37:05.338714,Left,3.7028255e-10,2.9780396e-09,2.4462306e-09,-6.414671e-10,1.8092424e-09,-2.0212818e-10,-3.8340415e-09,-6.590121e-10
2025-10-28 20:37:05.342714,Left,3.7028255e-10,2.9780396e-09,2.4462306e-09,-6.414671e-10,1.8092424e-09,-2.0212818e-10,-3.8340415e-09,-9.611392e-10
2025-10-28 20:37:05.346714,Left,-1.4436478e-10,2.0422843e-09,1.1467343e-09,-1.9287285e-09,1.3773452e-09,1.8143833e-09,-4.8557003e-10,1.3673853e-09
2025-10-28 20:37:05.350714,Left,-1.6561149e-09,1.3773452e-09,1.8143833e-09,-4.8557003e-10,2.9780396e-09,2.4462306e-09,-6.414671e-10,-6.590121e-10
2025-10-28 20:37:05.354714,Left,-1.4436478e-10,2.0422843e-09,1.1467343e-09,-1.9287285e-09,2.9780396e-09,2.4462306e-09,-6.414671e-10,-6.590121e-10
2025-10-28 20:37:05.358714,Left,6.7240963e-10,1.8092424e-09,-2.0212818e-10,-3.8340415e-09,2.9780396e-09,2.4462306e-09,-6.414671e-10,-6.590121e-10
2025-10-28 20:37:05.370858,Left,1.436213e-06,1.150216e-06,6.6636443e-07,-1.0734361e-06,4.3145138e-07,2.5626156e-07,-4.307534e-07,-1.2442573e-06
2025-10-28 20:37:05.374858,Left,-2.3415695e-11,2.0422843e-09,1.1467343e-09,-1.9287285e-09,2.0422843e-09,1.1467343e-09,-1.9287285e-09,2.9780396e-09
2025-10-28 20:37:05.378858,Left,-3.2159901e-09,2.7072233e-09,4.790852e-10,-3.3718872e-09,1.0148677e-09,6.018484e-10,-1.7566938e-09,2.9780396e-09
2025-10-28 20:37:05.382858,Left,-2.3415695e-11,1.0148677e-09,6.018484e-10,-1.7566938e-09,1.0148677e-09,6.018484e-10,-1.7566938e-09,1.8092424e-09
2025-10-28 20:37:05.386858,Left,-3.3718872e-09,2.0422843e-09,1.1467343e-09,-1.9287285e-09,2.9780396e-09,2.4462306e-09,-6.414671e-10,2.0422843e-09
2025-10-28 20:37:05.390858,Left,-3.2159901e-09,2.9780396e-09,2.4462306e-09,-6.414671e-10,2.7072233e-09,4.790852e-10,-3.3718872e-09,1.3773452e-09
2025-10-28 20:37:05.394858,Left,-3.2159901e-09,2.0422843e-09,1.1467343e-09,-1.9287285e-09,2.7072233e-09,4.790852e-10,-3.3718872e-09,1.0148677e-09
2025-10-28 20:37:05.398858,Left,-3.2159901e-09,2.2753261e-09,2.4955966e-09,-2.3415695e-11,2.7072233e-09,4.790852e-10,-3.3718872e-09,1.0148677e-09
2025-10-28 20:37:05.411090,Left,8.575042e-07,-1.808112e-07,-5.9044345e-07,2.9366072e-07,4.800015e-08,2.1499609e-07,-1.2327222e-07,2.6888316e-07
2025-10-28 20:37:05.415090,Left,-6.590121e-10,1.106529e-09,-1.5276205e-10,-3.2159901e-09,2.2753261e-09,2.4955966e-09,-2.3415695e-11,2.7072233e-09
2025-10-28 20:37:05.419090,Left,-6.590121e-10,1.106529e-09,-1.5276205e-10,-3.2159901e-09,2.2753261e-09,2.4955966e-09,-2.3415695e-11,2.7072233e-09
2025-10-28 20:37:05.423090,Left,-6.590121e-10,1.106529e-09,-1.5276205e-10,-3.2159901e-09,2.0422843e-09,1.1467343e-09,-1.9287285e-09,2.7072233e-09
2025-10-28 20:37:05.427090,Left,-1.4436478e-10,2.0422843e-09,1.1467343e-09,-1.9287285e-09,2.7072233e-09,4.790852e-10,-3.3718872e-09,2.0422843e-09
2025-10-28 20:37:05.431090,Left,1.3673853e-09,2.7072233e-09,4.790852e-10,-3.3718872e-09,1.106529e-09,-1.5276205e-10,-3.2159901e-09,2.9780396e-09
2025-10-28 20:37:05.435090,Left,-1.4436478e-10,2.0422843e-09,1.1467343e-09,-1.9287285e-09,1.106529e-09,-1.5276205e-10,-3.2159901e-09,2.2753261e-09
2025-10-28 20:37:05.439090,Left,-9.611392e-10,2.2753261e-09,2.4955966e-09,-2.3415695e-11,1.106529e-09,-1.5276205e-10,-3.2159901e-09,2.2753261e-09
2025-10-28 20:37:05.451335,Left,2.3004257e-07,7.847676e-07,2.7593094e-07,-7.0119137e-07,-5.79096e-07,-3.2712305e-07,5.4615964e-07,-8.724777e-08
2025-10-28 20:37:05.455335,Left,-1.6561149e-09,1.3773452e-09,1.8143833e-09,-4.8557003e-10,2.0422843e-09,1.1467343e-09,-1.9287285e-09,1.106529e-09
2025-10-28 20:37:05.459335,Left,-1.6561149e-09,1.3773452e-09,1.8143833e-09,-4.8557003e-10,1.3773452e-09,1.8143833e-09,-4.8557003e-10,1.106529e-09
2025-10-28 20:37:05.463335,Left,-1.6561149e-09,1.3773452e-09,1.8143833e-09,-4.8557003e-10,2.0422843e-09,1.1467343e-09,-1.9287285e-09,1.106529e-09
2025-10-28 20:37:05.467335,Left,-1.4436478e-10,2.0422843e-09,1.1467343e-09,-1.9287285e-09,1.106529e-09,-1.5276205e-10,-3.2159901e-09,2.0422843e-09
2025-10-28 20:37:05.471335,Left,-6.590121e-10,1.106529e-09,-1.5276205e-10,-3.2159901e-09,1.3773452e-09,1.8143833e-09,-4.8557003e-10,2.7072233e-09
2025-10-28 20:37:05.475335,Left,-1.4436478e-10,2.0422843e-09,1.1467343e-09,-1.9287285e-09,2.0422843e-09,1.1467343e-09,-1.9287285e-09,3.069701e-09
2025-10-28 20:37:05.479335,Left,1.2785469e-09,3.069701e-09,1.6916202e-09,-2.1007633e-09,1.3773452e-09,1.8143833e-09,-4.8557003e-10,3.069701e-09
2025-10-28 20:37:05.490172,Left,2.5524287e-07,3.9582545e-07,6.169526e-08,-3.4664828e-07,-3.9404476e-08,1.0219096e-07,2.962194e-08,-6.024044e-08
2025-10-28 20:37:05.494172,Left,-1.4436478e-10,2.0422843e-09,1.1467343e-09,-1.9287285e-09,2.0422843e-09,1.1467343e-09,-1.9287285e-09,1.3773452e-09
2025-10-28 20:37:05.498172,Left,3.7028255e-10,2.9780396e-09,2.4462306e-09,-6.414671e-10,1.8092424e-09,-2.0212818e-10,-3.8340415e-09,1.3773452e-09
2025-10-28 20:37:05.502172,Left,6.7240963e-10,1.8092424e-09,-2.0212818e-10,-3.8340415e-09,1.8092424e-09,-2.0212818e-10,-3.8340415e-09,1.3773452e-09
2025-10-28 20:37:05.506172,Left,-1.4436478e-10,2.0422843e-09,1.1467343e-09,-1.9287285e-09,1.3773452e-09,1.8143833e-09,-4.8557003e-10,2.0422843e-09
2025-10-28 20:37:05.510172,Left,-1.6561149e-09,1.3773452e-09,1.8143833e-09,-4.8557003e-10,2.9780396e-09,2.4462306e-09,-6.414671e-10,1.106529e-09
2025-10-28 20:37:05.514172,Left,-1.5672764e-09,1.0148677e-09,6.018484e-10,-1.7566938e-09,2.9780396e-09,2.4462306e-09,-6.414671e-10,2.0422843e-09
2025-10-28 20:37:05.518172,Left,-1.5672764e-09,1.0148677e-09,6.018484e-10,-1.7566938e-09,2.9780396e-09,2.4462306e-09,-6.414671e-10,1.8092424e-09
2025-10-28 20:37:05.531643,Left,1.222254e-07,-2.4642715e-09,-5.4545275e-08,-2.163083e-08,-2.8127912e-08,7.682142e-08,3.268513e-08,2.1794078e-07
2025-10-28 20:37:05.535643,Left,-1.4436478e-10,2.0422843e-09,1.1467343e-09,-1.9287285e-09,1.0148677e-09,6.018484e-10,-1.7566938e-09,2.9780396e-09
2025-10-28 20:37:05.539643,Left,1.3673853e-09,2.7072233e-09,4.790852e-10,-3.3718872e-09,2.7072233e-09,4.790852e-10,-3.3718872e-09,2.9780396e-09
2025-10-28 20:37:05.543643,Left,1.3673853e-09,2.7072233e-09,4.790852e-10,-3.3718872e-09,2.0422843e-09,1.1467343e-09,-1.9287285e-09,1.8092424e-09
2025-10-28 20:37:05.547643,Left,-1.4436478e-10,2.0422843e-09,1.1467343e-09,-1.9287285e-09,2.9780396e-09,2.4462306e-09,-6.414671e-10,2.0422843e-09
2025-10-28 20:37:05.551643,Left,3.7028255e-10,2.9780396e-09,2.4462306e-09,-6.414671e-10,2.7072233e-09,4.790852e-10,-3.3718872e-09,1.3773452e-09
2025-10-28 20:37:05.555643,Left,-1.4436478e-10,2.0422843e-09,1.1467343e-09,-1.9287285e-09,2.0422843e-09,1.1467343e-09,-1.9287285e-09,1.0148677e-09
2025-10-28 20:37:05.559643,Left,-1.5672764e-09,1.0148677e-09,6.018484e-10,-1.7566938e-09,2.7072233e-09,4.790852e-10,-3.3718872e-09,1.8092424e-09
2025-10-28 20:37:05.570568,Left,1.2504464e-07,-6.416034e-08,-9.9337925e-08,6.725151e-08,-2.7943506e-07,-1.0925146e-07,2.5833472e-07,1.37329e-07
2025-10-28 20:37:05.574568,Left,-1.4436478e-10,2.0422843e-09,1.1467343e-09,-1.9287285e-09,2.2753261e-09,2.4955966e-09,-2.3415695e-11,6.7240963e-10
2025-10-28 20:37:05.578568,Left,-6.590121e-10,1.106529e-09,-1.5276205e-10,-3.2159901e-09,1.106529e-09,-1.5276205e-10,-3.2159901e-09,3.7028255e-10
2025-10-28 20:37:05.582568,Left,-6.590121e-10,1.106529e-09,-1.5276205e-10,-3.2159901e-09,2.2753261e-09,2.4955966e-09,-2.3415695e-11,-1.4436478e-10
2025-10-28 20:37:05.586568,Left,-1.4436478e-10,2.0422843e-09,1.1467343e-09,-1.9287285e-09,2.7072233e-09,4.790852e-10,-3.3718872e-09,-1.6561149e-09
2025-10-28 20:37:05.590568,Left,1.3673853e-09,2.7072233e-09,4.790852e-10,-3.3718872e-09,1.106529e-09,-1.5276205e-10,-3.2159901e-09,3.7028255e-10
2025-10-28 20:37:05.594568,Left,-1.4436478e-10,2.0422843e-09,1.1467343e-09,-1.9287285e-09,1.106529e-09,-1.5276205e-10,-3.2159901e-09,-1.4436478e-10
2025-10-28 20:37:05.598568,Left,1.2785469e-09,3.069701e-09,1.6916202e-09,-2.1007633e-09,1.106529e-09,-1.5276205e-10,-3.2159901e-09,3.7028255e-10
2025-10-28 20:37:05.614592,Left,-6.382929e-08,1.3791964e-07,2.0375829e-07,-1.6874594e-07,-3.4192638e-07,-6.3690906e-09,1.8195969e-07,-2.4191488e-08
2025-10-28 20:37:05.618592,Left,-3.8340415e-09,2.0422843e-09,1.1467343e-09,-1.9287285e-09,1.3673853e-09,2.7072233e-09,4.790852e-10,-3.3718872e-09
2025-10-28 20:37:05.622592,Left,-6.414671e-10,1.3773452e-09,1.8143833e-09,-4.8557003e-10,1.3673853e-09,2.7072233e-09,4.790852e-10,-3.3718872e-09
2025-10-28 20:37:05.626592,Left,-1.9287285e-09,1.3773452e-09,1.8143833e-09,-4.8557003e-10,1.3673853e-09,2.7072233e-09,4.790852e-10,-3.3718872e-09
2025-10-28 20:37:05.630592,Left,-4.8557003e-10,2.0422843e-09,1.1467343e-09,-1.9287285e-09,-1.4436478e-10,2.0422843e-09,1.1467343e-09,-1.9287285e-09
2025-10-28 20:37:05.634592,Left,-6.414671e-10,1.106529e-09,-1.5276205e-10,-3.2159901e-09,3.7028255e-10,2.9780396e-09,2.4462306e-09,-6.414671e-10
2025-10-28 20:37:05.638592,Left,-1.9287285e-09,2.0422843e-09,1.1467343e-09,-1.9287285e-09,-1.4436478e-10,2.0422843e-09,1.1467343e-09,-1.9287285e-09
2025-10-28 20:37:05.642592,Left,-6.414671e-10,3.069701e-09,1.6916202e-09,-2.1007633e-09,-9.611392e-10,2.2753261e-09,2.4955966e-09,-2.3415695e-11
2025-10-28 20:37:05.654789,Left,-1.1511547e-07,-3.4905796e-07,-1.5526618e-07,3.0938733e-07,-1.3658692e-07,-3.6291968e-07,-1.1272159e-07,3.2471306e-07
2025-10-28 20:37:05.658789,Left,-1.7566938e-09,2.0422843e-09,1.1467343e-09,-1.9287285e-09,-6.590121e-10,1.106529e-09,-1.5276205e-10,-3.2159901e-09
2025-10-28 20:37:05.662789,Left,-1.7566938e-09,2.9780396e-09,2.4462306e-09,-6.414671e-10,-6.590121e-10,1.106529e-09,-1.5276205e-10,-3.2159901e-09
2025-10-28 20:37:05.666789,Left,-1.7566938e-09,1.8092424e-09,-2.0212818e-10,-3.8340415e-09,-6.590121e-10,1.106529e-09,-1.5276205e-10,-3.2159901e-09
2025-10-28 20:37:05.670789,Left,-6.414671e-10,2.0422843e-09,1.1467343e-09,-1.9287285e-09,-1.4436478e-10,2.0422843e-09,1.1467343e-09,-1.9287285e-09
2025-10-28 20:37:05.674789,Left,-3.3718872e-09,1.3773452e-09,1.8143833e-09,-4.8557003e-10,1.3673853e-09,2.7072233e-09,4.790852e-10,-3.3718872e-09
2025-10-28 20:37:05.678789,Left,-1.9287285e-09,1.0148677e-09,6.018484e-10,-1.7566938e-09,-1.4436478e-10,2.0422843e-09,1.1467343e-09,-1.9287285e-09
2025-10-28 20:37:05.682789,Left,-3.3718872e-09,1.0148677e-09,6.018484e-10,-1.7566938e-09,-9.611392e-10,2.2753261e-09,2.4955966e-09,-2.3415695e-11
2025-10-28 20:37:05.698733,Left,-3.746646e-07,-3.367063e-08,2.6175707e-07,1.6111547e-07,-2.5628142e-07,-1.6145466e-07,-2.923303e-08,1.4976641e-07
2025-10-28 20:37:05.702733,Left,-2.3415695e-11,6.7240963e-10,1.8092424e-09,-2.0212818e-10,-3.8340415e-09,1.3773452e-09,1.8143833e-09,-4.8557003e-10
2025-10-28 20:37:05.706733,Left,-3.2159901e-09,3.7028255e-10,2.9780396e-09,2.4462306e-09,-6.414671e-10,1.3773452e-09,1.8143833e-09,-4.8557003e-10
2025-10-28 20:37:05.710733,Left,-1.9287285e-09,-1.4436478e-10,2.0422843e-09,1.1467343e-09,-1.9287285e-09,3.069701e-09,1.6916202e-09,-2.1007633e-09
2025-10-28 20:37:05.714733,Left,-3.3718872e-09,-1.6561149e-09,1.3773452e-09,1.8143833e-09,-4.8557003e-10,2.0422843e-09,1.1467343e-09,-1.9287285e-09
2025-10-28 20:37:05.718733,Left,-3.2159901e-09,3.7028255e-10,2.9780396e-09,2.4462306e-09,-6.414671e-10,1.106529e-09,-1.5276205e-10,-3.2159901e-09
2025-10-28 20:37:05.722733,Left,-1.9287285e-09,-1.4436478e-10,2.0422843e-09,1.1467343e-09,-1.9287285e-09,2.0422843e-09,1.1467343e-09,-1.9287285e-09
2025-10-28 20:37:05.726733,Left,-3.2159901e-09,3.7028255e-10,2.9780396e-09,2.4462306e-09,-6.414671e-10,1.8092424e-09,-2.0212818e-10,-3.8340415e-09
2025-10-28 20:37:05.737660,Left,-4.962708e-08,1.1389296e-08,1.4414526e-07,4.6647518e-08,-5.6380024e-08,-2.98314e-08,-1.3265712e-07,-3.4122746e-08
2025-10-28 20:37:05.741660,Left,1.1467343e-09,-1.9287285e-09,-1.4436478e-10,2.0422843e-09,1.1467343e-09,-1.9287285e-09,2.0422843e-09,1.1467343e-09
2025-10-28 20:37:05.745660,Left,4.790852e-10,-3.3718872e-09,-1.6561149e-09,1.3773452e-09,1.8143833e-09,-4.8557003e-10,3.069701e-09,1.6916202e-09
2025-10-28 20:37:05.749660,Left,6.018484e-10,-1.7566938e-09,1.2785469e-09,3.069701e-09,1.6916202e-09,-2.1007633e-09,2.0422843e-09,1.1467343e-09
2025-10-28 20:37:05.753660,Left,1.1467343e-09,-1.9287285e-09,-1.4436478e-10,2.0422843e-09,1.1467343e-09,-1.9287285e-09,1.106529e-09,-1.5276205e-10
2025-10-28 20:37:05.757660,Left,2.4462306e-09,-6.414671e-10,-6.590121e-10,1.106529e-09,-1.5276205e-10,-3.2159901e-09,1.3773452e-09,1.8143833e-09
2025-10-28 20:37:05.761660,Left,2.4955966e-09,-2.3415695e-11,6.7240963e-10,1.8092424e-09,-2.0212818e-10,-3.8340415e-09,1.3773452e-09,1.8143833e-09
2025-10-28 20:37:05.765660,Left,6.018484e-10,-1.7566938e-09,1.2785469e-09,3.069701e-09,1.6916202e-09,-2.1007633e-09,1.3773452e-09,1.8143833e-09
2025-10-28 20:37:05.777806,Left,5.605862e-08,-1.2161212e-07,-4.011759e-08,-1.184758e-08,3.2191505e-08,-4.6048292e-08,-8.854191e-08,-1.9999598e-08
2025-10-28 20:37:05.781806,Left,1.1467343e-09,-1.9287285e-09,2.2753261e-09,2.4955966e-09,-2.3415695e-11,6.7240963e-10,1.8092424e-09,-2.0212818e-10
2025-10-28 20:37:05.785806,Left,-1.5276205e-10,-3.2159901e-09,1.106529e-09,-1.5276205e-10,-3.2159901e-09,3.7028255e-10,2.9780396e-09,2.4462306e-09
2025-10-28 20:37:05.789806,Left,-1.5276205e-10,-3.2159901e-09,2.2753261e-09,2.4955966e-09,-2.3415695e-11,-1.4436478e-10,2.0422843e-09,1.1467343e-09
2025-10-28 20:37:05.793806,Left,1.1467343e-09,-1.9287285e-09,2.7072233e-09,4.790852e-10,-3.3718872e-09,-1.6561149e-09,1.3773452e-09,1.8143833e-09
2025-10-28 20:37:05.797806,Left,4.790852e-10,-3.3718872e-09,1.106529e-09,-1.5276205e-10,-3.2159901e-09,3.7028255e-10,2.9780396e-09,2.4462306e-09
2025-10-28 20:37:05.801806,Left,1.1467343e-09,-1.9287285e-09,2.0422843e-09,1.1467343e-09,-1.9287285e-09,3.7028255e-10,2.9780396e-09,2.4462306e-09
2025-10-28 20:37:05.805806,Left,2.4955966e-09,-2.3415695e-11,1.106529e-09,-1.5276205e-10,-3.2159901e-09,3.7028255e-10,2.9780396e-09,2.4462306e-09
2025-10-28 20:37:05.817947,Left,1.3142094e-08,-5.1124736e-08,-2.2986033e-08,2.1574015e-08,2.3791598e-08,-2.780657e-08,1.4570937e-08,8.75249e-10
2025-10-28 20:37:05.821947,Left,1.8143833e-09,-4.8557003e-10,1.3673853e-09,2.7072233e-09,4.790852e-10,-3.3718872e-09,2.0422843e-09,1.1467343e-09
2025-10-28 20:37:05.825947,Left,1.8143833e-09,-4.8557003e-10,1.3673853e-09,2.7072233e-09,4.790852e-10,-3.3718872e-09,1.0148677e-09,6.018484e-10
2025-10-28 20:37:05.829947,Left,1.8143833e-09,-4.8557003e-10,1.3673853e-09,2.7072233e-09,4.790852e-10,-3.3718872e-09,2.0422843e-09,1.1467343e-09
2025-10-28 20:37:05.833947,Left,1.1467343e-09,-1.9287285e-09,-1.4436478e-10,2.0422843e-09,1.1467343e-09,-1.9287285e-09,2.9780396e-09,2.4462306e-09
2025-10-28 20:37:05.837947,Left,-1.5276205e-10,-3.2159901e-09,3.7028255e-10,2.9780396e-09,2.4462306e-09,-6.414671e-10,2.7072233e-09,4.790852e-10
2025-10-28 20:37:05.841947,Left,-2.0212818e-10,-3.8340415e-09,-9.611392e-10,2.2753261e-09,2.4955966e-09,-2.3415695e-11,2.0422843e-09,1.1467343e-09
2025-10-28 20:37:05.845947,Left,-2.0212818e-10,-3.8340415e-09,-1.5672764e-09,1.0148677e-09,6.018484e-10,-1.7566938e-09,2.7072233e-09,4.790852e-10
2025-10-28 20:37:05.858200,Left,6.204197e-08,-8.3727745e-09,-4.4464247e-08,-1.06171036e-07,-4.353461e-08,9.272235e-08,5.8795422e-08,4.2491695e-08
2025-10-28 20:37:05.862200,Left,2.0422843e-09,1.1467343e-09,-1.9287285e-09,1.106529e-09,-1.5276205e-10,-3.2159901e-09,2.2753261e-09,2.4955966e-09
2025-10-28 20:37:05.866200,Left,1.3773452e-09,1.8143833e-09,-4.8557003e-10,1.106529e-09,-1.5276205e-10,-3.2159901e-09,1.106529e-09,-1.5276205e-10
2025-10-28 20:37:05.870200,Left,3.069701e-09,1.6916202e-09,-2.1007633e-09,1.106529e-09,-1.5276205e-10,-3.2159901e-09,2.0422843e-09,1.1467343e-09
2025-10-28 20:37:05.874200,Left,1.106529e-09,-1.5276205e-10,-3.2159901e-09,2.0422843e-09,1.1467343e-09,-1.9287285e-09,2.7072233e-09,4.790852e-10
2025-10-28 20:37:05.878200,Left,1.3773452e-09,1.8143833e-09,-4.8557003e-10,2.7072233e-09,4.790852e-10,-3.3718872e-09,1.106529e-09,-1.5276205e-10
2025-10-28 20:37:05.882200,Left,2.0422843e-09,1.1467343e-09,-1.9287285e-09,3.069701e-09,1.6916202e-09,-2.1007633e-09,2.0422843e-09,1.1467343e-09
2025-10-28 20:37:05.886200,Left,1.3773452e-09,1.8143833e-09,-4.8557003e-10,3.069701e-09,1.6916202e-09,-2.1007633e-09,1.106529e-09,-1.5276205e-10
2025-10-28 20:37:05.898328,Left,2.8343548e-08,-5.8679483e-08,-4.5683855e-08,-3.539435e-08,7.3801614e-09,3.3381482e-08,-2.5137938e-08,-5.485205e-08
2025-10-28 20:37:05.902328,Left,1.1467343e-09,-1.9287285e-09,-1.4436478e-10,2.0422843e-09,1.1467343e-09,-1.9287285e-09,3.069701e-09,1.6916202e-09
2025-10-28 20:37:05.906328,Left,4.790852e-10,-3.3718872e-09,-1.6561149e-09,1.3773452e-09,1.8143833e-09,-4.8557003e-10,1.3773452e-09,1.8143833e-09
2025-10-28 20:37:05.910328,Left,4.790852e-10,-3.3718872e-09,-1.6561149e-09,1.3773452e-09,1.8143833e-09,-4.8557003e-10,3.069701e-09,1.6916202e-09
2025-10-28 20:37:05.914328,Left,1.1467343e-09,-1.9287285e-09,-1.4436478e-10,2.0422843e-09,1.1467343e-09,-1.9287285e-09,1.106529e-09,-1.5276205e-10
2025-10-28 20:37:05.918328,Left,2.4462306e-09,-6.414671e-10,-6.590121e-10,1.106529e-09,-1.5276205e-10,-3.2159901e-09,1.3773452e-09,1.8143833e-09
2025-10-28 20:37:05.922328,Left,1.1467343e-09,-1.9287285e-09,6.7240963e-10,1.8092424e-09,-2.0212818e-10,-3.8340415e-09,2.0422843e-09,1.1467343e-09
2025-10-28 20:37:05.926328,Left,6.018484e-10,-1.7566938e-09,6.7240963e-10,1.8092424e-09,-2.0212818e-10,-3.8340415e-09,1.3773452e-09,1.8143833e-09
2025-10-28 20:37:05.938502,Left,1.574152e-08,-1.693211e-08,-7.728717e-08,-3.6646455e-08,2.6676078e-08,2.61104e-08,8.96671e-08,3.732685e-08
2025-10-28 20:37:05.942502,Left,1.1467343e-09,-1.9287285e-09,3.7028255e-10,2.9780396e-09,2.4462306e-09,-6.414671e-10,1.8092424e-09,-2.0212818e-10
2025-10-28 20:37:05.946502,Left,-1.5276205e-10,-3.2159901e-09,3.7028255e-10,2.9780396e-09,2.4462306e-09,-6.414671e-10,2.9780396e-09,2.4462306e-09
2025-10-28 20:37:05.950502,Left,-1.5276205e-10,-3.2159901e-09,3.7028255e-10,2.9780396e-09,2.4462306e-09,-6.414671e-10,1.8092424e-09,-2.0212818e-10
2025-10-28 20:37:05.954502,Left,1.1467343e-09,-1.9287285e-09,-1.4436478e-10,2.0422843e-09,1.1467343e-09,-1.9287285e-09,1.3773452e-09,1.8143833e-09
2025-10-28 20:37:05.958502,Left,4.790852e-10,-3.3718872e-09,-1.6561149e-09,1.3773452e-09,1.8143833e-09,-4.8557003e-10,2.9780396e-09,2.4462306e-09
2025-10-28 20:37:05.962502,Left,1.6916202e-09,-2.1007633e-09,-1.4436478e-10,2.0422843e-09,1.1467343e-09,-1.9287285e-09,2.0422843e-09,1.1467343e-09
2025-10-28 20:37:05.966502,Left,2.4955966e-09,-2.3415695e-11,-1.5672764e-09,1.0148677e-09,6.018484e-10,-1.7566938e-09,2.9780396e-09,2.4462306e-09
2025-10-28 20:37:05.982414,Left,-3.688672e-08,4.4284207e-08,-1.8542506e-08,-8.787931e-08,-3.6300595e-08,8.1133734e-08,3.6739184e-08,3.5781655e-09
2025-10-28 20:37:05.986414,Left,1.8143833e-09,-4.8557003e-10,1.3673853e-09,2.7072233e-09,4.790852e-10,-3.3718872e-09,1.0148677e-09,6.018484e-10
2025-10-28 20:37:05.990414,Left,1.8143833e-09,-4.8557003e-10,1.3673853e-09,2.7072233e-09,4.790852e-10,-3.3718872e-09,1.0148677e-09,6.018484e-10
2025-10-28 20:37:05.994414,Left,1.8143833e-09,-4.8557003e-10,1.3673853e-09,2.7072233e-09,4.790852e-10,-3.3718872e-09,1.0148677e-09,6.018484e-10
2025-10-28 20:37:05.998414,Left,1.1467343e-09,-1.9287285e-09,-1.4436478e-10,2.0422843e-09,1.1467343e-09,-1.9287285e-09,2.9780396e-09,2.4462306e-09
2025-10-28 20:37:06.002414,Left,-1.5276205e-10,-3.2159901e-09,3.7028255e-10,2.9780396e-09,2.4462306e-09,-6.414671e-10,2.7072233e-09,4.790852e-10
2025-10-28 20:37:06.006414,Left,1.1467343e-09,-1.9287285e-09,-9.611392e-10,2.2753261e-09,2.4955966e-09,-2.3415695e-11,2.0422843e-09,1.1467343e-09
2025-10-28 20:37:06.010414,Left,1.6916202e-09,-2.1007633e-09,-1.5672764e-09,1.0148677e-09,6.018484e-10,-1.7566938e-09,2.7072233e-09,4.790852e-10
2025-10-28 20:37:06.011265,Left,3.554424e-08,8.046447e-09,-3.358044e-08,-2.1872928e-08,-1.0951309e-09,9.991541e-09,-1.8950608e-09,-2.074343e-08
2025-10-28 20:37:06.015265,Left,3.069701e-09,1.6916202e-09,-2.1007633e-09,-1.5672764e-09,1.0148677e-09,6.018484e-10,-1.7566938e-09,1.2785469e-09
2025-10-28 20:37:06.019265,Left,1.3773452e-09,1.8143833e-09,-4.8557003e-10,1.3673853e-09,2.7072233e-09,4.790852e-10,-3.3718872e-09,1.2785469e-09
2025-10-28 20:37:06.023265,Left,3.069701e-09,1.6916202e-09,-2.1007633e-09,-1.4436478e-10,2.0422843e-09,1.1467343e-09,-1.9287285e-09,1.2785469e-09
2025-10-28 20:37:06.027265,Left,1.106529e-09,-1.5276205e-10,-3.2159901e-09,3.7028255e-10,2.9780396e-09,2.4462306e-09,-6.414671e-10,-6.590121e-10
2025-10-28 20:37:06.031265,Left,1.3773452e-09,1.8143833e-09,-4.8557003e-10,1.3673853e-09,2.7072233e-09,4.790852e-10,-3.3718872e-09,-1.6561149e-09
2025-10-28 20:37:06.035265,Left,2.0422843e-09,1.1467343e-09,-1.9287285e-09,-1.4436478e-10,2.0422843e-09,1.1467343e-09,-1.9287285e-09,-1.4436478e-10
2025-10-28 20:37:06.039265,Left,1.3773452e-09,1.8143833e-09,-4.8557003e-10,1.3673853e-09,2.7072233e-09,4.790852e-10,-3.3718872e-09,-1.6561149e-09
2025-10-28 20:37:06.052759,Left,1.4662477e-09,1.9019478e-08,1.7564818e-09,-1.7743501e-08,-2.0684845e-09,-1.1757047e-08,-6.2695693e-09,7.694406e-09
2025-10-28 20:37:06.056759,Left,-2.1007633e-09,1.106529e-09,-1.5276205e-10,-3.2159901e-09,-1.4436478e-10,2.0422843e-09,1.1467343e-09,-1.9287285e-09
2025-10-28 20:37:06.060759,Left,-2.1007633e-09,1.106529e-09,-1.5276205e-10,-3.2159901e-09,3.7028255e-10,2.9780396e-09,2.4462306e-09,-6.414671e-10
2025-10-28 20:37:06.064759,Left,-2.1007633e-09,1.106529e-09,-1.5276205e-10,-3.2159901e-09,3.7028255e-10,2.9780396e-09,2.4462306e-09,-6.414671e-10
2025-10-28 20:37:06.068759,Left,-3.2159901e-09,2.0422843e-09,1.1467343e-09,-1.9287285e-09,-1.4436478e-10,2.0422843e-09,1.1467343e-09,-1.9287285e-09
2025-10-28 20:37:06.072759,Left,-4.8557003e-10,3.069701e-09,1.6916202e-09,-2.1007633e-09,-1.6561149e-09,1.3773452e-09,1.8143833e-09,-4.8557003e-10
2025-10-28 20:37:06.076759,Left,-1.9287285e-09,2.0422843e-09,1.1467343e-09,-1.9287285e-09,-1.5672764e-09,1.0148677e-09,6.018484e-10,-1.7566938e-09
2025-10-28 20:37:06.080759,Left,-4.8557003e-10,2.2753261e-09,2.4955966e-09,-2.3415695e-11,6.7240963e-10,1.8092424e-09,-2.0212818e-10,-3.8340415e-09
2025-10-28 20:37:06.097980,Left,1.9418855e-09,2.2011118e-08,9.393252e-09,-1.7581467e-08,-1.0133922e-08,-2.7312812e-09,2.0996578e-09,5.737065e-10
2025-10-28 20:37:06.101980,Left,-1.9287285e-09,1.3773452e-09,1.8143833e-09,-4.8557003e-10,-1.4436478e-10,2.0422843e-09,1.1467343e-09,-1.9287285e-09
2025-10-28 20:37:06.105980,Left,-6.414671e-10,1.3773452e-09,1.8143833e-09,-4.8557003e-10,1.3673853e-09,2.7072233e-09,4.790852e-10,-3.3718872e-09
2025-10-28 20:37:06.109980,Left,-3.8340415e-09,1.3773452e-09,1.8143833e-09,-4.8557003e-10,1.3673853e-09,2.7072233e-09,4.790852e-10,-3.3718872e-09
2025-10-28 20:37:06.113980,Left,-1.9287285e-09,2.0422843e-09,1.1467343e-09,-1.9287285e-09,-1.4436478e-10,2.0422843e-09,1.1467343e-09,-1.9287285e-09
2025-10-28 20:37:06.117980,Left,-6.414671e-10,1.106529e-09,-1.5276205e-10,-3.2159901e-09,3.7028255e-10,2.9780396e-09,2.4462306e-09,-6.414671e-10
2025-10-28 20:37:06.121980,Left,-1.9287285e-09,2.0422843e-09,1.1467343e-09,-1.9287285e-09,-1.4436478e-10,2.0422843e-09,1.1467343e-09,-1.9287285e-09
2025-10-28 20:37:06.125980,Left,-6.414671e-10,3.069701e-09,1.6916202e-09,-2.1007633e-09,-1.5672764e-09,1.0148677e-09,6.018484e-10,-1.7566938e-09
2025-10-28 20:37:06.138236,Left,1.8577653e-10,3.9270898e-09,2.0219737e-08,1.7871585e-08,-1.2637114e-09,-1.0357001e-08,-2.320204e-08,-1.3266041e-08
2025-10-28 20:37:06.142236,Left,1.1467343e-09,-1.9287285e-09,1.3673853e-09,2.7072233e-09,4.790852e-10,-3.3718872e-09,1.0148677e-09,6.018484e-10
2025-10-28 20:37:06.146236,Left,1.8143833e-09,-4.8557003e-10,1.3673853e-09,2.7072233e-09,4.790852e-10,-3.3718872e-09,2.7072233e-09,4.790852e-10
2025-10-28 20:37:06.150236,Left,1.6916202e-09,-2.1007633e-09,1.3673853e-09,2.7072233e-09,4.790852e-10,-3.3718872e-09,1.0148677e-09,6.018484e-10
2025-10-28 20:37:06.154236,Left,1.1467343e-09,-1.9287285e-09,-1.4436478e-10,2.0422843e-09,1.1467343e-09,-1.9287285e-09,2.9780396e-09,2.4462306e-09
2025-10-28 20:37:06.158236,Left,-1.5276205e-10,-3.2159901e-09,3.7028255e-10,2.9780396e-09,2.4462306e-09,-6.414671e-10,2.7072233e-09,4.790852e-10
2025-10-28 20:37:06.162236,Left,1.1467343e-09,-1.9287285e-09,-9.611392e-10,2.2753261e-09,2.4955966e-09,-2.3415695e-11,2.7072233e-09,4.790852e-10
2025-10-28 20:37:06.166236,Left,-2.0212818e-10,-3.8340415e-09,-1.5672764e-09,1.0148677e-09,6.018484e-10,-1.7566938e-09,2.7072233e-09,4.790852e-10
2025-10-28 20:37:06.178423,Left,1.04941895e-08,-1.0395428e-08,3.6111378e-09,3.5265465e-08,1.7694813e-08,-3.0153537e-08,-4.987205e-10,5.188981e-09
2025-10-28 20:37:06.182423,Left,2.4462306e-09,-6.414671e-10,-6.590121e-10,1.106529e-09,-1.5276205e-10,-3.2159901e-09,2.2753261e-09,2.4955966e-09
2025-10-28 20:37:06.186423,Left,2.4462306e-09,-6.414671e-10,-6.590121e-10,1.106529e-09,-1.5276205e-10,-3.2159901e-09,1.106529e-09,-1.5276205e-10
2025-10-28 20:37:06.190423,Left,-2.0212818e-10,-3.8340415e-09,-9.611392e-10,2.2753261e-09,2.4955966e-09,-2.3415695e-11,2.2753261e-09,2.4955966e-09
2025-10-28 20:37:06.194423,Left,1.1467343e-09,-1.9287285e-09,-1.4436478e-10,2.0422843e-09,1.1467343e-09,-1.9287285e-09,2.0422843e-09,1.1467343e-09
2025-10-28 20:37:06.198423,Left,1.8143833e-09,-4.8557003e-10,1.2785469e-09,3.069701e-09,1.6916202e-09,-2.1007633e-09,1.106529e-09,-1.5276205e-10
2025-10-28 20:37:06.202423,Left,1.1467343e-09,-1.9287285e-09,1.2785469e-09,3.069701e-09,1.6916202e-09,-2.1007633e-09,1.106529e-09,-1.5276205e-10
2025-10-28 20:37:06.206423,Left,-2.0212818e-10,-3.8340415e-09,-9.611392e-10,2.2753261e-09,2.4955966e-09,-2.3415695e-11,1.106529e-09,-1.5276205e-10
2025-10-28 20:37:06.217305,Left,-1.411935e-08,-2.234025e-09,9.969213e-09,3.2276892e-09,-1.0157678e-08,-6.201719e-10,-3.138374e-09,7.7136075e-09
2025-10-28 20:37:06.221305,Left,1.8092424e-09,-2.0212818e-10,-3.8340415e-09,1.3773452e-09,1.8143833e-09,-4.8557003e-10,2.0422843e-09,1.1467343e-09
2025-10-28 20:37:06.225305,Left,2.9780396e-09,2.4462306e-09,-6.414671e-10,1.3773452e-09,1.8143833e-09,-4.8557003e-10,1.3773452e-09,1.8143833e-09
2025-10-28 20:37:06.229305,Left,1.8092424e-09,-2.0212818e-10,-3.8340415e-09,1.3773452e-09,1.8143833e-09,-4.8557003e-10,3.069701e-09,1.6916202e-09
2025-10-28 20:37:06.233305,Left,1.3773452e-09,1.8143833e-09,-4.8557003e-10,2.0422843e-09,1.1467343e-09,-1.9287285e-09,1.106529e-09,-1.5276205e-10
2025-10-28 20:37:06.237305,Left,2.9780396e-09,2.4462306e-09,-6.414671e-10,1.8092424e-09,-2.0212818e-10,-3.8340415e-09,1.3773452e-09,1.8143833e-09
2025-10-28 20:37:06.241305,Left,2.0422843e-09,1.1467343e-09,-1.9287285e-09,1.8092424e-09,-2.0212818e-10,-3.8340415e-09,1.3773452e-09,1.8143833e-09
2025-10-28 20:37:06.245305,Left,2.9780396e-09,2.4462306e-09,-6.414671e-10,3.069701e-09,1.6916202e-09,-2.1007633e-09,1.3773452e-09,1.8143833e-09
2025-10-28 20:37:06.257435,Left,8.916201e-09,-1.4934194e-08,6.2361174e-09,1.8298996e-08,4.5232564e-09,-1.8957202e-08,-1.569445e-08,-5.01287e-09
2025-10-28 20:37:06.261435,Left,-1.5276205e-10,-3.2159901e-09,3.7028255e-10,2.9780396e-09,2.4462306e-09,-6.414671e-10,1.8092424e-09,-2.0212818e-10
2025-10-28 20:37:06.265435,Left,-1.5276205e-10,-3.2159901e-09,3.7028255e-10,2.9780396e-09,2.4462306e-09,-6.414671e-10,2.9780396e-09,2.4462306e-09
2025-10-28 20:37:06.269435,Left,2.4955966e-09,-2.3415695e-11,3.7028255e-10,2.9780396e-09,2.4462306e-09,-6.414671e-10,2.0422843e-09,1.1467343e-09
2025-10-28 20:37:06.273435,Left,1.1467343e-09,-1.9287285e-09,-1.4436478e-10,2.0422843e-09,1.1467343e-09,-1.9287285e-09,1.3773452e-09,1.8143833e-09
2025-10-28 20:37:06.277435,Left,4.790852e-10,-3.3718872e-09,-1.6561149e-09,1.3773452e-09,1.8143833e-09,-4.8557003e-10,2.9780396e-09,2.4462306e-09
2025-10-28 20:37:06.281435,Left,1.6916202e-09,-2.1007633e-09,-1.4436478e-10,2.0422843e-09,1.1467343e-09,-1.9287285e-09,2.0422843e-09,1.1467343e-09
2025-10-28 20:37:06.285435,Left,1.6916202e-09,-2.1007633e-09,6.7240963e-10,1.8092424e-09,-2.0212818e-10,-3.8340415e-09,2.9780396e-09,2.4462306e-09
2025-10-28 20:37:06.298859,Left,2.9445884e-09,-4.9158886e-09,5.018737e-09,1.0509196e-08,1.5158841e-09,-1.2139598e-08,-2.3563562e-09,1.9928554e-09
2025-10-28 20:37:06.302859,Left,1.8143833e-09,-4.8557003e-10,1.3673853e-09,2.7072233e-09,4.790852e-10,-3.3718872e-09,2.0422843e-09,1.1467343e-09
2025-10-28 20:37:06.306859,Left,1.8143833e-09,-4.8557003e-10,1.3673853e-09,2.7072233e-09,4.790852e-10,-3.3718872e-09,2.7072233e-09,4.790852e-10
2025-10-28 20:37:06.310859,Left,1.8143833e-09,-4.8557003e-10,-1.5672764e-09,1.0148677e-09,6.018484e-10,-1.7566938e-09,2.0422843e-09,1.1467343e-09
2025-10-28 20:37:06.314859,Left,1.1467343e-09,-1.9287285e-09,-1.4436478e-10,2.0422843e-09,1.1467343e-09,-1.9287285e-09,2.9780396e-09,2.4462306e-09
2025-10-28 20:37:06.318859,Left,-2.0212818e-10,-3.8340415e-09,3.7028255e-10,2.9780396e-09,2.4462306e-09,-6.414671e-10,2.7072233e-09,4.790852e-10
2025-10-28 20:37:06.322859,Left,1.1467343e-09,-1.9287285e-09,-9.611392e-10,2.2753261e-09,2.4955966e-09,-2.3415695e-11,2.7072233e-09,4.790852e-10
2025-10-28 20:37:06.326859,Left,1.6916202e-09,-2.1007633e-09,-1.5672764e-09,1.0148677e-09,6.018484e-10,-1.7566938e-09,2.7072233e-09,4.790852e-10
2025-10-28 20:37:06.327743,Left,3.4418162e-09,2.9757086e-09,-1.65153e-10,5.299558e-09,3.887895e-09,-1.2512231e-09,-5.306852e-09,-5.0937135e-09
2025-10-28 20:37:06.331743,Left,3.069701e-09,1.6916202e-09,-2.1007633e-09,-1.5672764e-09,1.0148677e-09,6.018484e-10,-1.7566938e-09,2.9780396e-09
2025-10-28 20:37:06.335743,Left,1.3773452e-09,1.8143833e-09,-4.8557003e-10,1.3673853e-09,2.7072233e-09,4.790852e-10,-3.3718872e-09,2.9780396e-09
2025-10-28 20:37:06.339743,Left,2.0422843e-09,1.1467343e-09,-1.9287285e-09,-1.5672764e-09,1.0148677e-09,6.018484e-10,-1.7566938e-09,2.9780396e-09
2025-10-28 20:37:06.343743,Left,2.0422843e-09,1.1467343e-09,-1.9287285e-09,3.7028255e-10,2.9780396e-09,2.4462306e-09,-6.414671e-10,2.0422843e-09
2025-10-28 20:37:06.347743,Left,1.3773452e-09,1.8143833e-09,-4.8557003e-10,1.3673853e-09,2.7072233e-09,4.790852e-10,-3.3718872e-09,1.3773452e-09
2025-10-28 20:37:06.351743,Left,2.0422843e-09,1.1467343e-09,-1.9287285e-09,1.3673853e-09,2.7072233e-09,4.790852e-10,-3.3718872e-09,2.0422843e-09
2025-10-28 20:37:06.355743,Left,1.3773452e-09,1.8143833e-09,-4.8557003e-10,1.3673853e-09,2.7072233e-09,4.790852e-10,-3.3718872e-09,1.0148677e-09
2025-10-28 20:37:06.367930,Left,9.541553e-09,5.2869753e-09,-7.054033e-09,3.4538876e-09,1.00597894e-08,4.7227733e-09,-7.831884e-09,-6.2540195e-09
2025-10-28 20:37:06.371930,Left,1.8092424e-09,-2.0212818e-10,-3.8340415e-09,-9.611392e-10,2.2753261e-09,2.4955966e-09,-2.3415695e-11,2.7072233e-09
2025-10-28 20:37:06.375930,Left,1.8092424e-09,-2.0212818e-10,-3.8340415e-09,-6.590121e-10,1.106529e-09,-1.5276205e-10,-3.2159901e-09,2.7072233e-09
2025-10-28 20:37:06.379930,Left,1.8092424e-09,-2.0212818e-10,-3.8340415e-09,-9.611392e-10,2.2753261e-09,2.4955966e-09,-2.3415695e-11,2.7072233e-09
2025-10-28 20:37:06.383930,Left,2.0422843e-09,1.1467343e-09,-1.9287285e-09,1.3673853e-09,2.7072233e-09,4.790852e-10,-3.3718872e-09,2.0422843e-09
2025-10-28 20:37:06.387930,Left,2.9780396e-09,2.4462306e-09,-6.414671e-10,-6.590121e-10,1.106529e-09,-1.5276205e-10,-3.2159901e-09,2.9780396e-09
2025-10-28 20:37:06.391930,Left,2.0422843e-09,1.1467343e-09,-1.9287285e-09,-1.4436478e-10,2.0422843e-09,1.1467343e-09,-1.9287285e-09,2.2753261e-09
2025-10-28 20:37:06.395930,Left,2.9780396e-09,2.4462306e-09,-6.414671e-10,-6.590121e-10,1.106529e-09,-1.5276205e-10,-3.2159901e-09,1.0148677e-09
2025-10-28 20:37:06.407967,Left,3.4273893e-09,-2.9785305e-10,-4.9191584e-09,8.7137386e-10,3.819856e-09,3.3052951e-09,-1.2056585e-09,3.6502887e-09
2025-10-28 20:37:06.411967,Left,2.0422843e-09,1.1467343e-09,-1.9287285e-09,1.2785469e-09,3.069701e-09,1.6916202e-09,-2.1007633e-09,1.106529e-09
2025-10-28 20:37:06.415967,Left,2.7072233e-09,4.790852e-10,-3.3718872e-09,-1.6561149e-09,1.3773452e-09,1.8143833e-09,-4.8557003e-10,1.106529e-09
2025-10-28 20:37:06.419967,Left,1.0148677e-09,6.018484e-10,-1.7566938e-09,1.2785469e-09,3.069701e-09,1.6916202e-09,-2.1007633e-09,1.106529e-09
2025-10-28 20:37:06.423967,Left,2.9780396e-09,2.4462306e-09,-6.414671e-10,-6.590121e-10,1.106529e-09,-1.5276205e-10,-3.2159901e-09,2.0422843e-09
2025-10-28 20:37:06.427967,Left,2.7072233e-09,4.790852e-10,-3.3718872e-09,-1.6561149e-09,1.3773452e-09,1.8143833e-09,-4.8557003e-10,3.069701e-09
2025-10-28 20:37:06.431967,Left,2.0422843e-09,1.1467343e-09,-1.9287285e-09,-1.6561149e-09,1.3773452e-09,1.8143833e-09,-4.8557003e-10,3.069701e-09
2025-10-28 20:37:06.435967,Left,2.7072233e-09,4.790852e-10,-3.3718872e-09,-1.6561149e-09,1.3773452e-09,1.8143833e-09,-4.8557003e-10,2.2753261e-09
2025-10-28 20:37:06.454185,Left,-1.1019297e-09,7.572992e-09,2.8396028e-09,-9.318031e-09,3.0217486e-09,1.0775818e-08,5.0861155e-09,-6.944744e-09
2025-10-28 20:37:06.458185,Left,3.7028255e-10,2.9780396e-09,2.4462306e-09,-6.414671e-10,-6.590121e-10,1.106529e-09,-1.5276205e-10,-3.2159901e-09
2025-10-28 20:37:06.462185,Left,3.7028255e-10,2.9780396e-09,2.4462306e-09,-6.414671e-10,-6.590121e-10,1.106529e-09,-1.5276205e-10,-3.2159901e-09
2025-10-28 20:37:06.466185,Left,3.7028255e-10,2.9780396e-09,2.4462306e-09,-6.414671e-10,-6.590121e-10,1.106529e-09,-1.5276205e-10,-3.2159901e-09
2025-10-28 20:37:06.470185,Left,-1.4436478e-10,2.0422843e-09,1.1467343e-09,-1.9287285e-09,-1.4436478e-10,2.0422843e-09,1.1467343e-09,-1.9287285e-09
2025-10-28 20:37:06.474185,Left,-1.6561149e-09,1.3773452e-09,1.8143833e-09,-4.8557003e-10,1.3673853e-09,2.7072233e-09,4.790852e-10,-3.3718872e-09
2025-10-28 20:37:06.478185,Left,-1.4436478e-10,2.0422843e-09,1.1467343e-09,-1.9287285e-09,-1.4436478e-10,2.0422843e-09,1.1467343e-09,-1.9287285e-09
2025-10-28 20:37:06.482185,Left,6.7240963e-10,1.8092424e-09,-2.0212818e-10,-3.8340415e-09,1.2785469e-09,3.069701e-09,1.6916202e-09,-2.1007633e-09
2025-10-28 20:37:06.498141,Left,1.9448074e-09,-3.6861298e-09,-4.9521263e-09,-3.71212e-09,1.7450617e-09,3.0962497e-09,2.0444137e-09,-1.2087725e-10
2025-10-28 20:37:06.502141,Left,2.4462306e-09,-6.414671e-10,1.8092424e-09,-2.0212818e-10,-3.8340415e-09,-9.611392e-10,2.2753261e-09,2.4955966e-09
2025-10-28 20:37:06.506141,Left,2.4462306e-09,-6.414671e-10,2.9780396e-09,2.4462306e-09,-6.414671e-10,-9.611392e-10,2.2753261e-09,2.4955966e-09
2025-10-28 20:37:06.510141,Left,2.4462306e-09,-6.414671e-10,1.8092424e-09,-2.0212818e-10,-3.8340415e-09,-1.4436478e-10,2.0422843e-09,1.1467343e-09
2025-10-28 20:37:06.514141,Left,1.1467343e-09,-1.9287285e-09,1.3773452e-09,1.8143833e-09,-4.8557003e-10,1.3673853e-09,2.7072233e-09,4.790852e-10
2025-10-28 20:37:06.518141,Left,1.8143833e-09,-4.8557003e-10,2.9780396e-09,2.4462306e-09,-6.414671e-10,-6.590121e-10,1.106529e-09,-1.5276205e-10
2025-10-28 20:37:06.522141,Left,1.1467343e-09,-1.9287285e-09,2.0422843e-09,1.1467343e-09,-1.9287285e-09,-6.590121e-10,1.106529e-09,-1.5276205e-10
2025-10-28 20:37:06.526141,Left,-2.0212818e-10,-3.8340415e-09,2.9780396e-09,2.4462306e-09,-6.414671e-10,-6.590121e-10,1.106529e-09,-1.5276205e-10
2025-10-28 20:37:06.525794,Left,3.6566008e-09,4.2196155e-10,-1.5894924e-09,1.6673543e-10,1.0892262e-09,-3.3685486e-09,-2.9289242e-09,3.4082945e-09
2025-10-28 20:37:06.529794,Left,1.8092424e-09,-2.0212818e-10,-3.8340415e-09,2.0422843e-09,1.1467343e-09,-1.9287285e-09,1.3673853e-09,2.7072233e-09
2025-10-28 20:37:06.533794,Left,2.9780396e-09,2.4462306e-09,-6.414671e-10,1.3773452e-09,1.8143833e-09,-4.8557003e-10,1.3673853e-09,2.7072233e-09
2025-10-28 20:37:06.537794,Left,1.8092424e-09,-2.0212818e-10,-3.8340415e-09,1.3773452e-09,1.8143833e-09,-4.8557003e-10,1.3673853e-09,2.7072233e-09
2025-10-28 20:37:06.541794,Left,1.3773452e-09,1.8143833e-09,-4.8557003e-10,2.0422843e-09,1.1467343e-09,-1.9287285e-09,-1.4436478e-10,2.0422843e-09
2025-10-28 20:37:06.545794,Left,2.9780396e-09,2.4462306e-09,-6.414671e-10,1.8092424e-09,-2.0212818e-10,-3.8340415e-09,3.7028255e-10,2.9780396e-09
2025-10-28 20:37:06.549794,Left,2.0422843e-09,1.1467343e-09,-1.9287285e-09,1.8092424e-09,-2.0212818e-10,-3.8340415e-09,-1.4436478e-10,2.0422843e-09
2025-10-28 20:37:06.553794,Left,2.9780396e-09,2.4462306e-09,-6.414671e-10,3.069701e-09,1.6916202e-09,-2.1007633e-09,-1.5672764e-09,1.0148677e-09
2025-10-28 20:37:06.582411,Left,4.4020454e-09,2.6725915e-09,-9.176325e-10,-3.3754569e-10,-1.0584926e-10,2.1564961e-10,3.1070369e-09,3.1424202e-10
2025-10-28 20:37:06.586411,Left,2.0422843e-09,1.1467343e-09,-1.9287285e-09,2.0422843e-09,1.1467343e-09,-1.9287285e-09,2.0422843e-09,1.1467343e-09
2025-10-28 20:37:06.590411,Left,1.0148677e-09,6.018484e-10,-1.7566938e-09,2.9780396e-09,2.4462306e-09,-6.414671e-10,2.9780396e-09,2.4462306e-09
2025-10-28 20:37:06.594411,Left,1.0148677e-09,6.018484e-10,-1.7566938e-09,2.9780396e-09,2.4462306e-09,-6.414671e-10,2.0422843e-09,1.1467343e-09
2025-10-28 20:37:06.598411,Left,2.0422843e-09,1.1467343e-09,-1.9287285e-09,2.0422843e-09,1.1467343e-09,-1.9287285e-09,1.3773452e-09,1.8143833e-09
2025-10-28 20:37:06.602411,Left,2.7072233e-09,4.790852e-10,-3.3718872e-09,1.3773452e-09,1.8143833e-09,-4.8557003e-10,2.9780396e-09,2.4462306e-09
2025-10-28 20:37:06.606411,Left,2.0422843e-09,1.1467343e-09,-1.9287285e-09,1.0148677e-09,6.018484e-10,-1.7566938e-09,2.0422843e-09,1.1467343e-09
2025-10-28 20:37:06.610411,Left,2.0422843e-09,1.1467343e-09,-1.9287285e-09,1.0148677e-09,6.018484e-10,-1.7566938e-09,2.9780396e-09,2.4462306e-09
2025-10-28 20:37:06.608750,Left,3.0396339e-09,3.0229552e-09,-1.2179348e-09,5.1058613e-10,3.326712e-09,2.649102e-09,-1.4571679e-09,1.748731e-09
2025-10-28 20:37:06.612750,Left,2.0422843e-09,1.1467343e-09,-1.9287285e-09,6.7240963e-10,1.8092424e-09,-2.0212818e-10,-3.8340415e-09,2.0422843e-09
2025-10-28 20:37:06.616750,Left,1.106529e-09,-1.5276205e-10,-3.2159901e-09,3.7028255e-10,2.9780396e-09,2.4462306e-09,-6.414671e-10,1.3773452e-09
2025-10-28 20:37:06.620750,Left,2.2753261e-09,2.4955966e-09,-2.3415695e-11,6.7240963e-10,1.8092424e-09,-2.0212818e-10,-3.8340415e-09,1.3773452e-09
2025-10-28 20:37:06.624750,Left,2.7072233e-09,4.790852e-10,-3.3718872e-09,-1.6561149e-09,1.3773452e-09,1.8143833e-09,-4.8557003e-10,2.0422843e-09
2025-10-28 20:37:06.628750,Left,1.106529e-09,-1.5276205e-10,-3.2159901e-09,3.7028255e-10,2.9780396e-09,2.4462306e-09,-6.414671e-10,1.106529e-09
2025-10-28 20:37:06.632750,Left,1.106529e-09,-1.5276205e-10,-3.2159901e-09,3.7028255e-10,2.9780396e-09,2.4462306e-09,-6.414671e-10,1.8092424e-09
2025-10-28 20:37:06.636750,Left,1.106529e-09,-1.5276205e-10,-3.2159901e-09,3.7028255e-10,2.9780396e-09,2.4462306e-09,-6.414671e-10,3.069701e-09
2025-10-28 20:37:06.648964,Left,-1.3379021e-09,5.76319e-10,6.307573e-10,-6.490574e-10,2.8481917e-09,2.9599083e-09,4.2126466e-10,4.731349e-09
2025-10-28 20:37:06.652964,Left,1.3673853e-09,2.7072233e-09,4.790852e-10,-3.3718872e-09,1.0148677e-09,6.018484e-10,-1.7566938e-09,2.9780396e-09
2025-10-28 20:37:06.656964,Left,1.3673853e-09,2.7072233e-09,4.790852e-10,-3.3718872e-09,2.7072233e-09,4.790852e-10,-3.3718872e-09,2.9780396e-09
2025-10-28 20:37:06.660964,Left,1.3673853e-09,2.7072233e-09,4.790852e-10,-3.3718872e-09,2.0422843e-09,1.1467343e-09,-1.9287285e-09,2.9780396e-09
2025-10-28 20:37:06.664964,Left,-1.4436478e-10,2.0422843e-09,1.1467343e-09,-1.9287285e-09,2.9780396e-09,2.4462306e-09,-6.414671e-10,2.0422843e-09
2025-10-28 20:37:06.668964,Left,3.7028255e-10,2.9780396e-09,2.4462306e-09,-6.414671e-10,2.7072233e-09,4.790852e-10,-3.3718872e-09,1.0148677e-09
2025-10-28 20:37:06.672964,Left,-1.4436478e-10,2.0422843e-09,1.1467343e-09,-1.9287285e-09,2.0422843e-09,1.1467343e-09,-1.9287285e-09,2.0422843e-09
2025-10-28 20:37:06.676964,Left,-9.611392e-10,2.2753261e-09,2.4955966e-09,-2.3415695e-11,2.7072233e-09,4.790852e-10,-3.3718872e-09,1.8092424e-09
2025-10-28 20:37:06.695419,Left,-4.7160267e-09,-1.5413212e-09,2.7570755e-09,1.0633541e-09,-4.2660373e-09,-2.7487684e-10,3.7669903e-09,3.5717136e-09
2025-10-28 20:37:06.699419,Left,-2.6216604e-09,-1.5672764e-09,1.0148677e-09,6.018484e-10,-1.7566938e-09,1.2785469e-09,3.069701e-09,1.6916202e-09
2025-10-28 20:37:06.703419,Left,-2.6216604e-09,-1.5672764e-09,1.0148677e-09,6.018484e-10,-1.7566938e-09,-1.6561149e-09,1.3773452e-09,1.8143833e-09
2025-10-28 20:37:06.707419,Left,-2.6216604e-09,-1.5672764e-09,1.0148677e-09,6.018484e-10,-1.7566938e-09,1.2785469e-09,3.069701e-09,1.6916202e-09
2025-10-28 20:37:06.711419,Left,-1.9502724e-09,3.7028255e-10,2.9780396e-09,2.4462306e-09,-6.414671e-10,-6.590121e-10,1.106529e-09,-1.5276205e-10
2025-10-28 20:37:06.715419,Left,-3.3788607e-11,1.3673853e-09,2.7072233e-09,4.790852e-10,-3.3718872e-09,-1.6561149e-09,1.3773452e-09,1.8143833e-09
2025-10-28 20:37:06.719419,Left,-1.6186048e-09,-1.4436478e-10,2.0422843e-09,1.1467343e-09,-1.9287285e-09,-1.4436478e-10,2.0422843e-09,1.1467343e-09
2025-10-28 20:37:06.723419,Left,-3.3788607e-11,1.3673853e-09,2.7072233e-09,4.790852e-10,-3.3718872e-09,-1.6561149e-09,1.3773452e-09,1.8143833e-09
2025-10-28 20:37:06.736798,Left,5.555211e-10,-1.9952187e-09,4.8639787e-10,-1.0697689e-09,-3.6141545e-09,-1.7050779e-09,4.9127946e-10,1.8458555e-09
2025-10-28 20:37:06.740798,Left,-1.5276205e-10,-3.2159901e-09,2.2753261e-09,2.4955966e-09,-2.3415695e-11,6.7240963e-10,1.8092424e-09,-2.0212818e-10
2025-10-28 20:37:06.744798,Left,-1.5276205e-10,-3.2159901e-09,1.106529e-09,-1.5276205e-10,-3.2159901e-09,3.7028255e-10,2.9780396e-09,2.4462306e-09
2025-10-28 20:37:06.748798,Left,-1.5276205e-10,-3.2159901e-09,2.2753261e-09,2.4955966e-09,-2.3415695e-11,6.7240963e-10,1.8092424e-09,-2.0212818e-10
2025-10-28 20:37:06.752798,Left,1.1467343e-09,-1.9287285e-09,2.7072233e-09,4.790852e-10,-3.3718872e-09,-1.6561149e-09,1.3773452e-09,1.8143833e-09
2025-10-28 20:37:06.756798,Left,4.790852e-10,-3.3718872e-09,1.106529e-09,-1.5276205e-10,-3.2159901e-09,6.7240963e-10,1.8092424e-09,-2.0212818e-10
2025-10-28 20:37:06.760798,Left,1.6916202e-09,-2.1007633e-09,2.0422843e-09,1.1467343e-09,-1.9287285e-09,-1.4436478e-10,2.0422843e-09,1.1467343e-09
2025-10-28 20:37:06.764798,Left,2.4955966e-09,-2.3415695e-11,1.106529e-09,-1.5276205e-10,-3.2159901e-09,3.7028255e-10,2.9780396e-09,2.4462306e-09
2025-10-28 20:37:06.765691,Left,3.6390408e-09,-2.0151385e-09,1.2816372e-10,3.485839e-09,6.131367e-10,-6.0916028e-09,-2.1291529e-09,2.7332452e-09
2025-10-28 20:37:06.769691,Left,1.1467343e-09,-1.9287285e-09,1.3673853e-09,2.7072233e-09,4.790852e-10,-3.3718872e-09,-1.6561149e-09,1.3773452e-09
2025-10-28 20:37:06.773691,Left,1.8143833e-09,-4.8557003e-10,1.3673853e-09,2.7072233e-09,4.790852e-10,-3.3718872e-09,-1.6561149e-09,1.3773452e-09
2025-10-28 20:37:06.777691,Left,1.8143833e-09,-4.8557003e-10,-1.5672764e-09,1.0148677e-09,6.018484e-10,-1.7566938e-09,-1.6561149e-09,1.3773452e-09
2025-10-28 20:37:06.781691,Left,1.1467343e-09,-1.9287285e-09,-1.4436478e-10,2.0422843e-09,1.1467343e-09,-1.9287285e-09,-1.4436478e-10,2.0422843e-09
2025-10-28 20:37:06.785691,Left,-1.5276205e-10,-3.2159901e-09,-9.611392e-10,2.2753261e-09,2.4955966e-09,-2.3415695e-11,-6.590121e-10,1.106529e-09
2025-10-28 20:37:06.789691,Left,-2.0212818e-10,-3.8340415e-09,-9.611392e-10,2.2753261e-09,2.4955966e-09,-2.3415695e-11,-1.4436478e-10,2.0422843e-09
2025-10-28 20:37:06.793691,Left,-2.0212818e-10,-3.8340415e-09,-1.5672764e-09,1.0148677e-09,6.018484e-10,-1.7566938e-09,1.2785469e-09,3.069701e-09
2025-10-28 20:37:06.812111,Left,3.198427e-10,3.780198e-09,3.3311247e-09,-1.0095323e-09,-8.0862683e-10,1.4656029e-09,7.022276e-11,-4.268437e-09
2025-10-28 20:37:06.816111,Left,1.3673853e-09,2.7072233e-09,4.790852e-10,-3.3718872e-09,-1.6561149e-09,1.3773452e-09,1.8143833e-09,-4.8557003e-10
2025-10-28 20:37:06.820111,Left,1.3673853e-09,2.7072233e-09,4.790852e-10,-3.3718872e-09,-1.6561149e-09,1.3773452e-09,1.8143833e-09,-4.8557003e-10
2025-10-28 20:37:06.824111,Left,1.3673853e-09,2.7072233e-09,4.790852e-10,-3.3718872e-09,1.2785469e-09,3.069701e-09,1.6916202e-09,-2.1007633e-09
2025-10-28 20:37:06.828111,Left,-1.4436478e-10,2.0422843e-09,1.1467343e-09,-1.9287285e-09,-1.4436478e-10,2.0422843e-09,1.1467343e-09,-1.9287285e-09
2025-10-28 20:37:06.832111,Left,3.7028255e-10,2.9780396e-09,2.4462306e-09,-6.414671e-10,-6.590121e-10,1.106529e-09,-1.5276205e-10,-3.2159901e-09
2025-10-28 20:37:06.836111,Left,-9.611392e-10,2.2753261e-09,2.4955966e-09,-2.3415695e-11,6.7240963e-10,1.8092424e-09,-2.0212818e-10,-3.8340415e-09
2025-10-28 20:37:06.840111,Left,-1.5672764e-09,1.0148677e-09,6.018484e-10,-1.7566938e-09,-1.4436478e-10,2.0422843e-09,1.1467343e-09,-1.9287285e-09
2025-10-28 20:37:06.853500,Left,-2.0720858e-09,1.0515351e-09,2.6517883e-09,2.2018884e-09,6.7914235e-10,2.5655458e-09,9.523123e-10,-2.4150981e-09
2025-10-28 20:37:06.857500,Left,-2.1007633e-09,-1.5672764e-09,1.0148677e-09,6.018484e-10,-1.7566938e-09,2.9780396e-09,2.4462306e-09,-6.414671e-10
2025-10-28 20:37:06.861500,Left,-4.8557003e-10,1.3673853e-09,2.7072233e-09,4.790852e-10,-3.3718872e-09,2.9780396e-09,2.4462306e-09,-6.414671e-10
2025-10-28 20:37:06.865500,Left,-1.9287285e-09,-1.5672764e-09,1.0148677e-09,6.018484e-10,-1.7566938e-09,1.8092424e-09,-2.0212818e-10,-3.8340415e-09
2025-10-28 20:37:06.869500,Left,-1.9287285e-09,-1.4436478e-10,2.0422843e-09,1.1467343e-09,-1.9287285e-09,2.0422843e-09,1.1467343e-09,-1.9287285e-09
2025-10-28 20:37:06.873500,Left,-4.8557003e-10,1.3673853e-09,2.7072233e-09,4.790852e-10,-3.3718872e-09,1.0148677e-09,6.018484e-10,-1.7566938e-09
2025-10-28 20:37:06.877500,Left,-1.9287285e-09,1.3673853e-09,2.7072233e-09,4.790852e-10,-3.3718872e-09,2.0422843e-09,1.1467343e-09,-1.9287285e-09
2025-10-28 20:37:06.881500,Left,-4.8557003e-10,1.3673853e-09,2.7072233e-09,4.790852e-10,-3.3718872e-09,1.8092424e-09,-2.0212818e-10,-3.8340415e-09
2025-10-28 20:37:06.898827,Left,-3.9101877e-10,-3.377593e-09,2.0387947e-09,2.5188105e-09,-3.4285208e-10,1.4161169e-09,3.3466085e-09,2.2476712e-09
2025-10-28 20:37:06.902827,Left,-1.5276205e-10,-3.2159901e-09,2.0422843e-09,1.1467343e-09,-1.9287285e-09,6.7240963e-10,1.8092424e-09,-2.0212818e-10
2025-10-28 20:37:06.906827,Left,-1.5276205e-10,-3.2159901e-09,2.2753261e-09,2.4955966e-09,-2.3415695e-11,6.7240963e-10,1.8092424e-09,-2.0212818e-10
2025-10-28 20:37:06.910827,Left,-1.5276205e-10,-3.2159901e-09,2.0422843e-09,1.1467343e-09,-1.9287285e-09,-1.4436478e-10,2.0422843e-09,1.1467343e-09
2025-10-28 20:37:06.914827,Left,1.1467343e-09,-1.9287285e-09,2.0422843e-09,1.1467343e-09,-1.9287285e-09,-1.6561149e-09,1.3773452e-09,1.8143833e-09
2025-10-28 20:37:06.918827,Left,4.790852e-10,-3.3718872e-09,1.106529e-09,-1.5276205e-10,-3.2159901e-09,6.7240963e-10,1.8092424e-09,-2.0212818e-10
2025-10-28 20:37:06.922827,Left,1.6916202e-09,-2.1007633e-09,2.0422843e-09,1.1467343e-09,-1.9287285e-09,-1.4436478e-10,2.0422843e-09,1.1467343e-09
2025-10-28 20:37:06.926827,Left,1.6916202e-09,-2.1007633e-09,1.106529e-09,-1.5276205e-10,-3.2159901e-09,3.7028255e-10,2.9780396e-09,2.4462306e-09
2025-10-28 20:37:06.937649,Left,9.651797e-10,-3.6759004e-10,-4.076133e-09,1.3615774e-09,1.4816498e-09,-1.3580844e-09,3.627863e-09,2.7044988e-09
2025-10-28 20:37:06.941649,Left,2.2753261e-09,2.4955966e-09,-2.3415695e-11,2.0422843e-09,1.1467343e-09,-1.9287285e-09,1.0148677e-09,6.018484e-10
2025-10-28 20:37:06.945649,Left,2.2753261e-09,2.4955966e-09,-2.3415695e-11,2.7072233e-09,4.790852e-10,-3.3718872e-09,2.7072233e-09,4.790852e-10
2025-10-28 20:37:06.949649,Left,2.2753261e-09,2.4955966e-09,-2.3415695e-11,2.7072233e-09,4.790852e-10,-3.3718872e-09,2.0422843e-09,1.1467343e-09
2025-10-28 20:37:06.953649,Left,2.7072233e-09,4.790852e-10,-3.3718872e-09,2.0422843e-09,1.1467343e-09,-1.9287285e-09,2.9780396e-09,2.4462306e-09
2025-10-28 20:37:06.957649,Left,1.106529e-09,-1.5276205e-10,-3.2159901e-09,2.9780396e-09,2.4462306e-09,-6.414671e-10,2.7072233e-09,4.790852e-10
2025-10-28 20:37:06.961649,Left,2.0422843e-09,1.1467343e-09,-1.9287285e-09,2.2753261e-09,2.4955966e-09,-2.3415695e-11,2.0422843e-09,1.1467343e-09
2025-10-28 20:37:06.965649,Left,1.106529e-09,-1.5276205e-10,-3.2159901e-09,1.0148677e-09,6.018484e-10,-1.7566938e-09,2.7072233e-09,4.790852e-10
2025-10-28 20:37:06.965349,Left,2.4149083e-09,-9.972054e-11,-3.811734e-09,-4.449681e-10,-8.5074087e-10,-2.247894e-09,-3.3854388e-11,2.0467903e-09
2025-10-28 20:37:06.969349,Left,3.069701e-09,1.6916202e-09,-2.1007633e-09,1.106529e-09,-1.5276205e-10,-3.2159901e-09,3.7028255e-10,2.9780396e-09
2025-10-28 20:37:06.973349,Left,1.3773452e-09,1.8143833e-09,-4.8557003e-10,1.106529e-09,-1.5276205e-10,-3.2159901e-09,3.7028255e-10,2.9780396e-09
2025-10-28 20:37:06.977349,Left,3.069701e-09,1.6916202e-09,-2.1007633e-09,1.106529e-09,-1.5276205e-10,-3.2159901e-09,6.7240963e-10,1.8092424e-09
2025-10-28 20:37:06.981349,Left,1.106529e-09,-1.5276205e-10,-3.2159901e-09,2.0422843e-09,1.1467343e-09,-1.9287285e-09,-1.4436478e-10,2.0422843e-09
2025-10-28 20:37:06.985349,Left,1.3773452e-09,1.8143833e-09,-4.8557003e-10,2.7072233e-09,4.790852e-10,-3.3718872e-09,-1.6561149e-09,1.3773452e-09
2025-10-28 20:37:06.989349,Left,2.0422843e-09,1.1467343e-09,-1.9287285e-09,2.0422843e-09,1.1467343e-09,-1.9287285e-09,-1.5672764e-09,1.0148677e-09
2025-10-28 20:37:06.993349,Left,1.106529e-09,-1.5276205e-10,-3.2159901e-09,2.2753261e-09,2.4955966e-09,-2.3415695e-11,6.7240963e-10,1.8092424e-09
2025-10-28 20:37:07.011699,Left,2.0024644e-09,2.337849e-09,5.901982e-10,-2.153919e-09,-1.1401499e-09,2.2830524e-10,-7.713776e-10,-2.8447296e-09
2025-10-28 20:37:07.015699,Left,-6.590121e-10,1.106529e-09,-1.5276205e-10,-3.2159901e-09,3.7028255e-10,2.9780396e-09,2.4462306e-09,-6.414671e-10
2025-10-28 20:37:07.019699,Left,-6.590121e-10,1.106529e-09,-1.5276205e-10,-3.2159901e-09,3.7028255e-10,2.9780396e-09,2.4462306e-09,-6.414671e-10
2025-10-28 20:37:07.023699,Left,-6.590121e-10,1.106529e-09,-1.5276205e-10,-3.2159901e-09,6.7240963e-10,1.8092424e-09,-2.0212818e-10,-3.8340415e-09
2025-10-28 20:37:07.027699,Left,-1.4436478e-10,2.0422843e-09,1.1467343e-09,-1.9287285e-09,-1.4436478e-10,2.0422843e-09,1.1467343e-09,-1.9287285e-09
2025-10-28 20:37:07.031699,Left,-6.590121e-10,1.106529e-09,-1.5276205e-10,-3.2159901e-09,-1.6561149e-09,1.3773452e-09,1.8143833e-09,-4.8557003e-10
2025-10-28 20:37:07.035699,Left,-1.4436478e-10,2.0422843e-09,1.1467343e-09,-1.9287285e-09,-1.5672764e-09,1.0148677e-09,6.018484e-10,-1.7566938e-09
2025-10-28 20:37:07.039699,Left,-9.611392e-10,2.2753261e-09,2.4955966e-09,-2.3415695e-11,6.7240963e-10,1.8092424e-09,-2.0212818e-10,-3.8340415e-09
2025-10-28 20:37:07.053210,Left,-5.621619e-10,1.1557476e-09,3.7233054e-09,2.6034204e-09,-1.9765984e-09,1.7538778e-09,-1.6529905e-10,-4.4798694e-09
2025-10-28 20:37:07.057210,Left,-3.8340415e-09,-1.4436478e-10,2.0422843e-09,1.1467343e-09,-1.9287285e-09,2.0422843e-09,1.1467343e-09,-1.9287285e-09
2025-10-28 20:37:07.061210,Left,-6.414671e-10,-6.590121e-10,1.106529e-09,-1.5276205e-10,-3.2159901e-09,2.7072233e-09,4.790852e-10,-3.3718872e-09
2025-10-28 20:37:07.065210,Left,-3.8340415e-09,-1.4436478e-10,2.0422843e-09,1.1467343e-09,-1.9287285e-09,2.7072233e-09,4.790852e-10,-3.3718872e-09
2025-10-28 20:37:07.069210,Left,-4.8557003e-10,1.3673853e-09,2.7072233e-09,4.790852e-10,-3.3718872e-09,2.0422843e-09,1.1467343e-09,-1.9287285e-09
2025-10-28 20:37:07.073210,Left,-6.414671e-10,-6.590121e-10,1.106529e-09,-1.5276205e-10,-3.2159901e-09,2.9780396e-09,2.4462306e-09,-6.414671e-10
2025-10-28 20:37:07.077210,Left,-6.414671e-10,-1.4436478e-10,2.0422843e-09,1.1467343e-09,-1.9287285e-09,2.0422843e-09,1.1467343e-09,-1.9287285e-09
2025-10-28 20:37:07.081210,Left,-6.414671e-10,-1.4436478e-10,2.0422843e-09,1.1467343e-09,-1.9287285e-09,1.0148677e-09,6.018484e-10,-1.7566938e-09
2025-10-28 20:37:07.094666,Left,1.427398e-09,-1.4781754e-09,3.0080523e-09,2.325487e-09,3.6427736e-10,1.2827673e-09,1.7538465e-09,-4.011561e-10
2025-10-28 20:37:07.098666,Left,1.1467343e-09,-1.9287285e-09,3.069701e-09,1.6916202e-09,-2.1007633e-09,-1.5672764e-09,1.0148677e-09,6.018484e-10
2025-10-28 20:37:07.102666,Left,1.8143833e-09,-4.8557003e-10,1.3773452e-09,1.8143833e-09,-4.8557003e-10,1.3673853e-09,2.7072233e-09,4.790852e-10
2025-10-28 20:37:07.106666,Left,1.6916202e-09,-2.1007633e-09,2.0422843e-09,1.1467343e-09,-1.9287285e-09,-1.4436478e-10,2.0422843e-09,1.1467343e-09
2025-10-28 20:37:07.110666,Left,1.1467343e-09,-1.9287285e-09,1.106529e-09,-1.5276205e-10,-3.2159901e-09,3.7028255e-10,2.9780396e-09,2.4462306e-09
2025-10-28 20:37:07.114666,Left,-2.0212818e-10,-3.8340415e-09,2.2753261e-09,2.4955966e-09,-2.3415695e-11,1.3673853e-09,2.7072233e-09,4.790852e-10
2025-10-28 20:37:07.118666,Left,-2.0212818e-10,-3.8340415e-09,2.0422843e-09,1.1467343e-09,-1.9287285e-09,-1.4436478e-10,2.0422843e-09,1.1467343e-09
2025-10-28 20:37:07.122666,Left,-2.0212818e-10,-3.8340415e-09,2.0422843e-09,1.1467343e-09,-1.9287285e-09,1.3673853e-09,2.7072233e-09,4.790852e-10
2025-10-28 20:37:07.136047,Left,-4.979391e-10,-2.84205e-09,2.458958e-09,2.6417555e-09,-7.5479895e-10,1.450532e-09,3.660718e-09,2.4141333e-09
2025-10-28 20:37:07.140047,Left,2.4462306e-09,-6.414671e-10,1.8092424e-09,-2.0212818e-10,-3.8340415e-09,-9.611392e-10,2.2753261e-09,2.4955966e-09
2025-10-28 20:37:07.144047,Left,2.4462306e-09,-6.414671e-10,2.9780396e-09,2.4462306e-09,-6.414671e-10,-6.590121e-10,1.106529e-09,-1.5276205e-10
2025-10-28 20:37:07.148047,Left,-2.0212818e-10,-3.8340415e-09,1.8092424e-09,-2.0212818e-10,-3.8340415e-09,-9.611392e-10,2.2753261e-09,2.4955966e-09
2025-10-28 20:37:07.152047,Left,1.1467343e-09,-1.9287285e-09,1.3773452e-09,1.8143833e-09,-4.8557003e-10,1.3673853e-09,2.7072233e-09,4.790852e-10
2025-10-28 20:37:07.156047,Left,6.018484e-10,-1.7566938e-09,3.069701e-09,1.6916202e-09,-2.1007633e-09,-6.590121e-10,1.106529e-09,-1.5276205e-10
2025-10-28 20:37:07.160047,Left,6.018484e-10,-1.7566938e-09,2.0422843e-09,1.1467343e-09,-1.9287285e-09,-1.4436478e-10,2.0422843e-09,1.1467343e-09
2025-10-28 20:37:07.164047,Left,-2.0212818e-10,-3.8340415e-09,2.0422843e-09,1.1467343e-09,-1.9287285e-09,-6.590121e-10,1.106529e-09,-1.5276205e-10
2025-10-28 20:37:07.164819,Left,-2.581567e-10,-4.1053116e-09,-1.9140383e-09,1.6936774e-09,1.4561674e-09,-1.5984657e-09,1.3151283e-09,4.0213664e-09
2025-10-28 20:37:07.168819,Left,1.1467343e-09,-1.9287285e-09,-1.6561149e-09,1.3773452e-09,1.8143833e-09,-4.8557003e-10,-1.4436478e-10,2.0422843e-09
2025-10-28 20:37:07.172819,Left,4.790852e-10,-3.3718872e-09,-1.6561149e-09,1.3773452e-09,1.8143833e-09,-4.8557003e-10,1.3673853e-09,2.7072233e-09
2025-10-28 20:37:07.176819,Left,4.790852e-10,-3.3718872e-09,1.2785469e-09,3.069701e-09,1.6916202e-09,-2.1007633e-09,-1.5672764e-09,1.0148677e-09
2025-10-28 20:37:07.180819,Left,1.1467343e-09,-1.9287285e-09,-1.4436478e-10,2.0422843e-09,1.1467343e-09,-1.9287285e-09,-1.4436478e-10,2.0422843e-09
2025-10-28 20:37:07.184819,Left,2.4955966e-09,-2.3415695e-11,6.7240963e-10,1.8092424e-09,-2.0212818e-10,-3.8340415e-09,3.7028255e-10,2.9780396e-09
2025-10-28 20:37:07.188819,Left,2.4955966e-09,-2.3415695e-11,-1.4436478e-10,2.0422843e-09,1.1467343e-09,-1.9287285e-09,-9.611392e-10,2.2753261e-09
2025-10-28 20:37:07.192819,Left,2.4955966e-09,-2.3415695e-11,1.2785469e-09,3.069701e-09,1.6916202e-09,-2.1007633e-09,-9.611392e-10,2.2753261e-09
2025-10-28 20:37:07.204929,Left,1.6408949e-09,-3.2744432e-10,-3.1140774e-09,2.0455018e-10,-6.167415e-10,-2.8409657e-09,8.0595655e-11,2.6176425e-09
2025-10-28 20:37:07.208929,Left,1.0148677e-09,6.018484e-10,-1.7566938e-09,2.9780396e-09,2.4462306e-09,-6.414671e-10,-6.590121e-10,1.106529e-09
2025-10-28 20:37:07.212929,Left,2.7072233e-09,4.790852e-10,-3.3718872e-09,2.9780396e-09,2.4462306e-09,-6.414671e-10,-6.590121e-10,1.106529e-09
2025-10-28 20:37:07.216929,Left,1.0148677e-09,6.018484e-10,-1.7566938e-09,1.8092424e-09,-2.0212818e-10,-3.8340415e-09,-6.590121e-10,1.106529e-09
2025-10-28 20:37:07.220929,Left,2.9780396e-09,2.4462306e-09,-6.414671e-10,2.0422843e-09,1.1467343e-09,-1.9287285e-09,-1.4436478e-10,2.0422843e-09
2025-10-28 20:37:07.224929,Left,2.7072233e-09,4.790852e-10,-3.3718872e-09,1.3773452e-09,1.8143833e-09,-4.8557003e-10,1.2785469e-09,3.069701e-09
2025-10-28 20:37:07.228929,Left,2.7072233e-09,4.790852e-10,-3.3718872e-09,2.0422843e-09,1.1467343e-09,-1.9287285e-09,-1.4436478e-10,2.0422843e-09
2025-10-28 20:37:07.232929,Left,2.9780396e-09,2.4462306e-09,-6.414671e-10,2.0422843e-09,1.1467343e-09,-1.9287285e-09,-9.611392e-10,2.2753261e-09
2025-10-28 20:37:07.247683,Left,3.546101e-09,2.475074e-09,-1.8108351e-09,-1.4430203e-09,9.837687e-10,-8.65711e-11,-4.1295674e-09,1.7684904e-09
2025-10-28 20:37:07.251683,Left,2.2753261e-09,2.4955966e-09,-2.3415695e-11,-1.4436478e-10,2.0422843e-09,1.1467343e-09,-1.9287285e-09,2.0422843e-09
2025-10-28 20:37:07.255683,Left,1.106529e-09,-1.5276205e-10,-3.2159901e-09,3.7028255e-10,2.9780396e-09,2.4462306e-09,-6.414671e-10,1.3773452e-09
2025-10-28 20:37:07.259683,Left,2.2753261e-09,2.4955966e-09,-2.3415695e-11,6.7240963e-10,1.8092424e-09,-2.0212818e-10,-3.8340415e-09,3.069701e-09
2025-10-28 20:37:07.263683,Left,2.7072233e-09,4.790852e-10,-3.3718872e-09,-1.6561149e-09,1.3773452e-09,1.8143833e-09,-4.8557003e-10,2.0422843e-09
2025-10-28 20:37:07.267683,Left,1.106529e-09,-1.5276205e-10,-3.2159901e-09,3.7028255e-10,2.9780396e-09,2.4462306e-09,-6.414671e-10,1.106529e-09
2025-10-28 20:37:07.271683,Left,2.0422843e-09,1.1467343e-09,-1.9287285e-09,-1.4436478e-10,2.0422843e-09,1.1467343e-09,-1.9287285e-09,2.0422843e-09
2025-10-28 20:37:07.275683,Left,1.106529e-09,-1.5276205e-10,-3.2159901e-09,3.7028255e-10,2.9780396e-09,2.4462306e-09,-6.414671e-10,2.0422843e-09
2025-10-28 20:37:07.287844,Left,1.2286941e-09,3.8290104e-09,2.8454656e-09,-9.590668e-10,1.6290616e-09,-4.056442e-10,-3.0947482e-09,2.5834548e-10
2025-10-28 20:37:07.291844,Left,-1.4436478e-10,2.0422843e-09,1.1467343e-09,-1.9287285e-09,2.0422843e-09,1.1467343e-09,-1.9287285e-09,2.0422843e-09
2025-10-28 20:37:07.295844,Left,1.3673853e-09,2.7072233e-09,4.790852e-10,-3.3718872e-09,2.7072233e-09,4.790852e-10,-3.3718872e-09,2.9780396e-09
2025-10-28 20:37:07.299844,Left,1.3673853e-09,2.7072233e-09,4.790852e-10,-3.3718872e-09,1.0148677e-09,6.018484e-10,-1.7566938e-09,2.9780396e-09
2025-10-28 20:37:07.303844,Left,-1.4436478e-10,2.0422843e-09,1.1467343e-09,-1.9287285e-09,2.9780396e-09,2.4462306e-09,-6.414671e-10,2.0422843e-09
2025-10-28 20:37:07.307844,Left,-9.611392e-10,2.2753261e-09,2.4955966e-09,-2.3415695e-11,2.7072233e-09,4.790852e-10,-3.3718872e-09,1.0148677e-09
2025-10-28 20:37:07.311844,Left,-9.611392e-10,2.2753261e-09,2.4955966e-09,-2.3415695e-11,2.0422843e-09,1.1467343e-09,-1.9287285e-09,1.0148677e-09
2025-10-28 20:37:07.315844,Left,-1.5672764e-09,1.0148677e-09,6.018484e-10,-1.7566938e-09,2.7072233e-09,4.790852e-10,-3.3718872e-09,1.0148677e-09
2025-10-28 20:37:07.330478,Left,-1.2069057e-10,2.6003297e-09,2.570114e-09,3.7011355e-10,3.696394e-09,2.4699591e-09,-1.932287e-09,-1.3395143e-09
2025-10-28 20:37:07.334478,Left,-6.590121e-10,1.106529e-09,-1.5276205e-10,-3.2159901e-09,2.2753261e-09,2.4955966e-09,-2.3415695e-11,6.7240963e-10
2025-10-28 20:37:07.338478,Left,-6.590121e-10,1.106529e-09,-1.5276205e-10,-3.2159901e-09,2.2753261e-09,2.4955966e-09,-2.3415695e-11,3.7028255e-10
2025-10-28 20:37:07.342478,Left,-6.590121e-10,1.106529e-09,-1.5276205e-10,-3.2159901e-09,2.2753261e-09,2.4955966e-09,-2.3415695e-11,6.7240963e-10
2025-10-28 20:37:07.346478,Left,-1.4436478e-10,2.0422843e-09,1.1467343e-09,-1.9287285e-09,2.7072233e-09,4.790852e-10,-3.3718872e-09,-1.6561149e-09
2025-10-28 20:37:07.350478,Left,1.2785469e-09,3.069701e-09,1.6916202e-09,-2.1007633e-09,1.106529e-09,-1.5276205e-10,-3.2159901e-09,1.2785469e-09
2025-10-28 20:37:07.354478,Left,1.2785469e-09,3.069701e-09,1.6916202e-09,-2.1007633e-09,2.0422843e-09,1.1467343e-09,-1.9287285e-09,-1.4436478e-10
2025-10-28 20:37:07.358478,Left,-9.611392e-10,2.2753261e-09,2.4955966e-09,-2.3415695e-11,1.106529e-09,-1.5276205e-10,-3.2159901e-09,3.7028255e-10
2025-10-28 20:37:07.373120,Left,-4.1385473e-09,-1.3989615e-09,2.3848066e-09,2.6285567e-09,-6.862759e-10,3.8285344e-09,2.8159453e-09,-9.53243e-10
2025-10-28 20:37:07.377120,Left,-3.8340415e-09,-1.4436478e-10,2.0422843e-09,1.1467343e-09,-1.9287285e-09,2.0422843e-09,1.1467343e-09,-1.9287285e-09
2025-10-28 20:37:07.381120,Left,-6.414671e-10,-9.611392e-10,2.2753261e-09,2.4955966e-09,-2.3415695e-11,2.7072233e-09,4.790852e-10,-3.3718872e-09
2025-10-28 20:37:07.385120,Left,-3.8340415e-09,-9.611392e-10,2.2753261e-09,2.4955966e-09,-2.3415695e-11,2.7072233e-09,4.790852e-10,-3.3718872e-09
2025-10-28 20:37:07.389120,Left,-4.8557003e-10,1.3673853e-09,2.7072233e-09,4.790852e-10,-3.3718872e-09,2.0422843e-09,1.1467343e-09,-1.9287285e-09
2025-10-28 20:37:07.393120,Left,-2.1007633e-09,-6.590121e-10,1.106529e-09,-1.5276205e-10,-3.2159901e-09,2.2753261e-09,2.4955966e-09,-2.3415695e-11
2025-10-28 20:37:07.397120,Left,-1.9287285e-09,-1.4436478e-10,2.0422843e-09,1.1467343e-09,-1.9287285e-09,2.2753261e-09,2.4955966e-09,-2.3415695e-11
2025-10-28 20:37:07.401120,Left,-6.414671e-10,-6.590121e-10,1.106529e-09,-1.5276205e-10,-3.2159901e-09,2.2753261e-09,2.4955966e-09,-2.3415695e-11
2025-10-28 20:37:07.414574,Left,-3.2033194e-09,-1.675879e-09,4.5904192e-10,-1.3386452e-10,-1.9882365e-09,2.6384315e-09,2.5383669e-09,3.4579442e-10
2025-10-28 20:37:07.418574,Left,-1.9287285e-09,1.2785469e-09,3.069701e-09,1.6916202e-09,-2.1007633e-09,1.106529e-09,-1.5276205e-10,-3.2159901e-09
2025-10-28 20:37:07.422574,Left,-1.7566938e-09,-1.6561149e-09,1.3773452e-09,1.8143833e-09,-4.8557003e-10,1.106529e-09,-1.5276205e-10,-3.2159901e-09
2025-10-28 20:37:07.426574,Left,-1.7566938e-09,1.2785469e-09,3.069701e-09,1.6916202e-09,-2.1007633e-09,2.0422843e-09,1.1467343e-09,-1.9287285e-09
2025-10-28 20:37:07.430574,Left,-6.414671e-10,-1.4436478e-10,2.0422843e-09,1.1467343e-09,-1.9287285e-09,2.0422843e-09,1.1467343e-09,-1.9287285e-09
2025-10-28 20:37:07.434574,Left,-3.3718872e-09,-1.6561149e-09,1.3773452e-09,1.8143833e-09,-4.8557003e-10,2.7072233e-09,4.790852e-10,-3.3718872e-09
2025-10-28 20:37:07.438574,Left,-1.9287285e-09,1.2785469e-09,3.069701e-09,1.6916202e-09,-2.1007633e-09,2.0422843e-09,1.1467343e-09,-1.9287285e-09
2025-10-28 20:37:07.442574,Left,-1.9287285e-09,-1.6561149e-09,1.3773452e-09,1.8143833e-09,-4.8557003e-10,3.069701e-09,1.6916202e-09,-2.1007633e-09
2025-10-28 20:37:07.454860,Left,8.608019e-10,-2.3097764e-09,8.9646185e-10,-1.4899673e-10,-4.0471937e-09,-1.4076394e-09,2.4009057e-09,2.641049e-09
2025-10-28 20:37:07.458860,Left,2.4462306e-09,-6.414671e-10,1.8092424e-09,-2.0212818e-10,-3.8340415e-09,-1.4436478e-10,2.0422843e-09,1.1467343e-09
2025-10-28 20:37:07.462860,Left,2.4462306e-09,-6.414671e-10,2.9780396e-09,2.4462306e-09,-6.414671e-10,-6.590121e-10,1.106529e-09,-1.5276205e-10
2025-10-28 20:37:07.466860,Left,2.4462306e-09,-6.414671e-10,1.8092424e-09,-2.0212818e-10,-3.8340415e-09,-9.611392e-10,2.2753261e-09,2.4955966e-09
2025-10-28 20:37:07.470860,Left,1.1467343e-09,-1.9287285e-09,1.3773452e-09,1.8143833e-09,-4.8557003e-10,1.3673853e-09,2.7072233e-09,4.790852e-10
2025-10-28 20:37:07.474860,Left,6.018484e-10,-1.7566938e-09,3.069701e-09,1.6916202e-09,-2.1007633e-09,-6.590121e-10,1.106529e-09,-1.5276205e-10
2025-10-28 20:37:07.478860,Left,6.018484e-10,-1.7566938e-09,2.0422843e-09,1.1467343e-09,-1.9287285e-09,-1.4436478e-10,2.0422843e-09,1.1467343e-09
2025-10-28 20:37:07.482860,Left,6.018484e-10,-1.7566938e-09,2.9780396e-09,2.4462306e-09,-6.414671e-10,-6.590121e-10,1.106529e-09,-1.5276205e-10
2025-10-28 20:37:07.497519,Left,2.848844e-09,-1.0227529e-09,-2.6444927e-10,1.4383947e-09,-2.4606522e-10,-4.195799e-09,4.465052e-10,-1.6486337e-10
2025-10-28 20:37:07.501519,Left,1.1467343e-09,-1.9287285e-09,-1.6561149e-09,1.3773452e-09,1.8143833e-09,-4.8557003e-10,2.0422843e-09,1.1467343e-09
2025-10-28 20:37:07.505519,Left,4.790852e-10,-3.3718872e-09,6.7240963e-10,1.8092424e-09,-2.0212818e-10,-3.8340415e-09,3.069701e-09,1.6916202e-09
2025-10-28 20:37:07.509519,Left,2.4955966e-09,-2.3415695e-11,-1.4436478e-10,2.0422843e-09,1.1467343e-09,-1.9287285e-09,2.0422843e-09,1.1467343e-09
2025-10-28 20:37:07.513519,Left,1.1467343e-09,-1.9287285e-09,-1.4436478e-10,2.0422843e-09,1.1467343e-09,-1.9287285e-09,1.106529e-09,-1.5276205e-10
2025-10-28 20:37:07.517519,Left,2.4955966e-09,-2.3415695e-11,-6.590121e-10,1.106529e-09,-1.5276205e-10,-3.2159901e-09,2.2753261e-09,2.4955966e-09
2025-10-28 20:37:07.521519,Left,1.1467343e-09,-1.9287285e-09,6.7240963e-10,1.8092424e-09,-2.0212818e-10,-3.8340415e-09,2.0422843e-09,1.1467343e-09
2025-10-28 20:37:07.525519,Left,6.018484e-10,-1.7566938e-09,-1.4436478e-10,2.0422843e-09,1.1467343e-09,-1.9287285e-09,3.069701e-09,1.6916202e-09
2025-10-28 20:37:07.537649,Left,3.162061e-09,2.424576e-09,2.1405712e-10,2.4159867e-09,8.8148144e-10,-2.2907685e-09,9.660834e-10,-1.3419842e-10
2025-10-28 20:37:07.541649,Left,1.0148677e-09,6.018484e-10,-1.7566938e-09,2.9780396e-09,2.4462306e-09,-6.414671e-10,2.0422843e-09,1.1467343e-09
2025-10-28 20:37:07.545649,Left,2.7072233e-09,4.790852e-10,-3.3718872e-09,1.0148677e-09,6.018484e-10,-1.7566938e-09,2.9780396e-09,2.4462306e-09
2025-10-28 20:37:07.549649,Left,2.0422843e-09,1.1467343e-09,-1.9287285e-09,1.8092424e-09,-2.0212818e-10,-3.8340415e-09,1.8092424e-09,-2.0212818e-10
2025-10-28 20:37:07.553649,Left,2.9780396e-09,2.4462306e-09,-6.414671e-10,2.0422843e-09,1.1467343e-09,-1.9287285e-09,1.3773452e-09,1.8143833e-09
2025-10-28 20:37:07.557649,Left,2.7072233e-09,4.790852e-10,-3.3718872e-09,2.9780396e-09,2.4462306e-09,-6.414671e-10,2.9780396e-09,2.4462306e-09
2025-10-28 20:37:07.561649,Left,2.0422843e-09,1.1467343e-09,-1.9287285e-09,1.0148677e-09,6.018484e-10,-1.7566938e-09,2.0422843e-09,1.1467343e-09
2025-10-28 20:37:07.565649,Left,2.7072233e-09,4.790852e-10,-3.3718872e-09,2.0422843e-09,1.1467343e-09,-1.9287285e-09,2.9780396e-09,2.4462306e-09
2025-10-28 20:37:07.564017,Left,2.429974e-09,2.6399383e-09,-7.258321e-10,3.8243524e-09,2.8169127e-09,-9.493994e-10,-2.411475e-10,1.4246012e-09
2025-10-28 20:37:07.568017,Left,2.2753261e-09,2.4955966e-09,-2.3415695e-11,2.7072233e-09,4.790852e-10,-3.3718872e-09,-1.6561149e-09,1.3773452e-09
2025-10-28 20:37:07.572017,Left,2.2753261e-09,2.4955966e-09,-2.3415695e-11,2.7072233e-09,4.790852e-10,-3.3718872e-09,6.7240963e-10,1.8092424e-09
2025-10-28 20:37:07.576017,Left,2.2753261e-09,2.4955966e-09,-2.3415695e-11,2.7072233e-09,4.790852e-10,-3.3718872e-09,-1.6561149e-09,1.3773452e-09
2025-10-28 20:37:07.580017,Left,2.7072233e-09,4.790852e-10,-3.3718872e-09,2.0422843e-09,1.1467343e-09,-1.9287285e-09,-1.4436478e-10,2.0422843e-09
2025-10-28 20:37:07.584017,Left,1.106529e-09,-1.5276205e-10,-3.2159901e-09,2.2753261e-09,2.4955966e-09,-2.3415695e-11,6.7240963e-10,1.8092424e-09
2025-10-28 20:37:07.588017,Left,2.0422843e-09,1.1467343e-09,-1.9287285e-09,2.0422843e-09,1.1467343e-09,-1.9287285e-09,-1.4436478e-10,2.0422843e-09
2025-10-28 20:37:07.592017,Left,1.106529e-09,-1.5276205e-10,-3.2159901e-09,2.2753261e-09,2.4955966e-09,-2.3415695e-11,1.2785469e-09,3.069701e-09
2025-10-28 20:37:07.604161,Left,4.7815707e-10,-1.3796966e-10,-2.0070487e-09,2.6299685e-09,2.5529636e-09,3.5082948e-10,1.6033078e-09,2.445091e-09
2025-10-28 20:37:07.608161,Left,3.069701e-09,1.6916202e-09,-2.1007633e-09,2.0422843e-09,1.1467343e-09,-1.9287285e-09,-1.4436478e-10,2.0422843e-09
2025-10-28 20:37:07.612161,Left,3.069701e-09,1.6916202e-09,-2.1007633e-09,1.106529e-09,-1.5276205e-10,-3.2159901e-09,-1.5672764e-09,1.0148677e-09
2025-10-28 20:37:07.616161,Left,2.0422843e-09,1.1467343e-09,-1.9287285e-09,1.106529e-09,-1.5276205e-10,-3.2159901e-09,6.7240963e-10,1.8092424e-09
2025-10-28 20:37:07.620161,Left,1.106529e-09,-1.5276205e-10,-3.2159901e-09,2.2753261e-09,2.4955966e-09,-2.3415695e-11,-1.4436478e-10,2.0422843e-09
2025-10-28 20:37:07.624161,Left,1.3773452e-09,1.8143833e-09,-4.8557003e-10,2.7072233e-09,4.790852e-10,-3.3718872e-09,-1.5672764e-09,1.0148677e-09
2025-10-28 20:37:07.628161,Left,2.0422843e-09,1.1467343e-09,-1.9287285e-09,3.069701e-09,1.6916202e-09,-2.1007633e-09,-1.4436478e-10,2.0422843e-09
2025-10-28 20:37:07.632161,Left,2.0422843e-09,1.1467343e-09,-1.9287285e-09,2.0422843e-09,1.1467343e-09,-1.9287285e-09,-1.5672764e-09,1.0148677e-09
2025-10-28 20:37:07.644373,Left,9.2194563e-10,-1.579578e-10,-4.067448e-09,1.6387536e-09,1.4206739e-09,-1.5442487e-09,1.2867828e-09,3.878187e-09
2025-10-28 20:37:07.648373,Left,2.0422843e-09,1.1467343e-09,-1.9287285e-09,1.3773452e-09,1.8143833e-09,-4.8557003e-10,-1.4436478e-10,2.0422843e-09
2025-10-28 20:37:07.652373,Left,1.8092424e-09,-2.0212818e-10,-3.8340415e-09,1.3773452e-09,1.8143833e-09,-4.8557003e-10,1.3673853e-09,2.7072233e-09
2025-10-28 20:37:07.656373,Left,1.8092424e-09,-2.0212818e-10,-3.8340415e-09,3.069701e-09,1.6916202e-09,-2.1007633e-09,1.3673853e-09,2.7072233e-09
2025-10-28 20:37:07.660373,Left,1.3773452e-09,1.8143833e-09,-4.8557003e-10,2.0422843e-09,1.1467343e-09,-1.9287285e-09,-1.4436478e-10,2.0422843e-09
2025-10-28 20:37:07.664373,Left,2.9780396e-09,2.4462306e-09,-6.414671e-10,1.8092424e-09,-2.0212818e-10,-3.8340415e-09,3.7028255e-10,2.9780396e-09
2025-10-28 20:37:07.668373,Left,2.0422843e-09,1.1467343e-09,-1.9287285e-09,2.0422843e-09,1.1467343e-09,-1.9287285e-09,-9.611392e-10,2.2753261e-09
2025-10-28 20:37:07.672373,Left,2.0422843e-09,1.1467343e-09,-1.9287285e-09,2.0422843e-09,1.1467343e-09,-1.9287285e-09,-1.4436478e-10,2.0422843e-09
2025-10-28 20:37:07.684503,Left,1.6947653e-09,-3.3388042e-10,-3.1675669e-09,2.086024e-10,-5.452738e-10,-2.8603944e-09,-3.7072425e-11,2.6372895e-09
2025-10-28 20:37:07.688503,Left,2.0422843e-09,1.1467343e-09,-1.9287285e-09,2.0422843e-09,1.1467343e-09,-1.9287285e-09,-6.590121e-10,1.106529e-09
2025-10-28 20:37:07.692503,Left,2.7072233e-09,4.790852e-10,-3.3718872e-09,2.9780396e-09,2.4462306e-09,-6.414671e-10,-6.590121e-10,1.106529e-09
2025-10-28 20:37:07.696503,Left,2.0422843e-09,1.1467343e-09,-1.9287285e-09,1.8092424e-09,-2.0212818e-10,-3.8340415e-09,-6.590121e-10,1.106529e-09
2025-10-28 20:37:07.700503,Left,2.9780396e-09,2.4462306e-09,-6.414671e-10,2.0422843e-09,1.1467343e-09,-1.9287285e-09,-9.611392e-10,2.2753261e-09
2025-10-28 20:37:07.704503,Left,2.7072233e-09,4.790852e-10,-3.3718872e-09,1.0148677e-09,6.018484e-10,-1.7566938e-09,-1.4436478e-10,2.0422843e-09
2025-10-28 20:37:07.708503,Left,2.7072233e-09,4.790852e-10,-3.3718872e-09,1.0148677e-09,6.018484e-10,-1.7566938e-09,-1.4436478e-10,2.0422843e-09
2025-10-28 20:37:07.712503,Left,2.9780396e-09,2.4462306e-09,-6.414671e-10,2.0422843e-09,1.1467343e-09,-1.9287285e-09,-9.611392e-10,2.2753261e-09
2025-10-28 20:37:07.728482,Left,3.6229724e-09,2.4391966e-09,-1.8662822e-09,-1.3854913e-09,9.275694e-10,-1.467709e-10,-4.0730117e-09,-1.3906845e-09
2025-10-28 20:37:07.732482,Left,2.2753261e-09,2.4955966e-09,-2.3415695e-11,6.7240963e-10,1.8092424e-09,-2.0212818e-10,-3.8340415e-09,-9.611392e-10
2025-10-28 20:37:07.736482,Left,2.2753261e-09,2.4955966e-09,-2.3415695e-11,3.7028255e-10,2.9780396e-09,2.4462306e-09,-6.414671e-10,-6.590121e-10
2025-10-28 20:37:07.740482,Left,2.2753261e-09,2.4955966e-09,-2.3415695e-11,6.7240963e-10,1.8092424e-09,-2.0212818e-10,-3.8340415e-09,-9.611392e-10
2025-10-28 20:37:07.744482,Left,2.0422843e-09,1.1467343e-09,-1.9287285e-09,-1.6561149e-09,1.3773452e-09,1.8143833e-09,-4.8557003e-10,1.3673853e-09
2025-10-28 20:37:07.748482,Left,1.106529e-09,-1.5276205e-10,-3.2159901e-09,6.7240963e-10,1.8092424e-09,-2.0212818e-10,-3.8340415e-09,-9.611392e-10
2025-10-28 20:37:07.752482,Left,1.106529e-09,-1.5276205e-10,-3.2159901e-09,3.7028255e-10,2.9780396e-09,2.4462306e-09,-6.414671e-10,-6.590121e-10
2025-10-28 20:37:07.756482,Left,1.106529e-09,-1.5276205e-10,-3.2159901e-09,-1.4436478e-10,2.0422843e-09,1.1467343e-09,-1.9287285e-09,-1.4436478e-10
2025-10-28 20:37:07.768676,Left,-7.021901e-10,3.8624175e-09,2.8311526e-09,-9.84582e-10,-2.48498e-10,1.4352515e-09,-2.56261e-10,-4.191931e-09
2025-10-28 20:37:07.772676,Left,-2.3415695e-11,2.0422843e-09,1.1467343e-09,-1.9287285e-09,-1.6561149e-09,1.3773452e-09,1.8143833e-09,-4.8557003e-10
2025-10-28 20:37:07.776676,Left,-3.2159901e-09,2.2753261e-09,2.4955966e-09,-2.3415695e-11,-1.6561149e-09,1.3773452e-09,1.8143833e-09,-4.8557003e-10
2025-10-28 20:37:07.780676,Left,-2.3415695e-11,1.0148677e-09,6.018484e-10,-1.7566938e-09,1.2785469e-09,3.069701e-09,1.6916202e-09,-2.1007633e-09
2025-10-28 20:37:07.784676,Left,-3.3718872e-09,2.0422843e-09,1.1467343e-09,-1.9287285e-09,-1.4436478e-10,2.0422843e-09,1.1467343e-09,-1.9287285e-09
2025-10-28 20:37:07.788676,Left,-2.3415695e-11,2.2753261e-09,2.4955966e-09,-2.3415695e-11,6.7240963e-10,1.8092424e-09,-2.0212818e-10,-3.8340415e-09
2025-10-28 20:37:07.792676,Left,-3.2159901e-09,2.0422843e-09,1.1467343e-09,-1.9287285e-09,6.7240963e-10,1.8092424e-09,-2.0212818e-10,-3.8340415e-09
2025-10-28 20:37:07.796676,Left,-1.9287285e-09,2.0422843e-09,1.1467343e-09,-1.9287285e-09,6.7240963e-10,1.8092424e-09,-2.0212818e-10,-3.8340415e-09
2025-10-28 20:37:07.808803,Left,-1.9953168e-09,2.6367042e-09,2.549015e-09,3.4529346e-10,3.624018e-09,2.433574e-09,-1.8656376e-09,-1.3696522e-09
2025-10-28 20:37:07.812803,Left,-1.9287285e-09,2.0422843e-09,1.1467343e-09,-1.9287285e-09,2.0422843e-09,1.1467343e-09,-1.9287285e-09,6.7240963e-10
2025-10-28 20:37:07.816803,Left,-4.8557003e-10,1.106529e-09,-1.5276205e-10,-3.2159901e-09,1.106529e-09,-1.5276205e-10,-3.2159901e-09,6.7240963e-10
2025-10-28 20:37:07.820803,Left,-2.1007633e-09,1.106529e-09,-1.5276205e-10,-3.2159901e-09,2.2753261e-09,2.4955966e-09,-2.3415695e-11,-1.4436478e-10
2025-10-28 20:37:07.824803,Left,-3.2159901e-09,2.0422843e-09,1.1467343e-09,-1.9287285e-09,2.7072233e-09,4.790852e-10,-3.3718872e-09,-1.6561149e-09
2025-10-28 20:37:07.828803,Left,-2.3415695e-11,2.7072233e-09,4.790852e-10,-3.3718872e-09,1.0148677e-09,6.018484e-10,-1.7566938e-09,1.2785469e-09
2025-10-28 20:37:07.832803,Left,-1.9287285e-09,3.069701e-09,1.6916202e-09,-2.1007633e-09,1.106529e-09,-1.5276205e-10,-3.2159901e-09,3.7028255e-10
2025-10-28 20:37:07.836803,Left,-4.8557003e-10,2.2753261e-09,2.4955966e-09,-2.3415695e-11,1.106529e-09,-1.5276205e-10,-3.2159901e-09,3.7028255e-10
2025-10-28 20:37:07.848994,Left,-4.0739967e-09,1.6380826e-09,1.41806e-09,-1.5438825e-09,1.2796751e-09,3.8623953e-09,2.8341371e-09,-9.849093e-10
2025-10-28 20:37:07.852994,Left,-3.8340415e-09,2.0422843e-09,1.1467343e-09,-1.9287285e-09,1.3673853e-09,2.7072233e-09,4.790852e-10,-3.3718872e-09
2025-10-28 20:37:07.856994,Left,-3.8340415e-09,1.3773452e-09,1.8143833e-09,-4.8557003e-10,1.3673853e-09,2.7072233e-09,4.790852e-10,-3.3718872e-09
2025-10-28 20:37:07.860994,Left,-1.9287285e-09,1.3773452e-09,1.8143833e-09,-4.8557003e-10,1.3673853e-09,2.7072233e-09,4.790852e-10,-3.3718872e-09
2025-10-28 20:37:07.864994,Left,-4.8557003e-10,2.0422843e-09,1.1467343e-09,-1.9287285e-09,-1.4436478e-10,2.0422843e-09,1.1467343e-09,-1.9287285e-09
2025-10-28 20:37:07.868994,Left,-2.1007633e-09,1.8092424e-09,-2.0212818e-10,-3.8340415e-09,-1.4436478e-10,2.0422843e-09,1.1467343e-09,-1.9287285e-09
2025-10-28 20:37:07.872994,Left,-6.414671e-10,2.0422843e-09,1.1467343e-09,-1.9287285e-09,-9.611392e-10,2.2753261e-09,2.4955966e-09,-2.3415695e-11
2025-10-28 20:37:07.876994,Left,-6.414671e-10,2.0422843e-09,1.1467343e-09,-1.9287285e-09,-1.4436478e-10,2.0422843e-09,1.1467343e-09,-1.9287285e-09
2025-10-28 20:37:07.890388,Left,-3.176199e-09,-1.6588798e-09,4.642621e-10,-1.389763e-10,-1.9945456e-09,2.6309912e-09,2.5420084e-09,3.5181202e-10
2025-10-28 20:37:07.894388,Left,-1.7566938e-09,-1.4436478e-10,2.0422843e-09,1.1467343e-09,-1.9287285e-09,1.106529e-09,-1.5276205e-10,-3.2159901e-09
2025-10-28 20:37:07.898388,Left,-1.7566938e-09,1.2785469e-09,3.069701e-09,1.6916202e-09,-2.1007633e-09,3.069701e-09,1.6916202e-09,-2.1007633e-09
2025-10-28 20:37:07.902388,Left,-1.7566938e-09,1.2785469e-09,3.069701e-09,1.6916202e-09,-2.1007633e-09,1.106529e-09,-1.5276205e-10,-3.2159901e-09
2025-10-28 20:37:07.906388,Left,-6.414671e-10,-6.590121e-10,1.106529e-09,-1.5276205e-10,-3.2159901e-09,2.0422843e-09,1.1467343e-09,-1.9287285e-09
2025-10-28 20:37:07.910388,Left,-3.3718872e-09,1.2785469e-09,3.069701e-09,1.6916202e-09,-2.1007633e-09,3.069701e-09,1.6916202e-09,-2.1007633e-09
2025-10-28 20:37:07.914388,Left,-1.9287285e-09,1.2785469e-09,3.069701e-09,1.6916202e-09,-2.1007633e-09,2.0422843e-09,1.1467343e-09,-1.9287285e-09
2025-10-28 20:37:07.918388,Left,-6.414671e-10,-1.4436478e-10,2.0422843e-09,1.1467343e-09,-1.9287285e-09,2.2753261e-09,2.4955966e-09,-2.3415695e-11
2025-10-28 20:37:07.931800,Left,-1.8676611e-09,-1.3792301e-09,9.231738e-10,-1.5211046e-10,-4.06913e-09,1.6497316e-09,1.4227817e-09,-1.5541963e-09
2025-10-28 20:37:07.935800,Left,-2.3415695e-11,6.7240963e-10,1.8092424e-09,-2.0212818e-10,-3.8340415e-09,2.0422843e-09,1.1467343e-09,-1.9287285e-09
2025-10-28 20:37:07.939800,Left,-2.3415695e-11,3.7028255e-10,2.9780396e-09,2.4462306e-09,-6.414671e-10,1.3773452e-09,1.8143833e-09,-4.8557003e-10
2025-10-28 20:37:07.943800,Left,-1.9287285e-09,6.7240963e-10,1.8092424e-09,-2.0212818e-10,-3.8340415e-09,1.3773452e-09,1.8143833e-09,-4.8557003e-10
2025-10-28 20:37:07.947800,Left,-3.3718872e-09,-1.6561149e-09,1.3773452e-09,1.8143833e-09,-4.8557003e-10,2.0422843e-09,1.1467343e-09,-1.9287285e-09
2025-10-28 20:37:07.951800,Left,-1.7566938e-09,3.7028255e-10,2.9780396e-09,2.4462306e-09,-6.414671e-10,1.3773452e-09,1.8143833e-09,-4.8557003e-10
2025-10-28 20:37:07.955800,Left,-3.2159901e-09,-1.4436478e-10,2.0422843e-09,1.1467343e-09,-1.9287285e-09,1.8092424e-09,-2.0212818e-10,-3.8340415e-09
2025-10-28 20:37:07.959800,Left,-1.9287285e-09,-1.6561149e-09,1.3773452e-09,1.8143833e-09,-4.8557003e-10,3.069701e-09,1.6916202e-09,-2.1007633e-09
2025-10-28 20:37:07.974560,Left,2.8367895e-09,-9.944007e-10,-2.4555144e-10,1.4500532e-09,-2.499202e-10,-4.2059827e-09,4.5822e-10,-1.4278376e-10
2025-10-28 20:37:07.978560,Left,1.1467343e-09,-1.9287285e-09,-1.6561149e-09,1.3773452e-09,1.8143833e-09,-4.8557003e-10,3.069701e-09,1.6916202e-09
2025-10-28 20:37:07.982560,Left,4.790852e-10,-3.3718872e-09,-1.6561149e-09,1.3773452e-09,1.8143833e-09,-4.8557003e-10,3.069701e-09,1.6916202e-09
2025-10-28 20:37:07.986560,Left,4.790852e-10,-3.3718872e-09,-1.6561149e-09,1.3773452e-09,1.8143833e-09,-4.8557003e-10,3.069701e-09,1.6916202e-09
2025-10-28 20:37:07.990560,Left,6.018484e-10,-1.7566938e-09,-1.4436478e-10,2.0422843e-09,1.1467343e-09,-1.9287285e-09,1.106529e-09,-1.5276205e-10
2025-10-28 20:37:07.994560,Left,2.4955966e-09,-2.3415695e-11,6.7240963e-10,1.8092424e-09,-2.0212818e-10,-3.8340415e-09,1.3773452e-09,1.8143833e-09
2025-10-28 20:37:07.998560,Left,2.4955966e-09,-2.3415695e-11,-1.4436478e-10,2.0422843e-09,1.1467343e-09,-1.9287285e-09,1.3773452e-09,1.8143833e-09
2025-10-28 20:37:08.002560,Left,6.018484e-10,-1.7566938e-09,6.7240963e-10,1.8092424e-09,-2.0212818e-10,-3.8340415e-09,1.3773452e-09,1.8143833e-09
2025-10-28 20:37:08.014760,Left,2.5443372e-09,3.4600928e-10,1.605088e-09,2.4367943e-09,8.731202e-10,-2.305299e-09,9.2580393e-10,-1.5177976e-10
2025-10-28 20:37:08.018760,Left,-1.5276205e-10,-3.2159901e-09,3.7028255e-10,2.9780396e-09,2.4462306e-09,-6.414671e-10,2.0422843e-09,1.1467343e-09
2025-10-28 20:37:08.022760,Left,-1.5276205e-10,-3.2159901e-09,-1.5672764e-09,1.0148677e-09,6.018484e-10,-1.7566938e-09,2.9780396e-09,2.4462306e-09
2025-10-28 20:37:08.026760,Left,-1.5276205e-10,-3.2159901e-09,3.7028255e-10,2.9780396e-09,2.4462306e-09,-6.414671e-10,1.8092424e-09,-2.0212818e-10
2025-10-28 20:37:08.030760,Left,1.1467343e-09,-1.9287285e-09,-1.4436478e-10,2.0422843e-09,1.1467343e-09,-1.9287285e-09,1.3773452e-09,1.8143833e-09
2025-10-28 20:37:08.034760,Left,1.6916202e-09,-2.1007633e-09,-1.6561149e-09,1.3773452e-09,1.8143833e-09,-4.8557003e-10,3.069701e-09,1.6916202e-09
2025-10-28 20:37:08.038760,Left,1.1467343e-09,-1.9287285e-09,-1.5672764e-09,1.0148677e-09,6.018484e-10,-1.7566938e-09,2.0422843e-09,1.1467343e-09
2025-10-28 20:37:08.042760,Left,1.1467343e-09,-1.9287285e-09,6.7240963e-10,1.8092424e-09,-2.0212818e-10,-3.8340415e-09,2.9780396e-09,2.4462306e-09
2025-10-28 20:37:08.054989,Left,1.4202713e-09,-1.5514201e-09,1.2818255e-09,3.865846e-09,2.8348348e-09,-9.881035e-10,1.6967608e-09,-3.33104e-10
2025-10-28 20:37:08.058989,Left,1.1467343e-09,-1.9287285e-09,-1.4436478e-10,2.0422843e-09,1.1467343e-09,-1.9287285e-09,1.0148677e-09,6.018484e-10
2025-10-28 20:37:08.062989,Left,-2.0212818e-10,-3.8340415e-09,1.3673853e-09,2.7072233e-09,4.790852e-10,-3.3718872e-09,1.0148677e-09,6.018484e-10
2025-10-28 20:37:08.066989,Left,1.8143833e-09,-4.8557003e-10,1.3673853e-09,2.7072233e-09,4.790852e-10,-3.3718872e-09,1.0148677e-09,6.018484e-10
2025-10-28 20:37:08.070989,Left,1.1467343e-09,-1.9287285e-09,-1.4436478e-10,2.0422843e-09,1.1467343e-09,-1.9287285e-09,2.9780396e-09,2.4462306e-09
2025-10-28 20:37:08.074989,Left,-2.0212818e-10,-3.8340415e-09,3.7028255e-10,2.9780396e-09,2.4462306e-09,-6.414671e-10,2.7072233e-09,4.790852e-10
2025-10-28 20:37:08.078989,Left,-2.0212818e-10,-3.8340415e-09,-1.4436478e-10,2.0422843e-09,1.1467343e-09,-1.9287285e-09,2.7072233e-09,4.790852e-10
2025-10-28 20:37:08.082989,Left,1.6916202e-09,-2.1007633e-09,-1.5672764e-09,1.0148677e-09,6.018484e-10,-1.7566938e-09,2.7072233e-09,4.790852e-10
2025-10-28 20:37:08.097625,Left,4.642315e-10,-1.402181e-10,-1.9943054e-09,2.6326563e-09,2.5429714e-09,3.5024228e-10,3.6240075e-09,2.434072e-09
2025-10-28 20:37:08.101625,Left,3.069701e-09,1.6916202e-09,-2.1007633e-09,1.106529e-09,-1.5276205e-10,-3.2159901e-09,2.2753261e-09,2.4955966e-09
2025-10-28 20:37:08.105625,Left,1.3773452e-09,1.8143833e-09,-4.8557003e-10,1.106529e-09,-1.5276205e-10,-3.2159901e-09,2.2753261e-09,2.4955966e-09
2025-10-28 20:37:08.109625,Left,1.3773452e-09,1.8143833e-09,-4.8557003e-10,2.0422843e-09,1.1467343e-09,-1.9287285e-09,2.2753261e-09,2.4955966e-09
2025-10-28 20:37:08.113625,Left,1.106529e-09,-1.5276205e-10,-3.2159901e-09,2.0422843e-09,1.1467343e-09,-1.9287285e-09,2.0422843e-09,1.1467343e-09
2025-10-28 20:37:08.117625,Left,1.3773452e-09,1.8143833e-09,-4.8557003e-10,2.7072233e-09,4.790852e-10,-3.3718872e-09,1.0148677e-09,6.018484e-10
2025-10-28 20:37:08.121625,Left,2.0422843e-09,1.1467343e-09,-1.9287285e-09,2.0422843e-09,1.1467343e-09,-1.9287285e-09,2.0422843e-09,1.1467343e-09
2025-10-28 20:37:08.125625,Left,1.3773452e-09,1.8143833e-09,-4.8557003e-10,2.0422843e-09,1.1467343e-09,-1.9287285e-09,1.106529e-09,-1.5276205e-10
2025-10-28 20:37:08.125360,Left,9.250916e-10,-1.5252936e-10,-4.0707704e-09,-1.3934559e-09,2.388886e-09,2.6272922e-09,-6.8890954e-10,3.870619e-09
2025-10-28 20:37:08.129360,Left,1.8092424e-09,-2.0212818e-10,-3.8340415e-09,-9.611392e-10,2.2753261e-09,2.4955966e-09,-2.3415695e-11,2.7072233e-09
2025-10-28 20:37:08.133360,Left,2.9780396e-09,2.4462306e-09,-6.414671e-10,-9.611392e-10,2.2753261e-09,2.4955966e-09,-2.3415695e-11,2.2753261e-09
2025-10-28 20:37:08.137360,Left,1.8092424e-09,-2.0212818e-10,-3.8340415e-09,-9.611392e-10,2.2753261e-09,2.4955966e-09,-2.3415695e-11,1.0148677e-09
2025-10-28 20:37:08.141360,Left,1.3773452e-09,1.8143833e-09,-4.8557003e-10,-1.4436478e-10,2.0422843e-09,1.1467343e-09,-1.9287285e-09,2.0422843e-09
2025-10-28 20:37:08.145360,Left,2.9780396e-09,2.4462306e-09,-6.414671e-10,-6.590121e-10,1.106529e-09,-1.5276205e-10,-3.2159901e-09,2.2753261e-09
2025-10-28 20:37:08.149360,Left,2.0422843e-09,1.1467343e-09,-1.9287285e-09,-6.590121e-10,1.106529e-09,-1.5276205e-10,-3.2159901e-09,2.0422843e-09
2025-10-28 20:37:08.153360,Left,2.9780396e-09,2.4462306e-09,-6.414671e-10,-1.4436478e-10,2.0422843e-09,1.1467343e-09,-1.9287285e-09,2.0422843e-09
2025-10-28 20:37:08.165539,Left,1.6950872e-09,-3.3438083e-10,-3.16802e-09,-1.65788e-09,4.5950235e-10,-1.4207616e-10,-1.9898838e-09,2.6340876e-09
2025-10-28 20:37:08.169539,Left,1.0148677e-09,6.018484e-10,-1.7566938e-09,1.2785469e-09,3.069701e-09,1.6916202e-09,-2.1007633e-09,1.106529e-09
2025-10-28 20:37:08.173539,Left,2.7072233e-09,4.790852e-10,-3.3718872e-09,1.2785469e-09,3.069701e-09,1.6916202e-09,-2.1007633e-09,1.106529e-09
2025-10-28 20:37:08.177539,Left,1.0148677e-09,6.018484e-10,-1.7566938e-09,-1.4436478e-10,2.0422843e-09,1.1467343e-09,-1.9287285e-09,1.106529e-09
2025-10-28 20:37:08.181539,Left,2.9780396e-09,2.4462306e-09,-6.414671e-10,-6.590121e-10,1.106529e-09,-1.5276205e-10,-3.2159901e-09,2.0422843e-09
2025-10-28 20:37:08.185539,Left,1.0148677e-09,6.018484e-10,-1.7566938e-09,1.2785469e-09,3.069701e-09,1.6916202e-09,-2.1007633e-09,2.0422843e-09
2025-10-28 20:37:08.189539,Left,2.0422843e-09,1.1467343e-09,-1.9287285e-09,-1.4436478e-10,2.0422843e-09,1.1467343e-09,-1.9287285e-09,2.0422843e-09
2025-10-28 20:37:08.193539,Left,2.0422843e-09,1.1467343e-09,-1.9287285e-09,-6.590121e-10,1.106529e-09,-1.5276205e-10,-3.2159901e-09,2.0422843e-09
2025-10-28 20:37:08.204424,Left,3.6247478e-09,2.4356863e-09,-1.867318e-09,-1.3792145e-09,9.247996e-10,-1.5126485e-10,-4.0706354e-09,1.6483793e-09
2025-10-28 20:37:08.208424,Left,2.2753261e-09,2.4955966e-09,-2.3415695e-11,-1.4436478e-10,2.0422843e-09,1.1467343e-09,-1.9287285e-09,2.0422843e-09
2025-10-28 20:37:08.212424,Left,2.2753261e-09,2.4955966e-09,-2.3415695e-11,3.7028255e-10,2.9780396e-09,2.4462306e-09,-6.414671e-10,1.8092424e-09
2025-10-28 20:37:08.216424,Left,2.0422843e-09,1.1467343e-09,-1.9287285e-09,-1.4436478e-10,2.0422843e-09,1.1467343e-09,-1.9287285e-09,1.3773452e-09
2025-10-28 20:37:08.220424,Left,2.0422843e-09,1.1467343e-09,-1.9287285e-09,-1.4436478e-10,2.0422843e-09,1.1467343e-09,-1.9287285e-09,2.0422843e-09
2025-10-28 20:37:08.224424,Left,1.0148677e-09,6.018484e-10,-1.7566938e-09,3.7028255e-10,2.9780396e-09,2.4462306e-09,-6.414671e-10,2.0422843e-09
2025-10-28 20:37:08.228424,Left,2.0422843e-09,1.1467343e-09,-1.9287285e-09,-1.4436478e-10,2.0422843e-09,1.1467343e-09,-1.9287285e-09,2.0422843e-09
2025-10-28 20:37:08.232424,Left,2.7072233e-09,4.790852e-10,-3.3718872e-09,3.7028255e-10,2.9780396e-09,2.4462306e-09,-6.414671e-10,1.8092424e-09
2025-10-28 20:37:08.247201,Left,3.1589353e-09,2.44482e-09,2.139016e-10,1.1040846e-09,1.6935245e-09,-3.3457828e-10,-3.166628e-09,-1.6572811e-09
2025-10-28 20:37:08.251201,Left,3.069701e-09,1.6916202e-09,-2.1007633e-09,-1.4436478e-10,2.0422843e-09,1.1467343e-09,-1.9287285e-09,1.2785469e-09
2025-10-28 20:37:08.255201,Left,3.069701e-09,1.6916202e-09,-2.1007633e-09,1.3673853e-09,2.7072233e-09,4.790852e-10,-3.3718872e-09,1.2785469e-09
2025-10-28 20:37:08.259201,Left,2.0422843e-09,1.1467343e-09,-1.9287285e-09,-1.5672764e-09,1.0148677e-09,6.018484e-10,-1.7566938e-09,1.2785469e-09
2025-10-28 20:37:08.263201,Left,1.106529e-09,-1.5276205e-10,-3.2159901e-09,-1.4436478e-10,2.0422843e-09,1.1467343e-09,-1.9287285e-09,-6.590121e-10
2025-10-28 20:37:08.267201,Left,3.069701e-09,1.6916202e-09,-2.1007633e-09,-1.5672764e-09,1.0148677e-09,6.018484e-10,-1.7566938e-09,1.2785469e-09
2025-10-28 20:37:08.271201,Left,2.0422843e-09,1.1467343e-09,-1.9287285e-09,1.3673853e-09,2.7072233e-09,4.790852e-10,-3.3718872e-09,-1.4436478e-10
2025-10-28 20:37:08.275201,Left,2.0422843e-09,1.1467343e-09,-1.9287285e-09,-1.4436478e-10,2.0422843e-09,1.1467343e-09,-1.9287285e-09,-1.6561149e-09
2025-10-28 20:37:08.288612,Left,-1.9911377e-09,2.634692e-09,2.5432134e-09,3.484148e-10,3.6235235e-09,2.4349909e-09,-1.8661173e-09,-1.3778193e-09
2025-10-28 20:37:08.292612,Left,-2.1007633e-09,2.0422843e-09,1.1467343e-09,-1.9287285e-09,2.2753261e-09,2.4955966e-09,-2.3415695e-11,6.7240963e-10
2025-10-28 20:37:08.296612,Left,-2.1007633e-09,1.106529e-09,-1.5276205e-10,-3.2159901e-09,2.2753261e-09,2.4955966e-09,-2.3415695e-11,6.7240963e-10
2025-10-28 20:37:08.300612,Left,-2.1007633e-09,1.106529e-09,-1.5276205e-10,-3.2159901e-09,2.2753261e-09,2.4955966e-09,-2.3415695e-11,6.7240963e-10
2025-10-28 20:37:08.304612,Left,-3.2159901e-09,2.0422843e-09,1.1467343e-09,-1.9287285e-09,2.0422843e-09,1.1467343e-09,-1.9287285e-09,-1.6561149e-09
2025-10-28 20:37:08.308612,Left,-2.1007633e-09,3.069701e-09,1.6916202e-09,-2.1007633e-09,1.106529e-09,-1.5276205e-10,-3.2159901e-09,1.2785469e-09
2025-10-28 20:37:08.312612,Left,-1.9287285e-09,2.0422843e-09,1.1467343e-09,-1.9287285e-09,2.0422843e-09,1.1467343e-09,-1.9287285e-09,6.7240963e-10
2025-10-28 20:37:08.316612,Left,-4.8557003e-10,1.106529e-09,-1.5276205e-10,-3.2159901e-09,1.106529e-09,-1.5276205e-10,-3.2159901e-09,-1.6561149e-09
2025-10-28 20:37:08.331294,Left,-4.0707855e-09,1.6477587e-09,1.4218894e-09,-1.5525501e-09,1.2821563e-09,3.8694474e-09,2.836484e-09,-9.913453e-10
2025-10-28 20:37:08.335294,Left,-3.8340415e-09,2.0422843e-09,1.1467343e-09,-1.9287285e-09,1.3673853e-09,2.7072233e-09,4.790852e-10,-3.3718872e-09
2025-10-28 20:37:08.339294,Left,-3.8340415e-09,1.8092424e-09,-2.0212818e-10,-3.8340415e-09,1.3673853e-09,2.7072233e-09,4.790852e-10,-3.3718872e-09
2025-10-28 20:37:08.343294,Left,-3.8340415e-09,1.3773452e-09,1.8143833e-09,-4.8557003e-10,1.3673853e-09,2.7072233e-09,4.790852e-10,-3.3718872e-09
2025-10-28 20:37:08.347294,Left,-4.8557003e-10,2.0422843e-09,1.1467343e-09,-1.9287285e-09,-1.5672764e-09,1.0148677e-09,6.018484e-10,-1.7566938e-09
2025-10-28 20:37:08.351294,Left,-2.1007633e-09,1.106529e-09,-1.5276205e-10,-3.2159901e-09,1.3673853e-09,2.7072233e-09,4.790852e-10,-3.3718872e-09
2025-10-28 20:37:08.355294,Left,-3.8340415e-09,1.8092424e-09,-2.0212818e-10,-3.8340415e-09,-1.4436478e-10,2.0422843e-09,1.1467343e-09,-1.9287285e-09
2025-10-28 20:37:08.359294,Left,-4.8557003e-10,2.0422843e-09,1.1467343e-09,-1.9287285e-09,-1.5672764e-09,1.0148677e-09,6.018484e-10,-1.7566938e-09
2025-10-28 20:37:08.372768,Left,-2.491968e-10,-4.2065715e-09,4.6085222e-10,-1.41802e-10,-1.9910793e-09,2.6334945e-09,2.5426143e-09,3.4955835e-10
2025-10-28 20:37:08.376768,Left,1.8143833e-09,-4.8557003e-10,2.0422843e-09,1.1467343e-09,-1.9287285e-09,1.106529e-09,-1.5276205e-10,-3.2159901e-09
2025-10-28 20:37:08.380768,Left,1.8143833e-09,-4.8557003e-10,3.069701e-09,1.6916202e-09,-2.1007633e-09,1.106529e-09,-1.5276205e-10,-3.2159901e-09
2025-10-28 20:37:08.384768,Left,1.8143833e-09,-4.8557003e-10,2.0422843e-09,1.1467343e-09,-1.9287285e-09,1.106529e-09,-1.5276205e-10,-3.2159901e-09
2025-10-28 20:37:08.388768,Left,1.1467343e-09,-1.9287285e-09,1.106529e-09,-1.5276205e-10,-3.2159901e-09,2.0422843e-09,1.1467343e-09,-1.9287285e-09
2025-10-28 20:37:08.392768,Left,-2.0212818e-10,-3.8340415e-09,1.3773452e-09,1.8143833e-09,-4.8557003e-10,2.0422843e-09,1.1467343e-09,-1.9287285e-09
2025-10-28 20:37:08.396768,Left,1.1467343e-09,-1.9287285e-09,3.069701e-09,1.6916202e-09,-2.1007633e-09,2.0422843e-09,1.1467343e-09,-1.9287285e-09
2025-10-28 20:37:08.400768,Left,1.1467343e-09,-1.9287285e-09,1.3773452e-09,1.8143833e-09,-4.8557003e-10,2.0422843e-09,1.1467343e-09,-1.9287285e-09
2025-10-28 20:37:08.414208,Left,8.713926e-10,-2.3044988e-09,9.252178e-10,-1.5134004e-10,-4.071061e-09,-1.3938232e-09,2.3903899e-09,2.628257e-09
2025-10-28 20:37:08.418208,Left,2.4462306e-09,-6.414671e-10,2.0422843e-09,1.1467343e-09,-1.9287285e-09,-9.611392e-10,2.2753261e-09,2.4955966e-09
2025-10-28 20:37:08.422208,Left,2.4462306e-09,-6.414671e-10,1.8092424e-09,-2.0212818e-10,-3.8340415e-09,-6.590121e-10,1.106529e-09,-1.5276205e-10
2025-10-28 20:37:08.426208,Left,2.4462306e-09,-6.414671e-10,1.8092424e-09,-2.0212818e-10,-3.8340415e-09,-1.4436478e-10,2.0422843e-09,1.1467343e-09
2025-10-28 20:37:08.430208,Left,1.1467343e-09,-1.9287285e-09,2.0422843e-09,1.1467343e-09,-1.9287285e-09,-1.4436478e-10,2.0422843e-09,1.1467343e-09
2025-10-28 20:37:08.434208,Left,6.018484e-10,-1.7566938e-09,2.9780396e-09,2.4462306e-09,-6.414671e-10,-9.611392e-10,2.2753261e-09,2.4955966e-09
2025-10-28 20:37:08.438208,Left,1.1467343e-09,-1.9287285e-09,2.9780396e-09,2.4462306e-09,-6.414671e-10,-6.590121e-10,1.106529e-09,-1.5276205e-10
2025-10-28 20:37:08.442208,Left,-2.0212818e-10,-3.8340415e-09,1.3773452e-09,1.8143833e-09,-4.8557003e-10,-6.590121e-10,1.106529e-09,-1.5276205e-10
2025-10-28 20:37:08.454379,Left,2.8363774e-09,-9.919464e-10,-2.458933e-10,1.4504528e-09,-2.4951155e-10,-4.206413e-09,4.59928e-10,-1.4211474e-10
2025-10-28 20:37:08.458379,Left,1.1467343e-09,-1.9287285e-09,-1.6561149e-09,1.3773452e-09,1.8143833e-09,-4.8557003e-10,3.069701e-09,1.6916202e-09
2025-10-28 20:37:08.462379,Left,4.790852e-10,-3.3718872e-09,-1.6561149e-09,1.3773452e-09,1.8143833e-09,-4.8557003e-10,1.3773452e-09,1.8143833e-09
2025-10-28 20:37:08.466379,Left,6.018484e-10,-1.7566938e-09,-1.4436478e-10,2.0422843e-09,1.1467343e-09,-1.9287285e-09,3.069701e-09,1.6916202e-09
2025-10-28 20:37:08.470379,Left,1.1467343e-09,-1.9287285e-09,-1.4436478e-10,2.0422843e-09,1.1467343e-09,-1.9287285e-09,2.0422843e-09,1.1467343e-09
2025-10-28 20:37:08.474379,Left,1.1467343e-09,-1.9287285e-09,6.7240963e-10,1.8092424e-09,-2.0212818e-10,-3.8340415e-09,2.2753261e-09,2.4955966e-09
2025-10-28 20:37:08.478379,Left,2.4955966e-09,-2.3415695e-11,-1.4436478e-10,2.0422843e-09,1.1467343e-09,-1.9287285e-09,1.3773452e-09,1.8143833e-09
2025-10-28 20:37:08.482379,Left,6.018484e-10,-1.7566938e-09,1.2785469e-09,3.069701e-09,1.6916202e-09,-2.1007633e-09,1.3773452e-09,1.8143833e-09
2025-10-28 20:37:08.498971,Left,2.543084e-09,3.484612e-10,1.6073632e-09,2.4367133e-09,8.7178076e-10,-2.3049223e-09,9.249028e-10,-1.5148431e-10
2025-10-28 20:37:08.502971,Left,-1.5276205e-10,-3.2159901e-09,3.7028255e-10,2.9780396e-09,2.4462306e-09,-6.414671e-10,1.8092424e-09,-2.0212818e-10
2025-10-28 20:37:08.506971,Left,-1.5276205e-10,-3.2159901e-09,3.7028255e-10,2.9780396e-09,2.4462306e-09,-6.414671e-10,1.8092424e-09,-2.0212818e-10
2025-10-28 20:37:08.510971,Left,-1.5276205e-10,-3.2159901e-09,-1.5672764e-09,1.0148677e-09,6.018484e-10,-1.7566938e-09,2.0422843e-09,1.1467343e-09
2025-10-28 20:37:08.514971,Left,2.4955966e-09,-2.3415695e-11,6.7240963e-10,1.8092424e-09,-2.0212818e-10,-3.8340415e-09,2.0422843e-09,1.1467343e-09
2025-10-28 20:37:08.518971,Left,-1.5276205e-10,-3.2159901e-09,-1.5672764e-09,1.0148677e-09,6.018484e-10,-1.7566938e-09,2.9780396e-09,2.4462306e-09
2025-10-28 20:37:08.522971,Left,1.1467343e-09,-1.9287285e-09,3.7028255e-10,2.9780396e-09,2.4462306e-09,-6.414671e-10,2.9780396e-09,2.4462306e-09
2025-10-28 20:37:08.526971,Left,1.6916202e-09,-2.1007633e-09,-1.5672764e-09,1.0148677e-09,6.018484e-10,-1.7566938e-09,1.3773452e-09,1.8143833e-09
2025-10-28 20:37:08.524702,Left,2.390606e-09,2.628063e-09,-6.904498e-10,1.3686963e-09,3.624227e-09,2.4353721e-09,-1.8668547e-09,1.4500308e-09
2025-10-28 20:37:08.528702,Left,2.2753261e-09,2.4955966e-09,-2.3415695e-11,6.7240963e-10,1.8092424e-09,-2.0212818e-10,-3.8340415e-09,2.0422843e-09
2025-10-28 20:37:08.532702,Left,1.106529e-09,-1.5276205e-10,-3.2159901e-09,6.7240963e-10,1.8092424e-09,-2.0212818e-10,-3.8340415e-09,1.3773452e-09
2025-10-28 20:37:08.536702,Left,2.2753261e-09,2.4955966e-09,-2.3415695e-11,6.7240963e-10,1.8092424e-09,-2.0212818e-10,-3.8340415e-09,2.0422843e-09
2025-10-28 20:37:08.540702,Left,2.7072233e-09,4.790852e-10,-3.3718872e-09,-1.6561149e-09,1.3773452e-09,1.8143833e-09,-4.8557003e-10,2.0422843e-09
2025-10-28 20:37:08.544702,Left,2.2753261e-09,2.4955966e-09,-2.3415695e-11,1.2785469e-09,3.069701e-09,1.6916202e-09,-2.1007633e-09,1.106529e-09
2025-10-28 20:37:08.548702,Left,1.106529e-09,-1.5276205e-10,-3.2159901e-09,-1.4436478e-10,2.0422843e-09,1.1467343e-09,-1.9287285e-09,1.3773452e-09
2025-10-28 20:37:08.552702,Left,1.106529e-09,-1.5276205e-10,-3.2159901e-09,3.7028255e-10,2.9780396e-09,2.4462306e-09,-6.414671e-10,2.0422843e-09
2025-10-28 20:37:08.564949,Left,4.6064122e-10,-1.4188693e-10,-1.9908724e-09,1.0899013e-09,3.1596867e-09,2.444982e-09,2.1326514e-10,2.4362754e-09
2025-10-28 20:37:08.568949,Left,3.069701e-09,1.6916202e-09,-2.1007633e-09,-1.5672764e-09,1.0148677e-09,6.018484e-10,-1.7566938e-09,2.9780396e-09
2025-10-28 20:37:08.572949,Left,1.3773452e-09,1.8143833e-09,-4.8557003e-10,1.3673853e-09,2.7072233e-09,4.790852e-10,-3.3718872e-09,1.0148677e-09
2025-10-28 20:37:08.576949,Left,3.069701e-09,1.6916202e-09,-2.1007633e-09,-1.5672764e-09,1.0148677e-09,6.018484e-10,-1.7566938e-09,1.8092424e-09
2025-10-28 20:37:08.580949,Left,2.0422843e-09,1.1467343e-09,-1.9287285e-09,-1.4436478e-10,2.0422843e-09,1.1467343e-09,-1.9287285e-09,1.8092424e-09
2025-10-28 20:37:08.584949,Left,2.2753261e-09,2.4955966e-09,-2.3415695e-11,1.3673853e-09,2.7072233e-09,4.790852e-10,-3.3718872e-09,1.3773452e-09
2025-10-28 20:37:08.588949,Left,1.3773452e-09,1.8143833e-09,-4.8557003e-10,-1.4436478e-10,2.0422843e-09,1.1467343e-09,-1.9287285e-09,2.0422843e-09
2025-10-28 20:37:08.592949,Left,1.3773452e-09,1.8143833e-09,-4.8557003e-10,-1.5672764e-09,1.0148677e-09,6.018484e-10,-1.7566938e-09,1.0148677e-09
2025-10-28 20:37:08.605092,Left,-1.5715069e-09,2.1468455e-10,-5.4289945e-10,-2.8657643e-09,2.3905764e-09,2.62816e-09,-6.904558e-10,3.8698826e-09
2025-10-28 20:37:08.609092,Left,-6.590121e-10,1.106529e-09,-1.5276205e-10,-3.2159901e-09,2.2753261e-09,2.4955966e-09,-2.3415695e-11,2.7072233e-09
2025-10-28 20:37:08.613092,Left,1.2785469e-09,3.069701e-09,1.6916202e-09,-2.1007633e-09,1.106529e-09,-1.5276205e-10,-3.2159901e-09,2.2753261e-09
2025-10-28 20:37:08.617092,Left,-9.611392e-10,2.2753261e-09,2.4955966e-09,-2.3415695e-11,2.2753261e-09,2.4955966e-09,-2.3415695e-11,2.7072233e-09
2025-10-28 20:37:08.621092,Left,-1.4436478e-10,2.0422843e-09,1.1467343e-09,-1.9287285e-09,2.0422843e-09,1.1467343e-09,-1.9287285e-09,1.0148677e-09
2025-10-28 20:37:08.625092,Left,1.2785469e-09,3.069701e-09,1.6916202e-09,-2.1007633e-09,2.2753261e-09,2.4955966e-09,-2.3415695e-11,2.7072233e-09
2025-10-28 20:37:08.629092,Left,-1.4436478e-10,2.0422843e-09,1.1467343e-09,-1.9287285e-09,1.106529e-09,-1.5276205e-10,-3.2159901e-09,2.0422843e-09
2025-10-28 20:37:08.633092,Left,1.2785469e-09,3.069701e-09,1.6916202e-09,-2.1007633e-09,1.106529e-09,-1.5276205e-10,-3.2159901e-09,2.0422843e-09
2025-10-28 20:37:08.645298,Left,112.92416,118.48681,189.024,419.30322,398.3747,-11.388123,-7.996238,-130.79393
2025-10-28 20:37:08.649298,Left,1.0148677e-09,6.018484e-10,-1.7566938e-09,1.2785469e-09,3.069701e-09,1.6916202e-09,-2.1007633e-09,2.0422843e-09
2025-10-28 20:37:08.653298,Left,2.7072233e-09,4.790852e-10,-3.3718872e-09,1.2785469e-09,3.069701e-09,1.6916202e-09,-2.1007633e-09,3.069701e-09
2025-10-28 20:37:08.657298,Left,1.0148677e-09,6.018484e-10,-1.7566938e-09,-1.4436478e-10,2.0422843e-09,1.1467343e-09,-1.9287285e-09,1.106529e-09
2025-10-28 20:37:08.661298,Left,2.0422843e-09,1.1467343e-09,-1.9287285e-09,-1.4436478e-10,2.0422843e-09,1.1467343e-09,-1.9287285e-09,2.0422843e-09
2025-10-28 20:37:08.665298,Left,1.0148677e-09,6.018484e-10,-1.7566938e-09,1.2785469e-09,3.069701e-09,1.6916202e-09,-2.1007633e-09,1.106529e-09
2025-10-28 20:37:08.669298,Left,1.0148677e-09,6.018484e-10,-1.7566938e-09,-1.6561149e-09,1.3773452e-09,1.8143833e-09,-4.8557003e-10,3.069701e-09
2025-10-28 20:37:08.673298,Left,2.7072233e-09,4.790852e-10,-3.3718872e-09,1.2785469e-09,3.069701e-09,1.6916202e-09,-2.1007633e-09,3.069701e-09
2025-10-28 20:37:08.686683,Left,-3.0723066,-355.7541,654.05743,1316.227,903.67737,968.63495,-585.1498,-482.5416
2025-10-28 20:37:08.690683,Left,-1.4436478e-10,2.0422843e-09,1.1467343e-09,-1.9287285e-09,1.8092424e-09,-2.0212818e-10,-3.8340415e-09,-9.611392e-10
2025-10-28 20:37:08.694683,Left,3.7028255e-10,2.9780396e-09,2.4462306e-09,-6.414671e-10,2.9780396e-09,2.4462306e-09,-6.414671e-10,-6.590121e-10
2025-10-28 20:37:08.698683,Left,-1.4436478e-10,2.0422843e-09,1.1467343e-09,-1.9287285e-09,2.0422843e-09,1.1467343e-09,-1.9287285e-09,-9.611392e-10
2025-10-28 20:37:08.702683,Left,-1.4436478e-10,2.0422843e-09,1.1467343e-09,-1.9287285e-09,2.0422843e-09,1.1467343e-09,-1.9287285e-09,1.3673853e-09
2025-10-28 20:37:08.706683,Left,-1.5672764e-09,1.0148677e-09,6.018484e-10,-1.7566938e-09,3.069701e-09,1.6916202e-09,-2.1007633e-09,-6.590121e-10
2025-10-28 20:37:08.710683,Left,-1.5672764e-09,1.0148677e-09,6.018484e-10,-1.7566938e-09,2.9780396e-09,2.4462306e-09,-6.414671e-10,-1.4436478e-10
2025-10-28 20:37:08.714683,Left,-1.4436478e-10,2.0422843e-09,1.1467343e-09,-1.9287285e-09,2.9780396e-09,2.4462306e-09,-6.414671e-10,-1.4436478e-10
2025-10-28 20:37:08.726912,Left,-1448.5059,170.52574,-163.48651,500.88263,-336.75098,-1564.6501,-2662.838,-1429.6044
2025-10-28 20:37:08.730912,Left,-2.3415695e-11,2.7072233e-09,4.790852e-10,-3.3718872e-09,-1.6561149e-09,1.3773452e-09,1.8143833e-09,-4.8557003e-10
2025-10-28 20:37:08.734912,Left,-3.2159901e-09,2.7072233e-09,4.790852e-10,-3.3718872e-09,-1.6561149e-09,1.3773452e-09,1.8143833e-09,-4.8557003e-10
2025-10-28 20:37:08.738912,Left,-2.3415695e-11,2.0422843e-09,1.1467343e-09,-1.9287285e-09,-1.6561149e-09,1.3773452e-09,1.8143833e-09,-4.8557003e-10
2025-10-28 20:37:08.742912,Left,-3.3718872e-09,1.0148677e-09,6.018484e-10,-1.7566938e-09,1.2785469e-09,3.069701e-09,1.6916202e-09,-2.1007633e-09
2025-10-28 20:37:08.746912,Left,-3.2159901e-09,2.0422843e-09,1.1467343e-09,-1.9287285e-09,-1.6561149e-09,1.3773452e-09,1.8143833e-09,-4.8557003e-10
2025-10-28 20:37:08.750912,Left,-1.9287285e-09,2.2753261e-09,2.4955966e-09,-2.3415695e-11,-1.4436478e-10,2.0422843e-09,1.1467343e-09,-1.9287285e-09
2025-10-28 20:37:08.754912,Left,-1.9287285e-09,1.0148677e-09,6.018484e-10,-1.7566938e-09,6.7240963e-10,1.8092424e-09,-2.0212818e-10,-3.8340415e-09
2025-10-28 20:37:08.768347,Left,1361.0011,517.2874,914.10236,-1621.5392,411.01935,-293.08075,-1664.271,-622.5527
2025-10-28 20:37:08.772347,Left,-1.9287285e-09,2.0422843e-09,1.1467343e-09,-1.9287285e-09,2.2753261e-09,2.4955966e-09,-2.3415695e-11,6.7240963e-10
2025-10-28 20:37:08.776347,Left,-4.8557003e-10,3.069701e-09,1.6916202e-09,-2.1007633e-09,2.2753261e-09,2.4955966e-09,-2.3415695e-11,3.7028255e-10
2025-10-28 20:37:08.780347,Left,-2.1007633e-09,2.0422843e-09,1.1467343e-09,-1.9287285e-09,2.2753261e-09,2.4955966e-09,-2.3415695e-11,-1.4436478e-10
2025-10-28 20:37:08.784347,Left,-1.9287285e-09,2.2753261e-09,2.4955966e-09,-2.3415695e-11,2.7072233e-09,4.790852e-10,-3.3718872e-09,-1.6561149e-09
2025-10-28 20:37:08.788347,Left,-2.3415695e-11,2.7072233e-09,4.790852e-10,-3.3718872e-09,2.2753261e-09,2.4955966e-09,-2.3415695e-11,6.7240963e-10
2025-10-28 20:37:08.792347,Left,-1.9287285e-09,3.069701e-09,1.6916202e-09,-2.1007633e-09,2.0422843e-09,1.1467343e-09,-1.9287285e-09,-1.4436478e-10
2025-10-28 20:37:08.796347,Left,-4.8557003e-10,3.069701e-09,1.6916202e-09,-2.1007633e-09,2.7072233e-09,4.790852e-10,-3.3718872e-09,-1.6561149e-09
2025-10-28 20:37:08.812311,Left,-1163.7687,-1699.9792,-1594.1284,1396.9235,279.76556,346.16074,-356.42136,-1107.7089
2025-10-28 20:37:08.816311,Left,-3.8340415e-09,1.3773452e-09,1.8143833e-09,-4.8557003e-10,-1.6186048e-09,-1.4436478e-10,2.0422843e-09,1.1467343e-09
2025-10-28 20:37:08.820311,Left,-6.414671e-10,1.3773452e-09,1.8143833e-09,-4.8557003e-10,-1.9502724e-09,3.7028255e-10,2.9780396e-09,2.4462306e-09
2025-10-28 20:37:08.824311,Left,-1.9287285e-09,3.069701e-09,1.6916202e-09,-2.1007633e-09,-3.2034209e-09,-1.6561149e-09,1.3773452e-09,1.8143833e-09
2025-10-28 20:37:08.828311,Left,-4.8557003e-10,1.8092424e-09,-2.0212818e-10,-3.8340415e-09,-1.6186048e-09,-1.4436478e-10,2.0422843e-09,1.1467343e-09
2025-10-28 20:37:08.832311,Left,-3.8340415e-09,1.8092424e-09,-2.0212818e-10,-3.8340415e-09,-6.15549e-10,1.2785469e-09,3.069701e-09,1.6916202e-09
2025-10-28 20:37:08.836311,Left,-1.9287285e-09,1.8092424e-09,-2.0212818e-10,-3.8340415e-09,-1.6186048e-09,-1.4436478e-10,2.0422843e-09,1.1467343e-09
2025-10-28 20:37:08.840311,Left,-4.8557003e-10,3.069701e-09,1.6916202e-09,-2.1007633e-09,-3.7640444e-10,6.7240963e-10,1.8092424e-09,-2.0212818e-10
2025-10-28 20:37:08.852477,Left,-267.34872,1894.2101,1551.5824,1886.1753,-182.70592,517.0301,1935.9236,2016.3251
2025-10-28 20:37:08.856477,Left,1.8143833e-09,-4.8557003e-10,3.069701e-09,1.6916202e-09,-2.1007633e-09,-1.5672764e-09,1.0148677e-09,6.018484e-10
2025-10-28 20:37:08.860477,Left,-2.0212818e-10,-3.8340415e-09,1.3773452e-09,1.8143833e-09,-4.8557003e-10,-1.5672764e-09,1.0148677e-09,6.018484e-10
2025-10-28 20:37:08.864477,Left,1.8143833e-09,-4.8557003e-10,2.0422843e-09,1.1467343e-09,-1.9287285e-09,-1.5672764e-09,1.0148677e-09,6.018484e-10
2025-10-28 20:37:08.868477,Left,1.6916202e-09,-2.1007633e-09,1.3773452e-09,1.8143833e-09,-4.8557003e-10,-1.4436478e-10,2.0422843e-09,1.1467343e-09
2025-10-28 20:37:08.872477,Left,-1.5276205e-10,-3.2159901e-09,3.069701e-09,1.6916202e-09,-2.1007633e-09,1.3673853e-09,2.7072233e-09,4.790852e-10
2025-10-28 20:37:08.876477,Left,1.1467343e-09,-1.9287285e-09,2.0422843e-09,1.1467343e-09,-1.9287285e-09,-1.5672764e-09,1.0148677e-09,6.018484e-10
2025-10-28 20:37:08.880477,Left,1.6916202e-09,-2.1007633e-09,1.106529e-09,-1.5276205e-10,-3.2159901e-09,-1.4436478e-10,2.0422843e-09,1.1467343e-09
2025-10-28 20:37:08.895190,Left,-130.80898,-182.0189,-693.0922,-904.70886,1028.2924,395.91367,-527.54675,-114.18346
2025-10-28 20:37:08.899190,Left,2.4462306e-09,-6.414671e-10,2.0422843e-09,1.1467343e-09,-1.9287285e-09,-1.4436478e-10,2.0422843e-09,1.1467343e-09
2025-10-28 20:37:08.903190,Left,2.4462306e-09,-6.414671e-10,2.9780396e-09,2.4462306e-09,-6.414671e-10,-1.6561149e-09,1.3773452e-09,1.8143833e-09
2025-10-28 20:37:08.907190,Left,2.4462306e-09,-6.414671e-10,1.8092424e-09,-2.0212818e-10,-3.8340415e-09,-9.611392e-10,2.2753261e-09,2.4955966e-09
2025-10-28 20:37:08.911190,Left,1.1467343e-09,-1.9287285e-09,2.0422843e-09,1.1467343e-09,-1.9287285e-09,-1.4436478e-10,2.0422843e-09,1.1467343e-09
2025-10-28 20:37:08.915190,Left,1.8143833e-09,-4.8557003e-10,1.8092424e-09,-2.0212818e-10,-3.8340415e-09,-9.611392e-10,2.2753261e-09,2.4955966e-09
2025-10-28 20:37:08.919190,Left,2.4462306e-09,-6.414671e-10,2.9780396e-09,2.4462306e-09,-6.414671e-10,-1.4436478e-10,2.0422843e-09,1.1467343e-09
2025-10-28 20:37:08.923190,Left,-2.0212818e-10,-3.8340415e-09,1.3773452e-09,1.8143833e-09,-4.8557003e-10,-1.4436478e-10,2.0422843e-09,1.1467343e-09
2025-10-28 20:37:08.935386,Left,389.64355,1000.0238,2411.627,2165.829,1515.7836,-30.522156,489.46915,988.2707
2025-10-28 20:37:08.939386,Left,1.8092424e-09,-2.0212818e-10,-3.8340415e-09,1.3773452e-09,1.8143833e-09,-4.8557003e-10,3.069701e-09,1.6916202e-09
2025-10-28 20:37:08.943386,Left,2.9780396e-09,2.4462306e-09,-6.414671e-10,1.3773452e-09,1.8143833e-09,-4.8557003e-10,1.3773452e-09,1.8143833e-09
2025-10-28 20:37:08.947386,Left,2.0422843e-09,1.1467343e-09,-1.9287285e-09,1.3773452e-09,1.8143833e-09,-4.8557003e-10,3.069701e-09,1.6916202e-09
2025-10-28 20:37:08.951386,Left,2.0422843e-09,1.1467343e-09,-1.9287285e-09,3.069701e-09,1.6916202e-09,-2.1007633e-09,1.106529e-09,-1.5276205e-10
2025-10-28 20:37:08.955386,Left,2.9780396e-09,2.4462306e-09,-6.414671e-10,1.106529e-09,-1.5276205e-10,-3.2159901e-09,3.069701e-09,1.6916202e-09
2025-10-28 20:37:08.959386,Left,2.0422843e-09,1.1467343e-09,-1.9287285e-09,1.8092424e-09,-2.0212818e-10,-3.8340415e-09,3.069701e-09,1.6916202e-09
2025-10-28 20:37:08.963386,Left,1.3773452e-09,1.8143833e-09,-4.8557003e-10,2.0422843e-09,1.1467343e-09,-1.9287285e-09,1.3773452e-09,1.8143833e-09
2025-10-28 20:37:08.965551,Left,-312.39865,86.05859,1008.386,244.52782,-923.8189,-1036.8301,-280.1775,-593.84045
2025-10-28 20:37:08.969551,Left,1.0148677e-09,6.018484e-10,-1.7566938e-09,1.2785469e-09,3.069701e-09,1.6916202e-09,-2.1007633e-09,1.106529e-09
2025-10-28 20:37:08.973551,Left,1.0148677e-09,6.018484e-10,-1.7566938e-09,1.2785469e-09,3.069701e-09,1.6916202e-09,-2.1007633e-09,1.106529e-09
2025-10-28 20:37:08.977551,Left,1.0148677e-09,6.018484e-10,-1.7566938e-09,-1.4436478e-10,2.0422843e-09,1.1467343e-09,-1.9287285e-09,1.106529e-09
2025-10-28 20:37:08.981551,Left,2.0422843e-09,1.1467343e-09,-1.9287285e-09,1.2785469e-09,3.069701e-09,1.6916202e-09,-2.1007633e-09,2.0422843e-09
2025-10-28 20:37:08.985551,Left,1.0148677e-09,6.018484e-10,-1.7566938e-09,-1.6561149e-09,1.3773452e-09,1.8143833e-09,-4.8557003e-10,1.106529e-09
2025-10-28 20:37:08.989551,Left,1.0148677e-09,6.018484e-10,-1.7566938e-09,-1.4436478e-10,2.0422843e-09,1.1467343e-09,-1.9287285e-09,2.0422843e-09
2025-10-28 20:37:08.993551,Left,2.0422843e-09,1.1467343e-09,-1.9287285e-09,-1.6561149e-09,1.3773452e-09,1.8143833e-09,-4.8557003e-10,2.2753261e-09
2025-10-28 20:37:09.005781,Left,-2064.2976,-754.3651,-719.4697,-2250.945,-1168.4948,-1456.6393,-1569.5569,-2227.3787
2025-10-28 20:37:09.009781,Left,-1.4436478e-10,2.0422843e-09,1.1467343e-09,-1.9287285e-09,1.8092424e-09,-2.0212818e-10,-3.8340415e-09,2.0422843e-09
2025-10-28 20:37:09.013781,Left,3.7028255e-10,2.9780396e-09,2.4462306e-09,-6.414671e-10,1.8092424e-09,-2.0212818e-10,-3.8340415e-09,1.0148677e-09
2025-10-28 20:37:09.017781,Left,-1.4436478e-10,2.0422843e-09,1.1467343e-09,-1.9287285e-09,2.0422843e-09,1.1467343e-09,-1.9287285e-09,1.3773452e-09
2025-10-28 20:37:09.021781,Left,6.7240963e-10,1.8092424e-09,-2.0212818e-10,-3.8340415e-09,2.0422843e-09,1.1467343e-09,-1.9287285e-09,2.0422843e-09
2025-10-28 20:37:09.025781,Left,-1.6561149e-09,1.3773452e-09,1.8143833e-09,-4.8557003e-10,3.069701e-09,1.6916202e-09,-2.1007633e-09,1.106529e-09
2025-10-28 20:37:09.029781,Left,-1.5672764e-09,1.0148677e-09,6.018484e-10,-1.7566938e-09,2.0422843e-09,1.1467343e-09,-1.9287285e-09,1.8092424e-09
2025-10-28 20:37:09.033781,Left,-1.4436478e-10,2.0422843e-09,1.1467343e-09,-1.9287285e-09,2.0422843e-09,1.1467343e-09,-1.9287285e-09,3.069701e-09
2025-10-28 20:37:09.048314,Left,-536.4224,-1499.3137,-1229.286,189.29126,172.70601,307.61438,-646.24915,-353.66693
2025-10-28 20:37:09.052314,Left,-1.4436478e-10,2.0422843e-09,1.1467343e-09,-1.9287285e-09,2.0422843e-09,1.1467343e-09,-1.9287285e-09,1.2785469e-09
2025-10-28 20:37:09.056314,Left,1.3673853e-09,2.7072233e-09,4.790852e-10,-3.3718872e-09,2.7072233e-09,4.790852e-10,-3.3718872e-09,-1.6561149e-09
2025-10-28 20:37:09.060314,Left,-1.4436478e-10,2.0422843e-09,1.1467343e-09,-1.9287285e-09,1.0148677e-09,6.018484e-10,-1.7566938e-09,-1.4436478e-10
2025-10-28 20:37:09.064314,Left,-1.4436478e-10,2.0422843e-09,1.1467343e-09,-1.9287285e-09,2.0422843e-09,1.1467343e-09,-1.9287285e-09,-1.4436478e-10
2025-10-28 20:37:09.068314,Left,-9.611392e-10,2.2753261e-09,2.4955966e-09,-2.3415695e-11,2.7072233e-09,4.790852e-10,-3.3718872e-09,1.2785469e-09
2025-10-28 20:37:09.072314,Left,-9.611392e-10,2.2753261e-09,2.4955966e-09,-2.3415695e-11,2.7072233e-09,4.790852e-10,-3.3718872e-09,-1.4436478e-10
2025-10-28 20:37:09.076314,Left,-1.5672764e-09,1.0148677e-09,6.018484e-10,-1.7566938e-09,2.0422843e-09,1.1467343e-09,-1.9287285e-09,-1.4436478e-10
2025-10-28 20:37:09.088394,Left,-180.3441,651.42065,589.79364,403.8771,681.9243,536.9047,604.86194,793.36176
2025-10-28 20:37:09.092394,Left,-2.1007633e-09,2.0422843e-09,1.1467343e-09,-1.9287285e-09,3.7028255e-10,2.9780396e-09,2.4462306e-09,-6.414671e-10
2025-10-28 20:37:09.096394,Left,-4.8557003e-10,3.069701e-09,1.6916202e-09,-2.1007633e-09,-1.5672764e-09,1.0148677e-09,6.018484e-10,-1.7566938e-09
2025-10-28 20:37:09.100394,Left,-1.9287285e-09,1.106529e-09,-1.5276205e-10,-3.2159901e-09,-1.4436478e-10,2.0422843e-09,1.1467343e-09,-1.9287285e-09
2025-10-28 20:37:09.104394,Left,-1.9287285e-09,2.0422843e-09,1.1467343e-09,-1.9287285e-09,-1.4436478e-10,2.0422843e-09,1.1467343e-09,-1.9287285e-09
2025-10-28 20:37:09.108394,Left,-2.1007633e-09,3.069701e-09,1.6916202e-09,-2.1007633e-09,3.7028255e-10,2.9780396e-09,2.4462306e-09,-6.414671e-10
2025-10-28 20:37:09.112394,Left,-1.9287285e-09,2.0422843e-09,1.1467343e-09,-1.9287285e-09,-1.5672764e-09,1.0148677e-09,6.018484e-10,-1.7566938e-09
2025-10-28 20:37:09.116394,Left,-1.9287285e-09,3.069701e-09,1.6916202e-09,-2.1007633e-09,6.7240963e-10,1.8092424e-09,-2.0212818e-10,-3.8340415e-09
2025-10-28 20:37:09.131073,Left,979.3673,653.0987,618.2267,540.6844,486.95126,835.3374,541.0466,348.17337
2025-10-28 20:37:09.135073,Left,-1.9287285e-09,-9.611392e-10,2.2753261e-09,2.4955966e-09,-2.3415695e-11,2.0422843e-09,1.1467343e-09,-1.9287285e-09
2025-10-28 20:37:09.139073,Left,-3.8340415e-09,-9.611392e-10,2.2753261e-09,2.4955966e-09,-2.3415695e-11,2.7072233e-09,4.790852e-10,-3.3718872e-09
2025-10-28 20:37:09.143073,Left,-1.9287285e-09,-9.611392e-10,2.2753261e-09,2.4955966e-09,-2.3415695e-11,2.7072233e-09,4.790852e-10,-3.3718872e-09
2025-10-28 20:37:09.147073,Left,-1.9287285e-09,-1.4436478e-10,2.0422843e-09,1.1467343e-09,-1.9287285e-09,2.0422843e-09,1.1467343e-09,-1.9287285e-09
2025-10-28 20:37:09.151073,Left,-2.1007633e-09,-6.590121e-10,1.106529e-09,-1.5276205e-10,-3.2159901e-09,2.9780396e-09,2.4462306e-09,-6.414671e-10
2025-10-28 20:37:09.155073,Left,-1.9287285e-09,-1.4436478e-10,2.0422843e-09,1.1467343e-09,-1.9287285e-09,2.0422843e-09,1.1467343e-09,-1.9287285e-09
2025-10-28 20:37:09.159073,Left,-1.9287285e-09,-9.611392e-10,2.2753261e-09,2.4955966e-09,-2.3415695e-11,1.0148677e-09,6.018484e-10,-1.7566938e-09
2025-10-28 20:37:09.171224,Left,16625.951,19970.129,15486.198,7067.826,-3667.7156,-11155.981,-12995.171,-10509.27
2025-10-28 20:37:09.175224,Left,1.1467343e-09,-1.9287285e-09,1.3673853e-09,2.7072233e-09,4.790852e-10,-3.3718872e-09,1.0148677e-09,6.018484e-10
2025-10-28 20:37:09.179224,Left,1.8143833e-09,-4.8557003e-10,-9.611392e-10,2.2753261e-09,2.4955966e-09,-2.3415695e-11,2.7072233e-09,4.790852e-10
2025-10-28 20:37:09.183224,Left,1.1467343e-09,-1.9287285e-09,-1.4436478e-10,2.0422843e-09,1.1467343e-09,-1.9287285e-09,2.0422843e-09,1.1467343e-09
2025-10-28 20:37:09.187224,Left,1.1467343e-09,-1.9287285e-09,-1.4436478e-10,2.0422843e-09,1.1467343e-09,-1.9287285e-09,2.0422843e-09,1.1467343e-09
2025-10-28 20:37:09.191224,Left,-2.0212818e-10,-3.8340415e-09,-9.611392e-10,2.2753261e-09,2.4955966e-09,-2.3415695e-11,1.8092424e-09,-2.0212818e-10
2025-10-28 20:37:09.195224,Left,4.790852e-10,-3.3718872e-09,-9.611392e-10,2.2753261e-09,2.4955966e-09,-2.3415695e-11,2.7072233e-09,4.790852e-10
2025-10-28 20:37:09.199224,Left,1.8143833e-09,-4.8557003e-10,1.3673853e-09,2.7072233e-09,4.790852e-10,-3.3718872e-09,2.9780396e-09,2.4462306e-09
2025-10-28 20:37:09.213943,Left,-12858.754,-15078.022,-11433.678,-8837.488,-8744.775,-9770.649,-6800.4316,-5201.413
2025-10-28 20:37:09.217943,Left,2.4462306e-09,-6.414671e-10,-1.4436478e-10,2.0422843e-09,1.1467343e-09,-1.9287285e-09,2.2753261e-09,2.4955966e-09
2025-10-28 20:37:09.221943,Left,6.018484e-10,-1.7566938e-09,1.2785469e-09,3.069701e-09,1.6916202e-09,-2.1007633e-09,2.2753261e-09,2.4955966e-09
2025-10-28 20:37:09.225943,Left,1.1467343e-09,-1.9287285e-09,-1.4436478e-10,2.0422843e-09,1.1467343e-09,-1.9287285e-09,2.2753261e-09,2.4955966e-09
2025-10-28 20:37:09.229943,Left,-2.0212818e-10,-3.8340415e-09,-1.4436478e-10,2.0422843e-09,1.1467343e-09,-1.9287285e-09,2.0422843e-09,1.1467343e-09
2025-10-28 20:37:09.233943,Left,6.018484e-10,-1.7566938e-09,-6.590121e-10,1.106529e-09,-1.5276205e-10,-3.2159901e-09,2.2753261e-09,2.4955966e-09
2025-10-28 20:37:09.237943,Left,1.1467343e-09,-1.9287285e-09,-1.4436478e-10,2.0422843e-09,1.1467343e-09,-1.9287285e-09,2.0422843e-09,1.1467343e-09
2025-10-28 20:37:09.241943,Left,6.018484e-10,-1.7566938e-09,-1.4436478e-10,2.0422843e-09,1.1467343e-09,-1.9287285e-09,1.106529e-09,-1.5276205e-10
2025-10-28 20:37:09.254113,Left,715.1524,1145.7644,2847.4062,3586.0566,5723.9893,8133.377,7901.9473,7629.526
2025-10-28 20:37:09.258113,Left,1.8092424e-09,-2.0212818e-10,-3.8340415e-09,2.0422843e-09,1.1467343e-09,-1.9287285e-09,2.0422843e-09,1.1467343e-09
2025-10-28 20:37:09.262113,Left,2.9780396e-09,2.4462306e-09,-6.414671e-10,1.3773452e-09,1.8143833e-09,-4.8557003e-10,3.069701e-09,1.6916202e-09
2025-10-28 20:37:09.266113,Left,2.0422843e-09,1.1467343e-09,-1.9287285e-09,2.0422843e-09,1.1467343e-09,-1.9287285e-09,2.0422843e-09,1.1467343e-09
2025-10-28 20:37:09.270113,Left,1.3773452e-09,1.8143833e-09,-4.8557003e-10,2.0422843e-09,1.1467343e-09,-1.9287285e-09,2.0422843e-09,1.1467343e-09
2025-10-28 20:37:09.274113,Left,2.9780396e-09,2.4462306e-09,-6.414671e-10,1.8092424e-09,-2.0212818e-10,-3.8340415e-09,1.3773452e-09,1.8143833e-09
2025-10-28 20:37:09.278113,Left,2.0422843e-09,1.1467343e-09,-1.9287285e-09,3.069701e-09,1.6916202e-09,-2.1007633e-09,1.3773452e-09,1.8143833e-09
2025-10-28 20:37:09.282113,Left,2.9780396e-09,2.4462306e-09,-6.414671e-10,3.069701e-09,1.6916202e-09,-2.1007633e-09,1.106529e-09,-1.5276205e-10
2025-10-28 20:37:09.282967,Left,8490.903,7928.838,4510.8633,5221.2153,4830.9917,5616.373,4988.4404,3286.3367
2025-10-28 20:37:09.286967,Left,2.0422843e-09,1.1467343e-09,-1.9287285e-09,2.9780396e-09,2.4462306e-09,-6.414671e-10,-1.4436478e-10,2.0422843e-09
2025-10-28 20:37:09.290967,Left,1.0148677e-09,6.018484e-10,-1.7566938e-09,2.9780396e-09,2.4462306e-09,-6.414671e-10,1.2785469e-09,3.069701e-09
2025-10-28 20:37:09.294967,Left,2.0422843e-09,1.1467343e-09,-1.9287285e-09,2.9780396e-09,2.4462306e-09,-6.414671e-10,-1.4436478e-10,2.0422843e-09
2025-10-28 20:37:09.298967,Left,2.9780396e-09,2.4462306e-09,-6.414671e-10,1.0148677e-09,6.018484e-10,-1.7566938e-09,-1.4436478e-10,2.0422843e-09
2025-10-28 20:37:09.302967,Left,1.0148677e-09,6.018484e-10,-1.7566938e-09,2.0422843e-09,1.1467343e-09,-1.9287285e-09,-1.4436478e-10,2.0422843e-09
2025-10-28 20:37:09.306967,Left,2.0422843e-09,1.1467343e-09,-1.9287285e-09,2.0422843e-09,1.1467343e-09,-1.9287285e-09,1.2785469e-09,3.069701e-09
2025-10-28 20:37:09.310967,Left,1.0148677e-09,6.018484e-10,-1.7566938e-09,2.9780396e-09,2.4462306e-09,-6.414671e-10,1.2785469e-09,3.069701e-09
2025-10-28 20:37:09.328863,Left,2751.5466,908.1751,-265.72366,663.1499,-1514.9077,-1121.8456,133.85365,-350.4923
2025-10-28 20:37:09.332863,Left,-1.4436478e-10,2.0422843e-09,1.1467343e-09,-1.9287285e-09,2.0422843e-09,1.1467343e-09,-1.9287285e-09,-1.9502724e-09
2025-10-28 20:37:09.336863,Left,3.7028255e-10,2.9780396e-09,2.4462306e-09,-6.414671e-10,2.9780396e-09,2.4462306e-09,-6.414671e-10,-2.6216604e-09
2025-10-28 20:37:09.340863,Left,-1.5672764e-09,1.0148677e-09,6.018484e-10,-1.7566938e-09,2.0422843e-09,1.1467343e-09,-1.9287285e-09,-1.6186048e-09
2025-10-28 20:37:09.344863,Left,-1.4436478e-10,2.0422843e-09,1.1467343e-09,-1.9287285e-09,2.0422843e-09,1.1467343e-09,-1.9287285e-09,-1.6186048e-09
2025-10-28 20:37:09.348863,Left,-1.5672764e-09,1.0148677e-09,6.018484e-10,-1.7566938e-09,1.8092424e-09,-2.0212818e-10,-3.8340415e-09,-2.6216604e-09
2025-10-28 20:37:09.352863,Left,3.7028255e-10,2.9780396e-09,2.4462306e-09,-6.414671e-10,2.0422843e-09,1.1467343e-09,-1.9287285e-09,-2.6216604e-09
2025-10-28 20:37:09.356863,Left,-1.4436478e-10,2.0422843e-09,1.1467343e-09,-1.9287285e-09,1.3773452e-09,1.8143833e-09,-4.8557003e-10,-1.6186048e-09
2025-10-28 20:37:09.370343,Left,-3357.7705,-1264.2344,-2488.0005,-2491.482,-2930.9556,-2040.4001,-2105.0554,-3522.018
2025-10-28 20:37:09.374343,Left,2.4462306e-09,-6.414671e-10,1.8092424e-09,-2.0212818e-10,-3.8340415e-09,2.0422843e-09,1.1467343e-09,-1.9287285e-09
2025-10-28 20:37:09.378343,Left,6.018484e-10,-1.7566938e-09,2.9780396e-09,2.4462306e-09,-6.414671e-10,1.0148677e-09,6.018484e-10,-1.7566938e-09
2025-10-28 20:37:09.382343,Left,1.1467343e-09,-1.9287285e-09,2.9780396e-09,2.4462306e-09,-6.414671e-10,2.0422843e-09,1.1467343e-09,-1.9287285e-09
2025-10-28 20:37:09.386343,Left,1.1467343e-09,-1.9287285e-09,2.0422843e-09,1.1467343e-09,-1.9287285e-09,3.069701e-09,1.6916202e-09,-2.1007633e-09
2025-10-28 20:37:09.390343,Left,6.018484e-10,-1.7566938e-09,1.8092424e-09,-2.0212818e-10,-3.8340415e-09,1.3773452e-09,1.8143833e-09,-4.8557003e-10
2025-10-28 20:37:09.394343,Left,6.018484e-10,-1.7566938e-09,2.0422843e-09,1.1467343e-09,-1.9287285e-09,1.8092424e-09,-2.0212818e-10,-3.8340415e-09
2025-10-28 20:37:09.398343,Left,1.1467343e-09,-1.9287285e-09,1.8092424e-09,-2.0212818e-10,-3.8340415e-09,1.3773452e-09,1.8143833e-09,-4.8557003e-10
2025-10-28 20:37:09.411855,Left,-1874.9755,-2394.9282,-2041.0874,-2266.324,-1316.8633,-1053.3281,-1359.4565,-1389.282
2025-10-28 20:37:09.415855,Left,1.1467343e-09,-1.9287285e-09,2.0422843e-09,1.1467343e-09,-1.9287285e-09,-1.4436478e-10,2.0422843e-09,1.1467343e-09
2025-10-28 20:37:09.419855,Left,4.790852e-10,-3.3718872e-09,1.0148677e-09,6.018484e-10,-1.7566938e-09,-1.6561149e-09,1.3773452e-09,1.8143833e-09
2025-10-28 20:37:09.423855,Left,1.1467343e-09,-1.9287285e-09,2.0422843e-09,1.1467343e-09,-1.9287285e-09,-1.4436478e-10,2.0422843e-09,1.1467343e-09
2025-10-28 20:37:09.427855,Left,6.018484e-10,-1.7566938e-09,2.0422843e-09,1.1467343e-09,-1.9287285e-09,-1.4436478e-10,2.0422843e-09,1.1467343e-09
2025-10-28 20:37:09.431855,Left,4.790852e-10,-3.3718872e-09,1.0148677e-09,6.018484e-10,-1.7566938e-09,-1.6561149e-09,1.3773452e-09,1.8143833e-09
2025-10-28 20:37:09.435855,Left,2.4955966e-09,-2.3415695e-11,2.0422843e-09,1.1467343e-09,-1.9287285e-09,-1.4436478e-10,2.0422843e-09,1.1467343e-09
2025-10-28 20:37:09.439855,Left,2.4955966e-09,-2.3415695e-11,2.0422843e-09,1.1467343e-09,-1.9287285e-09,-1.6561149e-09,1.3773452e-09,1.8143833e-09
2025-10-28 20:37:09.450814,Left,506.02057,613.85956,1206.7354,1321.428,456.6043,1432.0469,2005.4083,2162.2258
2025-10-28 20:37:09.454814,Left,-1.5276205e-10,-3.2159901e-09,2.0422843e-09,1.1467343e-09,-1.9287285e-09,-1.4436478e-10,2.0422843e-09,1.1467343e-09
2025-10-28 20:37:09.458814,Left,1.6916202e-09,-2.1007633e-09,1.106529e-09,-1.5276205e-10,-3.2159901e-09,6.7240963e-10,1.8092424e-09,-2.0212818e-10
2025-10-28 20:37:09.462814,Left,1.1467343e-09,-1.9287285e-09,1.106529e-09,-1.5276205e-10,-3.2159901e-09,-1.4436478e-10,2.0422843e-09,1.1467343e-09
2025-10-28 20:37:09.466814,Left,2.4955966e-09,-2.3415695e-11,2.7072233e-09,4.790852e-10,-3.3718872e-09,-1.4436478e-10,2.0422843e-09,1.1467343e-09
2025-10-28 20:37:09.470814,Left,-1.5276205e-10,-3.2159901e-09,1.0148677e-09,6.018484e-10,-1.7566938e-09,3.7028255e-10,2.9780396e-09,2.4462306e-09
2025-10-28 20:37:09.474814,Left,-1.5276205e-10,-3.2159901e-09,1.106529e-09,-1.5276205e-10,-3.2159901e-09,6.7240963e-10,1.8092424e-09,-2.0212818e-10
2025-10-28 20:37:09.478814,Left,2.4955966e-09,-2.3415695e-11,2.0422843e-09,1.1467343e-09,-1.9287285e-09,-1.4436478e-10,2.0422843e-09,1.1467343e-09
2025-10-28 20:37:09.492310,Left,937.99133,1553.015,965.5665,927.38367,1027.5983,-188.98192,-673.81165,-685.3002
2025-10-28 20:37:09.496310,Left,1.8143833e-09,-4.8557003e-10,3.069701e-09,1.6916202e-09,-2.1007633e-09,-1.4436478e-10,2.0422843e-09,1.1467343e-09
2025-10-28 20:37:09.500310,Left,1.8143833e-09,-4.8557003e-10,1.3773452e-09,1.8143833e-09,-4.8557003e-10,-1.5672764e-09,1.0148677e-09,6.018484e-10
2025-10-28 20:37:09.504310,Left,1.8143833e-09,-4.8557003e-10,2.0422843e-09,1.1467343e-09,-1.9287285e-09,1.3673853e-09,2.7072233e-09,4.790852e-10
2025-10-28 20:37:09.508310,Left,1.1467343e-09,-1.9287285e-09,3.069701e-09,1.6916202e-09,-2.1007633e-09,-1.4436478e-10,2.0422843e-09,1.1467343e-09
2025-10-28 20:37:09.512310,Left,1.8143833e-09,-4.8557003e-10,1.3773452e-09,1.8143833e-09,-4.8557003e-10,1.3673853e-09,2.7072233e-09,4.790852e-10
2025-10-28 20:37:09.516310,Left,1.1467343e-09,-1.9287285e-09,2.0422843e-09,1.1467343e-09,-1.9287285e-09,-1.4436478e-10,2.0422843e-09,1.1467343e-09
2025-10-28 20:37:09.520310,Left,-2.0212818e-10,-3.8340415e-09,1.106529e-09,-1.5276205e-10,-3.2159901e-09,-1.5672764e-09,1.0148677e-09,6.018484e-10
2025-10-28 20:37:09.533777,Left,-409.59695,-1345.1897,-1058.2278,-398.92386,-256.3009,-999.03796,-548.5939,-255.78044
2025-10-28 20:37:09.537777,Left,2.4462306e-09,-6.414671e-10,-6.590121e-10,1.106529e-09,-1.5276205e-10,-3.2159901e-09,2.0422843e-09,1.1467343e-09
2025-10-28 20:37:09.541777,Left,2.4462306e-09,-6.414671e-10,1.2785469e-09,3.069701e-09,1.6916202e-09,-2.1007633e-09,1.106529e-09,-1.5276205e-10
2025-10-28 20:37:09.545777,Left,1.1467343e-09,-1.9287285e-09,-6.590121e-10,1.106529e-09,-1.5276205e-10,-3.2159901e-09,2.0422843e-09,1.1467343e-09
2025-10-28 20:37:09.549777,Left,1.1467343e-09,-1.9287285e-09,-1.4436478e-10,2.0422843e-09,1.1467343e-09,-1.9287285e-09,1.106529e-09,-1.5276205e-10
2025-10-28 20:37:09.553777,Left,2.4462306e-09,-6.414671e-10,-6.590121e-10,1.106529e-09,-1.5276205e-10,-3.2159901e-09,1.0148677e-09,6.018484e-10
2025-10-28 20:37:09.557777,Left,1.1467343e-09,-1.9287285e-09,-1.4436478e-10,2.0422843e-09,1.1467343e-09,-1.9287285e-09,2.0422843e-09,1.1467343e-09
2025-10-28 20:37:09.561777,Left,-2.0212818e-10,-3.8340415e-09,-6.590121e-10,1.106529e-09,-1.5276205e-10,-3.2159901e-09,2.2753261e-09,2.4955966e-09
2025-10-28 20:37:09.561413,Left,-559.24915,-425.89117,176.4212,-200.19614,-940.48737,-1157.6569,-761.6593,-421.6283
2025-10-28 20:37:09.565413,Left,1.8092424e-09,-2.0212818e-10,-3.8340415e-09,1.3773452e-09,1.8143833e-09,-4.8557003e-10,1.3673853e-09,2.7072233e-09
2025-10-28 20:37:09.569413,Left,2.9780396e-09,2.4462306e-09,-6.414671e-10,1.3773452e-09,1.8143833e-09,-4.8557003e-10,-9.611392e-10,2.2753261e-09
2025-10-28 20:37:09.573413,Left,2.0422843e-09,1.1467343e-09,-1.9287285e-09,3.069701e-09,1.6916202e-09,-2.1007633e-09,-1.4436478e-10,2.0422843e-09
2025-10-28 20:37:09.577413,Left,2.0422843e-09,1.1467343e-09,-1.9287285e-09,3.069701e-09,1.6916202e-09,-2.1007633e-09,1.3673853e-09,2.7072233e-09
2025-10-28 20:37:09.581413,Left,2.9780396e-09,2.4462306e-09,-6.414671e-10,2.0422843e-09,1.1467343e-09,-1.9287285e-09,-9.611392e-10,2.2753261e-09
2025-10-28 20:37:09.585413,Left,2.0422843e-09,1.1467343e-09,-1.9287285e-09,2.0422843e-09,1.1467343e-09,-1.9287285e-09,-1.4436478e-10,2.0422843e-09
2025-10-28 20:37:09.589413,Left,2.0422843e-09,1.1467343e-09,-1.9287285e-09,3.069701e-09,1.6916202e-09,-2.1007633e-09,1.3673853e-09,2.7072233e-09
2025-10-28 20:37:09.601526,Left,985.18695,1316.0303,762.20355,1147.3408,743.0929,316.62686,688.3019,911.6058
2025-10-28 20:37:09.605526,Left,2.0422843e-09,1.1467343e-09,-1.9287285e-09,2.0422843e-09,1.1467343e-09,-1.9287285e-09,-1.4436478e-10,2.0422843e-09
2025-10-28 20:37:09.609526,Left,1.0148677e-09,6.018484e-10,-1.7566938e-09,2.9780396e-09,2.4462306e-09,-6.414671e-10,-6.590121e-10,1.106529e-09
2025-10-28 20:37:09.613526,Left,2.0422843e-09,1.1467343e-09,-1.9287285e-09,1.8092424e-09,-2.0212818e-10,-3.8340415e-09,-1.4436478e-10,2.0422843e-09
2025-10-28 20:37:09.617526,Left,2.9780396e-09,2.4462306e-09,-6.414671e-10,2.0422843e-09,1.1467343e-09,-1.9287285e-09,-6.590121e-10,1.106529e-09
2025-10-28 20:37:09.621526,Left,1.0148677e-09,6.018484e-10,-1.7566938e-09,2.0422843e-09,1.1467343e-09,-1.9287285e-09,-6.590121e-10,1.106529e-09
2025-10-28 20:37:09.625526,Left,1.0148677e-09,6.018484e-10,-1.7566938e-09,2.0422843e-09,1.1467343e-09,-1.9287285e-09,-1.4436478e-10,2.0422843e-09
2025-10-28 20:37:09.629526,Left,2.7072233e-09,4.790852e-10,-3.3718872e-09,2.0422843e-09,1.1467343e-09,-1.9287285e-09,-9.611392e-10,2.2753261e-09
2025-10-28 20:37:09.641733,Left,428.42993,87.27457,902.4705,848.80524,-119.17649,-453.3152,446.82706,-310.3282
2025-10-28 20:37:09.645733,Left,2.2753261e-09,2.4955966e-09,-2.3415695e-11,6.7240963e-10,1.8092424e-09,-2.0212818e-10,-3.8340415e-09,2.0422843e-09
2025-10-28 20:37:09.649733,Left,1.106529e-09,-1.5276205e-10,-3.2159901e-09,3.7028255e-10,2.9780396e-09,2.4462306e-09,-6.414671e-10,1.8092424e-09
2025-10-28 20:37:09.653733,Left,1.106529e-09,-1.5276205e-10,-3.2159901e-09,-1.4436478e-10,2.0422843e-09,1.1467343e-09,-1.9287285e-09,2.0422843e-09
2025-10-28 20:37:09.657733,Left,2.7072233e-09,4.790852e-10,-3.3718872e-09,-1.4436478e-10,2.0422843e-09,1.1467343e-09,-1.9287285e-09,3.069701e-09
2025-10-28 20:37:09.661733,Left,2.0422843e-09,1.1467343e-09,-1.9287285e-09,6.7240963e-10,1.8092424e-09,-2.0212818e-10,-3.8340415e-09,1.3773452e-09
2025-10-28 20:37:09.665733,Left,2.0422843e-09,1.1467343e-09,-1.9287285e-09,3.7028255e-10,2.9780396e-09,2.4462306e-09,-6.414671e-10,2.0422843e-09
2025-10-28 20:37:09.669733,Left,2.2753261e-09,2.4955966e-09,-2.3415695e-11,6.7240963e-10,1.8092424e-09,-2.0212818e-10,-3.8340415e-09,3.069701e-09
2025-10-28 20:37:09.683011,Left,126.01876,-139.74081,-1424.1263,-978.8145,-116.87538,-255.52165,-1162.7534,-834.0715
2025-10-28 20:37:09.687011,Left,2.0422843e-09,1.1467343e-09,-1.9287285e-09,-1.4436478e-10,2.0422843e-09,1.1467343e-09,-1.9287285e-09,2.0422843e-09
2025-10-28 20:37:09.691011,Left,3.069701e-09,1.6916202e-09,-2.1007633e-09,1.3673853e-09,2.7072233e-09,4.790852e-10,-3.3718872e-09,1.0148677e-09
2025-10-28 20:37:09.695011,Left,2.0422843e-09,1.1467343e-09,-1.9287285e-09,1.3673853e-09,2.7072233e-09,4.790852e-10,-3.3718872e-09,2.0422843e-09
2025-10-28 20:37:09.699011,Left,2.0422843e-09,1.1467343e-09,-1.9287285e-09,-1.4436478e-10,2.0422843e-09,1.1467343e-09,-1.9287285e-09,2.9780396e-09
2025-10-28 20:37:09.703011,Left,1.3773452e-09,1.8143833e-09,-4.8557003e-10,6.7240963e-10,1.8092424e-09,-2.0212818e-10,-3.8340415e-09,2.9780396e-09
2025-10-28 20:37:09.707011,Left,1.3773452e-09,1.8143833e-09,-4.8557003e-10,-1.4436478e-10,2.0422843e-09,1.1467343e-09,-1.9287285e-09,2.0422843e-09
2025-10-28 20:37:09.711011,Left,2.0422843e-09,1.1467343e-09,-1.9287285e-09,-1.4436478e-10,2.0422843e-09,1.1467343e-09,-1.9287285e-09,2.9780396e-09
2025-10-28 20:37:09.724422,Left,-152.87634,-979.27106,-1225.6478,44.46591,-465.42142,190.80902,706.203,567.98676
2025-10-28 20:37:09.728422,Left,-1.4436478e-10,2.0422843e-09,1.1467343e-09,-1.9287285e-09,2.2753261e-09,2.4955966e-09,-2.3415695e-11,6.7240963e-10
2025-10-28 20:37:09.732422,Left,-6.590121e-10,1.106529e-09,-1.5276205e-10,-3.2159901e-09,2.2753261e-09,2.4955966e-09,-2.3415695e-11,3.7028255e-10
2025-10-28 20:37:09.736422,Left,1.2785469e-09,3.069701e-09,1.6916202e-09,-2.1007633e-09,2.2753261e-09,2.4955966e-09,-2.3415695e-11,6.7240963e-10
2025-10-28 20:37:09.740422,Left,-1.4436478e-10,2.0422843e-09,1.1467343e-09,-1.9287285e-09,2.0422843e-09,1.1467343e-09,-1.9287285e-09,-1.6561149e-09
2025-10-28 20:37:09.744422,Left,-6.590121e-10,1.106529e-09,-1.5276205e-10,-3.2159901e-09,2.2753261e-09,2.4955966e-09,-2.3415695e-11,3.7028255e-10
2025-10-28 20:37:09.748422,Left,-1.4436478e-10,2.0422843e-09,1.1467343e-09,-1.9287285e-09,2.0422843e-09,1.1467343e-09,-1.9287285e-09,-1.4436478e-10
2025-10-28 20:37:09.752422,Left,-1.4436478e-10,2.0422843e-09,1.1467343e-09,-1.9287285e-09,2.0422843e-09,1.1467343e-09,-1.9287285e-09,6.7240963e-10
2025-10-28 20:37:09.764638,Left,798.3943,440.5391,-155.28181,-2153.3281,-1075.3417,-1292.1404,-511.95187,-711.6415
2025-10-28 20:37:09.768638,Left,-3.8340415e-09,2.0422843e-09,1.1467343e-09,-1.9287285e-09,3.069701e-09,1.6916202e-09,-2.1007633e-09,-1.4436478e-10
2025-10-28 20:37:09.772638,Left,-6.414671e-10,1.3773452e-09,1.8143833e-09,-4.8557003e-10,3.069701e-09,1.6916202e-09,-2.1007633e-09,-1.5672764e-09
2025-10-28 20:37:09.776638,Left,-3.8340415e-09,2.0422843e-09,1.1467343e-09,-1.9287285e-09,2.0422843e-09,1.1467343e-09,-1.9287285e-09,-1.5672764e-09
2025-10-28 20:37:09.780638,Left,-4.8557003e-10,2.0422843e-09,1.1467343e-09,-1.9287285e-09,1.3773452e-09,1.8143833e-09,-4.8557003e-10,-1.4436478e-10
2025-10-28 20:37:09.784638,Left,-6.414671e-10,1.3773452e-09,1.8143833e-09,-4.8557003e-10,1.3773452e-09,1.8143833e-09,-4.8557003e-10,1.3673853e-09
2025-10-28 20:37:09.788638,Left,-1.9287285e-09,2.0422843e-09,1.1467343e-09,-1.9287285e-09,2.0422843e-09,1.1467343e-09,-1.9287285e-09,1.2785469e-09
2025-10-28 20:37:09.792638,Left,-3.8340415e-09,2.0422843e-09,1.1467343e-09,-1.9287285e-09,2.0422843e-09,1.1467343e-09,-1.9287285e-09,1.3673853e-09
2025-11-07 21:03:23.373364,Left,195.21819,189.46233,171.6579,-143.4264,-229.36478,-43.689396,-60.03885,-420.20676
2025-11-07 21:03:23.377364,Left,64.01812,165.03589,111.21098,23.741814,75.53525,51.337627,-68.80322,-135.4935
2025-11-07 21:03:23.381364,Left,212.4731,131.24103,146.05333,-82.489944,-223.55626,-73.8031,-58.350613,-369.53012
2025-11-07 21:03:23.385364,Left,211.23788,168.06816,178.584,-78.79218,-202.77614,-49.686756,-50.16946,-383.68503
2025-11-07 21:03:23.389364,Left,223.16797,91.856964,125.619385,-45.54545,-220.44073,-93.68314,-60.183556,-336.6683
2025-11-07 21:03:23.393364,Left,214.0228,112.945946,136.58568,-71.0533,-224.1325,-81.41852,-58.896404,-360.62503
2025-11-07 21:03:23.397364,Left,21.701033,23.79921,17.803118,-4.9069066,-10.719985,-5.106433,-16.699947,-42.520798
2025-11-07 21:03:23.401364,Left,51.743153,137.12613,87.741776,-24.01927,-5.3971925,-14.530926,-118.89139,-214.33308
2025-11-07 21:03:23.406081,Left,431.3564,142.50151,254.2549,516.85846,386.86395,-54.58863,300.5238,548.736
2025-11-07 21:03:23.410081,Left,-192.82956,-143.64044,-53.209194,-102.41206,-189.62582,-96.89649,-35.959106,-78.92813
2025-11-07 21:03:23.414081,Left,474.44696,188.20059,245.58139,526.5736,438.064,-36.172855,311.5967,595.28815
2025-11-07 21:03:23.418081,Left,422.7752,134.0142,215.00539,487.69092,389.60947,-67.53069,273.61258,548.57043
2025-11-07 21:03:23.422081,Left,499.70044,216.3347,237.66716,528.5654,463.92737,-29.298958,314.60928,619.73846
2025-11-07 21:03:23.426081,Left,483.0393,193.46707,241.24757,533.27515,456.12662,-30.89556,317.6049,612.76013
2025-11-07 21:03:23.430081,Left,3.7836645,-8.365561,5.2597246,17.150736,0.7538319,-19.563011,10.833071,23.27384
2025-11-07 21:03:23.434081,Left,-123.56985,-96.58877,13.60196,9.143999,-68.67653,-32.527115,56.388756,49.618347
2025-11-07 21:03:23.447424,Left,18.047882,109.69297,187.55482,-30.940607,-313.38773,-733.1345,-611.9,-475.91174
2025-11-07 21:03:23.451424,Left,119.36476,-18.147179,-68.60491,116.21194,2.2378936,36.602535,76.5592,91.257256
2025-11-07 21:03:23.455424,Left,-10.713376,136.09868,251.94086,-50.464962,-302.03687,-754.47955,-684.00934,-520.7158
2025-11-07 21:03:23.459424,Left,3.514788,135.87181,237.04126,-33.804283,-279.61673,-707.29016,-620.47705,-481.9135
2025-11-07 21:03:23.463424,Left,-32.492878,151.29088,290.92798,-59.665836,-295.06995,-765.9369,-721.2568,-540.9491
2025-11-07 21:03:23.467424,Left,-18.476301,147.8967,273.29733,-52.624477,-300.82874,-763.8547,-697.87933,-529.60785
2025-11-07 21:03:23.471424,Left,5.0473814,6.506944,19.253765,26.894766,0.059978105,-26.996962,-24.194496,-20.12941
2025-11-07 21:03:23.475424,Left,169.61514,45.574978,9.325431,132.77513,-21.039211,-63.76225,-53.740334,-32.378178
2025-11-07 21:03:23.489991,Left,121.09208,6.6077003,-432.56366,-656.7492,-398.35577,-22.172117,36.621662,203.5969
2025-11-07 21:03:23.493991,Left,5.042129,-33.29396,-18.898596,-125.68673,-217.4607,-306.97647,-248.01465,-141.41472
2025-11-07 21:03:23.497991,Left,111.26745,-7.570438,-441.07834,-670.64386,-404.51477,24.54236,107.17633,222.61992
2025-11-07 21:03:23.501991,Left,115.579994,12.472745,-411.1047,-654.34894,-405.6534,-11.955274,50.517326,188.06508
2025-11-07 21:03:23.505991,Left,109.607994,-22.357843,-458.65817,-685.9613,-412.56857,50.103214,151.9988,232.5437
2025-11-07 21:03:23.509991,Left,111.81753,-16.22493,-460.02533,-686.6402,-411.92316,31.77062,118.26085,223.67458
2025-11-07 21:03:23.513991,Left,10.389063,7.6518717,-9.615151,-36.859325,-35.226402,-16.893988,-2.283864,8.287405
2025-11-07 21:03:23.517991,Left,-40.00385,-72.483086,-92.928665,-243.62674,-289.96753,-303.97363,-224.26884,-77.43579
2025-11-07 21:03:23.531403,Left,-37.63451,117.11907,578.03516,1106.7225,1110.1014,800.1211,169.60869,-285.57263
2025-11-07 21:03:23.535403,Left,-152.0576,-181.48749,-148.20091,-126.86321,48.158348,164.24113,299.6465,428.36432
2025-11-07 21:03:23.539403,Left,-14.748926,138.70348,610.4356,1199.665,1189.9653,851.4068,161.73734,-409.9084
2025-11-07 21:03:23.543403,Left,-48.10627,87.38779,558.89215,1117.384,1108.444,829.0838,197.42725,-309.60803
2025-11-07 21:03:23.547403,Left,-5.0568705,158.66748,632.69495,1258.1445,1248.0077,876.8719,146.65329,-494.23184
2025-11-07 21:03:23.551403,Left,-15.755855,149.15855,625.5694,1232.793,1223.1954,864.2954,151.18182,-447.53745
2025-11-07 21:03:23.555403,Left,-17.751156,-21.049402,10.602628,53.480217,72.88516,63.41812,31.45714,-1.2810124
2025-11-07 21:03:23.559403,Left,-72.10938,-88.75611,16.719093,119.283005,273.02124,351.65747,394.72177,423.5905
2025-11-07 21:03:23.572901,Left,18.902597,269.70184,210.87721,48.310135,341.3589,182.5088,355.5042,212.07457
2025-11-07 21:03:23.576901,Left,288.7528,378.35788,231.41078,201.05707,248.27454,309.93414,409.83258,489.11404
2025-11-07 21:03:23.580901,Left,49.933167,226.55804,204.23419,94.24654,392.4491,161.12953,306.63574,178.90808
2025-11-07 21:03:23.584901,Left,56.718197,253.50482,216.43309,89.6726,371.58643,188.1928,368.35934,249.0734
2025-11-07 21:03:23.588901,Left,64.053154,196.27774,189.60075,107.1141,417.23593,139.34167,257.192,135.6588
2025-11-07 21:03:23.592901,Left,53.19927,216.8099,203.59161,99.24839,406.8595,155.89963,283.6674,149.8282
2025-11-07 21:03:23.596901,Left,4.9541326,18.689983,-8.352147,-15.792194,14.949288,13.700298,49.728935,64.97995
2025-11-07 21:03:23.600901,Left,250.35419,333.63947,191.71803,162.083,208.5311,232.66643,364.2178,435.18842
2025-11-07 21:03:23.604296,Left,-612.68677,-506.7133,-59.66366,-426.35706,-764.92975,116.47767,463.12128,504.69394
2025-11-07 21:03:23.608296,Left,-173.53119,-281.2597,-421.52744,-489.10214,-372.3928,-335.4222,-317.96887,-302.56854
2025-11-07 21:03:23.612296,Left,-592.74054,-403.31848,36.413605,-358.6898,-818.59576,122.78338,497.99338,528.4611
2025-11-07 21:03:23.616296,Left,-579.6515,-452.47733,-32.52723,-417.49802,-832.10004,74.369,436.69095,493.3009
2025-11-07 21:03:23.620296,Left,-586.201,-336.13342,96.53722,-316.2654,-840.48486,143.09532,543.70685,566.3054
2025-11-07 21:03:23.624296,Left,-588.861,-374.37875,63.51521,-342.28375,-825.61633,136.54742,525.68964,553.12915
2025-11-07 21:03:23.628296,Left,-47.47027,-37.51136,-15.63362,-49.06052,-73.15969,7.053619,37.88684,41.13684
2025-11-07 21:03:23.632296,Left,-319.21347,-408.3502,-426.4662,-494.15506,-437.2727,-256.04886,-205.72935,-189.93541
2025-11-07 21:03:23.644454,Left,-723.3909,-406.3276,-5.478126,-187.79884,-748.3146,-693.31744,74.57816,-282.425
2025-11-07 21:03:23.648454,Left,-251.30621,-248.1466,-153.83755,-210.33861,-262.74112,-447.71518,-389.22543,-226.85696
2025-11-07 21:03:23.652454,Left,-736.5249,-375.5604,-31.362425,-194.90874,-806.9091,-696.7944,150.02884,-272.79742
2025-11-07 21:03:23.656454,Left,-700.3391,-377.17905,-31.633587,-203.48567,-789.3207,-693.30865,94.81339,-292.82275
2025-11-07 21:03:23.660454,Left,-723.73694,-328.81366,-11.431104,-168.49986,-811.9768,-678.4235,219.65068,-243.45467
2025-11-07 21:03:23.664454,Left,-734.1066,-356.66028,-15.836817,-180.60423,-805.1643,-685.0825,180.39532,-263.05536
2025-11-07 21:03:23.668454,Left,-39.42232,-8.680885,24.265236,8.212351,-48.346256,-63.91551,6.032289,-12.473238
2025-11-07 21:03:23.672454,Left,-312.90256,-302.2111,-211.01036,-263.34106,-379.79785,-516.34454,-365.47842,-264.09067
2025-11-07 21:03:23.687078,Left,-366.35678,214.02061,414.50717,965.81226,721.92566,51.860638,-26.03834,63.728306
2025-11-07 21:03:23.691078,Left,-30.957975,-219.1292,-358.4955,-137.13539,40.999783,320.87448,222.69713,141.40108
2025-11-07 21:03:23.695078,Left,-455.68332,252.8045,608.6834,1107.9135,809.80457,-24.948748,-37.56283,122.67616
2025-11-07 21:03:23.699078,Left,-399.79102,218.74802,482.1142,1012.74054,765.1102,21.702835,-12.127361,126.67132
2025-11-07 21:03:23.703078,Left,-519.4089,272.234,735.4024,1184.4141,839.00354,-95.40592,-59.664726,137.19777
2025-11-07 21:03:23.707078,Left,-489.49664,261.00494,663.51056,1141.486,817.6406,-60.427773,-47.17466,126.51987
2025-11-07 21:03:23.711078,Left,-25.150034,-7.2365255,-2.1270678,49.211296,45.18403,9.359234,-9.487846,-8.243708
2025-11-07 21:03:23.715078,Left,-54.614956,-177.15681,-292.22397,21.149862,199.52145,375.90173,260.8915,203.60399
2025-11-07 21:03:23.741171,Left,231.84909,224.09087,529.46906,941.2554,518.0976,-142.5002,-311.85532,72.100586
2025-11-07 21:03:23.745171,Left,368.9629,322.7778,205.45244,327.833,341.01816,334.17465,216.1967,16.166103
2025-11-07 21:03:23.749171,Left,236.76685,252.3652,577.8082,983.6072,545.80536,-177.70331,-373.8966,102.726524
2025-11-07 21:03:23.753171,Left,250.6749,237.13112,548.0135,956.0253,524.4797,-155.81198,-321.6278,84.4167
2025-11-07 21:03:23.757171,Left,219.73796,263.02866,596.33575,988.08014,548.7451,-210.5736,-438.6437,96.46834
2025-11-07 21:03:23.761171,Left,223.66998,257.7818,592.7539,986.57935,546.9143,-189.37283,-398.32443,100.8059
2025-11-07 21:03:23.765171,Left,16.367908,1.4940691,4.1904893,56.5545,34.643806,-15.2233095,-39.505653,-18.954895
2025-11-07 21:03:23.769171,Left,390.84424,309.98077,234.17572,408.8397,348.3847,246.40448,137.38844,7.8610334
2025-11-07 21:03:23.783918,Left,686.8843,665.9524,830.5537,781.5164,5.272653,-329.0321,-839.5303,-1245.0525
2025-11-07 21:03:23.787918,Left,61.720642,194.76308,198.87003,206.93808,337.39313,169.518,-94.50904,-212.43849
2025-11-07 21:03:23.791918,Left,708.34595,609.7539,794.9985,802.4324,-74.79831,-404.26282,-854.7303,-1206.5326
2025-11-07 21:03:23.795918,Left,649.38074,603.3425,797.0919,796.8436,0.6018486,-339.94913,-817.486,-1197.1477
2025-11-07 21:03:23.799918,Left,712.42035,571.7594,772.0813,809.587,-132.13467,-448.211,-858.93884,-1179.569
2025-11-07 21:03:23.803918,Left,709.40326,596.1801,788.7554,801.47736,-104.32135,-419.6158,-849.4724,-1193.7847
2025-11-07 21:03:23.807918,Left,32.041496,46.21568,70.58472,87.997986,46.336224,-3.6735096,-72.811455,-109.20656
2025-11-07 21:03:23.811918,Left,178.53137,306.68375,350.52463,373.8766,354.54364,91.926056,-252.29259,-418.40765
2025-11-07 21:03:23.824171,Left,271.75174,153.75705,-355.36746,-254.13809,230.87877,483.4201,506.97775,313.96957
2025-11-07 21:03:23.828171,Left,-211.81862,-50.407646,-148.03534,-215.5807,-278.46487,-176.5431,-143.43784,-55.32185
2025-11-07 21:03:23.832171,Left,282.26028,128.33286,-385.1605,-275.31165,278.05905,555.19867,534.8913,294.08887
2025-11-07 21:03:23.836171,Left,244.71956,118.9108,-388.31946,-279.28406,233.94759,485.74072,509.29745,305.7355
2025-11-07 21:03:23.840171,Left,289.9173,104.57129,-401.8828,-285.72293,308.34457,605.0639,547.4481,286.95428
2025-11-07 21:03:23.844171,Left,289.03802,111.009476,-394.96143,-278.70035,291.05676,571.64996,535.40283,292.80066
2025-11-07 21:03:23.848171,Left,2.7097208,20.59818,-31.359373,-34.04753,2.3495426,41.74784,42.61024,33.349373
2025-11-07 21:03:23.852171,Left,-196.81306,-19.16403,-171.03358,-204.89702,-185.51306,-57.13922,17.565706,59.5553
2025-11-07 21:03:23.866957,Left,226.54424,85.65908,-438.60175,-998.1629,-939.27716,-665.2089,-279.65356,-91.11668
2025-11-07 21:03:23.870957,Left,66.36819,-15.620228,-11.146179,148.02469,-77.896034,-287.44754,-331.3294,-134.01717
2025-11-07 21:03:23.874957,Left,233.41866,106.86971,-435.5955,-1070.029,-954.2189,-615.9983,-198.4808,-80.9906
2025-11-07 21:03:23.878957,Left,248.38277,133.88661,-369.18558,-963.93353,-905.1387,-611.7423,-226.99147,-103.38529
2025-11-07 21:03:23.882957,Left,257.73367,133.78316,-430.01083,-1108.4441,-947.43634,-574.68695,-146.01111,-70.96152
2025-11-07 21:03:23.886957,Left,250.02884,125.11395,-431.67184,-1089.4258,-949.1164,-595.5454,-177.95154,-82.031395
2025-11-07 21:03:23.890957,Left,50.533897,30.151833,-6.330158,-31.939085,-58.387844,-64.30668,-37.731495,-5.4084845
2025-11-07 21:03:23.894957,Left,101.05981,-13.813381,-73.07339,-20.624842,-269.6196,-411.82733,-381.73947,-184.95856
2025-11-07 21:03:23.893412,Left,375.11923,441.24774,260.97565,351.5285,220.87233,86.090904,480.505,396.83545
2025-11-07 21:03:23.897412,Left,-159.4273,54.751717,93.67248,5.9814115,-57.975277,71.83049,152.27763,32.60018
2025-11-07 21:03:23.901412,Left,439.95752,436.85403,222.5234,373.6211,291.46637,97.18307,483.5975,457.78445
2025-11-07 21:03:23.905412,Left,397.23624,405.4293,225.678,363.49316,260.4573,77.873695,473.65424,435.0995
2025-11-07 21:03:23.909412,Left,470.1084,433.8438,189.12106,372.62192,325.13126,108.98425,485.50604,489.56113
2025-11-07 21:03:23.913412,Left,444.20685,427.7448,203.14331,368.27737,302.51273,104.41587,482.2114,466.06287
2025-11-07 21:03:23.917412,Left,13.174568,34.87651,18.04339,18.861015,5.4117064,2.8791208,44.063652,29.860723
2025-11-07 21:03:23.921412,Left,-56.807533,119.943726,149.53912,99.437874,21.71799,81.74058,208.21985,103.69329
2025-11-07 21:03:23.937464,Left,-173.33847,50.438084,211.85985,408.81915,232.29198,9.8532915,-134.62177,-57.4154
2025-11-07 21:03:23.941464,Left,-8.254095,-137.8645,-72.171394,155.18265,108.161385,12.708085,49.70768,196.16284
2025-11-07 21:03:23.945464,Left,-158.09328,142.14377,288.5254,358.76773,196.52072,39.26207,-102.796455,-121.14685
2025-11-07 21:03:23.949464,Left,-169.76521,93.98102,239.51945,352.418,208.02019,40.81386,-99.35513,-84.650734
2025-11-07 21:03:23.953464,Left,-147.83675,196.50073,332.45865,326.97653,170.78133,49.831974,-89.02615,-163.12088
2025-11-07 21:03:23.957464,Left,-152.67242,164.65033,302.84775,343.2227,186.24425,42.052326,-99.346954,-136.27182
2025-11-07 21:03:23.961464,Left,-28.485449,-17.936035,3.8165445,33.975212,21.828327,5.883726,3.0706472,15.712739
2025-11-07 21:03:23.965464,Left,-42.17334,-105.74562,-7.714066,206.80595,154.61986,50.13562,51.216145,156.03394
2025-11-07 21:03:23.967723,Left,-308.0618,-227.4953,-362.24734,-481.29114,-672.07385,-559.72424,-130.26506,-87.20796
2025-11-07 21:03:23.971723,Left,95.5381,194.7427,110.36852,-20.420366,-63.192272,-59.44058,-141.90578,-199.37207
2025-11-07 21:03:23.975723,Left,-281.9076,-287.30322,-403.92984,-457.1788,-648.12695,-599.28546,-119.94724,-28.13224
2025-11-07 21:03:23.979723,Left,-259.2422,-230.67772,-347.6647,-433.95096,-634.5761,-569.1655,-126.58938,-66.68221
2025-11-07 21:03:23.983723,Left,-268.2229,-322.23962,-436.2571,-446.15118,-629.2156,-616.9739,-106.25332,18.214306
2025-11-07 21:03:23.987723,Left,-280.7377,-300.89398,-420.05365,-455.28036,-638.21094,-596.20386,-103.343155,-0.8179399
2025-11-07 21:03:23.991723,Left,5.172074,12.325435,-4.186294,-20.60562,-39.956238,-41.90072,-17.392899,-17.857637
2025-11-07 21:03:23.995723,Left,18.980783,87.30485,-3.5153468,-136.07277,-219.23369,-226.31723,-228.6703,-245.323
2025-11-07 21:03:24.024399,Left,309.77173,195.63165,194.47243,514.52954,198.36656,47.30134,123.203766,570.9974
2025-11-07 21:03:24.028399,Left,-187.4196,-129.84106,19.095812,74.38929,37.90823,103.96854,146.95387,111.48156
2025-11-07 21:03:24.032399,Left,330.7264,238.05888,182.6082,450.63144,171.60896,46.285892,118.35805,568.74084
2025-11-07 21:03:24.036399,Left,285.78024,188.60002,160.26347,454.4927,170.8747,39.95678,104.806564,553.4984
2025-11-07 21:03:24.040399,Left,347.46027,268.78528,179.13701,405.999,148.3912,46.696274,125.17511,571.32416
2025-11-07 21:03:24.044399,Left,346.05582,253.06569,180.33978,431.8938,154.75626,36.131966,114.25304,566.92114
2025-11-07 21:03:24.048399,Left,0.48043528,2.3465085,15.086287,37.22466,9.932013,10.652247,19.052116,46.384155
2025-11-07 21:03:24.052399,Left,-131.36179,-64.85633,82.224205,179.87894,117.33652,150.25154,176.73267,195.22583
2025-11-07 21:03:24.067219,Left,-444.07346,-959.36176,-803.43976,-77.76615,636.53796,673.6167,466.41635,342.1238
2025-11-07 21:03:24.071219,Left,197.42026,-33.29299,-75.874344,-188.38426,-309.23914,-115.737915,-2.526673,-44.46215
2025-11-07 21:03:24.075219,Left,-483.14114,-961.557,-849.6433,-80.6953,763.4367,710.1491,406.64203,292.81482
2025-11-07 21:03:24.079219,Left,-401.87524,-923.5083,-824.8347,-109.86163,656.6574,648.8416,397.70383,293.20343
2025-11-07 21:03:24.083219,Left,-520.864,-961.9631,-871.9906,-76.40276,845.343,731.5217,364.79904,253.53986
2025-11-07 21:03:24.087219,Left,-516.75354,-970.8285,-858.91644,-71.20764,805.0436,725.3604,397.02618,285.16843
2025-11-07 21:03:24.091219,Left,-5.1172724,-75.35093,-81.039825,-42.18111,10.802715,30.20747,18.71988,6.3283153
2025-11-07 21:03:24.095219,Left,144.22374,-186.91919,-222.61627,-232.99562,-227.35802,-1.2219006,95.48866,61.137695
2025-11-07 21:03:24.094927,Left,252.7502,421.16055,398.90555,174.4234,112.43644,141.60132,-57.13884,-44.729378
2025-11-07 21:03:24.098927,Left,-16.357183,-37.257023,-65.75586,16.21584,22.92269,-43.55039,-77.796906,-74.84406
2025-11-07 21:03:24.102927,Left,217.63895,407.99768,467.54117,187.53424,75.03466,133.92464,0.5342242,-12.187678
2025-11-07 21:03:24.106927,Left,211.43791,395.55573,421.54742,168.34477,79.74443,130.30888,-32.19323,-45.686436
2025-11-07 21:03:24.110927,Left,192.20256,394.4105,507.4968,197.32047,51.359116,124.08054,34.63635,10.247767
2025-11-07 21:03:24.114927,Left,214.86829,409.9318,486.69128,192.43036,67.00424,129.54207,9.280046,-4.4075427
2025-11-07 21:03:24.118927,Left,7.0703487,19.471891,26.716295,12.78853,1.1661495,-1.7571465,-11.161331,-15.236835
2025-11-07 21:03:24.122927,Left,73.7337,84.32473,66.033104,91.82019,77.6596,23.860981,-30.746471,-41.65681
2025-11-07 21:03:24.136472,Left,546.0949,377.70908,218.08057,-84.35678,-649.14954,-765.85876,-438.80457,-246.00697
2025-11-07 21:03:24.140472,Left,15.741914,204.85422,232.18286,212.55962,265.95422,200.61066,94.97754,2.8517992
2025-11-07 21:03:24.144472,Left,623.68976,377.40753,181.01308,-105.20331,-665.4546,-796.7473,-450.28387,-207.66927
2025-11-07 21:03:24.148472,Left,567.7997,384.20145,230.2402,-38.381405,-592.04535,-722.01733,-390.8764,-176.40308
2025-11-07 21:03:24.152472,Left,672.36395,374.28018,149.1539,-131.72258,-680.2322,-813.24036,-456.06573,-182.24036
2025-11-07 21:03:24.156472,Left,640.1495,370.40842,162.94553,-123.13634,-681.05414,-807.8105,-452.80035,-196.16943
2025-11-07 21:03:24.160472,Left,44.8698,52.19341,42.251343,23.656954,-7.208862,-29.17975,-17.166067,-7.933583
2025-11-07 21:03:24.164472,Left,132.80266,273.95236,254.88373,185.44214,133.50618,6.687728,-61.71968,-121.521675
2025-11-07 21:03:24.179163,Left,-555.70264,-696.2861,-252.36514,-276.91486,79.948746,346.42908,164.16359,-228.6824
2025-11-07 21:03:24.183163,Left,30.845028,104.79856,-111.38436,-235.6185,-82.87118,-45.729088,-142.69226,-155.21661
2025-11-07 21:03:24.187163,Left,-555.5941,-797.9824,-258.5658,-192.23976,100.83045,340.36868,180.6928,-196.57138
2025-11-07 21:03:24.191163,Left,-519.4164,-723.8226,-241.93222,-214.05983,93.55224,332.4849,168.1057,-204.00836
2025-11-07 21:03:24.195163,Left,-551.8922,-852.87933,-252.28313,-135.11964,116.39687,346.36057,201.87776,-174.4308
2025-11-07 21:03:24.199163,Left,-559.7597,-822.56055,-246.1877,-161.9275,114.8834,353.43863,196.96588,-192.36328
2025-11-07 21:03:24.203163,Left,-21.701986,-37.161102,-27.955624,-32.39472,5.649774,19.869192,-8.491378,-32.668194
2025-11-07 21:03:24.207163,Left,-126.4094,-96.45823,-232.89291,-322.30722,-121.45733,-54.9536,-145.285,-166.38182
2025-11-07 21:03:24.206821,Left,-75.6877,-558.5578,-119.56415,372.55725,1076.1279,1115.4515,254.7654,121.49439
2025-11-07 21:03:24.210821,Left,-271.33484,-237.05696,-332.7093,-280.4908,-148.53004,106.6328,270.60068,156.0476
2025-11-07 21:03:24.214821,Left,-54.99037,-570.1191,-86.66929,419.797,1140.8757,1127.737,170.64383,76.01707
2025-11-07 21:03:24.218821,Left,-87.68399,-580.8448,-156.62791,343.63748,1065.153,1090.2206,219.76306,115.74247
2025-11-07 21:03:24.222821,Left,-43.262012,-593.8658,-71.73618,448.73447,1172.8766,1116.9062,102.598724,40.994476
2025-11-07 21:03:24.226821,Left,-50.09485,-590.94965,-85.38,434.62973,1156.5784,1116.5043,138.14069,65.64633
2025-11-07 21:03:24.230821,Left,-40.845245,-65.54419,-41.08089,-3.9142947,68.67685,105.546265,37.95804,10.320785
2025-11-07 21:03:24.234821,Left,-240.71002,-227.65034,-267.41592,-155.69017,87.10834,359.29868,381.2764,217.54828
2025-11-07 21:03:24.253375,Left,223.43091,118.61319,-290.31494,-793.65063,-561.8741,-335.08966,90.663895,319.01462
2025-11-07 21:03:24.257375,Left,74.58358,-72.81616,-117.780655,17.723646,-140.49013,-251.39093,-213.92215,-2.085018
2025-11-07 21:03:24.261375,Left,233.42484,146.40672,-274.1977,-842.0142,-547.706,-290.44565,145.11464,328.98373
2025-11-07 21:03:24.265375,Left,227.5785,139.38521,-255.33383,-789.734,-552.24976,-311.07294,115.43778,303.59842
2025-11-07 21:03:24.269375,Left,242.91888,164.16473,-273.31757,-880.2794,-537.04584,-266.221,167.06648,331.0954
2025-11-07 21:03:24.273375,Left,242.9487,160.39494,-273.22543,-864.26056,-545.96985,-280.99506,151.60579,327.62708
2025-11-07 21:03:24.277375,Left,33.13624,14.211646,-13.617638,-33.86597,-42.25285,-43.65722,-5.1296773,34.527695
2025-11-07 21:03:24.281375,Left,83.64115,-67.40797,-141.57373,-82.9235,-222.16154,-270.98834,-150.27121,63.753304
2025-11-07 21:03:24.294793,Left,271.19046,472.97925,682.35364,495.7749,376.86652,162.2458,-100.36505,-298.80328
2025-11-07 21:03:24.298793,Left,-154.9829,-15.109418,69.01796,223.02942,276.37082,253.52943,269.1494,350.93097
2025-11-07 21:03:24.302793,Left,343.80423,537.6521,747.00073,494.38953,305.57706,141.17107,-94.274055,-333.20218
2025-11-07 21:03:24.306793,Left,298.7253,468.4728,694.82855,482.02258,334.466,170.04523,-66.38391,-283.10077
2025-11-07 21:03:24.310793,Left,381.39975,587.673,786.9453,492.90268,263.07022,125.73087,-94.72188,-358.8994
2025-11-07 21:03:24.314793,Left,360.81064,562.3867,760.01636,484.82004,282.41562,128.11736,-102.876884,-351.14557
2025-11-07 21:03:24.318793,Left,-10.123599,15.038379,43.52512,45.66073,32.767525,20.144787,7.1214294,-2.5076401
2025-11-07 21:03:24.322793,Left,-55.05839,53.446873,187.03055,313.29742,336.17096,279.52444,245.60541,269.8723
2025-11-07 21:03:24.323789,Left,-18.283491,224.84694,288.0074,62.07422,-234.13681,-323.0632,-110.61035,-180.24278
2025-11-07 21:03:24.327789,Left,285.86624,103.689926,188.27303,202.29814,96.55079,-96.01064,-140.05368,-93.19287
2025-11-07 21:03:24.331789,Left,-59.63182,294.29907,320.6787,28.600376,-287.53015,-292.15414,-63.32555,-203.67601
2025-11-07 21:03:24.335789,Left,-25.043074,285.03558,318.1696,40.84799,-265.47702,-297.40173,-99.62794,-213.94872
2025-11-07 21:03:24.339789,Left,-82.00443,333.38928,334.14725,5.3462873,-327.13763,-289.83194,-38.65804,-215.86678
2025-11-07 21:03:24.343789,Left,-60.819378,317.78802,329.86154,23.512999,-299.9119,-292.75217,-51.1186,-203.7022
2025-11-07 21:03:24.347789,Left,-6.2502027,0.85698813,19.075178,4.761377,-25.392292,-36.63241,-14.3928585,-13.213009
2025-11-07 21:03:24.351789,Left,174.00249,60.705868,136.91905,100.641304,-31.517052,-182.50305,-199.0868,-157.99545
2025-11-07 21:03:24.395338,Left,-187.9077,-455.6006,-700.90845,35.190445,381.8948,480.7169,279.8622,-78.273674
2025-11-07 21:03:24.399338,Left,-254.09254,-425.2796,-373.66324,-350.14536,-335.47586,-235.22945,26.036093,-33.646294
2025-11-07 21:03:24.403338,Left,-200.21516,-417.20773,-676.8539,68.66505,435.34857,531.9095,238.91869,-92.048454
2025-11-07 21:03:24.407338,Left,-198.1686,-439.03934,-709.67285,8.660983,381.44308,495.8115,247.73698,-56.66085
2025-11-07 21:03:24.411338,Left,-213.86586,-397.67584,-651.3934,105.77414,480.9017,573.82245,232.92883,-88.069496
2025-11-07 21:03:24.415338,Left,-206.04047,-410.44012,-667.70593,85.79087,455.03778,545.60767,230.69093,-98.716125
2025-11-07 21:03:24.419338,Left,-13.59123,-47.717796,-60.174034,-7.4568324,21.072096,43.56794,54.34724,25.175762
2025-11-07 21:03:24.423338,Left,-208.07097,-381.54056,-385.83414,-266.05872,-190.6424,-64.43471,129.04837,30.286823
2025-11-07 21:03:24.423032,Left,-644.6075,-296.51672,34.08765,-328.1546,-572.98444,-828.5413,-869.6445,-340.00806
2025-11-07 21:03:24.427032,Left,-6.5452266,7.7090254,-156.60944,-62.425137,-26.028185,-139.27629,-389.79257,-395.43887
2025-11-07 21:03:24.431032,Left,-707.0036,-359.7644,68.129,-345.88647,-648.2036,-911.101,-847.9125,-279.82266
2025-11-07 21:03:24.435032,Left,-650.4879,-311.64816,82.13594,-293.36575,-586.00006,-853.5421,-834.0446,-322.998
2025-11-07 21:03:24.439032,Left,-713.4728,-362.80383,116.56414,-334.4837,-670.57294,-941.13446,-825.7377,-232.70792
2025-11-07 21:03:24.443032,Left,-705.03235,-352.81494,94.76392,-339.49924,-654.4303,-918.14325,-836.38464,-257.2379
2025-11-07 21:03:24.447032,Left,-20.75867,6.7893443,23.4869,7.597421,-16.294739,-55.001076,-79.63984,-47.287155
2025-11-07 21:03:24.451032,Left,-165.78975,-132.69215,-218.26028,-165.12352,-176.04768,-317.5216,-519.79504,-450.6825
2025-11-07 21:03:24.464520,Left,603.5476,289.53244,358.26007,665.69653,849.5747,809.1337,736.599,555.08856
2025-11-07 21:03:24.468520,Left,-211.93747,-101.03263,53.855347,32.467342,-78.617325,132.5008,271.17422,228.63736
2025-11-07 21:03:24.472520,Left,664.5048,309.7974,318.0008,659.55975,956.4708,847.76605,708.80066,539.62933
2025-11-07 21:03:24.476520,Left,611.2236,272.90808,299.5529,617.4164,869.3209,804.38556,702.4133,541.89935
2025-11-07 21:03:24.480520,Left,685.8591,304.00894,278.0934,641.598,1001.3011,847.07196,670.4371,507.3036
2025-11-07 21:03:24.484520,Left,670.018,301.55682,299.1169,653.3218,972.2318,843.8755,693.4933,527.6058
2025-11-07 21:03:24.488520,Left,23.934404,-1.9789653,4.519303,18.837936,30.003172,46.214848,47.180183,28.315205
2025-11-07 21:03:24.492520,Left,-68.46803,8.6473255,154.25356,175.65634,129.59258,331.95563,430.13437,370.885
2025-11-07 21:03:24.492232,Left,377.15475,323.46677,66.32818,-44.012344,65.10374,277.022,180.72298,-27.49249
2025-11-07 21:03:24.496232,Left,313.14615,292.07486,252.85602,229.0766,222.85631,173.43059,169.69106,203.3585
2025-11-07 21:03:24.500232,Left,369.5989,313.4252,103.14281,-27.523283,41.3336,273.67987,220.0474,-42.55685
2025-11-07 21:03:24.504232,Left,380.12497,335.22565,117.147095,-21.173443,54.709988,276.0797,206.82704,-33.286205
2025-11-07 21:03:24.508232,Left,345.5602,281.05374,92.34747,-38.0591,12.97046,255.95325,228.14095,-59.351723
2025-11-07 21:03:24.512232,Left,365.86362,307.25128,99.11708,-32.524807,30.253262,264.54144,214.37514,-56.386055
2025-11-07 21:03:24.516232,Left,20.559654,12.155608,-1.2846384,-10.648165,-5.7061977,11.053012,15.847138,-3.1585412
2025-11-07 21:03:24.520232,Left,356.64902,323.56195,272.47824,193.56836,172.86534,152.90138,152.3037,152.56784
2025-11-07 21:03:24.537299,Left,140.01631,176.66737,190.63237,72.22948,-315.92056,-275.64618,221.10268,757.4762
2025-11-07 21:03:24.541299,Left,74.78612,133.09023,77.17298,18.325512,62.929565,-20.520216,-55.92564,-99.935036
2025-11-07 21:03:24.545299,Left,183.0673,167.15973,160.79037,60.824707,-326.87256,-281.87155,232.83716,831.6391
2025-11-07 21:03:24.549299,Left,157.63055,165.84999,168.99242,71.13531,-315.82983,-298.42352,201.50917,760.8167
2025-11-07 21:03:24.553299,Left,212.66269,169.31873,147.47736,54.75715,-328.3638,-279.23456,241.5214,877.7644
2025-11-07 21:03:24.557299,Left,190.54178,168.04657,157.04674,57.83439,-332.967,-285.85156,235.73758,853.5768
2025-11-07 21:03:24.561299,Left,1.5757186,12.840141,5.00554,-5.3220215,-23.850357,-40.406487,-6.9561205,34.828747
2025-11-07 21:03:24.565299,Left,94.463776,151.50519,96.4351,35.96902,25.766403,-70.893684,-35.809776,2.8405755
2025-11-07 21:03:24.566152,Left,233.48688,-430.5248,-1164.6299,-927.22986,-519.7571,-260.99564,-431.89645,-646.7137
2025-11-07 21:03:24.570152,Left,103.43434,3.0360684,50.512836,-102.87657,-217.05328,-229.17639,-61.8065,-95.97769
2025-11-07 21:03:24.574152,Left,208.43233,-439.21625,-1206.4813,-932.4234,-483.63013,-195.55844,-431.4234,-684.235
2025-11-07 21:03:24.578152,Left,246.64827,-377.55502,-1122.9264,-885.7561,-459.693,-187.96729,-404.2938,-633.149
2025-11-07 21:03:24.582152,Left,190.67699,-450.22916,-1226.0203,-919.5839,-451.90237,-149.77345,-416.865,-699.88525
2025-11-07 21:03:24.586152,Left,206.58755,-441.70975,-1214.4565,-920.6834,-464.68515,-175.03131,-426.4036,-693.735
2025-11-07 21:03:24.590152,Left,45.212646,-3.737489,-48.97623,-43.94377,-21.403078,1.9127648,4.666278,-18.710491
2025-11-07 21:03:24.594152,Left,135.13669,-40.70339,-117.81534,-267.47705,-314.4815,-276.4274,-158.57204,-218.23386
2025-11-07 21:03:24.608857,Left,-1141.6791,-320.58008,279.00922,831.1591,469.4706,111.435234,-30.843096,18.430424
2025-11-07 21:03:24.612857,Left,-376.44525,-414.73996,-288.77576,-217.09923,-31.612299,16.760666,-130.50359,-80.091805
2025-11-07 21:03:24.616857,Left,-1156.5541,-263.86255,325.7698,839.01154,433.1192,35.624985,-26.758942,47.974365
2025-11-07 21:03:24.620857,Left,-1157.1735,-318.26108,253.80537,776.30566,418.04645,60.076862,-12.052124,40.33658
2025-11-07 21:03:24.624857,Left,-1149.1492,-217.28116,367.38397,854.773,416.27203,-7.5289435,-30.721169,67.32229
2025-11-07 21:03:24.628857,Left,-1154.866,-243.8974,345.69083,854.6723,429.37134,21.16092,-28.64825,56.0444
2025-11-07 21:03:24.632857,Left,-93.26084,-38.908672,14.557117,51.926075,40.437077,11.239459,-9.869497,-4.9401236
2025-11-07 21:03:24.636857,Left,-567.8429,-460.69803,-260.61453,-121.67837,41.060932,54.09819,-59.171547,-29.632744
2025-11-07 21:03:24.664088,Left,426.29745,159.9346,-37.308544,-362.84955,-286.0401,-21.87772,72.25036,251.3243
2025-11-07 21:03:24.668088,Left,73.60042,125.970726,57.498787,141.22873,156.44113,-3.2896297,99.17173,79.045906
2025-11-07 21:03:24.672088,Left,454.6435,143.82664,-23.875374,-361.97446,-322.3706,-22.19534,53.26092,253.23926
2025-11-07 21:03:24.676088,Left,458.08438,173.57428,3.6368544,-331.84393,-298.3602,-15.624203,53.351364,250.41615
2025-11-07 21:03:24.680088,Left,463.4445,129.65842,-22.396332,-362.13596,-333.83533,-15.031025,56.652653,262.06067
2025-11-07 21:03:24.684088,Left,454.34442,136.63399,-26.248703,-369.24136,-326.97937,-13.260425,60.80363,258.9086
2025-11-07 21:03:24.688088,Left,36.51315,13.563687,-7.7469325,-20.430676,-18.77579,-18.522705,2.0386393,18.369719
2025-11-07 21:03:24.692088,Left,166.50987,150.72968,63.793285,84.42564,68.52651,-42.570446,48.924187,77.85337
2025-11-07 21:03:24.705492,Left,-212.42805,-299.50293,-223.73349,42.818485,-18.995478,71.80774,435.9363,801.8976
2025-11-07 21:03:24.709492,Left,131.15305,43.938145,34.53289,-156.80133,-198.31717,-63.425343,-33.186157,-177.57521
2025-11-07 21:03:24.713492,Left,-273.77368,-328.5636,-272.43002,66.333496,9.043886,53.08695,415.9781,868.41534
2025-11-07 21:03:24.717492,Left,-243.62885,-323.94852,-270.302,39.83305,-35.706635,13.613587,362.8589,783.9449
2025-11-07 21:03:24.721492,Left,-311.6469,-351.04123,-306.42908,67.816734,11.898461,32.99941,399.73215,898.27765
2025-11-07 21:03:24.725492,Left,-293.3777,-343.39096,-288.9198,66.189064,6.877411,41.993004,410.55588,882.6303
2025-11-07 21:03:24.729492,Left,-11.233823,-22.640694,-21.857473,-19.793404,-28.806326,-12.790134,12.613412,28.864882
2025-11-07 21:03:24.733492,Left,76.88027,-1.6195922,-8.465564,-124.72797,-157.36485,-28.674526,39.072353,-15.317549
2025-11-07 21:03:24.734383,Left,198.66055,187.81595,416.90475,225.49692,44.231052,-25.316303,-327.44736,-344.76898
2025-11-07 21:03:24.738383,Left,87.48408,-108.5167,1.9225577,138.2881,185.84776,69.29453,31.079344,75.7512
2025-11-07 21:03:24.742383,Left,140.75226,223.47804,450.58334,189.44179,-37.89316,-38.978348,-330.8238,-392.8947
2025-11-07 21:03:24.746383,Left,134.9676,191.76938,414.91754,188.21182,-0.38397148,-7.503128,-308.14566,-364.23087
2025-11-07 21:03:24.750383,Left,103.68545,237.11151,470.6682,173.19798,-87.30742,-58.41766,-335.9601,-417.21735
2025-11-07 21:03:24.754383,Left,130.18048,232.88457,461.72015,187.1907,-54.4961,-48.219135,-330.87457,-397.05383
2025-11-07 21:03:24.758383,Left,3.6575153,-9.72708,27.018818,24.976204,15.51883,8.299579,-19.734509,-22.250624
2025-11-07 21:03:24.762383,Left,137.61879,-15.97347,98.87483,171.93948,196.75015,118.52595,14.168107,20.074638
2025-11-07 21:03:24.774573,Left,23.003119,-57.51545,25.4232,-8.653123,-159.3955,-97.77151,171.25014,-74.36087
2025-11-07 21:03:24.778573,Left,-17.468803,59.651512,35.644985,-69.883,-14.411105,76.14198,95.38538,138.62723
2025-11-07 21:03:24.782573,Left,35.113014,-107.93354,-23.790922,28.08359,-122.57669,-140.27228,166.6293,-55.0845
2025-11-07 21:03:24.786573,Left,31.314308,-87.23355,-0.82415384,23.717518,-128.45663,-119.593216,185.9968,-15.187742
2025-11-07 21:03:24.790573,Left,44.609978,-130.75255,-48.55815,50.442356,-92.126656,-153.48883,173.35596,-39.478127
2025-11-07 21:03:24.794573,Left,39.27841,-114.13741,-31.205708,34.52111,-109.6364,-138.48828,176.7364,-46.868343
2025-11-07 21:03:24.798573,Left,6.9440484,1.4370197,3.1537726,0.065361604,-2.1248913,0.7579378,34.205647,33.350685
2025-11-07 21:03:24.802573,Left,-0.63454735,34.57034,20.90581,-53.26267,-34.355747,26.88315,84.87051,96.10472
2025-11-07 21:03:24.817291,Left,-1168.1082,-1121.5726,-1044.4493,-750.34766,130.92984,310.34583,42.846573,19.35295
2025-11-07 21:03:24.821291,Left,185.08803,-20.557789,-189.18335,-311.88028,-273.86514,-222.10768,-132.95137,-132.61061
2025-11-07 21:03:24.825291,Left,-1261.1989,-1122.8053,-997.8946,-715.2509,189.5789,389.02188,58.412926,-26.563084
2025-11-07 21:03:24.829291,Left,-1124.2765,-1055.3407,-993.8166,-737.5604,132.26549,315.69806,17.551807,-32.78645
2025-11-07 21:03:24.833291,Left,-1322.0692,-1124.8661,-959.8313,-680.2473,226.63605,437.14792,67.76949,-59.88102
2025-11-07 21:03:24.837291,Left,-1287.1085,-1126.4801,-981.66736,-693.7324,205.2693,404.97052,56.96372,-42.281258
2025-11-07 21:03:24.841291,Left,-48.0754,-61.897453,-76.636566,-80.04785,-12.890368,6.648105,-11.832608,-25.993301
2025-11-07 21:03:24.845291,Left,-64.69379,-258.81982,-442.83423,-543.2588,-329.2765,-207.10867,-128.97638,-111.988235
2025-11-07 21:03:24.845046,Left,387.5099,751.08777,422.23337,58.643322,-401.62415,-139.81398,445.1784,279.505
2025-11-07 21:03:24.849046,Left,87.28601,137.3519,178.3387,162.04626,108.512955,2.378666,12.78669,81.31582
2025-11-07 21:03:24.853046,Left,391.9958,713.56946,390.1451,55.17743,-428.37,-166.15042,483.24316,314.82565
2025-11-07 21:03:24.857046,Left,359.4102,706.28375,403.85507,56.102303,-418.32626,-157.06114,446.91302,275.25143
2025-11-07 21:03:24.861046,Left,402.304,687.7529,361.19263,54.20317,-436.73288,-184.52245,509.2173,348.24112
2025-11-07 21:03:24.865046,Left,392.38727,699.6958,370.37814,49.04762,-433.73193,-172.61365,498.64694,332.8705
2025-11-07 21:03:24.869046,Left,22.810598,46.574047,30.1723,3.515361,-41.500923,-36.052307,12.847507,7.902311
2025-11-07 21:03:24.873046,Left,172.7175,277.5976,281.51486,201.54741,70.88607,9.893786,95.5032,128.9012
2025-11-07 21:03:24.913954,Left,27.877216,165.41743,531.62823,622.54877,96.02805,-582.06177,-378.81757,-319.1313
2025-11-07 21:03:24.917954,Left,207.83978,123.384,15.596135,174.63417,132.2976,236.63991,92.02312,66.6277
2025-11-07 21:03:24.921954,Left,-60.918674,113.73468,627.2632,606.1048,102.83076,-635.01306,-361.45938,-287.25946
2025-11-07 21:03:24.925954,Left,-23.45991,134.07713,579.2658,617.8001,132.29373,-575.5409,-333.54562,-278.87558
2025-11-07 21:03:24.929954,Left,-118.07158,82.78995,692.56287,592.60333,91.63953,-670.38745,-351.5393,-254.08917
2025-11-07 21:03:24.933954,Left,-86.08971,102.1987,655.602,602.2184,93.88818,-653.3257,-358.82736,-270.7532
2025-11-07 21:03:24.937954,Left,-0.36653087,6.381888,41.49469,60.481407,25.693491,-18.612528,-4.8768754,2.5813835
2025-11-07 21:03:24.941954,Left,221.73715,152.3536,98.53089,249.25006,148.06483,125.12139,3.4554489,-41.44869
2025-11-07 21:03:24.941610,Left,-380.08026,-855.27655,-1016.57153,-342.38422,-115.50697,166.38963,530.58966,248.81929
2025-11-07 21:03:24.945610,Left,-70.212746,-116.48545,-184.67097,-347.79477,-313.10452,-162.41212,-122.74342,-51.66238
2025-11-07 21:03:24.949610,Left,-354.20712,-859.3075,-1088.8398,-307.19995,-46.65975,181.92067,492.97382,188.50008
2025-11-07 21:03:24.953610,Left,-345.03207,-842.65924,-1044.2592,-349.89755,-119.36261,124.40607,463.21716,174.02382
2025-11-07 21:03:24.957610,Left,-325.45755,-846.6229,-1127.1725,-278.47095,2.3966074,192.5709,456.4852,144.31287
2025-11-07 21:03:24.961610,Left,-339.4852,-852.00665,-1101.5562,-291.25397,-25.763395,184.2775,475.7957,167.57744
2025-11-07 21:03:24.965610,Left,-9.574852,-56.609337,-89.818436,-53.066505,-30.38308,2.5106544,25.45322,10.99915
2025-11-07 21:03:24.969610,Left,-173.32854,-289.8662,-371.667,-419.17978,-328.0972,-131.75479,-19.041101,33.299526
2025-11-07 21:03:24.984422,Left,281.15924,190.53084,69.00815,-149.18233,-167.05379,-21.95373,74.23168,-61.64876
2025-11-07 21:03:24.988422,Left,-186.8133,-80.35073,-118.87895,-231.74792,-107.08512,-10.998197,-31.01871,-97.99676
2025-11-07 21:03:24.992422,Left,301.4042,147.98805,31.863043,-104.809746,-151.71811,-52.175518,51.350334,-20.444504
2025-11-07 21:03:24.996422,Left,260.06912,134.47736,28.495909,-122.94243,-161.36513,-50.507923,50.79715,-37.59043
2025-11-07 21:03:25.000422,Left,310.91443,125.18362,9.889353,-86.402435,-144.48033,-66.61387,37.2399,-3.422574
2025-11-07 21:03:25.004422,Left,303.78473,139.3471,23.867697,-102.73935,-153.20479,-56.847637,47.362827,-18.263098
2025-11-07 21:03:25.008422,Left,19.187258,21.962076,12.443931,-3.803995,-6.2142496,0.9169948,-0.96350265,-9.766465
2025-11-07 21:03:25.012422,Left,-49.971653,3.3049004,-52.952835,-157.91638,-90.49728,-23.838703,-34.161827,-83.911575
2025-11-07 21:03:25.025111,Left,87.01719,-128.75113,-365.4244,152.26753,503.5846,534.93726,586.2627,178.89081
2025-11-07 21:03:25.029111,Left,11.987459,-8.435533,44.103424,90.323654,-6.4564586,15.196683,109.01406,275.98798
2025-11-07 21:03:25.033111,Left,58.075294,-110.90986,-385.9675,140.23389,568.8299,654.3083,676.4877,186.47537
2025-11-07 21:03:25.037111,Left,84.62939,-91.32482,-353.3347,153.20403,536.5293,596.8628,648.24396,223.0207
2025-11-07 21:03:25.041111,Left,35.91713,-110.1293,-408.59305,130.43001,613.4946,733.9224,734.80963,177.24017
2025-11-07 21:03:25.045111,Left,52.654797,-114.72624,-399.06635,139.80571,596.21454,691.9747,706.6816,178.74635
2025-11-07 21:03:25.049111,Left,18.778704,11.812042,-19.963533,3.5542603,7.8565636,14.546783,18.860123,6.681219
2025-11-07 21:03:25.053111,Left,27.284725,11.318395,19.530996,110.035576,69.225945,110.31081,199.22662,325.15424
2025-11-07 21:03:25.068178,Left,-169.21146,528.81555,1334.51,593.0287,-262.59766,-1195.5511,-1311.209,-508.6905
2025-11-07 21:03:25.072178,Left,149.4635,210.89851,450.86526,548.70447,353.35068,210.61577,215.49052,-5.1161933
2025-11-07 21:03:25.076178,Left,-124.10645,605.37384,1351.7965,518.4335,-305.37894,-1215.1803,-1362.799,-470.18658
2025-11-07 21:03:25.080178,Left,-102.924286,591.649,1333.1476,598.05334,-211.27641,-1115.618,-1269.0995,-471.30637
2025-11-07 21:03:25.084178,Left,-97.85876,652.14624,1372.9495,462.60846,-349.3432,-1236.8298,-1386.4364,-435.8831
2025-11-07 21:03:25.088178,Left,-106.460495,630.269,1371.1641,492.9085,-333.93918,-1234.566,-1373.1636,-455.00015
2025-11-07 21:03:25.092178,Left,-32.156826,37.99433,125.255,96.22483,19.331528,-64.297935,-82.7298,-53.258045
2025-11-07 21:03:25.096178,Left,106.39943,252.25374,531.9796,566.7037,290.3825,9.743081,-73.23509,-190.82913
2025-11-07 21:03:25.108521,Left,324.55103,497.1005,265.2896,385.4005,725.6545,13.65537,-257.09354,-317.9458
2025-11-07 21:03:25.112521,Left,76.053,5.299447,-27.215406,82.47623,183.04053,-4.171844,-137.51903,-247.54099
2025-11-07 21:03:25.116521,Left,286.41614,505.32928,290.29214,388.68542,665.38654,-50.773766,-278.11502,-294.8305
2025-11-07 21:03:25.120521,Left,249.21722,446.96695,240.60603,348.8972,643.02686,-50.055264,-287.46243,-336.30222
2025-11-07 21:03:25.124521,Left,265.37683,508.8666,296.25803,384.4653,628.8584,-98.13738,-302.29877,-280.2099
2025-11-07 21:03:25.128521,Left,274.5327,505.04257,284.45493,377.37976,647.7026,-76.8542,-297.08612,-290.52615
2025-11-07 21:03:25.132521,Left,-4.702006,-0.7097853,-8.710636,18.25115,50.760757,-1.0031977,-8.1529045,-10.85628
2025-11-07 21:03:25.136521,Left,34.174065,24.405289,11.219872,131.63748,240.92577,17.669344,-107.95173,-232.22925
2025-11-07 21:03:25.136122,Left,-364.26456,-1218.4824,-1535.7087,-738.83136,-404.93314,53.119495,531.4288,-196.52638
2025-11-07 21:03:25.140122,Left,-385.74963,-440.33963,-542.15814,-717.3625,-592.254,-338.56723,-215.79404,-139.75162
2025-11-07 21:03:25.144122,Left,-346.96332,-1257.1132,-1621.8807,-684.5096,-326.12848,56.875816,473.2627,-260.45123
2025-11-07 21:03:25.148122,Left,-371.10455,-1244.8828,-1585.2385,-745.83984,-396.95746,21.029337,476.66864,-205.20755
2025-11-07 21:03:25.152122,Left,-338.5677,-1277.8174,-1669.8651,-635.7128,-257.46658,75.73759,444.01047,-290.0979
2025-11-07 21:03:25.156122,Left,-343.68738,-1268.1836,-1639.2145,-654.96423,-290.961,68.71439,466.45856,-273.68576
2025-11-07 21:03:25.160122,Left,6.6772356,-63.363457,-107.6621,-62.660656,-21.369696,36.20056,77.305305,28.970352
2025-11-07 21:03:25.164122,Left,-345.48602,-515.19434,-666.14075,-746.684,-583.5797,-279.3499,-90.901054,-111.15424
2025-11-07 21:03:25.177435,Left,-576.6022,-226.62222,-335.62735,-394.29077,-28.268982,-56.162872,-178.42448,-138.77899
2025-11-07 21:03:25.181435,Left,-178.26292,-124.182655,-10.73748,92.31059,58.224827,82.25435,137.92117,149.73561
2025-11-07 21:03:25.185435,Left,-601.8571,-215.82567,-331.48288,-433.88773,-59.552,-62.52076,-181.41927,-153.11679
2025-11-07 21:03:25.189435,Left,-553.80304,-187.7289,-301.09064,-380.5907,-0.9691778,-18.180893,-157.40324,-139.29124
2025-11-07 21:03:25.193435,Left,-593.29175,-188.68214,-303.368,-429.61813,-62.701176,-56.800106,-168.55574,-147.03438
2025-11-07 21:03:25.197435,Left,-597.94495,-207.9401,-325.35873,-436.7668,-63.88708,-63.39094,-176.4481,-144.55872
2025-11-07 21:03:25.201435,Left,-21.294855,6.663623,0.35017905,-5.682157,10.546943,-1.7971904,-24.338497,-39.074486
2025-11-07 21:03:25.205435,Left,-282.18048,-187.58253,-105.84176,-27.291256,4.2618866,28.10816,51.536453,54.561478
2025-11-07 21:03:25.233883,Left,678.44257,940.39044,1249.9968,813.11127,654.6884,446.5904,1080.7561,1379.1277
2025-11-07 21:03:25.237883,Left,352.0766,547.9058,502.29605,484.95685,266.6082,148.59981,272.44843,437.2979
2025-11-07 21:03:25.241883,Left,682.11426,885.26495,1224.0262,766.56793,690.1322,571.8775,1185.8419,1462.9574
2025-11-07 21:03:25.245883,Left,662.4472,894.7377,1235.7012,778.4614,657.25964,493.0187,1113.6022,1408.9271
2025-11-07 21:03:25.249883,Left,683.9927,844.5818,1182.0103,715.59485,693.2665,633.8434,1228.7256,1485.1603
2025-11-07 21:03:25.253883,Left,685.5811,869.0917,1203.8364,745.6525,696.24365,599.3438,1206.7954,1470.8264
2025-11-07 21:03:25.257883,Left,14.652331,47.868835,67.901085,23.40418,-14.106109,-33.381348,28.341597,73.92277
2025-11-07 21:03:25.261883,Left,399.01434,627.6698,672.86194,602.961,383.60455,261.79944,479.02893,703.62726
2025-11-07 21:03:25.261636,Left,290.8481,32.490765,-67.36957,133.10713,-171.87416,-873.34436,-1284.9792,-1020.77386
2025-11-07 21:03:25.265636,Left,468.7518,320.25983,398.5723,322.21738,54.981476,-28.122967,50.41251,-307.39493
2025-11-07 21:03:25.269636,Left,293.68542,88.634766,-86.79045,111.9212,-129.53856,-857.40967,-1391.1559,-1037.5759
2025-11-07 21:03:25.273636,Left,327.93323,87.960724,-76.78125,131.08766,-128.42767,-826.3128,-1308.4752,-1035.5547
2025-11-07 21:03:25.277636,Left,267.34283,103.479485,-106.58977,83.88751,-119.80779,-862.19763,-1464.169,-1047.6982
2025-11-07 21:03:25.281636,Left,277.3021,88.08869,-98.35593,97.76277,-128.98907,-864.62384,-1422.3525,-1038.3462
2025-11-07 21:03:25.285636,Left,17.682022,-2.0867703,0.5183511,35.38659,8.703178,-40.981728,-68.43805,-74.56206
2025-11-07 21:03:25.289636,Left,552.1505,345.98657,345.25876,289.16986,8.587516,-162.47166,-177.89145,-480.43982
2025-11-07 21:03:25.304230,Left,-215.49951,-34.42111,-114.28675,-266.794,-31.271187,157.41096,-43.09705,-123.88947
2025-11-07 21:03:25.308230,Left,-399.6013,-417.31387,-448.50034,-370.01843,-232.20274,-244.6016,-228.12413,-96.78974
2025-11-07 21:03:25.312230,Left,-254.48499,-44.16111,-66.865906,-242.41658,-90.49728,153.70793,-5.832023,-122.75619
2025-11-07 21:03:25.316230,Left,-304.05145,-99.36911,-136.02002,-301.75583,-124.09134,109.15847,-44.374866,-134.26804
2025-11-07 21:03:25.320230,Left,-272.3471,-45.1466,-35.901096,-225.76402,-123.06304,153.31844,16.516176,-120.53693
2025-11-07 21:03:25.324230,Left,-254.1196,-39.360397,-53.82698,-238.78465,-102.560715,157.20782,1.9994133,-125.70783
2025-11-07 21:03:25.328230,Left,-13.727608,-4.4834514,-12.528129,-21.000944,-2.1244729,13.891636,10.098025,19.17981
2025-11-07 21:03:25.332230,Left,-438.04858,-405.1951,-419.15247,-366.35425,-237.4433,-215.64955,-204.59215,-93.09438
2025-11-07 21:03:25.336803,Left,-660.4648,-842.4549,-592.42816,-938.1113,-884.7078,-597.93207,-423.09177,-361.0144
2025-11-07 21:03:25.340803,Left,-76.51106,-27.356476,-24.852571,-100.19516,-154.48766,-286.2783,-281.94437,-98.03957
2025-11-07 21:03:25.344803,Left,-664.8552,-867.4731,-651.1559,-984.7113,-916.1863,-552.24744,-355.7071,-387.1149
2025-11-07 21:03:25.348803,Left,-621.032,-806.7689,-576.6467,-912.67004,-856.40845,-532.8339,-357.71735,-366.40884
2025-11-07 21:03:25.352803,Left,-665.64087,-874.05597,-674.75726,-1002.9413,-926.5358,-516.91895,-301.14352,-376.85672
2025-11-07 21:03:25.356803,Left,-672.73553,-875.5268,-658.3062,-993.2675,-922.9739,-540.91394,-337.0442,-382.2424
2025-11-07 21:03:25.360803,Left,-4.4335117,-9.810194,2.939262,-30.094261,-38.388058,-34.0463,-22.523067,-11.284072
2025-11-07 21:03:25.364803,Left,-146.65446,-144.06763,-136.61337,-252.97586,-297.2233,-374.2723,-354.712,-214.6809
2025-11-07 21:03:25.364436,Left,-157.51553,-149.52258,310.54584,326.22485,279.67346,354.59106,74.76355,-42.642902
2025-11-07 21:03:25.368436,Left,-189.24556,-42.2164,-86.10802,-123.252464,-12.530821,163.51663,61.24814,-11.225334
2025-11-07 21:03:25.372436,Left,-105.7808,-185.21489,320.69235,381.86328,305.7157,278.2958,36.439106,-22.811798
2025-11-07 21:03:25.376436,Left,-128.15714,-186.13757,290.85825,345.62967,289.84985,301.5599,59.9173,-12.453887
2025-11-07 21:03:25.380436,Left,-71.147736,-197.38435,338.9552,420.13776,324.07922,240.01196,15.68541,-13.597762
2025-11-07 21:03:25.384436,Left,-93.80936,-187.39345,333.77682,397.81485,309.459,262.43024,25.475306,-24.57068
2025-11-07 21:03:25.388436,Left,-27.527458,-25.705845,3.3965483,7.237806,17.289564,31.4729,2.8937294,-4.537367
2025-11-07 21:03:25.392436,Left,-222.80212,-114.687256,-67.75207,-48.940662,73.49897,228.57599,118.65281,55.22339
2025-11-07 21:03:25.406023,Left,35.47415,-21.775988,24.421967,-81.92752,-68.02461,-145.12054,178.48596,166.5061
2025-11-07 21:03:25.410023,Left,133.27963,204.54561,56.01324,89.93807,-30.97924,-62.426838,68.68894,10.425428
2025-11-07 21:03:25.414023,Left,8.789168,-82.086075,21.163918,-105.661545,-50.922546,-76.32286,203.6659,174.65968
2025-11-07 21:03:25.418023,Left,32.498985,-37.327595,57.643055,-72.50564,-40.881,-88.90819,201.78241,170.78178
2025-11-07 21:03:25.422023,Left,-0.09317958,-113.740944,11.393446,-121.01466,-41.044624,-38.149567,216.30637,178.32669
2025-11-07 21:03:25.426023,Left,6.419452,-93.28233,17.513058,-109.39216,-42.361206,-61.910618,210.40216,181.52785
2025-11-07 21:03:25.430023,Left,15.549564,16.263845,6.2895675,-2.882121,-16.178328,-16.176762,19.176674,1.6640913
2025-11-07 21:03:25.434023,Left,142.23592,184.17973,72.103096,54.956234,-60.40102,-82.739685,69.1192,2.7241328
2025-11-07 21:03:25.447336,Left,-102.16845,322.9403,806.0692,1051.3483,889.676,698.68256,737.9136,570.9062
2025-11-07 21:03:25.451336,Left,-124.27338,-151.02925,-124.13084,73.70201,127.65693,192.51399,336.89697,411.44727
2025-11-07 21:03:25.455336,Left,-59.5268,377.17242,879.49585,1098.6521,919.1005,726.09814,713.4465,547.8412
2025-11-07 21:03:25.459336,Left,-106.95042,305.62418,791.4273,1016.0782,867.75555,684.82965,683.08014,545.26514
2025-11-07 21:03:25.463336,Left,-40.70206,405.3995,912.44275,1109.1255,916.0955,724.7306,698.43536,530.0916
2025-11-07 21:03:25.467336,Left,-53.338707,392.12643,895.11566,1097.5487,911.0188,715.96405,705.4742,537.3765
2025-11-07 21:03:25.471336,Left,-41.649994,-26.430262,9.5306225,53.529236,39.602245,32.213074,41.86328,44.315323
2025-11-07 21:03:25.475336,Left,-136.81331,-96.8868,27.46791,270.1938,323.89728,363.80322,450.99698,504.4072
2025-11-07 21:03:25.489870,Left,38.085075,-64.74787,-157.22711,-165.93721,-48.377575,83.296196,35.583324,-128.55818
2025-11-07 21:03:25.493870,Left,376.58786,392.21445,336.0366,102.13934,99.484184,35.81875,1.4238045,5.8298197
2025-11-07 21:03:25.497870,Left,4.2323766,-102.3236,-204.2169,-161.93498,-55.871925,81.83142,69.61195,-125.00408
2025-11-07 21:03:25.501870,Left,49.00756,-65.58927,-173.47493,-148.24095,-51.265255,84.95889,68.470474,-116.120865
2025-11-07 21:03:25.505870,Left,-22.13761,-125.390335,-227.75761,-160.0548,-53.63491,83.877785,82.76517,-123.75765
2025-11-07 21:03:25.509870,Left,-6.962972,-113.67671,-213.41309,-158.39062,-49.511272,88.61403,72.91852,-124.00579
2025-11-07 21:03:25.513870,Left,2.892256,6.726857,-4.1658683,-27.68932,-8.922446,-1.1790079,5.6179867,-0.50690365
2025-11-07 21:03:25.517870,Left,382.00336,358.06064,268.9151,64.026665,61.256573,31.381937,33.923695,-3.4597363
2025-11-07 21:03:25.537668,Left,-113.69273,-490.34943,-548.29724,-555.6515,-660.70197,-230.09006,153.62752,598.06
2025-11-07 21:03:25.541668,Left,-50.53194,-64.50394,-180.21484,-339.91556,-417.26212,-428.78827,-334.72354,-265.2366
2025-11-07 21:03:25.545668,Left,-91.07086,-515.16077,-596.3078,-566.8379,-606.3389,-181.48955,157.46751,614.5903
2025-11-07 21:03:25.549668,Left,-80.34744,-484.2547,-570.0896,-563.65424,-640.069,-247.34886,106.67952,557.8022
2025-11-07 21:03:25.553668,Left,-78.456215,-526.4765,-620.0809,-571.7384,-568.40826,-141.5817,162.92215,619.3511
2025-11-07 21:03:25.557668,Left,-88.65455,-521.4393,-602.9594,-564.05524,-588.39294,-160.43929,162.60966,613.7649
2025-11-07 21:03:25.561668,Left,15.431378,-16.023146,-38.21808,-52.399506,-57.757904,-32.590496,-3.7888134,36.977173
2025-11-07 21:03:25.565668,Left,-59.198997,-144.33081,-275.62927,-421.49155,-499.16635,-458.40686,-299.87894,-142.69917
2025-11-07 21:03:25.579097,Left,61.822044,-43.611034,-337.8854,-216.34286,-331.6345,-608.3951,-346.77753,-192.26389
2025-11-07 21:03:25.583097,Left,56.920547,31.63886,71.496605,-3.8650763,-24.708273,55.401127,45.44328,147.65907
2025-11-07 21:03:25.587097,Left,10.090318,-62.79073,-322.03046,-176.41336,-270.26022,-639.8686,-324.65225,-210.42581
2025-11-07 21:03:25.591097,Left,42.80346,-24.400976,-295.4378,-153.46048,-257.5544,-592.86945,-306.57,-179.49452
2025-11-07 21:03:25.595097,Left,-31.006506,-86.96376,-312.79932,-157.14397,-232.69781,-650.55963,-307.10425,-219.98584
2025-11-07 21:03:25.599097,Left,-13.150462,-78.68399,-323.7783,-170.97282,-255.50493,-639.4,-314.52097,-212.00294
2025-11-07 21:03:25.603097,Left,20.479694,13.862329,2.8922346,1.0112628,-10.009773,-37.590477,-15.816686,1.3578978
2025-11-07 21:03:25.607097,Left,89.58549,46.203224,17.343288,-47.35421,-95.40989,-89.66651,-58.204155,48.006718
2025-11-07 21:03:25.608008,Left,-410.27628,-191.0197,291.69238,649.5934,304.87604,-7.521067,138.75998,73.38016
2025-11-07 21:03:25.612008,Left,-22.04995,-74.66131,-242.44698,-104.8943,35.193836,125.90301,-2.3961897,54.96906
2025-11-07 21:03:25.616008,Left,-422.93198,-202.82755,344.76852,703.59503,292.87225,-95.0563,114.0192,14.268054
2025-11-07 21:03:25.620008,Left,-413.86,-220.36424,292.0948,646.8401,267.04996,-72.39056,126.02676,31.349123
2025-11-07 21:03:25.624008,Left,-425.8047,-195.7309,384.11942,739.73865,292.4052,-148.25793,88.053474,-22.121286
2025-11-07 21:03:25.628008,Left,-424.47986,-195.42311,367.6574,721.5642,294.29868,-114.88707,105.73271,2.1811495
2025-11-07 21:03:25.632008,Left,-33.674213,-28.667362,-10.74377,29.539358,13.003043,-7.863804,-5.5819488,-6.429964
2025-11-07 21:03:25.636008,Left,-107.94111,-141.2051,-206.07875,3.1840827,87.84903,140.21913,69.400826,82.00611
2025-11-07 21:03:25.650766,Left,438.8305,444.22168,237.29395,-314.95312,-300.31104,12.5739765,89.669945,-281.98026
2025-11-07 21:03:25.654766,Left,181.58583,265.37637,222.66144,186.46191,158.99565,81.39035,-27.46914,-22.67211
2025-11-07 21:03:25.658766,Left,430.3279,382.80762,205.714,-294.87265,-308.5577,-2.3855357,114.49843,-242.28781
2025-11-07 21:03:25.662766,Left,431.6084,422.79745,251.2079,-263.6753,-280.10788,20.280497,119.72296,-244.97789
2025-11-07 21:03:25.666766,Left,429.24008,340.57834,176.38087,-284.51233,-311.81866,-12.392226,127.59372,-209.99571
2025-11-07 21:03:25.670766,Left,428.76874,366.2472,194.51773,-292.55508,-311.72583,-4.4849606,123.2819,-227.46088
2025-11-07 21:03:25.674766,Left,44.604977,45.167847,24.275766,-15.230216,-19.662764,-1.3720276,1.6743321,-16.003378
2025-11-07 21:03:25.678766,Left,233.97641,301.5276,237.97908,129.27762,84.576126,50.51769,-27.732603,-70.94707
2025-11-07 21:03:25.692373,Left,-653.0903,-194.0482,-94.478195,185.64136,438.65573,-27.514788,-208.45103,-135.75758
2025-11-07 21:03:25.696373,Left,-100.179184,-248.25386,-276.73965,-65.89893,145.78784,68.63652,-26.352818,-303.7454
2025-11-07 21:03:25.700373,Left,-732.9139,-179.73772,-22.861475,213.95316,366.6849,-77.271965,-245.12906,-72.47645
2025-11-07 21:03:25.704373,Left,-706.6694,-210.93106,-70.14479,191.34645,384.59082,-63.741173,-251.30486,-122.73888
2025-11-07 21:03:25.708373,Left,-770.2815,-156.69232,25.769093,225.8441,316.83673,-115.98884,-265.8542,-32.072235
2025-11-07 21:03:25.712373,Left,-749.38074,-167.01096,-3.8250763,214.72183,347.49466,-96.57723,-252.75743,-50.882286
2025-11-07 21:03:25.716373,Left,-47.70848,-26.30148,-18.189112,22.805777,50.584717,11.3295145,-13.974249,-34.44494
2025-11-07 21:03:25.720373,Left,-184.19466,-261.15784,-249.58131,-11.79978,188.5572,70.12829,-66.522514,-302.40198
2025-11-07 21:03:25.737731,Left,67.60188,-316.3745,-151.49704,131.28493,-18.379885,-146.95566,109.73262,268.68478
2025-11-07 21:03:25.741731,Left,-52.65224,-7.752226,36.345833,27.471754,69.006454,191.71143,148.17168,39.369324
2025-11-07 21:03:25.745731,Left,68.730286,-344.91296,-191.1245,126.53698,3.9004517,-184.09227,81.70853,302.11108
2025-11-07 21:03:25.749731,Left,75.41584,-314.533,-156.12265,148.59152,19.978033,-142.59647,105.77542,289.98245
2025-11-07 21:03:25.753731,Left,46.849537,-373.6138,-218.41866,121.01799,12.564634,-213.87338,60.473793,318.61365
2025-11-07 21:03:25.757731,Left,48.203083,-367.93494,-206.00407,123.59708,1.2600844,-200.08347,75.622696,312.29874
2025-11-07 21:03:25.761731,Left,23.307508,-5.5167394,-1.1467507,17.507965,15.216688,-4.7400556,-2.9778697,-4.888163
2025-11-07 21:03:25.765731,Left,47.11964,17.5448,36.816257,50.734325,75.65482,137.6859,102.85534,16.41058
2025-11-07 21:03:25.766763,Left,100.13505,51.29064,-27.17635,239.73367,542.3751,755.3162,890.2384,502.51968
2025-11-07 21:03:25.770763,Left,-21.512339,147.36638,-6.488728,-52.932095,-17.115715,131.61317,301.80936,267.91547
2025-11-07 21:03:25.774763,Left,155.79097,-3.2287908,-42.42498,292.5483,626.54865,770.58545,882.02277,524.4285
2025-11-07 21:03:25.778763,Left,129.41924,6.7743235,-53.80569,256.2721,563.4433,720.42487,876.48584,530.8554
2025-11-07 21:03:25.782763,Left,182.74864,-38.15027,-55.04128,316.51688,674.5042,788.034,875.35974,527.95416
2025-11-07 21:03:25.786763,Left,161.30656,-20.663319,-49.30558,299.17944,644.9846,784.0503,882.19965,523.6917
2025-11-07 21:03:25.790763,Left,-6.257102,1.6562238,-21.533848,-3.8293042,22.144592,41.39563,66.46367,37.501198
2025-11-07 21:03:25.794763,Left,-0.088058345,132.57524,11.350292,40.84365,116.045044,246.2203,438.78384,360.4009
2025-11-07 21:03:25.808684,Left,-432.24557,-106.091255,572.71,1093.2615,298.67087,-476.4851,-869.634,-695.89746
2025-11-07 21:03:25.812684,Left,76.32265,12.48726,127.12446,251.04773,253.60791,205.34973,-54.264824,-203.04684
2025-11-07 21:03:25.816684,Left,-421.40262,-41.55386,626.019,1078.1622,243.12529,-579.5491,-905.6045,-673.2834
2025-11-07 21:03:25.820684,Left,-421.36453,-74.51517,573.91327,1040.0227,262.0116,-513.8954,-843.7638,-665.3879
2025-11-07 21:03:25.824684,Left,-410.2553,-3.7291083,657.49036,1072.6493,203.39226,-649.19385,-941.8769,-659.6059
2025-11-07 21:03:25.828684,Left,-411.51184,-24.912605,638.63055,1080.9657,224.86966,-609.1914,-921.07245,-664.5192
2025-11-07 21:03:25.832684,Left,-63.225983,-29.679644,41.05879,88.73771,50.811443,-8.209811,-56.457493,-43.066063
2025-11-07 21:03:25.836684,Left,-31.499065,-23.657183,176.14876,341.33258,272.7572,124.89578,-140.45842,-281.78226
2025-11-07 21:03:25.854040,Left,-302.09204,-355.8823,-590.9191,-615.7777,-291.5716,-169.78825,-341.31857,-172.28258
2025-11-07 21:03:25.858040,Left,-321.33463,-351.89944,-196.56117,-257.2211,-349.02167,-415.78644,-286.18613,-191.1735
2025-11-07 21:03:25.862040,Left,-296.3238,-298.29163,-621.3233,-661.28046,-265.43353,-74.73178,-337.48044,-213.53719
2025-11-07 21:03:25.866040,Left,-294.98224,-312.9549,-604.6364,-634.4334,-266.78986,-116.350334,-351.29333,-191.30133
2025-11-07 21:03:25.870040,Left,-288.4941,-251.35101,-617.24963,-670.6619,-234.37933,9.992879,-298.81958,-218.77144
2025-11-07 21:03:25.874040,Left,-290.82565,-278.3096,-616.73926,-663.6641,-252.2617,-37.23711,-315.79572,-213.52853
2025-11-07 21:03:25.878040,Left,-7.764105,-6.562871,-14.7167635,-27.306992,-6.448323,0.7027524,-7.9355383,12.532547
2025-11-07 21:03:25.882040,Left,-331.7651,-374.18042,-299.43457,-357.7743,-383.8364,-440.57724,-374.13815,-233.04597
2025-11-07 21:03:25.894388,Left,-1286.7229,-111.26598,462.14124,517.5662,272.44904,-133.26674,-216.7185,280.57803
2025-11-07 21:03:25.898388,Left,-379.4743,-437.2727,-380.60526,-136.81544,146.71188,181.34686,236.77528,140.63748
2025-11-07 21:03:25.902388,Left,-1348.1777,-65.24528,586.8309,570.09875,148.3259,-199.67339,-284.99,280.6499
2025-11-07 21:03:25.906388,Left,-1320.6498,-121.49658,500.5189,531.49384,202.80405,-147.087,-230.24576,306.46954
2025-11-07 21:03:25.910388,Left,-1359.43,-11.419668,681.5155,608.7568,70.49873,-241.3368,-322.18686,275.28406
2025-11-07 21:03:25.914388,Left,-1349.6621,-36.6766,629.9208,583.35297,111.66755,-222.53142,-302.40088,278.3098
2025-11-07 21:03:25.918388,Left,-112.445496,-29.141573,23.535448,50.100895,44.01385,9.1908245,-1.5954429,23.72819
2025-11-07 21:03:25.922388,Left,-544.0335,-431.9411,-271.57095,-0.3067667,236.94882,195.61674,194.6217,162.53505
2025-11-07 21:03:25.949539,Left,-141.41187,357.65955,215.61339,186.93379,60.45932,330.74042,456.73032,739.65704
2025-11-07 21:03:25.953539,Left,242.93097,95.35334,153.19739,112.03607,54.838657,120.52087,231.62239,344.61487
2025-11-07 21:03:25.957539,Left,-178.64177,406.13672,210.59491,170.28166,118.703354,390.77692,454.09186,718.87585
2025-11-07 21:03:25.961539,Left,-156.33296,391.36072,212.03993,181.78146,98.009674,354.28122,453.22906,740.5854
2025-11-07 21:03:25.965539,Left,-210.31711,417.89532,193.16025,136.47218,132.65927,413.82092,432.8051,672.841
2025-11-07 21:03:25.969539,Left,-197.96355,406.7567,202.41148,154.58649,119.53771,401.3582,448.5712,699.322
2025-11-07 21:03:25.973539,Left,-17.036406,9.051229,-2.7061665,-10.466477,-16.804157,0.77576286,13.284154,47.565884
2025-11-07 21:03:25.977539,Left,173.86261,122.59007,161.49239,146.17021,94.65692,167.5842,280.15768,440.1951
2025-11-07 21:03:25.977122,Left,-155.55011,46.545395,87.31121,184.79388,405.2916,501.51825,379.65533,662.5005
2025-11-07 21:03:25.981122,Left,233.83286,65.530396,31.55739,35.60418,-51.410606,-181.7552,-132.88673,-30.265432
2025-11-07 21:03:25.985122,Left,-203.39334,64.51395,163.92976,198.07202,408.3416,561.4568,453.6361,685.05585
2025-11-07 21:03:25.989122,Left,-160.70094,61.79452,114.20588,161.4267,369.92615,491.04175,364.91565,620.41125
2025-11-07 21:03:25.993122,Left,-253.89648,57.79103,204.66719,197.47224,399.11896,590.9787,504.00705,702.08246
2025-11-07 21:03:25.997122,Left,-222.87207,64.76068,182.09361,198.47597,407.98892,578.7194,478.12674,696.05743
2025-11-07 21:03:26.001122,Left,-24.580528,-19.096231,-8.616775,-7.6279087,-2.7730718,-4.999764,-2.5551746,32.37146
2025-11-07 21:03:26.005122,Left,185.48457,46.269238,3.7375062,42.26271,26.870472,-50.093807,-17.926882,130.61034
2025-11-07 21:03:26.021104,Left,97.16158,191.58357,138.21828,110.556404,-162.54947,-504.22766,-175.1905,197.57927
2025-11-07 21:03:26.025104,Left,85.92078,95.42356,20.36238,42.49207,189.31665,38.52823,-82.51345,-157.18936
2025-11-07 21:03:26.029104,Left,86.630424,182.90195,138.91643,117.24876,-211.2526,-546.2318,-160.65056,283.57297
2025-11-07 21:03:26.033104,Left,70.97704,167.46596,136.24594,125.52117,-183.16373,-518.7557,-155.96991,241.60039
2025-11-07 21:03:26.037104,Left,78.359116,181.4475,136.8243,115.36047,-235.56978,-564.2287,-151.4377,338.5713
2025-11-07 21:03:26.041104,Left,79.79941,185.89325,141.92401,116.593994,-222.55449,-553.56116,-158.30887,304.66525
2025-11-07 21:03:26.045104,Left,5.7822547,13.053761,5.888969,16.442446,14.680675,-27.659973,-7.8336987,20.62573
2025-11-07 21:03:26.049104,Left,175.90948,156.31757,71.75793,86.123604,152.1633,-52.598106,-106.83047,-127.52077
2025-11-07 21:03:26.047493,Left,29.502823,-811.8434,-1467.8291,-774.585,-455.69534,-131.59065,77.58788,-371.13162
2025-11-07 21:03:26.051493,Left,-42.64764,-114.55965,-27.88956,-232.65686,-314.37344,-171.44562,116.718185,87.83309
2025-11-07 21:03:26.055493,Left,53.675808,-803.5932,-1540.1611,-740.13257,-367.3836,-73.12766,17.311045,-426.19833
2025-11-07 21:03:26.059493,Left,72.44496,-751.0233,-1451.6389,-737.53577,-387.94138,-81.28417,52.239887,-366.00925
2025-11-07 21:03:26.063493,Left,66.9269,-801.5548,-1572.9817,-695.62604,-298.24283,-33.133884,-12.812387,-458.39636
2025-11-07 21:03:26.067493,Left,51.52918,-814.56274,-1562.3844,-721.5407,-340.9695,-64.999596,-2.581095,-449.41605
2025-11-07 21:03:26.071493,Left,32.539196,-35.272015,-82.62793,-53.99012,-35.177376,7.8753057,47.36283,12.84173
2025-11-07 21:03:26.075493,Left,-31.297874,-199.35143,-245.66351,-383.91666,-399.34113,-205.27776,62.16351,-13.460005
2025-11-07 21:03:26.090116,Left,-351.3814,-427.37408,-530.5384,-408.40686,-195.38388,174.92877,197.65007,497.71085
2025-11-07 21:03:26.094116,Left,-98.76555,-51.387367,-16.614166,-189.9047,-175.98714,-259.3918,-379.1746,-182.5223
2025-11-07 21:03:26.098116,Left,-347.08313,-444.4788,-588.78296,-422.5696,-215.14156,186.02898,285.15607,538.06934
2025-11-07 21:03:26.102116,Left,-317.70413,-416.50134,-545.8346,-396.73087,-218.98926,146.76118,211.72456,479.74606
2025-11-07 21:03:26.106116,Left,-333.17175,-446.5397,-615.4821,-424.702,-216.75414,201.5157,336.95444,561.09424
2025-11-07 21:03:26.110116,Left,-336.7793,-441.9725,-592.6065,-409.9383,-202.60635,206.12302,311.6114,551.745
2025-11-07 21:03:26.114116,Left,-13.0105915,-14.852897,-25.540943,-41.34913,-33.915695,-21.401922,-26.259792,9.058348
2025-11-07 21:03:26.118116,Left,-234.2959,-190.4168,-172.67216,-303.9206,-241.71437,-252.335,-306.64276,-58.008743
2025-11-07 21:03:26.136615,Left,523.9893,-146.25104,172.53775,478.03085,232.04503,577.26996,799.085,461.50714
2025-11-07 21:03:26.140615,Left,91.12981,116.01961,106.16288,-60.586346,-167.2259,50.706387,107.5251,50.441704
2025-11-07 21:03:26.144615,Left,533.61865,-194.7436,124.589325,517.6133,342.9465,606.70056,802.5336,472.50537
2025-11-07 21:03:26.148615,Left,533.42773,-162.03015,138.83182,476.68924,271.60175,571.5389,780.9467,467.0399
2025-11-07 21:03:26.152615,Left,524.93146,-236.96652,91.705475,546.7179,416.54623,623.471,805.16187,474.95016
2025-11-07 21:03:26.156615,Left,524.429,-219.2798,110.4106,534.3262,373.02228,610.45374,806.73285,476.58673
2025-11-07 21:03:26.160615,Left,39.124516,-15.217219,2.3822803,9.364476,-11.300229,37.52918,58.1804,29.066883
2025-11-07 21:03:26.164615,Left,254.69617,169.0181,165.86719,36.601936,-73.21579,178.9183,242.00653,159.6131
2025-11-07 21:03:26.164255,Left,109.390686,6.3067765,-461.61603,-362.36383,-272.5025,-137.23904,234.58098,226.75157
2025-11-07 21:03:26.168255,Left,59.752396,57.836037,142.64066,-31.017172,-99.950005,1.8474251,-25.57968,-102.775894
2025-11-07 21:03:26.172255,Left,120.38062,5.4126787,-490.04443,-343.01318,-208.27429,-140.32257,243.01497,276.65082
2025-11-07 21:03:26.176255,Left,123.839386,27.004461,-445.63428,-334.49524,-236.25208,-163.74242,211.22511,235.78021
2025-11-07 21:03:26.180255,Left,129.78592,-5.5556726,-523.94727,-348.34357,-181.88712,-142.95142,242.78905,295.87564
2025-11-07 21:03:26.184255,Left,131.04099,-0.23240623,-516.38275,-355.43845,-205.80168,-141.93791,243.78159,281.05344
2025-11-07 21:03:26.188255,Left,8.939785,3.7947881,-16.246183,-29.5178,-27.162088,-15.614472,8.17917,5.21313
2025-11-07 21:03:26.192255,Left,63.029034,56.78021,85.23627,-78.40013,-146.83835,-79.975235,-25.717566,-56.330982
2025-11-07 21:03:26.205710,Left,-41.09981,111.71433,363.693,347.04306,278.2892,15.539399,-136.31168,-121.91733
2025-11-07 21:03:26.209710,Left,44.7765,57.007236,-105.90651,43.893982,48.90454,28.61718,42.01824,41.938557
2025-11-07 21:03:26.213710,Left,-71.83797,84.052216,395.6261,334.3429,251.1967,19.86734,-136.18538,-142.76833
2025-11-07 21:03:26.217710,Left,-79.29107,63.876015,353.657,316.95114,255.62238,31.994566,-124.58354,-124.299614
2025-11-07 21:03:26.221710,Left,-93.28662,71.760574,415.70718,330.1236,232.83852,8.79309,-138.60744,-148.59064
2025-11-07 21:03:26.225710,Left,-86.842674,77.06405,405.96948,335.43585,246.8144,10.219499,-139.54239,-141.21837
2025-11-07 21:03:26.229710,Left,-2.1256328,7.3666286,7.363503,22.55122,17.885351,7.4158278,-2.8816974,-5.620665
2025-11-07 21:03:26.233710,Left,51.3491,65.55789,-37.235973,90.99654,101.41367,87.72068,42.389038,9.138529
2025-11-07 21:03:26.247158,Left,-145.72272,-271.10684,-431.5616,-528.9177,-320.13788,-271.49167,-312.3067,-151.41486
2025-11-07 21:03:26.251158,Left,1.9937245,-1.0476192,143.09207,30.717245,-108.78045,-175.12311,-77.639145,-90.46326
2025-11-07 21:03:26.255158,Left,-137.2226,-247.32675,-470.63278,-560.8432,-294.5676,-207.27275,-303.03992,-121.734184
2025-11-07 21:03:26.259158,Left,-106.68588,-213.02365,-420.08606,-515.3004,-275.34723,-214.99124,-308.26804,-132.68031
2025-11-07 21:03:26.263158,Left,-137.3042,-236.75836,-483.75455,-577.67224,-284.31848,-168.20427,-279.52588,-93.236786
2025-11-07 21:03:26.267158,Left,-137.03186,-242.51653,-471.5752,-565.36566,-289.45438,-189.08943,-285.0799,-106.27427
2025-11-07 21:03:26.271158,Left,3.56923,-1.2223425,-2.4012525,-23.608791,-18.170403,-18.030745,-18.328571,-4.254903
2025-11-07 21:03:26.275158,Left,-21.653095,-44.814564,20.90221,-99.38159,-176.27292,-228.8207,-183.59868,-141.06398
2025-11-07 21:03:26.288499,Left,-475.7452,-202.17215,228.71774,696.03815,778.71545,648.6123,570.98914,207.50436
2025-11-07 21:03:26.292499,Left,-156.50525,-136.69621,-164.05829,-269.11346,-15.892049,93.69103,100.8346,96.165054
2025-11-07 21:03:26.296499,Left,-505.07422,-194.18098,263.22986,750.3063,776.92285,593.2224,555.74713,183.59602
2025-11-07 21:03:26.300499,Left,-486.8342,-218.51106,192.99823,660.9529,722.88446,589.11084,561.59406,205.49625
2025-11-07 21:03:26.304499,Left,-526.21326,-184.44936,301.77423,795.50134,785.9724,558.9375,530.09534,159.9625
2025-11-07 21:03:26.308499,Left,-514.68524,-190.24141,286.71677,781.674,789.36633,584.32715,541.1028,171.7475
2025-11-07 21:03:26.312499,Left,-52.04047,-31.498644,-10.724221,4.605392,35.874847,34.872883,41.768623,9.335776
2025-11-07 21:03:26.316499,Left,-209.37738,-148.05305,-130.24654,-148.28001,120.047356,237.2268,283.0376,199.41519
2025-11-07 21:03:26.331185,Left,214.99806,195.28104,29.49062,-314.86047,-398.99432,-176.44778,-75.08688,-243.31856
2025-11-07 21:03:26.335185,Left,200.56831,163.70616,162.64589,285.882,203.58841,58.177475,-21.207315,60.678604
2025-11-07 21:03:26.339185,Left,219.25044,199.73532,53.31632,-331.06415,-426.4136,-169.34253,-26.865261,-241.91104
2025-11-07 21:03:26.343185,Left,222.99391,224.6718,88.097145,-280.6187,-377.0066,-144.36775,-34.967922,-251.95464
2025-11-07 21:03:26.347185,Left,225.93016,194.56512,57.871025,-335.45535,-440.19986,-172.63248,-2.603681,-230.22308
2025-11-07 21:03:26.351185,Left,216.88876,192.45375,51.297314,-331.63037,-429.44995,-172.85722,-23.898682,-242.9465
2025-11-07 21:03:26.355185,Left,28.59766,23.349463,14.621421,-1.6092559,-24.220808,-17.51021,-10.811762,-17.33173
2025-11-07 21:03:26.359185,Left,233.00989,200.37907,174.87955,202.4579,96.17903,5.815659,-53.275463,-34.466263
2025-11-07 21:03:26.372593,Left,-259.39767,237.67679,148.90887,147.78648,234.36287,-269.99564,-441.96036,-228.89545
2025-11-07 21:03:26.376593,Left,-115.158,-138.5905,-63.974194,111.23335,156.43231,109.63009,-32.720055,-228.68729
2025-11-07 21:03:26.380593,Left,-304.13474,261.20776,191.27597,128.3326,146.72456,-347.505,-487.17865,-154.73363
2025-11-07 21:03:26.384593,Left,-315.66202,214.33127,148.59044,127.28054,194.04935,-303.7101,-464.39008,-187.66524
2025-11-07 21:03:26.388593,Left,-335.03925,272.52008,215.8177,112.09558,74.954414,-402.73508,-514.80505,-113.85054
2025-11-07 21:03:26.392593,Left,-319.0501,264.19073,197.40376,116.53419,112.92254,-372.26968,-495.64774,-137.752
2025-11-07 21:03:26.396593,Left,-38.277122,4.841793,13.920143,33.40742,38.610504,-8.469914,-44.059525,-39.754715
2025-11-07 21:03:26.400593,Left,-165.7723,-104.13957,-36.245293,130.28549,197.21912,64.29031,-113.699615,-250.77852
2025-11-07 21:03:26.414275,Left,64.58791,35.10442,-202.20479,-169.61737,-354.23453,-338.07294,-74.63985,33.697887
2025-11-07 21:03:26.418275,Left,5.6471934,-64.78726,-53.312298,-98.195656,14.972625,49.28432,-54.076782,-115.6391
2025-11-07 21:03:26.422275,Left,10.850953,47.75737,-219.14038,-143.0303,-344.61078,-362.6817,-68.4808,89.07263
2025-11-07 21:03:26.426275,Left,37.36544,66.816216,-177.91478,-117.153244,-322.1824,-326.10013,-52.000263,74.4516
2025-11-07 21:03:26.430275,Left,-23.15263,43.993683,-232.7146,-126.97481,-323.62885,-365.45267,-61.253613,126.159096
2025-11-07 21:03:26.434275,Left,4.409917,48.41582,-221.28897,-136.51233,-337.5875,-363.6107,-64.410385,105.69799
2025-11-07 21:03:26.438275,Left,11.575321,18.634352,-0.9771685,3.3538728,1.4228998,-13.345696,-10.748747,-11.937542
2025-11-07 21:03:26.442275,Left,13.568301,-12.494722,-64.6044,-109.87016,-65.35282,-44.960648,-92.39858,-130.47064
2025-11-07 21:03:26.455589,Left,-266.86465,-235.80554,132.69691,119.74507,149.01715,398.8427,35.118023,-39.473377
2025-11-07 21:03:26.459589,Left,-189.38159,-182.4292,-222.25166,-160.00323,3.3818388,82.01296,121.49831,92.62161
2025-11-07 21:03:26.463589,Left,-243.81808,-288.00296,150.50401,171.17642,152.28993,337.7216,-23.813036,-101.45267
2025-11-07 21:03:26.467589,Left,-281.23972,-298.1752,110.18952,126.4828,134.99014,353.27875,-0.31139588,-74.97449
2025-11-07 21:03:26.471589,Left,-224.44345,-317.5889,162.04031,201.60529,151.67223,292.16223,-62.838882,-138.05191
2025-11-07 21:03:26.475589,Left,-236.2598,-296.2259,159.99364,183.65749,149.32175,319.2593,-41.49635,-114.53124
2025-11-07 21:03:26.479589,Left,-25.214336,-27.730204,-1.0453507,6.478173,18.524174,33.3463,10.435098,-0.2691081
2025-11-07 21:03:26.483589,Left,-216.93277,-210.48021,-166.25542,-79.307625,88.75385,196.7633,173.59363,119.8644
2025-11-07 21:03:26.497086,Left,328.4582,83.892044,62.501717,186.48932,170.85332,-220.5672,-48.8917,-171.37958
2025-11-07 21:03:26.501086,Left,32.071083,120.12979,183.34702,149.76205,110.42884,186.96687,78.50996,70.5273
2025-11-07 21:03:26.505086,Left,353.19745,114.82753,52.897396,173.59079,185.87976,-218.18854,3.9971263,-108.59749
2025-11-07 21:03:26.509086,Left,350.11603,108.8595,66.83932,197.52435,210.01257,-186.18518,8.124135,-118.00887
2025-11-07 21:03:26.513086,Left,359.59317,128.2337,45.57176,159.61696,185.04074,-218.9647,32.75552,-68.63134
2025-11-07 21:03:26.517086,Left,356.22058,115.13668,46.504322,166.91731,183.04207,-223.98695,13.09357,-94.922455
2025-11-07 21:03:26.521086,Left,16.18221,8.644176,8.836986,14.268933,17.029785,0.68232375,-3.4842298,-18.351315
2025-11-07 21:03:26.525086,Left,94.04751,137.2372,175.39326,157.12483,127.992096,135.44997,49.6842,11.967597
2025-11-07 21:03:26.537302,Left,104.36755,540.8062,103.57697,-22.908634,136.81224,640.39716,472.44022,575.64685
2025-11-07 21:03:26.541302,Left,289.009,186.80775,125.57033,173.2938,116.33182,-100.588425,36.616844,102.229965
2025-11-07 21:03:26.545302,Left,50.048985,532.1181,100.22177,-61.02811,98.71079,714.2623,453.65366,528.00415
2025-11-07 21:03:26.549302,Left,69.39834,535.6272,98.577545,-63.14779,77.33415,638.04297,427.9014,533.51794
2025-11-07 21:03:26.553302,Left,20.121738,518.31616,84.86922,-93.92317,68.97376,749.25604,432.18768,478.94464
2025-11-07 21:03:26.557302,Left,38.851055,529.0515,94.10166,-74.7656,90.784,736.2868,448.04095,505.0864
2025-11-07 21:03:26.561302,Left,0.867652,23.405912,-15.444367,-16.502005,-11.398964,11.769902,27.319853,54.71484
2025-11-07 21:03:26.565302,Left,222.35358,206.98041,105.75037,130.66365,90.98766,-22.083893,103.230835,212.92209
2025-11-07 21:03:26.571212,Left,-462.2537,176.85121,207.68176,390.9729,459.7841,61.279167,-795.98926,-738.6877
2025-11-07 21:03:26.575212,Left,-160.04578,-347.21597,-430.3916,-150.34386,-50.986618,-88.73096,-93.78231,-87.43034
2025-11-07 21:03:26.579212,Left,-519.8991,227.46228,346.51218,405.88434,421.70065,47.114296,-795.8927,-761.47424
2025-11-07 21:03:26.583212,Left,-503.73404,167.05772,232.79532,369.21313,432.7564,77.855804,-751.58575,-711.0579
2025-11-07 21:03:26.587212,Left,-560.3716,260.26913,444.57385,421.7624,401.85513,42.90234,-779.7347,-750.3142
2025-11-07 21:03:26.591212,Left,-538.6705,243.94746,388.44583,408.47147,410.6131,41.571053,-795.6211,-755.39667
2025-11-07 21:03:26.595212,Left,-35.418255,0.34870228,4.2175035,46.960243,61.26766,30.997078,-29.464842,-27.170584
2025-11-07 21:03:26.599212,Left,-156.21626,-255.17079,-328.95804,-27.99618,58.194668,-32.83313,-164.88109,-214.30904
2025-11-07 21:03:26.611464,Left,-914.19135,-705.6105,-151.7818,-317.83334,-471.9425,-498.88522,157.63914,226.2567
2025-11-07 21:03:26.615464,Left,-184.95059,-109.88653,-216.82417,-204.99147,-315.58307,-463.80737,-320.78683,-86.8784
2025-11-07 21:03:26.619464,Left,-923.9412,-756.3703,-157.11789,-357.99338,-513.12134,-437.9241,230.77316,208.28975
2025-11-07 21:03:26.623464,Left,-876.946,-707.8892,-133.12479,-336.09045,-495.7832,-465.58365,175.47015,208.32266
2025-11-07 21:03:26.627464,Left,-894.0585,-748.6189,-129.40416,-355.48508,-517.4013,-384.9336,294.1179,208.47786
2025-11-07 21:03:26.631464,Left,-904.08307,-741.7895,-130.83849,-346.10648,-506.0969,-413.39856,262.54034,213.53894
2025-11-07 21:03:26.635464,Left,-47.016136,-28.096245,1.6615285,-17.079744,-47.184692,-56.4747,2.9990084,21.051306
2025-11-07 21:03:26.639464,Left,-367.5181,-295.11862,-315.54797,-309.8083,-410.30853,-515.09314,-294.82245,-65.83529
2025-11-07 21:03:26.654144,Left,-831.3445,-602.9661,-62.085217,137.42441,972.9182,1292.4645,1287.1919,785.69403
2025-11-07 21:03:26.658144,Left,124.04095,28.694574,-207.65987,-356.79688,-92.70398,84.26499,151.72404,220.18256
2025-11-07 21:03:26.662144,Left,-911.8144,-671.3096,-7.317592,313.15405,1068.1274,1327.0327,1321.6284,833.17163
2025-11-07 21:03:26.666144,Left,-816.1263,-617.0535,-51.167343,187.55954,956.47784,1251.5764,1269.2197,796.7353
2025-11-07 21:03:26.670144,Left,-976.88403,-726.07416,16.964228,413.88824,1109.472,1323.9403,1310.8783,829.0528
2025-11-07 21:03:26.674144,Left,-949.47845,-699.3024,3.0772977,353.37747,1082.2089,1323.5872,1311.6171,818.43896
2025-11-07 21:03:26.678144,Left,-44.86519,-57.71419,-49.27338,-45.4674,33.289364,65.58696,72.73595,49.65015
2025-11-07 21:03:26.682144,Left,30.933302,-52.295776,-222.05151,-327.20013,77.71694,314.00012,420.02676,446.95718
2025-11-07 21:03:26.697982,Left,31.361414,132.57559,264.39786,164.8747,54.042736,256.4926,252.54865,129.4756
2025-11-07 21:03:26.701982,Left,424.54102,328.77075,185.72304,167.0196,282.38077,212.26134,146.66594,226.31299
2025-11-07 21:03:26.705982,Left,-13.356517,120.848404,325.88,226.20644,16.373741,249.95717,298.5181,151.57056
2025-11-07 21:03:26.709982,Left,15.265349,132.77971,306.62967,201.53357,21.042318,245.29987,286.18195,158.44226
2025-11-07 21:03:26.713982,Left,-65.65965,92.696236,341.6361,242.24438,-19.627668,237.867,317.62036,160.12778
2025-11-07 21:03:26.717982,Left,-40.534798,108.86319,332.73184,231.8785,5.3478293,252.0399,309.26514,155.27002
2025-11-07 21:03:26.721982,Left,-3.1122532,-4.8561354,2.8629096,0.8615717,-1.9590727,16.321453,21.966314,24.762491
2025-11-07 21:03:26.725982,Left,444.39026,338.99347,221.20526,181.2284,234.54472,192.899,150.37779,209.72699
2025-11-07 21:03:26.739417,Left,-434.4757,-827.8967,-767.57416,-269.3399,428.5911,1093.2935,869.9827,544.46027
2025-11-07 21:03:26.743417,Left,10.411101,-81.80804,-68.290794,-95.82602,-51.952194,-195.1645,79.136116,129.03189
2025-11-07 21:03:26.747417,Left,-416.87415,-825.7298,-843.2287,-301.35696,405.9897,1174.1598,855.2259,507.11734
2025-11-07 21:03:26.751417,Left,-406.85974,-817.9499,-821.5336,-324.16083,350.5578,1069.1528,823.86414,522.3205
2025-11-07 21:03:26.755417,Left,-405.97733,-819.11316,-877.1365,-308.2336,408.85583,1235.1931,852.6647,482.98367
2025-11-07 21:03:26.759417,Left,-417.89297,-830.40497,-857.9811,-306.10028,410.33405,1205.8374,856.47473,495.84537
2025-11-07 21:03:26.763417,Left,-33.10666,-67.72495,-70.71029,-33.866943,17.121046,52.643177,66.31072,50.397118
2025-11-07 21:03:26.767417,Left,-62.74093,-205.13438,-215.24287,-146.4879,-17.189194,-37.917164,190.60294,213.96176
2025-11-07 21:03:26.767020,Left,-441.7238,-278.51367,-495.93048,-325.06274,-258.27518,-273.89835,-417.01636,-350.08456
2025-11-07 21:03:26.771020,Left,-28.815954,-130.26889,-125.09655,-176.84383,-174.11456,-1.2363327,-73.4332,-247.36896
2025-11-07 21:03:26.775020,Left,-466.28708,-267.1868,-470.4839,-294.9667,-202.19609,-308.42465,-462.9607,-317.75137
2025-11-07 21:03:26.779020,Left,-432.9078,-254.65201,-462.27176,-282.12262,-196.62299,-272.6924,-412.95392,-309.0946
2025-11-07 21:03:26.783020,Left,-472.4675,-253.79025,-451.6559,-272.55585,-161.15466,-313.72525,-483.99704,-294.70654
2025-11-07 21:03:26.787020,Left,-465.86023,-259.1153,-468.4798,-285.7929,-183.60867,-303.29355,-463.5452,-302.23425
2025-11-07 21:03:26.791020,Left,-22.430252,-13.69885,-18.01775,-10.395499,0.18377234,10.352649,-9.552904,-21.005909
2025-11-07 21:03:26.795020,Left,-117.579994,-190.64677,-194.86253,-215.04854,-197.98494,-72.77562,-150.20537,-287.058
2025-11-07 21:03:26.808478,Left,243.73097,151.20534,-327.21954,-462.17557,-239.21924,454.29364,1131.8455,1034.993
2025-11-07 21:03:26.812478,Left,-239.76338,-309.6647,-191.01324,-20.91665,-83.36643,-82.96569,-253.72461,88.73012
2025-11-07 21:03:26.816478,Left,286.1562,233.47008,-322.8269,-575.65204,-277.1713,462.82632,1245.1073,1048.326
2025-11-07 21:03:26.820478,Left,232.54543,172.22336,-329.2437,-531.5536,-277.70593,407.27142,1131.4447,1007.7432
2025-11-07 21:03:26.824478,Left,329.28207,291.235,-323.8137,-646.6209,-296.32907,485.68298,1334.1241,1066.8494
2025-11-07 21:03:26.828478,Left,312.35135,258.87036,-330.62933,-610.13745,-289.75372,475.31497,1291.9485,1058.2296
2025-11-07 21:03:26.832478,Left,8.952002,-3.8478572,-28.753443,-33.349213,-25.827894,19.49839,49.18835,76.499596
2025-11-07 21:03:26.836478,Left,-239.85356,-268.64426,-187.6881,-64.79839,-63.978462,9.259769,-50.3186,260.6065
2025-11-07 21:03:26.849937,Left,-471.47144,-357.07526,-51.055584,-89.852,-58.046894,-127.27649,-366.72885,-307.74692
2025-11-07 21:03:26.853937,Left,157.81622,131.98845,72.77484,52.345016,1.1033609,-22.343504,121.86635,-38.042732
2025-11-07 21:03:26.857937,Left,-487.18555,-379.168,-42.240196,-37.848022,-23.524408,-72.150116,-396.28378,-316.2688
2025-11-07 21:03:26.861937,Left,-436.74658,-339.56284,-24.31962,-36.638233,-17.631964,-72.21863,-371.44476,-316.95578
2025-11-07 21:03:26.865937,Left,-501.9728,-393.092,-43.98327,-20.570572,-17.94115,-53.129578,-417.846,-325.2597
2025-11-07 21:03:26.869937,Left,-501.4428,-386.05942,-43.41778,-37.976505,-25.869843,-69.7971,-408.79684,-321.0385
2025-11-07 21:03:26.873937,Left,-23.671679,-23.094223,-3.7626967,2.2039692,-5.0561748,-8.683402,-18.004366,-35.28213
2025-11-07 21:03:26.877937,Left,124.76172,60.046078,31.699923,26.33324,-20.295162,-45.37728,25.945791,-104.31879
2025-11-07 21:03:26.891381,Left,536.918,297.16174,18.27835,-184.0891,-830.7495,-507.177,99.69066,557.5674
2025-11-07 21:03:26.895381,Left,25.647987,121.363815,304.63187,263.28818,10.769247,7.713189,-32.920387,-192.6834
2025-11-07 21:03:26.899381,Left,568.6148,304.65186,-56.14774,-302.50818,-887.1066,-519.7796,126.240524,630.40936
2025-11-07 21:03:26.903381,Left,513.0081,298.7623,-1.0953887,-206.76938,-824.3321,-507.29538,77.110245,546.6277
2025-11-07 21:03:26.907381,Left,594.4048,305.57706,-106.69848,-386.32498,-927.05457,-525.59863,153.6532,683.1212
2025-11-07 21:03:26.911381,Left,583.0523,304.71375,-78.013985,-335.17737,-903.20984,-523.00323,140.84076,659.9953
2025-11-07 21:03:26.915381,Left,37.294773,36.9658,34.728436,7.5467625,-66.68494,-38.643204,-0.7898124,10.938544
2025-11-07 21:03:26.919381,Left,79.5188,168.64035,299.5002,239.62032,-100.65237,-82.406944,-74.14874,-156.12233
2025-11-07 21:03:26.936608,Left,29.799635,-498.38937,-547.4082,-80.54263,138.65515,106.298325,-210.53683,-578.34296
2025-11-07 21:03:26.940608,Left,149.02257,76.39581,62.50461,17.214413,-28.422394,-97.5829,-226.92838,-141.84955
2025-11-07 21:03:26.944608,Left,-9.928642,-524.53326,-600.549,-100.91147,179.49117,122.45471,-157.84114,-577.2781
2025-11-07 21:03:26.948608,Left,45.89959,-475.13373,-550.56903,-77.544846,175.17168,118.45577,-178.41443,-589.8078
2025-11-07 21:03:26.952608,Left,-53.711365,-546.32825,-628.8705,-108.94609,200.52568,128.45068,-129.78738,-570.1065
2025-11-07 21:03:26.956608,Left,-33.3337,-533.17847,-606.30707,-96.12865,189.35611,126.84387,-146.85245,-574.556
2025-11-07 21:03:26.960608,Left,21.548626,-28.549778,-39.86846,-7.197211,17.470045,1.4233178,-34.496063,-57.83219
2025-11-07 21:03:26.964608,Left,187.36345,5.8229666,-51.44464,-41.186893,-25.12799,-87.52551,-235.40009,-229.5186
2025-11-07 21:03:26.978055,Left,514.47534,241.54056,-291.80936,-134.34575,24.864092,49.578,285.7424,118.98788
2025-11-07 21:03:26.982055,Left,-92.07609,143.89525,8.17621,-144.42859,-225.6072,-103.98424,-49.494946,80.260895
2025-11-07 21:03:26.986055,Left,556.0292,170.27434,-356.18494,-121.65219,103.15581,70.559555,323.5926,92.74577
2025-11-07 21:03:26.990055,Left,522.63214,187.78842,-329.33136,-129.1734,50.885345,21.530922,278.1673,83.913345
2025-11-07 21:03:26.994055,Left,573.0518,124.78469,-396.5298,-117.77112,154.8976,102.00597,357.3016,86.25884
2025-11-07 21:03:26.998055,Left,560.84015,148.37799,-374.5898,-122.27601,123.72077,88.069214,336.03677,86.101105
2025-11-07 21:03:27.002055,Left,35.695904,35.820667,-21.099125,-20.53102,-13.700694,-7.0697265,22.335201,20.346983
2025-11-07 21:03:27.006055,Left,45.629406,216.46843,20.094461,-88.68127,-156.56064,-84.23172,22.838306,123.91549
2025-11-07 21:03:27.020662,Left,-187.24117,-173.90912,125.69638,-321.9449,-467.77182,-468.2862,-121.17993,242.53574
2025-11-07 21:03:27.024662,Left,115.58964,204.52501,155.46619,165.71129,90.86635,-57.46439,-25.16719,-53.467308
2025-11-07 21:03:27.028662,Left,-191.80037,-207.08429,92.87862,-377.4546,-520.8887,-422.68152,-99.84982,314.37582
2025-11-07 21:03:27.032662,Left,-175.96216,-175.756,132.64482,-322.59827,-461.24026,-400.1321,-84.82007,296.40656
2025-11-07 21:03:27.036662,Left,-188.11632,-219.55223,71.19583,-411.74615,-556.65686,-405.11917,-94.38952,350.68802
2025-11-07 21:03:27.040662,Left,-196.64687,-216.69357,83.09203,-392.0804,-534.42255,-419.25058,-97.91295,328.3991
2025-11-07 21:03:27.044662,Left,5.166526,14.181131,28.580606,-6.2156363,-27.69179,-32.80776,-11.988632,13.88927
2025-11-07 21:03:27.048662,Left,89.99693,147.48639,139.87683,62.805305,-35.635025,-151.75352,-84.053925,-51.012848
2025-11-07 21:03:27.047094,Left,92.51552,-240.18599,-755.82025,-45.0592,341.83392,439.99097,166.34973,256.4111
2025-11-07 21:03:27.051094,Left,-25.84196,-159.52255,-102.19362,-156.65305,-236.2614,-147.26086,55.697872,-30.774012
2025-11-07 21:03:27.055094,Left,103.05003,-194.40926,-761.4081,-9.122799,421.72305,493.00723,118.286156,270.20917
2025-11-07 21:03:27.059094,Left,110.39496,-200.97823,-756.19415,-53.301865,353.8392,441.72632,106.64995,231.52348
2025-11-07 21:03:27.063094,Left,100.209435,-176.18353,-762.811,20.235962,468.98544,512.3421,81.591995,269.91418
2025-11-07 21:03:27.067094,Left,100.85958,-189.62271,-763.8741,8.329002,445.60034,499.26404,101.023674,264.98502
2025-11-07 21:03:27.071094,Left,3.092788,-31.588888,-67.91831,-27.952408,-7.9643803,11.306987,5.5448,6.5622163
2025-11-07 21:03:27.075094,Left,-22.30239,-179.47212,-217.37854,-174.30975,-160.0608,-28.870996,112.61566,73.90327
2025-11-07 21:03:27.089636,Left,589.2794,459.85193,362.6061,-272.22427,-527.85077,-455.7769,-315.63684,-375.21198
2025-11-07 21:03:27.093636,Left,120.72712,242.58751,186.9252,175.71266,196.13463,137.40538,-6.274391,14.235184
2025-11-07 21:03:27.097636,Left,584.19556,392.61087,329.99408,-302.80768,-593.2237,-515.239,-295.00165,-373.46082
2025-11-07 21:03:27.101636,Left,548.3671,408.0818,363.78308,-249.76338,-528.49884,-454.87686,-261.58325,-341.98654
2025-11-07 21:03:27.105636,Left,590.6664,355.64954,296.34546,-327.68607,-628.3191,-546.99084,-290.37488,-373.52762
2025-11-07 21:03:27.109636,Left,589.08,378.1584,309.33234,-315.985,-605.07837,-523.38745,-294.4612,-375.905
2025-11-07 21:03:27.113636,Left,43.750603,46.97382,44.83147,1.2809763,-18.074686,-18.450108,-11.516286,-14.078137
2025-11-07 21:03:27.117636,Left,227.19073,328.30896,307.10165,164.31,89.44985,17.266024,-72.31664,-82.001595
2025-11-07 21:03:27.134850,Left,56.634174,-309.75903,-340.87073,-440.51767,-507.5355,225.1655,487.68396,811.471
2025-11-07 21:03:27.138850,Left,-12.035366,31.867073,-24.37489,-196.9129,-366.34433,-312.90472,-168.12921,-60.313984
2025-11-07 21:03:27.142850,Left,94.2961,-336.47186,-398.03296,-469.61984,-443.07767,301.5289,495.71207,790.46814
2025-11-07 21:03:27.146850,Left,105.31457,-297.7036,-369.72534,-464.6355,-482.22754,218.03181,438.73584,756.7972
2025-11-07 21:03:27.150850,Left,116.06488,-355.13217,-426.59198,-481.42862,-402.55994,360.37634,511.90024,775.80225
2025-11-07 21:03:27.154850,Left,102.00042,-346.9004,-405.71805,-468.17044,-424.90256,334.7262,513.1,790.77234
2025-11-07 21:03:27.158850,Left,17.961914,-8.6242075,-28.832369,-59.18287,-73.21535,-19.183968,6.2995577,42.831074
2025-11-07 21:03:27.162850,Left,-42.930424,-53.566315,-127.10343,-297.7099,-431.28067,-273.48138,-86.95043,101.49092
2025-11-07 21:03:27.175060,Left,284.68552,-102.38421,32.444107,-24.52119,13.389226,-584.6468,-819.5364,-708.7944
2025-11-07 21:03:27.179060,Left,-1.8797516,108.66263,90.64498,213.83449,257.81555,164.14606,67.448555,-160.73286
2025-11-07 21:03:27.183060,Left,324.96188,-108.45639,71.43439,-27.424366,-62.129993,-660.6783,-907.23425,-691.6948
2025-11-07 21:03:27.187060,Left,314.88913,-104.47063,71.410355,-2.5488708,3.3816724,-589.78296,-830.061,-654.54956
2025-11-07 21:03:27.191060,Left,345.11267,-98.58882,100.652565,-27.316643,-114.64334,-709.49896,-960.01056,-685.9669
2025-11-07 21:03:27.195060,Left,332.25964,-100.931656,84.26648,-30.001255,-85.19821,-686.66925,-932.1024,-693.5912
2025-11-07 21:03:27.199060,Left,19.313099,-4.25275,15.394511,26.3747,27.649847,-14.463184,-37.67981,-40.79794
2025-11-07 21:03:27.203060,Left,112.64897,119.052956,114.759445,208.07417,244.95445,53.454567,-90.84078,-270.33878
2025-11-07 21:03:27.203946,Left,163.13736,503.1714,-69.54842,34.7031,302.81396,399.69724,629.4239,589.10297
2025-11-07 21:03:27.207946,Left,66.89558,-26.711273,-12.277775,30.678173,-167.29312,-404.93512,-138.51846,-12.920099
2025-11-07 21:03:27.211946,Left,131.1667,567.92004,-73.92934,-23.64694,318.0719,546.4696,677.236,566.3423
2025-11-07 21:03:27.215946,Left,139.65166,539.5246,-71.076355,-17.663673,266.0566,431.639,614.60425,537.63367
2025-11-07 21:03:27.219946,Left,114.751976,598.98895,-86.40481,-63.547035,334.41165,642.48334,700.0932,548.197
2025-11-07 21:03:27.223946,Left,125.08504,577.277,-79.96721,-36.692688,334.88007,593.1004,685.0815,560.5663
2025-11-07 21:03:27.227946,Left,10.463594,28.084908,-20.654734,-8.398574,-2.7477894,-3.18629,49.13742,50.260757
2025-11-07 21:03:27.231946,Left,16.853392,11.730564,-37.691147,8.082826,-146.76439,-321.54236,-13.174709,91.30816
2025-11-07 21:03:27.247927,Left,-79.57443,258.1705,488.03812,247.51048,99.28933,62.26812,-91.68038,-108.68459
2025-11-07 21:03:27.251927,Left,-176.70334,-48.332474,51.524902,98.21946,97.130455,31.829227,185.32956,119.301636
2025-11-07 21:03:27.255927,Left,-23.970152,270.094,464.34418,230.37726,87.95598,125.28874,-87.02081,-67.676
2025-11-07 21:03:27.259927,Left,-66.03696,242.92238,468.77725,256.79028,123.59622,128.65866,-72.63206,-61.347946
2025-11-07 21:03:27.263927,Left,12.370961,284.94632,445.41193,201.7324,70.62075,162.32594,-73.97651,-37.29135
2025-11-07 21:03:27.267927,Left,-3.5207412,286.18265,461.71924,211.7222,77.25182,138.18214,-82.23767,-58.924095
2025-11-07 21:03:27.271927,Left,-25.466787,7.094545,37.442104,36.018047,18.675133,11.522988,10.632052,1.9960088
2025-11-07 21:03:27.275927,Left,-123.72893,11.597107,157.19719,212.75768,146.86092,53.76926,125.72538,65.94352
2025-11-07 21:03:27.289282,Left,-284.42313,-150.97366,97.10635,331.56238,303.58542,675.2611,727.124,-244.71735
2025-11-07 21:03:27.293282,Left,216.85974,182.89218,-8.661806,84.23949,254.90805,371.45514,266.52603,167.27586
2025-11-07 21:03:27.297282,Left,-343.3668,-215.49266,137.95369,365.11465,252.1267,594.16345,722.5938,-298.48865
2025-11-07 21:03:27.301282,Left,-301.68835,-184.5786,123.58153,335.61313,253.45541,611.9424,726.1433,-268.20306
2025-11-07 21:03:27.305282,Left,-372.46735,-247.56335,161.90962,385.25433,220.73123,539.6071,704.0023,-348.8342
2025-11-07 21:03:27.309282,Left,-357.78888,-228.24406,146.21252,370.3779,236.96365,570.59625,709.532,-326.30298
2025-11-07 21:03:27.313282,Left,-20.61641,-23.50688,-21.546234,0.5979659,10.724071,51.16098,55.45986,-26.464071
2025-11-07 21:03:27.317282,Left,111.58885,90.30695,-22.75774,93.31322,225.96895,380.9639,328.77753,99.129585
2025-11-07 21:03:27.330720,Left,421.69122,650.0836,493.11127,-69.235466,-491.1423,-272.78473,139.28934,1.7181714
2025-11-07 21:03:27.334720,Left,-369.26254,-221.29774,-146.10843,51.03782,-69.44742,-139.6942,-128.28096,52.680447
2025-11-07 21:03:27.338720,Left,586.183,717.59,511.23914,-151.40129,-543.7567,-274.5489,197.1275,-0.14459907
2025-11-07 21:03:27.342720,Left,449.01178,634.7551,479.043,-121.57209,-506.40295,-245.5642,198.64853,20.491215
2025-11-07 21:03:27.346720,Left,687.48676,753.49005,503.98203,-219.97495,-579.59625,-278.34982,231.2608,5.4345217
2025-11-07 21:03:27.350720,Left,636.9899,742.0204,510.89883,-183.60712,-553.3189,-270.53876,214.00934,1.1338385
2025-11-07 21:03:27.354720,Left,-12.922949,30.004564,38.030468,22.555916,-20.333124,-6.2242575,34.840607,44.007732
2025-11-07 21:03:27.358720,Left,-311.70688,-92.10627,21.899942,153.06233,-28.105593,-74.55017,-18.932222,99.07825
2025-11-07 21:03:27.372241,Left,-1220.0631,-567.6617,-495.9502,-374.73312,94.00865,294.71982,-231.25696,208.91899
2025-11-07 21:03:27.376241,Left,-69.69228,-239.6911,-293.0776,-161.20941,-50.62603,-233.60773,-284.78476,-170.6269
2025-11-07 21:03:27.380241,Left,-1313.5642,-544.7269,-421.6288,-364.74564,17.984211,316.9014,-164.42436,252.73633
2025-11-07 21:03:27.384241,Left,-1227.6443,-541.7833,-451.7452,-375.27524,36.32125,289.533,-201.90948,214.85223
2025-11-07 21:03:27.388241,Left,-1349.5166,-502.47632,-346.51175,-332.69644,-11.238248,347.10672,-102.67654,300.0102
2025-11-07 21:03:27.392241,Left,-1328.7052,-521.3862,-388.17288,-354.4732,3.5865946,331.09927,-141.38005,272.68927
2025-11-07 21:03:27.396241,Left,-78.6531,-47.598568,-46.200832,-27.589603,8.512257,4.031153,-34.673996,10.578805
2025-11-07 21:03:27.400241,Left,-278.8873,-380.4121,-404.51895,-257.1769,-90.022964,-193.7532,-283.10184,-119.25797
2025-11-07 21:03:27.414887,Left,-197.02275,-787.8742,-376.63095,151.61937,65.928116,447.83405,-9.482046,-350.52002
2025-11-07 21:03:27.418887,Left,48.84373,-44.78096,-105.614685,-220.24408,-167.1003,-97.29505,-16.976202,172.00603
2025-11-07 21:03:27.422887,Left,-224.3099,-835.19476,-404.33987,215.97694,140.11159,529.1962,35.80001,-447.2434
2025-11-07 21:03:27.426887,Left,-178.279,-775.12683,-366.58853,188.36697,92.082634,486.48102,29.047401,-382.15198
2025-11-07 21:03:27.430887,Left,-241.16853,-859.9383,-419.56458,261.43808,200.08992,579.40576,57.91801,-515.5421
2025-11-07 21:03:27.434887,Left,-243.09305,-850.9818,-410.14413,239.3117,168.12988,552.59174,44.219513,-474.40527
2025-11-07 21:03:27.438887,Left,16.756334,-47.173447,-28.711731,1.0514628,2.5114768,35.701534,7.2313275,-12.472218
2025-11-07 21:03:27.442887,Left,74.05257,-120.101875,-140.7781,-194.47969,-170.30713,-38.378124,-8.445378,109.22241
2025-11-07 21:03:27.456391,Left,-228.7864,-156.3988,-276.72882,-103.68415,565.18524,522.9754,563.8616,191.99658
2025-11-07 21:03:27.460391,Left,2.6351483,171.36375,131.60378,134.00983,-23.061556,158.18173,205.21417,166.22615
2025-11-07 21:03:27.464391,Left,-169.92175,-235.76108,-314.0016,-138.76486,645.09076,522.5532,540.9258,221.45766
2025-11-07 21:03:27.468391,Left,-180.53957,-192.74615,-294.49957,-135.478,589.93286,499.67065,538.8742,209.18881
2025-11-07 21:03:27.472391,Left,-153.71622,-309.7412,-358.61267,-175.47055,676.4192,503.99155,498.93494,211.37231
2025-11-07 21:03:27.476391,Left,-168.65805,-271.24945,-338.15515,-154.13672,662.95624,517.9069,522.796,209.86526
2025-11-07 21:03:27.480391,Left,-15.631604,-3.8626146,-21.07663,-16.717436,16.939043,20.113182,23.671003,-1.265526
2025-11-07 21:03:27.484391,Left,-14.49199,140.46964,89.6474,92.21877,36.791306,188.6065,253.05661,189.14935
2025-11-07 21:03:27.489033,Left,864.0495,792.57837,-135.02657,113.1205,340.57373,116.77836,895.4416,1019.1632
2025-11-07 21:03:27.493033,Left,196.26599,195.71631,173.53809,86.19476,-190.20686,-345.04257,-79.06157,52.045
2025-11-07 21:03:27.497033,Left,865.5098,856.1704,-179.95618,43.897625,382.51074,261.0823,952.5503,1011.44543
2025-11-07 21:03:27.501033,Left,848.7511,813.7853,-153.91902,64.165306,325.73346,139.5507,863.3318,975.65924
2025-11-07 21:03:27.505033,Left,846.83453,880.89655,-221.81912,-10.483058,410.18066,372.97327,1004.7222,1011.17633
2025-11-07 21:03:27.509033,Left,864.6001,869.462,-194.60863,26.86306,405.50668,320.57675,979.28906,1011.99225
2025-11-07 21:03:27.513033,Left,57.776264,64.26584,-14.772439,-6.1900764,-12.993702,-37.50768,55.80548,80.103775
2025-11-07 21:03:27.517033,Left,290.61688,291.91254,173.6976,141.06221,-84.62416,-264.02698,110.23197,251.65341
2025-11-07 21:03:27.531755,Left,-637.03284,-238.93018,57.30927,-228.47198,-249.06152,28.714949,-181.96094,-702.1756
2025-11-07 21:03:27.535755,Left,107.55121,39.846397,-18.053808,67.46345,93.61009,-39.538475,-181.04591,-125.318085
2025-11-07 21:03:27.539755,Left,-669.6876,-242.11543,110.484436,-196.26062,-265.68948,48.469097,-119.71658,-689.04724
2025-11-07 21:03:27.543755,Left,-626.0709,-217.27295,102.04719,-203.01527,-242.73515,52.046524,-134.41058,-690.03955
2025-11-07 21:03:27.547755,Left,-681.5505,-240.40839,145.77188,-165.58398,-270.44543,60.55832,-82.7461,-673.57025
2025-11-07 21:03:27.551755,Left,-678.4468,-242.8524,121.39379,-190.53116,-274.1844,49.018932,-109.01307,-687.1948
2025-11-07 21:03:27.555755,Left,-36.962765,-14.981524,5.6942244,-4.978024,-5.913953,4.099707,-20.093433,-53.08066
2025-11-07 21:03:27.559755,Left,17.22805,-24.721691,-51.628345,-27.763668,0.31499514,-66.34614,-208.90118,-236.52794
2025-11-07 21:03:27.573235,Left,350.6851,-25.335226,-378.29617,-829.5736,-643.25195,-415.7799,63.917664,459.45615
2025-11-07 21:03:27.577235,Left,-100.19319,132.10022,-13.876089,-18.284477,-33.58213,-23.007742,-0.7856263,-180.87663
2025-11-07 21:03:27.581235,Left,417.1537,-68.95308,-373.72998,-853.9249,-701.8641,-457.9041,17.999506,529.21436
2025-11-07 21:03:27.585235,Left,396.5576,-34.514366,-344.70312,-808.3958,-651.45184,-437.65958,18.657913,479.49683
2025-11-07 21:03:27.589235,Left,455.2491,-95.45958,-371.5941,-865.008,-729.60297,-473.45248,1.4328156,578.27783
2025-11-07 21:03:27.593235,Left,431.5817,-82.2473,-374.36108,-859.4403,-706.8164,-462.40927,14.5298815,551.3957
2025-11-07 21:03:27.597235,Left,34.57598,27.314611,-10.595779,-45.535446,-42.171402,-25.308666,6.878521,22.396025
2025-11-07 21:03:27.601235,Left,-10.582333,144.41524,-50.405823,-139.81992,-166.88875,-134.56366,-63.584557,-151.07283
2025-11-07 21:03:27.617190,Left,-311.30377,-430.8967,-165.64587,-19.139664,-256.2393,39.47116,153.411,137.69295
2025-11-07 21:03:27.621190,Left,42.90405,25.915758,-71.45629,-153.65678,-69.652016,-28.575296,-96.78879,-106.88206
2025-11-07 21:03:27.625190,Left,-326.17087,-460.59473,-164.24658,27.35892,-229.58873,49.071102,175.0284,169.12695
2025-11-07 21:03:27.629190,Left,-286.95578,-419.48682,-145.32874,24.089893,-227.5063,47.462757,171.36232,169.4638
2025-11-07 21:03:27.633190,Left,-337.21426,-477.00565,-158.14746,58.969185,-208.69151,65.28843,195.362,187.48528
2025-11-07 21:03:27.637190,Left,-338.68472,-472.54813,-159.27708,45.044064,-219.88991,61.87053,191.22888,179.31523
2025-11-07 21:03:27.641190,Left,-3.3956108,-20.329414,-17.233984,-14.31998,-19.976751,2.6383085,1.8245627,5.969276
2025-11-07 21:03:27.645190,Left,7.5217514,-48.552193,-115.97954,-164.88809,-112.91159,-39.70188,-77.96599,-67.04719
2025-11-07 21:03:27.659921,Left,-68.28088,27.03862,76.45684,716.7384,952.1866,864.51666,277.2459,294.88934
2025-11-07 21:03:27.663921,Left,-196.61656,-296.23907,-171.9606,-15.408238,-150.94023,81.90804,13.71439,99.303665
2025-11-07 21:03:27.667921,Left,-36.89949,100.163,123.729485,725.98376,1004.57135,833.00824,251.76804,290.43417
2025-11-07 21:03:27.671921,Left,-59.032467,45.458546,56.558674,654.54626,921.24445,790.5374,233.08556,280.07257
2025-11-07 21:03:27.675921,Left,-19.701021,139.76488,156.90152,737.0723,1029.7188,807.7136,225.44807,271.19064
2025-11-07 21:03:27.679921,Left,-27.484459,117.43328,138.15941,735.612,1019.37964,823.86115,236.06648,272.42664
2025-11-07 21:03:27.683921,Left,-34.668217,-41.10288,-27.385626,30.866606,34.228672,53.80339,7.610817,31.144808
2025-11-07 21:03:27.687921,Left,-173.3383,-235.4937,-129.24876,111.38661,59.84553,268.0171,153.57849,241.46286
2025-11-07 21:03:27.713953,Left,592.3923,-11.650661,-1122.875,-1697.4834,-1174.9492,-646.3144,34.877026,547.0652
2025-11-07 21:03:27.717953,Left,297.90298,295.90936,269.30585,99.22859,-210.69485,-180.64125,-35.324474,-45.068157
2025-11-07 21:03:27.721953,Left,586.66925,-33.32868,-1212.9183,-1804.3204,-1136.5187,-590.6131,45.938152,538.2039
2025-11-07 21:03:27.725953,Left,607.1536,18.544111,-1103.465,-1678.0914,-1123.706,-612.618,19.88209,515.1629
2025-11-07 21:03:27.729953,Left,575.6221,-60.988155,-1280.3447,-1875.0299,-1107.5889,-551.8476,55.87645,532.1864
2025-11-07 21:03:27.733953,Left,582.1063,-50.988472,-1250.5996,-1837.3441,-1119.3784,-571.0963,54.713955,545.0648
2025-11-07 21:03:27.737953,Left,81.61999,47.830883,-37.56913,-108.566154,-103.37451,-57.078785,5.027539,33.568386
2025-11-07 21:03:27.741953,Left,383.3012,281.66443,75.84626,-196.88095,-450.3441,-334.7416,-98.21593,-22.175913
2025-11-07 21:03:27.755442,Left,53.53787,262.2883,388.5964,165.77226,-334.85385,-564.702,-521.3004,-69.39462
2025-11-07 21:03:27.759442,Left,57.376865,-82.99123,67.397606,144.37022,145.86642,-40.140095,-54.35009,-43.5244
2025-11-07 21:03:27.763442,Left,26.396938,280.35587,386.08932,144.39223,-404.87683,-616.50555,-550.446,-56.895477
2025-11-07 21:03:27.767442,Left,28.494173,262.47067,390.9708,155.51959,-364.4619,-570.88116,-545.5447,-89.70946
2025-11-07 21:03:27.771442,Left,20.6275,303.9459,385.84955,134.95985,-441.7365,-649.56903,-556.02545,-38.340527
2025-11-07 21:03:27.775442,Left,27.060865,299.81836,387.46664,138.96738,-420.79697,-629.62396,-548.59283,-48.141907
2025-11-07 21:03:27.779442,Left,15.026161,9.461008,38.186058,30.289015,-12.64551,-54.06682,-54.85749,-16.560417
2025-11-07 21:03:27.783442,Left,45.764652,-62.593372,111.44009,141.8407,66.6796,-118.74575,-163.05615,-76.1346
2025-11-07 21:03:27.800606,Left,297.737,11.560174,-101.7764,63.341805,193.60663,139.75127,-171.68745,-540.72723
2025-11-07 21:03:27.804606,Left,23.345894,114.710236,120.50343,-51.94744,42.910397,20.008495,-8.446823,57.95772
2025-11-07 21:03:27.808606,Left,293.07288,-26.914667,-162.04466,76.27934,182.96365,141.88275,-148.82864,-570.05646
2025-11-07 21:03:27.812606,Left,279.56198,-23.687366,-147.14613,70.449524,185.94234,141.84483,-145.86266,-530.33246
2025-11-07 21:03:27.816606,Left,288.4719,-45.347534,-193.82097,77.86535,174.62573,142.71936,-135.34192,-586.8597
2025-11-07 21:03:27.820606,Left,289.25275,-35.968567,-173.737,78.046814,180.57738,141.57092,-148.14256,-580.9542
2025-11-07 21:03:27.824606,Left,16.941765,6.7311325,-4.692814,-6.322713,23.153873,23.997974,7.258925,-13.346337
2025-11-07 21:03:27.828606,Left,91.19989,121.291916,99.52038,-13.126722,78.170006,44.585335,-19.240322,-18.636604
2025-11-07 21:03:27.828279,Left,-343.951,81.64265,619.9439,603.60754,257.5438,-152.57443,-120.54791,191.07936
2025-11-07 21:03:27.832279,Left,-113.64208,-47.235237,-52.251366,85.25952,151.21002,182.24892,80.75363,43.883373
2025-11-07 21:03:27.836279,Left,-308.8692,118.12919,642.89294,605.05884,259.20453,-190.0735,-159.10416,224.61752
2025-11-07 21:03:27.840279,Left,-325.6186,78.53768,600.773,594.5861,256.6612,-170.72548,-133.42361,209.20103
2025-11-07 21:03:27.844279,Left,-286.1892,145.13368,655.2691,594.90204,254.52667,-213.03569,-187.79413,243.97845
2025-11-07 21:03:27.848279,Left,-302.48816,128.7623,652.8135,598.2464,250.7163,-206.50543,-174.89735,231.8877
2025-11-07 21:03:27.852279,Left,-29.793198,3.7064273,34.029743,46.917995,27.68768,-7.104972,-23.10497,1.1257017
2025-11-07 21:03:27.856279,Left,-163.55713,-56.30816,13.753329,178.6035,195.37024,156.6322,69.44552,67.00528
2025-11-07 21:03:27.870939,Left,314.3523,-71.76443,-146.69958,387.77158,969.91754,514.7805,36.171352,-409.37662
2025-11-07 21:03:27.874939,Left,192.10165,80.245255,174.2147,221.16624,100.21058,225.2334,293.66248,215.76497
2025-11-07 21:03:27.878939,Left,261.48215,-91.53801,-185.45709,366.72385,1017.1167,496.73032,-33.034073,-493.16675
2025-11-07 21:03:27.882939,Left,297.46634,-72.77065,-164.28264,359.24475,977.05536,517.3634,15.044703,-436.24417
2025-11-07 21:03:27.886939,Left,224.0074,-100.83591,-198.16093,373.84964,1058.4785,486.82077,-69.12749,-531.9437
2025-11-07 21:03:27.890939,Left,248.83734,-93.13085,-188.42834,378.66052,1046.459,495.47906,-47.715176,-507.65033
2025-11-07 21:03:27.894939,Left,19.669292,-21.830404,-16.444296,25.65064,58.214138,48.74715,26.247015,-14.820681
2025-11-07 21:03:27.898939,Left,228.23744,78.490204,146.7692,239.62036,221.4083,299.96448,275.17914,117.244026
2025-11-07 21:03:27.911133,Left,-309.9151,-322.03323,-306.7204,-225.1066,136.65202,9.966588,203.81807,-355.10797
2025-11-07 21:03:27.915133,Left,33.26072,101.33451,-65.07198,-84.91872,-266.74127,-303.5179,-286.80548,-215.09465
2025-11-07 21:03:27.919133,Left,-330.1596,-402.3886,-328.62527,-263.30154,200.02525,118.7557,295.35266,-330.84543
2025-11-07 21:03:27.923133,Left,-319.87424,-356.82877,-291.49585,-242.84856,152.55862,40.983616,231.55971,-338.60147
2025-11-07 21:03:27.927133,Left,-330.60788,-448.49756,-354.01224,-290.14944,245.10297,195.42776,354.80817,-324.5373
2025-11-07 21:03:27.931133,Left,-328.0906,-419.95453,-341.47794,-273.63416,223.88191,150.97559,320.43356,-335.5554
2025-11-07 21:03:27.935133,Left,-12.057451,-6.9535394,-17.349274,-15.648458,-5.327043,-9.822329,9.850353,-19.554523
2025-11-07 21:03:27.939133,Left,-68.51452,-3.9698904,-116.733215,-143.19302,-271.31018,-312.67856,-254.64919,-227.95993
2025-11-07 21:03:27.955096,Left,-535.85504,-10.651882,426.78955,-539.27637,-1460.1581,-1564.9332,-604.85004,503.02957
2025-11-07 21:03:27.959096,Left,-254.79062,-48.95726,250.81026,24.498007,-180.76707,-498.89062,-369.614,-234.25993
2025-11-07 21:03:27.963096,Left,-487.7204,16.454508,329.1982,-608.03644,-1527.7594,-1540.0066,-583.6094,514.0531
2025-11-07 21:03:27.967096,Left,-487.6509,32.938282,393.41824,-540.4914,-1464.0607,-1525.1029,-618.1362,461.06198
2025-11-07 21:03:27.971096,Left,-458.85028,28.128521,265.30753,-656.45734,-1565.016,-1515.3936,-559.98706,520.7637
2025-11-07 21:03:27.975096,Left,-475.98785,20.382088,305.92096,-629.1578,-1541.5967,-1522.2452,-567.57263,521.24615
2025-11-07 21:03:27.979096,Left,-30.414877,40.589027,100.49689,3.8921626,-96.16837,-145.09784,-72.87898,18.8495
2025-11-07 21:03:27.983096,Left,-313.73782,-49.156147,255.11356,-77.00895,-423.79297,-748.09,-490.94504,-186.57246
2025-11-07 21:03:27.984189,Left,250.19612,520.8213,540.83356,751.70514,873.26697,713.7601,289.80786,533.02216
2025-11-07 21:03:27.988189,Left,65.57222,-26.443783,-151.28215,68.31578,169.99599,130.69435,86.11844,165.78731
2025-11-07 21:03:27.992189,Left,170.4843,512.26227,655.4485,785.744,851.0884,706.78534,340.18286,571.75977
2025-11-07 21:03:27.996189,Left,187.63322,487.18414,572.48474,739.93243,829.5439,690.97864,312.15958,533.1683
2025-11-07 21:03:28.000189,Left,110.50496,501.4557,725.09717,802.7807,833.2648,696.29285,365.78937,594.6901
2025-11-07 21:03:28.004189,Left,142.88597,509.94617,684.78296,792.66284,846.2847,704.5403,347.41077,581.1895
2025-11-07 21:03:28.008189,Left,5.512905,10.560163,6.4517775,38.325916,45.192226,24.38416,-6.2098002,11.090027
2025-11-07 21:03:28.012189,Left,146.55089,91.09508,-9.55899,230.68169,331.404,283.82855,203.597,281.27188
2025-11-07 21:03:28.027307,Left,625.7716,278.08774,413.05832,567.13794,385.93225,445.72104,346.1267,-15.644193
2025-11-07 21:03:28.031307,Left,276.04086,273.6714,212.24861,76.15243,64.08889,155.18118,160.75708,150.44788
2025-11-07 21:03:28.035307,Left,663.3009,273.83014,393.4542,607.51404,461.78622,455.94278,320.95798,-44.8896
2025-11-07 21:03:28.039307,Left,640.15704,268.04187,391.1259,570.876,402.17435,438.64383,345.08374,11.675608
2025-11-07 21:03:28.043307,Left,672.9505,260.94388,371.6878,624.35065,508.63693,466.52197,305.95453,-65.745995
2025-11-07 21:03:28.047307,Left,663.2356,266.16348,385.64944,617.2624,481.40045,460.6085,314.3822,-59.04678
2025-11-07 21:03:28.051307,Left,30.080685,-0.6879486,8.381429,14.665701,13.128978,47.775715,50.63793,35.250687
2025-11-07 21:03:28.055307,Left,415.7455,354.80832,314.27643,216.5662,181.98123,265.64563,235.1832,174.11781
2025-11-07 21:03:28.053888,Left,-617.5895,-368.04187,-613.5575,-654.17,-270.3476,-18.557928,-303.01044,-319.35504
2025-11-07 21:03:28.057888,Left,29.35032,-53.403175,8.66578,-88.65134,-172.62733,-243.97069,-121.03019,-13.144199
2025-11-07 21:03:28.061888,Left,-629.0027,-325.9121,-590.0363,-663.65454,-255.98311,59.970085,-270.42645,-356.83517
2025-11-07 21:03:28.065888,Left,-574.21967,-302.8752,-570.86163,-637.41986,-238.29317,44.74146,-271.56458,-307.5131
2025-11-07 21:03:28.069888,Left,-634.81573,-301.87512,-568.58545,-662.3129,-245.93884,112.873184,-235.0639,-374.84094
2025-11-07 21:03:28.073888,Left,-634.6373,-319.33316,-585.76575,-667.1859,-254.08528,81.58666,-255.3158,-364.50134
2025-11-07 21:03:28.077888,Left,-27.222359,-12.642879,-21.148973,-27.8221,-2.054322,17.578379,8.550297,7.893402
2025-11-07 21:03:28.081888,Left,-136.83646,-189.8454,-184.67035,-265.45026,-261.62164,-276.52145,-211.01772,-93.71472
2025-11-07 21:03:28.094205,Left,-1252.4512,-168.18239,519.3968,972.23645,880.7345,562.29724,164.00923,77.47237
2025-11-07 21:03:28.098205,Left,-220.87146,-300.00293,-279.42093,-103.843414,174.69807,163.76457,171.02388,106.96759
2025-11-07 21:03:28.102205,Left,-1268.9901,-107.16565,615.5848,1038.2981,826.36285,548.8695,156.01015,51.50812
2025-11-07 21:03:28.106205,Left,-1244.6761,-172.56448,529.79553,967.0557,806.3479,542.2171,153.6553,63.369106
2025-11-07 21:03:28.110205,Left,-1267.9836,-55.208168,675.6364,1068.0054,786.07104,531.67175,153.28699,38.267967
2025-11-07 21:03:28.114205,Left,-1268.4645,-75.42471,649.48145,1054.754,813.1181,540.0606,154.06131,49.90456
2025-11-07 21:03:28.118205,Left,-118.786705,-61.102577,-6.4520435,51.135983,68.97468,52.230183,21.526028,-0.6778149
2025-11-07 21:03:28.122205,Left,-422.94888,-359.71356,-204.55542,60.53207,301.22385,271.05588,203.87752,118.7053
2025-11-07 21:03:28.136985,Left,-352.52505,-460.73663,-346.09888,207.23499,688.9685,247.72002,99.198166,-4.993804
2025-11-07 21:03:28.140985,Left,185.94388,122.422264,156.52667,153.09422,51.988228,149.69241,124.87425,-53.465084
2025-11-07 21:03:28.144985,Left,-376.1055,-526.771,-397.63925,183.92453,770.77997,229.75343,30.18733,-37.773342
2025-11-07 21:03:28.148985,Left,-348.54016,-467.79605,-362.51276,190.73555,727.65814,233.29887,38.39892,-59.030563
2025-11-07 21:03:28.152985,Left,-391.32764,-578.817,-431.71924,170.03023,814.814,209.2074,-16.815554,-61.769096
2025-11-07 21:03:28.156985,Left,-383.89862,-547.6178,-409.0803,186.02744,793.527,218.15544,10.215307,-46.95512
2025-11-07 21:03:28.160985,Left,-17.285791,-40.53667,-32.512295,3.9204216,39.366676,15.314232,0.92635363,-23.231356
2025-11-07 21:03:28.164985,Left,114.81285,48.865425,65.75815,119.24766,113.377075,148.99934,90.22369,-91.77693
2025-11-07 21:03:28.177079,Left,122.65616,-10.990025,-354.687,-584.58014,-447.97153,-616.4025,-199.41597,-357.04248
2025-11-07 21:03:28.181079,Left,-218.70583,-205.19275,-272.81046,-419.0101,-577.3128,-509.42273,-431.49335,-274.41013
2025-11-07 21:03:28.185079,Left,112.064026,-69.624985,-371.76398,-601.16925,-376.42853,-573.2865,-136.08604,-350.15033
2025-11-07 21:03:28.189079,Left,70.556946,-66.11679,-362.41333,-593.2967,-421.13657,-624.2364,-178.9433,-353.2499
2025-11-07 21:03:28.193079,Left,99.770195,-123.46819,-406.67908,-624.33813,-333.2695,-528.2585,-85.88831,-335.68066
2025-11-07 21:03:28.197079,Left,110.46876,-92.28398,-395.17502,-614.9006,-359.0408,-551.42474,-115.7577,-348.9827
2025-11-07 21:03:28.201079,Left,12.783392,17.586393,4.4631324,-24.110111,-21.174145,-28.579622,14.626319,16.470303
2025-11-07 21:03:28.205079,Left,-178.7783,-146.67723,-209.88197,-390.223,-531.11395,-529.60895,-392.82217,-271.35715
2025-11-07 21:03:28.221093,Left,-800.01,-914.8293,-711.74097,-544.3761,-210.4588,261.3052,148.37524,-64.13542
2025-11-07 21:03:28.225093,Left,-242.90598,-202.48155,-197.9076,-115.02747,-97.12559,-207.33911,-85.753624,-86.090836
2025-11-07 21:03:28.229093,Left,-791.1143,-930.21545,-781.39355,-597.87897,-253.1765,329.27396,147.84747,-77.72763
2025-11-07 21:03:28.233093,Left,-755.3157,-885.3929,-712.77625,-543.9011,-212.1737,324.09344,166.81755,-42.0987
2025-11-07 21:03:28.237093,Left,-765.33124,-913.14044,-803.3931,-604.0949,-250.11488,392.63068,168.64865,-75.5783
2025-11-07 21:03:28.241093,Left,-780.54535,-920.1865,-782.51154,-594.8783,-244.29314,359.88263,160.13646,-78.42602
2025-11-07 21:03:28.245093,Left,-27.629154,-36.990086,-32.94888,-22.466381,-6.3947434,21.840096,0.1318305,-23.345417
2025-11-07 21:03:28.249093,Left,-350.30072,-356.05844,-334.77585,-238.04358,-180.73924,-188.55057,-82.63066,-81.02765
2025-11-07 21:03:28.261303,Left,515.41907,1356.3458,1560.9463,971.175,1078.283,1275.8528,1233.0488,1117.5062
2025-11-07 21:03:28.265303,Left,-11.303,136.37698,353.61694,465.25024,478.85947,415.85895,495.32562,588.96094
2025-11-07 21:03:28.269303,Left,549.4831,1411.4817,1605.0076,946.0719,1062.912,1344.9258,1333.401,1180.652
2025-11-07 21:03:28.273303,Left,510.36273,1351.014,1538.3082,935.08636,1062.9889,1302.1931,1261.5671,1166.1808
2025-11-07 21:03:28.277303,Left,585.2628,1448.1887,1640.7625,923.9544,1032.606,1366.6571,1394.0488,1202.463
2025-11-07 21:03:28.281303,Left,566.3825,1425.5468,1616.3716,931.18994,1046.2198,1352.8787,1362.6251,1189.5565
2025-11-07 21:03:28.285303,Left,-21.05303,52.363415,87.7209,37.00333,41.739216,51.01843,56.92023,78.251595
2025-11-07 21:03:28.289303,Left,82.79296,363.67612,590.44763,637.83044,685.31665,649.84717,677.0862,764.8814
2025-11-07 21:03:28.305329,Left,-734.7226,-634.32336,-448.2465,-195.02425,450.8697,434.68918,23.67395,-247.41196
2025-11-07 21:03:28.309329,Left,524.63873,321.58517,181.69945,76.74974,113.91366,116.81288,167.61707,99.84762
2025-11-07 21:03:28.313329,Left,-810.4814,-622.09283,-395.09616,-157.27614,500.08514,486.5397,8.9048195,-317.72
2025-11-07 21:03:28.317329,Left,-698.7887,-577.4561,-409.87573,-193.43672,444.50012,428.2648,-10.046385,-301.32166
2025-11-07 21:03:28.321329,Left,-881.6883,-639.6522,-377.53503,-141.78227,510.79742,493.89413,-25.6982,-387.32977
2025-11-07 21:03:28.325329,Left,-843.66266,-635.49036,-389.40906,-143.22464,505.82077,485.1162,-10.90145,-346.71454
2025-11-07 21:03:28.329329,Left,-45.62406,-46.67611,-47.46918,-52.158035,6.2665596,21.95003,0.908131,-31.191885
2025-11-07 21:03:28.333329,Left,406.5379,203.91898,50.954834,-47.450558,110.70209,137.62209,140.6378,43.817387
2025-11-07 21:03:28.334238,Left,-131.03644,90.811455,-563.2533,-606.7488,-587.3421,-276.29446,441.85425,167.34854
2025-11-07 21:03:28.338238,Left,-73.58289,-121.49844,-275.06964,-308.27798,-422.32492,-592.05725,-342.40588,-100.41617
2025-11-07 21:03:28.342238,Left,-148.54344,48.441914,-611.6721,-632.52094,-585.31366,-229.5427,490.9006,162.05513
2025-11-07 21:03:28.346238,Left,-177.39795,34.456787,-604.1932,-649.1448,-641.5824,-315.21567,414.83368,136.23138
2025-11-07 21:03:28.350238,Left,-164.89484,15.23329,-649.621,-648.7808,-571.5393,-187.96266,529.50024,169.21838
2025-11-07 21:03:28.354238,Left,-158.93468,33.98378,-633.30804,-647.43726,-583.844,-211.42941,505.02875,161.64003
2025-11-07 21:03:28.358238,Left,14.597512,25.186312,-24.914177,-22.620749,-33.570988,-32.489105,48.817913,48.938835
2025-11-07 21:03:28.362238,Left,-98.46225,-105.62588,-301.19528,-340.8649,-473.79633,-594.78326,-252.32649,-82.07891
2025-11-07 21:03:28.375666,Left,-879.3149,-950.06335,-646.533,-119.31899,-218.73598,-275.1198,-195.6795,118.30373
2025-11-07 21:03:28.379666,Left,-77.04163,-42.013336,-27.994825,-177.32591,-148.91176,-21.945028,-18.579964,-194.26164
2025-11-07 21:03:28.383666,Left,-909.7503,-985.61914,-689.7473,-89.27132,-202.55264,-311.50983,-244.61923,160.04729
2025-11-07 21:03:28.387666,Left,-850.1771,-935.3797,-649.0983,-79.634,-182.97368,-277.53485,-215.2035,152.24773
2025-11-07 21:03:28.391666,Left,-922.7365,-997.9147,-707.84814,-71.70754,-190.31688,-325.48538,-261.37393,192.29622
2025-11-07 21:03:28.395666,Left,-912.51526,-985.7818,-686.9529,-68.69,-187.89278,-309.7197,-243.40659,180.1693
2025-11-07 21:03:28.399666,Left,-44.771526,-48.414867,-27.459898,-1.7570409,-8.724114,-7.263472,-9.338553,-3.006698
2025-11-07 21:03:28.403666,Left,-250.07002,-254.05046,-220.05022,-268.177,-213.9232,-87.74437,-68.553604,-157.52106
2025-11-07 21:03:28.420844,Left,272.25128,370.07086,-152.43251,-447.4715,-749.8452,-789.9,135.79567,1103.9348
2025-11-07 21:03:28.424844,Left,252.58997,136.7585,201.77605,189.25052,51.60529,-215.52621,-138.75078,-150.72632
2025-11-07 21:03:28.428844,Left,210.82887,381.695,-178.13489,-517.4027,-824.82446,-760.78796,158.12965,1199.0581
2025-11-07 21:03:28.432844,Left,266.7533,426.07837,-107.39098,-453.8902,-771.85284,-755.0952,121.05262,1102.4122
2025-11-07 21:03:28.436844,Left,186.5812,394.07837,-187.77594,-544.93005,-854.4949,-734.8048,185.19907,1270.4044
2025-11-07 21:03:28.440844,Left,205.50027,387.86258,-188.01846,-533.94135,-841.244,-757.23816,169.37335,1232.1711
2025-11-07 21:03:28.444844,Left,40.60748,40.31383,6.3416715,-28.46365,-74.10095,-101.3302,-34.21176,38.0879
2025-11-07 21:03:28.448844,Left,277.62082,212.46088,172.03703,72.69596,-121.40696,-349.30322,-147.99501,-5.1762214
2025-11-07 21:03:28.460879,Left,882.21716,291.85672,-482.18988,-34.600643,224.30258,518.4657,73.156944,-219.1132
2025-11-07 21:03:28.464879,Left,206.75381,58.766556,74.027466,-22.35856,78.31911,277.25494,197.50128,142.58452
2025-11-07 21:03:28.468879,Left,852.47784,310.44644,-485.22156,30.26018,275.91235,454.96686,23.854668,-280.97827
2025-11-07 21:03:28.472879,Left,857.45306,309.67526,-474.21097,0.16473413,246.19753,466.2223,37.94245,-265.59946
2025-11-07 21:03:28.476879,Left,828.9178,317.82877,-483.53787,74.71941,311.76932,420.2143,-5.821205,-312.75336
2025-11-07 21:03:28.480879,Left,842.8123,312.20084,-490.12033,46.961956,288.25613,442.5564,10.2652025,-292.06772
2025-11-07 21:03:28.484879,Left,59.16345,1.9294802,-52.630592,-24.378696,10.640533,45.50968,8.52045,-24.399948
2025-11-07 21:03:28.488879,Left,372.95694,158.35783,55.236164,14.707787,141.93616,342.9314,223.99413,113.52294
2025-11-07 21:03:28.489802,Left,219.44028,363.84683,546.08154,-99.31918,-406.13834,-883.8517,-506.69324,-67.852394
2025-11-07 21:03:28.493802,Left,126.074554,265.154,154.53812,138.3238,-34.555096,-149.82343,-160.13792,-162.06271
2025-11-07 21:03:28.497802,Left,207.02336,295.39984,535.8193,-159.74567,-419.7969,-839.3434,-474.18793,-53.417828
2025-11-07 21:03:28.501802,Left,191.92653,313.69946,548.3541,-117.3524,-391.45877,-831.4164,-492.23987,-78.21141
2025-11-07 21:03:28.505802,Left,201.73854,250.9413,515.4514,-208.6059,-439.59415,-822.6637,-458.60513,-48.472954
2025-11-07 21:03:28.509802,Left,204.79045,275.22858,523.844,-182.94672,-428.49402,-837.6402,-469.0714,-47.860962
2025-11-07 21:03:28.513802,Left,20.624325,48.76851,58.47802,12.150422,-24.718157,-61.6256,-35.914314,-8.224114
2025-11-07 21:03:28.517802,Left,150.10825,299.29727,250.61546,111.007545,-106.36991,-273.15643,-261.36697,-213.45288
2025-11-07 21:03:28.536324,Left,-303.69357,-41.116123,140.35907,-165.10777,-171.22224,218.26399,478.87735,185.28094
2025-11-07 21:03:28.540324,Left,-121.51931,-164.64685,-226.25768,-171.30191,-149.8548,-167.78479,-213.75536,-104.65319
2025-11-07 21:03:28.544324,Left,-309.58838,-44.37699,180.11613,-129.23965,-178.5914,224.21419,543.9759,227.61156
2025-11-07 21:03:28.548324,Left,-314.6277,-55.857513,148.88994,-158.51628,-193.98889,200.7805,492.55267,186.15913
2025-11-07 21:03:28.552324,Left,-320.517,-54.453068,192.66937,-117.39254,-192.20479,217.92188,576.27216,252.8724
2025-11-07 21:03:28.556324,Left,-316.01147,-46.46843,185.6018,-130.06026,-186.21512,225.01636,563.8163,242.94286
2025-11-07 21:03:28.560324,Left,-18.40423,-8.074679,2.682476,-8.507829,-13.255113,8.170086,23.741148,14.217632
2025-11-07 21:03:28.564324,Left,-167.98935,-172.92369,-191.19624,-170.16162,-145.96376,-102.07182,-99.05567,-37.554924
2025-11-07 21:03:28.592923,Left,293.83093,-315.18964,-422.20883,-39.966022,-201.69872,-659.47174,125.52385,516.6902
2025-11-07 21:03:28.596923,Left,-27.97111,82.776505,67.79247,-86.78026,-236.06953,-163.61957,-124.21061,58.467564
2025-11-07 21:03:28.600923,Left,334.41608,-330.97922,-461.16998,-13.312121,-123.0179,-637.50775,202.72765,553.8259
2025-11-07 21:03:28.604923,Left,338.58975,-294.24658,-411.39294,-7.701519,-151.53802,-655.4041,154.47034,519.00085
2025-11-07 21:03:28.608923,Left,353.6769,-338.4816,-485.14484,1.2004147,-74.45085,-612.3075,259.30228,585.2792
2025-11-07 21:03:28.612923,Left,347.59912,-331.48404,-469.64432,-4.7763686,-102.49206,-627.6242,225.51494,564.88367
2025-11-07 21:03:28.616923,Left,32.493347,0.05542978,-15.084386,-7.217533,-38.492546,-73.02003,-6.614075,43.44284
2025-11-07 21:03:28.620923,Left,51.753338,57.540985,5.386216,-87.442604,-244.21632,-255.74889,-85.113976,149.7749
2025-11-07 21:03:28.621709,Left,-249.15544,-686.4483,-625.78827,-1009.2174,-947.4855,-627.9083,60.58352,485.18085
2025-11-07 21:03:28.625709,Left,294.9724,369.3477,367.83014,72.033554,-55.845448,-120.015976,-185.46259,-102.714325
2025-11-07 21:03:28.629709,Left,-275.79593,-751.6439,-735.4401,-1058.6027,-941.8093,-596.61975,105.609344,520.5261
2025-11-07 21:03:28.633709,Left,-202.85602,-646.58734,-610.30774,-973.1681,-909.31775,-613.9466,55.892853,471.52966
2025-11-07 21:03:28.637709,Left,-294.33105,-790.8946,-802.8541,-1088.5504,-933.1067,-562.91583,146.6675,544.6838
2025-11-07 21:03:28.641709,Left,-294.3664,-779.8535,-770.19446,-1076.6864,-943.93,-583.69135,128.4565,531.4853
2025-11-07 21:03:28.645709,Left,20.890364,-1.8764759,-4.482712,-59.568398,-66.76422,-56.701927,-22.501167,19.518469
2025-11-07 21:03:28.649709,Left,252.39816,227.82378,196.50487,-158.82387,-278.77246,-331.3426,-317.137,-107.34585
2025-11-07 21:03:28.664428,Left,155.5248,391.92743,297.03418,53.12658,282.1194,519.6031,147.94356,-181.72244
2025-11-07 21:03:28.668428,Left,-104.854416,-100.356766,-23.658432,30.913298,-32.83362,30.850748,100.4818,223.26782
2025-11-07 21:03:28.672428,Left,136.82056,421.52417,330.73737,29.234406,254.64806,541.4352,153.63828,-264.13876
2025-11-07 21:03:28.676428,Left,124.72321,386.08453,289.8321,15.068558,249.05698,513.389,132.51463,-232.38214
2025-11-07 21:03:28.680428,Left,126.25617,438.24533,357.71304,23.2187,235.71922,557.2446,168.22206,-310.10394
2025-11-07 21:03:28.684428,Left,136.23961,431.18002,344.73343,30.676607,252.6979,555.9262,166.85886,-278.06403
2025-11-07 21:03:28.688428,Left,-12.868141,7.9384875,8.135936,-12.295158,-7.024158,21.19219,-0.124050066,-17.119377
2025-11-07 21:03:28.692428,Left,-31.083433,28.682848,80.29509,94.771996,77.86607,140.51967,127.65823,186.01009
2025-11-07 21:03:28.692081,Left,-90.15724,688.7588,1523.1951,524.71295,-229.072,-720.58954,-601.2648,-102.27098
2025-11-07 21:03:28.696081,Left,53.302734,174.37553,148.1293,295.71063,306.445,166.83476,-69.06447,-26.286966
2025-11-07 21:03:28.700081,Left,-96.42185,672.6082,1558.5538,462.88837,-326.87302,-801.10376,-582.3179,-60.25623
2025-11-07 21:03:28.704081,Left,-117.4128,638.16296,1504.6056,504.8286,-258.4996,-737.53815,-557.2222,-66.42956
2025-11-07 21:03:28.708081,Left,-88.72608,674.9152,1576.0398,409.4332,-390.9396,-844.65234,-572.6515,-33.38189
2025-11-07 21:03:28.712081,Left,-89.664444,680.35846,1571.473,435.98257,-357.8534,-819.693,-579.81226,-49.816242
2025-11-07 21:03:28.716081,Left,-20.109804,53.48902,122.27762,73.36721,19.327414,-33.79039,-42.233032,4.9977255
2025-11-07 21:03:28.720081,Left,61.11905,283.93283,406.65283,423.52454,279.50253,30.961292,-175.2279,-101.38414
2025-11-07 21:03:28.733478,Left,-166.5131,-558.14575,-605.1484,-765.16815,-28.504446,469.7985,524.0654,460.99966
2025-11-07 21:03:28.737478,Left,17.366993,-65.30254,-212.32568,-257.77805,-284.36188,-262.08527,-86.88323,61.693226
2025-11-07 21:03:28.741478,Left,-183.81017,-612.3699,-620.7163,-729.8998,40.93041,592.163,556.27545,431.63635
2025-11-07 21:03:28.745478,Left,-140.4352,-563.3771,-593.98016,-740.55396,-4.960845,502.95023,495.77188,435.0408
2025-11-07 21:03:28.749478,Left,-206.94823,-653.1041,-640.6515,-710.74585,77.66397,667.3272,584.9051,409.53235
2025-11-07 21:03:28.753478,Left,-197.67325,-631.5305,-632.3786,-728.8636,51.331177,618.9389,568.30023,416.09525
2025-11-07 21:03:28.757478,Left,11.021123,-32.879704,-49.174095,-59.716606,-13.875057,25.048677,35.383987,51.210434
2025-11-07 21:03:28.761478,Left,-54.493793,-198.47873,-335.9971,-405.18048,-295.64407,-192.27829,-36.787266,140.49226
2025-11-07 21:03:28.774905,Left,-1063.1901,-395.50864,-23.238298,104.62349,83.56228,134.69537,136.71053,449.44223
2025-11-07 21:03:28.778905,Left,-34.97613,-164.93771,-203.56065,-77.73564,66.31268,30.356842,-6.805296,-170.10954
2025-11-07 21:03:28.782905,Left,-1135.4451,-375.98166,59.6906,149.28825,13.005985,115.8935,120.20681,497.03253
2025-11-07 21:03:28.786905,Left,-1072.8276,-383.34528,14.264323,115.60134,26.695738,99.19969,90.6518,441.18158
2025-11-07 21:03:28.790905,Left,-1167.351,-350.94388,115.50024,175.72931,-32.69629,104.134315,117.66135,524.8401
2025-11-07 21:03:28.794905,Left,-1144.4965,-359.45367,83.510414,155.42628,-8.230364,109.30144,123.33942,514.05066
2025-11-07 21:03:28.798905,Left,-78.1742,-43.96948,-16.905075,4.309819,3.1633024,1.0163282,-12.654351,-7.4199033
2025-11-07 21:03:28.802905,Left,-192.02852,-232.34749,-189.53802,-39.830254,83.93294,80.079414,38.35772,-42.404057
2025-11-07 21:03:28.821413,Left,583.78253,42.39279,-91.45727,-24.53196,113.025,142.462,46.018806,-145.9063
2025-11-07 21:03:28.825413,Left,63.845097,85.71504,108.36188,60.05147,82.92609,229.33759,180.0789,83.995834
2025-11-07 21:03:28.829413,Left,605.43805,24.30604,-147.17865,-52.968502,158.1458,136.33257,8.172011,-162.06105
2025-11-07 21:03:28.833413,Left,589.7007,46.90369,-101.428406,-18.667578,151.9953,150.10515,35.676216,-136.29105
2025-11-07 21:03:28.837413,Left,605.56635,12.923345,-179.6802,-73.79563,185.57216,130.35246,-20.535242,-180.50238
2025-11-07 21:03:28.841413,Left,605.6483,25.677528,-154.35635,-60.72622,162.71846,122.776855,-12.361608,-178.60727
2025-11-07 21:03:28.845413,Left,49.7971,15.644724,0.09966111,0.43631527,22.425732,26.5696,6.561567,-16.449335
2025-11-07 21:03:28.849413,Left,246.28848,164.32567,133.01022,87.60662,113.28388,210.96965,130.86931,16.17177
2025-11-07 21:03:28.850273,Left,-81.98546,27.8517,3.7233703,567.41284,505.04346,327.19247,-62.556477,-530.7909
2025-11-07 21:03:28.854273,Left,-185.48209,-351.492,-272.08948,-106.93059,-82.074,2.3767378,232.77858,160.09143
2025-11-07 21:03:28.858273,Left,-63.41902,107.06482,76.31715,610.562,541.93604,354.68048,-115.127266,-585.65466
2025-11-07 21:03:28.862273,Left,-87.40883,48.56798,11.520965,558.2605,519.47516,367.57605,-52.811096,-512.3297
2025-11-07 21:03:28.866273,Left,-50.332745,160.1533,129.84935,645.1419,568.11334,366.97513,-153.06845,-618.5639
2025-11-07 21:03:28.870273,Left,-52.15217,138.801,106.1532,634.7577,562.7859,364.34113,-133.08356,-597.99023
2025-11-07 21:03:28.874273,Left,-23.21457,-26.79106,-12.567038,43.09519,36.677185,36.433273,34.92836,-16.99605
2025-11-07 21:03:28.878273,Left,-228.42566,-342.0864,-261.224,-6.9105573,26.44483,109.75284,267.77747,85.284355
2025-11-07 21:03:28.890499,Left,-241.26768,-138.5018,-431.5493,-359.9451,-121.5743,384.83633,866.6319,433.84982
2025-11-07 21:03:28.894499,Left,91.60209,-42.383064,-47.639164,-26.673676,21.614412,100.94911,-21.580944,168.08813
2025-11-07 21:03:28.898499,Left,-222.30939,-85.93302,-410.62216,-400.7434,-140.78374,357.05194,931.2862,427.91553
2025-11-07 21:03:28.902499,Left,-206.5875,-94.37678,-412.41724,-389.98053,-146.89772,342.19717,883.0268,437.00354
2025-11-07 21:03:28.906499,Left,-210.37355,-59.178246,-401.22168,-422.69107,-149.97772,343.72665,967.0187,411.90906
2025-11-07 21:03:28.910499,Left,-215.54349,-76.89089,-412.49777,-410.15103,-147.95296,351.7447,946.7971,413.83298
2025-11-07 21:03:28.914499,Left,-3.2982144,-8.642587,-31.915823,-36.08463,-12.911501,28.095217,53.901997,37.590187
2025-11-07 21:03:28.918499,Left,-14.91862,-97.459145,-135.251,-125.99853,-21.401682,122.33276,106.65584,239.829
2025-11-07 21:03:28.950674,Left,-227.56938,169.09903,358.58734,670.9858,781.69006,362.82684,84.84355,100.60898
2025-11-07 21:03:28.954674,Left,28.5172,-23.80301,152.72137,230.1572,76.81127,149.32152,266.1272,252.0284
2025-11-07 21:03:28.958674,Left,-202.02162,260.77603,363.46222,617.6492,820.2028,367.34433,6.6032066,25.798477
2025-11-07 21:03:28.962674,Left,-202.17508,202.98576,316.33447,600.0555,778.9362,364.34064,52.743366,83.414986
2025-11-07 21:03:28.966674,Left,-195.11012,308.78418,364.31454,577.70825,828.7641,359.27094,-47.825302,-26.241438
2025-11-07 21:03:28.970674,Left,-207.29689,276.20575,364.29514,605.7432,826.76447,367.19162,-11.722934,11.358117
2025-11-07 21:03:28.974674,Left,-50.5598,-24.019432,0.09396295,34.699554,39.389347,29.531572,30.629036,39.456333
2025-11-07 21:03:28.978674,Left,-25.504824,-25.842789,124.469124,258.12988,176.54103,198.75366,257.011,246.6176
2025-11-07 21:03:28.977063,Left,-810.587,-991.9503,-1159.9331,-462.96622,-49.343914,327.38577,284.05362,-86.32847
2025-11-07 21:03:28.981063,Left,-67.25271,-298.93164,-575.5275,-567.91516,-437.72476,-366.46158,-404.19778,-360.9064
2025-11-07 21:03:28.985063,Left,-889.12885,-1039.6753,-1084.3844,-388.6771,-53.435055,297.10135,318.14966,-84.43006
2025-11-07 21:03:28.989063,Left,-828.0754,-1005.38385,-1106.3425,-460.0845,-111.09558,250.48825,255.89563,-126.20912
2025-11-07 21:03:28.993063,Left,-933.0655,-1058.8875,-1026.6226,-320.0896,-31.89604,292.9982,346.58817,-68.28071
2025-11-07 21:03:28.997063,Left,-907.37494,-1045.4995,-1061.5302,-357.32343,-39.68717,296.8303,323.50482,-80.88176
2025-11-07 21:03:29.001063,Left,-36.441357,-74.45528,-105.82188,-59.209465,-26.079494,7.0064745,9.208452,-21.94623
2025-11-07 21:03:29.005063,Left,-177.69214,-429.17062,-685.791,-591.5213,-412.8376,-264.34433,-260.2096,-279.2743
2025-11-07 21:03:29.020951,Left,649.0431,359.52676,279.24863,3.3389215,-513.5322,-245.49405,-40.859783,50.082745
2025-11-07 21:03:29.024951,Left,-289.6498,-67.5262,10.320305,-77.85191,-156.19724,-59.7003,17.80935,51.49123
2025-11-07 21:03:29.028951,Left,732.642,341.66437,206.33434,-37.802578,-485.60223,-233.33322,-62.42711,42.09272
2025-11-07 21:03:29.032951,Left,658.55334,339.30524,242.1508,-0.05373853,-465.87656,-212.38976,-20.32223,92.92992
2025-11-07 21:03:29.036951,Left,806.09174,346.84485,175.53221,-50.15856,-450.86652,-204.68137,-61.36404,41.880993
2025-11-07 21:03:29.040951,Left,766.782,345.68835,199.79999,-34.867554,-466.0577,-211.9345,-51.62455,47.93207
2025-11-07 21:03:29.044951,Left,46.513744,46.671307,43.77791,15.356223,-22.964777,2.8764606,17.465235,27.874735
2025-11-07 21:03:29.048951,Left,-114.7713,50.405224,87.358315,-38.85955,-180.87204,-95.79682,-21.68987,25.095402
2025-11-07 21:03:29.054822,Left,-319.41245,-49.159473,-207.89142,59.12678,338.1227,186.0472,-242.52498,543.7534
2025-11-07 21:03:29.058822,Left,98.54745,22.11484,55.04164,142.72256,82.59791,11.892679,55.65491,39.797844
2025-11-07 21:03:29.062822,Left,-337.55374,-8.62089,-141.55968,87.41684,368.35043,226.12018,-212.85617,618.9164
2025-11-07 21:03:29.066822,Left,-281.59802,11.262668,-144.17267,91.51989,362.5311,219.33284,-221.74681,561.48004
2025-11-07 21:03:29.070822,Left,-351.25778,10.057777,-101.556656,97.552086,369.29935,222.79674,-215.48804,640.7404
2025-11-07 21:03:29.074822,Left,-344.0879,-3.0778575,-130.68806,88.641045,367.48486,221.33536,-219.26562,619.2329
2025-11-07 21:03:29.078822,Left,-19.254526,-10.799359,-19.03288,-2.949111,3.5691235,-15.1402,-42.11253,12.566637
2025-11-07 21:03:29.082822,Left,-14.686795,-44.552727,-36.19492,97.31353,107.08822,56.11759,40.740616,152.26431
2025-11-07 21:03:29.096224,Left,409.90128,344.68768,137.46422,81.49171,500.4792,859.8142,495.2201,146.66977
2025-11-07 21:03:29.100224,Left,248.4268,234.12624,163.99133,167.74945,156.62866,175.8732,156.97574,96.79794
2025-11-07 21:03:29.104224,Left,362.43655,348.923,161.00775,61.44636,491.94794,911.03986,500.59723,177.31252
2025-11-07 21:03:29.108224,Left,368.16776,348.2379,138.70631,51.555042,467.59097,856.23175,487.2214,169.01685
2025-11-07 21:03:29.112224,Left,301.90784,309.55664,151.22884,32.145233,466.26453,916.42236,479.21588,173.9767
2025-11-07 21:03:29.116224,Left,328.99832,317.39685,151.22545,50.37521,481.8185,907.08777,489.8585,175.9022
2025-11-07 21:03:29.120224,Left,4.568326,9.324217,-13.097327,-18.558437,19.581064,66.63881,37.680077,9.207194
2025-11-07 21:03:29.124224,Left,325.0847,332.457,188.40863,155.51039,204.36395,290.30237,229.0298,133.34457
2025-11-07 21:03:29.137656,Left,-188.7359,-224.78474,-577.4021,-513.98895,-206.96313,8.316114,-292.8659,-324.54428
2025-11-07 21:03:29.141656,Left,194.09114,165.97292,28.625738,56.10812,122.908646,52.988804,22.120672,-46.101147
2025-11-07 21:03:29.145656,Left,-230.28215,-323.0006,-631.42395,-536.9645,-224.43332,-9.989429,-331.6678,-333.52063
2025-11-07 21:03:29.149656,Left,-200.67627,-265.6395,-580.47845,-501.70026,-205.1166,7.398396,-294.1527,-328.48337
2025-11-07 21:03:29.153656,Left,-250.67184,-376.3673,-658.8649,-543.5581,-219.06801,-4.6374736,-351.57193,-331.64487
2025-11-07 21:03:29.157656,Left,-238.99121,-342.88397,-643.33496,-544.358,-225.75978,-6.99203,-345.0003,-336.4975
2025-11-07 21:03:29.161656,Left,15.262615,5.062837,-27.562723,-12.751562,15.203568,14.109338,-10.740715,-18.363869
2025-11-07 21:03:29.165656,Left,154.86983,118.014565,-61.852108,-46.5954,18.443592,-34.456272,-83.81322,-151.51768
2025-11-07 21:03:29.180300,Left,330.13992,396.69846,359.86792,447.41736,-168.71202,-335.9952,-257.91818,256.99777
2025-11-07 21:03:29.184300,Left,-367.12988,-212.58699,-21.301527,-35.239277,-127.22604,-108.46497,-151.26065,-309.3503
2025-11-07 21:03:29.188300,Left,410.63803,448.8853,319.4122,381.93762,-201.10928,-363.98062,-285.79855,299.57193
2025-11-07 21:03:29.192300,Left,326.02768,378.2864,303.93155,400.087,-182.47495,-361.62717,-303.96567,241.82578
2025-11-07 21:03:29.196300,Left,472.41602,494.547,302.6844,335.3695,-225.2893,-375.79654,-290.07684,332.42947
2025-11-07 21:03:29.200300,Left,446.36926,474.51376,316.4606,364.80667,-211.23642,-366.84323,-279.62527,324.76123
2025-11-07 21:03:29.204300,Left,-10.968697,15.740035,31.213894,34.213474,-18.826715,-31.815784,-38.1213,-18.01605
2025-11-07 21:03:29.208300,Left,-328.57492,-139.77602,71.325485,118.080986,-39.600716,-61.296272,-111.38026,-176.64363
2025-11-07 21:03:29.207955,Left,450.66412,590.2939,-183.94833,-573.46387,-616.74194,-369.62775,-205.92084,-255.95476
2025-11-07 21:03:29.211955,Left,244.08842,176.23305,176.72644,202.9494,131.68047,-75.99778,-44.831383,39.603645
2025-11-07 21:03:29.215955,Left,371.59393,555.1635,-233.54358,-650.988,-683.7601,-337.90836,-173.55864,-272.31592
2025-11-07 21:03:29.219955,Left,402.1007,592.80963,-166.63663,-576.84564,-622.43066,-317.1661,-165.55975,-256.83212
2025-11-07 21:03:29.223955,Left,330.91165,529.55634,-260.88538,-683.15894,-704.989,-308.64075,-141.36981,-263.85437
2025-11-07 21:03:29.227955,Left,363.83865,551.4329,-241.29544,-659.4749,-684.4488,-319.6923,-157.25491,-266.02673
2025-11-07 21:03:29.231955,Left,60.99224,70.687805,19.616268,-8.148505,-22.127542,-20.007849,-4.3293767,-8.037365
2025-11-07 21:03:29.235955,Left,345.0893,321.2016,176.00615,91.22163,-20.840153,-168.35406,-124.92176,-68.37682
2025-11-07 21:03:29.264433,Left,97.549644,-173.83064,-344.31403,-154.9193,-512.8847,-342.06033,149.72998,726.891
2025-11-07 21:03:29.268433,Left,-39.25714,67.974464,113.87712,24.03203,-1.3191146,59.495293,78.39349,19.629992
2025-11-07 21:03:29.272433,Left,146.41994,-199.64552,-428.9203,-169.28554,-566.8049,-387.20126,114.81348,797.35846
2025-11-07 21:03:29.276433,Left,128.0555,-187.08324,-377.091,-136.591,-531.1683,-369.08102,119.25804,755.07697
2025-11-07 21:03:29.280433,Left,181.10667,-207.33481,-480.09683,-190.79602,-601.47107,-412.43088,89.62637,825.9717
2025-11-07 21:03:29.284433,Left,154.58632,-208.30727,-457.54694,-192.86719,-590.6909,-406.53842,97.12073,796.57086
2025-11-07 21:03:29.288433,Left,7.461028,-10.234771,-21.711676,-6.1433,-49.452953,-28.956335,9.71354,61.87237
2025-11-07 21:03:29.292433,Left,-55.94809,-12.963042,14.552539,-10.340361,-118.91069,-43.99657,48.937065,105.36829
2025-11-07 21:03:29.305786,Left,-496.82822,-921.93884,-608.8312,-527.9666,-685.8168,159.7828,599.89545,472.37125
2025-11-07 21:03:29.309786,Left,212.20554,52.102226,-159.90356,-358.40277,-331.81473,-266.0654,-269.1182,-227.6092
2025-11-07 21:03:29.313786,Left,-525.73505,-960.1845,-594.2788,-441.80566,-613.47205,222.06935,678.8667,542.56805
2025-11-07 21:03:29.317786,Left,-458.87338,-890.1603,-567.41235,-469.64996,-662.00836,152.53352,603.73615,481.9404
2025-11-07 21:03:29.321786,Left,-544.7764,-987.6749,-595.26855,-394.55032,-558.18994,264.36765,717.17413,564.9957
2025-11-07 21:03:29.325786,Left,-544.2283,-976.20795,-594.3648,-418.76926,-583.436,248.58075,700.40564,550.6044
2025-11-07 21:03:29.329786,Left,6.8211718,-45.86492,-48.9294,-64.55467,-79.01397,-17.631279,13.392683,9.809338
2025-11-07 21:03:29.333786,Left,103.9223,-131.66771,-282.41913,-458.85736,-483.51782,-276.8772,-166.28497,-100.53923
2025-11-07 21:03:29.351061,Left,550.68164,579.36725,357.4287,421.1127,698.64874,320.7811,-52.353233,-217.7947
2025-11-07 21:03:29.355061,Left,-163.36893,-79.31132,92.901695,144.6698,19.901684,103.47958,178.94496,125.56191
2025-11-07 21:03:29.359061,Left,602.27185,624.51587,324.65067,367.9606,743.2209,327.18973,-128.77167,-311.9631
2025-11-07 21:03:29.363061,Left,545.95667,569.5227,307.27322,363.80124,707.992,319.14862,-104.59721,-279.34012
2025-11-07 21:03:29.367061,Left,625.08417,648.1611,305.30835,333.66855,759.15,326.25784,-175.00189,-369.11072
2025-11-07 21:03:29.371061,Left,617.6524,641.3638,322.51608,358.97388,750.62744,322.52948,-153.07195,-340.59094
2025-11-07 21:03:29.375061,Left,9.609409,19.873549,16.671675,24.195004,41.46319,24.232769,-1.7005922,-22.91706
2025-11-07 21:03:29.379061,Left,-22.055058,61.66689,177.09534,231.76288,183.57645,198.8259,193.30879,111.62783
2025-11-07 21:03:29.378778,Left,94.6496,547.9722,713.8571,236.24525,347.6095,607.7257,500.77325,321.49615
2025-11-07 21:03:29.382778,Left,22.872677,63.65156,-64.26128,24.7903,175.65828,119.466675,-29.464563,200.68872
2025-11-07 21:03:29.386778,Left,48.787663,499.1394,770.2974,226.26688,274.67252,587.02423,595.26965,318.7477
2025-11-07 21:03:29.390778,Left,30.446184,476.4215,709.96014,210.97261,291.67966,581.34924,553.0542,345.96432
2025-11-07 21:03:29.394778,Left,23.56585,469.71722,801.5762,215.35307,231.90012,585.2358,667.50323,329.42017
2025-11-07 21:03:29.398778,Left,37.227913,489.2474,783.5745,222.40889,263.9072,600.54126,638.13293,333.6734
2025-11-07 21:03:29.402778,Left,-9.222948,27.720509,37.398865,10.615266,32.736713,47.86163,36.97798,54.315075
2025-11-07 21:03:29.406778,Left,65.0388,174.49637,115.75117,137.56554,262.0462,228.46623,93.60435,260.5486
2025-11-07 21:03:29.433895,Left,-1115.0743,-866.16016,-474.82828,-221.12088,-390.9653,-98.63331,-24.439865,-125.51202
2025-11-07 21:03:29.437895,Left,10.6451025,-29.81789,-22.254856,-40.75842,-54.40234,-102.67959,-157.5792,-8.8257265
2025-11-07 21:03:29.441895,Left,-1123.3187,-846.65576,-476.25983,-222.71843,-363.7329,-63.18149,50.8186,-123.16864
2025-11-07 21:03:29.445895,Left,-1039.53,-798.1111,-438.56863,-184.79854,-330.7999,-54.845062,26.152948,-135.71483
2025-11-07 21:03:29.449895,Left,-1130.4966,-825.9758,-465.49673,-219.37341,-348.61954,-43.611076,95.242355,-113.7657
2025-11-07 21:03:29.453895,Left,-1125.9756,-831.6907,-461.03073,-210.69125,-354.2921,-56.043213,61.22266,-128.93303
2025-11-07 21:03:29.457895,Left,-60.172474,-48.788635,-27.746264,-12.414089,-18.36943,-7.116679,-3.7937531,-1.4983703
2025-11-07 21:03:29.461895,Left,-154.36719,-214.58797,-185.15721,-154.81624,-157.07362,-159.31026,-193.1406,-97.7531
2025-11-07 21:03:29.461556,Left,-68.40524,-286.87323,89.38478,-281.65228,-559.5161,-651.3499,-1258.1001,-981.7545
2025-11-07 21:03:29.465556,Left,-85.1263,91.71877,77.2567,-18.873507,116.28887,317.29083,-58.971546,-243.54121
2025-11-07 21:03:29.469556,Left,-6.523555,-320.93607,108.60475,-238.40152,-574.8293,-777.92773,-1316.0743,-967.006
2025-11-07 21:03:29.473556,Left,-19.634624,-296.352,110.42354,-218.88362,-502.09653,-655.53064,-1234.5623,-940.97516
2025-11-07 21:03:29.477556,Left,26.010963,-339.25162,125.43299,-216.60588,-597.34784,-862.0388,-1350.8817,-963.65857
2025-11-07 21:03:29.481556,Left,-4.214173,-336.23254,110.7467,-235.94647,-593.6019,-816.16315,-1325.7992,-963.1848
2025-11-07 21:03:29.485556,Left,-0.98025644,-7.156594,23.725763,-6.9487686,-7.0380034,-0.49494952,-94.5116,-93.67748
2025-11-07 21:03:29.489556,Left,-98.20573,5.7097697,31.8271,-87.78368,9.267701,144.47716,-302.34198,-400.11044
2025-11-07 21:03:29.504183,Left,690.13434,674.29047,335.03537,192.74608,691.5037,702.2811,416.79068,215.01945
2025-11-07 21:03:29.508183,Left,-108.43665,-105.98644,-120.03012,-104.95799,-82.675156,-63.94848,39.571766,104.97891
2025-11-07 21:03:29.512183,Left,697.85406,703.4591,375.7069,193.41432,725.8503,766.9538,431.75168,144.27428
2025-11-07 21:03:29.516183,Left,641.7842,649.84656,318.58792,143.86615,658.1062,694.2932,390.29633,144.71452
2025-11-07 21:03:29.520183,Left,698.1083,705.1464,391.25302,198.74608,748.5312,803.2375,436.22363,98.978966
2025-11-07 21:03:29.524183,Left,701.74634,699.9399,377.0742,199.27501,739.27985,779.8469,427.87314,124.35065
2025-11-07 21:03:29.528183,Left,27.252468,31.363184,2.5845873,-20.251057,23.886702,33.840088,21.996706,0.20915453
2025-11-07 21:03:29.532183,Left,-11.671056,53.022038,2.9296224,-35.66466,77.34398,124.40629,190.63972,208.11214
2025-11-07 21:03:29.536897,Left,65.21355,201.69426,606.175,431.37543,383.95538,451.51736,367.0953,-555.41406
2025-11-07 21:03:29.540897,Left,27.558697,36.564983,8.094666,-9.373429,-11.815397,140.26265,390.8929,259.26218
2025-11-07 21:03:29.544897,Left,59.650566,145.4261,617.48566,453.10364,424.67746,474.13525,285.6331,-656.3695
2025-11-07 21:03:29.548897,Left,26.029737,128.01854,545.41077,391.61963,388.5288,468.70517,329.3385,-562.9924
2025-11-07 21:03:29.552897,Left,55.82664,112.60499,631.75885,471.78305,444.04028,478.75394,234.81,-725.07355
2025-11-07 21:03:29.556897,Left,53.593403,135.03735,624.0067,460.05917,427.9491,467.9686,259.8552,-688.05066
2025-11-07 21:03:29.560897,Left,-6.4231076,-4.5076084,27.54995,18.495527,26.921234,59.35315,77.57793,-0.3162837
2025-11-07 21:03:29.564897,Left,113.269646,121.512184,150.80785,111.023415,123.30678,281.7999,464.17233,195.48236
2025-11-07 21:03:29.578360,Left,-578.7906,-205.67705,-138.02266,-499.501,-867.01984,-652.8683,-504.48608,-514.25165
2025-11-07 21:03:29.582360,Left,52.127167,73.754555,-1.7707888,12.938296,96.039795,-43.20775,-185.84511,-170.61914
2025-11-07 21:03:29.586360,Left,-583.1326,-216.9186,-99.990425,-477.57394,-939.50336,-667.45154,-446.08203,-469.5625
2025-11-07 21:03:29.590360,Left,-559.716,-182.5228,-75.3507,-433.0474,-854.21344,-620.7199,-443.50183,-471.24664
2025-11-07 21:03:29.594360,Left,-567.97394,-214.25745,-75.453995,-463.33652,-975.46423,-670.9173,-409.02878,-439.77206
2025-11-07 21:03:29.598360,Left,-575.8327,-214.72552,-92.22258,-475.00803,-951.5066,-667.06506,-431.30237,-456.93887
2025-11-07 21:03:29.602360,Left,-19.701216,14.226707,19.480358,-3.2039077,-33.73766,-34.60653,-37.627827,-39.74802
2025-11-07 21:03:29.606360,Left,-119.149086,-37.36527,-77.84641,-111.46047,-117.33719,-219.19672,-306.06247,-289.92163
2025-11-07 21:03:29.621065,Left,242.65318,722.343,1040.5808,866.876,658.7259,274.24335,111.0235,84.71728
2025-11-07 21:03:29.625065,Left,-122.653564,-257.3565,22.893234,142.5985,203.53308,232.72035,223.92165,244.74515
2025-11-07 21:03:29.629065,Left,256.29834,798.1848,1051.9646,852.2414,670.1634,279.38126,71.386696,51.441704
2025-11-07 21:03:29.633065,Left,200.25444,708.7501,980.0357,828.0861,660.8434,282.8692,101.330826,105.093864
2025-11-07 21:03:29.637065,Left,274.22208,842.8233,1057.6151,828.73114,661.987,278.14047,49.83824,26.9724
2025-11-07 21:03:29.641065,Left,269.9476,821.1706,1055.5973,837.11395,657.1153,270.8323,61.697052,39.21085
2025-11-07 21:03:29.645065,Left,-13.326473,4.4121976,52.060726,56.916306,64.4557,42.144035,22.4243,45.744152
2025-11-07 21:03:29.649065,Left,-116.16809,-138.8647,173.15413,311.96024,349.2128,302.95212,241.04129,236.06607
2025-11-07 21:03:29.664958,Left,-1567.0021,-822.7492,-365.19217,325.96097,864.4194,157.46269,-14.285959,-51.87077
2025-11-07 21:03:29.668958,Left,28.621078,-189.38943,-176.15219,-2.7005916,47.208046,-70.454285,-105.04045,-188.47166
2025-11-07 21:03:29.672958,Left,-1680.7441,-789.4466,-290.9821,351.35703,829.68604,112.29462,-26.577282,-45.49616
2025-11-07 21:03:29.676958,Left,-1556.5889,-785.8322,-334.81372,304.849,805.9739,114.673416,-48.397408,-98.97949
2025-11-07 21:03:29.680958,Left,-1753.9025,-758.25757,-230.59811,379.46075,807.79315,76.94461,-31.091942,-24.33924
2025-11-07 21:03:29.684958,Left,-1708.5184,-767.1531,-257.66235,371.6536,830.5769,100.20933,-26.978447,-31.066755
2025-11-07 21:03:29.688958,Left,-106.40958,-91.937744,-57.811054,5.7874403,44.320248,-2.6388242,-8.773212,-21.787733
2025-11-07 21:03:29.692958,Left,-263.93994,-392.79776,-300.15964,-30.119366,120.3004,-20.071352,-59.57861,-156.29376
2025-11-07 21:03:29.692544,Left,387.17337,-360.13498,-481.38934,-691.867,-636.1533,308.4613,1484.1641,695.3111
2025-11-07 21:03:29.696544,Left,15.017714,166.37123,100.194336,-180.79362,-83.21565,72.11587,70.56381,256.9979
2025-11-07 21:03:29.700544,Left,390.7893,-477.25418,-608.59375,-676.7499,-630.48315,301.86096,1549.844,670.6828
2025-11-07 21:03:29.704544,Left,359.6782,-416.54343,-515.4558,-676.8302,-639.1554,275.16232,1484.5448,694.6404
2025-11-07 21:03:29.708544,Left,401.90384,-551.9932,-705.2273,-668.61774,-621.98145,300.3181,1581.7856,640.9176
2025-11-07 21:03:29.712544,Left,396.40048,-513.80774,-656.5174,-678.54407,-631.68024,302.77026,1569.4445,653.86835
2025-11-07 21:03:29.716544,Left,38.2238,-2.3450441,-17.82703,-66.53452,-56.374397,25.320719,115.48561,78.82658
2025-11-07 21:03:29.720544,Left,132.90747,186.81125,131.14337,-208.106,-132.55013,122.90912,293.01666,386.36725
2025-11-07 21:03:29.737787,Left,-263.15033,-99.77829,210.8799,69.38501,-33.557053,109.228775,168.29103,-129.44504
2025-11-07 21:03:29.741787,Left,45.98918,131.10223,121.740425,108.272644,205.19768,241.12737,208.34348,201.35214
2025-11-07 21:03:29.745787,Left,-238.61252,-111.356384,213.69995,128.2542,-21.371656,76.32586,152.14658,-107.85008
2025-11-07 21:03:29.749787,Left,-219.99492,-92.605896,224.32425,118.252304,-7.8616977,108.16417,180.24486,-96.24451
2025-11-07 21:03:29.753787,Left,-222.76517,-115.80243,211.07387,161.79178,-12.744327,51.955956,129.95995,-103.48023
2025-11-07 21:03:29.757787,Left,-236.92595,-115.13492,210.5356,134.58717,-23.73569,64.24724,140.0482,-113.36789
2025-11-07 21:03:29.761787,Left,-22.443377,-10.347644,10.585397,5.761948,-3.1819515,1.9439555,2.5815463,-13.415356
2025-11-07 21:03:29.765787,Left,-10.809245,57.059486,98.77679,81.9582,134.67824,168.46011,145.71338,96.43995
2025-11-07 21:03:29.766523,Left,-168.00165,-19.167366,285.73538,589.49805,831.9685,617.87573,282.33887,105.09012
2025-11-07 21:03:29.770523,Left,4.66594,-112.851715,-314.00745,-212.50563,-202.49174,-64.71165,-2.7502112,-72.58095
2025-11-07 21:03:29.774523,Left,-209.37955,-53.84422,365.2059,614.07416,874.0127,635.34863,257.31625,93.412315
2025-11-07 21:03:29.778523,Left,-223.82294,-88.349815,275.6391,545.07764,803.71765,579.89075,253.10968,111.45262
2025-11-07 21:03:29.782523,Left,-234.79056,-77.7986,402.87936,620.36383,888.51953,643.35614,237.72174,79.69528
2025-11-07 21:03:29.786523,Left,-215.30663,-56.766735,383.47366,620.0446,880.5442,635.0427,246.70593,88.00518
2025-11-07 21:03:29.790523,Left,-37.31934,-36.9741,-21.180676,18.468027,47.41958,54.17914,41.361683,26.499924
2025-11-07 21:03:29.794523,Left,-84.80635,-152.4154,-248.78862,-58.917778,38.46067,153.73114,171.06136,67.6814
2025-11-07 21:03:29.809229,Left,-524.8982,-826.06726,-929.15015,-776.79956,-563.18604,-191.88303,-202.84445,-505.2647
2025-11-07 21:03:29.813229,Left,-113.3011,-90.92705,-45.78526,-96.60144,-94.13378,-251.30493,-194.21645,-118.20163
2025-11-07 21:03:29.817229,Left,-500.0134,-825.5654,-1007.5074,-813.49005,-615.08655,-172.44585,-193.39006,-557.9808
2025-11-07 21:03:29.821229,Left,-465.80087,-775.1633,-926.834,-763.5502,-572.91,-158.51605,-171.66144,-515.72723
2025-11-07 21:03:29.825229,Left,-477.60895,-813.60474,-1036.9226,-811.3513,-616.9407,-138.301,-164.70168,-561.6875
2025-11-07 21:03:29.829229,Left,-488.52148,-816.4204,-1007.2485,-802.24,-603.2751,-146.72191,-174.18552,-554.36664
2025-11-07 21:03:29.833229,Left,-8.00852,-28.077118,-43.900063,-34.009815,-22.602634,-8.027419,3.0046744,-15.273347
2025-11-07 21:03:29.837229,Left,-154.96191,-210.27042,-227.61598,-278.28802,-272.02908,-346.5613,-282.66708,-260.81088
2025-11-07 21:03:29.850678,Left,-591.9759,-488.45618,-38.25867,577.126,667.4462,745.7955,348.3572,357.21414
2025-11-07 21:03:29.854678,Left,-346.59763,-256.23666,-249.8591,-386.26376,-164.19029,-128.64842,-53.928246,69.417786
2025-11-07 21:03:29.858678,Left,-589.2535,-531.92395,-82.9287,656.4329,677.73364,774.2705,395.43182,378.81418
2025-11-07 21:03:29.862678,Left,-584.40265,-534.17786,-106.99697,572.98694,631.6253,732.97144,354.80844,357.34894
2025-11-07 21:03:29.866678,Left,-564.874,-533.25586,-88.878006,717.45734,685.60767,783.47314,420.50693,384.2687
2025-11-07 21:03:29.870678,Left,-579.7425,-532.2546,-83.27743,682.0151,679.7815,773.2394,396.7581,376.1606
2025-11-07 21:03:29.874678,Left,-49.975655,-46.475666,-21.262552,15.497982,31.050003,38.286224,18.620064,21.67232
2025-11-07 21:03:29.878678,Left,-441.77948,-338.79156,-257.0835,-260.37503,-17.497976,56.492393,79.65497,183.72964
2025-11-07 21:03:29.890850,Left,198.51738,147.05281,-141.37386,-292.0478,-251.69278,-136.12842,320.3743,345.70996
2025-11-07 21:03:29.894850,Left,225.12132,179.35194,207.08209,325.48685,246.32753,262.51895,121.3079,136.55995
2025-11-07 21:03:29.898850,Left,228.77852,194.59128,-106.93113,-360.46365,-263.01245,-160.77707,359.0805,386.86942
2025-11-07 21:03:29.902850,Left,229.93266,199.21367,-91.78145,-304.83765,-244.98102,-150.22052,338.02747,354.56714
2025-11-07 21:03:29.906850,Left,229.39444,198.63725,-112.06368,-424.91968,-290.37418,-189.89632,364.39636,395.54282
2025-11-07 21:03:29.910850,Left,222.12724,188.18214,-119.85227,-393.19516,-279.8234,-173.62938,363.47214,390.06195
2025-11-07 21:03:29.914850,Left,22.659159,14.34703,-1.9487352,-11.894433,-18.60717,-16.912462,-1.0793461,-0.39979592
2025-11-07 21:03:29.918850,Left,302.46094,244.10289,220.57901,276.1604,189.06024,190.96533,125.24457,140.03445
2025-11-07 21:03:29.933537,Left,674.2274,467.7617,233.7261,-101.00591,-166.64072,105.367355,468.23465,566.0065
2025-11-07 21:03:29.937537,Left,96.86039,170.60011,246.1238,187.13199,-18.549953,36.92236,11.340863,89.189674
2025-11-07 21:03:29.941537,Left,720.3077,470.49356,189.51115,-159.7034,-155.50247,93.87583,475.1326,581.266
2025-11-07 21:03:29.945537,Left,672.89746,454.88583,190.57938,-146.79533,-158.9933,84.57479,454.37048,554.38586
2025-11-07 21:03:29.949537,Left,734.0679,457.0228,157.7954,-193.14278,-154.44292,90.94937,480.2018,586.52875
2025-11-07 21:03:29.953537,Left,731.8512,467.58502,180.60973,-165.76054,-150.1478,98.39372,479.3458,576.1016
2025-11-07 21:03:29.957537,Left,22.432756,27.903563,19.339506,-16.116093,-38.184414,-10.73308,19.888037,49.879128
2025-11-07 21:03:29.961537,Left,144.7207,197.58977,223.22372,114.35359,-49.86932,46.067486,106.68645,221.8752
2025-11-07 21:03:29.973573,Left,-259.84625,117.43164,-91.61252,-459.9571,-559.72095,-606.91394,-384.0562,-79.41791
2025-11-07 21:03:29.977573,Left,95.330124,93.54227,5.458916,63.041183,209.05331,66.26846,39.65543,-155.54622
2025-11-07 21:03:29.981573,Left,-285.98697,130.7361,-50.36906,-459.928,-647.66766,-651.22034,-418.21802,-51.24212
2025-11-07 21:03:29.985573,Left,-274.3155,125.32932,-48.521183,-423.3107,-577.0999,-603.1726,-392.99155,-58.948006
2025-11-07 21:03:29.989573,Left,-288.23196,150.44832,-25.825901,-465.72006,-697.3389,-677.46454,-430.11282,-24.017075
2025-11-07 21:03:29.993573,Left,-286.69788,139.77791,-42.929375,-468.77457,-667.96857,-659.90076,-413.2222,-23.353186
2025-11-07 21:03:29.997573,Left,-7.4091125,19.042051,-0.2623778,-18.874607,-19.681446,-29.228655,-17.052599,-17.92277
2025-11-07 21:03:30.001573,Left,58.35382,80.28472,-19.818733,-18.114956,56.89978,-71.80312,-92.94165,-229.99709
2025-11-07 21:03:30.020146,Left,70.32052,139.11723,98.09603,-90.20786,-202.69183,-313.94986,-215.4535,269.56985
2025-11-07 21:03:30.024146,Left,-92.955246,-272.3502,-143.76584,-123.410515,-111.8887,-170.78203,-140.77815,-116.75357
2025-11-07 21:03:30.028146,Left,58.113792,179.29515,97.87522,-130.54399,-221.29425,-303.37112,-229.71956,273.65292
2025-11-07 21:03:30.032146,Left,35.093765,139.98201,73.81014,-120.067795,-205.83318,-317.37787,-236.57356,257.86462
2025-11-07 21:03:30.036146,Left,70.838234,218.54408,112.08763,-153.94048,-245.86642,-296.9756,-232.51346,278.22772
2025-11-07 21:03:30.040146,Left,68.57684,201.51729,107.73317,-141.65433,-243.89314,-308.3166,-233.68547,274.31186
2025-11-07 21:03:30.044146,Left,8.32745,-7.1426826,-0.036329366,-13.922915,-9.295784,-28.80919,-26.526243,13.90504
2025-11-07 21:03:30.048146,Left,-82.46165,-210.4808,-99.92141,-77.93388,-40.966236,-152.4447,-139.37439,-48.61425
2025-11-07 21:03:30.047834,Left,-16.011278,24.706705,-6.6330776,83.294655,-3.8362873,-280.0423,-601.2792,-397.74323
2025-11-07 21:03:30.051834,Left,60.54405,-41.423565,-33.02668,86.16813,24.1464,-67.623024,-20.51989,-129.09358
2025-11-07 21:03:30.055834,Left,-67.005295,37.961315,61.223053,94.10016,-8.598569,-267.80936,-592.1031,-367.42767
2025-11-07 21:03:30.059834,Left,-33.392117,44.678425,42.047634,106.91337,15.92846,-238.30255,-559.05035,-354.91818
2025-11-07 21:03:30.063834,Left,-99.20934,45.191692,102.401085,100.69273,-10.496664,-263.34726,-588.69696,-351.6618
2025-11-07 21:03:30.067834,Left,-85.51897,39.08105,73.350174,96.44573,-4.0582795,-262.97684,-594.1676,-359.07202
2025-11-07 21:03:30.071834,Left,10.131333,2.9686494,11.621792,26.188576,4.3891225,-25.36263,-37.334526,-38.39869
2025-11-07 21:03:30.075834,Left,59.23998,-38.191135,-35.601162,70.86356,-10.824776,-123.47742,-119.448524,-188.29152
2025-11-07 21:03:30.089177,Left,6.8200765,182.1357,395.38095,383.78836,206.9686,-252.59409,-330.56525,-218.05188
2025-11-07 21:03:30.093177,Left,-49.925716,-78.14423,-30.85337,63.733383,39.524647,41.63422,-81.37883,-3.2820444
2025-11-07 21:03:30.097177,Left,-12.110236,204.67746,445.4242,372.90668,217.45442,-290.0561,-368.28528,-264.05957
2025-11-07 21:03:30.101177,Left,-10.210381,196.03354,416.35416,358.04138,200.44269,-278.5421,-340.13123,-247.17271
2025-11-07 21:03:30.105177,Left,-19.971022,211.92946,473.9686,376.22998,232.21571,-302.1659,-394.60178,-290.49124
2025-11-07 21:03:30.109177,Left,-7.1805754,210.89668,461.23572,385.54523,230.53465,-288.55527,-374.93054,-272.80576
2025-11-07 21:03:30.113177,Left,-8.160275,9.636109,33.00044,29.951775,18.640406,-21.215982,-41.891937,-26.37752
2025-11-07 21:03:30.117177,Left,-65.59616,-27.86029,42.68763,93.02292,63.428783,-0.89023674,-95.10827,-23.615068
2025-11-07 21:03:30.137097,Left,212.53996,85.73676,132.27844,106.22476,-132.84836,-59.793846,-268.19003,-379.53552
2025-11-07 21:03:30.141097,Left,120.96704,163.02155,49.701767,-25.251236,67.97162,134.32521,175.38188,69.36121
2025-11-07 21:03:30.145097,Left,186.38303,12.157141,121.03056,189.35649,-131.25053,-89.85796,-335.08875,-430.39822
2025-11-07 21:03:30.149097,Left,196.6291,47.231117,127.006294,152.4209,-109.758675,-54.472588,-293.93253,-404.28775
2025-11-07 21:03:30.153097,Left,159.97964,-40.340294,110.10997,238.75175,-137.69118,-116.5045,-375.52597,-455.5744
2025-11-07 21:03:30.157097,Left,164.69649,-19.412243,106.576996,194.20166,-149.73587,-113.520004,-357.65994,-439.12976
2025-11-07 21:03:30.161097,Left,30.723602,18.94644,12.035813,14.771077,4.026791,15.286695,-2.3970873,-27.955772
2025-11-07 21:03:30.165097,Left,171.47939,167.97238,55.44133,-16.79245,33.49093,98.395226,79.9011,-53.008694
2025-11-07 21:03:30.177050,Left,115.111115,47.90155,-97.9513,193.64555,682.0529,723.59644,655.099,107.77737
2025-11-07 21:03:30.181050,Left,-139.49498,-61.780903,-93.97159,-67.829636,-56.886456,45.839813,33.1477,24.49588
2025-11-07 21:03:30.185050,Left,133.33546,69.74716,-94.35048,175.62416,707.61365,767.9602,701.67773,147.02505
2025-11-07 21:03:30.189050,Left,115.57409,48.774807,-116.062996,165.61322,671.52655,714.4612,669.10156,135.72585
2025-11-07 21:03:30.193050,Left,134.6166,72.44585,-95.91337,156.83609,713.5474,793.13855,723.74536,167.37845
2025-11-07 21:03:30.197050,Left,140.82703,72.446945,-90.325516,174.5258,715.8936,781.532,713.6898,156.8106
2025-11-07 21:03:30.201050,Left,-15.777257,-5.745319,-29.492554,-8.745242,33.536785,54.154644,51.525444,12.28448
2025-11-07 21:03:30.205050,Left,-118.88196,-35.92577,-79.08828,3.1104488,97.2122,193.31749,181.85223,98.2928
2025-11-07 21:03:30.221219,Left,-243.38173,327.40512,-100.57611,-377.85458,-224.02083,255.21906,-63.26157,-360.14758
2025-11-07 21:03:30.225219,Left,121.49507,57.078403,32.186516,124.49841,141.6832,-7.45828,50.70594,-11.3933935
2025-11-07 21:03:30.229219,Left,-294.59476,303.75256,-119.825,-432.50104,-276.60696,287.24033,-92.16874,-407.22995
2025-11-07 21:03:30.233219,Left,-274.72626,309.56955,-100.67542,-393.65054,-243.29172,285.55762,-67.099945,-362.2256
2025-11-07 21:03:30.237219,Left,-317.70972,288.12656,-134.08531,-464.4909,-302.61862,306.36008,-108.74888,-443.34024
2025-11-07 21:03:30.241219,Left,-307.29745,293.73376,-133.16556,-454.39896,-289.56088,296.57925,-101.30629,-431.1847
2025-11-07 21:03:30.245219,Left,-7.8652616,29.562006,-0.17543474,-8.543858,2.4836404,26.544449,9.766808,-15.737144
2025-11-07 21:03:30.249219,Left,84.99019,113.637764,29.241009,52.19829,57.9109,-11.308465,-21.53675,-107.64498
2025-11-07 21:03:30.248956,Left,-412.16705,40.402176,150.61594,437.7669,377.631,108.57159,804.27124,711.447
2025-11-07 21:03:30.252956,Left,-143.8578,-152.38066,-132.21068,-140.50937,-219.24779,-103.11337,73.66564,0.4671554
2025-11-07 21:03:30.256956,Left,-425.56036,47.79024,208.45609,491.573,483.6336,141.45268,824.0485,782.3779
2025-11-07 21:03:30.260956,Left,-416.26028,42.62017,177.81485,456.64142,418.3056,96.94072,792.23315,745.65436
2025-11-07 21:03:30.264956,Left,-429.53503,50.64657,242.80904,519.4619,549.89124,176.44014,843.7055,825.83356
2025-11-07 21:03:30.268956,Left,-422.7858,57.215782,228.05013,510.62985,519.65826,168.89354,844.8228,808.6134
2025-11-07 21:03:30.272956,Left,-44.32985,-13.011126,5.0498886,19.334185,6.6954417,-11.404773,58.79189,51.365284
2025-11-07 21:03:30.276956,Left,-239.50026,-160.8615,-102.658646,-41.802517,-112.625885,-69.78437,202.23842,135.14217
2025-11-07 21:03:30.290482,Left,-670.0259,-295.2126,539.8781,659.5643,310.80692,23.195522,192.36813,-179.9002
2025-11-07 21:03:30.294482,Left,-4.69898,-26.373425,-109.18875,11.473349,134.58063,173.40102,53.00363,101.04343
2025-11-07 21:03:30.298482,Left,-692.43854,-296.6492,583.41394,675.6722,287.9207,-31.731579,175.92819,-231.6225
2025-11-07 21:03:30.302482,Left,-666.5584,-308.8097,531.69806,645.10016,286.2492,-11.452127,188.79468,-199.24493
2025-11-07 21:03:30.306482,Left,-705.0163,-282.37888,624.4106,688.6834,277.78976,-59.094803,163.72386,-261.03574
2025-11-07 21:03:30.310482,Left,-696.32654,-279.65582,619.54175,688.0104,282.38528,-48.090237,164.22862,-250.90833
2025-11-07 21:03:30.314482,Left,-52.92964,-33.681747,14.693684,41.994244,35.82829,19.68909,22.531158,1.039764
2025-11-07 21:03:30.318482,Left,-82.268814,-84.40362,-54.122505,120.95384,196.18411,187.6883,109.34135,67.256744
2025-11-07 21:03:30.337075,Left,-498.2611,-360.11487,4.0423245,191.57753,61.364716,-1.4828477,-87.4469,-186.41696
2025-11-07 21:03:30.341075,Left,-34.21577,-5.164366,-46.372917,-88.484825,9.646113,11.981593,-47.975815,-92.774994
2025-11-07 21:03:30.345075,Left,-496.3576,-405.8484,-17.35363,258.1986,70.28319,-44.632847,-127.7726,-151.50626
2025-11-07 21:03:30.349075,Left,-483.67877,-384.03055,-13.055552,222.78502,63.077164,-32.32461,-111.289734,-169.24258
2025-11-07 21:03:30.353075,Left,-493.31647,-429.10922,-26.857103,304.4921,77.73103,-72.39354,-162.2623,-135.43275
2025-11-07 21:03:30.357075,Left,-506.6176,-420.52472,-21.514853,275.7828,72.607506,-54.735214,-144.71991,-152.86313
2025-11-07 21:03:30.361075,Left,-33.90179,-30.941004,-8.905194,12.1006775,7.605634,-8.814671,-24.104834,-27.915854
2025-11-07 21:03:30.365075,Left,-125.33189,-96.10565,-78.56142,-73.72256,5.889593,1.8552545,-46.942986,-91.998055
2025-11-07 21:03:30.377382,Left,557.87067,619.96906,352.20312,90.88055,-381.8641,281.4872,460.61057,151.54128
2025-11-07 21:03:30.381382,Left,-2.5699952,70.38673,3.402344,-78.61707,-39.49363,1.7138987,16.852074,124.40959
2025-11-07 21:03:30.385382,Left,539.5649,644.04694,367.93176,154.81453,-372.4614,318.23404,528.3975,179.84683
2025-11-07 21:03:30.389382,Left,534.97107,621.891,361.67947,123.60161,-389.86362,282.72595,497.9344,190.63463
2025-11-07 21:03:30.393382,Left,519.355,653.7607,365.65442,189.26427,-354.26578,341.8106,557.783,180.58061
2025-11-07 21:03:30.397382,Left,533.78125,647.1714,365.46646,167.90535,-359.6703,330.00552,536.0432,170.50992
2025-11-07 21:03:30.401382,Left,33.98987,59.697468,29.083403,0.0183197,-45.387287,15.420382,43.456554,39.22
2025-11-07 21:03:30.405382,Left,116.44948,198.54959,99.41112,-29.30585,-103.358345,29.53391,86.56313,151.95647
2025-11-07 21:03:30.420171,Left,-544.4513,-327.38406,-299.96616,-142.7354,67.64518,-215.73088,-79.562546,415.43182
2025-11-07 21:03:30.424171,Left,123.451836,-4.5453277,9.46559,-28.374012,-82.77102,-76.10976,-6.064914,-70.37939
2025-11-07 21:03:30.428171,Left,-575.49664,-348.34183,-330.6859,-166.16257,118.777664,-203.53024,-117.71848,446.77478
2025-11-07 21:03:30.432171,Left,-539.0502,-315.15594,-307.00888,-142.6558,114.08075,-198.87494,-97.54953,422.0758
2025-11-07 21:03:30.436171,Left,-587.45166,-364.59097,-343.85785,-176.57254,146.65265,-196.59943,-138.8139,472.3597
2025-11-07 21:03:30.440171,Left,-579.7859,-352.1006,-329.30212,-160.60074,134.49731,-196.3718,-118.82331,467.3542
2025-11-07 21:03:30.444171,Left,-24.468811,-25.861404,-22.365189,-13.109807,11.446554,-18.37174,-11.161987,16.034529
2025-11-07 21:03:30.448171,Left,-27.991356,-106.44953,-95.889854,-94.385025,-80.58572,-112.90979,-33.846115,-23.959156
2025-11-07 21:03:30.447877,Left,354.65735,-180.6932,-742.17975,575.2353,1072.9366,1109.5663,552.2182,29.196592
2025-11-07 21:03:30.451877,Left,61.301407,-156.88763,-278.52502,-114.28398,3.1967926,140.24828,294.2887,137.57697
2025-11-07 21:03:30.455877,Left,320.3408,-164.07033,-672.19653,670.8109,1140.9016,1115.6437,486.15698,-0.7110414
2025-11-07 21:03:30.459877,Left,325.96793,-178.31625,-709.292,570.6752,1052.4733,1082.3534,514.51556,36.691902
2025-11-07 21:03:30.463877,Left,300.05423,-149.54579,-624.8981,741.47504,1193.5847,1113.4716,426.36496,-31.118057
2025-11-07 21:03:30.467877,Left,317.22687,-151.12723,-652.34625,705.2762,1171.9875,1117.771,452.26978,-19.218412
2025-11-07 21:03:30.471877,Left,20.421804,-51.654552,-104.51271,-5.27268,39.78728,63.810043,52.716568,13.325677
2025-11-07 21:03:30.475877,Left,110.252716,-166.34914,-339.09402,-20.353725,164.22491,354.07147,471.11902,221.59882
2025-11-07 21:03:30.490684,Left,-358.9798,-889.3843,-887.22906,-624.0857,-599.9422,-316.22488,94.860115,-502.1229
2025-11-07 21:03:30.494684,Left,52.682304,56.086647,-83.99672,-188.97104,-96.119514,16.037125,-79.876465,-161.14151
2025-11-07 21:03:30.498684,Left,-367.32715,-966.0449,-950.3333,-591.1789,-594.8382,-361.34274,79.69446,-525.1108
2025-11-07 21:03:30.502684,Left,-347.52295,-906.704,-890.1698,-588.8223,-586.8076,-340.45813,89.04379,-495.1354
2025-11-07 21:03:30.506684,Left,-366.5275,-1008.5908,-987.0722,-562.80225,-584.6384,-384.55655,68.535904,-542.31573
2025-11-07 21:03:30.510684,Left,-373.17566,-992.2265,-969.78754,-579.2103,-592.8984,-373.06494,75.74964,-535.56256
2025-11-07 21:03:30.514684,Left,4.1291075,-31.832151,-49.85922,-45.207085,-28.955206,1.8639319,21.977098,-14.963948
2025-11-07 21:03:30.518684,Left,-23.410099,-111.923134,-250.97166,-335.54642,-244.94528,-103.83154,-120.333176,-249.57217
2025-11-07 21:03:30.533438,Left,-434.54773,-42.85588,166.46085,200.68822,664.9332,873.5231,1286.6536,1399.4764
2025-11-07 21:03:30.537438,Left,-311.72885,-186.9661,-207.98996,-230.15337,-97.5694,52.221004,149.40913,234.90646
2025-11-07 21:03:30.541438,Left,-408.4958,-40.41387,173.06514,262.21457,721.26434,875.06305,1290.0822,1445.2806
2025-11-07 21:03:30.545438,Left,-416.3458,-67.03434,138.51418,205.42021,642.92993,822.44946,1240.3156,1383.2966
2025-11-07 21:03:30.549438,Left,-391.37793,-33.113514,179.4035,298.76205,761.5478,879.0207,1285.1642,1462.4604
2025-11-07 21:03:30.553438,Left,-400.95175,-34.497448,180.03265,276.13068,743.45746,884.9018,1292.7827,1448.8987
2025-11-07 21:03:30.557438,Left,-38.37648,-26.915972,-30.63137,-30.164259,-3.3988705,17.37827,59.63558,90.6276
2025-11-07 21:03:30.561438,Left,-377.6635,-189.89313,-146.56369,-115.08321,70.02475,234.25978,400.8977,515.7358
2025-11-07 21:03:30.590015,Left,-97.314926,-31.054712,-0.013755164,-331.9533,-760.79297,-429.56137,-123.17658,405.9114
2025-11-07 21:03:30.594015,Left,342.7407,285.46292,140.77284,109.52459,227.19351,172.50188,225.21895,191.63953
2025-11-07 21:03:30.598015,Left,-136.39304,-49.7194,43.959324,-292.71893,-828.54285,-428.3983,-117.53065,421.25333
2025-11-07 21:03:30.602015,Left,-99.26124,-12.946711,61.15089,-265.61328,-758.83875,-397.4329,-106.72012,422.3224
2025-11-07 21:03:30.606015,Left,-153.65883,-59.080536,64.76723,-279.86496,-876.69244,-433.79025,-112.06091,429.35672
2025-11-07 21:03:30.610015,Left,-143.47456,-53.82098,49.289146,-296.01202,-856.27026,-436.36414,-115.07129,431.45883
2025-11-07 21:03:30.614015,Left,8.101093,14.371149,10.961238,-10.369467,-38.089386,-18.184687,3.0905678,30.618505
2025-11-07 21:03:30.618015,Left,326.32022,260.92172,135.27576,61.938118,79.94132,61.232803,119.86402,151.58711
2025-11-07 21:03:30.617723,Left,-470.8656,-435.51736,-233.80836,-337.48837,-429.74924,-123.29381,63.22907,-215.30173
2025-11-07 21:03:30.621723,Left,290.9251,135.93575,-47.651638,-147.92369,-228.54677,-394.6941,-452.11407,-409.09293
2025-11-07 21:03:30.625723,Left,-524.4804,-471.7764,-215.8495,-318.53525,-453.96213,-127.41357,101.97894,-206.78427
2025-11-07 21:03:30.629723,Left,-474.71188,-424.92517,-226.58617,-355.9337,-486.5958,-168.1134,33.126,-264.84113
2025-11-07 21:03:30.633723,Left,-560.711,-502.78955,-209.24075,-302.047,-462.48624,-135.1998,125.50009,-192.623
2025-11-07 21:03:30.637723,Left,-540.45056,-483.32623,-210.17099,-306.00537,-447.56317,-119.10645,121.54507,-193.54932
2025-11-07 21:03:30.641723,Left,-25.310469,-42.324436,-33.285004,-38.304886,-47.5051,-33.57752,-8.542705,-18.72298
2025-11-07 21:03:30.645723,Left,81.429634,-53.179028,-179.1446,-265.29257,-330.10977,-395.59595,-382.5796,-361.9961
2025-11-07 21:03:30.656582,Left,-26.01128,-452.81982,-293.90726,160.15263,-799.3165,-1123.3823,-820.9823,-219.5885
2025-11-07 21:03:30.660582,Left,-455.39255,-299.204,-141.30043,-191.3646,-236.8197,-175.47417,-228.99493,-405.77972
2025-11-07 21:03:30.664582,Left,3.4461942,-487.8643,-382.07205,135.43904,-848.98883,-1219.5685,-881.75037,-143.38594
2025-11-07 21:03:30.668582,Left,-47.178444,-490.10202,-343.2056,164.69037,-784.1644,-1137.6333,-833.68506,-163.23473
2025-11-07 21:03:30.672582,Left,26.967539,-497.57648,-429.66434,113.65247,-880.1462,-1265.9099,-894.3014,-71.382286
2025-11-07 21:03:30.676582,Left,13.596502,-493.18262,-403.27808,121.76155,-871.72864,-1245.7156,-888.8466,-114.58388
2025-11-07 21:03:30.680582,Left,4.434103,-8.832408,22.102516,61.194317,-14.38223,-42.32945,-32.864296,-1.7154604
2025-11-07 21:03:30.684582,Left,-317.03516,-256.74655,-98.60509,-64.710144,-275.5645,-313.3596,-366.4433,-445.37854
2025-11-07 21:03:30.687968,Left,-349.71976,-182.41055,183.33287,305.51263,709.9886,1068.445,636.045,523.805
2025-11-07 21:03:30.691968,Left,-81.00668,-235.16739,-116.258705,125.40502,250.65135,206.19601,362.9163,535.59155
2025-11-07 21:03:30.695968,Left,-422.8779,-141.3279,242.80043,276.66034,660.00464,1125.4076,636.2187,440.4355
2025-11-07 21:03:30.699968,Left,-369.72244,-131.36998,218.0975,284.5032,678.2095,1106.4348,656.75464,497.84747
2025-11-07 21:03:30.703968,Left,-441.76434,-95.03582,303.03976,280.3037,643.5287,1168.281,643.39923,391.56638
2025-11-07 21:03:30.707968,Left,-423.11148,-117.09032,271.05176,283.20963,660.156,1148.0562,644.67926,425.82614
2025-11-07 21:03:30.711968,Left,-24.410631,-26.819088,-8.968924,1.5125682,31.894232,58.461967,28.794003,22.779188
2025-11-07 21:03:30.715968,Left,-152.02472,-240.79309,-87.09673,147.99904,334.2704,374.34735,446.5029,565.98346
2025-11-07 21:03:30.731973,Left,721.6281,728.5463,674.33765,372.2023,342.78558,487.14633,447.60965,46.414394
2025-11-07 21:03:30.735973,Left,547.3519,622.3087,532.16846,385.05344,411.1588,406.2735,320.06647,241.25955
2025-11-07 21:03:30.739973,Left,732.74493,670.2708,642.677,429.5984,362.68768,471.3388,446.46207,87.23115
2025-11-07 21:03:30.743973,Left,744.84424,704.3669,665.7997,421.13483,358.28613,469.72372,443.08154,76.44215
2025-11-07 21:03:30.747973,Left,729.6182,622.77655,611.54126,451.58615,357.05563,443.67114,422.434,84.77942
2025-11-07 21:03:30.751973,Left,728.43024,647.17993,626.1242,429.15985,349.16125,454.28336,433.63397,78.894424
2025-11-07 21:03:30.755973,Left,33.81721,37.78459,25.774641,0.2861691,6.4399786,14.551968,4.7526603,-23.248251
2025-11-07 21:03:30.759973,Left,596.19604,658.0739,575.41064,423.62817,433.26535,425.88553,345.77194,240.12029
2025-11-07 21:03:30.773388,Left,422.1379,213.34201,117.642654,378.26648,242.49738,-388.32495,-1080.9872,-1066.8544
2025-11-07 21:03:30.777388,Left,109.70306,51.582844,45.47508,-21.556814,-62.332554,-136.14154,-162.49133,-296.80594
2025-11-07 21:03:30.781388,Left,441.57657,242.57047,119.46382,373.0513,254.33679,-387.7428,-1149.4291,-1131.3126
2025-11-07 21:03:30.785388,Left,387.56317,186.30763,68.43328,321.94824,220.44496,-402.40103,-1118.9407,-1097.3535
2025-11-07 21:03:30.789388,Left,436.5032,243.47015,109.22861,362.59476,251.23683,-395.42145,-1199.386,-1179.6346
2025-11-07 21:03:30.793388,Left,437.50696,236.99669,111.81044,373.76285,254.65326,-394.13953,-1175.2281,-1151.4128
2025-11-07 21:03:30.797388,Left,4.007846,6.58427,9.696001,23.751453,37.323368,1.73089,-46.804207,-60.791534
2025-11-07 21:03:30.801388,Left,147.17023,89.36973,68.064606,31.301212,-4.657374,-155.67818,-279.2976,-409.8902
2025-11-07 21:03:30.819857,Left,120.056496,-138.45578,-230.80186,-258.21594,-535.8421,-684.9947,-495.6383,-518.25323
2025-11-07 21:03:30.823857,Left,-496.14917,-259.81613,-82.78272,-106.17609,-268.7988,-199.91452,-188.04294,-331.8585
2025-11-07 21:03:30.827857,Left,221.9408,-140.07964,-317.03247,-318.8782,-489.86478,-693.40485,-538.4856,-526.72986
2025-11-07 21:03:30.831857,Left,147.02725,-144.07378,-271.7793,-272.34406,-472.48453,-652.01697,-501.38437,-512.3923
2025-11-07 21:03:30.835857,Left,288.66693,-143.10463,-369.71628,-351.3727,-456.76932,-695.6053,-558.13885,-526.4525
2025-11-07 21:03:30.839857,Left,253.855,-140.51141,-334.7529,-324.0703,-471.19412,-690.81323,-539.4041,-518.8325
2025-11-07 21:03:30.843857,Left,24.835323,25.684729,27.86368,18.994686,-10.990708,-17.560192,-11.443539,-32.06375
2025-11-07 21:03:30.847857,Left,-454.01956,-268.5649,-156.01259,-208.46632,-387.43375,-368.53543,-352.12646,-483.31107
2025-11-07 21:03:30.847494,Left,-88.14936,-85.41519,-500.49405,-657.96686,-99.13787,712.0985,850.02386,877.74976
2025-11-07 21:03:30.851494,Left,-325.39124,-300.49246,-336.12323,-402.18506,-306.30832,-287.57202,-255.05551,-92.98759
2025-11-07 21:03:30.855494,Left,-86.15411,-109.802734,-496.81012,-644.8621,-107.781456,760.01807,959.41925,942.3123
2025-11-07 21:03:30.859494,Left,-103.58608,-100.05158,-481.83377,-653.1652,-121.65171,701.828,868.1924,895.6703
2025-11-07 21:03:30.863494,Left,-76.700386,-127.78071,-503.88605,-632.15967,-108.26219,791.75415,1031.406,980.1512
2025-11-07 21:03:30.867494,Left,-77.663,-117.12154,-508.51886,-640.3682,-104.0683,778.54266,990.1273,957.2805
2025-11-07 21:03:30.871494,Left,-5.080549,-1.4340084,-27.669672,-64.44878,-28.267467,30.59652,49.395607,57.94014
2025-11-07 21:03:30.875494,Left,-344.01553,-271.29874,-308.82895,-398.28558,-232.80298,-92.36198,-25.505766,134.18646
2025-11-07 21:03:30.890260,Left,-145.19968,14.118173,563.3928,384.91922,129.66931,104.798775,354.15146,56.30129
2025-11-07 21:03:30.894260,Left,129.09688,217.65588,217.07785,255.63777,347.19513,411.29813,318.7053,331.60992
2025-11-07 21:03:30.898260,Left,-153.41913,-10.427487,533.0846,356.78387,94.35655,56.369446,328.51068,10.248263
2025-11-07 21:03:30.902260,Left,-129.47305,11.588271,550.97296,389.38815,139.02808,107.785286,374.06903,59.34972
2025-11-07 21:03:30.906260,Left,-147.84149,-8.759228,526.24207,345.68915,81.95279,43.52886,325.41272,-3.4511518
2025-11-07 21:03:30.910260,Left,-151.56102,-7.6640835,536.51154,353.44565,87.27051,53.00004,333.5037,8.272722
2025-11-07 21:03:30.914260,Left,-12.729784,3.2179577,36.829582,27.34806,19.795916,20.164106,24.078468,4.0215745
2025-11-07 21:03:30.918260,Left,158.45186,232.2297,293.36697,313.79575,350.48828,378.18976,320.41544,263.04117
2025-11-07 21:03:30.938687,Left,-135.61362,-40.717476,235.07567,363.03363,409.19772,40.979683,-64.9925,355.17038
2025-11-07 21:03:30.942687,Left,101.60088,121.092026,91.844986,44.28438,-14.520661,-10.375487,119.764465,234.74431
2025-11-07 21:03:30.946687,Left,-112.50481,-60.57971,224.59857,414.20505,463.01172,52.898785,-101.87928,289.62158
2025-11-07 21:03:30.950687,Left,-108.06046,-53.53566,223.33813,389.37332,420.23138,32.117718,-105.77227,292.62952
2025-11-07 21:03:30.954687,Left,-93.310394,-65.06223,220.04749,436.8119,492.12137,53.19742,-124.7539,251.79178
2025-11-07 21:03:30.958687,Left,-105.8617,-58.97905,226.90298,420.11664,473.767,48.573338,-116.637146,270.6446
2025-11-07 21:03:30.962687,Left,-26.035648,-22.454123,-2.956796,15.591209,10.363293,-17.044146,-10.606043,33.36464
2025-11-07 21:03:30.966687,Left,24.898176,45.35905,74.71136,89.96016,38.916405,6.195656,101.252014,257.23227
2025-11-07 21:03:30.981050,Left,146.96457,-285.22443,718.0332,941.24274,680.49097,64.44917,-278.40317,-210.609
2025-11-07 21:03:30.985050,Left,-124.03332,-205.27626,-16.042871,49.148006,124.08912,272.82635,137.78635,118.039246
2025-11-07 21:03:30.989050,Left,191.42935,-201.81357,789.1474,995.2699,692.9355,15.195893,-292.99866,-182.24823
2025-11-07 21:03:30.993050,Left,139.82648,-270.2818,698.454,923.8859,677.3964,60.46608,-244.79121,-157.56221
2025-11-07 21:03:30.997050,Left,220.52303,-153.08252,831.51794,1028.8987,688.58026,-38.228935,-320.24878,-178.26678
2025-11-07 21:03:31.001050,Left,207.50832,-184.07697,807.75977,1016.9054,695.1805,-13.407072,-305.4983,-181.47165
2025-11-07 21:03:31.005050,Left,-27.845837,-63.152355,29.591915,49.81508,41.46753,20.815048,-12.092762,1.1612449
2025-11-07 21:03:31.009050,Left,-93.56332,-208.78255,91.38644,175.04439,247.64189,338.14072,135.9028,101.12824
2025-11-07 21:03:31.021364,Left,-348.84918,-480.0804,-363.12866,86.61768,-136.96835,-845.3486,-1029.1769,109.31062
2025-11-07 21:03:31.025364,Left,-10.238318,-108.96278,-49.441017,-48.24652,-208.68188,-239.53915,-188.20442,-358.14188
2025-11-07 21:03:31.029364,Left,-338.34897,-425.20468,-348.47708,107.30192,-75.71596,-840.8735,-1109.7466,147.2998
2025-11-07 21:03:31.033364,Left,-310.17706,-426.081,-352.31076,96.53892,-104.86958,-836.7738,-1077.3629,80.757576
2025-11-07 21:03:31.037364,Left,-346.4387,-396.15912,-327.5625,122.53489,-42.473614,-846.6937,-1160.5433,178.51575
2025-11-07 21:03:31.041364,Left,-344.54413,-413.8465,-331.1817,117.496086,-65.304474,-852.9093,-1135.3851,163.47726
2025-11-07 21:03:31.045364,Left,-7.3792434,-24.839218,-18.958813,21.259007,-5.9511724,-62.419456,-82.08395,-17.232477
2025-11-07 21:03:31.049364,Left,-73.059906,-199.12323,-179.8443,-87.51638,-227.4958,-336.29617,-341.98306,-340.6349
2025-11-07 21:03:31.067633,Left,616.6674,319.23734,122.98482,15.242581,-741.57166,-615.914,-632.0513,-817.02106
2025-11-07 21:03:31.071633,Left,-59.99544,181.48303,201.6375,-7.8941545,109.0056,108.92404,-10.841326,-187.09357
2025-11-07 21:03:31.075633,Left,607.61743,240.82753,55.90291,48.72318,-808.4916,-686.28784,-654.8633,-799.054
2025-11-07 21:03:31.079633,Left,588.13605,276.12796,99.612305,69.52372,-712.0351,-596.592,-608.52344,-804.2549
2025-11-07 21:03:31.083633,Left,596.6173,188.47122,20.828772,74.60049,-853.279,-737.65564,-673.4549,-772.21936
2025-11-07 21:03:31.087633,Left,597.83264,212.87352,41.78511,62.85194,-829.5437,-712.48395,-668.9665,-786.5636
2025-11-07 21:03:31.091633,Left,60.054462,64.407425,47.50422,19.548471,-21.273308,-11.957803,-26.566885,-69.17091
2025-11-07 21:03:31.095633,Left,99.99869,263.9855,223.89757,19.932468,-12.753756,-7.792181,-127.42446,-358.76004
2025-11-07 21:03:31.096493,Left,680.2297,403.7868,230.32642,-20.192299,-54.34804,-10.527258,337.80197,680.4046
2025-11-07 21:03:31.100493,Left,-86.66902,99.630905,117.6133,-7.738596,-9.443198,13.349566,-66.59366,4.6111064
2025-11-07 21:03:31.104493,Left,753.18475,391.58264,155.94495,-27.651724,-30.11222,-17.600794,330.15088,716.29346
2025-11-07 21:03:31.108493,Left,678.43866,375.38608,189.62033,-22.329039,-54.13711,-45.651283,295.73517,660.2347
2025-11-07 21:03:31.112493,Left,808.9024,388.67285,105.929016,-29.485342,-5.713612,-10.877334,328.5899,740.29016
2025-11-07 21:03:31.116493,Left,781.3938,391.64966,137.39462,-26.434362,-19.276857,-13.284916,333.71265,728.5094
2025-11-07 21:03:31.120493,Left,34.710545,27.371609,5.715414,-24.24184,-25.49077,-24.863062,-14.425012,20.015066
2025-11-07 21:03:31.124493,Left,-6.255366,157.57938,174.73358,28.355656,19.679264,39.225586,25.45809,157.93861
2025-11-07 21:03:31.137933,Left,751.99084,64.574005,-172.08633,59.91324,545.02405,456.92752,-8.199135,-354.20743
2025-11-07 21:03:31.141933,Left,355.3534,256.9352,289.01343,276.4424,114.11789,224.47025,303.65665,286.0457
2025-11-07 21:03:31.145933,Left,678.19556,18.519243,-220.66231,23.666122,590.7208,467.22858,-48.19485,-420.3929
2025-11-07 21:03:31.149933,Left,709.32495,54.682354,-188.08386,35.973827,565.54333,472.07922,-11.06225,-360.1175
2025-11-07 21:03:31.153933,Left,618.6848,-22.06068,-254.2587,4.909973,617.3195,464.69592,-74.59476,-459.2459
2025-11-07 21:03:31.157933,Left,649.21014,-4.991667,-239.74077,17.64968,607.8852,466.899,-57.182213,-430.4647
2025-11-07 21:03:31.161933,Left,59.679516,5.6953917,-2.6277108,13.570362,36.45175,51.95649,29.669426,1.0018477
2025-11-07 21:03:31.165933,Left,512.175,310.51053,269.3496,249.68634,165.13474,259.02155,238.27509,152.29695
2025-11-07 21:03:31.180695,Left,-520.984,-603.10767,-936.048,-597.285,-108.91692,-79.26996,15.399555,-614.1278
2025-11-07 21:03:31.184695,Left,70.12184,19.01992,-75.745636,-93.77589,-191.65016,-227.51936,-312.9738,-371.5491
2025-11-07 21:03:31.188695,Left,-577.15607,-597.3158,-964.7567,-656.163,-93.96275,12.029039,100.62101,-567.46643
2025-11-07 21:03:31.192695,Left,-500.44235,-547.88684,-913.0497,-602.8437,-84.545944,-19.760303,63.65312,-581.0625
2025-11-07 21:03:31.196695,Left,-618.03516,-596.83344,-976.9422,-689.1255,-79.94851,81.89212,161.05254,-535.9916
2025-11-07 21:03:31.200695,Left,-589.80084,-599.1378,-970.81366,-668.10583,-82.994194,44.53594,127.71151,-560.1674
2025-11-07 21:03:31.204695,Left,-17.096682,-14.614766,-50.868694,-31.18644,-1.4084061,6.449222,-0.58324176,-54.283638
2025-11-07 21:03:31.208695,Left,-90.938736,-142.6192,-289.06042,-254.31046,-269.05164,-292.2841,-329.8822,-441.36844
2025-11-07 21:03:31.208368,Left,-117.555374,55.221664,224.79694,-730.30005,-477.76425,469.1128,1376.7941,1219.3556
2025-11-07 21:03:31.212368,Left,-410.53076,-150.95314,149.35858,-172.43321,-273.14523,-293.6198,-182.95638,65.074425
2025-11-07 21:03:31.216368,Left,-26.521242,64.42824,93.98763,-813.6492,-479.35663,568.3102,1475.0966,1262.6493
2025-11-07 21:03:31.220368,Left,-87.68425,56.957745,147.36679,-781.13855,-494.71356,459.0015,1322.1166,1173.7253
2025-11-07 21:03:31.224368,Left,35.169945,58.778297,0.90815705,-870.5907,-490.2128,631.8424,1554.2545,1292.5166
2025-11-07 21:03:31.228368,Left,-0.868932,54.386013,49.21839,-846.7191,-497.4831,587.131,1513.2706,1271.8204
2025-11-07 21:03:31.232368,Left,-31.620047,12.918876,48.089287,-68.05726,-59.466568,7.2836523,74.1389,89.585464
2025-11-07 21:03:31.236368,Left,-384.12518,-80.6773,208.57419,-211.74481,-238.29532,-149.11588,28.977142,283.70993
2025-11-07 21:03:31.254317,Left,-10.250105,-257.09195,-121.29674,176.88469,-707.9312,-719.14886,-247.4343,423.84906
2025-11-07 21:03:31.258317,Left,80.69158,182.94122,346.3938,279.5663,68.52426,93.26474,14.403251,-175.48746
2025-11-07 21:03:31.262317,Left,21.811594,-265.5371,-210.6862,113.76657,-763.0282,-797.5984,-289.9898,507.1991
2025-11-07 21:03:31.266317,Left,12.673945,-255.00235,-155.17339,175.21753,-699.9418,-743.0111,-279.30566,452.6389
2025-11-07 21:03:31.270317,Left,43.868416,-262.2114,-267.20865,55.67435,-804.9188,-842.64746,-304.24326,565.8463
2025-11-07 21:03:31.274317,Left,24.946932,-268.1037,-238.22925,82.92463,-783.8686,-813.0474,-283.86166,545.60645
2025-11-07 21:03:31.278317,Left,-12.594092,-18.964016,6.1038394,26.442562,-51.20671,-48.848755,-21.642769,15.220849
2025-11-07 21:03:31.282317,Left,122.05914,143.86131,306.2961,315.40002,-14.191083,-23.4699,-60.551964,-130.78024
2025-11-07 21:03:31.294676,Left,-94.41823,-127.30081,-95.346825,318.7483,449.19995,373.42148,125.1847,-408.73413
2025-11-07 21:03:31.298676,Left,209.24812,27.21173,-14.216952,-53.36752,3.516118,20.773722,13.049221,83.6976
2025-11-07 21:03:31.302676,Left,-176.21373,-119.12825,-94.33372,350.81876,517.3977,407.70563,175.65134,-443.58676
2025-11-07 21:03:31.306676,Left,-133.97954,-102.573204,-92.1615,331.3559,472.60193,401.99976,173.19041,-405.4823
2025-11-07 21:03:31.310676,Left,-227.74673,-123.40051,-93.209854,365.7367,559.9938,420.6036,203.70584,-455.23444
2025-11-07 21:03:31.314676,Left,-192.59267,-121.71574,-91.17831,358.78983,534.82684,410.25348,183.64459,-446.88968
2025-11-07 21:03:31.318676,Left,-13.132575,-29.010729,-26.591534,11.165041,40.621124,44.327587,31.195194,-11.850277
2025-11-07 21:03:31.322676,Left,151.50246,6.805411,-39.54581,1.2175895,76.055984,113.58137,77.81053,38.50915
2025-11-07 21:03:31.337392,Left,-386.8343,-381.93008,-480.73834,-102.4329,565.24304,128.93193,-279.00623,-378.44406
2025-11-07 21:03:31.341392,Left,65.50882,-16.814768,35.044407,121.56073,86.9129,81.599594,-62.28288,-209.19829
2025-11-07 21:03:31.345392,Left,-456.47742,-382.80658,-478.6908,-113.71724,577.9225,89.28094,-328.382,-328.65405
2025-11-07 21:03:31.349392,Left,-386.0247,-357.14548,-466.5183,-111.30274,568.3663,103.35918,-300.9283,-342.2859
2025-11-07 21:03:31.353392,Left,-508.01062,-385.58032,-471.736,-112.58094,580.0853,61.63861,-366.09927,-303.1316
2025-11-07 21:03:31.357392,Left,-477.90018,-383.09744,-475.0256,-110.1374,581.58594,81.14726,-339.83197,-315.78888
2025-11-07 21:03:31.361392,Left,-13.896143,-28.142029,-34.484108,-5.0796885,40.34359,8.751911,-35.41906,-43.830147
2025-11-07 21:03:31.365392,Left,-7.2244916,-111.03158,-97.27936,17.267628,99.84233,50.410233,-113.69075,-239.96089
2025-11-07 21:03:31.380055,Left,87.05247,119.6891,41.14729,222.46648,765.0289,1196.3746,1014.5616,633.07635
2025-11-07 21:03:31.384055,Left,-87.99949,-43.982784,-58.13495,-7.7098837,16.59004,132.4359,207.99432,224.60152
2025-11-07 21:03:31.388055,Left,58.61482,130.1722,62.095848,215.48842,796.0136,1273.044,1045.2096,661.501
2025-11-07 21:03:31.392055,Left,62.54061,122.83393,28.289429,184.16821,735.94916,1181.6445,1001.5162,636.0391
2025-11-07 21:03:31.396055,Left,31.127802,121.34014,71.54992,207.36456,805.844,1308.1405,1045.1658,661.2744
2025-11-07 21:03:31.400055,Left,53.108616,124.27023,65.56802,214.05031,801.6132,1283.3478,1040.0204,652.9463
2025-11-07 21:03:31.404055,Left,-16.652233,-0.8407313,-29.078674,-27.482056,11.113797,64.948074,62.86593,42.476532
2025-11-07 21:03:31.408055,Left,-31.098003,40.016758,-11.71335,48.84554,152.90613,324.67508,377.0823,344.3034
2025-11-07 21:03:31.406417,Left,1.669229,-606.41156,-907.9485,-1007.0572,-790.4915,-406.1244,-507.10693,-627.9401
2025-11-07 21:03:31.410417,Left,120.81993,69.82133,147.7427,-69.300804,-89.25784,-251.81665,-273.35742,-197.61386
2025-11-07 21:03:31.414417,Left,26.359907,-610.7886,-996.81836,-1044.0356,-835.731,-403.7833,-503.2754,-663.53754
2025-11-07 21:03:31.418417,Left,37.842182,-570.40137,-925.2577,-1001.8154,-806.844,-400.20294,-493.10187,-642.60645
2025-11-07 21:03:31.422417,Left,31.870266,-626.3214,-1053.5425,-1063.5175,-850.74243,-387.65384,-489.37976,-670.8042
2025-11-07 21:03:31.426417,Left,20.301353,-631.6598,-1031.3317,-1062.9943,-847.57745,-394.48877,-496.86526,-667.63184
2025-11-07 21:03:31.430417,Left,21.215454,-14.895426,-30.639368,-43.95438,-26.699165,-16.574047,-21.736,-23.158827
2025-11-07 21:03:31.434417,Left,129.29367,4.2670436,-6.372584,-214.6985,-223.74261,-321.2504,-339.73392,-295.55344
2025-11-07 21:03:31.460385,Left,-191.85326,150.8739,28.422039,285.79672,134.06642,-6.2305584,-440.85568,-277.30936
2025-11-07 21:03:31.464385,Left,-245.0081,-274.41895,-342.83804,-237.78316,-104.93867,-171.11961,-235.7991,-174.03313
2025-11-07 21:03:31.468385,Left,-227.93637,150.36372,93.69537,306.46988,100.429115,-24.578773,-410.87057,-250.12265
2025-11-07 21:03:31.472385,Left,-224.98349,134.06801,60.07051,296.6404,125.351776,7.1305723,-384.11182,-212.57564
2025-11-07 21:03:31.476385,Left,-227.47885,169.70477,145.21031,331.01562,97.82647,-16.559566,-373.08157,-216.66109
2025-11-07 21:03:31.480385,Left,-217.58398,172.56973,122.919044,329.4199,111.28721,-8.718927,-390.3957,-233.95602
2025-11-07 21:03:31.484385,Left,-9.913373,9.28661,1.5720804,24.716467,26.488892,9.616439,-19.530933,0.0508861
2025-11-07 21:03:31.488385,Left,-307.3203,-284.28842,-327.20813,-198.28209,-99.444496,-167.38622,-259.5724,-198.69675
2025-11-07 21:03:31.504329,Left,-1007.50934,-786.1632,-607.33,-511.7409,548.1687,939.1194,757.32623,455.54065
2025-11-07 21:03:31.508329,Left,24.920055,-206.36562,-379.89398,-302.96664,-173.36002,-154.75682,-53.051193,152.37123
2025-11-07 21:03:31.512329,Left,-1105.7194,-778.70435,-505.7505,-461.44998,598.29767,1042.3724,841.7493,418.2164
2025-11-07 21:03:31.516329,Left,-995.99634,-739.02026,-546.0306,-517.5271,519.2397,944.578,766.07605,398.46982
2025-11-07 21:03:31.520329,Left,-1163.9448,-774.95886,-433.15857,-406.30927,636.81323,1098.8052,880.6762,385.45898
2025-11-07 21:03:31.524329,Left,-1143.2465,-790.8919,-486.48795,-442.97836,609.3519,1059.918,852.8337,405.83704
2025-11-07 21:03:31.528329,Left,-37.112267,-54.76971,-68.84588,-71.57331,5.142638,29.11895,19.223877,2.2784276
2025-11-07 21:03:31.532329,Left,-150.07463,-329.8719,-492.4418,-451.76123,-130.09744,10.429516,123.75586,268.8617
2025-11-07 21:03:31.533228,Left,801.39795,737.00085,436.22137,520.9432,348.88712,343.15137,1069.5879,1016.33795
2025-11-07 21:03:31.537228,Left,162.46631,339.13367,275.3316,174.45792,132.31119,196.04288,251.13629,273.2035
2025-11-07 21:03:31.541228,Left,876.87787,698.14514,405.90274,575.33923,421.07492,336.8874,1108.1748,1093.6366
2025-11-07 21:03:31.545228,Left,818.08685,686.06683,409.1486,535.606,356.97638,287.6974,1030.8967,1019.1098
2025-11-07 21:03:31.549228,Left,895.6589,648.83966,356.91916,579.6987,445.82977,321.37796,1115.2395,1124.6167
2025-11-07 21:03:31.553228,Left,884.86426,682.60156,391.41797,580.3896,435.0419,339.81607,1116.3406,1105.2963
2025-11-07 21:03:31.557228,Left,37.431183,42.231777,13.256414,10.978036,-13.869301,-24.54664,43.290665,59.004143
2025-11-07 21:03:31.561228,Left,391.77682,522.3053,421.75327,336.8543,246.98161,264.4909,423.86365,443.98404
2025-11-07 21:03:31.574569,Left,47.71206,-342.69708,-420.29788,-251.34955,-762.1166,-921.4601,-819.5519,-341.32266
2025-11-07 21:03:31.578569,Left,413.78384,297.5901,351.9254,393.5761,160.79816,42.092293,2.1878796,-33.48566
2025-11-07 21:03:31.582569,Left,-10.830865,-345.3343,-450.9601,-355.08618,-831.5711,-937.34076,-821.42334,-351.2623
2025-11-07 21:03:31.586569,Left,35.138935,-308.14636,-398.41592,-271.53305,-750.68036,-882.99854,-791.1253,-331.88916
2025-11-07 21:03:31.590569,Left,-55.361263,-348.37427,-467.23526,-418.2776,-873.187,-940.74817,-806.6355,-340.5039
2025-11-07 21:03:31.594569,Left,-32.947887,-353.86328,-466.30347,-386.12335,-856.36786,-947.7405,-820.8335,-345.5764
2025-11-07 21:03:31.598569,Left,20.514425,-1.1601894,8.277111,22.571535,-23.87668,-36.24877,-32.67174,-8.719527
2025-11-07 21:03:31.602569,Left,394.49103,217.78848,236.09454,276.66098,-10.566056,-151.69902,-206.9353,-199.2496
2025-11-07 21:03:31.619786,Left,-1066.1621,-894.5155,-635.8843,101.885895,594.3592,-55.73117,-138.30832,110.94567
2025-11-07 21:03:31.623786,Left,-113.86534,-210.67583,-205.18613,-150.12321,-285.50327,-224.50198,-94.69421,-158.74341
2025-11-07 21:03:31.627786,Left,-1106.531,-938.6506,-675.0997,54.891907,674.022,-45.991734,-214.6995,77.00774
2025-11-07 21:03:31.631786,Left,-1070.1598,-904.5684,-664.69446,52.94275,616.25214,-54.252266,-185.71878,78.1217
2025-11-07 21:03:31.635786,Left,-1125.1141,-963.0637,-691.2264,29.279236,723.24835,-41.114525,-262.4844,58.677807
2025-11-07 21:03:31.639786,Left,-1115.0303,-943.4902,-673.38696,55.93095,704.5365,-40.00743,-230.22186,76.33657
2025-11-07 21:03:31.643786,Left,-70.32454,-76.16528,-54.89533,7.0951023,41.52438,-1.0588837,-1.3695245,6.6333113
2025-11-07 21:03:31.647786,Left,-350.25604,-420.92783,-363.58362,-196.40218,-215.71083,-210.24252,-93.489395,-116.444664
2025-11-07 21:03:31.646129,Left,272.82715,121.01627,-148.06659,-87.98384,-145.26454,-557.90784,-480.15952,-74.13479
2025-11-07 21:03:31.650129,Left,11.3841095,-14.845905,-141.4949,-93.85406,-99.656044,53.790134,-19.9319,-141.64287
2025-11-07 21:03:31.654129,Left,219.7576,66.99776,-100.49879,-72.73742,-115.645645,-608.49994,-514.4655,-39.730385
2025-11-07 21:03:31.658129,Left,238.00954,96.94144,-101.904526,-60.969532,-104.22356,-563.7822,-481.8317,-46.65016
2025-11-07 21:03:31.662129,Left,196.25705,44.10599,-57.61641,-53.729584,-95.06513,-632.6905,-531.6449,-21.873795
2025-11-07 21:03:31.666129,Left,215.50377,61.249466,-85.05043,-68.5917,-115.33846,-627.9005,-525.9612,-36.038563
2025-11-07 21:03:31.670129,Left,34.956776,19.150688,-3.8687344,-0.920906,-2.4734507,-21.205856,-31.636026,-16.435904
2025-11-07 21:03:31.674129,Left,75.56671,33.36143,-105.63745,-88.21142,-103.707245,-43.641014,-116.82792,-156.75945
2025-11-07 21:03:31.687566,Left,137.1308,-62.319435,168.33012,534.0844,319.35812,404.3578,677.91644,164.20784
2025-11-07 21:03:31.691566,Left,-98.9899,-71.27464,-64.32891,-62.763447,53.43021,247.44191,286.78445,252.44292
2025-11-07 21:03:31.695566,Left,183.82198,-47.11675,139.1924,565.5169,340.11212,370.9782,607.01605,91.21507
2025-11-07 21:03:31.699566,Left,137.78503,-84.39332,116.59256,516.02795,315.683,384.05502,647.2902,132.0406
2025-11-07 21:03:31.703566,Left,214.26901,-33.240395,123.527245,589.9623,354.2195,348.6012,552.78546,42.09975
2025-11-07 21:03:31.707566,Left,191.08595,-47.39358,131.47162,578.7855,346.36813,362.5878,588.8921,74.32497
2025-11-07 21:03:31.711566,Left,-6.973994,-23.968275,-16.59001,10.922183,13.85353,41.600353,61.64095,22.396355
2025-11-07 21:03:31.715566,Left,-56.29206,-48.366543,-9.059261,68.27507,163.4268,354.3737,429.08096,293.6227
2025-11-07 21:03:31.750399,Left,397.58096,462.3847,279.8781,32.944,-109.31486,-238.87619,-244.83784,-495.70734
2025-11-07 21:03:31.754399,Left,-23.156853,88.48049,131.0022,92.24472,120.65724,134.28836,98.86341,118.505585
2025-11-07 21:03:31.758399,Left,455.42957,472.0592,240.44542,15.991259,-95.26208,-254.77975,-234.70079,-540.8033
2025-11-07 21:03:31.762399,Left,405.98077,441.06335,254.36319,51.072098,-74.26348,-230.66586,-222.22221,-499.12073
2025-11-07 21:03:31.766399,Left,495.70065,491.19778,220.0275,-8.738187,-88.34148,-247.84334,-217.58643,-561.3778
2025-11-07 21:03:31.770399,Left,477.20853,489.39017,240.03633,4.0184965,-95.67941,-245.71567,-226.54211,-547.84576
2025-11-07 21:03:31.774399,Left,16.541296,30.140001,23.179153,15.732277,16.63859,-2.6833882,2.8803837,-15.720477
2025-11-07 21:03:31.778399,Left,39.325478,124.09522,159.72699,142.63272,110.0824,48.05567,3.2117057,-26.12729
2025-11-07 21:03:31.776662,Left,-458.0237,-247.45578,-63.602505,-766.1361,-555.52985,-30.236576,514.8662,895.514
2025-11-07 21:03:31.780662,Left,29.758127,151.79218,54.310722,-82.9448,-58.851074,-158.38202,-356.47415,-109.41084
2025-11-07 21:03:31.784662,Left,-460.07803,-306.01984,-98.142166,-806.666,-602.2828,-27.343878,624.6106,934.3826
2025-11-07 21:03:31.788662,Left,-445.8533,-267.4591,-56.404488,-765.38446,-592.89166,-78.684326,514.02026,856.72644
2025-11-07 21:03:31.792662,Left,-460.40576,-347.28876,-141.8791,-852.3623,-639.52045,-23.043077,688.59503,947.1981
2025-11-07 21:03:31.796662,Left,-464.6647,-330.97696,-129.45285,-836.95557,-622.9081,-22.185783,655.0012,937.87695
2025-11-07 21:03:31.800662,Left,-19.553232,7.489299,14.4310875,-57.835,-49.57335,-31.971876,-10.840317,45.823517
2025-11-07 21:03:31.804662,Left,-113.74513,26.421612,2.2681303,-213.33221,-176.62357,-213.83162,-288.25848,46.55478
2025-11-07 21:03:31.820638,Left,59.44023,193.897,391.9839,782.6238,980.48376,671.3929,181.23262,-237.98816
2025-11-07 21:03:31.824638,Left,-133.66861,-138.64323,3.5650592,55.606358,-6.32606,184.95036,277.3266,248.00446
2025-11-07 21:03:31.828638,Left,49.32117,217.60606,383.7747,773.23254,1035.8271,672.7121,110.59329,-333.5133
2025-11-07 21:03:31.832638,Left,37.51241,171.44417,339.64163,724.3385,973.7981,659.40326,146.66356,-261.44626
2025-11-07 21:03:31.836638,Left,32.061058,232.72731,390.92218,778.3185,1066.4869,674.041,74.32197,-389.86493
2025-11-07 21:03:31.840638,Left,42.566895,228.61284,396.0226,787.04767,1053.0233,671.3291,94.07842,-360.87628
2025-11-07 21:03:31.844638,Left,-22.025805,-15.271897,8.292754,39.20688,57.761032,62.499653,36.277782,5.8669267
2025-11-07 21:03:31.848638,Left,-16.146004,-21.454563,107.967155,210.17905,226.42223,349.07144,319.32983,220.79134
2025-11-07 21:03:31.851225,Left,-611.09143,-301.41034,-201.79417,-384.00803,-208.97556,298.42606,320.6127,-86.11215
2025-11-07 21:03:31.855225,Left,49.762905,10.121725,-89.74923,-70.99901,20.314888,19.92001,-33.21086,74.32021
2025-11-07 21:03:31.859225,Left,-662.05225,-343.68906,-163.05309,-376.8135,-257.0645,290.76474,395.1935,-96.8145
2025-11-07 21:03:31.863225,Left,-612.5928,-305.97287,-158.11496,-361.99603,-221.42097,305.54874,381.0582,-61.885784
2025-11-07 21:03:31.867225,Left,-682.1591,-360.95834,-136.36034,-368.26797,-283.43436,286.78134,440.08182,-105.10966
2025-11-07 21:03:31.871225,Left,-668.9942,-347.31586,-153.59892,-374.20932,-264.03165,297.78632,419.62772,-96.02133
2025-11-07 21:03:31.875225,Left,-32.728554,-12.975648,-4.1511903,-22.30893,-8.95933,28.750683,34.990837,10.0070095
2025-11-07 21:03:31.879225,Left,-97.15684,-95.56072,-145.09184,-162.5879,-66.83139,2.9935133,-19.105076,30.813337
2025-11-07 21:03:31.893345,Left,-362.42065,85.064026,223.70601,-109.08096,124.567696,35.301407,337.3254,78.298874
2025-11-07 21:03:31.897345,Left,-127.15078,-140.36853,-163.79266,3.7229354,4.625052,106.859634,164.9534,118.00667
2025-11-07 21:03:31.901345,Left,-292.79517,153.43175,324.86017,-126.199974,165.06654,39.999428,283.83298,53.120834
2025-11-07 21:03:31.905345,Left,-297.3208,133.19725,280.6522,-127.40032,146.6158,41.690697,316.91068,88.86826
2025-11-07 21:03:31.909345,Left,-243.48492,195.68112,385.88004,-135.04797,190.36731,45.877464,244.16663,32.149765
2025-11-07 21:03:31.913345,Left,-269.60855,176.59268,355.3712,-125.064865,177.95898,44.231552,270.66907,43.370247
2025-11-07 21:03:31.917345,Left,-34.249863,-7.4605236,2.7003908,-13.05992,10.406716,12.84715,35.922344,20.133976
2025-11-07 21:03:31.921345,Left,-194.98477,-134.09573,-121.85081,-21.721655,28.287033,105.174965,200.52559,118.85144
2025-11-07 21:03:31.937319,Left,-269.41818,-364.94672,-12.642589,415.0051,50.579063,-31.585363,124.99088,142.84991
2025-11-07 21:03:31.941319,Left,29.190262,40.31131,16.544182,-124.82766,-62.186172,20.481499,-46.579586,-215.66714
2025-11-07 21:03:31.945319,Left,-320.50122,-428.07565,-60.11471,502.5844,65.103195,-103.35536,80.56895,225.88853
2025-11-07 21:03:31.949319,Left,-285.7237,-400.44095,-47.7747,452.79544,49.30465,-88.851456,75.88411,164.76656
2025-11-07 21:03:31.953319,Left,-353.42712,-467.81668,-93.32484,549.53406,67.78677,-152.72313,48.555363,274.19748
2025-11-07 21:03:31.957319,Left,-338.09695,-449.8187,-76.23716,518.22485,57.931957,-130.4516,62.624634,238.97073
2025-11-07 21:03:31.961319,Left,-23.005056,-29.553253,-6.79731,22.754862,2.5881429,-3.221081,-2.0168538,-10.136132
2025-11-07 21:03:31.965319,Left,-55.660973,-56.350754,-24.343874,-71.89287,-51.786953,10.372427,-30.99761,-166.59033
2025-11-07 21:03:31.977576,Left,326.85574,113.21096,410.4543,502.74902,601.8596,399.76044,299.80624,213.1028
2025-11-07 21:03:31.981576,Left,-129.54272,-254.37521,-144.22792,-18.950436,33.981136,45.34753,63.20629,20.000526
2025-11-07 21:03:31.985576,Left,303.6338,185.28477,465.3949,485.99643,571.462,417.7426,303.488,267.29398
2025-11-07 21:03:31.989576,Left,269.80228,116.49773,395.97266,456.7439,565.0316,405.1689,312.1708,255.7993
2025-11-07 21:03:31.993576,Left,289.13046,232.43248,507.54272,480.7723,548.10535,422.07816,299.27884,301.12674
2025-11-07 21:03:31.997576,Left,304.13892,208.75165,495.2592,498.26163,572.9466,422.93634,300.80557,277.69983
2025-11-07 21:03:32.001576,Left,-4.167626,-23.944538,5.961858,21.990814,40.180904,40.04035,35.123196,28.495598
2025-11-07 21:03:32.005576,Left,-37.43193,-156.10846,-21.715334,103.537056,189.31227,193.8488,173.0185,103.650055
2025-11-07 21:03:32.005257,Left,-600.1552,-559.2829,-591.64105,-737.6886,-330.56897,224.41823,-497.2666,-377.18372
2025-11-07 21:03:32.009257,Left,169.6897,170.21043,-16.152872,-12.007109,105.50086,88.13167,-47.13855,-11.442696
2025-11-07 21:03:32.013257,Left,-644.4322,-659.0559,-595.7232,-735.5818,-355.2213,193.2612,-538.97437,-409.3159
2025-11-07 21:03:32.017257,Left,-595.53546,-577.67163,-566.86176,-710.1236,-325.99008,222.8213,-494.03464,-390.26318
2025-11-07 21:03:32.021257,Left,-671.27814,-729.2557,-597.34216,-731.3979,-363.28656,175.17139,-574.125,-433.2214
2025-11-07 21:03:32.025257,Left,-668.66986,-700.4572,-607.2387,-744.079,-363.0516,187.6076,-553.8948,-418.97467
2025-11-07 21:03:32.029257,Left,-15.519812,-19.18194,-39.59431,-46.148247,-3.9482431,30.292091,-41.155323,-32.980953
2025-11-07 21:03:32.033257,Left,56.710953,54.925602,-143.39798,-159.49048,-8.053532,56.46285,-131.6892,-70.80269
2025-11-07 21:03:32.047760,Left,830.4512,664.1409,322.8927,-68.85418,-28.245548,-11.308749,121.18953,137.01413
2025-11-07 21:03:32.051760,Left,19.54282,128.61375,124.86117,28.301281,-91.78517,9.796751,72.57107,28.081861
2025-11-07 21:03:32.055760,Left,853.6131,617.06464,284.3851,-96.540474,19.175592,27.283165,121.389435,156.23984
2025-11-07 21:03:32.059760,Left,795.6397,620.41425,317.9945,-60.610733,16.389729,8.350241,126.455795,169.86649
2025-11-07 21:03:32.063760,Left,881.6949,587.7035,240.12532,-127.110756,38.034184,54.24928,119.132256,158.23369
2025-11-07 21:03:32.067760,Left,876.922,612.6281,262.2842,-107.62697,29.648134,43.55625,123.84259,157.29294
2025-11-07 21:03:32.071760,Left,39.908276,40.751026,30.505798,-4.6604195,-3.7667983,12.346076,29.875216,22.800854
2025-11-07 21:03:32.075760,Left,130.20985,254.34947,266.41205,85.56765,-37.293037,12.175167,79.066635,46.174473
2025-11-07 21:03:32.087971,Left,-344.779,-560.50574,-520.9867,-534.2782,-475.42935,-404.1626,-157.1959,-106.19069
2025-11-07 21:03:32.091971,Left,88.99462,106.29173,67.269424,-131.7154,-165.49257,-130.93901,-174.82065,-114.71557
2025-11-07 21:03:32.095971,Left,-330.27505,-581.805,-587.4761,-545.7814,-458.4102,-411.24103,-180.80861,-131.09663
2025-11-07 21:03:32.099971,Left,-306.56537,-547.8955,-540.7994,-535.3992,-468.70596,-420.86948,-186.43037,-140.83998
2025-11-07 21:03:32.103971,Left,-322.12924,-594.8722,-627.0476,-549.7367,-445.04727,-411.10098,-191.92151,-140.80469
2025-11-07 21:03:32.107971,Left,-333.74173,-596.7387,-608.6019,-555.1466,-463.4319,-420.01453,-186.89157,-132.96379
2025-11-07 21:03:32.111971,Left,-13.240945,-26.130243,-34.315784,-38.20511,-25.33284,-15.524574,-11.4133835,-9.3733635
2025-11-07 21:03:32.115971,Left,-8.184891,-38.81945,-90.64867,-262.95227,-265.27454,-223.69328,-230.48471,-143.60805
2025-11-07 21:03:32.136936,Left,202.92404,246.49054,573.0543,813.56995,369.00873,155.3405,209.62712,293.45413
2025-11-07 21:03:32.140936,Left,-200.0837,-33.87636,43.58304,-20.624554,85.37998,187.67528,137.3866,5.1903768
2025-11-07 21:03:32.144936,Left,253.1382,227.96152,539.42816,868.19446,371.65857,86.938896,161.53056,360.3834
2025-11-07 21:03:32.148936,Left,208.84076,206.76826,524.552,825.967,360.98755,107.37377,171.0902,323.93393
2025-11-07 21:03:32.152936,Left,286.20834,221.38174,517.0505,891.28925,367.2019,41.2252,129.37787,398.4269
2025-11-07 21:03:32.156936,Left,275.44476,235.67114,540.35223,882.0312,368.4531,67.38922,148.42197,372.89407
2025-11-07 21:03:32.160936,Left,-8.808732,0.54316664,29.040474,50.529736,24.652807,11.096125,8.274327,12.1289215
2025-11-07 21:03:32.164936,Left,-113.30226,34.08371,158.41092,167.63196,194.1683,235.79407,192.17393,101.42473
2025-11-07 21:03:32.177044,Left,335.8338,213.49991,162.65215,-24.185888,-471.13715,-232.41106,-154.92966,209.28314
2025-11-07 21:03:32.181044,Left,268.35358,189.3531,180.20636,124.18634,256.11813,111.17201,146.9971,174.62547
2025-11-07 21:03:32.185044,Left,298.81485,262.78003,186.4401,24.331335,-505.47723,-207.11314,-150.04674,163.90068
2025-11-07 21:03:32.189044,Left,335.26382,274.8923,206.0934,35.505733,-464.8915,-210.11574,-160.92905,159.70029
2025-11-07 21:03:32.193044,Left,268.80884,286.26263,195.36765,47.46053,-527.87366,-196.22647,-150.65404,131.70705
2025-11-07 21:03:32.197044,Left,288.77994,269.93524,189.70146,32.05504,-516.83185,-206.6307,-156.41168,148.34785
2025-11-07 21:03:32.201044,Left,28.980337,21.383818,8.036921,-10.58877,-34.981956,-28.545643,-19.158096,2.5168295
2025-11-07 21:03:32.205044,Left,291.22906,213.39969,155.6934,65.5655,93.05169,-3.27671,30.61614,92.296974
2025-11-07 21:03:32.220992,Left,-44.46347,239.92477,-300.70868,-510.7949,-525.7461,-106.25579,71.62947,358.78308
2025-11-07 21:03:32.224992,Left,102.09465,74.31159,-106.1773,-176.29384,-240.77574,-392.21353,-225.16122,-134.36397
2025-11-07 21:03:32.228992,Left,-83.22475,182.57962,-334.27786,-527.76013,-539.7484,-67.38801,61.555626,313.3223
2025-11-07 21:03:32.232992,Left,-78.8495,194.05765,-315.0347,-520.6868,-549.6644,-113.31459,34.307217,305.1149
2025-11-07 21:03:32.236992,Left,-114.42041,143.1185,-357.48154,-536.9891,-537.04456,-23.233637,73.19902,296.40018
2025-11-07 21:03:32.240992,Left,-105.339424,164.62514,-343.09335,-530.30347,-528.67145,-27.071041,81.80428,317.83694
2025-11-07 21:03:32.244992,Left,17.398674,33.187485,-13.707379,-28.772121,-39.6321,-32.17819,2.1543992,33.30602
2025-11-07 21:03:32.248992,Left,85.75947,99.44022,-97.370995,-170.07347,-244.59018,-341.6648,-153.66483,-16.104733
2025-11-07 21:03:32.247337,Left,-257.98975,-5.336864,-106.89323,-561.44635,-449.41217,-444.33273,-726.9205,-245.42804
2025-11-07 21:03:32.251337,Left,5.2894125,12.230084,-117.37192,-42.57478,-15.287476,-152.8938,-329.0509,-339.44495
2025-11-07 21:03:32.255337,Left,-342.4095,-65.2758,-70.796074,-599.76013,-525.9032,-476.59567,-667.8391,-177.68607
2025-11-07 21:03:32.259337,Left,-287.85098,-18.516657,-53.246536,-539.97235,-463.8022,-440.2447,-667.63763,-202.52007
2025-11-07 21:03:32.263337,Left,-374.74704,-78.5507,-27.656065,-608.1623,-554.04736,-475.7041,-612.64056,-116.59611
2025-11-07 21:03:32.267337,Left,-349.096,-63.43387,-53.15127,-610.48315,-541.0062,-475.93674,-649.58044,-153.37303
2025-11-07 21:03:32.271337,Left,7.9609523,27.899073,17.59003,-8.470863,-4.55733,-20.998453,-51.87588,-25.312323
2025-11-07 21:03:32.275337,Left,-17.777977,-5.9454474,-126.125465,-145.94763,-147.21272,-293.07272,-476.0435,-416.51917
2025-11-07 21:03:32.290086,Left,-78.71004,-93.94094,-210.74976,-258.54312,-14.3566065,389.65738,836.10626,861.738
2025-11-07 21:03:32.294086,Left,-147.73572,-242.19978,-163.37822,66.144714,-11.398299,8.824499,-59.85923,175.94754
2025-11-07 21:03:32.298086,Left,-73.212845,-41.652523,-186.54648,-325.74628,-7.5387325,437.48175,923.24164,890.2188
2025-11-07 21:03:32.302086,Left,-81.937164,-59.57319,-178.78474,-287.16064,-14.13792,381.35837,831.19635,839.87305
2025-11-07 21:03:32.306086,Left,-60.60055,-11.424461,-186.49069,-376.81448,-17.663904,462.42966,981.9954,902.32117
2025-11-07 21:03:32.310086,Left,-73.21846,-34.55593,-197.73369,-357.02588,-20.215849,445.48126,957.70074,901.53107
2025-11-07 21:03:32.314086,Left,-2.1544344,-19.600048,-19.874784,-7.55081,-10.18182,10.053275,19.413197,46.823647
2025-11-07 21:03:32.318086,Left,-172.74303,-229.81526,-145.63756,36.524376,29.15934,84.814575,62.276665,319.17816
2025-11-07 21:03:32.336540,Left,-6.889268,46.813034,491.91092,611.9643,-7.268,-389.07275,-431.76593,-145.12573
2025-11-07 21:03:32.340540,Left,171.10696,297.0913,362.93433,281.54266,272.68832,238.8909,256.80652,250.61101
2025-11-07 21:03:32.344540,Left,8.19434,21.456814,461.6398,642.0792,-12.779667,-416.21796,-468.77875,-184.6583
2025-11-07 21:03:32.348540,Left,26.814646,50.575047,487.53693,654.30176,27.138357,-365.68918,-434.20642,-174.7217
2025-11-07 21:03:32.352540,Left,-4.785212,-7.137027,427.90063,631.6974,-41.259247,-457.71924,-510.15884,-219.44604
2025-11-07 21:03:32.356540,Left,4.017827,14.939492,454.9218,638.50256,-21.791655,-433.94617,-489.57977,-198.68896
2025-11-07 21:03:32.360540,Left,-11.809245,1.2381833,40.91035,51.911297,-3.3832426,-33.28845,-29.112326,-10.303007
2025-11-07 21:03:32.364540,Left,243.82121,311.1198,413.82623,385.86053,239.68968,137.32796,120.938416,121.60396
2025-11-07 21:03:32.391663,Left,170.00336,-36.787544,426.75467,388.4238,486.3384,454.0426,151.11836,28.099314
2025-11-07 21:03:32.395663,Left,8.0929,-82.70825,-5.2763104,44.735107,72.36919,97.26799,33.63514,-56.41773
2025-11-07 21:03:32.399663,Left,158.04105,0.40378737,470.44308,375.96576,447.08875,437.77042,124.67966,64.13814
2025-11-07 21:03:32.403663,Left,124.10635,-43.958515,404.68802,340.61542,439.52325,435.70578,140.86798,54.25086
2025-11-07 21:03:32.407663,Left,147.80061,12.267854,501.2516,378.58148,426.22037,422.2711,104.68285,88.05078
2025-11-07 21:03:32.411663,Left,154.77731,-3.0022357,482.11536,381.39615,441.4744,425.89398,113.52679,71.981224
2025-11-07 21:03:32.415663,Left,-16.472576,-30.406364,4.6821957,4.820509,23.79146,43.449894,16.837774,3.2312455
2025-11-07 21:03:32.419663,Left,-31.145374,-95.11179,50.95511,105.84424,191.01628,257.74054,136.46567,17.971125
2025-11-07 21:03:32.420510,Left,-112.19992,-104.40587,-92.13563,-585.267,-826.50323,-706.85693,-1374.0332,-1189.6125
2025-11-07 21:03:32.424510,Left,114.009315,145.55762,102.84474,77.86884,192.94936,169.08081,-157.62244,-254.29895
2025-11-07 21:03:32.428510,Left,-115.163605,-175.77596,-99.925476,-584.23,-897.13116,-817.59534,-1430.1885,-1200.4784
2025-11-07 21:03:32.432510,Left,-110.58977,-132.56894,-68.30461,-538.3676,-802.2706,-695.5302,-1343.945,-1172.088
2025-11-07 21:03:32.436510,Left,-104.37072,-212.62994,-99.92547,-579.6645,-941.988,-895.92285,-1470.0679,-1203.009
2025-11-07 21:03:32.440510,Left,-110.73888,-188.05876,-97.7269,-584.97296,-921.0186,-853.0741,-1451.4651,-1206.0098
2025-11-07 21:03:32.444510,Left,7.3254223,3.1152794,14.68894,-8.658815,-6.154143,-1.1425185,-84.08273,-84.687004
2025-11-07 21:03:32.448510,Left,69.13278,89.21582,37.097866,-63.174694,-0.9399709,-11.101712,-405.52133,-459.68906
2025-11-07 21:03:32.461947,Left,816.7871,542.2855,79.05241,85.538185,192.45789,91.29422,71.33167,597.3614
2025-11-07 21:03:32.465947,Left,-257.1419,-123.76242,-50.46965,-155.61304,-195.11304,-118.27318,-79.68474,-146.09851
2025-11-07 21:03:32.469947,Left,867.2687,554.01825,25.954624,51.51633,217.81334,112.37849,57.662968,628.0936
2025-11-07 21:03:32.473947,Left,790.5818,502.80795,19.571192,52.538067,179.14429,64.22359,16.803183,571.2867
2025-11-07 21:03:32.477947,Left,899.24744,564.38306,-4.0519924,25.159155,237.36078,141.1662,67.26235,653.8653
2025-11-07 21:03:32.481947,Left,882.6961,557.2263,12.815109,41.688114,227.21268,126.28196,64.449486,640.954
2025-11-07 21:03:32.485947,Left,44.161404,37.172947,5.4323344,-7.7419367,-4.3042145,-7.6788197,-13.572941,19.20993
2025-11-07 21:03:32.489947,Left,-118.44695,-5.450683,11.308518,-66.78095,-104.585915,-63.54412,-34.034843,0.94796515
2025-11-07 21:03:32.490898,Left,-417.409,-188.46416,-705.9998,-797.7068,-275.43243,688.1708,664.8898,194.54636
2025-11-07 21:03:32.494898,Left,237.61664,172.3541,-16.151272,-0.85585934,-16.563477,-113.200264,52.93645,172.94182
2025-11-07 21:03:32.498898,Left,-531.73035,-270.66312,-725.2309,-837.8126,-310.36823,751.4845,679.66925,136.28654
2025-11-07 21:03:32.502898,Left,-452.0124,-181.9464,-675.4219,-802.1604,-306.22757,697.575,656.48303,154.4141
2025-11-07 21:03:32.506898,Left,-596.7761,-332.57407,-735.1888,-847.92224,-311.54245,801.7154,693.0495,105.85884
2025-11-07 21:03:32.510898,Left,-556.8587,-297.17102,-726.12585,-834.69507,-298.3597,783.64246,689.3955,125.6056
2025-11-07 21:03:32.514898,Left,-4.153141,14.31685,-48.278336,-64.30441,-37.797405,28.09294,47.54679,22.052717
2025-11-07 21:03:32.518898,Left,202.44583,195.6069,-97.87644,-128.31511,-89.51495,-24.956684,152.23312,185.11333
2025-11-07 21:03:32.535983,Left,74.98091,-301.20905,-193.98006,116.14789,-443.64783,-511.52322,-399.0467,26.170296
2025-11-07 21:03:32.539983,Left,97.11943,158.27956,167.16354,72.69575,33.353474,29.75435,-134.69559,-277.64902
2025-11-07 21:03:32.543983,Left,84.71292,-351.1732,-248.55582,145.75107,-456.23712,-559.9191,-397.94238,144.46861
2025-11-07 21:03:32.547983,Left,98.35832,-307.83768,-196.62808,171.1496,-416.15472,-523.8414,-403.70078,77.75288
2025-11-07 21:03:32.551983,Left,82.667404,-382.43088,-282.27646,152.27225,-475.4331,-590.6885,-390.95462,218.54489
2025-11-07 21:03:32.555983,Left,78.27315,-366.4849,-261.59302,144.38455,-472.16733,-576.0497,-394.2836,171.83383
2025-11-07 21:03:32.559983,Left,19.243427,-5.3045573,5.422977,32.97745,-14.105543,-31.181051,-49.747215,-24.903084
2025-11-07 21:03:32.563983,Left,89.947716,63.744118,80.765976,67.11591,-62.09214,-100.934975,-248.62196,-297.92377
2025-11-07 21:03:32.576249,Left,-504.41193,-809.359,-334.62326,572.0168,1023.49664,918.30963,276.63022,-308.9455
2025-11-07 21:03:32.580249,Left,28.342907,-46.85655,-140.63333,-214.84535,-86.328026,52.218792,215.16653,282.42883
2025-11-07 21:03:32.584249,Left,-595.7215,-859.0067,-337.07327,682.9873,1150.2509,992.3936,260.59225,-437.60553
2025-11-07 21:03:32.588249,Left,-533.14777,-796.54205,-332.51416,596.795,1020.7767,930.1147,276.55515,-343.37897
2025-11-07 21:03:32.592249,Left,-661.7597,-912.8057,-348.76187,749.94476,1245.9028,1035.5529,242.02931,-527.4554
2025-11-07 21:03:32.596249,Left,-626.691,-894.2716,-344.8199,713.262,1198.2836,1011.87976,249.20786,-475.87738
2025-11-07 21:03:32.600249,Left,-40.382854,-59.029755,-48.551476,9.767344,53.397835,70.77279,45.29303,-0.19410083
2025-11-07 21:03:32.604249,Left,-54.665676,-129.00208,-169.01314,-121.188065,22.404917,194.19896,281.21423,261.90854
2025-11-07 21:03:32.620139,Left,-76.59755,9.25114,-44.40955,-182.63646,-0.04037795,-126.242294,-97.49853,-130.5007
2025-11-07 21:03:32.624139,Left,-62.177814,-30.63896,-102.68585,-68.40386,-30.923014,-63.861008,-43.35042,65.71696
2025-11-07 21:03:32.628139,Left,-47.381805,11.929019,-29.617107,-143.80348,31.68534,-130.69162,-116.89871,-149.74402
2025-11-07 21:03:32.632139,Left,-41.020744,16.211302,-24.174736,-146.2036,19.363335,-121.43872,-90.39339,-125.588036
2025-11-07 21:03:32.636139,Left,-33.94578,15.944968,-24.423439,-124.79305,55.182022,-133.14574,-139.19049,-170.5182
2025-11-07 21:03:32.640139,Left,-37.419937,22.115576,-19.967049,-134.77806,45.20909,-128.6411,-129.72581,-168.99315
2025-11-07 21:03:32.644139,Left,-10.249855,-4.9920225,-15.024216,-11.023142,3.2601774,-15.100408,-5.6462255,12.933868
2025-11-07 21:03:32.648139,Left,-91.43702,-68.49974,-121.33514,-91.47966,-48.63737,-92.00988,-45.065403,53.060448
2025-11-07 21:03:32.647750,Left,84.03908,390.05527,806.99585,964.6403,798.1275,456.3664,580.0024,367.56772
2025-11-07 21:03:32.651750,Left,-315.3048,-255.93315,-100.08559,-84.80854,-99.251686,35.051308,125.442184,40.78628
2025-11-07 21:03:32.655750,Left,142.5006,490.24673,839.14215,991.19507,847.7307,479.40433,588.4306,393.1619
2025-11-07 21:03:32.659750,Left,79.36335,378.3737,753.33875,925.33154,791.2104,439.59558,572.0435,395.51086
2025-11-07 21:03:32.663750,Left,175.0223,561.2223,862.1363,1003.4903,870.98285,495.46576,597.71136,409.53824
2025-11-07 21:03:32.667750,Left,153.48952,518.0391,848.86664,1000.391,862.6568,491.9805,602.07153,410.09155
2025-11-07 21:03:32.671750,Left,-37.879982,-7.049377,33.719685,46.299984,37.497616,30.843548,53.70607,34.276474
2025-11-07 21:03:32.675750,Left,-263.2463,-181.80797,62.715374,134.04639,128.84343,193.9306,268.38498,149.51509
2025-11-07 21:03:32.687914,Left,-613.917,-589.7095,-291.11093,-184.48436,-142.22427,-161.68863,-471.36206,-352.78162
2025-11-07 21:03:32.691914,Left,40.438828,22.282816,25.380203,79.14873,136.05371,-32.236893,-99.01686,-14.489755
2025-11-07 21:03:32.695914,Left,-626.0121,-583.53973,-309.55835,-210.49135,-208.56468,-173.03615,-473.03085,-387.8912
2025-11-07 21:03:32.699914,Left,-572.3503,-552.64,-286.69608,-190.41618,-169.25023,-142.46472,-457.6238,-382.25027
2025-11-07 21:03:32.703914,Left,-632.5431,-572.34924,-306.57043,-217.39546,-242.00116,-184.11662,-476.0146,-404.80588
2025-11-07 21:03:32.707914,Left,-628.74274,-577.47064,-298.88022,-211.57535,-221.51125,-180.79124,-479.93677,-399.9196
2025-11-07 21:03:32.711914,Left,-23.132948,-23.525972,-12.915434,5.1271787,11.218227,-4.3975935,-37.63669,-29.90509
2025-11-07 21:03:32.715914,Left,-34.69293,-85.982735,-87.24118,-16.842484,39.482994,-79.49216,-187.84541,-110.044334
2025-11-07 21:03:32.735714,Left,432.69952,296.64774,143.4185,96.993286,-72.740555,-5.9571486,412.0757,731.52966
2025-11-07 21:03:32.739714,Left,-78.99832,93.10542,141.839,-18.92936,-39.54,116.538765,160.3373,55.46805
2025-11-07 21:03:32.743714,Left,486.32184,261.50418,56.233845,103.22601,-53.92127,-61.458145,356.33475,791.36285
2025-11-07 21:03:32.747714,Left,428.84525,245.8949,79.299446,103.0773,-69.99193,-48.099335,364.99945,755.09
2025-11-07 21:03:32.751714,Left,520.9851,243.7035,0.062312413,98.71799,-36.5226,-87.9443,325.04517,825.27246
2025-11-07 21:03:32.755714,Left,492.70178,248.15283,27.990993,93.865944,-50.909443,-73.6987,342.47156,800.3421
2025-11-07 21:03:32.759714,Left,11.940772,13.469158,4.0942054,-7.436348,-22.726542,-3.557067,33.840977,60.294464
2025-11-07 21:03:32.763714,Left,-11.784809,123.18321,161.44519,41.830936,-22.528713,111.81846,214.08394,188.8693
2025-11-07 21:03:32.777134,Left,-353.46094,-467.12006,-152.92744,7.479534,-254.78595,-207.07445,83.10184,-94.704
2025-11-07 21:03:32.781134,Left,148.95573,-40.688015,-51.609814,-91.10765,49.586906,24.265947,-126.62148,-240.19498
2025-11-07 21:03:32.785134,Left,-427.66092,-419.7068,-115.64644,78.318214,-242.93112,-214.95198,131.46991,-15.380142
2025-11-07 21:03:32.789134,Left,-353.80597,-391.7638,-100.68209,74.30748,-228.313,-197.74304,110.284225,-59.715023
2025-11-07 21:03:32.793134,Left,-473.7978,-389.15918,-91.841194,116.87406,-236.24446,-223.11028,153.13017,23.849173
2025-11-07 21:03:32.797134,Left,-437.06845,-398.87466,-94.8366,101.480736,-235.68237,-214.86217,141.22513,-3.3864894
2025-11-07 21:03:32.801134,Left,-11.922449,-29.131573,-13.527769,-3.3495288,-9.8831625,-14.47752,-11.038737,-35.94056
2025-11-07 21:03:32.805134,Left,59.44685,-125.57691,-116.51035,-121.609344,-41.05259,-46.36833,-118.87271,-229.78426
2025-11-07 21:03:32.819818,Left,621.3256,560.85266,236.97736,-79.19761,-308.46594,7.5186834,-184.82278,-134.02132
2025-11-07 21:03:32.823818,Left,-133.86691,-45.897026,195.9682,63.56669,64.95735,21.816269,57.961945,64.55758
2025-11-07 21:03:32.827818,Left,691.1821,610.61383,158.73083,-96.67757,-333.57397,-19.614685,-228.98561,-200.27498
2025-11-07 21:03:32.831818,Left,623.9048,568.3607,177.82474,-87.61886,-322.56802,-14.571513,-209.49329,-166.41208
2025-11-07 21:03:32.835818,Left,729.73346,634.2491,108.794624,-108.45326,-344.10718,-30.714931,-251.57855,-239.31491
2025-11-07 21:03:32.839818,Left,703.9135,614.99817,134.12347,-107.76535,-343.71158,-24.526197,-239.91417,-216.06674
2025-11-07 21:03:32.843818,Left,23.67969,34.799057,33.09987,4.9233093,-11.743962,1.3190694,-2.018066,2.969705
2025-11-07 21:03:32.847818,Left,0.6937333,103.61078,269.5748,99.20963,41.14946,18.133389,16.09241,25.035225
2025-11-07 21:03:32.847463,Left,-325.9233,-253.59006,-243.23692,-263.3915,-270.2022,-673.71155,-235.36661,178.7997
2025-11-07 21:03:32.851463,Left,75.5522,83.500175,-78.98309,-117.39893,-241.76837,-182.96455,-165.09143,-211.60872
2025-11-07 21:03:32.855463,Left,-386.6553,-328.006,-211.83165,-256.10147,-208.58023,-643.7299,-215.24916,226.53026
2025-11-07 21:03:32.859463,Left,-338.39883,-266.37033,-183.99748,-232.24576,-215.24026,-644.392,-230.76338,193.2601
2025-11-07 21:03:32.863463,Left,-421.89313,-376.27667,-200.59822,-256.5273,-174.34012,-622.30945,-197.67632,256.6624
2025-11-07 21:03:32.867463,Left,-397.26727,-340.8408,-202.66129,-247.31392,-185.88869,-629.2392,-201.63309,242.81772
2025-11-07 21:03:32.871463,Left,-2.118433,4.215879,-0.8346431,-11.880048,-22.457832,-45.503815,-20.915586,-0.9824858
2025-11-07 21:03:32.875463,Left,-11.110846,2.9002423,-120.678825,-181.22276,-296.9548,-307.9418,-224.5639,-185.84479
2025-11-07 21:03:32.888935,Left,45.02652,360.66943,338.58047,104.35655,419.64468,522.88617,727.0421,279.66934
2025-11-07 21:03:32.892935,Left,-32.603764,-103.99711,-131.4916,22.29903,-0.54766625,109.664314,171.57507,205.03972
2025-11-07 21:03:32.896935,Left,26.825632,394.47867,405.47882,109.37263,470.12283,538.654,677.2397,224.05853
2025-11-07 21:03:32.900935,Left,15.191806,357.57413,352.81757,73.09428,416.96857,497.32086,662.9218,232.57257
2025-11-07 21:03:32.904935,Left,15.36824,410.57367,440.49075,115.062874,501.1734,550.10333,647.0565,190.935
2025-11-07 21:03:32.908935,Left,15.2362385,395.6879,413.70404,107.313255,480.51965,541.54254,668.46747,210.538
2025-11-07 21:03:32.912935,Left,-6.318147,1.5007881,-7.7987947,-17.557777,8.734508,29.903818,44.58153,27.091312
2025-11-07 21:03:32.916935,Left,-10.144371,-8.930166,-19.43078,72.128555,121.80866,239.66531,314.75632,277.3969
2025-11-07 21:03:32.936678,Left,170.18163,-18.986282,0.47086096,69.00981,-409.584,-509.0922,-355.0432,-176.51784
2025-11-07 21:03:32.940678,Left,136.58913,285.55835,351.7345,213.72566,129.80914,114.64699,-1.2175213,-203.28854
2025-11-07 21:03:32.944678,Left,192.19003,-70.1814,-86.04491,66.16067,-429.53256,-575.3786,-403.0216,-110.8411
2025-11-07 21:03:32.948678,Left,197.55202,-29.109596,-17.391943,115.13981,-378.97516,-524.299,-373.96646,-132.7913
2025-11-07 21:03:32.952678,Left,206.9392,-95.29377,-135.08388,60.744705,-443.46964,-612.6044,-427.69614,-70.26239
2025-11-07 21:03:32.956678,Left,200.18816,-75.641235,-98.45816,69.29994,-432.3921,-587.8412,-409.83005,-96.27494
2025-11-07 21:03:32.960678,Left,18.630907,13.657468,16.015589,14.607899,-18.92473,-25.74329,-21.667841,-15.637675
2025-11-07 21:03:32.964678,Left,171.25444,240.52914,290.69305,197.48633,31.84412,-22.86484,-116.9458,-250.29555
2025-11-07 21:03:32.977950,Left,49.35406,45.26431,-11.785852,54.461117,215.55345,290.75186,372.03323,371.94913
2025-11-07 21:03:32.981950,Left,-35.669765,-140.68404,-88.04104,-30.257616,-85.60492,-157.48604,-94.0756,-84.755775
2025-11-07 21:03:32.985950,Left,6.8477116,86.193,1.3641186,17.585684,202.71123,360.71417,399.40775,411.89444
2025-11-07 21:03:32.989950,Left,11.1404505,63.095318,-17.923784,8.686178,176.47472,300.81696,368.01935,388.65637
2025-11-07 21:03:32.993950,Left,-20.061964,104.52978,11.900652,1.6262617,199.70247,403.25632,410.11823,425.6914
2025-11-07 21:03:32.997950,Left,-9.688711,82.406944,-0.23898657,11.264394,203.04446,374.01932,402.78595,416.23538
2025-11-07 21:03:33.001950,Left,-2.2025356,-5.3038173,-11.626602,-11.6169615,-9.318316,-0.052653715,13.542628,23.33461
2025-11-07 21:03:33.005950,Left,-47.060684,-108.28614,-85.47694,-39.197258,-64.22637,-91.34011,-6.4546146,26.969881
2025-11-07 21:03:33.020521,Left,-143.26175,-99.71286,-195.85126,-115.17132,88.11786,-290.51895,-321.4751,-21.543823
2025-11-07 21:03:33.024521,Left,52.5768,73.878555,175.08177,269.7161,157.70879,168.42934,247.79108,216.97696
2025-11-07 21:03:33.028521,Left,-131.07745,-132.39455,-226.34122,-182.87122,93.53404,-297.2772,-377.30597,-62.847008
2025-11-07 21:03:33.032521,Left,-130.13522,-115.40026,-196.33641,-124.55472,138.53694,-247.81245,-325.29413,-32.302338
2025-11-07 21:03:33.036521,Left,-123.217735,-149.55135,-242.20078,-224.67,85.74656,-307.086,-409.91232,-82.72443
2025-11-07 21:03:33.040521,Left,-132.67807,-139.9405,-232.65778,-195.64732,94.52243,-296.67392,-382.53732,-57.239597
2025-11-07 21:03:33.044521,Left,7.164727,0.9318866,1.6743749,10.847873,17.260935,-19.188637,-23.75422,-12.320184
2025-11-07 21:03:33.048521,Left,53.56747,53.634033,117.57767,205.09407,154.78264,77.399635,105.063644,91.328575
2025-11-07 21:03:33.050613,Left,243.20741,414.01154,394.01163,5.8294163,-186.44261,-436.80127,-769.8454,-223.21631
2025-11-07 21:03:33.054613,Left,176.29103,128.87654,-44.616714,-27.18886,-72.097275,-248.92577,-478.58185,-442.9058
2025-11-07 21:03:33.058613,Left,203.44182,393.04837,461.77148,-1.8120638,-241.86018,-475.5434,-722.61523,-179.47366
2025-11-07 21:03:33.062613,Left,205.29068,377.14862,417.2032,6.7837057,-229.46097,-480.28482,-760.0879,-237.37083
2025-11-07 21:03:33.066613,Left,173.29861,374.84787,488.83652,-20.768984,-280.01404,-498.40985,-696.0459,-151.6086
2025-11-07 21:03:33.070613,Left,196.87523,391.20154,472.1151,-9.141195,-255.19997,-483.08704,-716.9284,-170.8273
2025-11-07 21:03:33.074613,Left,16.817156,27.166632,22.110718,11.535258,-4.8641343,-37.58106,-73.30328,-32.85184
2025-11-07 21:03:33.078613,Left,133.86752,126.07144,11.754497,-0.40415186,-81.52334,-277.81635,-497.63116,-392.56964
2025-11-07 21:03:33.092048,Left,52.745735,85.644844,-53.756134,-463.66196,-573.8468,-934.96326,-796.97314,-831.07544
2025-11-07 21:03:33.096048,Left,-143.5677,-220.10547,-286.4834,-151.62776,-239.68494,-170.30386,-97.61797,-116.8282
2025-11-07 21:03:33.100048,Left,8.939953,86.71682,0.2634609,-476.60843,-547.1728,-962.8222,-897.5836,-908.4459
2025-11-07 21:03:33.104048,Left,14.814355,93.21052,-14.651472,-469.93906,-534.28564,-907.2052,-806.89264,-840.2312
2025-11-07 21:03:33.108048,Left,-20.216623,88.04732,40.734447,-467.92712,-513.0721,-961.19604,-940.5684,-934.03125
2025-11-07 21:03:33.112048,Left,-6.2891474,86.56835,12.960233,-481.02466,-538.2719,-966.27856,-912.467,-917.5407
2025-11-07 21:03:33.116048,Left,25.46648,25.67552,16.202585,0.9400283,-11.912966,-30.772003,-23.335207,-37.205456
2025-11-07 21:03:33.120048,Left,-50.84339,-120.9768,-211.72878,-176.97383,-291.1424,-293.95016,-236.38945,-265.2936
2025-11-07 21:03:33.133371,Left,53.044666,208.10344,340.45248,466.42313,630.36285,594.0786,294.68964,100.99687
2025-11-07 21:03:33.137371,Left,-205.66618,-17.679777,-31.11212,-193.2361,47.64688,222.35979,210.42085,85.58971
2025-11-07 21:03:33.141371,Left,77.985275,170.63586,313.64108,539.00195,656.1134,568.8531,256.87244,126.8077
2025-11-07 21:03:33.145371,Left,75.7812,181.0312,307.3261,495.18927,634.0422,560.957,265.8132,129.32811
2025-11-07 21:03:33.149371,Left,111.40581,166.43362,319.69113,598.8642,675.88043,560.0256,238.09683,134.22119
2025-11-07 21:03:33.153371,Left,97.24978,174.96901,324.72147,567.9742,663.398,566.5629,250.2087,123.52985
2025-11-07 21:03:33.157371,Left,-2.1265702,14.899929,12.212439,7.6673064,36.96888,31.928324,-6.1797338,-31.595638
2025-11-07 21:03:33.161371,Left,-188.43477,6.6784706,16.788328,-77.43384,165.23268,286.2244,226.13951,122.50972
2025-11-07 21:03:33.173539,Left,1177.055,933.7948,432.95993,208.49178,584.3556,369.87552,-21.706717,-94.31637
2025-11-07 21:03:33.177539,Left,496.42038,439.5704,415.0043,465.06293,437.43976,383.02277,469.02863,558.3579
2025-11-07 21:03:33.181539,Left,1197.966,965.02234,460.9077,179.68913,610.6436,425.06967,-25.746714,-182.52109
2025-11-07 21:03:33.185539,Left,1167.2953,949.21094,454.5877,194.27805,606.47205,421.64606,13.185892,-104.93145
2025-11-07 21:03:33.189539,Left,1197.8931,965.1278,462.5282,158.7525,622.8593,445.19754,-48.47008,-255.15149
2025-11-07 21:03:33.193539,Left,1193.694,957.97363,450.94293,167.87239,617.9671,431.12503,-39.624527,-210.07185
2025-11-07 21:03:33.197539,Left,75.13412,56.003387,20.454885,-0.6390139,30.495623,17.853004,-1.0513095,-8.213025
2025-11-07 21:03:33.201539,Left,647.44116,584.4761,492.2825,466.36426,481.29266,409.632,430.7066,471.63962
2025-11-07 21:03:33.233782,Left,407.94138,107.660736,-61.378212,-552.00574,-700.985,-196.65126,-195.8215,292.04163
2025-11-07 21:03:33.237782,Left,134.75566,32.68001,199.48209,-16.426037,-282.52502,-381.92572,-242.6622,-108.42579
2025-11-07 21:03:33.241782,Left,472.2468,168.07802,-102.03414,-626.0664,-697.5475,-122.955696,-193.82732,247.16534
2025-11-07 21:03:33.245782,Left,433.7137,146.39737,-84.49061,-612.2043,-709.564,-206.8375,-242.96854,229.30644
2025-11-07 21:03:33.249782,Left,499.70096,187.44658,-138.63216,-679.59216,-712.3797,-78.01663,-186.2456,221.91278
2025-11-07 21:03:33.253782,Left,491.47025,177.73137,-114.18388,-646.5425,-707.555,-104.2785,-189.87405,239.39082
2025-11-07 21:03:33.257782,Left,3.4458358,3.2536106,15.665247,-38.202206,-65.95007,-30.27066,-4.270546,57.28582
2025-11-07 21:03:33.261782,Left,128.59734,25.762768,138.40245,-134.31783,-365.2557,-388.05408,-261.81815,-47.592007
2025-11-07 21:03:33.261431,Left,-1287.2819,-1602.8285,-1427.3757,-557.72656,-180.97655,144.6608,290.46985,20.048641
2025-11-07 21:03:33.265431,Left,-186.44913,-395.93924,-654.0883,-560.4974,-372.4161,-294.59918,-352.53073,-255.23637
2025-11-07 21:03:33.269431,Left,-1399.3042,-1671.8447,-1358.4884,-477.11328,-177.01863,123.18565,340.69986,30.189592
2025-11-07 21:03:33.273431,Left,-1316.1638,-1618.1597,-1373.9497,-540.277,-219.79353,92.92107,291.22592,8.767173
2025-11-07 21:03:33.277431,Left,-1472.4172,-1709.9105,-1313.4592,-417.64197,-163.99081,113.22859,363.24014,30.434656
2025-11-07 21:03:33.281431,Left,-1436.581,-1687.9408,-1339.7896,-444.94406,-160.74767,127.212296,349.36737,31.99154
2025-11-07 21:03:33.285431,Left,-42.316936,-97.35027,-108.43886,-50.794373,-20.534336,3.5570745,16.215525,-1.0343686
2025-11-07 21:03:33.289431,Left,-382.36743,-677.7367,-897.09424,-702.14124,-460.66003,-303.5115,-276.27252,-200.58249
2025-11-07 21:03:33.304110,Left,289.45578,435.18674,518.66003,489.88257,293.15387,150.26924,46.870228,-247.44897
2025-11-07 21:03:33.308110,Left,-268.96152,-90.81978,51.56151,53.599277,28.061525,152.67169,148.67682,60.093575
2025-11-07 21:03:33.312110,Left,359.3,459.30957,488.8036,465.51532,326.80417,144.03992,13.635979,-274.79828
2025-11-07 21:03:33.316110,Left,308.0638,426.9141,486.8043,477.81085,332.4517,174.08524,51.339314,-230.96838
2025-11-07 21:03:33.320110,Left,408.1461,487.01004,487.32077,462.20123,353.2909,150.96895,6.997967,-283.5452
2025-11-07 21:03:33.324110,Left,384.638,473.60107,493.61487,469.9418,337.16104,145.97223,13.721793,-277.50635
2025-11-07 21:03:33.328110,Left,3.6433704,23.845772,34.888557,31.896341,26.51195,24.84145,3.4914618,-32.041046
2025-11-07 21:03:33.332110,Left,-127.39524,57.51704,178.54816,184.14798,156.52174,208.3148,148.39052,21.143127
2025-11-07 21:03:33.336739,Left,255.11101,613.834,752.1838,649.5535,294.46512,229.72894,358.53238,301.78787
2025-11-07 21:03:33.340739,Left,85.139786,101.37036,225.7025,213.02718,259.6803,386.7901,399.55746,264.86386
2025-11-07 21:03:33.344739,Left,270.4145,649.32153,788.2474,680.84344,286.8512,176.24664,304.63907,315.14285
2025-11-07 21:03:33.348739,Left,258.77365,627.23364,764.5687,663.68445,300.72855,209.82472,341.44238,341.84595
2025-11-07 21:03:33.352739,Left,288.87155,673.5755,805.6361,695.1732,276.94946,148.3921,279.03186,319.83127
2025-11-07 21:03:33.356739,Left,281.92462,662.41205,790.2521,682.8011,276.62775,160.50613,290.59677,306.94775
2025-11-07 21:03:33.360739,Left,-12.462831,11.9206505,43.530933,29.39514,11.356326,22.67378,36.90293,32.0931
2025-11-07 21:03:33.364739,Left,100.21789,195.29646,359.0894,345.0072,330.0067,389.42816,398.65707,297.2883
2025-11-07 21:03:33.378175,Left,-462.70407,-689.7536,-377.23322,-146.06888,-153.58556,-374.39297,-385.8331,-633.41223
2025-11-07 21:03:33.382175,Left,157.00722,-54.531013,-105.902504,-157.03496,2.4495006,-45.479748,-256.46683,-412.7297
2025-11-07 21:03:33.386175,Left,-516.6945,-665.1504,-349.96524,-85.22655,-139.9781,-398.97818,-367.64978,-580.48376
2025-11-07 21:03:33.390175,Left,-456.88934,-629.1472,-336.49942,-91.24518,-135.5172,-370.1544,-364.07715,-597.94604
2025-11-07 21:03:33.394175,Left,-545.1346,-654.9572,-333.1511,-51.475033,-132.49326,-419.88928,-365.6334,-559.8112
2025-11-07 21:03:33.398175,Left,-526.7391,-664.2285,-339.30908,-69.15472,-138.31189,-406.40842,-362.83197,-569.4661
2025-11-07 21:03:33.402175,Left,-23.004047,-47.95481,-28.223625,-9.553098,12.178083,-9.813267,-38.129856,-71.90698
2025-11-07 21:03:33.406175,Left,-17.303537,-214.80586,-237.0514,-234.93504,-93.47341,-153.94289,-323.46344,-483.5981
