timestamp,label,FC3,C3,CP3,Cz,FCz,FC4,C4,CP4
2025-12-12 17:19:52.972242,Right,433.23783124341696,260.75543788539517,340.36706103468237,338.1635283294017,1690.748677587178,1911.8013832585998,1523.6512158951716,3431.452541683752
2025-12-12 17:19:52.989290,Right,2329.7313359262453,1401.6906311286784,1830.4027401615253,1820.6377965352235,9099.075774377114,10290.19346813959,8203.578536376164,18468.381652642405
2025-12-12 17:19:52.993302,Right,5324.435572825501,3202.2831697154684,4184.579644999686,4168.396096857726,20819.838027083064,23550.920933033496,18784.56977226678,42265.13021597349
2025-12-12 17:19:52.996305,Right,6626.954712460043,3985.3767836576526,5213.337415611218,5201.4812042508365,25954.94466879168,29371.013907514505,23443.94583599909,52708.08065046155
2025-12-12 17:19:53.000324,Right,4439.956703517735,2674.2630484476895,3502.795694083352,3497.0320777242505,17416.295855167,19720.72620627482,15757.23995467832,35394.831635322844
2025-12-12 17:19:53.004330,Right,436.31099631996767,273.92074538708766,357.54216390879446,348.40779684022345,1685.965859582182,1915.7939987781865,1536.6218987685133,3451.377563418122
2025-12-12 17:19:53.007396,Right,-2553.384190650402,-1522.493645025148,-2002.693750728933,-2010.950530650145,-10094.344127051241,-11430.216626451554,-9136.559399728663,-20502.503755388258
2025-12-12 17:19:53.012353,Right,-3299.6709507104097,-1978.4500803895498,-2599.4752165803075,-2591.0972645533475,-12999.978367938631,-14719.76772104064,-11758.82408181901,-26422.075535485114
2025-12-12 17:19:53.016359,Right,-2378.988751184588,-1430.4517115201525,-1873.4454589892339,-1853.314525385511,-9319.380210847477,-10541.709174052754,-8403.158536491683,-18930.946713702404
2025-12-12 17:19:53.020378,Right,-1055.5202558867459,-631.8222201350945,-825.4404840747011,-817.242578747886,-4125.893614791217,-4661.251724777219,-3708.675054861349,-8366.781362882466
2025-12-12 17:19:53.024338,Right,-323.1603882928903,-187.70608859752247,-250.35526652781118,-257.83755040545657,-1310.5815446442575,-1486.3738781667198,-1193.2555138801108,-2660.556478732731
2025-12-12 17:19:53.028401,Right,-469.5460714014771,-278.63096811303694,-371.0881726249936,-372.50969774428813,-1887.532453913649,-2142.5078197943512,-1718.843061852036,-3845.310721682268
2025-12-12 17:19:53.032440,Right,-1076.9401959960815,-647.6485021682165,-847.3838525603787,-834.8571859287913,-4210.953198851086,-4760.8015092614805,-3790.442246077291,-8551.104946509935
2025-12-12 17:19:53.035419,Right,-1457.3436585509917,-873.8318680974917,-1141.0252706661413,-1133.2025869111385,-5693.225038978271,-6434.477049296256,-5123.618264465011,-11547.60435188096
2025-12-12 17:19:53.040421,Right,-1284.3764028569858,-766.4375097753655,-1007.0843278988468,-1012.8352023470507,-5071.168680564617,-5742.183750723139,-4590.345938970859,-10298.299727012869
2025-12-12 17:19:53.044457,Right,-843.4230675733997,-504.87868361866276,-667.4570337387122,-669.1599000946007,-3352.1250081078615,-3802.235558729735,-3047.179635383538,-6824.2880085371435
2025-12-12 17:19:53.048466,Right,-628.3021845362091,-380.86865182097245,-497.55687875628064,-485.0684768695064,-2443.263157764799,-2761.887250034022,-2197.252529591322,-4965.057442022022
2025-12-12 17:19:53.052467,Right,-767.4261265659879,-462.53747794328956,-599.4603039021458,-590.1864508573199,-2961.7993644817034,-3340.8954443145776,-2651.141045804834,-5996.261198651511
2025-12-12 17:19:53.056485,Right,-954.3962413231493,-569.7239883228904,-746.1433704485244,-752.6666042004508,-3753.935852817958,-4248.2423568425,-3394.539811214898,-7614.440680386964
2025-12-12 17:19:53.059445,Right,-896.044536999776,-536.1959057955683,-708.1594238206453,-713.9582441466919,-3560.781612694962,-4039.6663686472457,-3239.8362907388946,-7246.857019800693
2025-12-12 17:19:53.063482,Right,-664.6917347811395,-402.89289614744484,-528.1233862008085,-517.7074792416242,-2599.6132775639417,-2942.8207047957694,-2346.7370532583445,-5290.9233039622195
2025-12-12 17:19:53.067535,Right,-544.1555862494861,-329.92015014833305,-425.69834679353517,-413.6225390555046,-2082.4363193776226,-2346.131096300436,-1855.3911672475515,-4216.340961115202
2025-12-12 17:19:53.072522,Right,-637.2775127695058,-380.15354244109767,-495.7073277630261,-500.0310892997368,-2493.7203595952597,-2818.8714979314245,-2247.6619937532814,-5052.040405783802
2025-12-12 17:19:53.076481,Right,-754.5097902020207,-450.5507501261891,-595.0916157604661,-603.9926795668725,-3002.979047870147,-3407.723123587086,-2735.1692931455327,-6110.404104009038
2025-12-12 17:19:53.080556,Right,-687.2884824039647,-416.42503260409285,-546.9224284411175,-540.4216535409505,-2698.0589726277394,-3057.4160881722346,-2443.8726598604117,-5494.230251669884
2025-12-12 17:19:53.084554,Right,-483.75193987134844,-295.8401382744487,-380.91316468192963,-367.66730367872515,-1840.733873822377,-2073.983831489808,-1640.1527240813011,-3729.391916419845
2025-12-12 17:19:53.087576,Right,-375.89601071891957,-225.72906866081757,-290.8208347875334,-291.96156425448135,-1445.8493027763907,-1630.0548033493105,-1294.4904381566448,-2920.234527919907
2025-12-12 17:19:53.091574,Right,-466.70926043679356,-278.24123466083256,-367.3160239403369,-377.44979576944024,-1861.229317465215,-2113.232688861317,-1699.6192111842101,-3785.315127839567
2025-12-12 17:19:53.095608,Right,-591.3288207604783,-358.32883460972516,-471.25939114784705,-468.7982304907928,-2328.9381878392305,-2641.404374060221,-2115.4780056215823,-4744.852385514183
2025-12-12 17:19:53.100603,Right,-539.1691614503216,-330.198593690453,-426.4820969938155,-413.6573592665518,-2061.5180138392607,-2326.021220792667,-1844.4144883587724,-4181.989900519373
2025-12-12 17:19:53.104618,Right,-342.70304096172913,-208.34686711484392,-266.34923982324835,-264.5591234671738,-1298.7630082702963,-1462.3936401753454,-1158.7256866443204,-2620.2196127381176
2025-12-12 17:19:53.108647,Right,-235.12760665887618,-141.18865078310773,-185.30941360048018,-195.10163574648323,-931.5785108760465,-1058.9525694982149,-856.3149083402241,-1890.1445419634692
2025-12-12 17:19:53.112648,Right,-326.2578858937486,-200.3529948870273,-263.2592840587604,-263.76046377877356,-1279.6839837342268,-1454.195866305614,-1170.6422028673114,-2608.5635884741787
2025-12-12 17:19:53.115713,Right,-448.81063838646514,-277.61054521764163,-357.0992678352195,-345.35561470298853,-1700.4190986799076,-1918.316120307427,-1522.006601014873,-3447.1544347170275
2025-12-12 17:19:53.119664,Right,-396.7836158750288,-242.6299976351729,-309.9204890162946,-306.1703545823402,-1498.307928203838,-1687.171912580845,-1336.9692079176311,-3023.8387311475817
2025-12-12 17:19:53.123685,Right,-215.53752698842436,-129.5725999432616,-169.25765121827135,-178.64929034719535,-849.4718126597581,-964.9057818417205,-779.3953162722173,-1722.0837011232506
2025-12-12 17:19:53.128715,Right,-127.80442323788884,-79.67819604625402,-106.42826846921525,-109.43450183984532,-513.3506239383714,-588.3980138344923,-480.9937149329926,-1055.6566006337525
2025-12-12 17:19:53.132629,Right,-213.0087023243832,-134.86363124162017,-171.80275379001978,-161.20345567679033,-788.9256050210097,-888.6185828223825,-701.383031036763,-1602.0218930003466
2025-12-12 17:19:53.136701,Right,-308.26475396975,-189.47046504436003,-240.1110698995908,-234.67242848212481,-1149.430186272657,-1291.3681441326626,-1018.5066490806639,-2316.654065182316
2025-12-12 17:19:53.140674,Right,-255.0775779459509,-153.3600172730221,-199.3493469421228,-208.34982545798994,-998.2866085852147,-1131.536202166928,-910.2106701835874,-2021.0797384864418
2025-12-12 17:19:53.143732,Right,-114.5774811872252,-71.59867815468169,-96.04096711556485,-101.53247943938186,-465.40142225526506,-535.129756547627,-441.1939643296646,-957.6375742123928
2025-12-12 17:19:53.147736,Right,-56.45866657032457,-41.667134272051044,-50.33605776898912,-40.802095975508564,-178.93403012835188,-200.28074573894264,-155.24747171998024,-366.06645320600364
2025-12-12 17:19:53.151748,Right,-117.5781243130914,-76.41682173874142,-90.99363025720231,-83.24741818301845,-391.69595194165595,-432.84399754792685,-331.1384800149244,-777.500143181067
2025-12-12 17:19:53.155776,Right,-176.08816240316082,-105.94473027884669,-135.7814569897164,-143.6713903050113,-678.7001934739528,-767.4834487250773,-615.7519070495036,-1368.155639192788
2025-12-12 17:19:53.160761,Right,-136.2845253564592,-82.73989544389042,-111.62940651936515,-119.9544606216732,-561.7844162049005,-645.1751133189537,-530.3933626281214,-1154.3462315725628
2025-12-12 17:19:53.164777,Right,-42.28479833173333,-31.459259049617685,-39.76907180652779,-32.47332247102895,-145.21306146739516,-165.54084181640064,-131.5455665907939,-305.7929204138927
2025-12-12 17:19:53.167766,Right,5.3344096924120095,-2.302788745255384,4.857548223910271,14.624394744656456,83.80866578751011,104.6949976424803,98.99537036704714,181.87748899671715
2025-12-12 17:19:53.171802,Right,-20.791636698369985,-12.2310118924579,-12.261938641764573,-18.040869575095712,-63.655648027255666,-68.93949090817478,-53.2676454425673,-117.9717111880891
2025-12-12 17:19:53.175768,Right,-60.30999999578489,-35.32035123469905,-49.73038315343729,-60.36251686482865,-269.87604413271765,-314.48557955256547,-265.8410380393907,-560.2359021236771
2025-12-12 17:19:53.179823,Right,-48.47857005152764,-33.52797485551855,-44.50297670111104,-40.39901072167777,-188.70533519473975,-217.8745513210597,-177.26802951999707,-399.36545167904114
2025-12-12 17:19:53.183829,Right,13.432625192170235,2.604620857768168,10.16830514074536,21.08204760762237,106.81404678887338,129.02439624030376,117.8676832462661,222.42957785230828
2025-12-12 17:19:53.187834,Right,65.63619627342268,39.337463287172795,56.229297696867434,53.30896631467476,281.8748509603611,323.90861752255296,264.62636657782423,584.055956515891
2025-12-12 17:19:53.192851,Right,60.25318478050394,37.93352358574157,46.78749800114929,35.10058649722123,203.92138370767498,222.83680932800053,164.65308964878204,405.0339008496085
2025-12-12 17:19:53.195858,Right,20.686870374704085,8.916567769516405,9.939765711388645,10.727257011085385,72.08644757268485,75.20515980952769,52.85974810820335,129.14700769287447
2025-12-12 17:19:53.199863,Right,14.99275680208109,2.6886569609273465,9.668281183680392,20.732935923596187,111.53818188669084,132.84447926349912,118.53803275712926,229.6329440042955
2025-12-12 17:19:53.203816,Right,65.4138276292224,37.532004309949116,55.309660273928785,55.262888956272946,296.0826735441733,341.78608161431475,281.5618928944823,615.8156084656948
2025-12-12 17:19:53.207849,Right,115.51920227357186,70.86059530529201,91.1898790802461,79.47915100255159,430.80729245422117,481.36977455164015,372.87737228598417,871.1080430084548
2025-12-12 17:19:53.211914,Right,110.36345870500736,63.667660595723646,80.79290271323771,78.63213757887752,416.62757518855506,463.6823069528473,360.06179658790643,829.0478174015007
2025-12-12 17:19:53.215856,Right,75.8788942225292,39.33247963987924,56.48520194082812,67.07220319504995,343.77894072602794,393.8973535625846,324.57374192796124,697.9215810825699
2025-12-12 17:19:53.220923,Right,76.43638788896351,43.45254808457685,63.651161739402596,66.22634609898523,347.0942560498079,400.7938808866602,331.20872144776513,719.9274873295217
2025-12-12 17:19:53.223952,Right,117.72511312966526,72.57607603618817,94.21102703137876,83.01200030000473,445.41133166252985,499.69760589901125,390.0661618321028,904.3348720596405
2025-12-12 17:19:53.226946,Right,146.78170366927225,87.14214452667147,110.23412789309077,105.27654756905395,547.9276177236461,610.9089233728591,475.2584055721527,1094.696353895415
2025-12-12 17:19:53.231956,Right,139.38792162502068,78.45866231623222,105.6918477844738,115.21094160125358,578.0754598832864,656.6677245748579,531.5257331471657,1168.095580956142
2025-12-12 17:19:53.235961,Right,128.25054374503088,74.53115636811708,104.15929406159557,109.18653792380064,550.5475400660362,631.7015905888984,517.7716435133188,1130.8459379539127
2025-12-12 17:19:53.240047,Right,138.60039779165527,85.5772145122246,112.08403849545721,102.0471299472556,532.5621091198991,600.4478009079467,473.9163908948831,1084.2316910687368
2025-12-12 17:19:53.243958,Right,152.56135759112658,91.83541378153313,115.80273532650608,108.36312916907627,563.7189880557708,628.1292955094832,487.3754131537862,1127.7845153480303
2025-12-12 17:19:53.249016,Right,154.5478994664445,87.82370517183153,116.56752201473864,124.53162205974513,628.0257996247965,710.8814520164742,571.115962790791,1266.5448621663963
2025-12-12 17:19:53.252014,Right,160.5367984600598,92.78522783558583,128.38048599523609,135.70490953192348,683.5279492830741,782.6483718432719,639.2210771313985,1400.7708507516654
2025-12-12 17:19:53.256059,Right,177.63578425033484,108.4114012781647,143.5432320870459,135.34988332539797,698.9560386057128,791.3792300080531,629.8425571335247,1427.2929573032307
2025-12-12 17:19:53.260029,Right,181.2578884777322,109.9752358465339,139.5460550487478,129.9428806574433,674.3413755570655,753.4586178364116,586.5719258767203,1355.3736251707887
2025-12-12 17:19:53.264026,Right,162.9574833147053,93.698262152393,122.58979806648858,128.28056666674092,648.07332631998,731.0750014893711,583.2883963334025,1303.8143254833994
2025-12-12 17:19:53.268049,Right,157.94006170115608,90.77462795798783,125.14473732413899,134.23192478319106,671.7850959946518,768.7866151109338,628.2075010465342,1373.8353188334731
2025-12-12 17:19:53.272099,Right,187.87712309566268,114.1315615997155,152.01662546260923,146.30768801849626,748.670505824557,849.7627013749443,680.116672926757,1530.9728661811678
2025-12-12 17:19:53.276105,Right,215.0252522022347,131.0778244411049,167.2508073884528,156.2960161882802,806.5876015417743,903.6615219542291,706.6658801065641,1627.1735813334817
2025-12-12 17:19:53.280085,Right,198.55162884946913,116.025766505918,150.27620564540848,153.46731698959775,776.048469827103,873.715266144136,693.4391151382588,1561.7738866619766
2025-12-12 17:19:53.283189,Right,165.37105081076152,95.15947037302249,130.03781970088312,140.2699452835659,696.8727943935664,796.3523207973922,649.6553017110564,1421.7494583004154
2025-12-12 17:19:53.288101,Right,171.61397843429586,104.5980439982377,140.08986632485176,137.02271207813465,689.0743840376381,784.2916150480742,631.8150639387895,1410.6621017307043
2025-12-12 17:19:53.292163,Right,212.89907449114253,131.86756932910066,167.77907684617094,155.9452004993218,789.5719719633926,885.0822174714413,693.5327730430872,1592.6332250304986
2025-12-12 17:19:53.296284,Right,230.71989522551303,137.82383884133014,176.38009283988504,176.7672048630484,879.1715111847734,987.8908104626462,781.7920198522042,1765.607310139807
2025-12-12 17:19:53.300124,Right,203.41994893661467,118.48176502516435,159.1027485550585,169.83705082006054,835.3449985246407,951.4390786844306,772.3857335589128,1697.6729910792783
2025-12-12 17:19:53.304169,Right,174.78702913463349,105.28032225975767,142.34696491908107,142.10561322975263,714.4499035808258,815.0199228276033,659.5328476028517,1465.3162715884391
2025-12-12 17:19:53.308190,Right,183.33013299584854,113.27114157751203,145.2593746788334,133.1872449432849,688.10144873627,772.2568678406533,604.6877067305613,1394.374962690752
2025-12-12 17:19:53.311224,Right,211.26796454555006,125.98388785490533,160.71058582991827,158.11990714768763,802.0018008038169,899.2807191477623,707.0536864899332,1611.7998812757432
2025-12-12 17:19:53.316137,Right,221.25671768089524,128.53654038747482,171.5082624053175,182.02404939263943,902.42965641513,1025.830416445504,828.8863703792449,1832.0905573458876
2025-12-12 17:19:53.320201,Right,207.00805241489434,123.82747893457417,167.37001432449324,170.08894561853958,848.851673708763,968.8842283475678,785.2556653550128,1739.3945160303265
2025-12-12 17:19:53.324351,Right,188.41880438290536,116.82793091099302,150.87528484969516,139.4481254259299,713.5540209203027,803.4265665604034,632.6199197217356,1450.4408095553517
2025-12-12 17:19:53.328168,Right,182.80915198518778,110.12015585605695,139.11738788866205,133.65934026514878,681.1262060528388,761.4617921933532,594.4442547524814,1367.026857584715
2025-12-12 17:19:53.331230,Right,195.00631919692387,112.62334792724869,149.45825140472152,158.97352658456657,791.201403323561,897.7093984576641,722.8849774488481,1603.15746188513
2025-12-12 17:19:53.335232,Right,214.48848095352878,126.89817195637443,172.13584127946524,177.72916120375157,887.27109928336,1013.303279644344,822.3218364183558,1818.1287979700137
2025-12-12 17:19:53.339272,Right,216.39396364003187,133.2966118757904,173.94462271095836,164.15756069566123,835.2311692031799,943.771656188881,748.2311876302119,1702.9031127265189
2025-12-12 17:19:53.343275,Right,189.89106487168465,115.74553950567497,145.96789655281464,138.10805669394904,702.757784557296,785.6508961779764,612.532954636612,1412.8274784223177
2025-12-12 17:19:53.348267,Right,165.72443976416253,96.11010634036211,125.88917390065035,133.5820053803036,661.19309498847,748.052966004936,599.8170888232999,1334.6394168036059
2025-12-12 17:19:53.352310,Right,181.6707015336724,107.12759299390018,145.6344086699828,153.3862177489209,755.1999841756187,863.6377521455288,703.8737210300751,1546.115458086133
2025-12-12 17:19:53.356317,Right,219.5400522594282,135.87274433816492,177.80500691218185,170.02965173654957,849.1885286705801,961.5432994534494,766.6619485869305,1731.6168956274632
2025-12-12 17:19:53.359307,Right,221.36648267009878,137.24617013847455,172.9066752604558,163.01369673220324,810.9288629455259,907.732726506656,710.5067299853545,1630.525325876195
2025-12-12 17:19:53.363331,Right,178.4085246362083,106.44173650823359,136.4557175822847,141.71779667786905,684.1136355762137,771.0521210184088,615.5251995618455,1373.3259710902348
2025-12-12 17:19:53.367328,Right,151.99229066021508,90.22590078365465,121.91920667488012,131.2590243286977,627.0272484667366,717.6193774498533,588.0844179391861,1279.6781285258476
2025-12-12 17:19:53.371282,Right,180.19495344682946,112.07209197025804,147.44589195220033,142.3035939381807,702.1369311914314,797.1975303613581,639.3584316925844,1434.981980818091
2025-12-12 17:19:53.375360,Right,215.62149052432505,133.82729451473278,169.2000042332511,158.2830692223506,793.6809187572217,889.1548782046884,695.7489001838258,1600.4695626681205
2025-12-12 17:19:53.380367,Right,199.23193840240128,118.5864447162603,151.9571241173544,154.84131806195364,763.2484019368421,859.0116682958324,681.5127396300668,1535.2742230186705
2025-12-12 17:19:53.384393,Right,153.28148935252102,89.50248895846016,121.2852954803675,131.6479870120529,637.4683158267289,729.1565388323506,595.8716993540293,1301.3711342215538
2025-12-12 17:19:53.387393,Right,143.46943818061845,88.75303195884044,118.58981233675149,116.00129559426568,572.4966403879225,653.0292191621847,527.2906515414361,1176.2165313409641
2025-12-12 17:19:53.391363,Right,175.52376475025085,110.24010582844494,138.95817152332165,127.21842846772051,639.5548617943423,716.0789674319094,558.4341694968753,1291.7159372023307
2025-12-12 17:19:53.395391,Right,193.1500614627439,116.1220703577419,147.2155016422621,147.36400548322126,726.9298238685587,815.9265005709603,643.5615074534435,1459.590002090903
2025-12-12 17:19:53.399423,Right,169.97684156388277,99.47149057373463,133.17771871041623,144.09815744281514,697.0631140061887,795.1440777759999,646.9474466869142,1418.5555205051787
2025-12-12 17:19:53.404416,Right,141.9347463499289,86.9112755262613,117.25293167523341,117.66570194222732,577.7740923590027,660.8968559206696,536.7840526622022,1188.985318366671
2025-12-12 17:19:53.408420,Right,141.74092836573254,89.74187622626778,113.53859784518136,101.82180375658209,517.4891185120214,579.8337568738498,451.4011683590943,1049.6683366310317
2025-12-12 17:19:53.412404,Right,154.67149272942333,93.05001692897349,116.84213836249546,114.128780132276,574.0551559648011,641.6323092798702,500.7898794906214,1151.2385590902995
2025-12-12 17:19:53.415454,Right,155.61119805488852,89.61232994926104,120.03073962702183,130.6472697725403,641.7432100920705,731.0072529240279,592.6722464052727,1305.3073605988175
2025-12-12 17:19:53.419478,Right,146.93873264617287,88.40156069368823,120.45130370106199,123.75757892781985,610.1134212133475,699.1587519483874,569.9386094331276,1256.7843783914577
2025-12-12 17:19:53.423502,Right,140.1538282193651,89.67605009961699,114.04636790120276,103.05039962477167,514.3644291850505,578.3838353612227,453.7387962039793,1046.2040842971765
2025-12-12 17:19:53.427511,Right,134.11979470198276,84.08024555098382,102.58596501563443,97.05781986776856,470.2649708145764,522.587976234383,404.4883034370141,935.9741479852237
2025-12-12 17:19:53.431541,Right,129.2427388583019,76.77645246752945,99.53193057075259,109.03139693965204,509.08361480140593,577.8420598660596,468.18781344778836,1025.5208456143737
2025-12-12 17:19:53.435514,Right,133.54355794153525,81.38631976938632,110.01891522741062,116.02370759472251,549.6866289399331,631.030820094631,518.082920964458,1128.8091362554114
2025-12-12 17:19:53.440495,Right,140.33684457777417,90.04280563250359,115.47832100643427,106.02382637842675,522.0936129832407,589.5400630135555,466.3112473039655,1065.2744445765857
2025-12-12 17:19:53.443553,Right,129.9615075296897,81.99275630283228,100.0470425542153,92.0504525420838,453.1671785922954,503.1392693523085,387.2954215441132,904.7188450845424
2025-12-12 17:19:53.447551,Right,106.79788358326186,63.04293901046913,80.64894185820594,88.24176154754241,413.87721181556117,467.907982515404,376.3511682981625,830.4219704018906
2025-12-12 17:19:53.451552,Right,101.32655181729933,61.07346238763421,83.53289486566791,91.69748597909347,425.7936803661287,490.9550962281646,407.0966493067099,875.6206640794408
2025-12-12 17:19:53.455587,Right,119.62649117165711,77.636093352834,100.23807296954328,92.95866778647178,447.84063307510223,507.9069596657064,405.3087619864382,916.9603413091972
2025-12-12 17:19:53.459605,Right,127.05198410045705,81.7775068343617,99.36067510250723,89.55049184092786,435.7181866678875,483.67340909305494,371.8084332694998,870.6496358499862
2025-12-12 17:19:53.464647,Right,103.93100559167215,62.30430788717058,78.01603702246211,83.3280460867536,389.9182703655679,438.62622409663163,349.3119126370875,778.7066357093863
2025-12-12 17:19:53.468626,Right,80.64166035331436,47.72163535909203,65.87867358495714,75.71806649405335,347.52044205938,402.1845186447026,335.9723819679348,715.2654811586253
2025-12-12 17:19:53.471611,Right,87.538919630897,57.10696534505405,75.07191501533089,70.457739436868,338.1260960884392,386.3490806048503,311.73487412091345,698.7864597155713
2025-12-12 17:19:53.475577,Right,104.17394833054277,68.16064808375086,82.33211508016393,71.40655818556843,351.273686574772,389.0451038280735,296.518880912452,703.600487818243
2025-12-12 17:19:53.479613,Right,95.9963752773765,58.053131980181206,71.3725508874486,74.14496363839135,349.79727750760503,391.01274986728095,307.39952291327063,695.3826032015495
2025-12-12 17:19:53.483651,Right,73.08958123027696,42.56594057813345,58.65489731162961,69.53053575968079,316.2491437328281,365.6880474690115,305.6948256812175,648.5067517445423
2025-12-12 17:19:53.487660,Right,68.62304432562087,44.90038683668536,60.3896450545144,58.61461849794432,275.1130743174581,317.0868623747956,259.8420744203031,572.8354278102051
2025-12-12 17:19:53.491703,Right,79.74394415644929,54.02188341256988,64.51763520992245,53.039570771041326,258.88372357352637,285.7892454973189,215.3420257511898,519.525217954535
2025-12-12 17:19:53.496718,Right,77.06730287370738,47.7561666352849,56.55637495980773,56.54445460932038,264.1725794519298,292.1881556104636,225.00367236562306,519.8667289644945
2025-12-12 17:19:53.499737,Right,60.10507025089464,34.43069390258461,47.01147028304695,58.203179522650316,260.48628257471137,301.07199018110987,252.17568536446197,531.8922467580996
2025-12-12 17:19:53.503776,Right,54.973249798073084,35.287308021230274,49.16779696322919,50.28501504434098,235.03951966302702,273.64073605602607,228.1558938412927,494.099717031233
2025-12-12 17:19:53.507758,Right,62.61129282601178,43.045876479693106,51.97847464325605,40.53801354605821,204.87670356512535,226.77355791290756,170.20651914383052,416.4120700189378
2025-12-12 17:19:53.511751,Right,57.64561597233114,36.08973489362688,41.2925034838845,38.28670965752099,185.99598885403248,202.54909480025526,150.22792662575375,363.1963990991935
2025-12-12 17:19:53.515756,Right,39.4270968100318,21.28666795157187,29.20548637281172,39.830969381393516,175.45414748199983,203.02797788684256,171.0260721978848,356.6417170857312
2025-12-12 17:19:53.519763,Right,35.99696066220349,22.90109696800937,33.651638714640285,37.62259306512715,167.05374859570293,197.91095031425357,170.333393057168,355.72155139700044
2025-12-12 17:19:53.524066,Right,50.56485420206445,36.434502994365175,44.00663057237398,33.588526924548205,160.17263886221917,178.20510770898545,134.93745786102954,327.8166220529238
2025-12-12 17:19:53.526729,Right,51.70186618590378,34.54114991486131,37.890385829276056,32.37113448929449,147.63503048371058,158.05872525426093,113.25634886091575,283.3186618426116
2025-12-12 17:19:53.530785,Right,29.660932309619966,16.58745263437595,21.0124659135181,30.515846838985453,119.96876539767254,137.8802446568734,116.2608932282892,237.7475806636503
2025-12-12 17:19:53.535798,Right,16.16513752558967,10.741192302863055,17.67481677333126,24.156155253120232,89.38717478734907,110.64430131443078,102.63977894053096,195.41804631601553
2025-12-12 17:19:53.539892,Right,28.887143144544098,23.530796420505794,28.27682902800734,19.299507242176333,82.23578297300264,92.36095982120605,70.0143816115451,172.4812517099781
2025-12-12 17:19:53.543821,Right,39.71821603870194,28.35676890805189,29.562669150021975,21.58756762142002,95.23638636758551,98.39406836841954,64.35233233915642,178.1020028797211
2025-12-12 17:19:53.547851,Right,23.933651308121625,13.111816119861032,15.40081272921816,23.016169584647287,88.83072767412523,100.29237851459766,82.379358881386,171.64341731288005
2025-12-12 17:19:53.550844,Right,2.2309772103326395,0.2925009610989946,4.947780187736498,13.636924719656236,45.00138848734787,60.7505183579633,63.11459220777033,105.95285326975863
2025-12-12 17:19:53.554857,Right,2.7820480215304997,5.551090482003929,7.503186505455233,0.8412083038783749,2.94825932639651,5.577499956183601,3.71971502865199,19.129149117972702
2025-12-12 17:19:53.558834,Right,13.965169427567162,11.942686496018723,9.531678319988714,-0.10346069336083019,5.247100988985039,-2.628136718645692,-17.5546355881379,2.1409272694727406
2025-12-12 17:19:53.563888,Right,9.569568830862409,3.871348920110904,2.8311105115135433,8.223291901034827,30.705798942188267,32.5209782095626,23.687988735619,53.681130350450985
2025-12-12 17:19:53.567891,Right,-5.132787261667545,-5.543097840127302,-2.4535741017607506,7.893569055646367,22.35468199333991,34.76311501895543,41.858396508032456,58.9773356296937
2025-12-12 17:19:53.571894,Right,-8.915079339712975,-2.596344091994979,-1.3929872853987035,-5.429045085409598,-27.51557294020313,-26.499173703603446,-18.110080210200977,-38.94604054291267
2025-12-12 17:19:53.575926,Right,-5.308405025258253,0.5805277433537412,-4.4047942803154,-15.257347884275077,-65.76271386156441,-82.0787906498881,-80.35417346583563,-138.0076893090736
2025-12-12 17:19:53.578926,Right,-10.849160513811512,-8.19254485822239,-13.717315682384651,-11.02438488619373,-57.18503826347296,-69.02956144840573,-61.26636895936099,-126.0160765122273
2025-12-12 17:19:53.582941,Right,-19.46609562877711,-15.33848874069372,-15.419516119487525,-4.091497743647778,-33.23819257764262,-29.08037171853357,-10.415137184318155,-56.223607068066485
2025-12-12 17:19:53.586985,Right,-15.922181944275508,-7.965297812093922,-7.016732420946937,-8.08154135946097,-42.88575826809392,-41.67147009019391,-26.648574675054988,-67.97276908764616
2025-12-12 17:19:53.590984,Right,-10.530585450054787,-1.7356316706391226,-6.963359100282105,-18.25252784671102,-85.13297358233831,-102.67153605792555,-94.94534852111246,-174.96409584686626
2025-12-12 17:19:53.595986,Right,-21.911260949833377,-13.051982477671118,-21.86577873099668,-22.069498167526035,-117.08692428570066,-139.0490789350588,-120.11068648341461,-251.56490052465233
2025-12-12 17:19:53.599923,Right,-37.5283008190454,-25.909274623722013,-30.668224861568888,-19.215515713138302,-114.01746089363587,-122.57379938130907,-86.75861944135977,-226.13578813051572
2025-12-12 17:19:53.604005,Right,-32.44780931114292,-19.127383448379987,-20.41117658796793,-18.545518718216044,-96.40125577813888,-100.79324381805782,-70.72008765370992,-175.71169532154454
2025-12-12 17:19:53.607005,Right,-17.61012952765668,-6.703857445752874,-11.600315835690708,-22.60826249715683,-99.45296711023548,-116.94302289678308,-104.07281240139855,-198.27123214647872
2025-12-12 17:19:53.611046,Right,-24.804720032796467,-14.525026937853909,-23.94573734110054,-27.005351184210667,-131.44134226249298,-156.59145622408687,-137.0013762884264,-279.5637684040703
2025-12-12 17:19:53.615023,Right,-48.73576150573717,-32.729958319936486,-40.675830463616876,-29.847147489881536,-165.6945933341558,-183.24953128826746,-137.91894070293347,-335.5152719883772
2025-12-12 17:19:53.619024,Right,-52.2641164748311,-31.523575794626595,-36.33420826759084,-31.65008712857616,-170.88103421016422,-184.38049245494403,-134.77571734782396,-329.26467945979675
2025-12-12 17:19:53.623053,Right,-31.391263795875602,-14.473255597883508,-20.96526426613491,-30.886311818748254,-149.6198686243024,-172.0410480077844,-144.53750199666138,-298.6173032765255
2025-12-12 17:19:53.628060,Right,-24.877652733279206,-13.2913526558807,-23.087322529155472,-28.698176451521704,-140.61868226413844,-168.21032037358418,-147.92078695653436,-299.024795780133
2025-12-12 17:19:53.632071,Right,-48.050547794923204,-32.35067315527016,-41.360700769541836,-31.84861760680178,-170.9683745672446,-191.64082219107513,-147.96642318104568,-349.93589839294145
2025-12-12 17:19:53.635067,Right,-66.35813705232977,-41.80834231060635,-48.837409459732044,-41.71473896492989,-214.59164502120257,-233.08919310978672,-172.50466971497372,-417.1322271056124
2025-12-12 17:19:53.639183,Right,-55.251102365113184,-30.535808775252917,-39.59629970400238,-47.83591191485539,-222.76124580844044,-251.91738003068895,-205.4419628825708,-439.85145903291414
2025-12-12 17:19:53.643093,Right,-40.68043209520147,-23.606423619464294,-35.50084760247046,-43.212019874370526,-194.56123608168855,-228.74909562632092,-198.2069457339967,-402.63701597461477
2025-12-12 17:19:53.647149,Right,-51.33715757331811,-35.69473684153854,-45.82476022763876,-38.01373352887822,-182.72826358304883,-206.5006676294288,-164.40677982076886,-372.99139754782664
2025-12-12 17:19:53.651162,Right,-70.31054024399418,-46.62319204923733,-53.9940931687961,-44.670766453902615,-217.1355302468437,-235.27091515727807,-174.36347174760886,-420.56726354837883
2025-12-12 17:19:53.656170,Right,-68.91247657874555,-40.290146957089746,-50.25661495899112,-56.273689982619544,-258.5260200585617,-289.58300981114735,-232.23562411898456,-506.85291426166077
2025-12-12 17:19:53.660156,Right,-56.29252079369326,-32.31033927483804,-46.70022704832445,-56.24968901130342,-256.4646748702362,-298.4977869281429,-254.16967180652136,-525.8927282598452
2025-12-12 17:19:53.663156,Right,-57.63962905797234,-38.05161315621808,-50.94829761846995,-45.63304798502577,-224.6922285160108,-256.71541499739396,-207.88216259737965,-463.5870003112359
2025-12-12 17:19:53.667181,Right,-68.14642550398275,-44.71453773731264,-52.84341154280264,-42.07091039945226,-218.41309093724703,-237.80253079751856,-175.83568618580466,-429.6192049566307
2025-12-12 17:19:53.671129,Right,-67.48779904560797,-38.79300084982606,-47.927284372857685,-51.316367123257805,-251.26650703366613,-279.47569533335627,-219.50270210244344,-492.9651157230837
2025-12-12 17:19:53.675227,Right,-60.79243455688993,-33.28739987283916,-48.21857048224774,-58.87940702003107,-280.16776411645696,-324.73447412563837,-273.76568725836114,-573.5679706346127
2025-12-12 17:19:53.679248,Right,-66.15533053104446,-41.7211127704868,-57.48176717505703,-54.84194179224869,-273.8118803993566,-314.74510991366697,-257.6663751259912,-567.3458399033407
2025-12-12 17:19:53.684229,Right,-76.4088608315069,-50.1970605241695,-60.73148476188362,-49.00251378492976,-254.23081830711453,-279.6597289154015,-210.49894500040682,-506.41113904776284
2025-12-12 17:19:53.688268,Right,-72.54201608202857,-43.33676685587852,-52.239861288355314,-52.59886757235654,-256.22958431733423,-282.98560477618594,-218.9767255941406,-500.46410667768214
2025-12-12 17:19:53.691237,Right,-63.17657607203,-35.283662797861325,-49.239912315955735,-60.26870402949862,-278.2442519891192,-320.85724548686994,-269.3600217170606,-564.1485197500442
2025-12-12 17:19:53.695268,Right,-70.47667999461555,-44.30302789261623,-61.18846124249103,-61.54305396226846,-294.3113438113651,-339.5316142523079,-281.22621095657814,-608.3618508697837
2025-12-12 17:19:53.699355,Right,-85.9602625052139,-56.82497059147863,-69.87750633438554,-58.23768637039757,-293.28633475798415,-325.42335580376675,-249.50179959271918,-588.4380123513984
2025-12-12 17:19:53.703286,Right,-82.61080960575782,-50.535998521445435,-60.53280588180496,-58.07943903902924,-285.3514385598246,-314.30768092360813,-240.97192730964161,-558.7402984605869
2025-12-12 17:19:53.707340,Right,-65.51372329470178,-36.27152733797993,-49.558060646821104,-60.31615943784709,-282.43639027135214,-323.73138521413784,-268.7832954765763,-569.5620607817546
2025-12-12 17:19:53.711362,Right,-65.83098854824493,-39.97393396052212,-56.67423033154046,-59.97713553388894,-288.6146150305867,-334.5736937089241,-279.47840806635213,-598.5320670221699
2025-12-12 17:19:53.715348,Right,-84.75552693252394,-55.579837030760245,-69.8685686678291,-59.05084467431152,-301.06711584777804,-336.5873061064631,-260.96094567817636,-609.8834811204579
2025-12-12 17:19:53.720361,Right,-89.67657095423783,-55.33412410951132,-66.5649674617598,-61.38928707670857,-309.41616679367144,-340.8314674143912,-259.6268684929237,-609.5011715098517
2025-12-12 17:19:53.723345,Right,-72.07831731157785,-39.69951844831667,-53.29923526283528,-62.888672853463504,-303.7180694779381,-346.0060180443106,-282.9968731041299,-610.9523283932358
2025-12-12 17:19:53.727396,Right,-62.812670640065335,-36.03847834976477,-52.93917504626006,-58.71752030511561,-291.0738895080867,-338.64077471575,-283.9124296294758,-606.1254444000078
2025-12-12 17:19:53.731403,Right,-76.71288459266361,-48.91938081994158,-63.80637470988586,-54.347995775635354,-291.08877069939626,-328.19814700382994,-256.83754774264526,-597.9367989756865
2025-12-12 17:19:53.735405,Right,-87.14760527340695,-53.147802924751886,-64.73235632610158,-57.16368925868301,-306.70935302448925,-337.79257461387897,-254.96558130264748,-609.6570838990156
2025-12-12 17:19:53.739437,Right,-75.73109195154393,-41.058917896945786,-54.68343389473739,-62.59332019089197,-316.4659783842508,-358.32062395161483,-288.63257656787755,-636.2913070152281
2025-12-12 17:19:53.743407,Right,-65.03451500883966,-35.974944556408445,-53.435635519301286,-61.44214059099613,-307.1274427001481,-357.00118841492804,-299.3117430951097,-638.4003948692698
2025-12-12 17:19:53.746425,Right,-75.51828882010886,-48.004531925267656,-63.87749990535667,-56.430483640448074,-295.5390698116971,-335.46396899118554,-266.51960329833673,-610.074623677996
2025-12-12 17:19:53.750431,Right,-87.94923803418351,-55.32172517346771,-67.03189160926559,-57.50504410213034,-301.32687747792806,-331.541265108448,-249.8616133191972,-599.0503305109451
2025-12-12 17:19:53.755467,Right,-80.10445122161764,-45.15804905900586,-57.99348587649001,-63.649362130934605,-315.07778411294566,-354.1070731128566,-281.88380534847965,-628.0687258292455
2025-12-12 17:19:53.759464,Right,-67.8112894743681,-37.17182051198324,-54.58073653516476,-64.2575127659511,-315.35261126596015,-365.8358417971176,-306.5781214177259,-651.6479155820562
2025-12-12 17:19:53.763475,Right,-74.0732291667955,-45.88176358336932,-62.97203126594832,-57.93585829164658,-303.9825850118068,-347.565704752109,-279.72548949340126,-631.4534185833763
2025-12-12 17:19:53.767440,Right,-85.6115700899245,-53.45009342340927,-65.91968444648955,-54.914820037869504,-299.7197525188676,-330.80868943803944,-249.06938832293963,-601.6538894333644
2025-12-12 17:19:53.770492,Right,-78.826046936083,-44.07495684497553,-56.103355672050384,-59.051247977185994,-305.40149371291045,-341.2873418898089,-267.23407104529906,-608.8055407172069
2025-12-12 17:19:53.774528,Right,-65.58215786486107,-34.77993561389303,-51.24134919793869,-62.00813633769576,-307.29328798514325,-355.96830015891464,-297.47068889741786,-633.5051782097435
2025-12-12 17:19:53.778507,Right,-71.56736557280237,-43.867366266975296,-61.34956098240218,-59.19203534825647,-302.86027407605434,-348.441574205237,-284.1316011599847,-630.7912625292083
2025-12-12 17:19:53.783527,Right,-87.18229295576748,-55.80317800100602,-69.06112602885696,-57.4026973778964,-303.07111820136197,-335.6560087824473,-254.5867991989944,-609.9076819132315
2025-12-12 17:19:53.787527,Right,-83.81908912758809,-48.97416484278074,-60.64571697897918,-60.66686830972321,-307.4706968963146,-341.35862553457264,-264.09689885220723,-608.9146085293032
2025-12-12 17:19:53.791499,Right,-66.60880344932957,-35.47283973261801,-50.95429952653649,-61.94857272072113,-303.11392357118893,-349.5396681187558,-290.60185353201814,-620.0709772281116
2025-12-12 17:19:53.795505,Right,-65.70730917010223,-39.103254465720966,-56.36362810402352,-57.05768964790332,-291.5233347261674,-337.4516799240955,-278.4695296579739,-609.6606086136308
2025-12-12 17:19:53.799556,Right,-81.63790927808441,-52.2683460800763,-65.74947961793805,-54.1598460162204,-290.51785208284855,-323.40314336068695,-247.00904474052368,-589.7783279840369
2025-12-12 17:19:53.802576,Right,-85.2434859629575,-51.0665205403493,-62.23063092662778,-59.40633534140943,-302.26118331437465,-333.97668831743067,-255.62585660023615,-597.6901320264442
2025-12-12 17:19:53.806602,Right,-71.39904667963856,-39.496057614160236,-54.0786436352646,-64.66365665316698,-305.5532238324522,-350.0846717727836,-289.14642724220175,-618.5013323890744
2025-12-12 17:19:53.811596,Right,-66.83748727473721,-40.55709413182922,-57.657441915842355,-61.15858106286032,-290.9873758655158,-337.6774072237313,-282.0482735383557,-604.671558837872
2025-12-12 17:19:53.815630,Right,-79.22627001609362,-52.21413549481076,-65.84792613140598,-55.016277573944535,-278.5503926248057,-311.63915523304604,-241.1339995827293,-566.199476490845
2025-12-12 17:19:53.819635,Right,-83.50120775865798,-51.3945545804454,-61.770768507762114,-56.19742695068999,-284.58826444810256,-312.9330287660123,-236.71249823272228,-561.3926915546181
2025-12-12 17:19:53.823626,Right,-69.92941131955013,-38.080566474221996,-51.39314257311344,-60.84035602415679,-294.2688012878061,-335.2996514055412,-273.7617695374065,-593.4440743017476
2025-12-12 17:19:53.826605,Right,-62.617932078719605,-36.029531338150264,-52.885737652512034,-59.03196541090438,-287.08939407451544,-334.29026860988233,-280.7352028852911,-598.6809605947929
2025-12-12 17:19:53.830652,Right,-74.05299551179633,-48.51586496987147,-62.5767549364391,-53.327237159290235,-270.9384771300829,-305.4552041061688,-239.64852211030666,-555.9000834112521
2025-12-12 17:19:53.834655,Right,-81.87284669821383,-52.30889639760426,-61.93146616031299,-54.04226631230267,-267.350713790569,-292.6582107566064,-219.65383206802653,-525.8695551038254
2025-12-12 17:19:53.838698,Right,-71.29231266608986,-41.12279664330708,-52.49446455956786,-60.21699361708306,-276.01613662892487,-311.5749526680447,-251.94141794915777,-548.2802130940836
2025-12-12 17:19:53.843682,Right,-62.52076590700017,-36.72434954435448,-52.55340257709031,-60.996298450641916,-278.21932788734557,-323.8024994900916,-273.98639293928863,-574.6674262131564
2025-12-12 17:19:53.847694,Right,-71.40621926046151,-46.979853128505056,-61.54877979870071,-54.521814430947416,-267.9531511150999,-304.3686147540575,-242.8953784389887,-551.9630052532302
2025-12-12 17:19:53.851722,Right,-78.31571776626515,-50.32475232568686,-59.99024909466971,-50.21760212929803,-256.81871079531265,-281.2192936767824,-209.8224290823564,-508.7507082383381
2025-12-12 17:19:53.854726,Right,-65.30695963303151,-36.69374372441962,-46.436195247311844,-51.72210742646712,-251.94554548687302,-282.43311293644365,-224.05120871408144,-500.2901408051839
2025-12-12 17:19:53.858834,Right,-51.99087788633187,-28.05203809044906,-42.15836997136648,-52.13532189480611,-249.4106923911604,-291.2612240019953,-247.0611000910285,-518.0155260151951
2025-12-12 17:19:53.862759,Right,-60.58905217213032,-38.486262047474156,-52.77345587646414,-48.34966975644056,-247.13180125236977,-283.66331549570896,-229.57736895774724,-516.3371342268074
2025-12-12 17:19:53.866770,Right,-73.60159664804814,-47.33791805157671,-57.11989204843121,-46.195882911080844,-246.02686400938546,-270.1631259552669,-201.20349734521005,-492.4669611584395
2025-12-12 17:19:53.871776,Right,-64.44175438462116,-36.46748297632439,-45.16312521279906,-47.82853661266563,-241.0347782347235,-267.9846440211404,-208.48217144299997,-477.2600690171821
2025-12-12 17:19:53.875754,Right,-46.53974906310032,-23.743490512220887,-36.239566565694986,-47.16220242479176,-228.53199896705337,-266.5426897655707,-225.96462006139336,-473.47015873051714
2025-12-12 17:19:53.879811,Right,-49.84801140463969,-30.649931051157182,-44.17525388850481,-42.57265972321329,-219.03832228161627,-253.98171729559544,-209.21667001309106,-462.47128292929847
2025-12-12 17:19:53.882811,Right,-66.49858261940244,-43.245300141585176,-52.81732533973991,-41.37340499855054,-223.48474499519216,-246.12768159387633,-183.45812050194945,-451.00327320210636
2025-12-12 17:19:53.886860,Right,-65.08204858777754,-38.0501461790991,-45.9315036417247,-45.78286904509878,-230.7437501878012,-254.57097692857496,-194.52706473256694,-454.4141212255927
2025-12-12 17:19:53.890814,Right,-47.462322260194924,-24.71322813552979,-35.964969502194435,-47.092838057360495,-221.20924336957978,-256.7119009574526,-216.35192771925358,-453.3563529002713
2025-12-12 17:19:53.894864,Right,-44.216257373511326,-27.10351291221741,-39.819243880250724,-41.05529694115103,-200.6339126364328,-234.85264988639392,-197.14460796641652,-424.6005596516188
2025-12-12 17:19:53.899045,Right,-58.340281984739704,-39.03583480344969,-47.925040733010974,-36.63595288373472,-194.42157533520367,-215.1561026017298,-161.10920514393365,-395.2174326215172
2025-12-12 17:19:53.903868,Right,-61.10305559360131,-36.713080381654436,-43.310093261054135,-40.3788760863099,-205.91042953822762,-225.2792192887864,-168.4095813111635,-403.7817900539376
2025-12-12 17:19:53.907857,Right,-45.77943230327219,-23.357968321128283,-33.347957690421026,-44.019237966582295,-208.8431650493294,-241.03601921134396,-201.14200748421717,-425.22434232989326
2025-12-12 17:19:53.910893,Right,-38.92678439608426,-22.566554026532685,-34.97990856254182,-38.956624978847685,-190.22669773799134,-224.48221711959923,-191.10718676412944,-404.6002273767954
2025-12-12 17:19:53.914898,Right,-50.12214760565257,-33.907910238660406,-42.62452553106414,-32.08282611271716,-172.13767322094645,-192.13011389347957,-145.4030996822985,-354.6463160701096
2025-12-12 17:19:53.918909,Right,-55.037482486324734,-34.2457014953543,-39.37878750360687,-33.70299492479535,-174.91750882269116,-189.21898765454534,-137.3394800965325,-341.27296675753314
2025-12-12 17:19:53.922958,Right,-42.06423657250707,-21.533285004406935,-29.4345066385431,-38.991153462353395,-184.33025886083487,-210.99820235563675,-173.8991541013238,-371.1938249573577
2025-12-12 17:19:53.926970,Right,-33.68178541082307,-18.384545441076625,-29.93482241840684,-36.65914880586206,-177.13101160689257,-210.39156011102023,-181.62600615853444,-377.3696125393035
2025-12-12 17:19:53.931970,Right,-43.06278664476122,-29.031563278964313,-37.88180188102706,-29.01887491819798,-158.79704427940305,-179.51822085143067,-138.80229803471593,-332.59477161359973
2025-12-12 17:19:53.934956,Right,-48.977325332904,-31.232896433190035,-35.438902504974976,-27.344819560763426,-150.70452560886042,-161.50558362988522,-113.7557756700553,-294.88552635349333
2025-12-12 17:19:53.938971,Right,-36.62401691824198,-18.612960344282328,-24.222895922735916,-31.776216287209536,-154.16210895089898,-174.416470695287,-140.82406994042685,-306.98759071785025
2025-12-12 17:19:53.943000,Right,-26.47468625046895,-13.22230473098898,-23.163285905116936,-32.00244554222445,-152.94613624474732,-183.167713780771,-160.70771047193557,-326.7081684996374
2025-12-12 17:19:53.946985,Right,-35.6684399927035,-23.974018970016914,-32.755705980132916,-26.146749698833446,-142.9350584417116,-164.32372084696544,-130.54165924381232,-304.61802318156697
2025-12-12 17:19:53.950997,Right,-44.70425912689825,-29.21160724202491,-33.1320176221634,-23.190316047039232,-134.74031682580244,-144.1054814091185,-99.30538048880408,-266.1532402068842
2025-12-12 17:19:53.955041,Right,-33.41810652179993,-17.041469040239463,-20.92047179499059,-25.93367067912186,-131.39490097528324,-146.53246769530233,-114.15807053871686,-258.7767354751704
2025-12-12 17:19:53.960015,Right,-19.667694646137534,-8.291162620960677,-16.41085133801971,-26.72779740023543,-125.99028169747908,-152.2404486297164,-135.47055116522824,-269.6017508817604
2025-12-12 17:19:53.963022,Right,-27.18016325274948,-18.351230237392883,-26.609137122912216,-22.770277575633372,-119.13500884646783,-139.7995580030256,-115.02292669226881,-258.5299027947476
2025-12-12 17:19:53.967039,Right,-41.094851793386624,-28.293631197513605,-32.02975167625118,-21.143110222241376,-117.68466974340845,-125.63104791106889,-85.90279066725634,-233.1633647986455
2025-12-12 17:19:53.971072,Right,-34.536814600462094,-19.4544892970589,-22.11473308489076,-24.484225159307243,-117.65696076030144,-128.48705593816703,-96.64683124888688,-226.24052920436952
2025-12-12 17:19:53.975053,Right,-18.086213951100945,-7.785640849797346,-14.286492908649961,-25.390201963411528,-109.00203996093478,-131.36454950505868,-118.00241968873888,-229.07969936565496
2025-12-12 17:19:53.979133,Right,-20.360740150834317,-14.182780254086538,-21.62199418625096,-20.62161019067571,-96.39103316218825,-115.61528558080317,-99.5616051547695,-211.90958121733274
2025-12-12 17:19:53.983158,Right,-35.28617953283538,-25.886593425704632,-29.068731501305592,-17.889945828006603,-94.04278301110025,-99.92374670336721,-67.44862168742111,-186.8904135155026
2025-12-12 17:19:53.987094,Right,-33.599594048268045,-20.473282668972388,-21.759692611420178,-21.486720148008317,-99.50641816278221,-105.7584527398576,-75.70400933397468,-186.16269853932317
2025-12-12 17:19:53.991089,Right,-16.83403402096883,-7.290523302122892,-12.177915153981303,-23.46706135207205,-95.12904351158068,-113.63008850981714,-102.09347754396731,-195.45525234821253
2025-12-12 17:19:53.994080,Right,-13.622867970800144,-9.322530839694082,-16.070321720908396,-17.82916708702396,-78.60052201186772,-96.82837542577181,-87.50098382885335,-176.04936505644582
2025-12-12 17:19:53.999081,Right,-26.165268584169098,-20.1176554229678,-22.992890511319274,-11.928249426171533,-68.35183619579766,-72.75670509878546,-47.831867724715266,-139.70733424904756
2025-12-12 17:19:54.003160,Right,-26.93025913303427,-16.41129531965271,-16.50782855824218,-13.400807917394559,-71.92121914040763,-73.56289180193562,-46.861607598897535,-132.31153464596719
2025-12-12 17:19:54.007199,Right,-10.856871360301739,-2.258468431631627,-5.527634089834464,-16.327370541970595,-72.9423905016738,-87.02115055761533,-77.59942509420216,-149.65522397356108
2025-12-12 17:19:54.011213,Right,-4.834624405484647,-1.6739191692395252,-7.765068542168592,-12.375434676279838,-60.385733620554674,-77.71864384395303,-74.05265161389252,-141.9620435233228
2025-12-12 17:19:54.016216,Right,-17.129610194897396,-13.680851252691355,-16.511218416497286,-6.3803178512025625,-47.69792572152801,-51.66156709979987,-33.58553879050305,-103.76342670770828
2025-12-12 17:19:54.019218,Right,-22.04128238573321,-14.24013574019773,-13.328331253353099,-7.47696619672206,-48.08307933289325,-45.60182681697188,-22.378403495822567,-85.01164942863397
2025-12-12 17:19:54.022222,Right,-8.488481444961508,-1.5123212190082995,-2.9163060183054768,-12.361049386890954,-51.5744887526962,-60.29689681122545,-53.16486517188605,-101.22317556466442
2025-12-12 17:19:54.026216,Right,-0.9741662027518032,0.6019626432171208,-4.448816718788294,-11.598630920772848,-44.55220252368599,-60.07756413402967,-62.14339191510226,-106.2676826211391
2025-12-12 17:19:54.031244,Right,-13.282152429586858,-12.406432694704563,-15.241211625398137,-6.798506795996218,-34.08768014359521,-38.30573216296034,-27.2177052226034,-76.62127447151579
2025-12-12 17:19:54.035251,Right,-21.86601940370747,-16.50865891973808,-15.01236354874709,-6.814413801723276,-32.839106113126036,-27.7045514662168,-7.53180667309789,-52.01936012704391
2025-12-12 17:19:54.039275,Right,-9.25997358285531,-3.513220383269072,-3.248219855107891,-10.646472826549143,-34.582415959448554,-38.32748903270112,-32.1708832483273,-60.074701798381284
2025-12-12 17:19:54.043295,Right,3.457880828224006,3.859365188560332,0.04944486595195485,-9.161414435766346,-26.453727521758992,-39.4927218464436,-46.39245439969818,-66.285854768008
2025-12-12 17:19:54.047294,Right,-4.133103355852654,-5.665006355106016,-8.389238141338865,-2.3149170224933187,-13.981788378179772,-18.236423563503195,-14.82764768548077,-40.555144015466794
2025-12-12 17:19:54.050299,Right,-14.02206876371929,-11.24779041371221,-9.398069155955454,0.43127376017946517,-11.083020853315247,-3.8596865407307632,12.144016139849555,-13.748623225372285
2025-12-12 17:19:54.054275,Right,-3.9028022912098095,0.5376846482104156,2.261087414692156,-2.693833940407785,-13.75767290298245,-12.756640206149314,-7.218205518584,-18.72783867060207
2025-12-12 17:19:54.059323,Right,10.488657993009838,9.91862194002897,7.453045573369309,-3.1380100024834974,-7.595295155158965,-17.709852194529958,-28.084329303150298,-28.064441910304595
2025-12-12 17:19:54.063325,Right,4.149938991969975,0.3133598312706454,-2.145162413493381,1.358564581554674,4.446383938979125,0.33372660615714267,-3.6807098809513263,-6.379277942411136
2025-12-12 17:19:54.067346,Right,-10.57503878956777,-10.704414098057896,-8.573925251504988,2.4249336481661885,6.61566152627347,15.507505610468797,26.310971221653745,21.355687254399527
2025-12-12 17:19:54.071359,Right,-6.439376955197076,-3.5870539401075803,-0.5171606410949607,-2.6264293154890765,-0.04488927323836833,5.449776122521143,10.117119270114927,15.865077017864678
2025-12-12 17:19:54.075379,Right,8.886368481929821,7.739440083536465,6.6838719384904834,-4.592807397479191,1.9710629150795285,-5.094912040774943,-17.586608313402394,-0.6724121001898311
2025-12-12 17:19:54.078385,Right,8.170183029957116,2.843600594671443,0.6940700520717655,1.3722889022465097,15.827701388625428,11.581578702462139,1.3697741687356029,17.196350798476487
2025-12-12 17:19:54.082337,Right,-4.1727811352175195,-6.79760274857108,-4.561540130081994,6.811355031532003,24.885990762879374,34.747319476504344,40.08069135528058,53.94366369966883
2025-12-12 17:19:54.087390,Right,-0.9873799146880629,0.13653601122132386,4.393487399385776,5.110039369443257,22.342309632513206,32.31174130048021,35.374911604390945,59.448762786516454
2025-12-12 17:19:54.091358,Right,15.812124592972395,14.035375084771658,14.454827163106529,3.0318268883493147,22.097977393481415,18.862151776556857,4.386954379879171,39.67650153365685
2025-12-12 17:19:54.095437,Right,18.2119656311188,11.714916593944508,9.86807503017917,7.540747560626187,32.3511277884827,28.036611761839595,12.208920978649985,45.357292644970585
2025-12-12 17:19:54.098446,Right,4.44249954206316,-0.4220152027628501,1.5581524724257179,12.60349164307263,41.28237227903446,50.815000759699615,50.964707827108214,79.60187265678542
2025-12-12 17:19:54.102439,Right,2.4042648758768337,1.693473801471555,6.778398289756296,10.522811367136455,39.93072122131707,53.293933863635175,55.22587679096614,93.78447641519597
2025-12-12 17:19:54.106462,Right,17.49205095069192,14.925677570943662,16.93658946994765,6.393083620710968,38.24480455450248,39.2847971667652,23.796366295660846,76.8508871338563
2025-12-12 17:19:54.110415,Right,22.603727520545362,15.045508243041695,13.838263748544705,8.666446494080446,45.268273787689395,41.71403757101507,20.75543708098121,73.02584598999238
2025-12-12 17:19:54.114516,Right,9.254068870155606,2.4275120284692093,4.109116671392258,13.75864811919746,52.53996645583538,61.31274086350459,55.86950273672119,99.20524380117422
2025-12-12 17:19:54.119480,Right,3.9005906111196964,1.6240828346999479,7.17255548162575,13.305981099510973,51.75454464823997,67.39376397253363,68.24117147330253,116.99192355963169
2025-12-12 17:19:54.123500,Right,18.529329703163967,15.400316126299003,18.92366955603211,9.888988552633236,51.35448358010035,56.52533765879343,41.26602235615428,106.9542979078833
2025-12-12 17:19:54.126520,Right,27.846548716253892,19.264421456500713,19.025595892708225,11.650432615992031,59.5122297344642,57.50141286835424,32.26412108122895,102.74252434037044
2025-12-12 17:19:54.130521,Right,15.995259003248066,6.903433920433599,8.456438865519885,16.437732414822676,66.72932758905517,75.03308394319902,63.15008639106236,124.02023393969284
2025-12-12 17:19:54.134526,Right,5.959854240038112,1.8215960171764891,7.515439484912349,15.780440041966358,63.24220386661182,80.60867069270171,79.38165630078583,139.06585006151
2025-12-12 17:19:54.138497,Right,16.948381458387303,13.584055823614108,18.19447362524079,11.212594585245824,59.10625221936789,67.97634580859449,53.91744439957256,127.75849874355481
2025-12-12 17:19:54.142556,Right,29.04943555754653,20.314739459536213,20.93911754176588,11.814923956320854,67.0190071761026,66.63720482442295,39.16297241310531,122.30013966042316
2025-12-12 17:19:54.147580,Right,20.707939414132852,9.874821570634595,11.4237635759564,17.256421106012567,78.04202030491433,85.91827245363675,68.13906346046133,145.5560858171375
2025-12-12 17:19:54.151605,Right,8.88852973603207,2.588410990585544,8.524805127854052,18.259156255262496,76.59153286817309,95.47115062896046,90.99687671843276,164.42908562652883
2025-12-12 17:19:54.154586,Right,17.14248357172255,13.095087202091236,18.848095061555796,13.951575067227168,69.11379281335394,81.57482375654217,68.06280180078465,150.78858871929697
2025-12-12 17:19:54.158613,Right,31.51502885550508,22.835449389538553,24.341929920532493,13.680316932905043,73.44601717963815,74.58270945161348,45.75997594270302,137.37850392484688
2025-12-12 17:19:54.162636,Right,26.660775817283138,14.688424907453737,16.052309452450572,19.511439110936408,86.70909284043591,93.6026547181682,70.94589869245101,159.53245181243983
2025-12-12 17:19:54.166649,Right,12.980217663962321,4.754757997454362,10.559845270536243,21.776535580138443,89.7324968768371,109.49855171841773,101.82794085554633,187.28609652990417
2025-12-12 17:19:54.170640,Right,16.530610209476436,11.719497300502553,18.356555922789994,16.34825693943094,80.62012035991211,96.71694342340925,83.65517975526745,176.95822015624435
2025-12-12 17:19:54.174680,Right,29.925132938220486,21.58722616775958,23.960065934463273,12.264159533597194,77.59898745676037,80.49206430195773,50.92109608733881,151.6994312875031
2025-12-12 17:19:54.179754,Right,26.71429362454728,14.287861564647756,15.450383073584817,15.671433906994935,86.84496449976723,91.99651790547068,65.20497598587099,161.9024277823628
2025-12-12 17:19:54.182671,Right,12.025643912920714,2.1867264378197433,7.784126330970139,19.329582644754737,93.21297831786069,112.45133992499177,101.94900023678929,194.720628658426
2025-12-12 17:19:54.186696,Right,13.687596942561868,7.68943553418012,15.423803272710757,16.5307809374317,88.70007061174692,108.08143194803415,95.94845280768277,197.47858479541173
2025-12-12 17:19:54.190732,Right,29.897750921639272,21.300194276828734,25.094423641606227,13.375014019556147,85.72333670027001,91.30800770096175,61.625919710000744,172.62194433627155
2025-12-12 17:19:54.194657,Right,31.874259970896674,18.818892512013008,20.034712805224444,16.944818155849134,92.80794113689626,96.52685058785573,65.46165144489169,171.52963549651759
2025-12-12 17:19:54.198690,Right,17.23971803575705,6.04330399639457,10.907475426550263,21.81990857339906,99.32780549440031,116.82918128640813,102.68839234778898,200.6013176685483
2025-12-12 17:19:54.202753,Right,14.321607696230785,7.593875290941924,15.626095819108741,19.996724671869742,96.36343983865027,118.09720289282177,107.08256105625333,211.8360048777904
2025-12-12 17:19:54.207796,Right,29.0897161801297,20.758922703936378,25.707956078144434,15.46741720776754,92.88320663506966,102.04382863509682,73.84468932646132,191.6489937271399
2025-12-12 17:19:54.210759,Right,33.99811356028175,20.689695253664013,22.1555715150854,16.505824884665344,97.55573430781442,101.16971882725011,66.7917005073823,182.99440731718641
2025-12-12 17:19:54.214783,Right,19.80731176564086,7.272009617135154,11.377455102286888,20.687377252751332,102.4241358905092,117.8802754406006,99.19041988487515,204.2299011095347
2025-12-12 17:19:54.218791,Right,13.53967834049763,5.980252260932275,13.962148296126315,20.569509863987264,99.64767834048325,122.31718839650057,111.50406365411072,218.06801320923478
2025-12-12 17:19:54.222805,Right,28.63280875634564,20.800249799501444,26.816960443964035,18.3467993696529,97.92067577488342,110.20684653794524,84.55513913647155,204.52526171547652
2025-12-12 17:19:54.226816,Right,39.728293405913064,26.632005666192754,28.732802663866096,21.1531535534059,105.58382948570215,109.88845638935163,74.00683312171168,197.14814489277342
2025-12-12 17:19:54.230832,Right,28.842594232553893,15.068540661884072,18.754765869802668,26.151324809106427,112.47497956101142,126.33009830295487,103.25051542548317,216.08484350766958
2025-12-12 17:19:54.235859,Right,17.46257689795584,8.701429885262769,16.534288531347556,24.6395142818983,107.16255927525344,130.13336806430016,118.38483189539693,228.13713548753003
2025-12-12 17:19:54.238796,Right,26.000806949957223,18.490379707746342,25.305165900169413,18.4358834567156,99.00596681841125,113.62487706585671,90.39605229200242,210.69633571429586
2025-12-12 17:19:54.241808,Right,36.742520591582434,24.283549737355315,26.926431428164506,17.583625634320924,102.64599459307647,107.39229339535814,71.36277484896709,197.19429214764386
2025-12-12 17:19:54.246872,Right,28.468940594315427,13.964608472112559,17.2113810997389,22.650391663149094,111.73651271914423,123.91591981951206,97.50896293464757,215.37162052994245
2025-12-12 17:19:54.250886,Right,16.721835293399636,6.741832247126695,14.290742714697444,23.98428693657206,110.34926313289179,133.40028563066153,120.57647686186101,233.62367937207455
2025-12-12 17:19:54.254905,Right,24.127979243443406,16.668711621050534,24.15441416223257,19.384282811439334,101.85883510877466,118.62236766189017,97.53387755584845,218.68353875898174
2025-12-12 17:19:54.258921,Right,37.18060961064839,25.480494107285267,28.66729149202729,17.778418301430065,102.53281245923426,107.42743181213882,71.67610224449163,198.6866439692385
2025-12-12 17:19:54.263918,Right,31.311284979723496,16.538190043722352,19.311993702891414,22.394280273765617,111.6480417632556,121.39095613705285,92.28529794346832,212.13458877296944
2025-12-12 17:19:54.266941,Right,17.41110789173763,6.466713338843874,13.555727026117893,24.803637576258552,113.07294004889263,135.43199779413408,121.94360954207514,235.83121541247237
2025-12-12 17:19:54.269944,Right,22.011406954528866,14.609783882571719,22.651385254766865,20.881601346665775,105.13687448695418,124.1228075108811,105.71133411213668,226.91970491068787
2025-12-12 17:19:54.274958,Right,37.511609383975156,26.761622724539848,30.544357100612615,18.661438913855818,103.42549958264863,109.06111188024806,74.08375285063084,202.4343929802708
2025-12-12 17:19:54.278981,Right,35.7379476768765,21.09174502560927,23.349994094827707,23.115187249335577,111.56827108217112,118.77601021945884,86.6532943505008,208.09137597552035
2025-12-12 17:19:54.282985,Right,20.210494067461696,8.466595809635692,14.824146646376903,26.393450463086992,114.48814418220718,135.4687402081181,120.58942145016044,233.4332274440094
2025-12-12 17:19:54.286990,Right,19.678023877670057,12.19393644750744,20.62337276353537,22.24559223786673,106.54034696050803,127.9686481601093,112.60506929788971,231.16409587979433
2025-12-12 17:19:54.290041,Right,34.72003233045689,24.865173238826173,29.394158586446792,17.920695324415647,101.98687377676833,109.71460864211258,76.94471044914098,204.9570677660522
2025-12-12 17:19:54.294030,Right,36.937132354647474,22.560343869625285,24.37895153770296,21.058432498350157,108.43420785437047,113.75518393861421,79.13158515866962,202.3828312343394
2025-12-12 17:19:54.298029,Right,22.097674023701984,9.599163795146524,14.849611602930963,25.67323818652767,112.92630121103139,131.45394803861564,114.1431471555261,226.47922998087597
2025-12-12 17:19:54.302061,Right,17.785815889466903,10.135919721546088,18.49109209139715,23.15224737297649,106.30321345120319,128.92377286951523,116.0679801798833,230.67213544991682
2025-12-12 17:19:54.307291,Right,31.43958401028067,22.583279903032235,27.902606529007244,17.7921231959117,99.96233833717997,109.97272229012742,80.71499547480198,205.63678894133773
2025-12-12 17:19:54.311081,Right,36.34552291325963,22.496028480043606,24.30035708738069,18.38517692759706,104.05246974005422,108.28782924801635,72.52586980623892,195.8556268857792
2025-12-12 17:19:54.315142,Right,21.832763703900127,8.573700757511688,12.915823180690495,22.044767240906367,108.48978795793664,124.37081172406033,104.09084159403574,216.08597423613537
2025-12-12 17:19:54.318143,Right,13.592181117870496,5.517137442331659,13.665045665173238,20.33711505058818,102.40052796923555,125.34934566963057,113.7214003286208,224.50721148052253
2025-12-12 17:19:54.322142,Right,26.037525944713707,18.237831834932877,24.3259258261387,15.652668905604514,95.1710167779529,107.29493176273536,81.78873640626261,202.0006703955296
2025-12-12 17:19:54.326091,Right,35.61089980430552,22.86928302544038,24.865250123290025,16.772423128564697,99.16531442607811,102.7680960886646,67.35109423781978,188.29618977746577
2025-12-12 17:19:54.330153,Right,24.685437574506068,11.21411044330489,14.673882054928981,22.04657612882511,106.27938391642238,119.48894436088449,97.01817713635683,207.24031248121173
2025-12-12 17:19:54.334155,Right,14.064259470644174,5.630535343163501,13.248520923720207,22.04047971633554,102.49807964374486,125.29489798164286,114.64174457763147,221.39077836443903
2025-12-12 17:19:54.339238,Right,23.621440137256286,16.78022246038381,23.326028151899663,16.846293082169723,93.580679992956,107.81388119477197,86.01575589022832,201.31148171474342
2025-12-12 17:19:54.343131,Right,34.905652031153295,23.45337534693317,25.587974275720626,15.735279046493815,94.12669725919841,97.48058753440273,62.80946513584058,180.51045620103832
2025-12-12 17:19:54.346191,Right,25.73747812948568,12.31158293711269,14.897085935979703,19.91470908541669,100.60164106223965,110.97914282226702,86.28107851662207,193.45408420765307
2025-12-12 17:19:54.350231,Right,11.958278226007678,3.074837421941993,10.119388369388616,20.469896881670138,98.35758867319964,120.43165825892356,110.39220827119425,211.74263370971312
2025-12-12 17:19:54.354242,Right,18.03227696349859,11.864760312028011,19.000972033743892,15.148221540159284,89.05394280662586,105.47884887403052,87.74043074686779,197.0213801403297
2025-12-12 17:19:54.358177,Right,31.466542023870716,21.292334984609624,23.87518108551376,12.751112168894906,87.40081872054725,91.151602299753,58.07372141481028,172.17631603588234
2025-12-12 17:19:54.362241,Right,26.2803775594366,13.145202556061122,14.881651037194388,16.925825924048695,93.7268522663071,101.18658841001161,74.25079174546408,178.56731136067538
2025-12-12 17:19:54.367196,Right,11.565253848428256,2.374833323765415,8.388909892353695,19.422687673650216,93.69667169776221,114.06184431101428,103.84967776028498,199.36864843053627
2025-12-12 17:19:54.371282,Right,14.415052606364043,8.97945700650962,16.272697192482156,15.436625769631064,85.41548603371484,103.57922263848013,90.03802441430162,191.69492095900932
2025-12-12 17:19:54.374231,Right,29.185014004768163,20.523764280642354,23.609789506903326,12.382815170782123,82.76808244298445,87.55001006519888,57.444425903770025,166.46019148713094
2025-12-12 17:19:54.378285,Right,27.932878555635398,15.326353122418368,16.45057657715006,15.699504028183583,88.76225969391817,93.58981172047788,65.1166966787132,166.6276344138605
2025-12-12 17:19:54.382300,Right,12.622416977486864,2.973529163415151,7.848933445096918,18.61050879369577,89.61272458375606,107.15138771699276,95.81678919272963,186.23695728063467
2025-12-12 17:19:54.386319,Right,11.440589840363828,6.384340653248728,13.520710167278594,15.179380755991588,81.10137036665401,99.63376512131072,89.44592386043223,182.78730687557254
2025-12-12 17:19:54.390291,Right,26.06370672598132,18.935993020841124,22.524746263952693,11.718106090436777,77.10982150946802,82.81567500944948,56.55307885140064,158.23240511488984
2025-12-12 17:19:54.395345,Right,28.62778609385714,16.924143760666993,17.754429092590726,14.73534295954596,83.42937001788232,86.37817247063504,57.795992307626875,154.8412662234041
2025-12-12 17:19:54.399364,Right,13.974287624558201,3.9873310307302745,7.898222020598041,18.279947658455058,86.08735072072886,101.0761366575316,88.6950064211851,174.20697893979377
2025-12-12 17:19:54.402353,Right,9.18321879445648,4.215155715575747,11.086767998407595,15.040826036925864,77.16138675442198,95.71686998027144,87.85914581864199,173.6526341039862
2025-12-12 17:19:54.406392,Right,22.74344371227562,16.966332066325776,20.98282580337036,10.556857439158193,70.31163766719692,76.75219355162699,53.69992895348696,147.76028646584018
2025-12-12 17:19:54.410333,Right,28.900106070293987,18.279137556681235,18.925831814922276,13.386693954860675,76.18551224008843,77.47613853836083,48.88050507297157,140.35345035154023
2025-12-12 17:19:54.414402,Right,16.318397834074858,6.138332285960132,9.182035725443711,19.057332525804668,82.5550572390639,95.4297378200863,82.2997355555708,162.1345166793035
2025-12-12 17:19:54.418427,Right,9.322901160441688,4.301142798060027,10.85443583414235,17.82878785740104,76.22127827382064,95.4473344120488,90.39047422954172,168.48499565329985
2025-12-12 17:19:54.422378,Right,21.68176661427424,17.202862171439847,21.479043705658114,12.294989362344495,66.77470078865008,74.46723688853672,55.1938627903146,141.60082156781573
2025-12-12 17:19:54.427428,Right,29.969945447690407,20.803900665001493,20.947693470650847,12.403888351593196,68.72584550094325,67.90557568924851,39.22946997502004,124.85731156516704
2025-12-12 17:19:54.430439,Right,17.25278963761957,7.38559147322303,9.097886177376495,17.166412581416807,75.13874257664429,84.63510386756388,70.09993084255257,143.56553472054657
2025-12-12 17:19:54.434465,Right,5.568677643648698,0.7060298069791315,6.67020004355436,16.74103276909591,70.96285271084344,90.42641272669425,88.37460766272852,157.6511829526862
2025-12-12 17:19:54.438462,Right,15.597264356885717,12.38316276895057,17.162155082631216,10.779600323952764,60.76196626550518,70.85128294563037,56.838401282555424,134.77844650452607
2025-12-12 17:19:54.442490,Right,28.012037982800393,20.2429698599135,20.349766608353093,9.15023183590165,59.86572190937295,57.89256335038226,29.792172783170827,110.0579183869122
2025-12-12 17:19:54.446539,Right,18.895850533343037,9.178806911284482,9.674674750818667,13.887040276204061,66.16869809541095,71.33490429108497,53.65490284834232,122.08652105630608
2025-12-12 17:19:54.451449,Right,4.052225639527023,-0.997081866438748,4.214572457134636,15.658344609433698,64.74659075327509,82.94857289301581,81.86097953337594,142.61967352728243
2025-12-12 17:19:54.454510,Right,9.969243547737278,7.811166867655629,13.283299283040833,10.968889246145409,55.70913113113784,68.74406570650171,60.74269928636204,128.7545372467721
2025-12-12 17:19:54.457523,Right,24.941747306856996,18.750862831298946,19.39948439489308,8.147497045913042,53.16661160417425,52.17398254030559,27.307914205550333,100.80051909713075
2025-12-12 17:19:54.461535,Right,20.665572830534074,11.312043556723438,10.740288425145991,11.452756743776263,58.19445543234178,59.58155863391585,39.42299752141116,103.26089976975345
2025-12-12 17:19:54.466529,Right,4.174061824454839,-1.2410976838073111,2.559148284330149,13.300533662921225,57.12346303995582,72.06641073369246,69.70612133020768,123.19497800216777
2025-12-12 17:19:54.470543,Right,4.2549267038702965,2.883141849280946,8.409841473352571,8.861687836422789,47.90455443553219,62.25357391973375,58.7443994772766,116.50642969584442
2025-12-12 17:19:54.474534,Right,18.383733396614844,13.95438330367324,15.4043279846519,5.22543789530755,44.19121489560348,45.293517229743884,25.381766944614355,90.2080877184635
2025-12-12 17:19:54.478509,Right,18.65828131833041,10.065945152457061,9.198141784210748,8.001611816456716,49.379565501440084,49.11150179505057,28.942849043596652,87.1931301994191
2025-12-12 17:19:54.482590,Right,4.217757805046858,-1.6449676318261481,0.9850268470945593,10.836898899626249,49.990645065088756,61.71775213365618,57.71861211734358,105.11614528749487
2025-12-12 17:19:54.485614,Right,1.7420765580282023,0.6582857264074846,5.775477100050921,7.5267488326644525,41.200325140714995,54.908464700798504,53.34177482132509,102.52401287751854
2025-12-12 17:19:54.489610,Right,14.546330583547388,11.742231746909965,13.600093787528749,3.7014595039654523,36.24985016282881,38.23306470665557,22.071313072374323,78.31709691500873
2025-12-12 17:19:54.494629,Right,16.833732544058876,9.451285536310024,8.422084513473237,5.958239764284372,41.46255868386652,40.419034327656846,21.629841959642363,73.00701109756483
2025-12-12 17:19:54.498652,Right,3.0755394782026997,-2.875543595133422,-1.1464086004634737,9.052765590033232,43.74218210995605,53.816707064252114,50.02670151452185,90.37147624403588
2025-12-12 17:19:54.502668,Right,-1.524656368419528,-2.5233984399637848,2.1418908095256484,5.72312146418335,34.83250790859165,48.28712767754041,48.80710830276075,89.65718507530983
2025-12-12 17:19:54.506710,Right,10.866649751769728,9.293281112832119,11.346894379279547,0.825462691624125,27.35671892168466,29.165685586078325,15.307826044139802,63.947846186580136
2025-12-12 17:19:54.510678,Right,15.507483074907213,9.227870888056714,8.02703395851131,2.687739055007114,31.91634525739937,28.73974545839883,9.919944530411158,55.17218657967169
2025-12-12 17:19:54.513672,Right,2.1108369461944676,-3.8377481104289473,-2.7351606373049435,7.463615106917132,37.306085451025865,45.41352280478168,41.938979244732764,75.10226572924876
2025-12-12 17:19:54.517680,Right,-4.820596373192529,-5.694263949035303,-1.1267633392744756,5.983485999320692,30.93622744170716,45.16505406341457,49.42058114748215,81.15501032443717
2025-12-12 17:19:54.522705,Right,8.101160937047098,7.836360474857429,10.213714726094622,0.6775784026722249,21.939642976605683,24.591839855493163,14.365556635646499,55.14319705555681
2025-12-12 17:19:54.526654,Right,16.97762988271279,12.023090287599189,10.320852821545486,1.1775941666128347,24.28208326533786,18.338163078922662,-1.4248791870486457,38.76409501270973
2025-12-12 17:19:54.530723,Right,4.659449924776709,-1.1419190882297698,-1.3006681867882435,6.634054034713699,31.186766320184688,35.55376539853751,30.148279723667656,57.40901224227855
2025-12-12 17:19:54.534680,Right,-6.51874851039247,-7.372356101906917,-3.261298585906843,7.336741463735962,27.944257739116438,42.50807744998019,50.05762536288239,72.32315754052252
2025-12-12 17:19:54.537761,Right,4.591999778451282,5.491908841650002,8.464141497941455,2.580935983300151,19.016179327780264,24.320586139670922,19.96347304478695,51.169181982113514
2025-12-12 17:19:54.541776,Right,18.39367619431505,14.765161783951044,12.995629317543717,1.7549319946010655,19.282403847391834,12.216436214846908,-6.807292955869343,27.720523627998773
2025-12-12 17:19:54.545777,Right,9.945359244295105,4.239817921863505,2.7152285054489766,6.769470057502986,26.16781609886675,25.898557296110084,16.90128613259003,39.91498214495368
2025-12-12 17:19:54.549773,Right,-5.278690473438473,-6.345541286234948,-3.151660379307941,8.521135505528946,24.644050846385653,37.507548639332526,45.500652664122754,60.17241977833328
2025-12-12 17:19:54.554786,Right,0.29526825828725123,2.2787779850787047,5.918121409815285,3.9309473808443727,15.487341402971651,23.477107032274944,25.119728171848692,46.60969847076922
2025-12-12 17:19:54.558813,Right,15.996135336306907,13.99386024084015,12.960331129013866,1.7313398251080798,13.814353981491877,7.786592785909306,-7.504507342877332,20.08781339781126
2025-12-12 17:19:54.562761,Right,12.98249564753496,7.588910483789732,5.324455190248045,6.033824956830358,20.584167462598998,16.730417019716697,5.706263893283904,24.590293818269856
2025-12-12 17:19:54.565812,Right,-3.018631325187016,-4.67189062370926,-2.6475440094272926,8.316877047962407,20.46287201240193,30.004292497804272,36.565352246398106,45.41450824314961
2025-12-12 17:19:54.569815,Right,-3.5922401056850504,-1.0845460230375465,2.5883419351594057,2.9942157070327085,10.215300713156466,18.957424275911762,24.275307309188065,37.25434667125228
2025-12-12 17:19:54.573875,Right,9.256285165938607,8.9358077905963,8.464750828730757,-2.2858769082449726,4.648240128401085,-0.05156731395982206,-11.277685458670021,8.7865314266528
2025-12-12 17:19:54.577860,Right,8.054424314561402,3.579748643338462,0.806973196886247,-0.5865821798652178,9.229706545549561,3.47837932339462,-7.725360159187403,5.9693237282917835
2025-12-12 17:19:54.582852,Right,-7.427320171364045,-9.331770701185633,-8.46917163672515,2.2495896081254614,10.701115628166008,17.687017157062655,23.32053441449534,26.42692819290096
2025-12-12 17:19:54.586865,Right,-9.274669387883478,-6.503238707066885,-3.0792556535216136,-0.5197993774727365,2.7889306935685454,11.763619985140394,19.659241213426867,25.183293717942433
2025-12-12 17:19:54.590848,Right,6.044997678816799,7.014820820786554,7.034004696262855,-3.5912123130929103,-1.71184424211242,-5.634419945257832,-13.771114714967553,-0.2255262604157906
2025-12-12 17:19:54.593897,Right,10.566884893138194,6.786916423756338,3.8122272266809887,-0.06462242031557253,4.68669619080174,-3.0137707613030216,-14.583694699751504,-5.536854947684333
2025-12-12 17:19:54.597900,Right,-3.4533261973301705,-5.909095233606422,-5.8328387878973444,4.58594839046782,9.190651429576974,13.76600036113814,18.647317438211758,16.064461486195796
2025-12-12 17:19:54.601913,Right,-9.679440481642814,-7.069250028844181,-3.618854999071118,1.8833428781399562,1.784592666415847,11.39638630601985,22.43603750051261,20.080427892215084
2025-12-12 17:19:54.605960,Right,2.8252665500149305,4.978474303446092,5.722807883357746,-3.9476704492662975,-6.282108280509419,-8.808616253882064,-13.042715701267298,-6.314906378160231
2025-12-12 17:19:54.609923,Right,9.474269051963347,6.792439697284863,3.6575686583437346,-3.407574696957454,-3.139397388600628,-12.876943346338521,-24.966131289707846,-19.800708050941466
2025-12-12 17:19:54.614946,Right,-3.3885247230264213,-5.895289421499001,-6.986594387675723,1.2574330495644972,2.2612586750037735,3.2513396058930084,5.8316135149943875,-0.8708664120640606
2025-12-12 17:19:54.618971,Right,-12.693305800914459,-9.980489502147975,-7.032039174386227,0.8107011548017908,-2.4871907147971797,6.970178301264241,20.097016229032306,10.678059438694618
2025-12-12 17:19:54.621981,Right,-1.6603769372486568,1.858787275836221,3.2244668354096575,-3.8025437429914746,-10.110732121727779,-10.216078310077137,-9.42999729161238,-10.086666830364265
2025-12-12 17:19:54.626016,Right,8.961345377661928,7.5433795405779165,4.544844507265225,-3.8336749863055957,-7.929856456910784,-17.955614699501893,-28.80673842131364,-28.057486304169288
2025-12-12 17:19:54.629994,Right,-0.49842962012007774,-3.2779802847571773,-5.484793037931013,0.42248064672185137,-2.143657808774151,-4.585728604986798,-4.753207965790352,-14.656073611229658
2025-12-12 17:19:54.634004,Right,-12.647138942680613,-10.55258231253083,-8.509550838416544,0.15696227187709155,-6.222951059440675,1.561144538456574,14.292738360134535,-0.4757915889349533
2025-12-12 17:19:54.638029,Right,-6.237046902431757,-1.9240151244475783,-0.16505590928863967,-5.184233322133878,-15.273680200705712,-13.773606983704667,-9.338513540453278,-16.56487963757536
2025-12-12 17:19:54.642981,Right,4.526581116046145,4.5608150313128135,2.133818750377941,-6.637196796598801,-14.895408203025,-23.96932691449183,-32.145109876473725,-36.23751990280289
2025-12-12 17:19:54.645986,Right,-2.140444487136847,-4.598941421754716,-7.289609424282389,-2.5456084336638014,-8.285644938863697,-12.437743442496867,-13.103820471122162,-26.638337210941245
2025-12-12 17:19:54.650135,Right,-14.070149558265257,-12.406068910082467,-11.213191676562928,-1.686233905638801,-10.42076234453998,-4.349913175385154,8.203466114893672,-11.314455023326445
2025-12-12 17:19:54.654124,Right,-8.548250718437885,-3.7455283581425647,-2.1230038830262856,-6.415381877834079,-19.585798782740312,-18.29500669630943,-12.190848510690557,-24.584838591254083
2025-12-12 17:19:54.658126,Right,3.9654489387021385,5.26462668365366,2.9827536589900774,-7.6862703924234665,-19.88416275605414,-29.52792056709586,-36.865743804737576,-44.614046510032495
2025-12-12 17:19:54.662122,Right,-0.6500936693682888,-2.614904981091968,-5.647672748094919,-2.0754018343741336,-11.029257378588227,-16.36273623703164,-17.170052157078317,-34.25009693112224
2025-12-12 17:19:54.666125,Right,-13.83521777877013,-12.471005393118048,-11.62972979274764,0.8252470904299116,-9.950569449978502,-3.3768043669260805,11.217015417456423,-13.966197274719889
2025-12-12 17:19:54.671131,Right,-10.035995861660922,-4.935765592925691,-3.137137917613927,-4.723011113067969,-20.29905071277244,-17.61774920949756,-8.341161933491094,-26.35851395161444
2025-12-12 17:19:54.674112,Right,3.7919003315455484,6.036597349352178,3.700718318784766,-9.959803019638002,-25.682795458254986,-36.973266683235124,-45.02681674239648,-54.89819905691547
2025-12-12 17:19:54.677153,Right,-0.4229212500886206,-2.127710968145948,-5.977355520381934,-7.042008844893644,-19.215596693873522,-28.59603061994494,-33.03871415256435,-50.93555293830286
2025-12-12 17:19:54.682164,Right,-18.203702945470468,-17.283724023138802,-16.858837607542682,-2.6526446280367963,-15.267790158293792,-9.217002889490686,6.325065993944008,-23.55985289702221
2025-12-12 17:19:54.686120,Right,-17.63084360679477,-12.259113189391883,-9.57742942979121,-5.071781449230912,-22.29867614711111,-15.507134056155337,0.35494682967691915,-25.287837166397367
2025-12-12 17:19:54.690205,Right,2.519928975550556,5.779287758299233,4.188685387834084,-8.904591460852316,-27.427560563432053,-37.15616695716744,-42.260568916386546,-56.181622456686455
2025-12-12 17:19:54.694197,Right,8.122339957603344,6.550209529941412,1.6985772281436766,-5.690075335031906,-20.99115399096263,-35.393056092558254,-45.27270599191252,-62.302409482203075
2025-12-12 17:19:54.698214,Right,-10.112498110107936,-10.080405642797814,-11.129145282762465,-0.17298304102973816,-14.82962127344581,-13.52034569627358,-2.7111885209924367,-33.40285999585467
2025-12-12 17:19:54.702238,Right,-19.807455546259916,-14.381906423360874,-11.295769402241604,-1.7884374792154176,-20.40242251426025,-10.861766062000243,9.964308878246811,-22.095521479579475
2025-12-12 17:19:54.705225,Right,-4.406374151506952,0.4219847147845712,0.457547707041158,-7.3141588686401064,-27.812716751015614,-31.977490317089178,-28.740160215344076,-49.46782388586507
2025-12-12 17:19:54.710304,Right,8.557172049016117,7.953899182259647,3.1037058634449295,-6.662641176181069,-24.27559434916111,-39.77427687016461,-49.95729570865842,-68.27991142919564
2025-12-12 17:19:54.714257,Right,-2.2052003475992024,-2.9926893519728424,-5.97450043233664,-0.865212606407681,-17.14766157185295,-22.589954253358883,-19.168569342456976,-48.34614227558632
2025-12-12 17:19:54.718259,Right,-15.318075631799957,-10.564052682756937,-8.480279234110412,0.4161794596909658,-19.46239341217006,-12.567318250848984,6.151453745626895,-28.071396292580175
2025-12-12 17:19:54.722280,Right,-7.726242662056279,-1.701289484097627,-0.37298544455569527,-3.7149309457458344,-26.162393585575956,-25.871528413356828,-16.00387805245282,-42.74295699526556
2025-12-12 17:19:54.726299,Right,4.748928033058519,5.672025619754322,2.113613213579441,-5.073228100865627,-25.035085203639028,-36.59296388539951,-41.163346250256836,-64.04832500203338
2025-12-12 17:19:54.729234,Right,-0.6234409386722746,-1.663446830678879,-5.496275917186324,-2.1272538317055307,-20.09386717341613,-27.723812846385954,-26.512650632932946,-56.596932345377354
2025-12-12 17:19:54.733295,Right,-12.04652008290526,-8.383233533193788,-8.03983842284714,-1.7290648833408682,-22.821603806581606,-20.30944497855353,-6.391790890399079,-40.716321969838646
2025-12-12 17:19:54.737335,Right,-8.114767052950413,-1.8109262230008198,-0.8250259929443473,-4.929271999875937,-29.082578572477132,-29.62270703092645,-19.938877221134817,-48.456754445542174
2025-12-12 17:19:54.742268,Right,1.7035792787365835,3.9633516044190173,1.3142595482480601,-4.952073508357444,-26.762141655279137,-36.10627552801485,-36.965169526781665,-62.91920225773697
2025-12-12 17:19:54.746331,Right,-2.4289788363926164,-3.0570720191699365,-6.425270060172124,-0.9562540171382352,-19.7575145702765,-25.869635359752237,-21.721381577368675,-55.14025075926793
2025-12-12 17:19:54.750329,Right,-11.315561955894054,-8.285965367034805,-8.35095021448592,-0.32305277855789427,-21.615646715022194,-19.609372435775185,-5.332078277632718,-42.329123038395664
2025-12-12 17:19:54.754383,Right,-5.254722329678771,0.9624544989032984,1.4960094479338295,-4.247646639928917,-29.525794923104513,-31.900503169533295,-23.900880143482937,-53.04546621925692
2025-12-12 17:19:54.758323,Right,5.9656258064039775,8.95462068320353,6.1458747439323815,-4.43558467716889,-28.297926551018463,-39.814150284296375,-43.176339905030545,-68.13049031053379
2025-12-12 17:19:54.761365,Right,0.525365586778662,0.20458057777204885,-3.1856644043486995,1.2782259954701658,-18.800210290486575,-25.371912415627776,-21.523392983359372,-55.78736277956705
2025-12-12 17:19:54.765394,Right,-12.474783502013906,-9.725014065823416,-9.461211769404144,3.4227420249035276,-17.899857198855898,-13.227205137503915,5.004686005596341,-36.39372516757794
2025-12-12 17:19:54.770399,Right,-8.290327253739633,-1.844714093646644,-0.7153991613672588,-2.539448332752727,-28.182679388221004,-27.794724740724632,-15.654368989894465,-48.68621742932737
2025-12-12 17:19:54.774377,Right,6.011467679015368,9.703978326253036,6.791029983578937,-7.331067246446764,-32.70975164295123,-46.075876188080656,-51.296351877395864,-75.22873428535604
2025-12-12 17:19:54.778423,Right,2.504309717572596,2.1252689110156098,-2.3689917913548015,-3.9523966556553205,-25.329111586013823,-36.84871207426295,-38.802139118628475,-69.93665603052796
2025-12-12 17:19:54.782435,Right,-15.343574718843684,-13.331575136530773,-13.727249259489327,0.007411057898480067,-21.360010395615973,-17.685021482373486,-0.20046754783470533,-42.66416656918227
2025-12-12 17:19:54.785386,Right,-16.758262093505436,-10.216163101857546,-8.221836063431965,-3.540178415947139,-29.14463766890003,-24.000425874352004,-5.578862064199711,-43.610481596570025
2025-12-12 17:19:54.789448,Right,0.6323965446281363,5.370165953069318,3.4757391912962703,-8.38891266202063,-34.8777464121049,-44.7742395513269,-45.8349114192024,-72.13047554691002
2025-12-12 17:19:54.793445,Right,5.907394654414929,5.803065484267336,0.6343025885526004,-5.543572882022545,-28.27317839718671,-42.64994829987336,-48.66528435386135,-77.16662061700481
2025-12-12 17:19:54.797448,Right,-9.06424743414209,-7.998673667525054,-9.994792558760764,0.2583420250880408,-21.375793075065303,-21.990424459138012,-10.159379696606265,-50.18290362911648
2025-12-12 17:19:54.802498,Right,-15.60777647967734,-9.424878920395258,-7.741820985468621,-0.7220077775045866,-26.136373189950973,-20.13267313506003,-0.592553006064918,-40.22639058097411
2025-12-12 17:19:54.806448,Right,-1.823703872833903,4.021777033239687,3.199214902391759,-5.608009208565818,-32.72712684974613,-38.69201402849285,-34.708371111486485,-63.638823082910676
2025-12-12 17:19:54.810519,Right,5.817851167199478,6.5820721447321375,1.9501095496898415,-4.914926200414811,-28.591689442233474,-42.05806180998479,-46.81508814774497,-75.4730911396764
2025-12-12 17:19:54.813470,Right,-7.439574565530165,-7.069609931184459,-9.642229218085049,-0.5882236393199491,-22.20713928938858,-24.818374709215277,-15.263767345306405,-54.60721368712984
2025-12-12 17:19:54.817520,Right,-16.76511576575831,-11.55210107751327,-10.203338095332583,-2.141372894074266,-26.978157597171958,-21.64486700182897,-2.7532166116143344,-42.960828790048254
2025-12-12 17:19:54.821587,Right,-4.5849735665497064,1.4796041722865994,1.0633798961598586,-8.131241780884011,-35.42968842681876,-40.94026868438959,-36.54582409624709,-65.23367309133755
2025-12-12 17:19:54.825587,Right,5.451984595504655,6.811612623338078,2.2921271519089714,-7.987445793422012,-32.3207305281685,-46.93145658769572,-53.54417382655811,-79.93326163917664
2025-12-12 17:19:54.829587,Right,-7.47936428715002,-7.314543026673164,-10.186067396676663,-1.4155020648613572,-22.787987932460965,-25.876982106616197,-17.118197426785628,-56.094646677796845
2025-12-12 17:19:54.834580,Right,-20.323088595702757,-15.385188773093432,-13.601239008686207,0.3879991363883164,-23.422167264849122,-14.358784001458844,9.339724778215896,-34.658141050400445
2025-12-12 17:19:54.837585,Right,-7.0569513120181,-0.48538458148777863,-0.043994143681629794,-5.639093556264015,-32.58741352924335,-34.58586953219492,-25.854076120536774,-56.78451057805796
2025-12-12 17:19:54.841614,Right,10.99001961198337,12.51336462614654,7.411573465617039,-9.246431947012752,-34.04068392874251,-52.64902042835092,-64.81609718178879,-86.31805495640583
2025-12-12 17:19:54.845611,Right,0.028598885830433574,-0.9679500562078829,-5.568745966691495,-5.149247885502518,-26.357355169580842,-36.98372175630357,-38.19934224043391,-70.49862670714356
2025-12-12 17:19:54.849636,Right,-25.035511121331183,-20.989943569095885,-19.023692669213233,-1.874417779158648,-24.4770709284021,-14.189750546152936,11.00772818805126,-34.40391819893557
2025-12-12 17:19:54.853649,Right,-23.161802626915232,-15.543871582697648,-12.174279054440376,-5.972907910776485,-31.97429116397325,-23.202743781956087,-0.8710634206181567,-39.788371982445824
2025-12-12 17:19:54.858640,Right,3.558667493007306,6.383109766871712,3.0955274115995053,-10.343723038079588,-35.12426292595046,-48.7117041161182,-54.99930747960025,-78.49399357247603
2025-12-12 17:19:54.862736,Right,13.438665005363873,11.321930476546186,4.354284173283304,-6.851268570217144,-27.941338832137262,-48.47996064432664,-62.985407153042615,-86.0518083029965
2025-12-12 17:19:54.865681,Right,-6.209186586551368,-4.556577702302093,-5.987405150329323,-0.003963058207773429,-21.610381538066576,-23.172501369350357,-13.44188561073679,-49.480540953918535
2025-12-12 17:19:54.869676,Right,-22.11018828656961,-14.498932889033313,-10.243615394523658,1.3069810213737583,-23.566096648770326,-10.623385342289112,16.975946358441433,-24.871248323521286
2025-12-12 17:19:54.873653,Right,-11.712176142755197,-6.3617052553290705,-5.202348707804049,-2.7602441390117747,-26.973834484375402,-24.403645913364016,-10.100084417092148,-44.693246993236244
2025-12-12 17:19:54.877727,Right,5.642299920453297,4.510153487644857,-0.7797004104022562,-6.558148741218247,-27.105700886033446,-41.72728853544686,-48.83503087271674,-75.12945121536177
2025-12-12 17:19:54.881672,Right,5.480561091671916,4.619610415757961,-0.719469051779015,-8.280221898085074,-28.929994199239445,-44.36706370630418,-52.65958319924175,-77.4492546537731
2025-12-12 17:19:54.885725,Right,-8.304970268962279,-3.2329004145676663,-3.3106282238686617,-7.962065497452386,-32.02905624286359,-34.95276293711504,-28.070238030475593,-56.73652140979539
2025-12-12 17:19:54.890756,Right,-18.796998641688333,-12.291111836541859,-9.720741185319639,-4.145352788710625,-27.845627910504845,-20.805730921601935,-1.2762918160115078,-37.293401564107626
2025-12-12 17:19:54.893699,Right,-17.719973198520165,-15.651729121192147,-15.281497797025622,0.14901570118126983,-19.23395213551703,-12.753524081119394,6.704850947800878,-34.13632462795067
2025-12-12 17:19:54.897809,Right,-4.449265925986765,-4.626890557477964,-7.543447199032926,-2.716452848298104,-21.44371194550331,-26.33488720827154,-21.642265972946916,-53.89287403106573
2025-12-12 17:20:03.655829,Left,421.31745568652036,271.30678688440014,343.00808695284957,348.6701243769517,1681.231589383262,1899.2016467790443,1518.8807008869328,3426.7347361980596
2025-12-12 17:20:03.672938,Left,2266.190491469182,1459.712536390911,1846.0703745701073,1876.5272437566164,9046.589316773045,10220.700158188089,8175.561663140921,18441.895949386682
2025-12-12 17:20:03.675927,Left,5183.553812606916,3340.9206505174016,4226.230707710616,4293.801367491483,20695.5834430573,23384.14836638126,18707.7598863789,42197.10317619988
2025-12-12 17:20:03.679903,Left,6465.318621261092,4172.664073419282,5277.531937949352,5352.912638985982,25793.3054940171,29144.56931623084,23314.260215057104,52601.186387022666
2025-12-12 17:20:03.682889,Left,4354.700201995909,2819.8488559837306,3560.0097251510124,3593.6532847447506,17303.66963031006,19544.357557724456,15620.309108508685,35287.98908201049
2025-12-12 17:20:03.686892,Left,453.04401406006946,305.62176742258634,372.2663733240297,355.5891518226199,1678.022981219794,1879.036648829453,1476.3656340448943,3405.5278842936095
2025-12-12 17:20:03.690972,Left,-2490.1660083686293,-1599.6271464214879,-2035.1177121212168,-2065.9479114709175,-10021.26871252351,-11333.872992250836,-9078.191732191975,-20457.602636387746
2025-12-12 17:20:03.694854,Left,-3240.986559792771,-2090.046550586376,-2644.268014215566,-2663.5252809649464,-12914.936977988516,-14584.456473983591,-11648.29751058307,-26334.10065784969
2025-12-12 17:20:03.699909,Left,-2332.918113130174,-1502.37348505899,-1896.343915815698,-1910.965897781789,-9268.408589921542,-10458.376050093793,-8343.074645831017,-18878.199623627355
2025-12-12 17:20:03.702913,Left,-1022.4210415596317,-653.371972225119,-829.0388750380371,-845.1991347082512,-4104.756463946484,-4637.270521534549,-3709.0192122441367,-8363.066668438143
2025-12-12 17:20:03.706904,Left,-311.0904809635831,-196.39090765552828,-255.59774632185872,-262.0923477572651,-1295.4561195075512,-1471.1537891893531,-1185.414733098878,-2655.733989623026
2025-12-12 17:20:03.710898,Left,-465.62965110460937,-298.8606912973337,-380.62242055790557,-376.9001025715843,-1867.743515484617,-2108.9444230592344,-1679.778447110264,-3815.505142748356
2025-12-12 17:20:03.714936,Left,-1050.6450796039426,-673.6046561238472,-851.1970086877263,-857.5026534601056,-4185.250558797328,-4721.377188744955,-3762.7297650316614,-8524.800960668246
2025-12-12 17:20:03.718932,Left,-1408.4098018822551,-901.3702096300549,-1143.8930168388179,-1166.7594837551733,-5658.626272740192,-6395.043363591656,-5117.133695146651,-11537.64144524699
2025-12-12 17:20:03.722945,Left,-1248.9356105086044,-802.1742363857047,-1021.186156140815,-1038.3220003352617,-5032.276217719074,-5693.200951429084,-4562.365872224793,-10276.963718373096
2025-12-12 17:20:03.726955,Left,-836.897482765431,-541.728594033164,-685.4534868725605,-683.1767582642351,-3324.697011626675,-3753.70824039157,-2994.108764861943,-6784.584057113621
2025-12-12 17:20:03.729968,Left,-620.9363497559389,-400.7847074645106,-502.0817402139364,-499.7277300729329,-2432.017545418348,-2737.1561067270814,-2172.393460121937,-4942.464716517599
2025-12-12 17:20:03.734907,Left,-736.3520590178668,-470.42416772263823,-595.3474902798334,-611.0391346450197,-2948.9118476301664,-3331.0425639718305,-2665.434357304359,-6002.7166425450705
2025-12-12 17:20:03.739013,Left,-921.396267483331,-591.4638191732083,-754.1953924137924,-772.8167114540993,-3725.7094656650443,-4218.942233506357,-3388.505854974035,-7610.130924410652
2025-12-12 17:20:03.742919,Left,-886.4045310631918,-574.8190965289978,-728.2929524710926,-729.4283598639886,-3531.0236157152103,-3990.424482014496,-3189.385062405374,-7210.479481298942
2025-12-12 17:20:03.747025,Left,-663.1437817383267,-430.80941577213525,-538.8773007080017,-533.601975639438,-2587.3427615292603,-2912.006689905189,-2310.7123769171303,-5261.446718952386
2025-12-12 17:20:03.751013,Left,-525.1877031133627,-336.4789817384444,-422.71278024688945,-432.7004244295822,-2079.8380599879893,-2345.055160547723,-1871.296637016465,-4224.5831508731935
2025-12-12 17:20:03.755025,Left,-610.904603000381,-391.3624599057657,-499.5599577271496,-517.7539461291453,-2479.490894899587,-2810.0421503807884,-2262.3596391387982,-5063.646528417943
2025-12-12 17:20:03.758044,Left,-744.676346472057,-483.24781486944994,-613.5699438588927,-618.1049185757583,-2977.996388195781,-3369.2049869647017,-2699.1698234702926,-6086.0276106840465
2025-12-12 17:20:03.763035,Left,-686.7094183950976,-447.4417301494541,-560.2897157399275,-554.5660669174977,-2681.982006999664,-3020.7899582032114,-2399.785444887122,-5459.699406522559
2025-12-12 17:20:03.767035,Left,-469.39158081865753,-302.2742199019558,-377.31576437383774,-382.4501862830366,-1837.4757479592226,-2068.3687322867336,-1644.8263103489298,-3728.616421354236
2025-12-12 17:20:03.771071,Left,-353.1656219379802,-225.27250065469707,-287.5827063176839,-303.02095174827264,-1438.8358384392923,-1631.9085568825249,-1317.2425259376178,-2936.627858902095
2025-12-12 17:20:03.775038,Left,-458.36511911210255,-298.0672265879839,-379.87628667251556,-385.7195465292898,-1843.9390291803284,-2090.041764959926,-1680.8227235594532,-3774.0131896708626
2025-12-12 17:20:03.779029,Left,-593.7512820974225,-388.6789557039592,-486.6540143615275,-481.65574960320373,-2314.9369357360993,-2608.711542161065,-2075.118766269181,-4714.630302257836
2025-12-12 17:20:03.782091,Left,-529.6571959072025,-343.82352252279816,-428.0720184521051,-431.2490717966284,-2058.5161221702583,-2316.565298436559,-1841.9426408550935,-4176.735602124827
2025-12-12 17:20:03.786142,Left,-322.8380454998987,-207.48933305533137,-262.44567942866706,-276.3247000986303,-1295.3972992402269,-1466.808638088056,-1182.3820077970158,-2636.9009322768543
2025-12-12 17:20:03.790153,Left,-226.57210350467358,-148.60192708855902,-190.40156888110505,-196.2825290042092,-918.7088188685011,-1044.9750263936585,-846.957529557636,-1885.4138459896203
2025-12-12 17:20:03.795134,Left,-327.0845589050732,-216.18885300654802,-269.86398509789433,-263.9354682808771,-1264.8123538634973,-1424.6818427830003,-1131.492772333324,-2578.867898901459
2025-12-12 17:20:03.799166,Left,-435.367962998047,-282.47925164931803,-351.26778957645,-352.41289386739663,-1690.860460177646,-1901.735751106171,-1509.1327806581976,-3432.714257761836
2025-12-12 17:20:03.803127,Left,-369.94704712883686,-236.71794786791725,-299.4761416153633,-313.29605159987113,-1488.3989653994795,-1684.124567796127,-1353.241181191639,-3032.8029766462278
2025-12-12 17:20:03.807158,Left,-203.18320554035017,-132.32591103739105,-170.45833550108364,-177.830021092057,-835.6677494584583,-952.1845598553773,-773.2257804441033,-1718.8814629355911
2025-12-12 17:20:03.810188,Left,-135.2931810990849,-92.88665385080094,-114.40813738887664,-107.31518850788416,-504.7496032504714,-567.7419544390868,-448.3918541429448,-1032.2645105369156
2025-12-12 17:20:03.814171,Left,-212.71611338687944,-140.82035402135807,-170.7888177508139,-168.2367204659531,-790.135592240491,-883.4997761972481,-694.5265857367776,-1594.1204821418505
2025-12-12 17:20:03.818196,Left,-289.202482162611,-186.31175379880005,-233.5388338915218,-246.53973329797736,-1148.9609132808982,-1298.808273021481,-1044.4039415643783,-2333.9459528982406
2025-12-12 17:20:03.822198,Left,-241.99009092395136,-158.01986572053283,-202.2437518788647,-212.75425357485074,-987.7693967367522,-1124.451200369862,-913.836538548232,-2025.8147846970242
2025-12-12 17:20:03.827167,Left,-121.21072386429296,-84.36005065290374,-104.20830427549663,-98.09734321880387,-455.11070904601365,-513.3773205861216,-407.98276609479217,-934.3466668038163
2025-12-12 17:20:03.831286,Left,-59.29010490454675,-42.216243858318194,-46.0720418329729,-39.44860559872177,-178.9150877384236,-192.3863958119764,-139.79568030277733,-351.29369487590156
2025-12-12 17:20:03.835235,Left,-98.82961667136988,-62.20643513153482,-76.38928959915938,-86.10462074719544,-392.30840747250477,-442.1526027023792,-355.43011603638297,-791.7618940599496
2025-12-12 17:20:03.838251,Left,-156.87597141037986,-100.35373599000013,-130.91722200428194,-143.53101343584422,-667.9303478400107,-764.2167904683738,-626.8693600691622,-1376.9842085129349
2025-12-12 17:20:03.842210,Left,-138.90779048627883,-94.13166717796412,-119.11675055990781,-115.7524060259093,-548.7918666551122,-622.3968980687787,-499.2311760718585,-1132.9346087356098
2025-12-12 17:20:03.846246,Left,-51.16029591181723,-37.77620517322066,-40.772756897247746,-31.830003967465018,-145.9784494273481,-155.3085325146676,-109.62502493395004,-287.524875753792
2025-12-12 17:20:03.850290,Left,13.152228549741267,8.53104222805996,15.284868948809162,9.654381086060312,74.25014032050967,88.15880299528362,72.75731107851607,165.2834126414382
2025-12-12 17:20:03.855377,Left,-8.192306018987438,-4.931643430267286,-8.737310169824923,-21.64151177410531,-64.98215428870753,-81.87340571105597,-81.70030260569183,-140.57500891340896
2025-12-12 17:20:03.859250,Left,-65.95906882103009,-47.475294878364366,-60.70733362019382,-60.13817676760664,-263.76107574481284,-302.93508791484055,-249.30000373380608,-551.5457831766107
2025-12-12 17:20:03.863307,Left,-62.844235943150125,-46.82898738632866,-52.477683398548834,-42.844879544158175,-191.1412303671823,-207.70742199238157,-153.60716641310137,-381.76071789098205
2025-12-12 17:20:03.866311,Left,14.231321621620737,7.771450123498653,15.88492585469794,13.67801782821698,94.06515112539637,112.87925144509063,96.34844253389747,208.6504127648077
2025-12-12 17:20:03.870328,Left,74.83529683408051,48.73012261066833,60.371099029165634,48.107053228588484,273.8232390718622,302.7203901171015,227.82957591257582,555.1859675526794
2025-12-12 17:20:03.874410,Left,53.63637778884731,30.231913125688152,36.92132964294251,35.39247992660421,204.65076003241848,224.51311976368743,168.67644162041688,403.4666611075372
2025-12-12 17:20:03.878300,Left,3.108482955400177,-5.1253535843070495,-0.27919094889603,9.489961315866822,68.59166620443284,83.99974326353913,76.54825326256105,145.3699206615347
2025-12-12 17:20:03.883358,Left,12.46596483309986,5.245012183873769,13.973153361741652,14.378544182063706,99.58609977307697,120.77167111131257,105.03729106754554,221.84262012844738
2025-12-12 17:20:03.887369,Left,77.18572030036466,50.645926683644575,63.851379272611666,52.01132843537653,288.93092897112365,321.66355466550885,245.7604680880322,589.2904594784632
2025-12-12 17:20:03.890405,Left,115.97037971657483,72.62458555259127,88.99862599116386,85.3690455178039,434.56322357715544,482.496463350908,373.3373359869438,868.3719826270244
2025-12-12 17:20:03.894425,Left,97.16947444071047,57.4154523274301,76.23493852240063,86.14484794048622,418.7704856387136,476.7269574316597,388.8643180204672,849.8308572423703
2025-12-12 17:20:03.898424,Left,73.84692972074845,45.67246137661641,64.32068970524415,67.77753413191385,336.2353197330667,388.3475267312024,321.91113999680965,699.256661968102
2025-12-12 17:20:03.902372,Left,89.715110584395,59.581658666375006,75.69873878983708,64.81171223364436,340.29515585594345,381.4599394951074,296.79425235278904,695.83023824665
2025-12-12 17:20:03.906453,Left,120.55081613427319,76.48089757117123,93.53355036681023,87.41939835372614,447.2951131898444,496.2410800406651,382.34373422071803,895.687866759079
2025-12-12 17:20:03.910413,Left,130.93113918172457,78.94781207068445,102.6117004382686,111.70817305265518,548.1307713546266,621.0614643103036,500.84263213255326,1111.6714372148854
2025-12-12 17:20:03.915497,Left,129.75492812909943,80.65749104679708,109.07359362360148,115.62396220328083,567.4706123983779,650.4516047166544,532.8503867830732,1171.14140152873
2025-12-12 17:20:03.918437,Left,137.10435900667653,90.12433045821672,115.45622166925023,106.70694854297471,539.2574350035284,608.5467462974484,481.742678619019,1105.5479068700224
2025-12-12 17:20:03.922502,Left,143.5210200184374,92.58872070248617,113.33742094252375,105.34448935472028,531.9651163365343,591.3248079202604,457.2892486990895,1069.1398115848424
2025-12-12 17:20:03.926518,Left,138.761921568017,84.67255663356627,108.1134281522609,115.6900866772994,565.5763217707863,638.0454723469447,510.9947753478191,1142.742323410348
2025-12-12 17:20:03.930495,Left,142.42495353505365,88.11857403851172,118.2830010724283,127.34007760872191,619.8276405750075,709.3843433568836,580.9666808090406,1275.6419294215739
2025-12-12 17:20:03.934509,Left,167.35818840749562,109.22360327593924,140.90769165958045,134.8128055897687,671.6652709617047,760.4703453448601,607.2165716863819,1379.3162292423658
2025-12-12 17:20:03.938544,Left,185.22402167369728,120.36205299248104,148.59956899526878,139.1671956727223,696.5914347943617,777.6003472378361,606.0489403165411,1407.7323671384947
2025-12-12 17:20:03.943572,Left,169.89176776284876,105.4136396507165,132.86932410064037,138.12693843677698,676.6546373709571,761.1339711074834,605.4201082731597,1366.4145048994105
2025-12-12 17:20:03.946555,Left,147.9263108184532,90.89618470441201,121.28681001266523,131.77135946194176,641.0663422950311,732.7792014851584,599.0897936099209,1316.538504027878
2025-12-12 17:20:03.950548,Left,160.67089843451686,103.98647914256435,135.55833245332178,132.2091979219258,658.3260060704197,747.8116680370294,600.6265869535273,1355.7357237959513
2025-12-12 17:20:03.954586,Left,196.02261801839632,127.7285674498562,158.49838813141105,148.53144006199727,743.3531459195074,831.5011184707982,649.9914220417268,1507.1329228368122
2025-12-12 17:20:03.958598,Left,206.16887571498228,129.7467102069786,162.27576826080622,165.72219813545235,808.9832003307529,908.5275733931921,720.142978728516,1633.9090198804624
2025-12-12 17:20:03.962636,Left,182.64915246405872,113.4671989808412,148.64515830720484,160.6855811318528,771.9029232396861,879.29434822849,715.7587278900319,1578.8336222253274
2025-12-12 17:20:03.966609,Left,165.61847125081113,107.19365051698696,140.0969007933163,139.9059627786337,684.3164286151296,778.9840612991247,629.5883330134675,1409.565615747124
2025-12-12 17:20:03.970657,Left,179.28398920124164,117.7436649557203,146.30446592974477,136.1244828093768,680.6116408758098,762.0014925587457,596.2965126463096,1383.09000664833
2025-12-12 17:20:03.974670,Left,201.9619334510935,127.63124766775582,158.62343111242808,159.82972469521337,787.0998087159824,882.2416055945214,695.8919621506357,1589.7039336606394
2025-12-12 17:20:03.977653,Left,206.66752876352984,128.02451785473386,166.39684116328135,179.5502282926318,870.3379807588644,989.2862801954616,801.5620583287673,1778.3840891111176
2025-12-12 17:20:03.982654,Left,195.1767757126945,124.90679942097631,163.5898418004217,167.16093442235433,818.6591724931495,932.6690511229681,755.2596761753084,1686.6523044495843
2025-12-12 17:20:03.986680,Left,183.3405516249768,120.66990915015049,150.895933157939,141.35348418583453,704.9691415654961,791.3145084005082,622.0674108482199,1437.2183858330827
2025-12-12 17:20:03.990682,Left,181.45057772661676,116.0803373439121,142.64327308880456,141.10511303030944,691.0342776962789,771.9662558474811,605.4841209048172,1391.5534965533298
2025-12-12 17:20:03.994633,Left,194.21861956777866,121.14190781219804,155.6250319305109,168.5020454598125,802.6647971896455,910.3580954056233,736.8628928603139,1632.8119875583798
2025-12-12 17:20:03.998700,Left,214.456003978441,137.87465502174746,179.61878000962315,186.65296732855495,892.3009051032132,1016.6200383238029,826.25118306675,1832.889568802435
2025-12-12 17:20:04.002722,Left,217.62764840613818,144.22808643983444,180.97307704994455,172.96321936542518,840.5292489239946,946.2679059403017,750.2263486904558,1714.5092273415066
2025-12-12 17:20:04.005741,Left,191.8398705307336,124.9138481253176,152.46518101845868,148.2571212896437,717.0738886826439,800.0584489289904,626.4332096247235,1442.9074658397585
2025-12-12 17:20:04.009738,Left,168.5224544587836,105.33115878647368,133.67228499636985,144.91143418720458,685.1782426548889,774.9723016382195,625.1965837010648,1388.0405466395896
2025-12-12 17:20:04.014738,Left,185.43065454004682,118.13473510320182,154.8005160675093,164.4117937317642,783.5436255643144,894.4540708143031,729.9866108536953,1610.7861912474036
2025-12-12 17:20:04.018691,Left,221.99319541887962,146.14836319431197,185.13518153707264,179.42005375976441,876.3932370062685,989.80389161536,788.4449008269003,1794.5710755905602
2025-12-12 17:20:04.022797,Left,219.94729477717192,143.16062818562204,175.9719082521333,170.0259663197503,833.9399348713923,932.465256417403,730.6473116453271,1686.8749279205222
2025-12-12 17:20:04.026775,Left,175.0008369005809,109.31214491360879,137.63378531116177,146.80563422571868,704.8301986365113,794.9829135097098,636.4939420545707,1427.546910066856
2025-12-12 17:20:04.029789,Left,151.90280173937208,95.4032705915306,125.97610364120919,137.13449986549676,653.6867064770777,747.6643120482331,612.4725752174854,1345.3239134617615
2025-12-12 17:20:04.033799,Left,185.43060940611758,122.08463555945491,155.96717695251573,152.25996254908387,742.2925445726141,840.7683381399838,673.0453082917957,1524.9547422132455
2025-12-12 17:20:04.037757,Left,222.46973005350446,145.7490286895627,179.44572115165647,171.90263598348247,843.1622221696889,943.3751541449456,739.5485804541968,1708.5127344299108
2025-12-12 17:20:04.042820,Left,203.79997037630528,128.68637559516355,160.763383071695,167.52817715515266,808.3197236806154,909.509271593648,724.1284381480655,1635.9830832188018
2025-12-12 17:20:04.046901,Left,156.45163088478148,97.6936576282751,128.36424651293783,140.63035499461694,672.561886867159,768.16111853451,627.8085113713751,1381.5852907761
2025-12-12 17:20:04.050906,Left,148.63124408805743,97.50911309332878,126.09315069695003,124.69564973469824,609.8137149985414,693.3769694204675,558.320647118031,1258.4709573031869
2025-12-12 17:20:04.054889,Left,183.77756648886134,121.18589906010311,148.9736630457628,140.53485622469452,693.5464026978007,775.603606127901,606.2570305779809,1407.751786669949
2025-12-12 17:20:04.057850,Left,202.70927024964476,128.7054047734855,159.58960941055557,164.2777228714258,793.1705355180893,890.5897073135711,705.9097781687742,1603.4955700919963
2025-12-12 17:20:04.061877,Left,178.73774977674475,111.69683336204616,145.2423343900009,158.8590745284746,756.598613811424,861.9379953818861,701.9376120072557,1549.5664088451304
2025-12-12 17:20:04.065916,Left,149.1689793888945,97.01538659859216,126.52501486902474,128.09123270367854,622.8861364140175,709.9721063799225,574.9936007553479,1287.3965144476388
2025-12-12 17:20:04.070888,Left,148.6857096812164,98.48075009256718,121.40506010781974,112.41560931206914,563.0657994151115,629.6557606578572,490.971949056373,1147.1909965320956
2025-12-12 17:20:04.074860,Left,164.24220615136437,103.96323771566676,127.89433549734531,129.76118714440963,637.86995293363,713.6806849394925,561.1066876051482,1288.3770127859898
2025-12-12 17:20:04.078860,Left,169.27464352501556,104.68934789500781,135.8755239371385,149.99256624281406,720.0931363112759,819.4688549758866,666.0569382434478,1473.8216600746382
2025-12-12 17:20:04.081921,Left,161.2258755862713,103.97340604147757,136.12425645976327,141.1488470005861,681.9532520106295,778.5141662245151,633.1699550629128,1409.4795074309222
2025-12-12 17:20:04.085929,Left,149.87429963273462,100.37880097828747,124.13453758414835,115.76869381358847,568.9186797166476,637.9793887495762,500.7431953168707,1161.428866355447
2025-12-12 17:20:04.090101,Left,140.3646490156243,91.10844576871023,109.59456443606177,108.58874529012246,521.6097219913499,580.4813385090092,452.86741669708863,1046.954520650208
2025-12-12 17:20:04.093976,Left,139.4051716333197,87.21625710120134,111.07451561509515,124.45229717445909,577.8274988159537,656.0870784098515,533.7058142283931,1174.5242142707575
2025-12-12 17:20:04.098008,Left,150.56633344915463,97.73249106040748,127.55118162569124,135.5191962037352,635.310749900178,726.5119453994557,594.8971957963658,1310.0032954947092
2025-12-12 17:20:04.102998,Left,157.10962236011983,105.80666468189156,131.64440821597236,124.60086510371184,602.8049759527203,678.3836147792172,536.6731643010862,1233.13812448713
2025-12-12 17:20:04.106953,Left,139.18094922185992,91.11139021914278,109.29887921869522,105.7063964594563,514.4088362546172,571.6432051772717,443.63903593318537,1034.510555675486
2025-12-12 17:20:04.110022,Left,112.02469695967739,68.82694308603823,87.10210112974164,98.93671077507315,467.96568717376795,529.8481914952863,428.72764644096605,949.7650055731647
2025-12-12 17:20:04.114039,Left,111.73664148771786,70.86849032645114,94.42696650492144,104.92058097521658,495.7316184001975,569.644017109531,470.72351731394883,1027.2862025892828
2025-12-12 17:20:04.118020,Left,136.3757643767749,91.99123944537132,115.63104786371696,110.76450013538124,536.2112084928667,605.8651202728506,482.9183395820437,1102.6527297927532
2025-12-12 17:20:04.122035,Left,142.42952120443806,94.84999384902767,113.35939001856605,108.02069831290282,520.9922787314281,578.9265848012874,449.4873937475495,1048.8699785256758
2025-12-12 17:20:04.126053,Left,113.81899986235658,71.51181626337348,88.13365465524839,98.13173220300814,456.08238801639527,513.6958590887953,412.8652179001365,919.6740278853104
2025-12-12 17:20:04.131075,Left,90.23648901394336,56.89783087099204,75.86700581002515,88.34414539206773,406.4043898844393,468.3062169490149,390.6629330435535,841.0739774911199
2025-12-12 17:20:04.135067,Left,102.5837254038779,69.74161793960957,88.63909299962688,86.1956127427402,412.9147955747321,468.98649982362986,377.5992300728103,854.238080246374
2025-12-12 17:20:04.138064,Left,122.76268468706985,82.72689275827724,98.43834439580678,91.70159690329456,443.9919711215189,492.5157535501057,380.600386765087,894.9418243875261
2025-12-12 17:20:04.142027,Left,112.64083499537082,71.48602481353737,86.71957329049474,94.3905645092309,438.5522715317784,491.4630632190965,391.35225438070484,880.5313656942453
2025-12-12 17:20:04.146033,Left,86.66449997018208,54.506435636183596,71.92667851697479,85.67276170535479,385.9247217096854,444.0782261437271,370.8083705237368,794.5024420300033
2025-12-12 17:20:04.150099,Left,82.37190019147238,56.72722440879443,72.86098528525326,72.79965654533589,337.7880966779776,386.0019850562094,314.9995679097483,701.5510309066158
2025-12-12 17:20:04.154124,Left,95.84721665273537,66.38192680780776,78.09567521497956,69.96640662023856,335.7129991207039,371.0492170914076,284.4133632784942,676.4865817469545
2025-12-12 17:20:04.159146,Left,94.66189013191615,60.65104546742805,71.95685849610891,76.40810666726611,355.7549485716736,395.7978872511303,311.0509539729683,709.9379282747395
2025-12-12 17:20:04.163149,Left,77.50128238284378,47.82620034617139,63.02423536818242,76.96261593830422,347.4947092239745,399.3757263950538,333.2287199792336,713.6029723519459
2025-12-12 17:20:04.166148,Left,71.4548828935367,48.63169427578396,63.911476621738984,66.24884868250228,306.10396382422186,352.1155946472427,290.8753811896313,639.4177810011897
2025-12-12 17:20:04.169171,Left,78.90062512803706,55.97210818399617,65.74542673726683,56.89694522669015,271.39457406662405,299.82904448371846,229.1364850588725,548.9616789889988
2025-12-12 17:20:04.174194,Left,75.8250205651857,49.97128105953743,57.029646110459,58.23131627915427,265.0106807128759,291.33486856881063,224.52674920868594,522.2707038882654
2025-12-12 17:20:04.178230,Left,60.83110205052071,37.71575842813763,48.422601318656234,62.041075964443735,266.5810720513109,305.8873874954879,256.59846594178816,542.2020292491652
2025-12-12 17:20:04.182202,Left,58.20715501887025,40.17679334299464,53.10724420165934,58.22906286509533,254.27069151110481,294.7526384679368,248.30675303708995,531.72394625179
2025-12-12 17:20:04.186216,Left,68.96720943972468,50.52479056692391,59.19689323300554,50.798870574872126,233.167773607478,258.41937188699376,198.99729432555614,473.18232171528507
2025-12-12 17:20:04.191167,Left,65.53579337408883,44.537076632957906,49.11704963548982,47.4568516267027,213.38473954395158,231.754093704978,174.3971427170327,416.5313694474753
2025-12-12 17:20:04.194230,Left,43.554666890297085,26.064558437094092,32.65917773434194,45.29940246359911,191.68930945638567,219.32666450645775,184.00460814725375,386.86344777524937
2025-12-12 17:20:04.198228,Left,33.44301936641568,22.250854826925206,31.559879137275857,39.204235873621656,169.57639548601583,200.38331433164421,174.30140386492712,361.3895476401085
2025-12-12 17:20:04.202260,Left,46.651320854594815,35.087019514423446,41.57153594290139,34.23754564259434,161.11966015445068,179.66216667287517,138.71413090632996,333.0850937125506
2025-12-12 17:20:04.206321,Left,54.02960188043653,37.693313580952235,40.299954247515416,36.02236799195816,164.58078920200933,176.13979705586098,128.02144457760733,319.23369952465873
2025-12-12 17:20:04.210217,Left,36.91713190046721,22.25955127707857,26.22419050919416,37.278358901749016,152.7218823946896,172.92035387066426,143.54195295565296,302.9864876602078
2025-12-12 17:20:04.214287,Left,19.029623296839418,12.400869331511785,18.938869880817947,28.8857029943174,114.22011410596315,138.18444196146447,126.05423876387067,246.23517287685536
2025-12-12 17:20:04.218285,Left,23.20417643910332,19.51664396346314,23.32579939076095,17.832159965561004,80.67763319681399,91.36662984697614,71.87725542258704,173.22892746864818
2025-12-12 17:20:04.222306,Left,33.16010759458004,24.584739573299885,24.18836539410404,17.88363226367801,83.3092619794188,84.54858738934854,54.03474211337743,156.79241796256974
2025-12-12 17:20:04.225324,Left,26.548169753921684,15.866726287298661,17.001902952979435,26.107263458005036,101.29600921995007,112.48779181559803,91.80332896887558,194.72740258532576
2025-12-12 17:20:04.230367,Left,14.0720672049938,9.316715861736157,14.24219155103492,26.18230086553376,88.69008421309991,108.76023502531461,103.76906602812232,188.95532616926357
2025-12-12 17:20:04.234367,Left,14.773978244600585,15.450978686647431,18.06882634788053,14.908676560487947,43.68244293238968,51.25044097477803,44.89285941334674,95.61145495937672
2025-12-12 17:20:04.238373,Left,19.548520043026656,18.642471492938057,15.385140434329514,7.298368956100603,12.333250635070726,4.107323303411249,-9.025618547428166,9.078650297247805
2025-12-12 17:20:04.242329,Left,11.910739435435971,8.411043862441147,5.277858859444677,11.489180148972082,20.217585687234532,18.032780064211693,12.984039761184249,22.782409889041446
2025-12-12 17:20:04.246359,Left,1.9080972415104043,1.007011706737103,3.2362395447999006,16.030089013031102,36.594605772261275,48.98738545976812,55.148585151764564,78.89607434876962
2025-12-12 17:20:04.250407,Left,5.273961892547959,7.958934280824906,10.585620071316953,9.643855407834053,21.113080408860696,28.223064088611864,29.508897575200535,53.63384079193929
2025-12-12 17:20:04.253395,Left,9.260890708239458,11.682127948755806,8.224177041294752,-1.4616004567651544,-21.137175982032204,-32.254576035484206,-37.857590536092175,-53.398031930439174
2025-12-12 17:20:04.258379,Left,-4.249255740825902,-2.0659959369368153,-8.23765333967458,-5.719789389557263,-51.55393442817149,-64.82653650231077,-57.66998028472881,-123.2731183777214
2025-12-12 17:20:04.262376,Left,-19.874822352139745,-14.36841000111599,-16.23369075906521,-3.762238734670973,-49.85871357115684,-49.75532976113027,-26.167322075751144,-98.59273630328244
2025-12-12 17:20:04.266452,Left,-13.253798490768531,-5.78551619972859,-4.967977878957754,-3.745178371114889,-35.40384997110232,-33.3797816845763,-17.251033369946526,-57.12794783478603
2025-12-12 17:20:04.270503,Left,1.1832065549097024,5.959878780889994,2.682989460474346,-7.7966209210135275,-40.747403132292675,-52.487088842637604,-52.957828380487626,-86.58676132600522
2025-12-12 17:20:04.273553,Left,-8.250386126877856,-4.221034449761646,-11.403233227138116,-12.434479145813384,-74.15152643364854,-91.96280092513189,-83.24156135135854,-168.7632843501051
2025-12-12 17:20:04.277503,Left,-32.36320514699037,-22.53770449477088,-27.634797237886232,-16.057621315794677,-109.47571266528394,-119.13818523063674,-84.45538135204697,-224.74874468854978
2025-12-12 17:20:04.281503,Left,-33.48132810462266,-19.16048464494088,-21.50830500265147,-18.055541705951327,-114.65849328447075,-121.76515702767938,-85.1488221167383,-220.4645656180801
2025-12-12 17:20:04.286502,Left,-11.76201948576636,-1.5302902457442542,-6.108449282397487,-16.593260905687202,-92.96931167604635,-109.669240742689,-95.74260580386908,-191.48442686765338
2025-12-12 17:20:04.290501,Left,-7.510352393073845,-2.2957021935799276,-9.841040679977596,-14.374007744558185,-85.83751681671129,-106.46298367444251,-97.32583285971486,-194.2076965397282
2025-12-12 17:20:04.294533,Left,-32.31379899478998,-22.575065291983265,-28.711636883959727,-19.087863729291712,-120.64222765037994,-133.960490986472,-100.04996767791454,-251.6914073513035
2025-12-12 17:20:04.298516,Left,-49.34661804170719,-31.129202091300613,-35.410108825066345,-30.504098902178157,-167.2221111111794,-180.03725994386332,-130.90244628782966,-326.26674415638263
2025-12-12 17:20:04.301609,Left,-36.90930741973352,-19.17674528099269,-25.94017655564312,-36.27003942752526,-173.98947706172112,-198.34176881023814,-164.60809553014042,-348.92198601899145
2025-12-12 17:20:04.305592,Left,-23.142434042722016,-12.788742691838706,-22.196994178904788,-30.155252982692218,-143.26539720818255,-171.22560863010403,-151.88906283891447,-305.91878772680866
2025-12-12 17:20:04.309535,Left,-34.36734441899807,-24.583134358996176,-31.744121023359185,-24.571413299532196,-132.83469572620106,-149.58775258276182,-117.17177754702425,-277.1717530345859
2025-12-12 17:20:04.313593,Left,-51.890761937679144,-34.03521969203052,-38.58730108556381,-32.2919070468745,-172.0490811679374,-185.0146732745743,-134.70278319542558,-336.2533067955228
2025-12-12 17:20:04.318537,Left,-49.82508381941716,-27.910551849922626,-35.492587942974296,-44.89811460815781,-216.58251564025704,-244.08874193792872,-198.27872391355777,-432.01502283880836
2025-12-12 17:20:04.322668,Left,-39.7460764789721,-22.811785855555172,-34.5400672922151,-45.52529329281242,-214.18412787033594,-251.390283587476,-217.36340381685295,-448.5238282296341
2025-12-12 17:20:04.326748,Left,-44.27450603271427,-31.10126025907175,-40.669966305555135,-36.551427273005174,-182.45983398441604,-207.9681257890188,-168.4469071662461,-380.78974079979525
2025-12-12 17:20:04.329641,Left,-55.55723124442193,-38.15081165593074,-43.05513962093937,-35.77422778313303,-180.07928926171735,-194.1001011223707,-142.7670815053134,-352.8377972165763
2025-12-12 17:20:04.333648,Left,-54.941616554362554,-32.73409743190132,-39.35949044729932,-47.15163838978333,-218.82604587198875,-243.85585519578308,-195.31973214978643,-430.8762518778676
2025-12-12 17:20:04.337668,Left,-50.05198388959616,-29.36294277323759,-41.8280686301332,-55.09891870375941,-251.1277375237405,-292.2070810188743,-250.52901036273397,-519.2924901310762
2025-12-12 17:20:04.341689,Left,-56.95479760180024,-38.91533933424762,-51.46261190249788,-50.666889793581504,-244.03754971371382,-279.66004649802926,-229.98960227395582,-508.56930891095544
2025-12-12 17:20:04.346676,Left,-65.72570816236475,-45.60443376287003,-52.66664662078256,-44.825478255879716,-222.3004347879032,-242.55896941936226,-182.53565014690685,-441.81702953460626
2025-12-12 17:20:04.350687,Left,-59.85313901970949,-37.14418382885924,-43.20575990861835,-48.81265067507411,-224.855277558323,-248.26107550706365,-195.61613050306914,-439.5952588279033
2025-12-12 17:20:04.354733,Left,-51.913279931592115,-30.75635520796277,-42.264891529790475,-56.998015722590935,-251.3801518144901,-290.99764910523663,-249.09769964107545,-514.0638098283089
2025-12-12 17:20:04.357687,Left,-62.05494246233138,-42.0422212185149,-56.057678034987475,-58.85767639805272,-272.2276027756743,-313.21826682277606,-261.1220274467196,-565.823766559537
2025-12-12 17:20:04.361731,Left,-76.8329658569346,-53.407143652857485,-63.269016543104954,-55.70819021086936,-271.32965130146476,-299.171081145003,-229.93457868348924,-544.8110042893095
2025-12-12 17:20:04.365748,Left,-70.22725150456972,-44.352673592544306,-51.55964084127481,-54.872088675816485,-259.5360331205302,-285.5410003934521,-222.208236434235,-509.8181505820248
2025-12-12 17:20:04.369742,Left,-53.05233849699289,-30.467297012888594,-41.31256927704817,-56.623649903340265,-255.5697171773645,-294.17228426371,-249.43519732169807,-520.4582403266686
2025-12-12 17:20:04.373714,Left,-57.30255847564695,-37.42407406516213,-51.36573098992085,-57.56199097511853,-267.61350713693537,-309.8877344596258,-261.44131508801365,-558.8887805309496
2025-12-12 17:20:04.378714,Left,-78.8996754997861,-54.79130909067317,-66.03538884186128,-59.280175004118064,-287.6780667763378,-319.7736696731881,-249.09227668712265,-582.629645119363
2025-12-12 17:20:04.382792,Left,-82.98486754505575,-54.02953496375267,-62.56011779111577,-63.446617228750256,-297.54686548525933,-327.12409629818285,-253.184640784777,-585.7585935438983
2025-12-12 17:20:04.385788,Left,-65.10618237692688,-39.06804721336812,-50.25275054530357,-65.19463720209023,-288.23539550212445,-328.7543516550213,-274.7388424950186,-580.6433858681703
2025-12-12 17:20:04.389807,Left,-58.725097547561745,-38.1633465674895,-52.25628098611196,-61.46037493593758,-275.48326491116313,-319.5797773078084,-271.93007875667536,-572.7929384455783
2025-12-12 17:20:04.393818,Left,-75.37338108132826,-52.69316635560244,-64.43788550538011,-58.966991444271116,-282.29403194162296,-315.77454586309614,-249.2543471918034,-575.3884019120596
2025-12-12 17:20:04.397872,Left,-85.37563752023561,-56.10880316555267,-65.01027472074202,-63.46331117623049,-304.35274549305905,-334.03110494458815,-256.6343187088496,-601.6914537945995
2025-12-12 17:20:04.401886,Left,-72.54962275913567,-43.286369750028825,-54.728674834317644,-68.32672262071719,-312.9519852080848,-354.42456977424445,-291.3183388823527,-629.095484330086
2025-12-12 17:20:04.405887,Left,-62.408843184646685,-39.05551060598373,-53.95539090722741,-65.48076264470001,-298.4933740219567,-346.12119580607396,-294.0455152800423,-619.8755415636115
2025-12-12 17:20:04.410869,Left,-74.21089430703432,-51.71819403369591,-64.4714997994306,-60.47092938335845,-286.84542786545353,-323.26253636321053,-258.6262559799361,-588.2278837452177
2025-12-12 17:20:04.413823,Left,-86.62555872007215,-58.45020804577507,-67.44756434194278,-63.36705078474188,-298.8555135616334,-327.4704167743912,-250.5118247572682,-590.2885807101848
2025-12-12 17:20:04.417918,Left,-78.5237897948391,-48.259035145674716,-59.215716305348906,-70.46293282005354,-317.4646502804826,-356.96323250443675,-289.69161870883545,-632.5236660666997
2025-12-12 17:20:04.421852,Left,-67.06494475949148,-41.35798162272113,-56.79384391462372,-69.92813208544976,-316.21965249750065,-366.1100238354993,-310.1861775937723,-653.4428755937843
2025-12-12 17:20:04.425915,Left,-73.59211638869601,-50.029642942448845,-64.35729481800809,-62.269863409383106,-300.9754932242213,-341.96351262478856,-276.45304914558074,-622.7291577156866
2025-12-12 17:20:04.429958,Left,-83.66426504144329,-55.865296986892645,-65.49983012239682,-59.42691653803922,-296.79361166770104,-325.95224921393674,-248.01155797351385,-592.8711905106902
2025-12-12 17:20:04.433933,Left,-76.10237315864651,-45.84873731104017,-55.77453726013482,-64.27035343408352,-306.6082274792134,-342.57313464727486,-273.253231945273,-611.4670169036835
2025-12-12 17:20:04.438970,Left,-64.49801001961168,-38.09747291710664,-52.66965658127447,-66.88313188227767,-311.7634354091133,-360.34974038100336,-304.3746142394375,-643.9882738743909
2025-12-12 17:20:04.441961,Left,-71.7544347699586,-47.90973460127134,-62.87456801834924,-63.08817270139116,-306.8053458756185,-350.6359935630462,-286.63160731003154,-638.1511242582928
2025-12-12 17:20:04.445959,Left,-85.80252695317904,-58.12555000722932,-68.58930072512885,-61.12139542972727,-304.7953045954346,-335.77308886201354,-256.4050651761354,-612.0300336207729
2025-12-12 17:20:04.449991,Left,-81.12224334225175,-50.491822208685335,-59.95502736384515,-65.3856471056497,-309.34851101093227,-343.3431469100178,-270.05661633901764,-613.2778352944879
2025-12-12 17:20:04.453999,Left,-66.72723151539685,-39.90874300121504,-53.62549111995031,-68.3024053038389,-309.0979484838317,-355.87834631081205,-299.487126389693,-632.5571463874076
2025-12-12 17:20:04.458043,Left,-70.12216049486597,-46.99193926074804,-62.18147528258851,-65.03151511828764,-302.72078194399364,-347.7400232674554,-287.9768044104567,-628.8559121397557
2025-12-12 17:20:04.461954,Left,-85.93527588841971,-59.426409997438896,-70.59307419275865,-62.575497761936276,-303.12363400449976,-335.10592682793504,-257.9099241195945,-610.2074147454696
2025-12-12 17:20:04.466019,Left,-85.07043412097846,-54.295310897497984,-63.54164187872084,-65.90959016371926,-311.03888921276666,-343.256375579047,-266.86392898182385,-614.5505220751511
2025-12-12 17:20:04.469035,Left,-68.25942560574913,-40.37935601150093,-53.33305720430508,-67.88482714128622,-309.9811655639205,-355.11726446438115,-296.41390228894306,-631.2032633088529
2025-12-12 17:20:04.473102,Left,-64.79734402334725,-41.95981522490911,-57.044324785485514,-62.77739942907647,-296.1290642847889,-342.0691107719904,-285.76245952327736,-618.3698318779934
2025-12-12 17:20:04.478066,Left,-78.93079145681986,-54.39968445269915,-65.71192440728191,-58.1909828777425,-288.6260151832248,-321.0156939132721,-248.579359950847,-587.1670948471874
2025-12-12 17:20:04.482086,Left,-83.29343017327483,-53.8699834656727,-62.33202017676376,-62.02655161451548,-297.9512325230171,-327.4086950137862,-251.2665768196457,-588.9071094731335
2025-12-12 17:20:04.486037,Left,-70.30113012289803,-42.04313229142281,-53.81148880193359,-67.74798791410285,-306.86034073121846,-349.4704084114637,-289.0708266039728,-620.1486757512903
2025-12-12 17:20:04.490112,Left,-65.06886478218075,-42.00238821649691,-56.930598455131985,-65.50314221222652,-298.669484888087,-345.7830546515179,-291.37394271889934,-621.4040134293027
2025-12-12 17:20:04.493070,Left,-77.13238323145197,-54.089237649473944,-65.83761667813815,-59.49992402752105,-284.51719532185234,-318.39095468306914,-250.30121694755508,-580.7661729550455
2025-12-12 17:20:04.497132,Left,-82.84686839852657,-55.38621319820231,-63.17430921588675,-60.28895821214246,-283.56561381189385,-310.1366765147541,-236.28137170610717,-558.3318975871662
2025-12-12 17:20:04.501131,Left,-70.99424747977173,-43.5194043366937,-53.69204392826941,-66.14361438117339,-292.159299825551,-330.1374000685755,-270.7209177520126,-583.8502494278364
2025-12-12 17:20:04.506285,Left,-64.3170812499011,-41.44799962452089,-55.81907541191322,-66.80012037120468,-293.17050779418787,-339.61596541659674,-288.31472464092076,-606.2971121824812
2025-12-12 17:20:04.510103,Left,-75.7513016967423,-53.62415987926943,-66.12997972364246,-61.62587444901874,-284.2504895259626,-320.241042156762,-255.83651957369875,-581.9659034663346
2025-12-12 17:20:04.514210,Left,-82.55693324138701,-56.473803316344856,-64.3063234059955,-59.303744151999126,-276.5124771238188,-301.99816185818054,-229.0585833574296,-544.9413555355277
2025-12-12 17:20:04.518178,Left,-68.71058662422001,-42.37293143956049,-51.00162986946816,-61.426657560965396,-273.5005371274892,-306.81854558491614,-248.19702552712988,-542.9878795747645
2025-12-12 17:20:04.521209,Left,-56.52725034880859,-35.05552484506916,-48.015282175081666,-60.930907974849106,-270.45089440746233,-314.1640928352135,-268.04396714112954,-559.9659549348289
2025-12-12 17:20:04.525346,Left,-66.41679994460719,-46.30639298877213,-58.81346232003125,-56.572684269965976,-267.73283245495986,-304.4856752032647,-246.57113746693358,-554.7728204157902
2025-12-12 17:20:04.529185,Left,-78.14296196839132,-53.58554988531978,-61.6198207429552,-54.79593123080849,-267.25764381088084,-292.50516785064247,-220.91398886358365,-532.1434162968071
2025-12-12 17:20:04.533215,Left,-66.7664789656119,-40.84837887073809,-48.53995309078891,-56.120044040391804,-262.2586575864116,-292.2516891515115,-232.00639778701589,-520.5883079434279
2025-12-12 17:20:04.538254,Left,-48.58197531547921,-27.951101266764454,-39.63678463292308,-53.54548971353506,-248.42523919133237,-289.1412035881076,-246.63450813328382,-516.3329703257186
2025-12-12 17:20:04.542205,Left,-52.109013390683685,-34.46695741900476,-46.56490083812969,-46.825836408665054,-237.79476029408397,-273.78799961088225,-224.7285629849066,-502.1738754310645
2025-12-12 17:20:04.546281,Left,-66.64211611577775,-44.56665514589986,-52.46904961025575,-44.61373564940004,-241.94811457849573,-265.92562054330483,-199.52657441754127,-490.6715731479926
2025-12-12 17:20:04.549270,Left,-62.66815404544468,-37.2934655356803,-44.0892918757163,-48.81550419787527,-248.82642067188863,-275.66519899573177,-214.1746455114917,-496.5268156399252
2025-12-12 17:20:04.553299,Left,-46.22832173695497,-25.498152848042082,-36.03307732910616,-50.43246997788083,-239.2677138397703,-277.67004155990435,-235.6091510556871,-495.89013720676303
2025-12-12 17:20:04.557266,Left,-47.10155953004141,-31.39908713969635,-42.99624617310474,-45.91620367861469,-220.90453940356383,-256.3695086828666,-214.63782247900963,-467.045879681129
2025-12-12 17:20:04.561302,Left,-63.48817386118753,-44.904344365160796,-52.41877534755622,-43.97708193883591,-218.57444803830003,-240.54387535667047,-182.2026130083832,-441.7369015918812
2025-12-12 17:20:04.566332,Left,-65.54723901505349,-42.17263478625682,-47.8882380505529,-49.18030350949266,-232.19120823044796,-254.5062713791849,-195.2230091302772,-455.94984457758255
2025-12-12 17:20:04.570331,Left,-49.9912047185353,-29.13763686576567,-38.64685911864217,-52.18010686869093,-234.0662160377833,-269.4327121346141,-227.26894917257596,-477.4901681909105
2025-12-12 17:20:04.574306,Left,-44.47490915568778,-29.244323574355803,-40.8423248592444,-45.82898624445079,-213.85018323693657,-249.57537991961,-211.88577184034511,-452.1825410872698
2025-12-12 17:20:04.577352,Left,-55.8141641200782,-39.77973177636159,-47.43360784549441,-38.76791829254944,-196.170425899385,-217.22702108655358,-165.67700633371715,-401.1308419869747
2025-12-12 17:20:04.581362,Left,-59.376449219169444,-38.63507329967979,-43.272504685024614,-41.086759389945655,-200.56330882938346,-217.70243592909537,-162.66638944437727,-392.6989986336557
2025-12-12 17:20:04.585358,Left,-47.07510681770509,-27.07520417381602,-35.063479933698545,-46.89229980397795,-210.96896881394787,-241.2525882020127,-201.02255215734476,-426.51257872674614
2025-12-12 17:20:04.589411,Left,-41.860443008336006,-26.90413465614256,-38.277617705840385,-44.77846669626888,-204.0748113814043,-239.40604784991592,-204.95752064470435,-430.9838300412521
2025-12-12 17:20:04.593414,Left,-52.479811583369155,-37.97513865196379,-46.251827332089306,-37.33256891225756,-185.9037194767152,-207.8476968727773,-160.37143499735976,-383.555241607246
2025-12-12 17:20:04.598340,Left,-56.0125906837784,-37.564201382076135,-41.6626988441858,-35.36151969380444,-177.44235406786902,-191.03275482263416,-138.43958517565625,-346.9275947831338
2025-12-12 17:20:04.602405,Left,-41.94362572841055,-23.60930509203172,-29.869932136512944,-38.59913971959031,-179.9385199829121,-204.11359687242657,-166.45740897464566,-360.98053365480155
2025-12-12 17:20:04.605418,Left,-33.51414016333001,-19.74566414259607,-30.29221307396074,-37.62653149718244,-178.37812592013506,-211.09230582875898,-182.0034482558258,-379.7139368170174
2025-12-12 17:20:04.609448,Left,-44.32131832992309,-31.27386585267959,-40.19863778408035,-31.63526547404763,-169.0256153974915,-191.5095672198804,-149.2546437191777,-355.84781735169236
2025-12-12 17:20:04.613393,Left,-51.58200415293686,-34.50725580967264,-38.81091124973318,-28.9422310905793,-160.7918978885864,-172.37960610102164,-120.99665849568555,-317.6221386730904
2025-12-12 17:20:04.617446,Left,-38.066029691006406,-20.69262700114632,-25.657384830192314,-30.942579890805064,-155.8097497934359,-174.59342783823377,-137.52541390876286,-310.3794335683342
2025-12-12 17:20:04.621481,Left,-25.296869948870153,-13.015266428497853,-22.249410421267385,-30.278156715081423,-149.1868007199373,-178.07184359710664,-154.6510814378853,-319.4317994816229
2025-12-12 17:20:04.626426,Left,-34.614834862426505,-24.049515799692017,-32.88815173027979,-25.561805209203158,-143.12830637284787,-164.8787149626878,-130.66546342760557,-307.6521369126858
2025-12-12 17:20:04.629509,Left,-47.1536030646821,-32.14115928043611,-36.52616792690242,-23.8608161619195,-142.42223715316504,-152.31736477272352,-103.9798788682674,-284.13001929421443
2025-12-12 17:20:04.633496,Left,-37.83448099250381,-21.087557773542358,-25.113129139877856,-26.554273279951303,-140.64325179049047,-155.15377297258237,-117.11517740314594,-277.29022802435793
2025-12-12 17:20:04.637536,Left,-21.60164617325063,-10.026850801536057,-18.101254551365855,-26.265478256653296,-129.53258512658067,-155.01944843831006,-134.8346070520347,-276.2195155455265
2025-12-12 17:20:04.641465,Left,-26.254869799609878,-18.150537989458826,-26.662621302108164,-21.202741225264617,-117.30225568753667,-137.92807768454077,-112.43208781874273,-256.7929055906134
2025-12-12 17:20:04.645534,Left,-41.48269218375208,-29.453338631072256,-33.62210146387224,-19.25447727482242,-117.45140589779476,-125.13526872330112,-83.00784236751497,-235.46743732038885
2025-12-12 17:20:04.649537,Left,-37.95558192385943,-22.473094324603153,-25.414560424833326,-23.03817409783369,-123.34842367330566,-133.2379696762655,-95.44074099801946,-238.48224438738544
2025-12-12 17:20:04.654571,Left,-21.09289119076857,-9.657811750905239,-16.53238199891348,-24.11066115036374,-116.62361417995999,-138.63126928778365,-119.38403184170602,-244.6914075347595
2025-12-12 17:20:04.657511,Left,-20.450405619005323,-13.812062074488495,-22.045848380977986,-18.463633964332985,-99.23322522081435,-119.07588959281566,-100.05947569489945,-220.20612745999824
2025-12-12 17:20:04.660572,Left,-35.276010524015874,-26.14422024286614,-30.196652702841675,-14.847178799842368,-92.17625496542314,-97.95761361921905,-62.982616702560335,-186.28334500198252
2025-12-12 17:20:04.665627,Left,-37.14194905376644,-23.659902521212643,-25.46348624715756,-19.40412495326018,-100.00408584991237,-104.7299319547601,-69.53126000257907,-186.97287958452944
2025-12-12 17:20:04.669534,Left,-23.24370903254021,-12.249391332610685,-17.665698162760236,-24.17239930231881,-102.68206134747015,-120.18828631902579,-102.26262269739527,-207.45753781008534
2025-12-12 17:20:04.673627,Left,-20.35420791285287,-14.6387167963112,-22.463488594366936,-20.92605355408159,-89.75706045218976,-108.80287376203341,-94.68444409966469,-195.60327291907743
2025-12-12 17:20:04.677571,Left,-33.23388845354202,-26.60437864002597,-30.733019595762016,-15.339718970935792,-76.91423832834698,-82.0376910068444,-53.18648989632493,-154.4043285456719
2025-12-12 17:20:04.682576,Left,-35.290324365574634,-24.33060132330138,-25.13283811704605,-15.781341762485681,-76.92670521407854,-77.2937619057484,-45.18492519040592,-137.77332545397803
2025-12-12 17:20:04.685630,Left,-18.899741976783844,-9.232652818980569,-12.898754822279443,-17.859723582310835,-78.09313693712465,-90.450595355127,-74.74172971461667,-154.54193738882896
2025-12-12 17:20:04.689651,Left,-10.259748423690326,-5.785456820696709,-12.813808118546149,-13.203595027982374,-67.29463501216378,-84.80385604390176,-76.04386091901688,-153.85512338019907
2025-12-12 17:20:04.693681,Left,-20.66721470054472,-16.186740352088236,-20.464190373837482,-5.699803592295211,-53.675870776583906,-58.73951509129256,-36.07890956586925,-117.72513518936466
2025-12-12 17:20:04.697675,Left,-25.86500264512142,-16.91439240107138,-17.103242826393398,-4.882109763784683,-50.749966909817886,-47.79063798225252,-18.43654654355487,-92.0559746605577
2025-12-12 17:20:04.701679,Left,-12.153729615558404,-3.4803956465402734,-5.48508545729419,-8.782835718120623,-52.07234354194952,-59.14120920217829,-45.169353730627336,-102.01534550113138
2025-12-12 17:20:04.705703,Left,-2.464763820011285,0.8409304866145249,-5.102955723210471,-7.933054641020135,-45.031732577772345,-60.12475353037007,-57.04165235662367,-108.49171554099303
2025-12-12 17:20:04.709684,Left,-13.31973750150064,-11.208973107452039,-15.508368770038942,-2.819265661390091,-34.95821892301319,-39.95281803631224,-24.748252779536415,-82.72560053074267
2025-12-12 17:20:04.713728,Left,-23.300151830349932,-16.696165594745253,-16.51915833977546,-2.335895259049721,-33.871505924966186,-28.50661221682094,-2.5623053185117897,-57.975923157762736
2025-12-12 17:20:04.716712,Left,-12.420582545659272,-4.810974457315751,-5.337378714277293,-6.55850643642043,-36.274030829488765,-38.567858137830626,-25.32059405351174,-64.22494684183039
2025-12-12 17:20:04.720735,Left,0.6640592161566019,3.0535949397453805,-1.620898993285664,-6.459218495925597,-28.998930623929482,-41.4345402114559,-42.84848132633488,-71.34302189317532
2025-12-12 17:20:04.725706,Left,-6.742828820628347,-6.885788404768391,-10.954003748767718,-0.9768427501840051,-16.779480805882486,-21.63064786879113,-14.512131403957028,-47.27943042572588
2025-12-12 17:20:04.729766,Left,-19.011957876929955,-15.025989256209868,-14.467520753853023,0.9562628162020701,-14.277122385130497,-6.878134381433483,14.010322059650207,-19.9710195880034
2025-12-12 17:20:04.733765,Left,-11.105691872384341,-4.761021178463125,-3.858941471138678,-2.673948654650303,-18.4673002823547,-16.110263132082764,-3.7897251944523305,-25.008835942076985
2025-12-12 17:20:04.737780,Left,4.975830865456373,6.7573212268034695,3.4304484798194608,-2.892843949193775,-13.256797611596994,-22.884858535486273,-27.32298977964092,-37.02285587810911
2025-12-12 17:20:04.740810,Left,2.8291397426946787,0.8324723416662891,-2.985397409654979,3.6799291212300886,1.2674101157463156,-3.8279188671149313,-3.938241124356864,-15.3178133595502
2025-12-12 17:20:04.744748,Left,-9.23578978551086,-8.076419334713137,-7.297082998331462,8.261389693579986,8.598312210902805,17.211369876138633,32.202537053235574,19.355348680284806
2025-12-12 17:20:04.748867,Left,-4.423225933474896,0.0007957684429129586,2.2774766047659796,5.729294818382186,5.2478907926997636,12.177795243769651,22.65459408290917,21.028341768309474
2025-12-12 17:20:04.753882,Left,11.834383340727072,12.721923468641762,10.961408530332847,3.756503317912575,6.240250455914065,0.20247774259769358,-6.853567314043175,2.8218104862608016
2025-12-12 17:20:04.757831,Left,11.845290046796435,8.33915903961315,4.903565549066116,8.257256255405082,17.227893419883912,12.105625080148457,5.612915137753589,13.210736987006385
2025-12-12 17:20:04.761816,Left,-2.4281131170355366,-3.6322121960402,-2.8909951388195623,12.237933300071745,24.850814536534017,33.751095598126994,42.955005112686194,47.40946003503632
2025-12-12 17:20:04.765887,Left,-2.884776086641068,-0.14058842001031735,3.190538620983716,8.957005272895913,22.173852962063393,32.96053907679743,41.41217470704578,57.13797062647063
2025-12-12 17:20:04.768873,Left,12.176541693792387,12.377428504511045,12.234188247624843,4.717246115338639,21.014227772684535,19.000984714890365,9.523942508094478,39.35121262999019
2025-12-12 17:20:04.772874,Left,15.011957637107116,10.253056153789657,7.4043698569366825,7.311547053141112,29.034733369160676,24.313853614235995,11.552938947686926,39.88189962814795
2025-12-12 17:20:04.776892,Left,0.8071498003264423,-2.708748931512673,-2.1157461231559864,11.850355618251342,35.90416021208512,44.298832758824574,47.59851522935787,68.287525414431
2025-12-12 17:20:04.781902,Left,-2.846711581973068,-1.975823709526594,2.1241842481758795,10.327020641281706,34.176834485988365,47.66028276842553,54.757612406567205,83.0561202247045
2025-12-12 17:20:04.785904,Left,12.393930181999167,11.762386656668241,13.290684899191547,6.558349413618998,33.89401043529506,35.77252346914611,25.404281846625963,70.91596477793064
2025-12-12 17:20:04.789936,Left,19.51381167135696,13.484250439301832,11.580200813397823,8.519718458213902,42.59088794715353,38.785543849138776,20.299873347059474,69.45475674286718
2025-12-12 17:20:04.793886,Left,6.301297978534421,0.40641534558380954,0.9351653450758022,13.09955683768203,49.652644732472254,57.50320073281182,53.60969856887823,93.58931897830917
2025-12-12 17:20:04.796971,Left,-1.5586931101424852,-2.550298547535931,1.9313232544263883,12.267600850565941,46.407609802437946,62.16093978774734,66.85453366095317,107.84099721600069
2025-12-12 17:20:04.800954,Left,12.151811994692252,11.141918641078519,13.908422998629248,8.694496081508987,44.181855418282794,50.10036346290144,39.94955362479959,96.16515784454532
2025-12-12 17:20:04.804963,Left,24.231764869786275,17.648719905115286,16.525729743025295,10.945271591346682,54.26129027962452,51.9104937480588,29.539095502739656,94.25359656271758
2025-12-12 17:20:04.808939,Left,15.013249677733256,6.984658776000288,7.417470542121009,17.073974006227218,65.7327586273168,73.01133467409818,62.04118361219298,120.87327969074249
2025-12-12 17:20:04.813954,Left,4.230217270185676,0.9641765817432315,5.80587728536193,17.62894106353633,63.812123089956,81.2905580921215,82.58102198295819,138.91824460981297
2025-12-12 17:20:04.818015,Left,13.702397233155352,12.045371518179309,16.138380166350544,12.998462551277044,56.88461429506424,66.57627407046675,57.149906315637054,123.82550137731596
2025-12-12 17:20:04.821018,Left,27.003457400216575,20.371572417745483,20.138489676483005,12.907529742042243,62.33855390343524,61.34530169014761,37.363285784376785,112.59265441863681
2025-12-12 17:20:04.825242,Left,20.83846834648284,11.438160218354824,11.570787066484627,18.638407063273917,75.59777385885536,81.65320947633882,65.1102367885469,137.569116380997
2025-12-12 17:20:04.829062,Left,8.614801241888927,3.249654051836842,7.943197518758097,20.684834855526788,78.20288303599227,96.54444678151049,93.80071233215858,164.80396043258952
2025-12-12 17:20:04.833058,Left,14.757450019867974,12.159770764117638,17.26695086091786,16.222529250837397,70.52384574529424,83.98144323432643,74.13466055171739,153.87276562818442
2025-12-12 17:20:04.837064,Left,28.681578605079267,22.002109951785314,22.809492963104276,14.276015066006948,70.45540528622223,71.45920918538468,46.01916515211633,132.4044574672298
2025-12-12 17:20:04.841069,Left,24.985785210006725,14.638774771990938,14.72249036019457,19.07213173674063,81.3292644411631,86.089831190111,65.02012133975222,147.2867975490808
2025-12-12 17:20:04.846124,Left,11.434864657709113,4.235838229611545,8.783443444210207,22.208965436162543,87.00368633272592,105.23930223053321,99.13330386706366,179.63241334236227
2025-12-12 17:20:04.849104,Left,14.221541698188958,10.588309109001784,16.64954429390491,18.107974435819415,81.4603950658784,98.20225684929028,88.04285185586195,178.9632117037254
2025-12-12 17:20:04.853112,Left,28.319664970698796,21.61277829719438,23.554796393669676,14.210638642553022,78.39129326407419,81.95450498567516,55.00682304627844,154.36853403164423
2025-12-12 17:20:04.857179,Left,26.78323457852639,15.891382080177209,15.91236304258382,17.179659693885696,85.16194922690192,88.98390181746072,63.29619022587576,156.50769558407774
2025-12-12 17:20:04.861133,Left,11.986613276627395,3.384026888311382,7.434666118359019,20.91489004325831,90.59620158249163,108.04658653232036,98.80983716393166,185.51944272352557
2025-12-12 17:20:04.865167,Left,11.982238100676113,7.430513312774565,14.144768607293372,18.366402499093965,87.49450869099746,106.81008658280189,97.41045652688626,193.7110999532306
2025-12-12 17:20:04.869127,Left,27.779682856862564,20.925697130128356,24.21316205579842,14.607492383186582,85.68777324360053,91.97494250001546,64.6831263273707,174.18134349749744
2025-12-12 17:20:04.874156,Left,30.60301558795345,18.964182932869335,19.364413314189733,16.920708706080404,91.84882519985331,94.95875316111051,64.36138332808332,170.4812213306286
2025-12-12 17:20:04.877188,Left,15.4493784471033,5.241671326986761,8.818943016369303,21.0958649162485,96.31805403983708,112.41013320884304,98.68770172250515,193.7316687667335
2025-12-12 17:20:04.881181,Left,11.146763057238331,5.734147823420699,12.660875985046914,19.788072859049407,92.56534199830821,113.8584491775855,105.23313590309317,204.20930466723075
2025-12-12 17:20:04.885138,Left,27.288355059049536,20.808930265549407,25.038754674275424,16.738981018032064,91.06358537878532,100.33177375061223,74.74801093198994,188.56892009484545
2025-12-12 17:20:04.889220,Left,36.2453127570916,24.453623639520856,25.07659765786775,19.635388266896655,99.47153299623938,102.14911460673349,68.13335534111593,184.3528593800097
2025-12-12 17:20:04.893234,Left,23.830080267333074,12.023374478096912,15.028548208004167,25.080147294009294,106.51101469431796,120.46376539467292,101.34314188222288,206.71646477896866
2025-12-12 17:20:04.897186,Left,14.94301560848362,8.147803629474026,15.267832327301903,24.428829801463735,101.89936702460909,124.08829474967933,114.95659047736626,218.40700960176764
2025-12-12 17:20:04.902249,Left,27.221809225515244,20.854096117738322,26.330973074621454,19.975786585637707,96.2619016078479,108.52789403640963,85.64820175878958,200.89806185046473
2025-12-12 17:20:04.905267,Left,38.977419195949096,27.37877667189514,28.689698810692335,21.055135920354132,102.65294327248921,105.64017563509333,70.37077999677058,191.35747111514502
2025-12-12 17:20:04.909329,Left,30.114274121518974,17.107350098503503,19.611865694198514,26.883030815177335,112.43107707525996,124.26807879433181,100.04078474034031,213.34647963048337
2025-12-12 17:20:04.913235,Left,19.122226429877628,10.93544523273249,17.786210428010236,27.941197953072333,110.41240565470798,132.78350889387002,121.4838317441754,230.86467561249447
2025-12-12 17:20:04.917275,Left,27.83277546385034,21.554312236692567,27.765078237651323,23.442804616729518,102.38446547543572,117.44728824304912,96.50604915845906,214.28063672292046
2025-12-12 17:20:04.921329,Left,40.62089132046185,29.669512937073705,31.441780017811652,22.556961518470416,104.54449366918561,108.32500761725532,73.18031611371407,196.51392876388854
2025-12-12 17:20:04.925271,Left,34.05803193907195,20.44532691905806,22.285276813827295,27.217222919691267,113.98854156686139,123.72589359515405,95.99641781578248,213.05021585640498
2025-12-12 17:20:04.929319,Left,20.814826002590053,11.343567269643245,17.631206252953234,28.52600061609246,114.24347092441894,136.02753929155006,122.62884485953691,235.69015100822435
2025-12-12 17:20:04.933363,Left,25.63166154652754,19.203976898321343,25.99827735909821,23.49493312458071,105.47923207675922,122.86083923216938,103.14584587956779,224.01332118450955
2025-12-12 17:20:04.936382,Left,38.85850475425468,28.632588301755277,31.056195211400336,20.847100418895934,103.85550142442662,108.75144994213042,73.69081378561532,200.26206420423114
2025-12-12 17:20:04.941404,Left,34.78103329318583,21.052194840591255,22.410066832577286,24.79533014698427,111.6475825267189,119.52842381563823,88.95755394627486,208.3806884822552
2025-12-12 17:20:04.945377,Left,20.1734120512956,9.795196851356195,15.346028263451444,27.062812851176204,113.55224257364898,134.3472624458518,119.57705909877404,232.80375724048645
2025-12-12 17:20:04.949370,Left,21.68900193195259,15.176024966202021,22.252166245740227,22.301616606433527,105.45160199624661,124.78157981364348,106.98363480582339,227.81116828990343
2025-12-12 17:20:04.953392,Left,35.54849452890085,26.116617780046,29.13152619713037,18.135956847925627,101.71665656007826,107.83369322409271,73.34282531021745,202.4638878669066
2025-12-12 17:20:04.957417,Left,34.425002492826025,20.749568620391074,21.7078152162685,21.055363315763316,108.05751035061257,114.0041426649841,80.37514593044034,203.1047759442299
2025-12-12 17:20:04.961416,Left,19.251312731132202,7.959142358273311,12.741562120021626,24.642666394884145,111.34665941748244,130.5736381515453,113.94481117254327,227.05870085934293
2025-12-12 17:20:04.964414,Left,18.24548295785644,11.470416843096245,18.825181004087426,21.900279491812398,104.9454143953626,125.96497976851242,110.59589444991434,228.641397521802
2025-12-12 17:20:04.969433,Left,34.0206063446567,25.396298918169123,29.265206019454126,18.287550587334408,101.23288969269197,108.96260722534498,76.41095452566515,205.02955136430683
2025-12-12 17:20:04.973549,Left,37.92124247208267,24.540641084109666,25.384350590089525,21.11358179682611,107.7820932090981,111.78533221854013,75.49993628829543,200.80251151765697
2025-12-12 17:20:04.977452,Left,22.872396351722273,10.798450559870616,14.718254355511817,25.327551944139486,112.31810265523382,129.0260222475481,109.51514610249433,223.3564448551042
2025-12-12 17:20:04.981469,Left,16.448801290262054,9.424451683749794,16.715282968560132,22.685247867089856,105.36164677461784,127.39748481188144,114.0852760571288,228.66043875782634
2025-12-12 17:20:04.986429,Left,29.93973109019862,22.376836574047047,26.941354716558635,17.50293823725042,98.54946769187518,108.47904560710595,79.38870949267584,204.41283790805028
2025-12-12 17:20:04.989493,Left,38.18314639966775,25.541197426829967,26.29325856068681,19.357316731631727,103.87386192796112,106.72983870172175,69.31735866653617,194.27661102896673
2025-12-12 17:20:04.992500,Left,27.0241213682566,14.245160223523271,17.188587485168682,25.781958130190105,111.81461117116851,125.69545440327784,102.85985301922483,216.842228071735
2025-12-12 17:20:04.997534,Left,19.300792870992154,11.592499637861692,18.651881113444688,26.73818455032597,108.7645970719168,131.08791305265913,118.66092152512283,230.34506701873033
2025-12-12 17:20:05.001471,Left,31.190603386319708,24.361945191833,29.79504645189445,22.436582028250996,101.39369018636353,113.74306525246357,88.60042749458808,209.41706302115927
2025-12-12 17:20:05.005545,Left,41.191181154608785,29.550611544233107,30.636394851062505,21.856625061136583,103.21287247852888,105.64015475768247,68.92944611438725,191.46081083707395
2025-12-12 17:20:05.009646,Left,30.086806041916134,17.110868344338087,19.166605218440964,25.554563506462728,109.14513426442863,119.93855865464138,94.71936238138005,206.8002220056951
2025-12-12 17:20:05.012575,Left,17.17010715590368,8.99161420845303,15.380387243782025,25.04871111338798,105.5449290961551,127.04421338945394,115.0545444808813,222.78678736378788
2025-12-12 17:20:05.016573,Left,24.76602873273805,18.676813237698298,24.501991699871724,19.437799165290926,96.32549716728681,110.65058360112016,89.12491880026937,205.37559546163538
2025-12-12 17:20:05.020575,Left,37.02969476041835,26.541447424784565,27.809794565113407,17.660850848726113,95.96029672876466,98.5091738246847,62.91684910253389,182.81106086212094
2025-12-12 17:20:05.024621,Left,29.80801496293134,16.8173114002675,17.92110640921601,21.9599728128851,102.52490930975182,110.55607159860665,83.21091672762122,192.82591408363078
2025-12-12 17:20:05.029610,Left,15.784670993125474,7.039564054970469,12.557481330164592,23.567409830335237,101.4082859056798,121.68728460431157,109.9919576067914,212.37759501914843
2025-12-12 17:20:05.033620,Left,20.544868000772112,15.004781635885593,21.16345186082981,18.84375999117765,92.63375854864717,108.71941697968578,91.17556258216791,200.96945421316195
2025-12-12 17:20:05.037661,Left,34.26704887158485,25.0662794971704,26.83124786759072,15.738542820581642,90.39329117648595,93.41107482055668,59.79627064902161,175.99436673891614
2025-12-12 17:20:05.040717,Left,29.644201473489375,17.013400362275206,17.519547351130313,18.612442616089538,95.88400074618403,101.19540417342796,71.85016092829756,179.33465813990915
2025-12-12 17:20:05.044650,Left,12.923341551395424,3.823366615017221,8.490555073985888,20.02216192612468,94.89183237952238,113.387879847156,101.34590506448876,198.61728665221017
2025-12-12 17:20:05.048670,Left,12.667681024999183,7.774332248756764,14.137000382750557,14.962225233375648,84.93108618349652,102.6483956854645,89.27185418647423,191.0855017368449
2025-12-12 17:20:05.052670,Left,27.114799118677183,19.541699586345203,21.83922979651834,10.908270702399022,80.86202292887901,85.08720903482754,54.80268310397514,164.9177372069389
2025-12-12 17:20:05.056692,Left,28.312308646687598,16.492509343284837,16.43035145754766,14.617667723843624,87.86125184474804,90.86040776934533,60.13924419345858,164.66118144406937
2025-12-12 17:20:05.061684,Left,14.809139460649021,5.433293010899433,8.984179369497724,19.996615436557477,91.94120704274974,107.95997646820615,94.51991801633267,187.70329820018378
2025-12-12 17:20:05.065716,Left,14.04536058134181,9.560570336927412,15.804891075043997,19.442785386265314,85.85059899916814,104.52467953338055,94.47639067767886,188.7899984556134
2025-12-12 17:20:05.068668,Left,30.184317882085452,24.21688380856176,27.09086387663774,17.261768692238547,82.0067042708979,87.85353964893147,61.960011284798384,164.35784604400396
2025-12-12 17:20:05.072735,Left,35.41720133545459,24.64052993704172,24.288348645211954,20.2832292547173,88.28122447716305,89.5832070322358,59.07104965776671,158.38011458481196
2025-12-12 17:20:05.076679,Left,21.197592741900735,11.483508450202862,13.974642799148569,24.00639172531737,92.24512476184464,105.33103556436254,90.43775708107569,178.90676215509302
2025-12-12 17:20:05.080754,Left,13.621454672396794,9.065983950018563,15.04682106918699,20.80513050438094,83.8749021889962,102.54906444708467,94.62396738176176,182.33813341378118
2025-12-12 17:20:05.084702,Left,24.58771529443402,19.940881365637324,23.460665472794062,14.731836311711959,74.58008226689708,82.00059139644145,60.191133655709564,155.3679068677011
2025-12-12 17:20:05.089770,Left,30.415041418778856,20.97029048287004,20.622662908179336,14.678514416402322,76.77784220014291,77.20696689133183,47.8141352757666,140.8942513007205
2025-12-12 17:20:05.093793,Left,17.321411018710933,7.70338505973632,9.20143130339784,18.242403767686483,81.54659331658331,92.24410489547881,76.61111773361336,158.5946492854855
2025-12-12 17:20:05.096766,Left,7.700047304053442,3.1477998236896383,8.575675039381167,16.424126970483485,75.59877889670315,94.18284802543349,88.17892292543547,168.26913812264684
2025-12-12 17:20:05.100878,Left,17.827352319342026,14.336004324493842,18.29139388258409,10.567355595489062,65.93422924881452,74.71127883196459,56.371664144899114,144.8002837712702
2025-12-12 17:20:05.104852,Left,26.830594244922395,18.622052994751357,18.47242178477245,9.942988586681167,66.56530215738167,65.88748022135405,37.06913741977769,125.11547801454435
2025-12-12 17:20:05.108885,Left,15.772179849369422,6.115521176396214,7.038706614632247,14.401609887914674,72.4057539445057,80.29638420969422,63.72570626875677,139.37792146444554
2025-12-12 17:20:05.112880,Left,3.8171235120971687,-1.08552525784944,4.159883542408352,14.557183159646229,69.04262997406477,87.33972933189943,83.8301464584656,154.66661930008559
2025-12-12 17:20:05.117859,Left,12.966260169956513,10.320982632234518,14.9697468286613,9.346441958487048,59.84614980487095,70.315540625219,56.44380236977304,136.4041834452073
2025-12-12 17:20:05.121906,Left,26.468494424065284,19.55449692249931,19.646716542622016,8.161228136443242,59.560145563591504,57.876516092248494,29.549362704638042,113.03779517533258
2025-12-12 17:20:05.124898,Left,19.24933224201959,9.776200919308394,9.816985730762099,13.420205121810795,66.57039805676322,70.83970018442778,51.661028436079505,123.11827133008046
2025-12-12 17:20:05.128885,Left,4.693659057698824,-0.5679740559371567,4.108557710460445,15.946024327648047,65.90024959249422,83.19807573792059,81.00917523913085,143.22801569622243
2025-12-12 17:20:05.132927,Left,10.224647594968701,8.276725088458988,13.71090214479409,11.674428550943048,57.07839772629086,69.99904829334992,61.89219423907343,131.1712772428582
2025-12-12 17:20:05.136888,Left,26.12160121668785,20.54500078615274,21.447984797261597,8.7301889704122,54.577527705958346,53.225617569260066,27.508983591702417,104.16355305135949
2025-12-12 17:20:05.141024,Left,22.770584428028087,13.59999112918922,13.096328020346846,11.992203783669538,60.25090667861514,60.61143690285098,38.462662279518554,106.44507067330414
2025-12-12 17:20:05.144927,Left,5.0721338319453935,-0.668864100065548,3.15066536235463,14.053828907717616,59.72121628232708,74.26324897502491,70.87544699269347,126.87572516303044
2025-12-12 17:20:05.149928,Left,3.51618920173496,2.1169444925708376,7.925402649976604,9.323724731704715,49.61135674068646,64.47076099092374,61.3808540032187,120.15678616907098
2025-12-12 17:20:05.152957,Left,18.512034180963383,14.526726886995675,16.23900339809188,4.733120501803569,44.3893936536042,45.12815925356699,24.49430008593481,91.5910874134861
2025-12-12 17:20:05.156980,Left,20.675041476162733,12.241052535768176,11.281757413460582,7.013615626779938,49.6733459316747,47.6022028458392,24.588060980880982,87.05444940915913
2025-12-12 17:20:05.160964,Left,5.4297891227470245,-0.7875390807676013,1.814512041200942,10.39350821820699,51.85647076576424,62.56543556980614,56.543286062180414,107.55546022797353
2025-12-12 17:20:05.164975,Left,0.3983769055485027,-0.8182458468800178,4.851856160097668,7.5978973867077,43.53557521090261,58.2539012524212,57.34155771268706,108.11376961282804
2025-12-12 17:20:05.168995,Left,13.385666721471353,10.943656548541185,13.537999846157618,3.308497871423242,37.186892702258774,39.86234786629211,24.10603643034119,81.96464845599257
2025-12-12 17:20:05.172996,Left,18.696025040306267,11.415979147664984,10.626210060047015,4.916868126565532,41.53760187771695,38.72095818896196,17.154344892755034,72.13234492173069
2025-12-12 17:20:05.177009,Left,5.893909706850536,-0.5973939410705498,1.1895795865275431,8.285447044927423,44.98098694140208,52.77857509335445,45.31886981362186,89.98663355089957
2025-12-12 17:20:05.180035,Left,-1.4384610830966267,-2.90987848437544,2.4645926790053636,5.492818933118542,37.21477904629137,50.83109572797548,50.53829622948251,94.38493102867506
2025-12-12 17:20:05.184027,Left,8.910100287281239,7.380787272037196,10.605908350302343,-0.0777947672377195,28.618901566558634,31.921381886757445,18.856663838523673,69.72002953779884
2025-12-12 17:20:05.189044,Left,14.857910664642986,8.447611288655025,7.8650721994599735,0.019256668270827504,30.89597392329597,27.274478110688506,6.756104829721153,55.212829065625556
2025-12-12 17:20:05.192993,Left,2.540746568785835,-4.245141051183964,-3.1820350825528294,3.354789230354072,35.14519927906804,41.01568160991883,33.38212456696783,70.57229159903363
2025-12-12 17:20:05.197013,Left,-6.766258420480881,-8.50131922377841,-3.585900074454912,1.2239814624026621,28.653600632067537,41.99500776641071,43.43688796364586,78.67032052465947
2025-12-12 17:20:05.201076,Left,3.2077310664790275,2.720753278788834,6.301573949946032,-4.703324520662136,19.023375296543236,22.833669184416067,12.061516006535385,55.89452527128742
2025-12-12 17:20:05.205064,Left,12.30887783248545,7.149209801906181,6.706489832655279,-5.130546872705963,20.23843401230988,14.872913018349209,-6.252934599891887,37.60172270791372
2025-12-12 17:20:05.208126,Left,1.5880638782764436,-5.205834430949835,-4.6456987054189085,-0.4225819346465869,26.55548896387336,29.71586302718788,20.77182264282601,52.159048425150104
2025-12-12 17:20:05.212156,Left,-10.22233226962635,-12.360747516253468,-7.503753224493266,-0.17338801409732696,23.040998836702784,36.53292601053545,40.678858700586716,66.7183378211048
2025-12-12 17:20:05.217111,Left,-1.0941284682994592,-0.8564440917143656,3.479059286602933,-5.610902165988591,13.235016362756141,18.862278963526478,12.562931784603279,47.62863383733202
2025-12-12 17:20:05.221113,Left,12.369426248278614,8.390944480243888,8.169123126079285,-7.330573190411087,12.502550179255195,5.816254862758797,-15.458686763988226,23.881003434304148
2025-12-12 17:20:05.225143,Left,4.778090565356251,-1.9164472070915508,-2.2962724464869098,-2.656920188580443,19.452582571146195,18.651648472834495,6.0452985990123125,34.104931833193405
2025-12-12 17:20:05.229102,Left,-10.730149981180148,-13.296047141977397,-9.07281780590165,-0.632397978467452,18.52452384350181,31.06859530499787,35.648305247188546,54.355653472972335
2025-12-12 17:20:05.232165,Left,-6.108951756143142,-5.183773286152245,-0.1427274344914622,-5.3750971113177,8.863319185285945,17.386314973322442,16.529643483969267,41.70154125773115
2025-12-12 17:20:05.236170,Left,9.805198323416334,7.25774441984322,7.719935874569273,-8.59922955440561,5.738527058827458,-0.15186339821957517,-18.718186628029798,13.771410512155853
2025-12-12 17:20:05.240155,Left,7.326322171124048,1.0516172867901332,-0.08345265641037258,-5.084137214788825,12.019750192223,7.405379583753529,-8.21534984470054,16.33866793551715
2025-12-12 17:20:05.245186,Left,-9.507099171105438,-12.56103799203538,-9.463244246699105,-2.3172776766432435,12.911371881942614,22.364929767136346,25.161049409405678,38.604095657297876
2025-12-12 17:20:05.249199,Left,-10.814824406170374,-9.500358874335689,-4.267698786323308,-6.568000023053173,3.5086474559357157,13.529230362430098,16.809176025584748,33.3533760215214
2025-12-12 17:20:05.253222,Left,3.776305464150937,2.64657219793844,3.9775043719801033,-11.375205363152418,-2.2644233984610764,-6.171668210416101,-20.142140368574474,4.396621938096359
2025-12-12 17:20:05.257180,Left,5.159440739009369,-0.46252225015359727,-1.75708635454248,-9.665411721206056,2.317200643417891,-4.334246212194557,-20.535609516366094,-1.0899231736839283
2025-12-12 17:20:05.260235,Left,-10.717413811231381,-14.304286262100504,-12.079617927394793,-6.728199698043682,4.535535618502763,10.747277437345474,11.487952543255233,19.728129102528328
2025-12-12 17:20:05.264281,Left,-15.692424402284814,-14.332791996359447,-9.063374628518432,-9.90742483184522,-3.572299553998164,6.523701157071628,11.891104641406855,21.14868977185688
2025-12-12 17:20:05.269258,Left,-2.059455430291564,-1.8492399699462112,0.2968495895911474,-14.476139154126258,-10.027478710813739,-12.397687862612656,-22.567758381774183,-5.003204433975043
2025-12-12 17:20:05.273295,Left,3.7429351877362933,-0.87731197381936,-2.1905940618435125,-12.286857867863091,-5.177391558267118,-13.048981273313984,-28.86556312705943,-14.404804223886458
2025-12-12 17:20:05.276295,Left,-8.815179308892766,-12.685581520150663,-11.401501179365368,-7.038786871012235,0.28543013366288505,3.8922183668255457,3.510834971042641,6.410667559190188
2025-12-12 17:20:05.280291,Left,-14.860036894730001,-13.614698177788341,-8.667001402562164,-7.49412224329717,-4.7265929241111735,5.357165872068435,12.887802505785658,14.913237484186538
2025-12-12 17:20:05.284299,Left,-1.3972402533236163,-0.05080417160934303,2.6382122475624783,-11.390036388477483,-11.265357195625256,-12.292020486820547,-18.93960989711195,-7.850582225888502
2025-12-12 17:20:05.289345,Left,7.63614590940233,4.0874755684917545,2.708277703754902,-10.172783915121272,-7.675454440694011,-16.904173201866797,-32.91419590973237,-22.32289494012366
2025-12-12 17:20:05.293282,Left,-4.202158469110145,-8.25569716827522,-7.987291958353126,-5.344468926259367,-1.816440212809539,-1.110033253506117,-3.581142991359229,-4.9004233280720655
2025-12-12 17:20:05.297345,Left,-14.86397687778117,-13.846476664975853,-9.364188829821614,-5.55267632851216,-6.228280863680993,3.9312907846615417,13.267024338638294,8.037886510748649
2025-12-12 17:20:05.300370,Left,-4.372889124320864,-1.9759248872856006,1.3137583631978487,-10.089976008043436,-14.234575555070478,-12.959823028286337,-15.086714900229708,-11.521073064970551
2025-12-12 17:20:05.304398,Left,8.314799167974343,6.006688298514291,4.776091705780345,-10.014397632695477,-12.172974568224163,-21.99788408789027,-37.232151323503786,-30.773249145800946
2025-12-12 17:20:05.308319,Left,0.5043151388927072,-3.586379366723577,-4.399431960408947,-4.877102396586338,-5.011935254937271,-8.057927398200263,-13.457913629292307,-17.407085929939058
2025-12-12 17:20:05.312365,Left,-12.613304826275453,-11.974554632420222,-8.361001575148293,-3.7088694418291652,-7.250079776458733,1.2571200794336619,10.752809658908518,0.19402520754374564
2025-12-12 17:20:05.316365,Left,-6.790952048598228,-3.4936705820230145,0.2131719660046656,-8.31173154924636,-15.936755881142744,-12.715208449415513,-10.026704502510256,-13.899689119425602
2025-12-12 17:20:05.321409,Left,6.504807730516404,5.637583863835289,4.887860930477473,-9.9847108117674,-16.25840441298351,-25.236991266654513,-37.28094165759103,-36.454927485683584
2025-12-12 17:20:05.325501,Left,2.4788153538111146,-1.4198238118801783,-2.9718250272462683,-5.732420377994686,-9.240623921257793,-14.97185805249319,-21.894999983102025,-29.191074248898076
2025-12-12 17:20:05.328420,Left,-10.505610839097244,-10.503920161280803,-7.921421055290921,-3.5901147676179335,-9.6201435101284,-3.6009900004719384,4.410335060558282,-10.14583432256768
2025-12-12 17:20:05.332452,Left,-7.505664967558005,-3.8295775844351283,-0.0542818881549465,-7.216947514261392,-17.895280112847104,-14.086395424259536,-9.260211964727205,-18.56027560903749
2025-12-12 17:20:05.336455,Left,5.5899563312032114,6.047539625302761,5.8847275177286065,-8.980483804814412,-19.266914100451686,-27.100437536108075,-36.39488648366387,-40.589447557140375
2025-12-12 17:20:05.340482,Left,3.638413699645753,0.25966385553692817,-1.5179095136090837,-4.7572456046814295,-11.805832702168118,-18.36835972714107,-24.73435043234349,-36.46453718536213
2025-12-12 17:20:05.344480,Left,-9.597385627775111,-10.047148285742423,-8.217706199691747,-2.349159830092958,-10.768979184533237,-5.9322721577955235,2.561128771623771,-17.118106312584132
2025-12-12 17:20:05.349470,Left,-8.627355782778068,-4.727283021635458,-1.1570761759166999,-6.968982321639032,-20.171827698271954,-16.44305892043485,-9.77923732274212,-23.875558368861675
2025-12-12 17:20:05.353481,Left,4.5397298780335404,6.2303745473013805,6.147446069677699,-10.848438188325872,-24.64722327141135,-33.265253328791005,-41.87823776085861,-48.72466087192879
2025-12-12 17:20:05.356576,Left,3.3756691523153677,0.6730714060603873,-1.631974284203352,-7.210464230353409,-17.601061997545912,-26.152545253164135,-33.35181600502983,-47.567597878987726
2025-12-12 17:20:05.360515,Left,-12.076964978972683,-12.86831656831518,-11.742274324922619,-3.0358484338389644,-13.635351984637964,-8.920111086459656,1.288342492416632,-24.093123526145064
2025-12-12 17:20:05.364511,Left,-13.213445886893169,-9.14057785931525,-5.5278012459243655,-6.37333051144833,-21.669668036880466,-15.623645471016061,-4.306130990729798,-25.386941438075155
2025-12-12 17:20:05.368522,Left,3.589781869624858,6.568461051764373,6.660400065975864,-11.232212870581407,-28.23108914716977,-36.798565276443696,-44.034609344156706,-53.78324943062762
2025-12-12 17:20:05.372549,Left,8.0137724686806,6.196595308303245,3.066937917284122,-8.28612032037563,-22.059809444899656,-34.83417228946564,-46.120204107588506,-59.63989070833486
2025-12-12 17:20:05.377570,Left,-9.05682945151284,-10.142434878180381,-10.088052652110946,-2.1541367481104317,-14.917079873222974,-12.92686582522947,-4.5061268962681424,-32.44805315757185
2025-12-12 17:20:05.381574,Left,-17.408032259316542,-13.338330208700711,-9.463527583071937,-3.4426777302455775,-20.327234238264282,-10.949743725224835,6.474269514745174,-22.670748916360026
2025-12-12 17:20:05.384576,Left,-1.7149258140298116,2.4833395817718156,3.5412624465079716,-9.74205364669342,-29.250169564224052,-33.84165897429011,-34.481966896985796,-50.960311556904344
2025-12-12 17:20:05.388583,Left,10.169437227993285,9.330763688368961,5.758526006583679,-9.957242159451198,-26.833923756295917,-42.350160634965505,-55.94492873911213,-69.56713195905104
2025-12-12 17:20:05.392619,Left,-2.7815710453323845,-4.305069565963777,-5.963478695662388,-3.844944110349388,-18.85447441090946,-23.024661389437824,-21.12841283050966,-47.52557240981696
2025-12-12 17:20:05.396583,Left,-17.019795457442683,-13.436342204531456,-10.067320121731427,-1.6677581816866223,-20.007239160083373,-10.959243613070612,7.716098564832919,-25.64582482539845
2025-12-12 17:20:05.400645,Left,-7.226209744374728,-2.1312272058148665,0.28729098332757985,-5.774320060390892,-27.259535305993268,-26.246939580028993,-18.105732763452295,-42.73307544576528
2025-12-12 17:20:05.404639,Left,8.630665644986664,8.905255331151693,6.117978324823866,-7.699743251368091,-27.17479458149819,-40.436934305377235,-49.91858311743431,-67.86646362670217
2025-12-12 17:20:05.409654,Left,2.868434378675687,1.0593323241105281,-1.9253606292705854,-4.329871648478729,-21.40006239107106,-30.30379098210642,-33.499804156440405,-58.80771580797864
2025-12-12 17:20:05.412613,Left,-12.625092303112297,-9.763015226514199,-7.9487321212897655,-2.508673096279381,-22.19179309705039,-17.563261617121157,-3.602005790306521,-36.452795211464945
2025-12-12 17:20:05.416661,Left,-10.012315590198455,-4.2376376497818455,-1.508850362273506,-4.950673867152545,-28.071713672749183,-25.154657935215027,-13.575790449845954,-42.1026405475468
2025-12-12 17:20:05.420634,Left,4.487203888909789,6.221617692742711,4.579263956718648,-5.139453171420428,-26.694646699354053,-35.73972046947347,-38.698073853848655,-62.08603692216292
2025-12-12 17:20:05.424715,Left,5.261831695183901,3.7357149927001956,0.5848587031060788,-0.5110637151183255,-19.15263636978898,-27.901335337015553,-29.591169770592387,-57.96929066421308
2025-12-12 17:20:05.428723,Left,-5.063806680639573,-2.923470275748514,-2.348720627609623,1.901962093757902,-18.768109810870556,-17.379873483574556,-6.267899021736412,-39.744937798600404
2025-12-12 17:20:05.432719,Left,-4.3409005716519005,1.5298597716694076,3.724665914570437,-1.484652072357676,-26.057574286904128,-25.138706122972508,-15.108032431691754,-43.83990224180343
2025-12-12 17:20:05.437756,Left,4.795024323274447,7.555337229892302,6.3398987566242795,-4.029944442474516,-27.582556001589182,-36.084479150178595,-37.54479061590246,-62.25984984416573
2025-12-12 17:20:05.440692,Left,1.2769996137089947,0.07561596547930094,-2.87897209697735,-1.6883851534830683,-21.63962440407886,-29.034540186539743,-28.075784652060975,-59.712230804987485
2025-12-12 17:20:05.443760,Left,-11.249448166125603,-9.690865645478425,-9.4771115133467,-0.8815372091539757,-21.943057994205446,-19.44786367846791,-5.925964274309081,-43.6642069382051
2025-12-12 17:20:05.448783,Left,-9.801165742605917,-3.8162195790264377,-1.8960477060322773,-5.716532737870693,-31.182698118906046,-30.177958843754823,-19.32649669325474,-50.152949556977546
2025-12-12 17:20:05.452738,Left,2.8704530072363923,6.8057731482704185,5.39377335645986,-8.92306619975443,-34.42914182971799,-44.950802501276485,-48.54269614057739,-71.74781743855783
2025-12-12 17:20:05.456872,Left,1.2380480926171913,0.6949724668197632,-2.7960177493630454,-4.95924612489398,-26.45504872064157,-36.44686182844271,-38.09907852384822,-68.4972477670417
2025-12-12 17:20:05.460853,Left,-14.524141000420968,-13.394756417316785,-13.525966227088247,-1.229253364735996,-22.44552200153703,-19.28706321703794,-3.746000411836576,-44.971423061222595
2025-12-12 17:20:05.463894,Left,-16.579712397495314,-10.659176003036464,-8.216064649835062,-5.313342146708237,-30.8183913903722,-26.031448463196284,-9.21109950990649,-45.81199480588839
2025-12-12 17:20:05.467852,Left,-0.8644400002785915,3.9984404474153052,3.124692273956498,-10.870057294706385,-37.57139039203139,-46.84062645071026,-48.21246133588102,-72.87432331587843
2025-12-12 17:20:05.471850,Left,3.7556827361031537,3.6618353978033156,-0.5285513334742973,-8.636787339795774,-31.499892959545832,-45.40920442971037,-51.7463754913224,-78.72747036467626
2025-12-12 17:20:05.476812,Left,-11.973059606810239,-11.618057655871326,-12.96624255140523,-3.017251736335311,-24.371808840238373,-24.750999276508082,-13.192216186809674,-52.83036788455502
2025-12-12 17:20:05.480811,Left,-19.982533367770884,-14.487426132129258,-12.013069941988306,-3.9251337106843494,-29.07792032327052,-22.05779190595422,-1.5620062279776903,-41.90194633972715
2025-12-12 17:20:05.484880,Left,-5.987654660992121,-0.11196651190221019,0.057095410785223066,-8.90236731359164,-36.2302543739861,-41.114820412927656,-36.10548148193993,-64.95603121239401
2025-12-12 17:20:05.488892,Left,4.216331063609687,5.125749152752633,0.9899881655114768,-8.394982096894637,-32.34965279290191,-46.47663686714441,-52.48612494858753,-79.20598957279435
2025-12-12 17:20:05.491900,Left,-8.05135929833159,-8.09232077591605,-10.794881381013056,-4.035636704440549,-25.468096487991716,-29.723236198624363,-22.54492250218027,-59.93385312457394
2025-12-12 17:20:05.496021,Left,-20.780957137598307,-15.91915826385548,-14.40408717199216,-5.707482504563814,-30.26483492427724,-24.613327049752115,-5.343859894426714,-45.92422153779626
2025-12-12 17:20:05.499929,Left,-12.899837773657055,-6.384398205699199,-5.848486003205835,-12.678217105981275,-40.221412999671884,-43.05843190752785,-35.13543325139108,-65.86020653929154
2025-12-12 17:20:05.503955,Left,-2.767896502050462,-0.8533964437388022,-4.533453190170803,-13.921590699703302,-38.69314364753882,-51.65501420175133,-56.01262628488621,-83.32514954018552
2025-12-12 17:20:05.508936,Left,-11.675607780589417,-11.914104980776301,-14.968796999924052,-7.614764817396463,-28.916947866793635,-33.70906495951931,-26.86911940349455,-64.57212601268839
2025-12-12 17:20:05.512964,Left,-21.76159569266565,-17.642842977226792,-16.453619250627526,-4.254597507533617,-27.80869255606376,-21.570089266231662,-1.0108754654538643,-43.289599060837645
2025-12-12 17:20:05.517008,Left,-9.383562981478462,-2.6256731911230418,-1.9181605937983477,-7.590715859996635,-35.0060415443877,-37.16321854746275,-27.980477714314475,-58.96181030618027
2025-12-12 17:20:05.519994,Left,7.249390627200228,9.885122302595846,5.906135719244958,-8.337581900867917,-34.12749264881859,-49.798243439970975,-57.45258061165441,-81.21529154932068
2025-12-12 17:20:05.524047,Left,-1.953857330649953,-2.4919917194761183,-6.450557464056146,-2.243999289362364,-23.818888490932295,-31.78053201185321,-28.74104113123758,-63.85538795567845
2025-12-12 17:20:05.527973,Left,-22.63085108127325,-19.364235440622906,-18.087511576161887,0.9081374400930144,-21.317842021540855,-11.950709353259299,13.007503596942115,-33.1794142128565
2025-12-12 17:20:05.532013,Left,-18.187347392369702,-11.197735056383863,-9.101768817099583,-5.384760367684066,-31.610499346053984,-26.788469718328997,-8.506356279780448,-45.29907840471424
2025-12-12 17:20:05.537049,Left,5.111875307427908,8.75852435261686,5.067818436065863,-11.698715397476917,-37.94486843199775,-53.912241893332975,-62.128985824470874,-83.74479114216228
2025-12-12 17:20:05.541030,Left,7.031886306714114,6.545661579665193,0.49914121042547777,-7.891982000830467,-30.40194210714617,-47.817585304645036,-57.00043369649211,-82.8607643879659
2025-12-12 17:20:05.544994,Left,-16.809576123830084,-14.306645263092832,-14.733386691335,0.16731446895937552,-21.525142061429506,-17.09898261831404,1.7702243103267392,-40.7348432185172
2025-12-12 17:20:05.548064,Left,-26.517228364260518,-19.21824389080075,-15.611660391944497,0.822710228251708,-23.598508202463563,-9.72725482972237,20.44087278102961,-24.311062942506396
2025-12-12 17:20:05.552110,Left,-5.416826657732599,-0.334609867547897,-1.473536027735463,-4.875959407146183,-29.830060364580277,-34.21564825023597,-27.638484870218235,-57.72106784883363
2025-12-12 17:20:05.556131,Left,13.370809982412538,13.254133327845466,6.377040837884124,-6.889392567885807,-29.387556349400256,-50.15290770266438,-63.908453892854595,-85.31013479427202
2025-12-12 17:20:05.560117,Left,3.0066052298861905,4.203659706610779,-0.019713560797754326,-2.4755910751646297,-24.515637324257114,-35.26009702211741,-35.958466118881915,-65.11114015123167
2025-12-12 17:20:05.564106,Left,-16.844863864632316,-10.311806440778582,-8.166883765097737,2.4373637022163166,-21.45843796490226,-13.310841581645946,9.690347446401574,-30.000678087075357
2025-12-12 17:20:05.569066,Left,-16.591712594670753,-10.478142926535384,-8.361272468807329,3.9524025634982536,-19.20379102637162,-10.423630373756168,13.28621001214924,-27.04052478433732
2025-12-12 17:20:05.573190,Left,0.008387923873669934,0.8359525811047206,-2.491654931127414,2.633482424959766,-17.611000985136343,-23.321690991484502,-17.745256751892157,-50.9463026578087
2025-12-12 17:20:05.576082,Left,10.624946927247038,10.964205103321092,5.477414526743814,-0.64751072728086,-21.678865680700255,-36.49673480352067,-42.80150124698412,-67.86018638020323
2025-12-12 17:20:05.580143,Left,6.889074208456805,12.166720713722498,9.695939614280178,-2.937065518764939,-27.781742061979458,-38.749161189291044,-40.920278546745976,-62.9313976837002
2025-12-12 17:20:05.584143,Left,-5.429453160105368,1.0562198345978686,1.3033816930228568,1.0528047367911313,-22.913261574602075,-22.94081884148909,-10.93290850754056,-41.3407794736122
2025-12-12 17:20:14.342302,Idle,411.068603905832,278.1598736642905,346.2963196355839,358.0994422745306,1672.335188466094,1886.8973076342158,1514.3267501285786,3422.1064715950483
2025-12-12 17:20:14.358384,Idle,2214.248992611657,1498.5762908875017,1864.6332428637631,1926.9431260626523,8999.054345462524,10151.90887260959,8144.853537027152,18412.001782185034
2025-12-12 17:20:14.362317,Idle,5072.724218087876,3433.4190115746155,4268.895998424816,4409.366046424697,20589.93175355244,23222.488728507535,18624.273271419806,42116.908945631105
2025-12-12 17:20:14.365473,Idle,6333.775375701051,4286.169558210611,5324.138412165066,5500.647270516265,25671.894351120172,28946.975335661977,23207.00566862747,52493.75297691817
2025-12-12 17:20:14.368395,Idle,4257.887684283616,2879.1185779674715,3572.847542664249,3702.021604068481,17239.884634182374,19436.796612740887,15583.795710595055,35235.01088997032
2025-12-12 17:20:14.372423,Idle,416.49978317317436,280.0831948103223,347.1295954688467,378.98260067287265,1691.5587227155047,1913.4701849087578,1549.7854565578891,3451.3004760651093
2025-12-12 17:20:14.376439,Idle,-2459.204801553271,-1659.3046159656406,-2059.9027754981653,-2119.368130814313,-9972.243737661222,-11233.898356701655,-8988.555747464823,-20377.75744922302
2025-12-12 17:20:14.380459,Idle,-3156.518954907311,-2124.8454055375187,-2643.9529124188484,-2746.104405054153,-12868.864703370346,-14512.081113074033,-11639.597204499878,-26305.52973613987
2025-12-12 17:20:14.385422,Idle,-2250.4320899942395,-1513.9355735418503,-1890.4464152652363,-1971.298607854449,-9231.574321933731,-10422.159380376223,-8376.576062701992,-18889.97232258739
2025-12-12 17:20:14.388424,Idle,-994.5158526135492,-670.9201641287582,-838.657901660481,-866.9662250786641,-4079.0612830771715,-4604.882205085363,-3698.268255762814,-8353.264530571993
2025-12-12 17:20:14.392429,Idle,-321.37253715978295,-216.67878121089598,-267.3106130659871,-268.88015117177565,-1289.1541166872485,-1446.8514595841407,-1149.0099927618867,-2627.3385315443156
2025-12-12 17:20:14.396426,Idle,-456.9636375026894,-304.4811010962585,-378.5764764484484,-395.6589067280729,-1870.861509725335,-2107.1135032396414,-1687.555647140718,-3815.65203758399
2025-12-12 17:20:14.400432,Idle,-1011.791101573006,-679.5293264917418,-850.807649234237,-889.1050833414047,-4171.704830618401,-4712.555236933869,-3791.5529602238094,-8541.559396111523
2025-12-12 17:20:14.404456,Idle,-1377.6566515232553,-930.9150445931882,-1161.2797250717267,-1198.0849257836817,-5625.709407863324,-6348.247182697873,-5093.969382437819,-11518.05153991934
2025-12-12 17:20:14.408422,Idle,-1238.3676739876391,-836.9407519622473,-1037.9469840312813,-1065.3801354853495,-5007.359435824095,-5639.720761467703,-4510.272304798302,-10232.366362035275
2025-12-12 17:20:14.413483,Idle,-816.645037529408,-547.8211045111238,-679.7526483707043,-708.3345478234696,-3320.5699181938544,-3741.043808520306,-2996.9182317309314,-6777.303034035955
2025-12-12 17:20:14.416497,Idle,-583.5531625165313,-390.40072757004236,-490.5438234915928,-519.8447026735521,-2426.680272298516,-2745.3923800139455,-2216.5952823432162,-4970.476298392983
2025-12-12 17:20:14.420499,Idle,-713.2925453079515,-483.49278199668333,-605.2042350292177,-624.4708412806212,-2925.3594421983,-3305.497589835548,-2658.357436128659,-5998.461969198892
2025-12-12 17:20:14.424587,Idle,-920.5926940920763,-625.1739385552937,-773.8286609356292,-788.3783051711507,-3700.8581716064364,-4166.401629186817,-3328.1767568486976,-7563.003110876307
2025-12-12 17:20:14.428463,Idle,-873.2583734708314,-588.2666234973003,-727.5442290885549,-753.0830504404148,-3523.4962420498487,-3966.4382901487406,-3171.9241138420766,-7188.388508457458
2025-12-12 17:20:14.432535,Idle,-624.9576917336963,-418.15416110117803,-523.5722973532975,-555.1754217265698,-2584.109324412537,-2921.1699621584266,-2355.456150886137,-5287.734850531444
2025-12-12 17:20:14.436562,Idle,-497.52796112702345,-336.7993957625149,-423.96754576833337,-441.6341342519154,-2061.3550795641495,-2334.072385370033,-1884.1439236865845,-4234.872063676361
2025-12-12 17:20:14.440527,Idle,-612.5885730824666,-418.03975809043914,-517.4192232259666,-523.1457003481919,-2455.318681169534,-2764.5783545051236,-2207.3770804072265,-5023.168858922087
2025-12-12 17:20:14.443644,Idle,-741.5090827034146,-501.45540186984,-618.0067296363995,-634.8848755649524,-2968.133372155833,-3338.0778201356297,-2664.1200818620855,-6052.825929834275
2025-12-12 17:20:14.447626,Idle,-654.0449768223625,-438.650020309884,-546.5991076203063,-577.1883798128401,-2680.449430528097,-3026.360854401253,-2435.3984537924407,-5478.254677830264
2025-12-12 17:20:14.452574,Idle,-438.6113379445742,-296.2855819886754,-373.58887963177403,-393.30030030058697,-1825.0743048113072,-2068.4182346230373,-1673.6506411236478,-3749.8591240709648
2025-12-12 17:20:14.456651,Idle,-354.31216620016494,-243.54430845713068,-302.06435389004764,-302.7602466599783,-1418.9223513439065,-1599.009335760842,-1277.377431821311,-2909.4628698481247
2025-12-12 17:20:14.460626,Idle,-463.99986194630037,-315.42241939327505,-386.5436027631222,-392.2963741153653,-1834.1607649513753,-2059.080482113757,-1637.0014187806519,-3737.2516689591575
2025-12-12 17:20:14.464660,Idle,-568.6504878001288,-382.1949565233517,-474.29257618958945,-499.16569937975146,-2312.7027167007327,-2608.4889709487325,-2095.4333775109844,-4721.985187003156
2025-12-12 17:20:14.468583,Idle,-495.69697694736533,-335.14117310763686,-420.61533880617935,-443.6557582055975,-2046.8370119570754,-2317.7222859447356,-1873.8343131365255,-4198.48465829296
2025-12-12 17:20:14.471649,Idle,-319.71783548319945,-220.97828724738793,-274.1453410736867,-276.65402491390705,-1277.3706036042422,-1441.5525796115398,-1155.8373928363435,-2619.777411259245
2025-12-12 17:20:14.475667,Idle,-240.5666977079236,-166.53097909491044,-200.7912532422779,-198.81739229132654,-913.4124050312676,-1021.2402962794295,-806.1325836098986,-1853.72605527821
2025-12-12 17:20:14.480625,Idle,-317.9708054601215,-214.66161602134525,-264.1232500960614,-278.77218971718685,-1271.113806325593,-1431.6064161851536,-1148.8608281309716,-2586.8434222354554
2025-12-12 17:20:14.484681,Idle,-410.0068107188563,-277.6708151371422,-348.2361299228651,-368.8296266591642,-1688.2283414652338,-1912.2418515277095,-1547.9697884389898,-3460.9784656327683
2025-12-12 17:20:14.488700,Idle,-366.91330844303593,-252.7439730179758,-314.4024925249105,-319.8401413576212,-1474.733639945509,-1665.5494252670323,-1337.911597684084,-3025.148402408464
2025-12-12 17:20:14.492713,Idle,-219.68396502756514,-152.69526793390105,-184.0942241260782,-180.7825338722032,-831.1419461204205,-929.0036795960041,-732.3806603344274,-1688.6595127731562
2025-12-12 17:20:14.495669,Idle,-132.96118114313867,-89.80646630286356,-108.22157019136648,-115.94812582734448,-513.2902720605489,-575.4924964228412,-459.67690755747026,-1036.4251586254686
2025-12-12 17:20:14.499756,Idle,-189.48309048132796,-128.36410178951337,-162.2861285188119,-177.40529358272033,-790.569216501317,-899.5495565930614,-735.6906296281959,-1623.8654327866388
2025-12-12 17:20:14.503745,Idle,-282.16710745333694,-195.74077713028237,-244.15673240588512,-248.59055582620203,-1133.8519411723246,-1282.7662548724911,-1033.7389848153107,-2329.8468339656247
2025-12-12 17:20:14.508748,Idle,-257.4740504159563,-179.45495023104013,-217.26212080210098,-213.55433377070585,-978.3975993858185,-1095.2845551192877,-865.8588075993466,-1990.9618240799755
2025-12-12 17:20:14.512767,Idle,-124.31274806981673,-84.72907376560033,-100.55715689490899,-105.9171702254389,-463.85874870361295,-517.5056658703834,-409.9859624628443,-931.8880823579384
2025-12-12 17:20:14.516748,Idle,-41.65963700397697,-27.901221809603157,-36.80080836103298,-49.05584625581105,-187.6538702493417,-218.75339471030748,-189.3683823539177,-387.6629587204661
2025-12-12 17:20:14.520789,Idle,-95.43787786555185,-69.08185051469627,-87.73154418010381,-89.39962674683193,-386.1963245801744,-441.7205375818303,-362.9950966758188,-803.3331816692371
2025-12-12 17:20:14.523816,Idle,-179.15881572700164,-127.44844953563006,-153.1313364973321,-145.90882511017844,-661.9003142695292,-739.462842031382,-581.6274707937264,-1347.320109850145
2025-12-12 17:20:14.527821,Idle,-150.69400597865751,-103.48505648822174,-122.64307375178032,-125.36691589856491,-558.211780024285,-621.672956446535,-489.50864308013115,-1122.954220626736
2025-12-12 17:20:14.531806,Idle,-34.49346598646662,-22.082704290703987,-28.86121632163122,-41.37737336620194,-156.6438053821912,-182.19238337303977,-157.56589500702103,-321.17757576773874
2025-12-12 17:20:14.535765,Idle,24.9516400532666,14.362681905004138,14.229780809226213,12.278512867269455,80.87389775612974,82.63966537895612,54.63912922667805,147.3560703508556
2025-12-12 17:20:14.540823,Idle,-23.42145058510505,-21.114879264321644,-23.212907765759155,-12.0846939240364,-51.817735203163465,-54.24880958921858,-34.10661851504119,-109.2537016706774
2025-12-12 17:20:14.544842,Idle,-77.59018922929681,-53.88836059883397,-61.1169245949568,-58.286580766623956,-263.94409211634775,-288.81701766172773,-218.5934571758844,-525.6373973205918
2025-12-12 17:20:14.548890,Idle,-45.009539469152514,-28.169163609174575,-35.57404492689966,-47.200114018320164,-197.62783191833296,-226.22663740470307,-188.51095166124287,-403.4533008459839
2025-12-12 17:20:14.551882,Idle,33.29638352354232,21.774101845745463,22.63112896644452,17.716094046121725,100.68350763498165,103.70648547991004,69.84713437866594,186.58253383048577
2025-12-12 17:20:14.555865,Idle,64.69152152707102,39.19683243465988,49.921132038467476,61.70970173634851,288.5422116386035,326.6002910668467,267.74317093967693,580.5274885645777
2025-12-12 17:20:14.559908,Idle,38.370598914865695,24.033317422145046,35.47394875233658,44.25674452347994,207.86760555674118,243.44973165378178,209.8344259913065,436.11064503979287
2025-12-12 17:20:14.563937,Idle,16.231663151143948,13.113075110509271,16.891745082793932,9.237444454511206,62.73493584079188,69.99128665446915,52.88041280844118,132.6389662975198
2025-12-12 17:20:14.568920,Idle,33.20237994370382,22.088557591315748,23.336275362048582,16.454290420459074,102.86659613538268,106.50643051442603,70.87937992341176,195.03526331010107
2025-12-12 17:20:14.572964,Idle,67.10841326594345,39.951184830908005,50.47390127927292,60.292375295921374,298.5514651572594,336.1327194456462,270.7786667624496,601.9328597473796
2025-12-12 17:20:14.576911,Idle,88.76258777715884,55.5761860894836,75.87171088918694,88.05576323028981,430.1435981006216,494.6762649487064,410.6008836368201,894.3332620104047
2025-12-12 17:20:14.579978,Idle,92.84191479899164,62.760246718509734,81.21346998750232,78.2005495096455,400.9231433663372,454.3149996526481,363.8313687295886,833.1103259777301
2025-12-12 17:20:14.584004,Idle,86.09976169118454,57.38833560034254,68.45580839491959,61.68979945913452,327.73752628904185,360.8145403963863,274.3357311697182,661.200917004986
2025-12-12 17:20:14.587961,Idle,80.72205758712516,49.249038390567875,61.21160289216641,69.11887347206357,346.0691218104621,387.4556245562562,308.36803438095376,697.4510874028201
2025-12-12 17:20:14.591957,Idle,93.48425840793061,58.40893924623015,78.89395696461725,92.48453215016343,446.7077371014457,512.5419192002155,424.9537332044856,924.7307883680332
2025-12-12 17:20:14.595946,Idle,124.06027525242826,84.01985088742731,108.4198150067241,108.60039192077238,533.777155485528,606.0927974116348,489.51216132813715,1105.796004690521
2025-12-12 17:20:14.601018,Idle,144.0873233906459,97.98662958919886,118.96349612061022,112.51011962459597,558.4728776010452,621.6564505707356,484.52766865238664,1134.258045906201
2025-12-12 17:20:14.604028,Idle,133.8949467707862,86.45758285147895,105.91725307663,112.57575150649063,544.8683747400064,609.3791043227538,483.10715122908005,1100.0332118814113
2025-12-12 17:20:14.608000,Idle,116.59584044154326,73.90513239133725,97.1996014628603,112.36833552161988,533.9051228482276,609.7419054002967,502.06526216364,1098.7135294750333
2025-12-12 17:20:14.612041,Idle,126.1146081151237,84.96986523773376,110.4557604005895,113.70858914096607,552.1134324966697,628.8711646370357,511.3155092828092,1145.2168929098407
2025-12-12 17:20:14.616062,Idle,155.07064273345168,106.07860475891357,129.6290033977275,123.2111965145159,607.6717956535285,678.6441777355503,531.6700822612038,1239.1795960487798
2025-12-12 17:20:14.620071,Idle,168.6907029562135,110.98581009500776,135.1736715122097,140.07387645592098,674.8145477845101,754.1449205435347,595.8107311653439,1364.806492252159
2025-12-12 17:20:14.624042,Idle,159.93966273799015,103.23485182521836,132.32168397089117,148.90468130914087,700.6792120969621,796.1301899448736,649.6599687444977,1435.4606282552704
2025-12-12 17:20:14.629090,Idle,153.5256730242545,103.36790879356704,133.60972440709884,140.56220786995254,666.7199242969509,759.5627081993152,619.6137295147637,1378.9464704011334
2025-12-12 17:20:14.632109,Idle,161.2471275700227,111.56002765511221,136.7613489889045,130.71376825039624,630.3580094660283,705.7901088529616,556.6342579431948,1287.0043249290902
2025-12-12 17:20:14.635134,Idle,171.12784693556023,114.81790835580614,138.32372366682102,140.22781933481747,663.7004182935925,739.8471195154125,582.539662803465,1338.3121903502615
2025-12-12 17:20:14.640149,Idle,178.00929028524843,116.65694064553827,146.8831286458153,163.1045038512093,752.964573060046,852.6535856174305,692.9018876728369,1534.7562564251712
2025-12-12 17:20:14.644145,Idle,187.51727188956283,126.46909782165312,162.12900804421224,172.76847011139034,803.0795571088674,914.1947998545365,746.2313559783506,1655.1258812645683
2025-12-12 17:20:14.648148,Idle,191.20228692959063,132.1633595782041,163.4017901065672,159.42553948368004,758.6682608940755,852.7213273335947,677.4979885690263,1553.0555481837364
2025-12-12 17:20:14.652149,Idle,176.7552536282019,119.09837975981645,143.71590309032763,143.45611599390395,684.2410909035243,762.5355769779999,598.6115251199226,1382.8509485642426
2025-12-12 17:20:14.657127,Idle,162.70795571082272,105.59626637060137,132.70442363843904,147.29658443684457,688.5712395909941,778.2135405851295,629.6050189682865,1402.286697326228
2025-12-12 17:20:14.660156,Idle,179.43842772420612,119.4734675463842,154.38712104318256,167.13140103922342,782.7038481363561,892.0881080955733,729.6721148726065,1615.3661126568913
2025-12-12 17:20:14.663136,Idle,211.7318277915474,145.59662444674177,181.69736114474654,179.6430628789676,856.6150802525226,965.6166965512093,771.2148148649139,1759.1470806417055
2025-12-12 17:20:14.668203,Idle,209.78133509599138,142.18840242290753,172.38979539963475,170.5111651866173,816.0650327762123,910.9238478830084,716.2544103274122,1655.2110255053267
2025-12-12 17:20:14.672212,Idle,170.24520260392455,110.61332374464837,137.87814825723763,150.64019462451688,711.7718486975646,802.1764699122868,644.8751249498455,1447.9185280865058
2025-12-12 17:20:14.676229,Idle,152.44829320907593,99.56368303239287,130.25961895560613,144.3289966833836,684.8669730272377,782.2871765879681,641.7768299424788,1416.9539481129032
2025-12-12 17:20:14.680247,Idle,187.35511368294829,127.62584791478002,161.62124550083536,161.08915957721183,781.4704735917039,884.0044175576186,708.7310239163926,1613.9688111583237
2025-12-12 17:20:14.685240,Idle,223.4693174608401,151.351155828248,184.70641314412933,181.29970161922392,878.9136526093353,982.6003080836963,772.6829851031071,1790.3228198548313
2025-12-12 17:20:14.688256,Idle,205.63025852199644,134.92587530823948,166.74912416745792,177.94329589098925,842.246179988957,946.9200374871725,756.8170306817628,1712.3074346068315
2025-12-12 17:20:14.691248,Idle,162.88313554070191,106.87403367139632,138.01065648489748,153.89249920411385,714.7323384693591,814.9115036616568,668.3251656995853,1471.7877492252737
2025-12-12 17:20:14.696272,Idle,161.93496675707866,111.75055800622795,141.62774271544185,143.05328359935083,670.7292230790481,760.7838518222561,615.1528117527487,1384.3144677393138
2025-12-12 17:20:14.700331,Idle,202.57781569703366,140.07034159825707,169.67618700966705,164.28997858578805,775.1827166799922,865.8218067691196,681.2355857254006,1575.1917789652944
2025-12-12 17:20:14.704309,Idle,222.44462586726877,148.6385043540795,181.462674973096,189.94010072565288,883.3766335936962,990.4819606231758,788.783206106862,1789.6019013721962
2025-12-12 17:20:14.708308,Idle,195.170248374925,128.69182667216228,164.0311503499106,181.5224260999239,837.7542502527358,952.2185418539448,777.1507616007002,1718.6101613340434
2025-12-12 17:20:14.712271,Idle,162.96338260913035,111.15547053795308,142.4416672574298,147.15465517397388,692.6216192054562,787.908631001832,640.065519479569,1433.3613180646207
2025-12-12 17:20:14.716360,Idle,165.79620603882358,114.69863270282804,139.9329467159696,133.45706080662785,641.7404616364511,717.5543375918642,563.7130526197143,1310.4998964734841
2025-12-12 17:20:14.719292,Idle,189.57320279011037,126.6259878094861,153.81310486409348,158.31883133295923,745.7679126432631,833.8955463981256,659.6439989352366,1510.245340399677
2025-12-12 17:20:14.723383,Idle,200.031369032542,131.74969364595017,166.775099667022,184.05230284508434,848.6774285992142,962.5903113969835,783.1080341514898,1737.303471351508
2025-12-12 17:20:14.728360,Idle,189.0897600763128,128.6018169127201,164.31502566908603,172.59635302907554,800.0607826909982,910.1188314514002,741.1524640008574,1651.7141784096602
2025-12-12 17:20:14.732376,Idle,170.75330759963254,118.93217782663123,145.7202424662537,140.02489975382923,662.0705383112654,742.132675413508,586.4380503491266,1353.9829732535873
2025-12-12 17:20:14.736384,Idle,159.5981365746411,107.47105062975606,129.30207605092437,130.29937938574585,613.42752781522,683.4908879753202,536.7568070020061,1239.1651337095536
2025-12-12 17:20:14.740355,Idle,164.87522628353327,107.5690711587813,136.0143844266713,151.39271171420114,700.4404007386183,793.6634514776524,644.425443164655,1431.8968496702146
2025-12-12 17:20:14.744409,Idle,182.1537712373829,122.422912966882,157.76287315858644,168.32564886356704,784.9300713127013,894.3803176304791,729.8713260962395,1623.1106023972388
2025-12-12 17:20:14.747430,Idle,187.13234214382828,129.52840398914122,160.50250919250539,156.3508862920571,742.4555630270625,835.2325039930874,663.5552823760081,1524.3937075131107
2025-12-12 17:20:14.751435,Idle,164.00029130428447,111.41051164394594,133.6990869968431,132.42202602917678,624.3031696235994,695.1869091799017,544.3279553721659,1262.4368226884399
2025-12-12 17:20:14.755451,Idle,138.3799771796621,90.5882087675709,112.88687401032075,126.1891512236325,575.1409906498156,650.0955455888761,526.4466552541126,1169.9535293064546
2025-12-12 17:20:14.760456,Idle,147.88129536021734,99.767599602681,128.6381103953754,140.49732649271027,638.8411175211659,729.8930223592324,599.9316464911681,1319.959262195509
2025-12-12 17:20:14.764488,Idle,180.0041624258156,126.04913429213047,156.21100483820192,153.31140724982833,711.3653541688109,802.0515303427819,640.946530270041,1460.9102442928124
2025-12-12 17:20:14.767477,Idle,182.64464669089648,126.21197864599526,150.96618679151288,147.79553614993347,684.2758990165312,761.967349043698,597.4241326160263,1383.1017767698504
2025-12-12 17:20:14.771506,Idle,145.11663332398166,96.35278052459762,118.04380876978394,129.46700217892067,582.0389449032955,654.8611437869258,527.2744130786741,1177.5446519728284
2025-12-12 17:20:14.775473,Idle,119.67860684214975,80.18975198401313,104.00979712887784,117.08601903467206,523.0763295744546,598.9324996833457,496.0724907164695,1080.063672867138
2025-12-12 17:20:14.779522,Idle,140.00724021345377,98.26031311751285,123.31931888774852,121.54960571188712,563.7605656908127,638.0882271097507,513.364926459617,1163.99184883642
2025-12-12 17:20:14.783545,Idle,166.94190864413395,115.4809643066983,138.61970224208198,133.17524584650528,627.5989501375007,698.8256254909793,546.1263509643031,1273.3628667113371
2025-12-12 17:20:14.788824,Idle,152.57407457751106,100.77733762912976,123.06421861395938,132.09828300296795,609.6123076297808,684.0505129813682,545.8514936197316,1234.894218529109
2025-12-12 17:20:14.792639,Idle,116.70925378575339,76.56862153849215,99.65169167891145,114.12641207734123,517.22432491777,592.0274618645199,489.2808610483771,1067.9976982173976
2025-12-12 17:20:14.795616,Idle,110.46503781352658,77.36758795005153,98.79806205694331,99.04810054559493,457.8683493529679,521.1870361692272,423.1095861722715,951.2111085960642
2025-12-12 17:20:14.799626,Idle,133.1612973685551,93.55946304097597,111.87469494939432,104.40271014961763,489.9020188942086,544.5385594938416,423.4565694180783,994.6906679293606
2025-12-12 17:20:14.803627,Idle,140.64490669115912,93.945794539075,113.15723939667805,118.80981310800416,544.2890677097021,608.0406269910745,481.4377719798358,1097.925536459079
2025-12-12 17:20:14.807602,Idle,120.72362453307142,79.14186267498008,101.85419018394896,117.0044010959682,525.734897484188,600.1915820719441,494.45688219415024,1080.8208905374631
2025-12-12 17:20:14.811564,Idle,104.91609962721122,72.9767913655669,94.3109355288907,97.4231556559389,445.4979273652425,509.3125557767926,416.9653908322798,927.5153179890476
2025-12-12 17:20:14.816627,Idle,108.93032554542879,77.64416101608367,93.03387832015869,84.635986023437,397.0017255200073,441.5637003541924,342.6765052200062,808.9692352009006
2025-12-12 17:20:14.820652,Idle,112.92497405924951,76.18316988344304,90.1291630618507,91.7696024265606,419.57123267115094,465.68856672768015,364.04548837128095,841.6464450354688
2025-12-12 17:20:14.823619,Idle,105.28840759879677,68.67381881413166,87.61324304089067,101.73631379473954,452.09410558023956,515.0949706982356,423.85937332944013,925.2843297079671
2025-12-12 17:20:14.827598,Idle,100.10088917289977,69.16533853390138,90.05050543183461,95.60657881083898,430.7994360162411,493.877469467232,407.44192171946634,896.8296921306755
2025-12-12 17:20:14.831660,Idle,102.37898918808787,73.77047168067656,89.02442299656104,80.85153164403164,374.4983058065409,417.934525724384,326.60701069491915,765.9226811472327
2025-12-12 17:20:14.835674,Idle,97.15666319377488,67.00966903677909,77.6464646452514,75.98192009641207,342.1483808790799,377.0013261187123,290.909990430926,681.7889835336246
2025-12-12 17:20:14.839726,Idle,83.75763643273967,55.02565402188338,68.67710852026357,81.21806459562504,347.23323670611717,394.47524143802,324.7482846721541,704.2530278633349
2025-12-12 17:20:14.843722,Idle,82.3196678768727,57.53706253839482,75.0130803384236,82.64315551858454,354.66295638354495,408.60017814836465,341.73336780047975,737.2334167524241
2025-12-12 17:20:14.848733,Idle,94.03906152778654,69.36123187895282,83.7606239838351,76.475617356773,339.816489988938,380.6631882910151,300.45337884960463,695.5646312236786
2025-12-12 17:20:14.851683,Idle,92.87813073344296,65.86528306269611,75.219227029389,70.79514080895751,311.35024773853365,341.25702283147257,260.83045436866814,617.2853734493256
2025-12-12 17:20:14.855753,Idle,71.70949419142562,47.30061483263853,57.57176866053487,68.12360851556878,284.62476022564806,321.3460170269245,262.5514600648894,571.3511725349817
2025-12-12 17:20:14.859689,Idle,58.741961911844555,40.513281813575304,54.20625902313623,63.46459983244131,264.95801590848714,307.8759840899147,261.80047276761616,552.9758896492422
2025-12-12 17:20:14.863754,Idle,69.03208832570817,51.67932225114782,63.5654237762501,57.42323566203413,254.71060960093746,287.4091012098361,228.7341998424381,527.2696709765587
2025-12-12 17:20:14.867782,Idle,77.07183856746997,55.2944927871431,62.6869568349357,55.695478219291545,251.64821138692787,274.3555226508761,205.76984579191776,500.0859295850387
2025-12-12 17:20:14.871817,Idle,61.68542180338409,40.031120968516916,47.825119129614905,55.981080313853454,241.28424955159426,270.62675972713623,217.50693258241517,482.72629761497956
2025-12-12 17:20:14.876822,Idle,42.863319165975554,28.083383191842586,39.16389343478659,49.932399808836635,212.27090315939859,248.8217175756581,214.12698717345484,446.665683462983
2025-12-12 17:20:14.879820,Idle,44.809021616587415,33.987118651813944,43.461008255326306,39.162119581960724,178.45030324568506,204.34802849258995,165.27994520321954,378.2272509954637
2025-12-12 17:20:14.882831,Idle,53.893362574948696,39.717035879191826,44.180817719505285,35.057525898941094,164.7518892918597,177.2538534970372,127.5462122283061,327.8369623210747
2025-12-12 17:20:14.887847,Idle,46.75213798042387,30.261521096894285,34.656668976473156,39.80033653238206,170.61291105870623,188.64818071160698,147.80225769378012,336.1017826035386
2025-12-12 17:20:14.891789,Idle,33.280915473995265,21.222542720861384,29.920429469813826,41.645755475969054,168.51886643993203,198.3833500543842,173.2444249080727,352.8243627808988
2025-12-12 17:20:14.895879,Idle,34.83830496076553,27.348244790831814,35.75857072083454,33.9697330314375,142.6883660175954,165.7516564539401,138.50844673922984,304.93759876454715
2025-12-12 17:20:14.899841,Idle,41.87935172038851,33.2378575723269,35.862028186471434,25.573232377006207,109.57746070320718,115.55080002057366,79.84136715263594,215.06867675168905
2025-12-12 17:20:14.904878,Idle,32.922881691963994,22.757071216983604,23.25820275004662,25.16392730663938,92.85462742269738,98.29460610082606,72.55036376637872,171.50797495257575
2025-12-12 17:20:14.907839,Idle,17.904962983142468,11.122120242376695,15.899123117284034,27.650479905321845,93.60752947919536,112.10006216546753,103.0481749123428,193.26087623322383
2025-12-12 17:20:14.910898,Idle,20.35063538972463,16.721098541514948,23.573028617858654,24.194981251624995,93.31121069955407,111.9061708903755,98.65544702566694,205.32732388202567
2025-12-12 17:20:14.915909,Idle,29.983446665341035,24.390291926960344,26.73571281004115,15.892439473420382,75.9277128172107,79.6807640393381,52.33268770069117,153.6242071641609
2025-12-12 17:20:14.919931,Idle,18.66692376942956,11.844898563969764,10.464898979960708,9.039243178631295,42.70730296173133,40.924276384932455,22.218713335169014,74.36151781131048
2025-12-12 17:20:14.923890,Idle,-5.020479060825892,-6.812370183390158,-5.759594744195056,5.165291221273947,12.876822775928304,20.11643548886059,25.571405748894904,30.829139445791952
2025-12-12 17:20:14.927903,Idle,-5.90867962068296,-3.062955023669929,0.671354483201867,3.465428762465308,7.5906652740668505,17.207754038798157,24.589529792487156,34.35227628890425
2025-12-12 17:20:14.932914,Idle,15.15696044039214,14.887285903780139,15.909831223252695,5.175877666843007,22.586586654098937,21.535639171721414,8.401165649818722,47.93598266108893
2025-12-12 17:20:14.935978,Idle,19.24983689711371,14.691361124117975,12.327280669283937,7.949551461126248,23.808034883142682,17.95703403360676,2.1908922143047675,31.13244857499376
2025-12-12 17:20:14.939999,Idle,-4.385642288325471,-4.553229641234793,-5.57617658842355,4.246160894537752,-11.300325699296081,-9.967413889360614,-0.4423606416967232,-28.638300100981724
2025-12-12 17:20:14.944025,Idle,-20.01636600719212,-12.210450986334763,-11.271575044527708,-6.273473503104469,-55.16974506340921,-53.11578289748286,-28.86268996624858,-98.62569818098564
2025-12-12 17:20:14.948027,Idle,-7.492361629585503,-0.2569091020632186,-1.8279201978511992,-11.942117272461473,-61.44175537614501,-71.01915572184953,-62.171938421583036,-120.42895247333217
2025-12-12 17:20:14.951023,Idle,4.714580760497483,5.031614186736988,0.5933878493597149,-6.815048283220676,-34.624178523692535,-48.405218506988604,-52.909243183763465,-85.02644526195945
2025-12-12 17:20:14.955032,Idle,-8.873584508044587,-8.59775464381164,-11.055228213095688,-3.090307410355308,-30.900736460404005,-34.249760848877486,-24.091159724310273,-69.40243149356684
2025-12-12 17:20:14.959984,Idle,-28.125240345711063,-19.54175236352239,-19.58424801298679,-12.464116193164955,-75.96788051331532,-76.04421560803894,-46.649099704256514,-140.21530565439025
2025-12-12 17:20:14.964046,Idle,-25.70009817873506,-13.02903414722823,-16.233201898328844,-24.830028882868646,-121.88741662612301,-136.57903123044525,-111.14535994395555,-239.76903194223996
2025-12-12 17:20:14.968070,Idle,-13.057329226321599,-5.297627295156417,-12.775844967567537,-22.836529927586525,-116.10113963566255,-140.3407762501156,-126.92600668767409,-251.7689385341364
2025-12-12 17:20:14.972068,Idle,-14.878382825630979,-10.647014160764229,-16.136767833017075,-10.832453118400736,-81.05944352524239,-93.6799553748424,-74.87092526708147,-180.09243919502478
2025-12-12 17:20:14.976028,Idle,-25.939216415252304,-17.097556958648056,-18.159582874930493,-9.43155830906835,-81.45482366695069,-83.21121605970256,-51.46189089790278,-159.40839876630343
2025-12-12 17:20:14.979031,Idle,-28.005527200533834,-13.977023734914837,-17.019719121068192,-23.28615567097222,-129.06962671659858,-142.80113828266622,-111.75177842266567,-255.04011539876228
2025-12-12 17:20:14.983111,Idle,-26.32297126927915,-13.634957962973203,-22.693264509085566,-34.55436950762305,-169.06928183372656,-199.51447534077306,-173.99531886391924,-357.20616528549
2025-12-12 17:20:14.988066,Idle,-34.50497171274219,-24.56782060502519,-33.74553078140525,-31.588779056266503,-162.40653022088736,-187.32682211589054,-154.28958077933567,-345.5466806444383
2025-12-12 17:20:14.992141,Idle,-42.97360036911323,-31.045683596343224,-34.74789716711439,-25.274595868479082,-137.29135984340246,-146.46262187512548,-103.9788651883755,-271.3739367664457
2025-12-12 17:20:14.996136,Idle,-37.42760332784064,-22.58531925425814,-25.4608032246515,-29.00992030497764,-141.70309761362114,-154.2680295326727,-118.31101417616674,-273.68256000916244
2025-12-12 17:20:15.000181,Idle,-31.077568300882795,-17.0867826742533,-25.761825073257796,-38.2919607859219,-177.32697206527882,-207.27266784128005,-179.4906402380093,-368.05502908820927
2025-12-12 17:20:15.003102,Idle,-42.39419657393182,-29.06731747220431,-40.52196643003822,-41.31341974949555,-205.87184313401667,-238.31691204212257,-198.49485958185323,-436.5554159000749
2025-12-12 17:20:15.007189,Idle,-56.74500552592963,-40.18026480088474,-47.445150816934074,-37.94745656870418,-203.63413471029344,-222.90582118911698,-166.43847075691883,-412.8205574762396
2025-12-12 17:20:15.011194,Idle,-49.33240225836562,-30.77677552041132,-35.20404431152383,-36.23750340497281,-186.14474971177697,-202.75950108809047,-153.5435028189895,-365.40778933133697
2025-12-12 17:20:15.015167,Idle,-33.11152039130866,-17.80286273568163,-25.94886301778024,-38.58217018664254,-183.79326727487205,-212.93353347324592,-181.85458431318693,-378.690049819008
2025-12-12 17:20:15.020213,Idle,-40.30945594677178,-26.996793560721926,-38.68841309309755,-42.21986796750025,-207.5060253755655,-241.61600016125885,-204.30510170105845,-440.83927411105833
2025-12-12 17:20:15.024187,Idle,-64.53493271965999,-46.324406612171515,-55.74647972003004,-46.60233536417218,-238.26132203599263,-263.5380908262596,-201.92571335757384,-486.36332268701517
2025-12-12 17:20:15.027240,Idle,-68.81636746312506,-45.78990844695909,-52.52371935475094,-51.04165096899669,-247.35953398725542,-270.0316709403123,-205.49463159544393,-487.49998932905146
2025-12-12 17:20:15.031204,Idle,-49.74922438479916,-30.063316747855424,-39.23736739695596,-51.51260681092754,-230.7154528174724,-263.3621266858536,-220.2236728373391,-466.81324533891166
2025-12-12 17:20:15.035273,Idle,-43.840156717233185,-29.559576066465524,-41.69982835767587,-48.086536330356466,-218.3579987292178,-254.62687080501928,-217.62436141067883,-459.3868012675666
2025-12-12 17:20:15.039327,Idle,-63.4248477577421,-46.21690927612508,-56.49079537027865,-48.44066575875695,-237.24892572427052,-264.49128401081543,-206.05342340501375,-486.60546557209454
2025-12-12 17:20:15.043319,Idle,-75.92978997224418,-51.387066895073076,-59.27164623760473,-55.44860543566028,-270.6210729968443,-295.55692629216355,-223.8917226541962,-536.2473464344512
2025-12-12 17:20:15.047298,Idle,-62.19413941018138,-37.7538124299208,-48.15197709124914,-59.4972888624834,-277.5553416388866,-314.1576128186425,-257.0597704059037,-560.9290092039155
2025-12-12 17:20:15.052312,Idle,-48.79886513933161,-30.87853568450737,-44.40028413753316,-53.53627456725371,-253.3554744819121,-295.063448383793,-250.86019188829232,-533.1043818672188
2025-12-12 17:20:15.055335,Idle,-59.2366852996347,-42.251850637734606,-53.54064785766241,-47.17645117684151,-239.7798452207644,-270.23028744157637,-213.67512430626084,-498.80946150404634
2025-12-12 17:20:15.059279,Idle,-74.41570649648929,-50.95946466211171,-58.82095526102785,-52.63238464487222,-263.41162339775474,-287.51354232872836,-216.13076387380715,-524.6562848164467
2025-12-12 17:20:15.063357,Idle,-70.63114487160055,-44.304858145085745,-54.45109746712842,-63.89223511185992,-295.2740469458804,-331.6803302166518,-267.4639953975566,-592.3190179201192
2025-12-12 17:20:15.067361,Idle,-61.02826546601136,-39.38204806767317,-53.93894327790622,-65.44910427237483,-295.57625260102213,-342.34564333275193,-289.76400239620125,-614.2143605403835
2025-12-12 17:20:15.071368,Idle,-66.60758653248922,-47.78848492627003,-60.97219316578412,-57.28887832877081,-273.1273295150022,-310.0986967466306,-250.0082463386061,-567.6683603134006
2025-12-12 17:20:15.075388,Idle,-76.22539385698474,-53.25789875937335,-61.8212392558853,-54.10757157779153,-267.48919547285186,-292.5983855139348,-220.4247923065559,-535.1384814709891
2025-12-12 17:20:15.080405,Idle,-70.67700540767692,-44.37341038487648,-53.77785973082064,-60.6622796272859,-287.4156861543306,-320.7126423518057,-254.64680620245053,-575.1541790234623
2025-12-12 17:20:15.083406,Idle,-61.52709881699411,-38.17431998906977,-52.77157342900318,-65.55062875355361,-303.71091128949774,-351.0835912870825,-295.8145069060847,-630.7244485155679
2025-12-12 17:20:15.087352,Idle,-68.94601635185245,-48.192589577432955,-63.230722296117165,-62.20592930619023,-299.0641906959354,-341.74769480130635,-278.66886045137653,-625.2109218318947
2025-12-12 17:20:15.091419,Idle,-81.51791046716971,-57.58422156320739,-67.79749654115585,-59.13184684519365,-289.7411548116361,-318.59829177492065,-242.087742772419,-583.6347995277029
2025-12-12 17:20:15.095541,Idle,-76.65135438837751,-49.886869498914166,-58.964396602721536,-63.15791363410244,-292.7586429377552,-324.3337462596828,-254.26780602760846,-581.5334236900089
2025-12-12 17:20:15.099573,Idle,-64.14349645185575,-40.41320143095072,-54.04857478700433,-67.61582304588228,-301.58850413077744,-347.12910553393885,-291.80733737989794,-619.853938142769
2025-12-12 17:20:15.103467,Idle,-69.03227273719676,-48.161630388509366,-63.656434128191904,-65.6938957999082,-304.8140574831632,-350.0460312963696,-289.15756068500923,-636.9125820036279
2025-12-12 17:20:15.108447,Idle,-84.0010279318085,-59.73158808024891,-71.23099096503574,-62.561069882431184,-304.7676636655233,-337.1022563779843,-258.8584410138428,-618.3691663480131
2025-12-12 17:20:15.111480,Idle,-81.49027270627266,-53.450937373694615,-62.78998229347053,-64.37487285994575,-305.74746208108263,-337.36251676705433,-261.4078325734008,-608.5804030635627
2025-12-12 17:20:15.114435,Idle,-65.13730605255114,-40.014159293183184,-53.044660339539405,-66.63724012208695,-303.6658902944764,-347.8592515279306,-289.8854036475532,-622.2641353475628
2025-12-12 17:20:15.119490,Idle,-64.54148216398607,-43.688967306006816,-59.25754656124627,-64.05253842027741,-298.83443066477776,-344.9064804079244,-287.6028088165913,-626.9748226595111
2025-12-12 17:20:15.123558,Idle,-81.19545390596613,-57.836381266293756,-70.09077199356398,-61.712373582529835,-300.9953671558178,-334.8176141818403,-259.44685371697415,-615.3218216537498
2025-12-12 17:20:15.127546,Idle,-85.3877885187685,-57.0520744095993,-66.5411811475351,-65.28721381101059,-310.73315232328605,-341.7138598089805,-262.3957182455342,-618.3659367193468
2025-12-12 17:20:15.131551,Idle,-70.44557712232927,-43.70133457802149,-56.30944579154311,-69.13009574481111,-313.4040426736465,-356.7413529709447,-294.2402451215894,-637.5611256891862
2025-12-12 17:20:15.135608,Idle,-64.23056398611516,-42.76998086286039,-58.52923361188732,-65.97757909813663,-303.0025109468261,-350.66454191622324,-294.5312978839502,-635.0109773291042
2025-12-12 17:20:15.139600,Idle,-77.25454094640736,-55.255629771862004,-68.15096680849092,-60.795604028957314,-294.742733012361,-330.1218268595403,-258.97473777254345,-607.2200013579568
2025-12-12 17:20:15.142554,Idle,-84.15807971433969,-57.10766091643018,-66.33589451343869,-62.43684148786997,-300.7273042417364,-329.835617215198,-251.11067606514553,-599.8689719836693
2025-12-12 17:20:15.146611,Idle,-72.09066429628001,-44.97519009183452,-56.53493587167759,-67.87559191104083,-309.8030529804528,-350.39707075135084,-285.6268338642549,-626.9640586457681
2025-12-12 17:20:15.151606,Idle,-64.72313221989316,-42.598461004701676,-58.10716755109024,-67.94668338941119,-307.09074070921633,-355.6093346901471,-299.7964396352181,-641.4181603109464
2025-12-12 17:20:15.155561,Idle,-77.24170097222668,-55.94622119879932,-69.54270198760787,-63.914321999720414,-298.4031439354876,-336.3254143013037,-267.8247304058168,-615.9818786387332
2025-12-12 17:20:15.159607,Idle,-87.33137510316737,-61.526601805511746,-70.72995630541118,-64.50600893911906,-297.6168468625983,-325.60031636990607,-247.4644281171495,-590.971842435305
2025-12-12 17:20:15.163635,Idle,-76.77525117502955,-50.000544728231034,-60.34132288006367,-69.38702775826096,-302.38736483536195,-338.86182459653355,-273.4581243619905,-603.1478927988792
2025-12-12 17:20:15.167634,Idle,-65.56663064757595,-43.42175431086798,-58.206451312144054,-69.76602821747656,-301.4041408619378,-348.4385441511404,-295.1171935496386,-623.7651346657658
2025-12-12 17:20:15.170649,Idle,-74.28208577171608,-53.72165415977361,-67.95136757211003,-64.57060849139816,-295.7550186822191,-335.6105527699692,-271.2288538236753,-613.1145910191117
2025-12-12 17:20:15.175666,Idle,-84.99299326089385,-60.09163887106115,-69.7700138019427,-61.929603002092335,-293.5555575378821,-321.8259415444918,-244.11313022562535,-587.6528074861271
2025-12-12 17:20:15.179677,Idle,-74.5477135626279,-47.95605836698087,-57.39425613837375,-63.84948996116873,-291.79266421258217,-325.149389937229,-257.8928359433776,-582.4888547031442
2025-12-12 17:20:15.183628,Idle,-58.82765567138267,-37.068823386900476,-50.704104278600425,-63.35679498872196,-283.73194612463703,-328.3494289549999,-277.6034757528105,-588.618746709195
2025-12-12 17:20:15.187687,Idle,-64.63815900907503,-45.715390727855265,-59.8914621504955,-58.93451683226158,-276.79020537849283,-316.98224833072163,-259.30702385422774,-580.1022389212158
2025-12-12 17:20:15.191782,Idle,-80.09039098213543,-56.83248775151151,-66.82597853863263,-57.85750122219906,-281.1634609402972,-309.2608568324358,-234.59397863037884,-567.8117920778459
2025-12-12 17:20:15.194725,Idle,-75.57123268906435,-48.98170425296121,-57.879350266681286,-61.49848551921605,-286.94170294253854,-317.7779571968713,-248.10417992109433,-571.7716581221903
2025-12-12 17:20:15.198715,Idle,-57.51551648613531,-35.267706472965074,-47.99824745467049,-61.24337433806795,-276.97476198122604,-319.57680333714234,-268.7703128082794,-572.4236461770488
2025-12-12 17:20:15.202739,Idle,-56.34467180541833,-38.8041462002584,-52.7082161999424,-54.51845471333945,-258.79554262768943,-298.90332140994724,-247.7149387957761,-546.8627277071355
2025-12-12 17:20:15.207703,Idle,-71.16958298921236,-50.65504387358669,-60.48878252027498,-51.10013796148996,-256.4197732016328,-283.3265529831988,-215.16366260003997,-523.4969401502749
2025-12-12 17:20:15.211770,Idle,-72.8287416662206,-47.59037045632431,-55.54545601813879,-56.099237217669724,-269.893933534855,-297.156449169619,-228.02051175833913,-537.6527762425831
2025-12-12 17:20:15.215789,Idle,-57.98120130933239,-35.279885310010286,-46.97563380935753,-59.96037437370978,-272.3718399681384,-312.6641139094718,-260.71335615898715,-559.3442902981769
2025-12-12 17:20:15.218806,Idle,-53.65380313711648,-36.48252831543505,-50.29231764942233,-54.8482479526283,-253.82844947691774,-294.62570901517756,-247.12759471108438,-536.2174909120658
2025-12-12 17:20:15.222837,Idle,-65.97082395089092,-47.88924223664799,-57.77710418186325,-48.73314026759181,-238.31451767723775,-264.6441758935107,-203.0747466175235,-488.9411232249113
2025-12-12 17:20:15.226811,Idle,-69.86348013198585,-47.025491660795524,-53.84930260121473,-51.434885522088734,-244.5038201981224,-267.03916061797645,-201.69577615166781,-484.1763079446973
2025-12-12 17:20:15.230837,Idle,-57.246254383731866,-35.143452006886946,-45.24901400007366,-57.26503733689606,-255.81083687627688,-291.60972444934305,-241.06434560730122,-520.1361980196089
2025-12-12 17:20:15.234874,Idle,-51.701352425516234,-34.63703541755967,-48.10038700277801,-55.33359689521603,-249.09045743686147,-290.08330421335995,-245.736411494785,-524.9437865791842
2025-12-12 17:20:15.239909,Idle,-62.87932663575339,-46.220901334352675,-56.58036967006046,-48.70838874258334,-231.32762766932137,-258.949114654446,-201.99247425666545,-477.38046627957374
2025-12-12 17:20:15.243860,Idle,-68.10532211256213,-47.395985485753044,-53.54784582272987,-48.32594908682222,-224.7197800889262,-243.8697848712909,-181.72328698803904,-442.67646414227784
2025-12-12 17:20:15.246876,Idle,-56.128427591669606,-35.42128946626326,-43.697700361386524,-53.666174103316735,-230.73543513234472,-260.5359172843746,-212.94462492573075,-461.95689576957375
2025-12-12 17:20:15.250890,Idle,-49.1709394302743,-33.03037238615798,-45.55784224286617,-54.68318063938932,-232.71063077740837,-271.4358417452895,-232.3654589028447,-486.6042605629191
2025-12-12 17:20:15.254848,Idle,-60.36081020333222,-45.08793852110102,-55.90729046413617,-49.72224762607948,-224.54173444141634,-253.33601308282232,-201.57573255110765,-464.6531549820211
2025-12-12 17:20:15.258918,Idle,-67.25368768529734,-48.10722226422513,-54.14701930206502,-46.810577685100725,-214.88819181075087,-232.62339603394503,-172.22569535375806,-423.53714576305356
2025-12-12 17:20:15.262913,Idle,-53.36432169156615,-33.90744877407269,-40.4837318930804,-48.19721825455781,-208.62883843190502,-233.2626546768006,-187.2353045649943,-413.88129041017964
2025-12-12 17:20:15.267920,Idle,-40.59462504835392,-26.057777566631557,-36.91766622492287,-47.594098626141204,-203.33603106369264,-238.23476513748756,-205.638922027254,-425.89758913381957
2025-12-12 17:20:15.271891,Idle,-49.91968984865525,-36.945741878123954,-47.48909506831842,-43.42218295899511,-199.8726581626688,-228.16529674641788,-184.7117827673792,-419.7351266925689
2025-12-12 17:20:15.274887,Idle,-61.875572944118176,-44.45833504121401,-50.51926003246626,-41.545557822231785,-199.4314634076436,-216.05797399906442,-158.69079342804616,-397.18896788347047
2025-12-12 17:20:15.278957,Idle,-51.410048461082624,-32.371659795040614,-37.920906473867944,-42.97555818730325,-194.81186731741764,-215.6708139469265,-168.90039623703342,-385.1035912986845
2025-12-12 17:20:15.282914,Idle,-34.33311898492684,-20.518467910645995,-30.022086156939622,-41.60754790023202,-181.34299224929418,-212.85769427201012,-184.09964043699438,-379.71585060004145
2025-12-12 17:20:15.287030,Idle,-39.298450726957526,-28.833258128288435,-38.85544151504291,-37.00651196867693,-170.5950965002994,-197.5536078296136,-163.3979264877853,-363.371457747533
2025-12-12 17:20:15.290940,Idle,-55.79271292081103,-41.200496375138755,-47.005467929979204,-36.728805592036224,-174.59841642266838,-189.20208882872248,-138.21328340965556,-349.26173755852506
2025-12-12 17:20:15.295984,Idle,-53.302951554898755,-35.211735165750724,-39.75215755231329,-41.797388077990036,-182.24459206959,-199.194723893248,-152.59332485042978,-354.81803997361567
2025-12-12 17:20:15.300042,Idle,-36.24761506567302,-22.429222643739195,-30.695779619840323,-42.730117304978194,-173.42838692024816,-202.10972154542105,-174.5794783802703,-356.293564145104
2025-12-12 17:20:15.303051,Idle,-34.25291001948062,-25.532381006793003,-34.97295026827487,-35.83482967871532,-153.0053839086322,-179.21752759686206,-152.49165203986922,-326.5142774855485
2025-12-12 17:20:15.307073,Idle,-47.25478609839047,-36.10679699592583,-41.33910510424175,-30.617758917753235,-145.16684589302167,-157.53026024001883,-114.85130883578677,-293.19013780215755
2025-12-12 17:20:15.311019,Idle,-47.15678879187908,-31.46601173125964,-34.52057053378667,-33.42458405239449,-153.5855961071211,-165.36404561728705,-122.02564297470963,-297.77496733958833
2025-12-12 17:20:15.315061,Idle,-31.16341602956527,-17.8239115801116,-24.509250117844203,-36.22970607379102,-154.9477095749462,-179.67938869690988,-153.58140784216812,-317.81797131348867
2025-12-12 17:20:15.319059,Idle,-26.48911048354057,-18.550841692573158,-27.547275907098083,-31.21492735434731,-138.2438332263264,-164.21133451949572,-142.6041063196608,-299.4456319673918
2025-12-12 17:20:15.323099,Idle,-38.813759833341464,-30.114212109721848,-35.288405278668506,-24.92008598150278,-122.6913372715353,-134.33163119538222,-98.6020578641328,-252.70019481121562
2025-12-12 17:20:15.328112,Idle,-41.92491356433311,-28.76132011883601,-30.58219659840688,-26.23988304985687,-124.25576447678031,-131.13339013716904,-91.95620264485478,-238.24069432995748
2025-12-12 17:20:15.331103,Idle,-27.336756952936412,-15.171951231735875,-19.92970212927321,-30.264194774790667,-129.68787949433317,-148.98688779841177,-125.69809184846235,-262.269855014747
2025-12-12 17:20:15.335056,Idle,-20.09079945005942,-13.106253456564446,-21.25547760039626,-27.478732882649638,-121.3865660088486,-146.17574190098094,-129.96505980094662,-265.1698284901213
2025-12-12 17:20:15.339201,Idle,-31.357447399568628,-24.727827353053726,-30.017939086130355,-21.13244750519516,-106.80350938113406,-118.91947022709064,-89.54819909308571,-225.47273173707072
2025-12-12 17:20:15.343093,Idle,-37.370174657335156,-26.56329546078632,-27.62145407119533,-20.908576832487597,-102.28048072563251,-105.85349823144497,-70.20018407743191,-195.06735974131152
2025-12-12 17:20:15.347134,Idle,-24.28108707172214,-13.61540474940557,-16.478520322634722,-25.07139312956133,-104.31928050582064,-117.85083929623943,-97.2638841943699,-205.97513459867332
2025-12-12 17:20:15.351164,Idle,-14.288631587172858,-8.642713897243084,-15.55953137871984,-23.929672328013112,-99.13058432895923,-121.21165776764974,-111.12988718168344,-217.20535232883412
2025-12-12 17:20:15.356186,Idle,-23.62640361954982,-19.076781151459727,-24.400190641870722,-17.511205648144823,-88.33705832605483,-100.68062728497898,-78.65898469131207,-191.83797490410507
2025-12-12 17:20:15.359181,Idle,-31.460518290492473,-22.65500474053988,-23.382063200318953,-14.789494572032709,-82.95991202211007,-84.56788168422645,-52.30368985206587,-160.07272586144973
2025-12-12 17:20:15.363212,Idle,-18.80963390492252,-9.247115391801344,-10.528804849207518,-16.902123002466396,-81.04869333881652,-89.71775927703129,-70.37110824178671,-158.68669238954317
2025-12-12 17:20:15.367209,Idle,-5.015905496838968,-0.6760213288362138,-6.123267340648454,-16.01160497465753,-73.20861783158034,-92.04285981407156,-87.18872482486768,-165.31789515307173
2025-12-12 17:20:15.371236,Idle,-12.718433970221668,-10.762122949359764,-15.734941129965591,-11.043108775644214,-63.37662807380548,-75.15635702182772,-61.521764191275,-146.25556367076933
2025-12-12 17:20:15.375233,Idle,-25.734461585932877,-19.594614518617163,-19.95323484306573,-9.875120838929433,-62.21029959345469,-61.91462813486578,-34.442265593330376,-121.05843562143855
2025-12-12 17:20:15.379240,Idle,-18.59952829303802,-10.212088081585534,-10.060240421196795,-13.912793284893269,-64.97957131749718,-69.26883315306623,-50.545151736645494,-121.95709863957018
2025-12-12 17:20:15.383245,Idle,-3.3916305427410407,0.31440427547931904,-3.615514441669802,-14.66936202616489,-58.16972829180304,-74.01506242866162,-72.36350131541258,-129.34210808668286
2025-12-12 17:20:15.386242,Idle,-6.901111559200217,-6.913918086785998,-11.36442277012975,-9.403425007534679,-44.833920970442705,-56.26833297807025,-50.4136248602299,-108.77505724434741
2025-12-12 17:20:15.391285,Idle,-20.696772519353544,-17.319322925155575,-17.298583986259473,-6.487810588863795,-40.57422099536052,-38.62628671515267,-17.405063740501646,-79.0199137122836
2025-12-12 17:20:15.395302,Idle,-16.925434320786735,-10.086715773461037,-8.630340458403225,-9.78531944295537,-45.157054343493655,-44.853240360331256,-27.84247285348829,-78.79630085488316
2025-12-12 17:20:15.399296,Idle,-0.17784035904332995,3.0814247467715177,0.5285278825613204,-11.063836830056971,-41.93538643210195,-54.25153948995285,-54.96377876633778,-92.38729037309531
2025-12-12 17:20:15.403329,Idle,1.1759413580584805,-0.17057533922343282,-4.3705801245741895,-5.269461720337858,-27.742894926224835,-38.935443032183684,-39.6071555367962,-76.317214243114
2025-12-12 17:20:15.407301,Idle,-12.39045404267381,-11.531130549563386,-11.569469321824727,-0.5504928073714837,-19.08378649322549,-16.291002635087352,-1.3747540592739824,-40.74827031989116
2025-12-12 17:20:15.410337,Idle,-13.340904826080077,-8.391667447991495,-5.855148417358578,-3.961302981748304,-22.929042331001256,-18.26807133789407,-3.6358109295833856,-33.18011310824659
2025-12-12 17:20:15.414350,Idle,0.7915037702041445,3.3645547239211737,2.43866558100126,-8.781884101117612,-25.03538177232258,-33.04531787830638,-36.08682689795387,-51.92284214316169
2025-12-12 17:20:15.418374,Idle,3.1751371143764118,0.7675476080039516,-2.8628863379417453,-6.684627558119246,-16.216753562388476,-26.762584622600116,-33.596904581965646,-48.86635343043599
2025-12-12 17:20:15.423315,Idle,-11.005452825906104,-12.254383514991787,-12.48833273305354,-2.2902916919629206,-7.75362645831774,-5.018911611987278,3.5388203465845436,-16.78282426763326
2025-12-12 17:20:15.427379,Idle,-14.720825107593555,-11.479048141751264,-8.277353415978723,-3.6986663502830197,-8.807911876327125,-0.8052343901945278,11.588454072014429,-0.4449174386099912
2025-12-12 17:20:15.431405,Idle,0.16688111709663644,2.1451803811869468,2.722190420681727,-7.436435216040991,-9.56233207526384,-13.055707146209897,-17.570891666109674,-13.28140730841551
2025-12-12 17:20:15.435357,Idle,6.858761552473879,3.5120302664727205,0.6610221383016324,-5.810066428937716,-1.2717692122387234,-10.484239092591451,-22.943618834455265,-15.11317379301181
2025-12-12 17:20:15.438421,Idle,-6.740434033934434,-10.130505535904376,-10.461725057451986,-1.830420850244991,6.2922456867818255,8.692624893214088,10.387521157448646,10.772350477462169
2025-12-12 17:20:15.442425,Idle,-14.92305744440091,-13.589649203291629,-9.832740683297743,-3.0514328176286654,4.067226982268039,14.479050615685992,24.378558217402315,27.90332061587833
2025-12-12 17:20:15.446430,Idle,-1.1350165614348953,0.18778983598895138,2.3057141512836097,-6.29879786199308,2.761202660854906,3.5019185558194295,-1.3324910724768415,18.266872331500053
2025-12-12 17:20:15.450469,Idle,11.803196988570562,7.638106510130456,5.815182015627215,-2.931910675470135,13.827075340726878,6.341643643449061,-10.476190756016877,17.391780787263997
2025-12-12 17:20:15.455448,Idle,3.9165963390478282,-1.6893716228369158,-2.06859629626706,4.547657766364864,26.779322548332857,28.914500913204392,23.36651485748007,45.56242691894295
2025-12-12 17:20:15.459494,Idle,-5.9574861602595774,-6.840297924911283,-2.862395828255103,5.866359332743741,26.508950367948273,38.95281433573109,45.200406479940284,66.3103517575073
2025-12-12 17:20:15.463526,Idle,3.4414370199956466,4.174346638723364,7.447648735811526,1.040687211418117,20.529392451280728,25.366292516875546,20.47081418216112,53.765794730279595
2025-12-12 17:20:15.466499,Idle,15.994455381471198,11.765013849228126,10.794578705594176,0.2666058114700718,26.007175256090704,20.27485824082396,0.695347943546949,43.6703574253479
2025-12-12 17:20:15.470498,Idle,9.19663227158162,2.1507701249029196,1.6083494070189772,5.700169596217165,39.19884924512007,40.6217793681426,28.653028707019985,69.0647548828274
2025-12-12 17:20:15.474472,Idle,-2.896647730245604,-5.9635497011913685,-1.923041996844404,8.26870667651383,42.561791957588866,56.448851114313584,58.490345848258585,97.60241617105203
2025-12-12 17:20:15.478472,Idle,4.3417330794545705,4.054563800604228,8.477138278682105,4.902913670579437,36.56301256248844,45.66889379644999,40.457934747915715,89.28880990267498
2025-12-12 17:20:15.482599,Idle,19.859861385491968,15.536172010750306,15.578496693950001,4.126104139311792,38.51927335720393,35.09089425165439,13.714219997200416,70.88967091351515
2025-12-12 17:20:15.487597,Idle,17.34555076509423,9.355927202410385,8.611349985767447,9.917187196911982,51.25208019267302,51.57941183066578,34.13432871080295,88.63881004526047
2025-12-12 17:20:15.491595,Idle,4.311349705094472,-0.5625251491328527,3.181137498206226,14.098854254127218,58.651143604976824,72.80657472761231,70.52975003472238,123.83093007086427
2025-12-12 17:20:15.494613,Idle,7.790708377960982,6.470665650413139,11.800634018964047,11.338849987409048,54.903825639994466,67.9917175284354,62.10267973277951,126.00974442166626
2025-12-12 17:20:15.498656,Idle,23.455776865434018,19.060267980643403,20.277516560632648,8.840795003729,53.61328841136128,53.49828719913785,30.623909417365212,103.764483876148
2025-12-12 17:20:15.502599,Idle,23.772673320247122,15.15334889695805,14.372277659025713,12.900263760660891,62.044811678817496,61.834297487701406,39.39543380934629,107.95667685402441
2025-12-12 17:20:15.506587,Idle,9.872203694114432,3.4823617984802695,6.688247058809793,17.41173208031978,69.12300151042291,82.58073936936853,76.15879903129826,139.7338474652788
2025-12-12 17:20:15.510625,Idle,9.567782044028718,7.208381869055302,13.138080184347928,15.494318495348125,67.55479595478391,83.51828623141046,77.40307829770609,151.3344254308904
2025-12-12 17:20:15.515656,Idle,25.031958031373506,20.38473380029245,22.95372165427034,12.205070132491528,66.76726756533026,70.19584360634326,46.72379990463378,134.17531775994576
2025-12-12 17:20:15.519639,Idle,28.418364350160118,18.966197190216917,18.628730085940333,14.682472320942907,73.30526984597964,73.29966073039395,46.16937970323488,130.91475440358045
2025-12-12 17:20:15.522655,Idle,14.11189029169691,6.012445644977561,8.832486673309177,18.78869006955938,78.08918837655801,90.58661141479388,79.47902535767935,154.4009118961112
2025-12-12 17:20:15.526666,Idle,9.774057097936748,6.387930328322909,12.655010037142347,17.484967225223954,75.25751176216,93.18260349148477,86.95568453110172,167.13388372134068
2025-12-12 17:20:15.530674,Idle,25.00359603956167,20.52747302451644,24.240013183429255,14.611854835826307,75.04114132298128,81.80260603089118,59.19464978794713,155.0999761663552
2025-12-12 17:20:15.534678,Idle,33.28430280619796,23.556191327359556,23.66222357184779,17.569315332473707,84.14097065171518,84.81323288621934,54.13136342530197,152.93643642890675
2025-12-12 17:20:15.538695,Idle,21.058099201321966,11.44437861111146,13.75636470813879,22.745525350890603,90.9583290394512,102.57204308302607,86.2903194122191,174.83012764040905
2025-12-12 17:20:15.543711,Idle,12.656901792901408,8.173910202278421,14.424178050552655,21.788706111914507,86.17545935398812,105.54359588067018,98.53050376372266,186.1377991213085
2025-12-12 17:20:15.547720,Idle,24.81917614320446,20.749643370856575,25.34274885099876,17.353317017465088,81.38490277982783,91.02891473744967,70.22458977775386,170.9106635539938
2025-12-12 17:20:15.550726,Idle,35.5882942597018,26.121544944878224,26.6667828141035,18.432592865879997,88.9978495511532,90.10285217882483,57.47362771659755,165.0056971500162
2025-12-12 17:20:15.554796,Idle,25.37824173375884,14.35646656467361,16.199869706233585,23.556695191298786,98.81516065209871,109.23233045324378,87.97883211189401,188.45362229829334
2025-12-12 17:20:15.558731,Idle,13.412178296719503,7.252762266262835,13.465554278158379,23.26405633037848,95.4382458858563,116.19967710642595,107.49759098475988,204.436230370251
2025-12-12 17:20:15.562754,Idle,21.705114922067878,17.602994602910258,23.183779470338777,17.63470165562194,86.27077727059441,99.38597115494122,80.35561281846458,186.42189721336035
2025-12-12 17:20:15.566767,Idle,34.02436434483752,25.267322185930425,26.481699061498148,16.357142071285125,88.81700723844915,90.85239010496844,57.34390605895169,170.19096166818053
2025-12-12 17:20:15.571773,Idle,26.272820948919616,14.688048797908777,16.091764294236327,20.811836903215863,99.35289397439192,108.07283605813245,82.32107790155624,190.03054715349026
2025-12-12 17:20:15.574793,Idle,11.461073455190217,3.8753209895780856,9.820071956089123,21.345768609347942,99.65862742533454,120.94179297801111,109.9434211089715,214.20487025629973
2025-12-12 17:20:15.577797,Idle,15.476439853302736,10.972385090477928,17.44045926344529,15.175567034232927,89.75827894610711,106.38866174429495,88.93006085101638,201.26422185981482
2025-12-12 17:20:15.582820,Idle,29.15191022051752,20.940994534947322,23.018396063150135,12.006804036925587,87.61411074499938,91.13352172966188,57.687802675724015,176.47190785508428
2025-12-12 17:20:15.586837,Idle,26.22253961966976,14.441817921214408,15.498069666325286,16.893342479263822,97.24345431468646,103.67521333095101,74.35691949699503,187.32209425442124
2025-12-12 17:20:15.590783,Idle,13.069052606500009,4.441826939815144,9.839536527626024,21.584090666078737,103.0794787862942,123.15627022371336,110.01979933593975,217.9662766368856
2025-12-12 17:20:15.594842,Idle,16.570249698464977,11.712913680541533,18.77804588113031,19.736323078327587,98.84178824955234,118.1475116213769,102.52991071488213,218.56416125137184
2025-12-12 17:20:15.598878,Idle,32.96857029247076,25.299039826971693,28.297451225979785,17.78199969636762,97.2145251045913,103.144601869295,70.66186567780096,195.18895827599044
2025-12-12 17:20:15.602865,Idle,34.18226992448854,22.40203018686043,23.232488716866555,22.008413327660037,104.57725680325893,109.71026199152402,77.31644990978748,196.09526631490735
2025-12-12 17:20:15.605875,Idle,20.079337013943586,10.634685077873655,15.268887405765781,26.528866096343336,109.39993011942715,127.81772846132662,112.08411524108305,222.37618336033484
2025-12-12 17:20:15.610920,Idle,18.689557059683466,13.565274691392915,20.908789443036767,24.494623894962388,105.00048834108748,126.05074630934541,112.10212406532082,228.34110298680025
2025-12-12 17:20:15.614833,Idle,33.766481509308505,26.640117914904295,30.621692670370066,21.049257927346844,102.2869695035115,110.70427531033056,80.10248035478435,207.4680846281408
2025-12-12 17:20:15.618905,Idle,37.8358987957472,25.932081954860223,26.859782909009482,23.535716788281206,108.38080848706886,112.78930530694925,78.11768458269944,202.54660387120384
2025-12-12 17:20:15.622938,Idle,23.773804901118638,13.194446352962586,17.128190322820956,27.682098380772004,112.63712338505866,129.13897031725355,110.48415125282918,224.07991316069092
2025-12-12 17:20:15.626869,Idle,18.345035707810894,12.765725674767054,20.131455765613282,25.992050555512833,107.30293216931022,129.24134770638193,116.65819013787404,231.8972449397843
2025-12-12 17:20:15.630951,Idle,32.23907135758236,26.035668054660164,30.815863977537447,22.221330363257948,103.20727455661836,113.82137944702845,86.01552975059167,212.60044045602262
2025-12-12 17:20:15.633953,Idle,39.983077968809084,28.693333507564603,29.68853623412724,24.229937907517524,109.52968861007685,113.52695022906119,77.67075228807516,204.83590696596366
2025-12-12 17:20:15.637988,Idle,27.34796559849383,16.011366289601938,19.07961161397543,28.718565129240233,115.48441400961747,130.18550259750918,108.40302714069549,225.02879671566188
2025-12-12 17:20:15.642914,Idle,17.71273426780499,11.49739300184774,18.595672034974996,27.004858842583417,109.58186482025485,132.293751238627,120.25608165270387,235.09601225994993
2025-12-12 17:20:15.647002,Idle,28.330293881652324,22.86189378238305,28.42017037209007,21.397216408013264,101.45200192042103,114.37028095289133,89.47044317931432,214.279006466415
2025-12-12 17:20:15.651013,Idle,38.50782935288771,27.954032879053557,29.357001050204417,21.528529640545457,105.07868739578407,108.6656726514193,72.39826044971414,199.96139947447227
2025-12-12 17:20:15.654949,Idle,28.928027359757834,16.8467638975344,19.361497342695657,27.014721803801876,113.53112093909294,125.8088061944145,101.0543428746023,218.9538054461882
2025-12-12 17:20:15.659021,Idle,17.966515464951954,10.725278358553624,17.616544218695708,28.211778150816826,111.6041144108458,134.47074515801796,122.7350216829509,236.57667527737794
2025-12-12 17:20:15.662031,Idle,26.844504380238504,21.854515113891466,28.200156273635002,23.60432993476934,103.20075431783334,118.73381549202895,97.31494096398819,219.8380700396374
2025-12-12 17:20:15.666057,Idle,39.048579144280666,29.700808177438375,31.53647329271371,21.825412674428662,103.23860912308737,107.08914160767745,71.57184593020065,198.32957481549238
2025-12-12 17:20:15.671042,Idle,30.6079604642473,18.621603617881192,20.344567708594695,25.119100652329507,109.71870223659789,119.27892612435971,91.90773459781485,209.37647596094757
2025-12-12 17:20:15.675005,Idle,15.235341659030382,7.347228155202174,13.513705848614336,25.45144757701928,108.03817622733186,130.0027881723072,118.10873426913167,229.11914160038577
2025-12-12 17:20:15.679109,Idle,19.631355910245475,14.917456183937247,21.741528597583965,20.280605260250013,98.94332160288468,116.79044829461782,98.96245850523701,217.59457063939772
2025-12-12 17:20:15.683102,Idle,34.26395156979197,25.903811087771828,28.340026464800758,17.95704505566391,97.45937367460283,102.28917939885287,68.34756144703715,193.4984803822299
2025-12-12 17:20:15.686109,Idle,31.15665440522571,19.307100005056782,20.464272309549415,22.18727896436758,104.72086741837848,111.84195959742647,81.95249447601964,199.0307874387072
2025-12-12 17:20:15.690183,Idle,15.660987426945212,7.231517534388331,12.519777923371294,24.640872293552093,105.5768741206557,125.82180585039896,112.85844744469796,220.7877952050767
2025-12-12 17:20:15.694145,Idle,16.0114787343191,11.724468311796954,18.713812620069803,20.111764904988377,96.77993717468053,116.22941906355845,101.71001553603855,214.95945901345112
2025-12-12 17:20:15.698227,Idle,30.554287686391035,23.567439705064317,26.546530155141227,16.280697404552484,93.1079087490507,99.16845884805662,67.84761516086292,189.5346584506915
2025-12-12 17:20:15.703143,Idle,31.33006710283371,20.025048322579096,20.708234856821946,19.730193237406638,99.86859719865606,104.83841940537968,73.24447771327686,189.304020070791
2025-12-12 17:20:15.707174,Idle,16.862845697996818,7.845417181553785,12.164743499692122,24.00547403283781,103.12065051606623,121.11217299448617,106.6208631798072,211.81292092220974
2025-12-12 17:20:15.711116,Idle,14.790533698615036,10.508759391366766,17.500841546851007,21.653131291412137,95.74280733795604,116.24237276834901,104.63364807843755,211.9382927560946
2025-12-12 17:20:15.714204,Idle,29.46381068339906,23.64031208553206,27.248273046654504,17.653782678265998,90.51076002808986,98.11100826808251,70.3062338801974,186.49042030944838
2025-12-12 17:20:15.718191,Idle,33.14485122129918,22.54035608891354,22.958724247077043,19.423623614911776,95.75213087258453,99.03205889528908,66.82262606405129,179.9802939130168
2025-12-12 17:20:15.722224,Idle,17.654584626270662,8.141245026776232,11.460051970883796,22.551742022616963,99.30293922399869,114.72712467766542,98.63879178730713,200.6352056649339
2025-12-12 17:20:15.726177,Idle,9.948183565302315,5.562767151086518,12.3755227098045,19.301090334385663,91.19233619983424,112.20558345269819,103.10054559618584,204.53910990836448
2025-12-12 17:20:15.731240,Idle,22.357075241787243,17.792498536282437,22.091040486720885,13.773792953761586,82.82648248212354,92.04429431256722,68.3067122354114,178.21128889062675
2025-12-12 17:20:15.735210,Idle,30.119869552348973,20.632119269339455,21.057896868191165,14.807343867803866,86.44869903771905,88.17718991247239,56.15855235680647,164.92309281922644
2025-12-12 17:20:15.738302,Idle,17.79061447910499,7.995731864581103,10.390980327658326,19.586388979390904,92.71140408275824,104.99088325555203,87.0665686098946,184.6713375801919
2025-12-12 17:20:15.742277,Idle,7.744227366270934,2.9370804591344495,9.412973921604134,18.63614431728638,87.87543654273031,108.86995473882416,101.59106164769037,196.55431225788197
2025-12-12 17:20:15.746304,Idle,17.964592530363007,14.250616136545432,19.22023053776502,13.118918370601023,78.7096598057542,90.15019886323716,70.72786038223421,174.00082102199667
2025-12-12 17:20:15.750292,Idle,28.565840535891766,20.23333300176091,20.844054510616843,12.638757312655798,79.54560454629245,80.75257918713032,49.64136705591227,153.77437137663946
2025-12-12 17:20:15.754309,Idle,19.472694271462387,9.72967154118669,11.196837131657958,17.798622275258822,86.20931217982434,95.24629516946152,75.24365716706961,168.21901624210295
2025-12-12 17:20:15.759327,Idle,8.087909852802113,3.0084661398577737,8.869492852449184,19.432666917549795,84.6524071051972,104.5959135646408,98.22989083603898,186.16868943252484
2025-12-12 17:20:15.763352,Idle,16.20442060948335,13.259391935989697,18.758246618308476,15.308077145884454,76.9017934819858,90.20727935715695,75.07727359498676,170.974183286482
2025-12-12 17:20:15.766373,Idle,28.408973796627834,21.192888601093728,22.159465779506718,13.27080139338068,75.81964276228973,77.13104931931593,47.84885166688764,147.0622100745095
2025-12-12 17:20:15.770350,Idle,20.42168904369828,10.774768354560365,11.399521389987058,15.818956904644438,79.88169118578662,85.89805840881309,64.13790066140064,152.64169632896665
2025-12-12 17:20:15.774339,Idle,4.797613658105547,-0.5325401212394354,4.448368858946196,15.704547102661309,76.47443021256186,94.60004444693914,88.46981382310332,168.89594354573637
2025-12-12 17:20:15.778402,Idle,8.313335348895635,6.252408121796179,12.022804247066233,10.67676602676147,67.22166432227823,81.82575633944361,70.69654680404346,157.58322873391444
2025-12-12 17:20:15.782390,Idle,22.77556246894528,16.948173997931008,18.38997315285087,8.871340464356763,66.29739754958428,68.21166019095108,41.47756186511833,134.26210612349678
2025-12-12 17:20:15.786402,Idle,20.82439260695901,11.344103183706466,11.38812306257023,13.849948879760632,73.72268585246638,77.4635735443153,54.50939511517936,138.5034518892353
2025-12-12 17:20:15.791457,Idle,6.866594722308946,0.9038367237772036,5.024980148456962,17.17418090298088,74.10952277162869,90.45080523754586,84.23511986678932,157.90635291987564
2025-12-12 17:20:15.794428,Idle,7.909668441341637,6.391810868990433,12.321758156194846,13.241607736694277,64.65772939173621,80.1948226573295,72.80231089453446,150.58442239422584
2025-12-12 17:20:15.798432,Idle,22.093175922665978,17.957606223051698,19.904635023485753,9.410406638588029,60.6111901102704,62.92664589526248,39.210309284113464,124.57084126805421
2025-12-12 17:20:15.802451,Idle,21.937559834634158,13.237928109403583,12.714832567762642,12.342205472843489,67.08562443566916,68.26468798244605,44.508632722485345,123.47667019374785
2025-12-12 17:20:15.806487,Idle,6.361542474529415,-0.1368370675118058,2.8404799392665154,15.718690484452964,69.25404041953152,83.28880851753638,76.81546893986524,144.00646287793643
2025-12-12 17:20:15.810457,Idle,3.548574399537756,2.1787076676628203,7.902746738804126,12.342971812373435,59.823543166945456,76.129305898241,72.65228799416218,141.20442752263625
2025-12-12 17:20:15.814478,Idle,18.539572467285325,16.039147431591118,18.45820194746193,8.005958978759736,53.14042422668717,56.148034053097945,36.3084071923513,113.28743595792912
2025-12-12 17:20:15.819502,Idle,23.446003491026204,16.030351961318956,15.146128397234861,10.864684179327014,59.16294992962503,57.6146862130845,33.288005434704246,106.58340120356297
2025-12-12 17:20:15.822554,Idle,9.064266928009602,2.3288264956827334,4.211267053105985,15.931722119206825,64.9171672667726,75.87131862412207,68.19139108447416,129.25009387853788
2025-12-12 17:20:15.825523,Idle,1.8413984555845673,0.2495477418488008,5.6858572729397565,13.808595197740942,57.78054829558823,74.84698443490197,74.7516581841628,134.5070585705107
2025-12-12 17:20:15.830521,Idle,14.54263324299609,13.234623805081355,16.259041878260177,7.793732196263591,48.039511164155556,53.117310496018035,38.05854070620262,106.38087464583805
2025-12-12 17:20:15.834588,Idle,22.562950421543064,16.57425298567614,15.641621277783997,7.830380971478007,49.77953843888827,46.65060376827023,22.45566735576722,89.69508309900993
2025-12-12 17:20:15.838588,Idle,10.036392877700564,3.47493897422828,4.375194362783077,12.680201955983648,55.88588852348039,63.2338148184208,53.26476816757349,108.30395948205842
2025-12-12 17:20:15.842597,Idle,-0.19387505801205407,-2.071132188219053,2.9668039946700446,13.090943860992411,52.564405158744194,69.38485543015122,71.26095284082112,122.19482894917019
2025-12-12 17:20:15.846612,Idle,11.194068614888238,10.484326403902742,14.149687932302186,9.183112986404012,44.901080600582645,52.475718613219215,42.730251938221045,101.64399653527653
2025-12-12 17:20:15.850567,Idle,23.942069127999275,18.857076658077858,18.099730405603623,9.464757319634373,46.03010016592452,42.56915897555882,20.235079695950844,80.72074477688875
2025-12-12 17:20:15.853587,Idle,15.354115613979957,8.918842850291185,8.82861545866399,14.117226934904465,51.72695874502824,55.33752552467922,43.39994431624655,92.7100421662326
2025-12-12 17:20:15.858563,Idle,1.5459730972761463,-0.30272545896332304,3.971165256236418,14.265205976582365,48.451317527666106,63.36497183513711,65.873149294217,108.718024305359
2025-12-12 17:20:15.862602,Idle,6.57384101961361,6.845336019188835,10.878017852923222,8.371351689933363,38.852718521942734,47.93562723137438,42.81972970478819,92.35516028100392
2025-12-12 17:20:15.866628,Idle,17.88774278537312,13.905189965922546,13.425310864695348,5.075937980876915,36.49843060263083,33.49415551191487,13.970395317373914,67.14334224790218
2025-12-12 17:20:15.870627,Idle,11.198300388157804,4.73775594802828,3.8153585733998625,7.567599096502818,40.48043483396759,41.43691972698434,28.36117276045843,71.85409153980436
2025-12-12 17:20:15.874692,Idle,-2.8345231265411712,-5.0037677069267374,-1.5763980812989757,8.750431687811215,38.19592777141952,51.07413014933991,53.53169948044524,88.92863741348265
2025-12-12 17:20:15.878671,Idle,1.775013364451297,2.9377790948474285,7.248729233575432,5.646284250855388,30.548693180753617,40.375782292030635,38.760695624456275,79.51942588487873
2025-12-12 17:20:15.881661,Idle,17.33142534473518,14.749273285709933,14.705064373338246,5.2905313958799525,30.919777888717363,28.237063870561542,11.443663396785269,57.39146361395251
2025-12-12 17:20:15.886690,Idle,16.322862361299485,10.007173553580287,8.416144384169456,10.677762481020181,38.971905765807605,37.77753641687741,24.256523493822897,61.772607803141
2025-12-12 17:20:15.890731,Idle,2.29980850382708,-0.5051213103797636,1.972085618730489,13.601555915789504,39.231948669214034,50.503092925064266,53.38498244652874,81.15450689947465
2025-12-12 17:20:15.894705,Idle,2.359810433274106,4.144809414668998,8.61258846036435,8.955240915343893,28.915610631142044,39.66225606871012,41.72695208757068,73.49854378573946
2025-12-12 17:20:15.898761,Idle,15.601086387585383,14.82272873887996,15.410138740830007,4.296481893234159,23.55864091857802,21.171688389236806,7.187535136283259,45.926159462862415
2025-12-12 17:20:15.902746,Idle,14.7893583144687,9.239604956212133,7.278198884079757,6.2960667449224275,28.89151783620764,25.11820728154271,10.832947685965337,42.814112683874555
2025-12-12 17:20:15.905707,Idle,-1.6559296404739143,-5.232454099037568,-3.7011449476558482,8.799117241884232,30.51988043548772,39.63193077458709,42.43121711650747,62.877097769029206
2025-12-12 17:20:15.909749,Idle,-5.448611113752122,-3.8660286754966364,0.6016563867015066,4.788927899764531,20.88530036174052,32.70699937545578,38.68785161768028,61.081006854365114
2025-12-12 17:20:15.913704,Idle,9.20346774369682,9.806965736001075,11.094688010005484,0.04964028463655268,13.809794236236485,12.464673109905561,2.0652398897946114,33.25846749910852
2025-12-12 17:20:15.918792,Idle,14.522111850732472,10.198373862440349,8.058735406440974,2.783052725750167,19.386266782850726,13.060429070450482,-2.291431334655499,25.043084638396977
2025-12-12 17:20:15.922767,Idle,0.5843153938512842,-3.177508563427182,-2.686573024300742,8.196026492478268,25.33567969953583,31.28493411198724,32.359970180739765,47.06371168640908
2025-12-12 17:20:15.926821,Idle,-6.442913703780505,-5.06037397556247,-0.9285775920052401,6.863562403028482,19.279377127983025,31.740665518766036,40.770474466567975,54.290729804954026
2025-12-12 17:20:15.929792,Idle,6.716398778840812,8.440744924737373,10.279998432757566,1.6623412740918866,10.87414543214254,11.684187766091782,5.997383395748329,28.857423665031092
2025-12-12 17:20:15.933804,Idle,15.57907989677551,12.554007915157854,10.315164399949936,2.135476972329343,13.381483197124908,5.640921261481708,-9.55226208345266,12.856815856066532
2025-12-12 17:20:15.937855,Idle,3.511797888299043,-0.1384071169359231,-0.7660728229802771,6.981040803037104,19.40938879022724,21.60283578367671,20.24463788686262,30.358551739307586
2025-12-12 17:20:15.941795,Idle,-7.330028412365209,-6.0986552676276915,-2.5929611819647107,6.881056357209673,15.367332324676681,26.999212751878076,37.60683160068584,43.38864019708126
2025-12-12 17:20:15.945786,Idle,2.5674403808461648,5.177305372693809,7.479731378445649,1.7908015508055541,6.726272273270297,9.436028677955619,8.59565806374303,22.839709331979975
2025-12-12 17:20:15.950851,Idle,13.674492270245537,11.709050220133577,9.640313388028517,0.5384309951095929,7.067281653959071,-1.0744972669926938,-14.722093051153934,1.9534761685645208
2025-12-12 17:20:15.954886,Idle,3.8746696010985033,0.12240958416441572,-1.3536683695001557,4.02738429688543,12.226638008622103,11.204488422343275,7.740039350523148,13.563213579938747
2025-12-12 17:20:15.957841,Idle,-10.312887984931876,-9.545147920214731,-6.616133500490832,3.677964003481975,8.304558461881243,18.635294805644662,29.689238725375617,28.981444890378043
2025-12-12 17:20:15.961899,Idle,-4.382206171365397,-1.1571727830996679,1.686362006030322,-1.9796673644286784,-1.5696620519302087,2.795981258750544,6.114175658440217,12.556211118644569
2025-12-12 17:20:15.965896,Idle,9.00849597114393,8.061564574401928,6.419716455940943,-3.8107134010861046,-2.250144234407344,-10.199640412000008,-21.673878961293667,-10.714512281905627
2025-12-12 17:20:15.969912,Idle,4.325348244234192,0.4630924139455601,-1.7355219487162685,1.3251703210389678,5.490146995391115,1.7639945464470657,-3.130004298858694,-1.613504880166147
2025-12-12 17:20:15.973868,Idle,-8.991444006580423,-8.890830698626814,-6.743141124039539,4.593302167006186,6.1573843900623615,15.063157947966829,26.428804768263944,19.44694084508228
2025-12-12 17:20:15.978925,Idle,-4.71046084808404,-0.9670264900614711,2.2110154030833655,1.1042400946826092,-2.1511002316183294,3.81246467200981,11.094658487512788,9.814981064715539
2025-12-12 17:20:15.982942,Idle,10.303420428053869,10.784435746029885,9.639261753838582,-1.6063371912259754,-4.80800070137775,-12.226845263081486,-21.42963586220867,-16.012452447524993
2025-12-12 17:20:15.985967,Idle,8.320970704715364,4.938378688325429,2.0827010999000777,1.9387664722999034,1.7219735880062217,-4.737285813593189,-11.583928752253996,-13.48341643770982
2025-12-12 17:20:15.989962,Idle,-7.506110632288255,-8.011839540383335,-6.885961368730932,4.834270334142275,3.2804376924905227,10.206741359514126,20.69817998579674,8.661397176416358
2025-12-12 17:20:15.993978,Idle,-8.717876830405658,-4.925532026872133,-1.681678815790292,0.8570611601608107,-5.443257144390373,2.154242302320199,13.12718601074448,4.562778675404843
2025-12-12 17:20:15.997946,Idle,5.778281619230256,7.396462226140102,6.8492464902356005,-3.6321605550620006,-10.918540149687033,-16.85685245730565,-22.671504748417647,-23.09936215984635
2025-12-12 17:20:16.002005,Idle,8.110647694338695,5.420786983233484,2.1969914960645838,-1.3054618939295324,-5.82395708841068,-14.638577574231022,-22.847457608491823,-27.89672921561578
2025-12-12 17:20:16.006950,Idle,-6.362739433534443,-7.187384805799411,-7.047110881250774,2.8145247193770047,-2.096766953196493,1.747406865884841,10.192691016854951,-5.652749130458687
2025-12-12 17:20:16.010964,Idle,-10.601971881509598,-6.794363429174155,-3.642248017914426,1.1449167012378894,-7.985392561691697,0.1337374073191313,13.618460467958357,-1.293505925728823
2025-12-12 17:20:16.014024,Idle,3.3819566358379234,5.908440041528593,5.992439819819992,-2.41985387800014,-12.905275762394012,-16.851053515078092,-18.51648337161896,-25.10053011504351
2025-12-12 17:20:16.018023,Idle,9.743243750903275,7.570648642482411,4.174784439562245,-0.5156321494850999,-8.329382520576473,-18.216689355795097,-26.24799320434977,-35.07039587465988
2025-12-12 17:20:16.022145,Idle,-2.7327893944457173,-3.9218008363368426,-4.760495261860342,3.446273273388215,-4.336237919611449,-3.4567468452078174,2.832448665125412,-16.37237234649365
2025-12-12 17:20:16.026059,Idle,-10.125782532482845,-6.135551134747402,-3.2350317530244865,1.8935103452886324,-10.205332185600128,-2.57470771035878,11.751174881093903,-8.082841875439044
2025-12-12 17:20:16.030081,Idle,1.2123553110277498,5.023889687057817,5.756827903359408,-2.2850103695409416,-16.222565817610302,-18.56305414820963,-17.125085228399257,-28.656312834456912
2025-12-12 17:20:16.034112,Idle,9.298696008708248,7.82432853559294,4.4291333583187225,-1.058212704512698,-11.864681933850079,-21.894637793651782,-29.23921618643726,-41.55821309607563
2025-12-12 17:20:16.039149,Idle,-1.369535170870222,-3.3370108939279817,-5.193013749581951,3.4393808181584973,-6.288925792199734,-7.2522303772493615,-2.200683630475396,-25.12613046745537
2025-12-12 17:20:16.042131,Idle,-10.211457464879459,-6.642487135171905,-4.230029328499768,2.744826666265908,-11.60416817895748,-4.285141827815096,11.046879807068763,-13.844560533012555
2025-12-12 17:20:16.046130,Idle,0.35774044821846473,5.514257162544254,6.907975436251945,-1.8127421991603114,-19.47850082678633,-20.953576877582236,-16.989738349602703,-32.62493566075136
2025-12-12 17:20:16.050158,Idle,10.913536834215847,10.796081410321221,7.7595367401581825,-1.2599759370687025,-15.784621140213858,-26.927105718310486,-34.28110939295584,-48.53686103754444
2025-12-12 17:20:16.054199,Idle,0.9827058956052497,-1.6507736432490674,-4.289094676136301,3.88744430742463,-7.46092489460716,-10.702881090976007,-6.9714063820574665,-32.817215776012745
2025-12-12 17:20:16.058132,Idle,-11.949345521049509,-9.761387147273126,-7.985688132772793,3.642994446328885,-11.196442018019297,-3.603619089379208,13.702793499996915,-17.150556176144164
2025-12-12 17:20:16.062127,Idle,-4.349641032722047,1.236040521338964,3.107701736729723,-3.1134691748275145,-22.976238634491892,-22.533222692141862,-14.868580407593981,-35.72218096907454
2025-12-12 17:20:16.067201,Idle,9.239966580531473,10.836206543922572,8.227524974801781,-5.509957743331597,-24.11608809824611,-36.326783835895185,-44.17114212068918,-59.20165747117426
2025-12-12 17:20:16.070216,Idle,2.8089142658218407,0.5737406767157154,-2.8048679590287975,0.375780990686053,-14.072658474329728,-20.919931310563697,-20.843347216008624,-46.4913027116927
2025-12-12 17:20:16.073206,Idle,-12.362667238835911,-11.373290598561653,-10.48908281455715,4.3069309465954575,-11.273788862461515,-4.177070933052164,13.697784670697729,-21.49898798232607
2025-12-12 17:20:16.078222,Idle,-7.970263213979706,-2.899020653068874,-0.7986160779146303,-0.2269669629040436,-20.639831013388175,-16.809702812173782,-3.7113717073225416,-31.47907076672709
2025-12-12 17:20:16.082236,Idle,8.476810773868237,11.138174307753047,9.089602057098318,-5.066779983443212,-26.161474112923315,-37.37134007862369,-43.12802934576575,-60.9913668517911
2025-12-12 17:20:16.086248,Idle,6.432316046822734,5.1545006685431645,1.3649897880031858,-2.620554626316334,-20.4104790053716,-31.295088037088135,-35.55794920182416,-59.6770687123244
2025-12-12 17:20:16.090393,Idle,-11.727583803295602,-11.054643111560438,-10.90817069347429,0.9884554105235566,-16.543820688245432,-12.560076421201302,2.4061417966913723,-33.568694165212946
2025-12-12 17:20:16.095245,Idle,-14.627859428789293,-10.142214729099498,-7.761553828409092,-1.9090564401884649,-22.88941915128089,-16.635015413121437,0.6085954889549612,-32.92125562901856
2025-12-12 17:20:16.098352,Idle,1.1825895632190395,4.018257620707573,2.734146460321938,-6.583141515113482,-28.588424653423317,-36.40924249167074,-37.13740210854667,-60.35239169761553
2025-12-12 17:20:16.101305,Idle,5.737056470106978,4.9486680497522,0.9582446027055482,-5.4830509745180365,-25.23742916115816,-37.665789035715534,-43.44421743422208,-68.05263740965711
2025-12-12 17:20:16.106305,Idle,-9.370592881599237,-8.365316844743347,-9.043152443833549,-2.3187120224081355,-22.107744343265267,-22.05080808306093,-11.593024126253113,-46.2778237763182
2025-12-12 17:20:16.111266,Idle,-17.11423626009571,-12.095635884310923,-9.67708650056727,-4.482224444143299,-27.269415980837806,-21.219271128348737,-3.6226044736686163,-38.889193240957184
2025-12-12 17:20:16.115338,Idle,-5.852557100668946,-2.4800376363250507,-3.0444108654476167,-9.090840593873509,-32.244249300223146,-37.138201588696575,-33.52458682373026,-60.80641297832358
2025-12-12 17:20:16.118326,Idle,0.6285231649785601,-0.5438033225848358,-4.661127869173924,-8.98161354699073,-29.26746587312482,-40.94991099053095,-45.23436832246239,-72.60148956206649
2025-12-12 17:20:16.122594,Idle,-10.798924156352996,-10.718010839789258,-12.360007924228285,-6.311136418266869,-26.644975865140623,-28.710544196638693,-20.521909191730174,-56.00751785801458
2025-12-12 17:20:16.125294,Idle,-18.420358113256043,-13.166293703613974,-10.969218197929422,-7.625421212969741,-31.93704457046715,-26.919248919549318,-10.392412192457414,-46.26322578238069
2025-12-12 17:20:16.129368,Idle,-7.752942137508853,-2.933481004571604,-2.7597150614883503,-10.556418273232339,-35.884956409516235,-39.80184110864684,-34.82491941446369,-63.069551282438624
2025-12-12 17:20:16.134356,Idle,0.9006886316187774,0.20615259557189347,-3.785335638392098,-8.384487369179624,-29.681011236825725,-41.17725576212979,-44.95204066727274,-73.47701670951392
2025-12-12 17:20:16.138353,Idle,-8.757661841186291,-9.938533982296576,-12.521079729237044,-3.9346747441682055,-23.511413454672947,-26.52261779215405,-18.976779410609197,-56.521560186130955
2025-12-12 17:20:16.142425,Idle,-17.95812105779123,-13.40033327578658,-11.724358209485217,-5.378869357602525,-29.24022976168635,-23.97177612325686,-6.5566503372720035,-44.95499957600987
2025-12-12 17:20:16.146427,Idle,-8.545713129331489,-2.2199524486159135,-1.5226265205023992,-10.65369657215706,-37.643301273081306,-40.68358536755295,-34.31369273980272,-63.079690494956594
2025-12-12 17:20:16.150429,Idle,2.0432111262753097,3.108065768314191,-0.7316581306390617,-10.275705571542858,-33.85153167007047,-46.62286811627018,-51.83363420274327,-78.53355270508473
2025-12-12 17:20:16.153438,Idle,-6.804751816425778,-8.361657960366756,-11.955670026214193,-4.7361917767684645,-24.577543748298922,-29.87987804900331,-24.74552469781338,-61.90812079800162
2025-12-12 17:20:16.157406,Idle,-19.452453710127884,-16.33034906416833,-15.44702934058023,-4.197120500024539,-26.673705155473726,-20.789615880137717,-1.8752001702705456,-43.562627929070004
2025-12-12 17:20:16.161409,Idle,-12.490679141516011,-6.133352505000403,-4.934328534323868,-10.11192567557373,-36.769073829435,-37.03606392351503,-26.727663253988794,-58.73946096902364
2025-12-12 17:20:16.166463,Idle,1.2292338285924416,3.533623569925112,0.33028827507860115,-12.37055491645333,-37.39626854929884,-50.20096239198392,-55.4709824402762,-81.2874168723938
2025-12-12 17:20:16.170484,Idle,-3.9593143304473415,-5.274690807372281,-9.319682538383859,-7.472268217776218,-28.480288053458935,-37.08814762896509,-36.19001287929132,-70.66839941199578
2025-12-12 17:20:16.174498,Idle,-18.48948390305668,-16.31182116772561,-16.04345988303794,-4.492633542762633,-26.603552175914956,-21.992418266334425,-4.544042062927474,-46.62208658942109
2025-12-12 17:20:16.177522,Idle,-14.975537468702896,-8.9804976609812,-7.311110159527743,-8.114821418237625,-34.10601304876036,-31.61726036663822,-17.76429869268759,-52.65402719256235
2025-12-12 17:20:16.181508,Idle,0.7767173623160488,3.551123965517945,1.107833139860304,-10.309342270847992,-35.469903953027824,-46.18645357938658,-49.048460903202795,-75.77291772382159
2025-12-12 17:20:16.185579,Idle,0.41234266298306466,-1.0865204630608787,-5.409608832600497,-6.023285091039725,-27.23218250013815,-37.53231498691093,-39.07039138863183,-71.89114138962032
2025-12-12 17:20:16.189597,Idle,-14.541145915906782,-13.214267025148729,-13.609332960814754,-3.3841616369700205,-25.16468165151673,-22.5756913128389,-7.895848265234235,-49.03969923411205
2025-12-12 17:20:16.194526,Idle,-16.456663152627698,-10.280268245679508,-8.260083668171319,-8.737143437227132,-34.734416714047256,-31.326231221588387,-16.672610017489205,-51.94263864120148
2025-12-12 17:20:16.198573,Idle,-3.8919612332629185,0.09449424652575544,-1.5195994870346112,-14.05352395659611,-39.84686191021683,-49.08362432444119,-50.644299480878544,-76.73638992267661
2025-12-12 17:20:16.202595,Idle,-3.606272216162324,-5.046775878156041,-9.605706649390413,-10.977907185918411,-31.984601280964853,-42.837877497800946,-45.41709739173166,-77.23034011305572
2025-12-12 17:20:16.205664,Idle,-18.474902315933832,-18.70097221744618,-20.071923145706933,-6.250075892804489,-26.42961022754389,-24.19143324304605,-9.823278846874018,-52.45583494818129
2025-12-12 17:20:16.209550,Idle,-20.468989012364545,-14.9045445047268,-12.932078213823843,-9.53653684703022,-34.62738036922747,-29.59299129647843,-12.743298176905228,-50.15298945783434
2025-12-12 17:20:16.213625,Idle,-3.9263658488916917,1.7305587030641618,0.9992899130566002,-15.447107771293304,-42.57325607116218,-51.57250540685709,-53.15944422029497,-76.78299944213359
2025-12-12 17:20:16.217624,Idle,1.0152102257634397,1.0084730992666664,-3.3590547384483216,-13.01492378858984,-35.37145197727659,-49.41942970663149,-56.43758271078332,-82.46863044183556
2025-12-12 17:20:16.221627,Idle,-16.766838727715367,-18.344329704304073,-20.472316932621652,-5.9613162031591855,-24.419863503113447,-23.809608091174596,-11.197681273100898,-53.073008044644666
2025-12-12 17:20:16.226668,Idle,-26.590717099385074,-23.523134279113947,-21.741692731728108,-6.878963035908782,-28.31101790147659,-19.27713160901476,3.5223005067309714,-40.15466506172379
2025-12-12 17:20:16.230663,Idle,-10.009247476547898,-4.511422290272094,-4.433687724907941,-15.088915955117045,-40.88571446674541,-46.00824172312423,-42.27128924389763,-69.15153735497006
2025-12-12 17:20:16.233687,Idle,4.910281518887132,7.235155102520366,3.2571477499368484,-17.171779864302152,-41.731547774779756,-59.47437465875555,-71.80874706678514,-90.49811242920987
2025-12-12 17:20:16.237646,Idle,-7.572096429674275,-7.591582408681461,-10.367962100478508,-9.257602546287671,-29.566284094089497,-35.7903479092347,-32.80438586142918,-65.00616239633382
2025-12-12 17:20:16.241669,Idle,-25.380464811818456,-23.6085115928463,-22.26189658772455,-2.9673591341233987,-22.221812139505346,-12.100667606100615,11.786513422102871,-33.291440649198194
2025-12-12 17:20:16.245661,Idle,-17.35338784563828,-14.403376981250403,-13.83456463897619,-6.3700706065628765,-27.60185088822982,-23.99419341747125,-8.90354965712686,-46.24280064994673
2025-12-12 17:20:16.249685,Idle,3.1428238790031173,4.74661387096603,1.107680256292042,-12.704796294556218,-35.23864626033537,-49.37949657855643,-57.30284552883313,-79.40468449681794
2025-12-12 17:20:16.253748,Idle,3.0100303041726875,5.13668272905943,1.8704076595577135,-12.75964815547195,-35.44461326149394,-49.122420389729086,-56.67368333855484,-77.9410086179414
2025-12-12 17:20:16.258695,Idle,-14.510682657248253,-10.032106979901073,-8.959381860452595,-7.491418737252388,-29.67828022305912,-27.425333035178483,-14.747106543698465,-47.36324449881795
2025-12-12 17:20:16.261770,Idle,-19.630264689332762,-16.97571520132351,-15.80590567681702,-3.3290466070902767,-22.935093863488873,-15.881720537086949,3.3022898043200257,-35.89256614346232
2025-12-12 17:20:16.265711,Idle,-7.302785066132856,-9.472168555009375,-12.761194409367818,-3.4456417228739156,-20.072752287756884,-23.79698071962048,-17.913753728640586,-53.025270767495385
2025-12-12 17:20:16.269777,Idle,0.9127100700516166,0.26271991144676576,-3.6576967760465777,-7.326218023161346,-26.14638839298277,-36.546043946822465,-39.86609487785245,-66.28048277476046
2025-12-12 17:20:27.123764,Right,396.70826153945285,279.6043904728183,345.2539659277392,362.7543543990901,1663.2209756826444,1872.9567236816943,1508.7148649961973,3415.9622939782753
2025-12-12 17:20:27.139871,Right,2133.8695255586267,1503.4890046670876,1856.7842468277945,1953.0886033144648,8951.253761759213,10080.851524426573,8122.201792387159,18384.090934520995
2025-12-12 17:20:27.143864,Right,4877.842590901977,3435.5654220945626,4244.514121963248,4472.2272177526,20483.146679029065,23072.150032804573,18597.28706032216,42070.64170518173
2025-12-12 17:20:27.146818,Right,6070.6501947621,4274.628010385551,5285.508835251097,5582.707909309032,25539.10535855309,28777.71277852809,23214.536798560322,52466.67233367614
2025-12-12 17:20:27.150874,Right,4062.66712895783,2862.853403693074,3545.631679783237,3757.4477325130047,17143.03084687215,19331.820216899716,15618.61602026537,35241.21666475605
2025-12-12 17:20:27.154910,Right,390.9522307039406,283.3133482301673,354.0796196250558,380.13894668236026,1665.722290747799,1891.8275444990722,1549.303243299597,3452.0397239379818
2025-12-12 17:20:27.157858,Right,-2342.8971955886736,-1639.2883325034854,-2033.6741348119467,-2155.2325760965687,-9931.354238192755,-11193.683574174036,-9032.575952720188,-20400.416569225315
2025-12-12 17:20:27.162901,Right,-3016.989646576578,-2119.2192728926166,-2632.509829522707,-2782.4555000982655,-12794.725009447517,-14430.38358907809,-11655.026687718433,-26311.328143593506
2025-12-12 17:20:27.166924,Right,-2172.872295321562,-1530.366539898634,-1898.039192686876,-1991.1856869226176,-9171.28857430385,-10337.329243405547,-8336.49546460266,-18858.838637588546
2025-12-12 17:20:27.170954,Right,-968.2693705501151,-680.4689130264815,-840.6457094680518,-876.5824762207485,-4058.1118397692917,-4565.9513820894645,-3669.9338221349753,-8329.930632315809
2025-12-12 17:20:27.174923,Right,-299.4844452015968,-205.51308880123543,-256.4362898092513,-275.01358177776274,-1288.7688931676093,-1452.2519078851328,-1171.5349021899165,-2642.410498754354
2025-12-12 17:20:27.179983,Right,-426.98181956779445,-296.70844793118886,-373.6093638715538,-398.8531991964119,-1857.6126744324574,-2100.8130901785917,-1703.6978115108213,-3829.441160069662
2025-12-12 17:20:27.182954,Right,-980.9231652928138,-690.4740763703157,-856.8102008857531,-894.696604588331,-4141.510080224951,-4666.817761323415,-3759.4148698925856,-8518.25850934803
2025-12-12 17:20:27.185988,Right,-1335.557893889214,-938.9780949104897,-1159.3537581315613,-1213.6252468512102,-5598.394217666122,-6300.479798752582,-5067.411721107084,-11492.906358860899
2025-12-12 17:20:27.191037,Right,-1179.8534205138567,-826.0473181941779,-1023.3240696666471,-1085.352484469564,-4989.295174602536,-5622.32610764401,-4535.933846827073,-10245.258351883385
2025-12-12 17:20:27.194935,Right,-769.6197260039044,-539.2057775657158,-673.6612631017197,-718.6621665476268,-3300.594761597342,-3729.406940459856,-3022.469388321042,-6796.545410284307
2025-12-12 17:20:27.199014,Right,-568.9003080824914,-402.5954431750288,-500.65517254089355,-520.3153052525886,-2403.4215638778405,-2710.8415589726064,-2186.5205132048577,-4950.960474542342
2025-12-12 17:20:27.203022,Right,-702.332197658543,-495.702815737779,-608.9403081979253,-629.9618445644446,-2909.524269326357,-3268.910230624955,-2620.122182995314,-5966.843259781133
2025-12-12 17:20:27.207048,Right,-878.1197599794832,-614.742617735712,-758.7365293174807,-804.0215166685812,-3690.7131804618984,-4154.829686500132,-3346.928357809549,-7569.574286025949
2025-12-12 17:20:27.211036,Right,-819.2564871545765,-573.6795259497449,-715.2474291234976,-765.8788681621954,-3505.3935032458976,-3959.66209682147,-3208.9227164817275,-7213.4424657670315
2025-12-12 17:20:27.214063,Right,-602.2990947952203,-426.13344020220393,-531.2517423634126,-556.9835672998452,-2559.4589978441363,-2890.487873326172,-2337.674556365353,-5277.108321819454
2025-12-12 17:20:27.219081,Right,-497.14272655331297,-352.8354970612272,-432.7716294127458,-442.9810193639423,-2046.5369158328976,-2298.1480043533957,-1838.7893275576644,-4199.963740503183
2025-12-12 17:20:27.223174,Right,-588.640254188329,-412.3034731431835,-506.29369454827975,-533.9335633961309,-2450.9607387232827,-2754.5854022759013,-2212.1292740277713,-5019.886871524388
2025-12-12 17:20:27.227097,Right,-691.4525275377382,-483.25465023897414,-601.6488404631964,-647.1413352415257,-2955.5923926917603,-3337.573806894128,-2704.2026117627975,-6078.239101240411
2025-12-12 17:20:27.231145,Right,-622.2763894904638,-439.4344379578688,-548.552831353154,-580.2930105614942,-2655.690265431069,-3001.3701713365735,-2431.722055286169,-5476.719531693729
2025-12-12 17:20:27.235152,Right,-438.7699274555198,-312.84527046502626,-384.38860624525114,-393.2749657568638,-1808.3626947526354,-2032.8812835786957,-1629.347158286604,-3716.832806169521
2025-12-12 17:20:27.239137,Right,-348.4543800005049,-245.4956968635379,-298.28696791338734,-310.99485987299704,-1419.6000619316474,-1590.9080978470156,-1271.1912975228624,-2899.767919395352
2025-12-12 17:20:27.242105,Right,-431.3098144371179,-301.3540933401382,-373.6598694748245,-405.1711081114772,-1832.8966793797445,-2069.01678634563,-1677.2207663647132,-3762.9548073087353
2025-12-12 17:20:27.246164,Right,-538.0435542564373,-380.2315073865029,-474.3274675962166,-505.1951138889999,-2294.593426140258,-2594.556859863689,-2105.627614576486,-4730.093405326363
2025-12-12 17:20:27.251097,Right,-488.97496138486895,-348.751794477721,-429.63633153945557,-443.34219767022296,-2026.696198985097,-2281.531719612656,-1834.3371671293862,-4168.815749626141
2025-12-12 17:20:27.255179,Right,-313.7265318223217,-222.09991366614122,-269.43697939366393,-278.8114741022873,-1271.9931344516808,-1424.8910181848332,-1136.9564846674912,-2600.246730191866
2025-12-12 17:20:27.259224,Right,-213.8053200066206,-148.24485839491535,-183.3843747346109,-202.9485101706814,-911.5710088537307,-1028.8679591490654,-834.843751097098,-1869.3695135109592
2025-12-12 17:20:27.263142,Right,-289.847277620167,-204.50470788528037,-256.90695614869765,-277.842275510091,-1255.3086267708568,-1423.105876845657,-1160.6081772733014,-2594.4209821277764
2025-12-12 17:20:27.266204,Right,-401.8052120845823,-287.2694671120553,-354.15861425959156,-365.6996506599389,-1667.494733874686,-1878.1345838292036,-1511.5193588192924,-3433.0206707320176
2025-12-12 17:20:27.270190,Right,-362.8179555744864,-258.1209961393615,-313.19629952123796,-323.8552208856272,-1468.637829993153,-1646.2243154352764,-1315.7759600545978,-3003.557734664064
2025-12-12 17:20:27.274164,Right,-200.67834267928265,-140.6095702755265,-171.89665461535333,-189.71548585273558,-834.9119520201348,-940.7321621868759,-762.5858773555956,-1706.0569016076624
2025-12-12 17:20:27.278177,Right,-114.5585187463439,-81.84400291732163,-104.11393752293952,-118.35597633091675,-507.31953280832386,-580.2213673167862,-482.35348739498295,-1053.2979075487237
2025-12-12 17:20:27.283290,Right,-189.31687159766443,-138.11374357163731,-169.99479832622455,-172.8406171851675,-775.2094976153458,-874.1226331024664,-704.2582196360454,-1601.013477398199
2025-12-12 17:20:27.287332,Right,-281.830932066121,-201.49663041523308,-243.14304817924858,-248.39386923622806,-1126.0417388094356,-1259.7403073174064,-1002.6477106455714,-2301.5074716379168
2025-12-12 17:20:27.291439,Right,-236.25365193019388,-165.34734931375715,-201.7769068947964,-220.1458127944643,-979.4421014182153,-1101.6238794319797,-889.2406342171016,-2001.374720243155
2025-12-12 17:20:27.294309,Right,-102.24213082807546,-72.48618693159369,-92.57554620137671,-108.66311036692059,-459.1562616127194,-526.1609555332107,-440.1578135913005,-953.1068173033418
2025-12-12 17:20:27.298379,Right,-45.566504535861895,-37.29033894419263,-45.950092112863786,-44.27595625199319,-176.09426519472618,-201.1593925858033,-165.77590814227005,-371.981516762753
2025-12-12 17:20:27.302366,Right,-107.12993192208523,-79.92949043421686,-92.13847915535735,-87.21718790485465,-381.6877241214388,-420.73301350546535,-325.78432604816044,-772.3650854890002
2025-12-12 17:20:27.306368,Right,-165.2570500747679,-115.85054115278763,-138.75978642780683,-151.248696673807,-665.0884469229495,-744.5249785167398,-596.8964171025436,-1351.3281791013433
2025-12-12 17:20:27.311341,Right,-124.11432233039523,-86.69346299749304,-109.81487621030828,-128.91795707703568,-554.503623211931,-633.0172208872973,-525.6976204600651,-1146.9538838636363
2025-12-12 17:20:27.315344,Right,-34.19743452608964,-28.50071305907477,-36.63800178011297,-37.985217341374664,-145.83129223727155,-170.03899877535878,-145.05502009598422,-314.10523720528
2025-12-12 17:20:27.318358,Right,2.1546180409786757,-4.428998262563255,0.9292539118323475,12.008299839391839,80.64090884497273,98.86213271640008,91.40699635684723,174.96738163009286
2025-12-12 17:20:27.322405,Right,-30.938818454749708,-23.814839190185012,-22.302499694545986,-24.545414307605824,-67.397758045292,-68.02970799693139,-48.149310817272635,-115.49042486865073
2025-12-12 17:20:27.326384,Right,-65.45733164674311,-47.04859279530865,-57.88363712270802,-73.95360188573977,-276.15068413998233,-316.4985297760286,-269.42173940115026,-562.5207058391534
2025-12-12 17:20:27.330389,Right,-48.164514666183095,-39.23543557301673,-49.46438333853439,-54.682348586320586,-197.20624543633312,-229.09146665351,-197.40266499647987,-414.3794824734214
2025-12-12 17:20:27.334333,Right,7.125807743235782,-1.968311101278232,3.1871512667130446,13.986513170384569,98.3872291840089,116.84348180498637,102.43348136069835,208.7220391072915
2025-12-12 17:20:27.339472,Right,49.92779724115826,32.84570847878058,47.89058399796704,52.397142990870634,273.6634963933466,317.3388492853119,265.8201866479649,582.6210132316628
2025-12-12 17:20:27.343368,Right,48.76813683196451,35.19339848655545,43.862351174569994,33.73193655920295,195.67844133044127,216.7986452880141,165.05529331678554,405.4258023645816
2025-12-12 17:20:27.346449,Right,21.627778140558803,12.7959765704245,12.963949983970451,7.670765147000566,66.52503286776118,66.32902589264268,40.207306706863164,121.05416294461611
2025-12-12 17:20:27.350451,Right,17.37019765891887,7.0362115661287135,11.698400090100677,21.193250760030878,110.21804454460198,127.16037905245321,108.77553510187727,222.4630717293967
2025-12-12 17:20:27.354411,Right,57.4541034252652,38.7860389787993,54.3914983399809,61.425959977465936,294.6431416655905,341.1023375615914,287.48622256480667,619.6302601629432
2025-12-12 17:20:27.358470,Right,103.44303021264568,74.80005237461864,93.21506757935094,86.95998155645248,424.5391928694953,476.65212472998246,378.413909960349,875.9704778523737
2025-12-12 17:20:27.362494,Right,105.61254097153505,73.52058624238089,87.38170179658118,83.67963066398988,408.2386166338838,450.9034999507421,349.3844847223081,822.6488507331815
2025-12-12 17:20:27.366484,Right,74.58148200673531,47.68336483404346,60.682448775714875,71.23256229418621,338.70143555455434,382.50531348146615,311.4833268044749,688.4020674267376
2025-12-12 17:20:27.371487,Right,67.11717671799488,44.44859586058374,61.848672650605295,71.54487734719442,343.3849736797274,396.4583746936696,332.89952850635746,720.2219738766435
2025-12-12 17:20:27.374517,Right,101.65761354769347,72.58112329444702,92.38972178687982,87.97665329065785,436.36392137780786,492.4007922481396,394.0112549108162,906.9638272587908
2025-12-12 17:20:27.378487,Right,134.09602707643353,93.50174969654836,112.86767863767454,108.5673070381381,533.5052190007991,592.0892901369953,461.98594052373664,1084.9987408093875
2025-12-12 17:20:27.382530,Right,129.97662172833225,86.36461250773573,107.77400093602046,118.9145963794872,565.0717309036991,635.2784011066542,511.47168065884034,1152.0025892773992
2025-12-12 17:20:27.386546,Right,113.61210625409149,76.28141300134303,101.1493879268819,114.97775893595826,541.3197506961005,619.2862912262208,512.9610543396266,1125.0320240686415
2025-12-12 17:20:27.390586,Right,119.89738855585892,85.3586495622003,109.17879535705288,108.09703432169044,522.3752048022579,591.651336437033,477.9286970674584,1086.2239629174583
2025-12-12 17:20:27.394494,Right,139.4384137280431,98.57707304691576,118.96422118873306,113.34767145541264,550.4874659696361,611.6403176597087,478.03657903370913,1121.3428326764842
2025-12-12 17:20:27.399578,Right,146.58739329504897,99.19441649885994,121.79470759964897,131.012457307952,615.972087003116,690.1339666683925,552.0743383639492,1252.1056109764613
2025-12-12 17:20:27.402576,Right,147.13555667590117,99.80306341121468,129.17152607905155,145.7773491867847,674.5876711404999,768.4663385175518,632.7270823080325,1394.201217345777
2025-12-12 17:20:27.405639,Right,157.5629597397783,111.72704389577848,142.6040877281048,146.19730622755014,688.7796215509297,781.386149146012,634.6946865883656,1429.7780312579125
2025-12-12 17:20:27.410591,Right,165.23428842017893,117.50322298488754,142.9659809224686,137.85093553495244,660.4658399196924,736.9163060353021,580.2301242282265,1351.0481709325686
2025-12-12 17:20:27.414616,Right,153.62902749568457,104.68978926913405,127.66911332105519,134.36491875168576,634.3926313591655,709.1389287860948,563.7854642571765,1289.1743808479514
2025-12-12 17:20:27.418606,Right,144.28932602256828,96.93734563150792,125.10178356325196,142.02688310446683,660.6446902180323,751.5961831283639,617.1631295508123,1363.6519798024092
2025-12-12 17:20:27.422663,Right,164.98018134300946,115.76843230939994,148.9274189463904,155.87886305896973,735.8740726079559,836.4655194194056,681.8334021068295,1530.1829743857961
2025-12-12 17:20:27.426626,Right,193.1014180217171,137.15485045297828,168.58435462661146,164.9076442119258,789.3570049916161,883.932919604471,700.3923363749054,1621.8589554787613
2025-12-12 17:20:27.430670,Right,184.8621014599048,127.3292694654956,155.0842587489169,160.57881548584555,759.1602406644961,848.2458060788922,672.9596046516672,1545.9125209166668
2025-12-12 17:20:27.433659,Right,151.90570026233036,102.23270560819947,130.541427228236,147.68617758143228,684.6124960258603,776.8127832972677,635.3393710469245,1408.964735136833
2025-12-12 17:20:27.438724,Right,149.8970334787591,104.90314136102097,135.73934591625584,144.8404041449976,676.8648086901521,771.2223310975824,632.0299831458833,1408.34512616368
2025-12-12 17:20:27.442694,Right,188.28249180022976,134.64989165353472,165.9583557213773,162.63190628116718,771.2193468423793,865.2604135294678,688.0682229596423,1587.2301604822278
2025-12-12 17:20:27.446716,Right,211.7724300015252,147.7611209582683,179.16797644285543,183.17909973645874,858.1369265475078,958.4724033160601,759.7193974166876,1748.0154444347136
2025-12-12 17:20:27.450705,Right,187.81932459617383,128.11031600828574,160.80243572057225,178.81343365676003,820.1351667691488,927.3480595417786,754.2891318156617,1682.0082118995488
2025-12-12 17:20:27.454717,Right,156.6550280719821,109.67448474778212,141.47983229148667,153.71899269902497,705.3851858045673,804.211369134835,661.3006743300939,1464.7535397636238
2025-12-12 17:20:27.458678,Right,165.4561278076144,119.51634521583037,147.80664258605975,144.71794435751508,677.7360365337227,761.9574559669709,608.5014906277647,1397.2197293865029
2025-12-12 17:20:27.461754,Right,198.28680857579457,139.89345240985858,168.41010790293512,169.15020136072417,787.5918699227041,877.9183396060253,693.3444532672875,1602.0210962179117
2025-12-12 17:20:27.466761,Right,208.39075204564142,143.19580939388834,177.46544536645524,194.8319208760513,888.8199960960774,1001.9745765239932,811.1088472336996,1817.4410464884713
2025-12-12 17:20:27.470752,Right,188.15289604553254,131.31314687272243,167.87158813537098,184.23539716130472,838.602677042014,954.6013121079886,784.0667290753918,1736.1865948634222
2025-12-12 17:20:27.474714,Right,168.84401768434327,121.8876775391982,151.88929135768558,151.23745402880013,703.0048529709456,793.1668441175716,637.6766812968999,1453.4790347935632
2025-12-12 17:20:27.478792,Right,170.40056252112845,121.07412559018121,145.311821052921,142.64345719103585,667.9892817385262,743.4733242793009,584.1373655735515,1359.761741596507
2025-12-12 17:20:27.482803,Right,184.62941335124196,126.45616356655955,155.76128271353082,169.6013503896247,778.1780510195531,875.017605121131,704.3980142856017,1588.2679919202346
2025-12-12 17:20:27.485784,Right,195.95867393538356,135.52709197568765,173.25148423781502,191.93303531510173,875.828904156806,996.3643036838621,817.5173360607587,1811.7947548765223
2025-12-12 17:20:27.489851,Right,193.6545925863029,138.65801146732701,174.20764092967147,177.69623386344756,823.0564499503234,931.081635581213,752.8743454577634,1704.6728354762308
2025-12-12 17:20:27.494763,Right,175.6154497153475,125.72071227531706,151.35625418636482,147.76789381963317,689.7161947102286,768.6839306066977,605.3220475292765,1407.6274131236132
2025-12-12 17:20:27.498878,Right,158.78720503725344,109.48516131189535,132.90082130485098,142.69679915180313,650.4903491140576,728.4335147874663,582.8395019944292,1321.6367788654752
2025-12-12 17:20:27.502837,Right,167.79339924373198,115.8082538384333,147.41676931490656,165.64776223627268,746.0500576538034,848.4348249550676,697.5645407583797,1539.176839215681
2025-12-12 17:20:27.506822,Right,195.15130290089292,139.51294935103215,175.88833264799905,182.36450431856792,835.789239337435,947.0612247457029,769.5306053208187,1731.292760359589
2025-12-12 17:20:27.509862,Right,198.65307924337685,142.35972674231743,172.85323358981987,169.97386770529556,791.8253812859766,885.046047833981,700.6560816895217,1621.6631885692477
2025-12-12 17:20:27.513887,Right,163.18143274105387,112.5804235485557,136.47018501968705,143.85929803864565,665.2663243013667,743.6685775236692,591.6324883302441,1353.4175988060888
2025-12-12 17:20:27.517889,Right,134.43405930133304,90.79535092154401,116.59761342976708,133.7388429751154,611.8662909849081,696.4446499431506,572.5583269466879,1264.3272482720204
2025-12-12 17:20:27.521922,Right,153.95791790701333,108.55913740163669,139.4181630477251,147.06387417079532,685.9494022974977,780.5989198369207,637.2617783432361,1429.6002599650528
2025-12-12 17:20:27.526910,Right,189.63616723174346,135.25850384116347,165.80000146717066,162.9240987029043,772.8541589701781,865.9358328593662,686.3360468829051,1591.0643131972756
2025-12-12 17:20:27.530922,Right,181.656905678974,125.59580245590769,152.34689216522384,158.21443072819966,742.917591428617,830.1790873729624,658.1696476071374,1515.6423403581139
2025-12-12 17:20:27.534936,Right,137.96229449703242,92.79985307077004,118.19356884981971,135.4728083726368,623.318115837872,707.8166269838111,579.4625944874715,1285.6637508061249
2025-12-12 17:20:27.537954,Right,122.71140894168639,86.14810156838212,111.9750654239615,121.09423700734624,561.0184259763919,641.046995191602,527.6102143146563,1172.9894994939677
2025-12-12 17:20:27.541959,Right,153.99212156035355,111.14162461672095,136.2707080692926,132.45394409634173,624.1595913076308,699.9531205547974,555.5915219652234,1287.6553548367228
2025-12-12 17:20:27.545973,Right,177.73313957301434,124.55350292827643,149.57911734786467,152.62693830326316,709.1580791816814,790.5437308439286,624.4759523371467,1443.7277788305655
2025-12-12 17:20:27.549996,Right,156.57825037417933,106.60518939356552,133.28430630869116,150.64156863634707,683.5008530741325,773.1468063810607,629.7431347555248,1402.7546155429445
2025-12-12 17:20:27.554028,Right,124.40088498275145,87.144756016467,113.05470909707947,125.17760347950389,568.7990381233394,650.5456994465785,537.6814612072194,1186.6066926142666
2025-12-12 17:20:27.558960,Right,124.68506646921742,91.02127623445995,112.27115967331338,108.62835582860862,507.59083843778353,570.8698187262053,454.999620867311,1051.286596646998
2025-12-12 17:20:27.563033,Right,144.73866015137173,102.55564853521355,121.81961144696106,120.85242360224947,562.0214160596952,624.1187328713713,488.7028553020209,1142.1331147281453
2025-12-12 17:20:27.566032,Right,147.63929646348697,100.71878545466461,124.37296931495075,139.67643353983294,631.827026105253,712.433940586634,577.2533399111126,1292.2308891993016
2025-12-12 17:20:27.570064,Right,132.1039740513079,92.07647615538735,118.87956516371923,133.97544523660326,602.7899293449009,689.0852620243095,570.2025299790548,1254.214956046315
2025-12-12 17:20:27.574101,Right,121.738343051431,89.25729444639,111.04576964883017,109.68842484347988,504.54374671704136,569.904915744788,458.5943859674735,1048.030845056288
2025-12-12 17:20:27.578068,Right,121.22327964071883,87.51421471993672,102.87458329056972,98.89243134800927,456.4297289197566,505.0517683211947,392.653868584428,926.1550412341021
2025-12-12 17:20:27.582091,Right,119.72043345140992,82.09760553603701,99.48625111527508,111.03200618553092,496.1786089129746,556.7161038565682,448.11671853251755,1008.2349226251245
2025-12-12 17:20:27.587086,Right,118.32707767971442,82.15044314740226,105.8194571560598,121.9579577394179,540.4378849533387,617.9750740727177,513.0917685512686,1121.5704122849274
2025-12-12 17:20:27.591115,Right,121.62117223956739,89.14718725925195,111.85045736358734,113.19542689854279,513.1751359069021,581.796720135957,472.3546821771888,1067.5634012960363
2025-12-12 17:20:27.594113,Right,118.84457375487546,87.06361848273082,102.45817256436567,97.03461836453062,442.9652288296493,490.50978048332036,381.91697698645294,900.347085559275
2025-12-12 17:20:27.598137,Right,103.51671350750257,72.09559210331645,85.28435555822216,93.11037043045508,406.28856907237787,452.8981112476904,361.2700712775113,818.4196893507615
2025-12-12 17:20:27.602088,Right,94.47208478624816,66.00143941037823,84.15894879522966,99.90039124930627,422.53211521799676,483.6130266060354,404.46889561682474,871.5964395625051
2025-12-12 17:20:27.606157,Right,106.44215793075273,79.31374892532767,99.52149546981673,102.90352300074301,444.3257954783039,505.8211234949995,415.44082724058535,923.1177090373822
2025-12-12 17:20:27.610171,Right,117.81567599793198,88.15630607244384,103.4866883988143,97.45566087390762,429.07828557211906,475.79775543150026,372.2210018998012,871.2859081120696
2025-12-12 17:20:27.614171,Right,102.65256292108097,72.91469637556293,84.65176430245629,89.6716176266782,384.2997495094314,426.0185907075647,336.7350223319372,769.5099801281467
2025-12-12 17:20:27.619213,Right,77.68229487797362,53.875005401525414,68.04886385782447,83.49524936894886,346.23519138491247,396.07134071248583,332.1131792811211,711.0577630954795
2025-12-12 17:20:27.622207,Right,77.1384173311526,57.633228917533415,73.66372761958337,78.96701440800098,336.804473987082,386.48473994329106,321.9709031600505,705.0831663887948
2025-12-12 17:20:27.626186,Right,94.07334914582316,71.15013916163298,83.79657486542419,77.20243983413093,344.9489562641829,383.04327704233583,299.0852135185851,705.4388727147598
2025-12-12 17:20:27.630178,Right,91.90908116436913,65.14152247089078,74.96050044514413,76.96739257966692,341.2010296062799,376.5098974270513,293.3718373037409,684.4933945203666
2025-12-12 17:20:27.634292,Right,67.74549594867858,45.31371990774642,57.360151973654865,72.16417009319412,310.3575771400938,354.47194528684486,295.2609264201019,638.34968256508
2025-12-12 17:20:27.638303,Right,56.0421354023274,40.67693731484178,54.35743065366114,61.72555315295176,270.4860804787604,313.78058918530587,265.01983130240114,573.9107694365084
2025-12-12 17:20:27.642321,Right,67.81177169528382,52.15437378140632,62.08831644205202,55.20651759667089,251.85849130142014,280.69398929574527,218.9103541362565,521.1531498422846
2025-12-12 17:20:27.647291,Right,74.4538565431576,54.100328051979886,60.58682171047258,59.01219628316176,257.5069044327829,281.0653471510159,214.43330975191202,511.93213605554774
2025-12-12 17:20:27.650300,Right,61.36424455539964,42.141651179495966,51.09905484403134,64.34860322772874,259.57932286243886,294.32680455583613,244.44101962121204,525.2024587026099
2025-12-12 17:20:27.654319,Right,51.05582187479013,37.97696076548891,49.90644008561503,59.702852512084064,238.15791489812545,277.2207363593625,238.37592821248109,500.590422582929
2025-12-12 17:20:27.658263,Right,56.96793315127434,45.549212723068194,54.18963899243681,48.56805123153026,205.47573551232927,230.22817721311003,182.3858517561457,425.8654160416918
2025-12-12 17:20:27.662333,Right,58.22860842423688,43.55189526976028,47.22060350324318,42.74878842821636,183.31277814734494,196.98457593796775,145.39340012491448,360.59361883369274
2025-12-12 17:20:27.666315,Right,42.13236826824141,27.961292623949703,32.77354870547424,43.48998007598857,174.31042466172948,196.10793700057548,161.14948541112244,348.66720121726394
2025-12-12 17:20:27.670350,Right,31.189106446443475,22.187884664410376,31.070231399513432,42.332171318950714,167.8364531417028,198.42976371810073,175.09376314969268,357.366905834293
2025-12-12 17:20:27.674409,Right,41.144703729543835,33.55682134919334,41.13319376784784,37.12653376138769,158.185411431361,179.57421487750253,144.95698879245901,334.3592185912421
2025-12-12 17:20:27.677304,Right,48.77459893039486,37.68562571071379,40.20734828809509,33.47535314269771,142.89768078684574,151.6097213460598,108.55429453216493,280.021848170436
2025-12-12 17:20:27.681365,Right,32.98799650584988,22.355106308852555,24.234666022341116,32.061324516209424,118.33527110074647,130.3498316978803,104.81635653902777,228.51975889480673
2025-12-12 17:20:27.686384,Right,15.299514567872393,10.956890567744267,16.248003242289997,28.274324998317752,92.21627059177263,112.28059998352546,106.1241810968495,196.1182131927926
2025-12-12 17:20:27.690374,Right,22.76806037950155,20.87005357103044,25.990792142867576,23.715341522809467,83.86655417276779,97.7220628525829,83.25506075413432,181.32248965173494
2025-12-12 17:20:27.694417,Right,38.38079670102161,31.604655295253906,32.583939154588734,24.14608715630311,93.40616418351419,96.30807328072842,64.95652660477208,179.0321588627994
2025-12-12 17:20:27.698413,Right,29.81608336509089,20.989849149984366,20.994046189254732,25.956109825710882,89.119258381892,95.02477492019534,72.98177785571897,164.79506009886973
2025-12-12 17:20:27.702413,Right,6.383343106412212,4.221444540205994,7.1183443923073355,19.6477187552955,51.11027932795696,64.82504617463565,67.04619498818647,108.05539088882506
2025-12-12 17:20:27.705442,Right,2.332046874318621,5.9869263177824905,8.650522954449116,8.229034189862432,10.34891923260875,16.94801986258244,21.733261304791085,32.598123532836325
2025-12-12 17:20:27.709452,Right,17.26858609667397,17.44594770848198,15.869864145948668,5.791898615352693,9.415304381458554,2.9828163303318433,-8.840538392105373,10.323872041073628
2025-12-12 17:20:27.714480,Right,19.646174264198635,14.692555420246208,12.21045879075973,13.737228519799828,34.72479994635796,31.802869240753353,18.683874224079773,51.27678154723253
2025-12-12 17:20:27.718458,Right,3.0349768369997037,1.5144823260197882,2.818540665815817,15.519053952550166,30.4120547354687,39.93285742541775,45.19399077093112,61.2256531418534
2025-12-12 17:20:27.722488,Right,-6.8608392924579675,-1.2511953749271925,0.5382318340489292,2.894064484789851,-18.080922988126986,-13.329926605016226,0.5333487406896893,-24.980996411468368
2025-12-12 17:20:27.726517,Right,-0.8998614276642911,4.894459075920167,1.3996032960858429,-9.152368874390959,-59.12542093647062,-72.41143480915343,-67.32827717560576,-126.34849655162543
2025-12-12 17:20:27.730503,Right,1.3379095782074728,2.4640872937234235,-3.589592070078652,-5.830234779285092,-51.020947325305315,-66.35703497225768,-63.37085568517796,-125.34550488198875
2025-12-12 17:20:27.733501,Right,-7.764191379057593,-6.40238285149826,-8.068667353902129,3.5056980593435583,-23.494250040501356,-22.973167209594976,-8.291854875627905,-54.006341766915284
2025-12-12 17:20:27.737545,Right,-12.03294579499925,-5.655451699367404,-4.331977476926113,0.6652465071238112,-32.156862649775576,-28.10203127845307,-8.85065736665274,-54.581397454836406
2025-12-12 17:20:27.742485,Right,-7.658625855547143,0.40697256596467923,-2.9191224406822585,-12.763871412586013,-78.43041400046786,-91.97280154525652,-79.88483986955544,-162.3081874405034
2025-12-12 17:20:27.746494,Right,-11.790266325573612,-5.939677565722377,-14.26284947036038,-19.868517108079686,-112.62937013084593,-136.58408583400887,-121.9715427797928,-251.13029414691846
2025-12-12 17:20:27.750567,Right,-25.47498371066831,-19.178742400479678,-24.87510815051064,-15.534597286317876,-106.23920462475508,-118.41028589564667,-88.75379605691705,-227.2043248155096
2025-12-12 17:20:27.754582,Right,-27.072204867927212,-17.54844504918583,-18.495024829397153,-11.615795426005207,-85.85446608524944,-87.93380826378416,-55.82351783104241,-164.714635384531
2025-12-12 17:20:27.757571,Right,-14.732428563162102,-5.121729285972833,-8.192566689929663,-16.49810724784402,-91.63626275285787,-104.40325088432292,-86.62952712981496,-183.93702209930052
2025-12-12 17:20:27.761651,Right,-15.79126180214007,-8.40718626531816,-17.1103294617169,-24.98423404757341,-127.06464900301216,-153.0542790764157,-136.58163154575595,-277.27632940026524
2025-12-12 17:20:27.765609,Right,-37.540521037928556,-28.16504564472052,-36.86480151221076,-29.86324267413147,-160.34326062827313,-181.66511500882916,-143.81588205843582,-339.6580714755255
2025-12-12 17:20:27.769620,Right,-48.80744168826459,-34.59952940371113,-39.028062754854545,-30.919948406361073,-164.06807260209098,-175.89247648256787,-126.79013589904207,-324.5024244400847
2025-12-12 17:20:27.774586,Right,-33.1134795017806,-19.366115987942976,-23.741756921059277,-30.495102821496403,-145.74376869858133,-162.7083293988071,-130.71427314765788,-288.5323231998191
2025-12-12 17:20:27.778643,Right,-20.791570171637886,-11.99414654993052,-20.52929415201561,-30.284940725055094,-139.88845763224754,-166.88062313388673,-148.5081316337271,-298.4408597715228
2025-12-12 17:20:27.782652,Right,-38.00863311068497,-28.683165051054402,-38.10948708421134,-33.51558000379055,-167.6644565362294,-191.93987960134473,-156.10457958614097,-355.7892438670824
2025-12-12 17:20:27.785648,Right,-60.099779516091075,-43.66996739519095,-50.17258802132301,-41.10057374629105,-206.63309262584517,-224.15670136147673,-166.11770463926223,-413.2470236313675
2025-12-12 17:20:27.789694,Right,-53.46957810891945,-34.498996546097715,-40.9750291373075,-46.08916988423971,-215.00400972638454,-238.2954238339953,-188.2221229850329,-426.8373771342158
2025-12-12 17:20:27.793694,Right,-33.47739466290841,-20.484449271685662,-30.395167092896372,-41.99027594979907,-189.36517218197696,-221.7508848845173,-192.29278709035134,-396.3534919605154
2025-12-12 17:20:27.797706,Right,-36.6138055475094,-27.11613445924013,-37.41844869937813,-35.602392106759,-175.20530651671288,-202.74785292537126,-168.326427234133,-374.31791356627946
2025-12-12 17:20:27.801679,Right,-57.695129554966115,-42.24771947140107,-49.4012002752188,-39.382338032992266,-204.2832688093331,-222.87250346763176,-165.73169517566566,-413.7191371388035
2025-12-12 17:20:27.806717,Right,-62.490446208568756,-41.077550697464176,-48.417054053490574,-51.001898596190586,-245.74469052783388,-271.118531258835,-210.73933567623317,-489.95326739989105
2025-12-12 17:20:27.810729,Right,-48.821406628656405,-30.665678822480913,-42.31069821662095,-55.01208072227746,-249.37700949175633,-288.04849951699725,-244.14481213023828,-516.4199651430536
2025-12-12 17:20:27.813675,Right,-46.33360959692436,-33.748276983733376,-46.25459059002242,-47.730520584646,-220.8064665592974,-255.78489572159015,-214.8723992837913,-467.7387661128887
2025-12-12 17:20:27.817749,Right,-61.14012912468024,-46.17530982143944,-54.40142644200387,-44.24858044404391,-213.01436892713537,-233.83890956724645,-177.40064447181066,-431.87878765229834
2025-12-12 17:20:27.821751,Right,-68.03975680634903,-46.99587720515774,-53.90510438318233,-53.53033604265511,-245.6958502958878,-268.7684871883539,-206.63894539760076,-484.5906901419512
2025-12-12 17:20:27.825745,Right,-59.15588861423021,-38.433547528798954,-50.139011656276125,-62.895095998108445,-277.3383795231639,-317.25454101897776,-265.7582673954021,-567.0106838296633
2025-12-12 17:20:27.829781,Right,-55.5790202551143,-39.44754479296171,-53.92332691219053,-58.87457750360045,-270.5873164415825,-313.3239138039935,-263.8952054627007,-570.8559725129162
2025-12-12 17:20:27.834783,Right,-64.35470121386606,-47.86279319224195,-58.24709216468909,-49.21433420354879,-245.85601582063828,-273.37898218401824,-211.45824954428826,-507.1498547050869
2025-12-12 17:20:27.839845,Right,-66.32929185251123,-45.387241334450664,-52.357983263835195,-49.329062050470384,-244.68516145076137,-267.0989024831215,-202.05419229480322,-487.819643352821
2025-12-12 17:20:27.842750,Right,-56.61212446108402,-35.33822620425781,-46.0002639435188,-57.72715803467872,-268.78530259258696,-305.83254878842854,-252.6022358649352,-549.7615797165781
2025-12-12 17:20:27.845807,Right,-56.37506424851017,-38.48563807518076,-53.60114030826662,-61.39031963665184,-286.68670765767456,-332.4709235402988,-280.85479461646173,-605.5597772813053
2025-12-12 17:20:27.850855,Right,-71.16772975606727,-52.78037237463286,-65.51375739045761,-58.32767564615642,-283.91514537556213,-318.53302534791874,-251.48233767758938,-589.1564023689716
2025-12-12 17:20:27.853837,Right,-76.84523887286923,-54.455418409568665,-62.76121209888515,-57.78523050242802,-275.63578574490384,-301.18071700562723,-228.814611028356,-550.1789521052269
2025-12-12 17:20:27.857867,Right,-63.85941060429468,-41.627803380011756,-51.63067986156966,-61.98491160453705,-276.73165913578123,-311.9874595411238,-254.85443469783058,-558.6610841560178
2025-12-12 17:20:27.861810,Right,-57.24817607009027,-39.09976805662882,-53.672575951095496,-63.90478908676596,-285.3740880765836,-330.8569680695655,-281.1143573411682,-598.2949584688758
2025-12-12 17:20:27.865869,Right,-71.45310596743366,-53.04853263939731,-66.81992288523179,-61.93955574445863,-294.4582428796566,-332.72194787533954,-266.68581815841026,-613.7401474928483
2025-12-12 17:20:27.869883,Right,-82.46896499500144,-59.03522028779844,-68.61447644629516,-62.12922829037416,-299.7541829107795,-328.5757441535243,-250.10566938156262,-603.0585714854533
2025-12-12 17:20:27.873954,Right,-71.11537007419975,-46.8574234122425,-56.931130158598535,-65.44269673233794,-297.8943212539889,-333.5924064379069,-268.3206178205437,-599.9389202904422
2025-12-12 17:20:27.878922,Right,-58.989834383755806,-39.829812432828476,-54.07542483272118,-66.1232883319899,-291.3173621344613,-337.1333396381815,-286.398587673204,-607.2951102610677
2025-12-12 17:20:27.881890,Right,-69.69716939561476,-52.1885137483041,-66.40611396588793,-63.92361447184521,-291.6684814596083,-331.65541254595155,-270.04736019345,-608.5234386880184
2025-12-12 17:20:27.884895,Right,-85.40154839160095,-62.68319074484316,-72.93918166085496,-65.13722444680752,-304.03507299890043,-333.74906161165563,-255.18289007543353,-612.0080697956728
2025-12-12 17:20:27.890108,Right,-78.77228846758953,-53.132481858738174,-63.282918483615504,-69.46341158656287,-313.97842827806016,-349.32326847076183,-277.58832171489485,-629.2379740666365
2025-12-12 17:20:27.893914,Right,-62.46170131662802,-41.32092312550958,-55.62418340604927,-68.99141336795583,-306.9774685301236,-353.9527820558869,-299.0027775480412,-637.528858957463
2025-12-12 17:20:27.897977,Right,-65.76659656329139,-48.219829705420125,-63.07548725840752,-63.31958093693538,-293.76686184381833,-336.3564063391532,-277.0152443590923,-617.5807677792618
2025-12-12 17:20:27.901981,Right,-81.68536488896643,-60.30753710076533,-70.91196601628326,-62.19137813845009,-295.74092523456784,-325.65370044106385,-249.60962822078727,-600.065901012742
2025-12-12 17:20:27.906080,Right,-81.19387832119537,-55.69437870309048,-65.19528863576124,-68.46607590814529,-310.36538705200655,-343.1043356853188,-269.20537497184705,-619.6074522098061
2025-12-12 17:20:27.909943,Right,-66.69458345788007,-44.22239824902499,-57.989715575036826,-71.8784093757422,-314.9612125698477,-361.3393165313173,-303.54326090647373,-648.9051167053403
2025-12-12 17:20:27.912980,Right,-65.5960344569321,-47.439149725476454,-62.97858018052648,-66.34936765348539,-303.6412609643303,-349.42671569267986,-290.84529361862224,-639.343291028752
2025-12-12 17:20:27.918020,Right,-78.23593007733871,-57.73719869434717,-69.18580672860844,-60.67113012477057,-295.0466210106388,-327.0373451116029,-252.48076439241413,-605.2074086545035
2025-12-12 17:20:27.922105,Right,-78.51763589268376,-53.7489560052054,-62.73080307315104,-63.27499919939146,-299.7961553959176,-330.12011718639405,-255.18575415498344,-600.7611766043119
2025-12-12 17:20:27.926056,Right,-64.74791540205479,-42.01115722487157,-54.63702982003451,-68.27218652270676,-305.5743642830639,-349.0555073787109,-290.6812630700297,-627.7939257815015
2025-12-12 17:20:27.930076,Right,-63.5002423193946,-45.27724940194457,-60.8326629363728,-67.13203276762215,-302.45136014802847,-349.23717850871617,-293.31933145190123,-636.7814245312475
2025-12-12 17:20:27.934088,Right,-78.62284788860416,-58.84629215282621,-71.18087336981262,-63.514983920933446,-298.8543086310965,-333.0750769836595,-260.64939447212964,-615.1114453187911
2025-12-12 17:20:27.938085,Right,-82.15146830983576,-57.75176920964441,-66.69126637825684,-64.60098796474631,-301.1356816170155,-330.364943743567,-253.61291802336928,-602.1652706051245
2025-12-12 17:20:27.941035,Right,-65.91020816024684,-42.8540756735747,-54.366637889892445,-66.9045581753744,-299.83570319839055,-340.4457858905662,-280.64109311578795,-612.1681258670287
2025-12-12 17:20:27.946078,Right,-57.74198822690232,-39.99408755598415,-54.965365185722476,-63.73824695131043,-290.26146836264525,-336.623684923572,-284.5818378558033,-613.0700757250888
2025-12-12 17:20:27.950095,Right,-71.0373896577803,-52.986191614414565,-65.66226139069477,-59.322639359452296,-285.80150870990474,-321.1381842936389,-253.9130037810537,-595.0334110358963
2025-12-12 17:20:27.954100,Right,-80.43417570306337,-57.14829705253942,-66.02623063664942,-61.555290927994065,-294.02728054334875,-322.16798626305535,-245.32723552337848,-590.5703106445726
2025-12-12 17:20:27.958127,Right,-68.48735345347086,-44.93792077616672,-55.56029933870013,-66.48345679441991,-298.9492048783577,-337.0623849235126,-274.3724931763136,-606.3243968707975
2025-12-12 17:20:27.962132,Right,-57.112405347666936,-39.14516433828976,-53.5739946114918,-64.62567752580799,-286.98579997807974,-332.9238136682543,-282.8136011683964,-602.9397764101159
2025-12-12 17:20:27.965129,Right,-66.55365187843563,-50.15785767255875,-62.998710601983475,-58.64487441451638,-273.14993167534703,-309.0712931979215,-248.24558315094328,-570.6276412873995
2025-12-12 17:20:27.969118,Right,-78.59330386391957,-57.27227873945958,-65.83088371634949,-59.29957654858299,-277.7268705316237,-303.6859668902471,-230.2815899553243,-557.3674555566395
2025-12-12 17:20:27.974119,Right,-71.18753706300049,-47.831838858590345,-57.312937315757154,-65.86482080190035,-290.8720765711041,-325.2814741972252,-261.42624847847037,-584.4358796649612
2025-12-12 17:20:27.978330,Right,-58.75967343430966,-40.2077755957871,-53.996727012781776,-66.66754313411366,-287.54486502771033,-332.87057193159126,-283.1446276141796,-599.5182275729021
2025-12-12 17:20:27.982184,Right,-63.81524480271037,-48.35158086539013,-61.49947765673278,-59.58929507229186,-268.9151696275803,-306.48767292604316,-250.29332519462332,-563.4530239190208
2025-12-12 17:20:27.986221,Right,-74.61211246054154,-55.44304714452301,-63.766033202482504,-55.78489586363139,-259.8223162480281,-284.1517966001411,-215.17823560233228,-522.9633201248944
2025-12-12 17:20:27.989212,Right,-68.29872058428009,-46.155898817189154,-54.14456249967043,-59.92317687206378,-267.71869995747693,-296.8985252471175,-234.7058254489093,-534.6193552854238
2025-12-12 17:20:27.993279,Right,-54.87557182411547,-36.277680209386745,-48.923314234489226,-62.57044790110376,-272.9995767622604,-315.5265593404183,-267.85641539416974,-567.6056627645157
2025-12-12 17:20:27.997226,Right,-58.323306317441165,-43.236976151005365,-56.7633568620804,-57.67684858554276,-263.17658974422375,-302.33869957277784,-250.15603086393094,-555.6667292475468
2025-12-12 17:20:28.001279,Right,-70.60352814021462,-52.83099337562453,-61.55754749712651,-52.90872199108708,-250.34234725352144,-274.98391178029124,-209.01797665818594,-508.5538629023358
2025-12-12 17:20:28.006316,Right,-66.44485479893046,-45.62985143750848,-52.355748200046946,-55.11919429717818,-247.4833416978945,-272.2150910903001,-211.49726370110875,-491.52805685973726
2025-12-12 17:20:28.010248,Right,-51.68609069638478,-33.947041728548356,-44.7185369587969,-58.44606932824536,-249.63002094632247,-287.5032745463541,-243.62776524480432,-514.6935432201717
2025-12-12 17:20:28.014292,Right,-52.97523400443606,-39.05473194926162,-52.088018426453345,-55.82770582281228,-247.62529367080424,-286.3693164216238,-240.57865228364244,-523.8670488252537
2025-12-12 17:20:28.017305,Right,-66.93733443295059,-50.6297646995954,-59.799572199975955,-51.38661718304502,-242.39043050527107,-267.77671754028415,-205.50054666108917,-496.50340240390506
2025-12-12 17:20:28.021314,Right,-65.15385056141531,-45.2236918000126,-51.38137389339681,-51.45706625691673,-236.62346358568175,-258.6192157997866,-197.63846433500294,-470.0778722293908
2025-12-12 17:20:28.025361,Right,-47.62153873378702,-30.50910383136943,-39.635085713045555,-52.88045026511827,-228.48914925416466,-261.8217628811253,-220.16344275476877,-468.5589009356918
2025-12-12 17:20:28.029332,Right,-44.63242148679274,-32.384982893112465,-44.371004192726105,-50.68220487369399,-221.27059968846152,-257.8213532801019,-219.96774140163325,-469.7778501455905
2025-12-12 17:20:28.034378,Right,-61.2671811672044,-47.325879368843744,-56.408825815000455,-48.58996426501835,-222.77549535990693,-247.52287237765267,-192.30628927447833,-458.55249886529054
2025-12-12 17:20:28.038379,Right,-66.72728166633169,-47.96460017921345,-53.676185780524975,-50.94966362831474,-228.01370846148347,-247.6378374042106,-187.15057728852844,-450.28837400942575
2025-12-12 17:20:28.042447,Right,-49.714622761748615,-32.52164415373409,-40.43116888751683,-52.40183916001115,-220.97901356162038,-250.9124646486598,-208.58339141053148,-447.23531660740264
2025-12-12 17:20:28.045404,Right,-38.875442395568825,-27.617458918641205,-38.64881047718518,-47.28247474710224,-202.08206376666203,-236.85339407116408,-204.83601869805716,-429.1634004889056
2025-12-12 17:20:28.049402,Right,-50.864614676029305,-39.76371585382731,-48.41191518315463,-41.82730011489184,-193.06800743628992,-216.45449386979453,-170.4335452580126,-402.44468242069706
2025-12-12 17:20:28.053424,Right,-61.191542739776196,-44.76632512353535,-49.601153059193166,-44.3674739326234,-202.663818731613,-218.72591576888226,-162.288801576884,-400.5543299774872
2025-12-12 17:20:28.057395,Right,-50.04354860192689,-33.087553965640836,-39.60147345968289,-49.75974124800996,-209.12386843533022,-235.1479245541268,-192.29326938663144,-418.8719599749893
2025-12-12 17:20:28.061408,Right,-37.59681454578822,-26.388342653866857,-36.62810642631666,-47.40032728975348,-194.23561032826547,-228.10639814013848,-198.99918659683317,-409.8062324745115
2025-12-12 17:20:28.066449,Right,-45.131140296085505,-36.047516041318886,-44.55729503314069,-39.941891449605464,-174.19121178932255,-197.62986880377866,-159.46652650239412,-365.60791195370257
2025-12-12 17:20:28.070464,Right,-55.98056448815623,-42.3417346165661,-46.31267453842156,-38.995071913232096,-173.55643345275894,-186.10326562734554,-135.91740189440316,-341.83606379735284
2025-12-12 17:20:28.073417,Right,-47.91208955438924,-32.2168921364937,-36.92396784875018,-44.602779576933244,-184.80411293526413,-205.20236244611442,-164.4528230667347,-364.8397460489068
2025-12-12 17:20:28.077420,Right,-34.41780513730191,-23.47073555624229,-32.57007824871107,-44.917521762574324,-181.4536210692604,-213.05346091807587,-186.758873494633,-380.70939062396064
2025-12-12 17:20:28.081506,Right,-38.10172037153097,-30.408875013017678,-39.02615886904823,-36.98669377206534,-161.7041348713683,-185.91767382773105,-153.71227921161335,-344.0317277411232
2025-12-12 17:20:28.085492,Right,-47.93092673107458,-36.756652707001194,-40.41723833758442,-31.779125307453796,-149.10268525901483,-159.54830797639443,-114.76249808509601,-297.12164530623704
2025-12-12 17:20:28.089531,Right,-41.044316590137896,-27.036190586310113,-30.01138199455454,-34.80295314811519,-152.5279612551676,-166.86274999304442,-129.2092546451604,-298.9119437719928
2025-12-12 17:20:28.094453,Right,-26.92405836179387,-16.625265304595814,-24.13032151054358,-37.15374223717663,-154.84701521985698,-182.2695678655873,-160.134016736818,-325.3087793610757
2025-12-12 17:20:28.098571,Right,-29.577442237146897,-22.970041453605518,-31.572002036424237,-32.11771605357353,-144.64992456912296,-169.14273581816815,-143.17490612581605,-313.5507984138094
2025-12-12 17:20:28.101528,Right,-41.29764254108886,-31.98914913830231,-35.960331725436845,-26.545822478365153,-132.57829787017545,-142.67647405690514,-102.3863607365056,-269.4034225199139
2025-12-12 17:20:28.105557,Right,-36.447431295673596,-23.962833473080536,-25.773180082862382,-27.443666925566504,-128.6830859729671,-138.3445797728491,-102.69090653269086,-250.6735537268687
2025-12-12 17:20:28.109516,Right,-20.435202862441656,-11.196898698573932,-16.77575323045312,-29.736241252961918,-126.7254992320668,-148.97558855329407,-131.13226453540847,-265.08605062111747
2025-12-12 17:20:28.113545,Right,-20.92076270043617,-16.02347118886246,-23.775665104491054,-27.03156026918441,-120.48585504590301,-143.43397936725523,-125.43817832076456,-265.1427600637544
2025-12-12 17:20:28.117582,Right,-36.02574564742099,-29.012176995747723,-32.9785566975188,-23.66102186437638,-115.5287029875908,-125.1234238492907,-90.85755696659908,-237.4236666498473
2025-12-12 17:20:28.122665,Right,-36.598150527861435,-25.62347559005866,-26.644795727232122,-25.35415968860616,-114.5378783348715,-120.82718207285507,-86.35252144391416,-219.27596883231308
2025-12-12 17:20:28.125601,Right,-19.77094515634235,-11.253591743363359,-15.252633823707583,-27.41293251866591,-109.25848696450703,-127.10003493004479,-111.18797729030484,-223.0026072183391
2025-12-12 17:20:28.129599,Right,-14.48635565819859,-11.154507937790186,-17.961136141602765,-23.642329364301986,-97.6090849871398,-118.6162094505271,-107.83070350514026,-216.57293041446246
2025-12-12 17:20:28.133602,Right,-28.072275404862012,-23.72240626544226,-27.466539440574707,-18.764625165218604,-91.10487208527047,-99.6298327309778,-73.0898085431545,-190.99453265417833
2025-12-12 17:20:28.137614,Right,-32.76959969555901,-23.726345713315823,-23.940927633055253,-19.828200083502452,-93.9155725024757,-96.70491629024036,-64.69913130940404,-178.2815847484162
2025-12-12 17:20:28.141616,Right,-17.265935003684717,-9.284609606445883,-11.773543215051177,-22.57108615899051,-92.43341210659128,-105.97493059752742,-90.76791995938402,-185.8133125839522
2025-12-12 17:20:28.145629,Right,-7.550861006180639,-5.205003169430711,-11.06402139182319,-19.107425529771717,-78.7422988906037,-98.09504364291206,-92.76471368328203,-178.13849922805093
2025-12-12 17:20:28.149655,Right,-18.651194384423434,-16.834902937225706,-20.32429925345059,-13.027865505137015,-66.63258904893883,-74.50232446019072,-56.146827667660546,-145.663013489102
2025-12-12 17:20:28.153686,Right,-27.253328974402393,-20.592270585715596,-19.934091442017234,-13.336525126127526,-68.5034432458342,-67.76781023095828,-40.03345897782128,-128.11925831309054
2025-12-12 17:20:28.156643,Right,-15.60097692956333,-8.321087308708229,-9.153029698689352,-17.901305822335416,-73.02276249573333,-81.62772308953572,-67.46333783364389,-141.97298450837843
2025-12-12 17:20:28.161641,Right,-4.2110866654111305,-2.187128740333719,-7.075348828104325,-17.03067520415061,-64.51821250718785,-81.9513425566256,-80.68482942186529,-145.9578694314696
2025-12-12 17:20:28.165738,Right,-12.803130190382944,-12.649953448366432,-16.23527273455693,-10.918571925969445,-50.22668566938955,-58.2460512680118,-47.16272748837946,-114.19338949082885
2025-12-12 17:20:28.169713,Right,-23.237681320882984,-18.725234696263215,-17.677709324627358,-9.081414471249445,-46.81731402355945,-43.399245652602986,-20.412117879488505,-84.96842307713814
2025-12-12 17:20:28.173739,Right,-13.819940268425853,-7.542714785129647,-6.796499160926032,-12.973863821680425,-50.96384383877739,-54.224617652827874,-41.64363196963677,-92.85220909165218
2025-12-12 17:20:28.177785,Right,-0.4371994341345271,1.0830540143506369,-2.4913828058488434,-13.82748814739898,-46.83899525727611,-61.43385734746698,-63.950676615029806,-106.3374677086249
2025-12-12 17:20:28.181747,Right,-7.142410695698345,-8.578207152037066,-12.071761261846405,-9.264954021295125,-35.32464172458276,-43.84910513611976,-39.600973279448226,-85.38826534710824
2025-12-12 17:20:28.184763,Right,-20.85009593992436,-18.493843577438383,-17.276580667094095,-7.412899712042417,-30.981446236313786,-26.3968058868777,-7.986416613886831,-53.42200960312039
2025-12-12 17:20:28.189779,Right,-15.156748877445352,-9.987762135220692,-7.818690314801643,-11.109114920611319,-33.96247909188969,-32.58365559298545,-21.164266406267416,-52.36597856867593
2025-12-12 17:20:28.193747,Right,0.5930460476592998,1.6880845529522048,-0.3081001957762055,-12.277005433068553,-30.14133804300218,-41.05808654730208,-46.79236945800949,-65.65296186704654
2025-12-12 17:20:28.197789,Right,-1.3659776886706823,-4.2088405078829965,-7.323700852539332,-7.170111978950445,-18.489554344298085,-26.654770799155813,-29.472577310109045,-51.27092821552651
2025-12-12 17:20:28.201782,Right,-15.540198882030381,-15.384077815273486,-14.169584435447177,-3.6991390376497293,-13.318479810492136,-7.850891595939174,5.192629421275342,-20.7771219566348
2025-12-12 17:20:28.205848,Right,-13.531533833171125,-9.63018448468938,-6.452119580091676,-6.7167631199918105,-16.845306745846756,-11.42879579908913,-0.9408546488557477,-16.016101807006635
2025-12-12 17:20:28.208812,Right,2.9985762018259265,3.796715493190277,3.2086485512481886,-8.66255112705403,-14.133169514680048,-21.297085683443584,-28.782635098992614,-28.889523547550198
2025-12-12 17:20:28.212808,Right,5.611198039463488,1.7081869390021893,-1.0031319726840593,-3.5014734510259586,-0.98608176241396,-8.577209048817167,-17.641012378095184,-16.636358131014276
2025-12-12 17:20:28.216869,Right,-7.862927485562977,-9.768343937736063,-8.694053274011821,1.723531801988429,7.157933796319412,13.11689714359818,20.085982361022616,15.875587091781199
2025-12-12 17:20:28.221848,Right,-9.728869847902388,-7.117742204136448,-3.1873805010254728,-0.42072462890064344,3.086451170471264,12.034773170831613,21.098242267093156,23.437152770580724
2025-12-12 17:20:28.225850,Right,5.491894765429606,6.253024949706742,7.008584745315602,-4.055645408407145,1.4929727912822273,-1.9772641910240054,-10.108378084056312,5.899296927382238
2025-12-12 17:20:28.229887,Right,11.011296949262032,6.49049823765381,4.280141188828566,-0.825837984761165,12.568983334640507,5.372947553551057,-8.66450756296399,10.820913617906626
2025-12-12 17:20:28.233918,Right,-1.9176598506091977,-5.917751227330882,-4.970493315144267,4.600777581872535,23.353939730586717,29.134011355607072,29.65801711313543,45.31979763682466
2025-12-12 17:20:28.236922,Right,-7.778495652652055,-7.079121656846837,-2.3921321065572556,3.203762764846033,21.10026357177412,33.38511174955056,39.8573825340718,60.88090200861916
2025-12-12 17:20:28.240968,Right,5.449876191734802,5.715020757164893,8.004603099885571,-1.469271578331245,16.215612008352764,17.350516007631086,8.55036792170722,41.918374846165534
2025-12-12 17:20:28.244942,Right,14.25157138749637,9.355992137428984,7.765590427312418,0.4277419427089626,23.3380264021107,17.329108010511845,-0.6400063523906283,35.51385766477324
2025-12-12 17:20:28.248934,Right,4.095786787846009,-1.426356504765863,-0.9734601803793339,7.116946076610475,35.609389247052604,40.61415542275063,35.349801605712855,66.50223754695617
2025-12-12 17:20:28.253984,Right,-3.411535426370392,-4.292550948877761,0.5316110376952565,8.58997224883933,38.24723920057295,52.781877812347375,56.70212359682773,92.83087974763475
2025-12-12 17:20:28.257958,Right,8.30467640360439,8.18793433828614,11.847760732634924,4.597889163465879,34.743994111253414,40.537878505914705,31.29649994612555,81.8338600951829
2025-12-12 17:20:28.261979,Right,18.9048378394873,13.805236249121663,13.259565843658493,4.124995325939381,38.118638075946365,34.09493076757644,12.57297223842761,67.29614337702515
2025-12-12 17:20:28.264983,Right,9.10805619932944,2.1864886466646567,2.512737793938868,8.44319036955494,46.320069774170406,50.34063634744962,39.262980139043066,85.77272612799425
2025-12-12 17:20:28.269014,Right,-2.2611372187711822,-4.875578892031626,-0.021692152979085222,9.747307694549818,48.29735738717136,63.70361059581046,65.10582275691559,112.1768642498646
2025-12-12 17:20:28.273051,Right,7.5759059665724635,6.847077043617901,11.647318289356917,6.887616541942407,46.73876043682685,56.28157464109245,47.44579391431762,110.21652183687547
2025-12-12 17:20:28.276980,Right,22.800714865396003,17.54978719068822,18.075659149249987,7.668633617886371,52.52417048216739,50.779908282944234,26.67376863931713,99.0283514270559
2025-12-12 17:20:28.282035,Right,17.68512394159552,9.64256393652613,9.88178045348468,13.37022158581749,62.05805732855515,65.48607653949875,48.486877593473764,113.08316350256791
2025-12-12 17:20:28.286047,Right,3.750574218305701,-0.36768085196308675,4.221604285488866,15.248851132506388,62.62420425050368,78.5434491548076,76.83752829467994,135.66007615922717
2025-12-12 17:20:28.289063,Right,7.908451617728133,6.7841392849477415,12.298698514066928,10.470415765346843,57.04392136092065,69.87999487273919,61.996056957679684,132.57966072144336
2025-12-12 17:20:28.293017,Right,22.525777170434594,17.461205667092145,18.894585036789067,7.931594648805913,60.04494781399262,60.702603103243746,35.37165283592185,119.6026976997091
2025-12-12 17:20:28.297070,Right,20.50860022607958,11.560315074571918,11.761558383637748,12.564701120871177,71.11359636312409,74.20659829565557,51.422125909419265,132.89252704239334
2025-12-12 17:20:28.301086,Right,6.782373946301959,0.9960612832455809,5.2868750738562085,16.824164705925796,74.6969839331723,91.04370912675222,84.92926048292429,158.3937180984649
2025-12-12 17:20:28.305106,Right,9.358319944272807,7.648072711135683,13.735189035476651,14.95618522472796,69.00677035716944,85.0166245077271,77.65799431483902,156.91388743868447
2025-12-12 17:20:28.310142,Right,26.45369619164194,21.872129489020153,24.087772617162045,13.35294737770164,70.0930444644764,73.09066470043035,48.07989369955612,139.84378383817966
2025-12-12 17:20:28.314078,Right,28.944340164978712,19.637058547781635,19.636154320729474,17.828627417737152,82.23457321831665,84.43261144195276,57.41676989335974,150.1911114974355
2025-12-12 17:20:28.317143,Right,14.137870755905169,6.82555702200807,10.603984502444291,22.015619864485416,88.86438022761286,104.73838660173351,94.0794525952515,180.61829971981933
2025-12-12 17:20:28.321137,Right,10.663708619928002,8.152822993808513,14.819166502980806,19.051832184886734,81.97178071819508,101.0585002253938,93.68109368119622,183.4718079721497
2025-12-12 17:20:28.325173,Right,25.41092275525625,21.4011708746566,24.726673502700578,14.834457342543828,76.99457036738022,83.14230046467128,59.241506019250664,158.89347242639633
2025-12-12 17:20:28.329165,Right,31.365017514175634,22.178173953519035,22.177981501006798,17.6454076627615,85.62123603589862,87.04957695798657,57.07583616668853,157.63857512932736
2025-12-12 17:20:28.333166,Right,18.436004704104562,9.799461006668935,12.770383760777804,23.02964874745885,95.42537492281917,109.53867137571797,94.38718052051263,189.52018585162295
2025-12-12 17:20:28.337191,Right,12.016764496292126,8.352660483238651,15.207140149483166,22.018068533147016,92.69024696398992,113.8186746040883,105.73188167719127,204.54770826630556
2025-12-12 17:20:28.342183,Right,25.082463701969573,21.324283949830715,25.884418705974895,17.526607013141074,86.39019192405976,96.39268150793578,73.75486834019102,182.7779070406541
2025-12-12 17:20:28.345153,Right,33.8851765536283,24.997423105918188,25.426954811518044,18.649467254667798,90.62695215345047,92.4804718700434,60.42404996341793,169.56611511697702
2025-12-12 17:20:28.349274,Right,22.523256971199316,12.887345538612408,15.035290167098992,23.716824731075576,99.22684572562866,111.21442187704088,91.90317321833209,192.85163036298036
2025-12-12 17:20:28.353298,Right,12.78226049163004,7.989895538695691,14.50545451412495,23.707415406864584,98.66017450320578,120.3404325744832,111.35265850994347,214.2682243582858
2025-12-12 17:20:28.357492,Right,23.48408242281289,19.937273745552375,25.432683346997237,19.337817779231045,93.41440353871056,106.75221328392465,85.63789740021367,201.11143548225527
2025-12-12 17:20:28.361226,Right,35.38262416617283,27.091146412953975,28.23781925127338,19.68154461289913,96.45060234136326,99.55258825651345,66.00156015342418,184.56621907283898
2025-12-12 17:20:28.365307,Right,27.19342501495339,16.98269651464841,18.636408347864062,25.060291399129028,104.25488446240524,114.61179225494561,91.1753540345835,199.4586147588816
2025-12-12 17:20:28.370282,Right,15.221714319314742,9.379797496982064,15.423998963371105,26.263378645710418,103.91681886301012,125.47411170267333,115.3522636569578,220.5250362586812
2025-12-12 17:20:28.373344,Right,22.388545509775213,18.842106566830807,24.989415573819315,21.447752881568704,97.910600615367,113.80598367024868,94.7511039994024,211.99691548749252
2025-12-12 17:20:28.376337,Right,34.96760996421108,27.194972083897937,29.13679373736977,19.346040854231433,99.18359406298987,103.55466498950773,69.5436410810471,194.49410516984062
2025-12-12 17:20:28.381316,Right,28.470730302673473,17.79486794015611,19.281267201401533,23.10552151765114,106.2025630854514,115.18611688301826,87.90757178275089,204.27145720946282
2025-12-12 17:20:28.385338,Right,14.283527433387462,7.415593241160423,13.106957849215178,24.998203881329573,105.9139040081136,127.16183606870618,115.52522667551966,224.227810103941
2025-12-12 17:20:28.389381,Right,19.26517611064628,15.680007625840517,22.299371792502825,21.678705866730525,99.47931385560514,117.56996621048165,100.8963181369254,217.79384322892292
2025-12-12 17:20:28.393357,Right,35.69355852916124,28.59121332354789,31.078621215909152,20.850051869712843,101.27654467235698,106.66262089114025,73.29655710084626,200.16569894208806
2025-12-12 17:20:28.397375,Right,34.954883818207236,24.061211400278808,25.1511725126893,26.268228853421533,111.43966898428334,118.60767045586545,87.86172314461874,209.80294773253263
2025-12-12 17:20:28.401319,Right,20.059572888869297,12.20181941223018,17.32630060327756,29.53124688149728,113.76608152664994,134.18399480265361,120.34666460638982,233.36715823992563
2025-12-12 17:20:28.404407,Right,19.480628227483976,15.784527240431999,22.80515194644431,25.061053108793203,104.84822815573716,125.25066505035647,110.85953892615362,228.30353652441408
2025-12-12 17:20:28.409333,Right,34.003947470420826,27.733213896570305,30.863344632629378,20.750616886027274,100.94457768072607,107.95999056461005,76.45615745693067,203.40298851420812
2025-12-12 17:20:28.413395,Right,35.92421078732514,25.080749093134727,25.77532737697038,24.0740659976218,109.00874080741778,114.28519142162986,81.02666161530942,205.10074715665542
2025-12-12 17:20:28.417434,Right,21.69785961067646,12.795017552154604,17.16907157060814,28.965501996022795,114.6608317084465,133.29238087915292,116.87792653439828,231.97523438140342
2025-12-12 17:20:28.421435,Right,18.93125683562539,14.825369364643848,22.278521837173685,27.424331772899677,108.9282267781382,131.25889183257823,118.80810547198053,236.39533512183698
2025-12-12 17:20:28.425378,Right,34.46333008916554,28.97713017782553,33.24940414973389,24.07920846075649,104.2714625193621,113.77264088974334,85.05815263708791,211.9519882686145
2025-12-12 17:20:28.429485,Right,40.966784501139045,30.392833177003922,31.16525847828234,26.835471619624514,110.73675957799423,114.69549922732404,79.9125519063673,204.9991121769126
2025-12-12 17:20:28.432477,Right,27.357149438197666,17.409707498551143,20.860872403096437,31.471769615489393,116.95476464924286,132.802556501847,113.45257849844347,228.6518811614951
2025-12-12 17:20:28.436469,Right,18.97814263086184,14.22547768955701,21.509339462540083,29.22090213478441,111.20763108250685,134.08827798491984,122.89819257731142,238.6614521407464
2025-12-12 17:20:28.441431,Right,30.28917044366972,25.735761210189594,30.845577844873333,23.298726789496868,103.20581705165387,115.18769997480558,89.89267849251337,215.58805602113716
2025-12-12 17:20:28.445491,Right,38.670416152610414,29.129612863071088,30.09273892694182,23.520571547076543,106.27111165644601,109.78118294502201,74.75868298539717,200.6211279539857
2025-12-12 17:20:28.449490,Right,27.805232751881704,17.563165339075567,20.08367928104417,28.909517418946052,113.39860030340787,126.50407533346151,104.47377487018821,219.37991152514587
2025-12-12 17:20:28.453519,Right,18.804961326604825,13.577862732319772,20.382937627386127,30.255789460632514,111.35021725542902,133.9587164651457,123.48516951897182,235.703568238765
2025-12-12 17:20:28.457510,Right,30.46326335091726,26.684822791639817,32.482007849823276,27.15173229411812,105.44129103876185,119.61006524896948,97.86644405596599,219.88171634371975
2025-12-12 17:20:28.460646,Right,43.14303791961356,34.59091688459921,35.99317692398472,27.69378787135065,108.48725422214193,112.06337584635185,77.56582274688117,202.90636276622536
2025-12-12 17:20:28.464571,Right,34.46339355521923,23.85524904635713,25.677522379926813,32.2108264061244,115.46673412581731,126.05208722456882,101.44124236651987,216.5310877643933
2025-12-12 17:20:28.469580,Right,20.581056759987405,14.478833282941196,20.677104003261775,32.08454432005965,112.21145165253256,134.1202764940681,123.81076547302655,232.84379963105312
2025-12-12 17:20:28.473667,Right,26.10496062625316,22.66686298874629,28.937108884863846,26.09770458775165,102.23302259331103,118.3802286189748,100.2904711219744,217.04177295806585
2025-12-12 17:20:28.477591,Right,38.79895891124397,31.288284188092803,33.178724103792774,23.5837105272185,101.21289927478938,105.15744854525838,72.03726664236456,194.14026040726458
2025-12-12 17:20:28.480595,Right,33.260009675064794,22.708158761637605,24.00661290809876,27.80565075623599,108.57007139017514,116.66904116759542,89.71456503678928,203.31322990483022
2025-12-12 17:20:28.484611,Right,18.816335483923467,12.095503901120537,17.73480302347525,30.088528385509562,108.66813156909484,129.4487738336902,118.65158514774521,224.35425625942298
2025-12-12 17:20:28.488565,Right,21.945349426016037,18.87215033180837,25.630309605421644,25.76741813139961,99.62218156548624,117.68070747132879,103.11633300002723,214.5429953902203
2025-12-12 17:20:28.492675,Right,36.2572071711038,29.92425311367333,32.377639974885824,22.462321306175,96.36581909033703,101.07803401381534,70.24482424271991,188.1318599182996
2025-12-12 17:20:28.497640,Right,34.06347087423637,23.78627548980512,24.42222052665602,25.51066700579031,102.61399026449362,108.01371937274234,79.29917657190526,190.0204566559696
2025-12-12 17:20:28.501602,Right,18.171915265207645,10.78719221074789,15.35942945120405,27.96425443460612,104.099506663988,122.67209264334815,110.92429315976915,212.24716689094203
2025-12-12 17:20:28.505618,Right,16.72173638797176,13.81660019911942,20.614474839549075,23.711121149157407,95.293421849492,114.66636240013759,103.39561067173781,208.82862837365246
2025-12-12 17:20:28.508681,Right,30.54301388490785,25.51983188316808,28.588691247288807,18.98368803930498,89.51083845667017,95.60774832763127,67.94538094828022,181.16475516097853
2025-12-12 17:20:28.512691,Right,31.784136148784455,22.19394233109051,22.439114833887288,20.776395721844892,93.95307145167317,97.22358038443781,67.54453811285202,175.0039093052328
2025-12-12 17:20:28.516691,Right,16.384401537776284,8.43417283368035,11.861299114712892,23.97546432957097,96.68530343007296,112.40929461145424,99.32993490228546,195.43898844716023
2025-12-12 17:20:28.520691,Right,11.919188271433086,8.8190518798001,15.29363027940417,21.29176913396077,89.60868650088378,109.34081450803205,100.8360922318243,198.6894854659331
2025-12-12 17:20:28.524711,Right,26.063534531367623,22.083893221159087,25.658591320709093,17.186761811404722,83.84380614304973,91.43683739018161,67.50364477792755,174.6158102317131
2025-12-12 17:20:28.529744,Right,32.11283636421649,23.385667371745512,23.486492845458997,19.364605143829976,88.450023035708,90.38443580179592,60.625503792689415,164.6791418742214
2025-12-12 17:20:28.533716,Right,18.58217507713198,10.32852159963295,12.79582897551154,23.75915183741745,92.73070514756546,105.832931190409,91.41659314281424,182.86121263212408
2025-12-12 17:20:28.536735,Right,10.1489671457457,6.8392751665414835,12.930594747918803,21.53997177607016,85.8734071413055,105.61397089000093,99.47684288666642,189.2175370977202
2025-12-12 17:20:28.540751,Right,21.04654775491872,18.02412666685632,22.064133663490793,15.36299767456876,77.2283472824056,86.19884474910214,66.194199328791,165.4893420067092
2025-12-12 17:20:28.544701,Right,28.499284834171704,20.794003184739267,20.874107496209035,14.617017135180504,79.01297683765006,79.71373828704236,50.190277342975605,149.93435558027704
2025-12-12 17:20:28.548768,Right,16.069106664537685,7.824768587561266,9.40634909639266,18.559816087348736,83.81350365307298,94.1271677481709,78.01102634353447,165.59128798884922
2025-12-12 17:20:28.552793,Right,5.463874301982287,2.1884909764157783,7.775421645092138,18.53052614409171,79.09265933519055,98.68432992641465,94.61168901997735,176.9009450857411
2025-12-12 17:20:28.557766,Right,16.492093942662905,14.61172139080736,18.918326568498742,14.522445705621067,71.26481732381217,81.91153505342663,66.5408678753447,156.71618486035732
2025-12-12 17:20:28.561813,Right,29.486832646136463,22.939195593127806,22.79437982316449,14.839918210403994,73.68433098825335,73.31905287754489,44.84694027081423,138.04762791257235
2025-12-12 17:20:28.564811,Right,20.866015641273407,12.537307642720407,13.012387323724397,19.713158709786512,80.76851742222789,87.65949899735278,69.43042620251072,152.3066337382188
2025-12-12 17:20:28.568856,Right,6.384561001195834,2.8308366516721435,7.897422087928135,20.035385722596402,77.24097229543258,96.06260835015564,93.2097089884337,168.85465406847652
2025-12-12 17:20:28.572895,Right,11.809865402079595,10.905318127890496,15.911246565850888,14.136727603039617,66.25220327846182,79.12728035124019,68.87312736044987,150.54039441383793
2025-12-12 17:20:28.576852,Right,25.505233023573965,20.20507759449174,20.360696482664935,11.464786927517707,64.25413738263887,63.773343578592176,37.67368582630297,123.64345512056025
2025-12-12 17:20:28.580854,Right,20.82462411302913,12.296929667882068,11.581091516400193,15.835575692326529,71.46842736037797,74.48303915726137,54.14061438079807,131.12451973097632
2025-12-12 17:20:28.584886,Right,6.003844524242595,1.6378215129261662,5.537825013110705,18.713676546867646,71.91786770307226,88.39041720057139,85.37717718728527,153.776330429886
2025-12-12 17:20:28.589907,Right,8.403417217639799,8.17330020913505,13.598683336978866,14.766572586639086,62.631973581403145,77.3154093590856,71.83936324645765,145.02154498719028
2025-12-12 17:20:28.592848,Right,23.003558688371413,19.462851848198625,20.456661644897395,11.10811702546198,58.2854585297755,59.08196585372207,36.88012448626978,115.76234296677285
2025-12-12 17:20:28.596913,Right,21.682855104038026,13.667442877656867,12.305057582732843,13.60328960883271,63.51269713607326,63.65837888221722,42.19154756086937,113.24095290980767
2025-12-12 17:20:28.600860,Right,5.866716697368247,0.5697509482670284,2.9644943057101045,16.16511307980545,64.77403175490326,77.94357401692832,73.46618185772968,134.24663231510203
2025-12-12 17:20:28.604937,Right,4.1121838360595575,3.816904719453305,8.845742486631934,12.93985821505703,56.471497595266555,71.6147793582495,69.1353506368323,133.2420874524687
2025-12-12 17:20:28.608886,Right,19.2789353917251,17.342804343217722,18.95481915827986,10.001707662831905,51.898342955333646,54.36293881929305,36.27512261785159,107.85353225818835
2025-12-12 17:20:28.612932,Right,23.69602400099393,16.9357857621726,15.431456651473127,13.944970836633729,58.207013470164384,56.97292576346081,35.975072241184535,101.5423705446301
2025-12-12 17:20:28.617975,Right,10.478934130023845,4.829493452676616,6.072574759480631,18.600369619442063,62.269708514155354,72.52466085643391,67.23864607853466,120.6595375019242
2025-12-12 17:20:28.620979,Right,4.945907488261582,4.24423782292979,8.621810620745237,15.470729589633265,54.33151278422156,68.8407814714883,68.66098306281492,122.82960134977475
2025-12-12 17:20:28.624976,Right,16.084371244702197,15.154427763418425,17.064498227227887,9.155387950850127,45.730603243020596,48.870014200001606,34.26030232428457,97.34287915483583
2025-12-12 17:20:28.628987,Right,20.152920059987082,14.778681380172202,13.313763025926164,9.141919201556448,47.88872482466104,45.37961309441016,24.947819935783627,85.20348850317532
2025-12-12 17:20:28.633026,Right,6.818579552953452,1.5572032178188238,2.093259181081521,13.09340884967969,51.922954361871234,59.93664423347218,54.16190100851236,101.66535585356178
2025-12-12 17:20:28.637019,Right,-0.14770769063397893,-0.8159455991244613,3.022555046911293,12.220473665031022,46.39695263475005,60.69355413489393,63.00139033005689,107.95611271451344
2025-12-12 17:20:28.641052,Right,12.439771705154271,12.257402087023365,14.091416866995132,7.916345921039465,39.029838524074876,42.70143153183744,31.541718496155227,85.24729447424761
2025-12-12 17:20:28.646042,Right,21.163727414503228,16.69471883936785,14.776668042009987,8.414442657467589,41.46037282589532,37.04369551796117,16.677224312414182,70.66185008105822
2025-12-12 17:20:28.649068,Right,8.713771833005012,3.7230584368589916,3.405271149236796,12.318987294213002,46.26955487612577,51.50615937370458,44.597150090688956,86.58288345808978
2025-12-12 17:20:28.652070,Right,-3.7292322978682932,-4.0791412529943045,-0.39785335875785677,10.595501319858158,40.25236044698977,54.74002949874557,59.83585506399686,96.55730047117686
2025-12-12 17:20:28.657089,Right,4.453079890448862,5.251622967807634,7.622781971269433,3.5490087705293263,29.35342481067346,34.67493771214504,28.204531710012816,72.66089217102854
2025-12-12 17:20:28.661125,Right,14.863864359846048,11.004175883663265,8.883065431691648,0.7176450627375743,28.061740393663058,22.006374204545864,2.0134694035805296,49.209539603296435
2025-12-12 17:20:28.665106,Right,4.368223838577251,-1.1399682460196345,-2.6315532251210243,3.658601517257921,32.793151504185516,33.999596154812025,24.32026728258643,60.75096601250698
2025-12-12 17:20:28.669137,Right,-11.113120905913092,-11.70677485287888,-8.48912076167835,3.658884258589751,29.103524600388482,42.75682209446677,49.11650353597361,78.0408397258434
2025-12-12 17:20:28.673165,Right,-5.258958185240772,-3.1071742205476767,0.1388790865221381,-1.52962967158237,19.22959926657495,27.212626914319117,26.45344732697413,61.68117394397268
2025-12-12 17:20:28.676188,Right,10.150133392209682,7.893139247840736,6.182109560815661,-3.227682753264162,18.306302845361643,12.457271654391661,-4.785415676858975,35.209501979872584
2025-12-12 17:20:28.680122,Right,6.836375225779193,1.2570379201624746,-1.4937303409642482,1.844578758096759,25.96845135485637,23.089637495344505,10.97023941334919,41.85421489641885
2025-12-12 17:20:28.684189,Right,-8.232127863997448,-9.667173983876637,-7.755107254381073,4.867904855020242,26.364661923405947,37.203500525298296,42.672075175869395,64.44333590674796
2025-12-12 17:20:28.689236,Right,-6.522311767184874,-3.7128310636508104,-0.05924951708948356,0.8525427716012928,17.173801991069922,26.839486276658135,30.34101820894284,57.02303219109308
2025-12-12 17:20:28.693123,Right,8.962696682752721,8.531708646847619,7.82465408090502,-2.1934393721676315,13.811631842982024,9.629102731239982,-3.843228613928659,29.46289334454923
2025-12-12 17:20:28.697218,Right,9.782146405181265,4.813707699478982,1.6125629599791864,1.8481194663963834,20.752087726650643,15.493862804520177,2.232139417756116,28.164121284295106
2025-12-12 17:20:28.700238,Right,-4.791461303011602,-7.094207885846117,-6.6234422211528,5.849012917906293,23.251529749046313,30.910376896790694,34.826896169091924,49.801591802126495
2025-12-12 17:20:28.704277,Right,-7.052470160062512,-4.292133995204495,-1.1100884482020774,2.657104414631249,14.753444426911301,24.591162866650848,31.006670969407423,48.6512658635329
2025-12-12 17:20:28.708231,Right,6.793424793342638,7.96224243112556,7.79347199545191,-1.8341093904200534,8.824482832147623,5.9149298710835865,-3.532146224330063,22.243760662095156
2025-12-12 17:20:28.712276,Right,9.783869849296025,6.076496220266563,2.8045587741380587,0.0774104525680741,13.648041100095725,6.873041347702383,-6.149267278553452,14.92238917844952
2025-12-12 17:20:28.717287,Right,-4.742439600548096,-7.375106986875835,-7.758418815508776,3.6281697500526207,16.918278410448693,22.01524759401218,24.822095255782187,34.12444613469415
2025-12-12 17:20:28.721256,Right,-10.384292162761994,-8.068494868742164,-5.096414028857907,0.9960489400382357,9.299167055811267,19.219210897397716,27.721350386724225,37.19174970861059
2025-12-12 17:20:28.725229,Right,2.9425953541303898,4.867237582989219,5.3534651607733394,-3.530712026031324,2.3377877009043004,0.6403654750320129,-5.681362617768173,12.589150727173546
2025-12-12 17:20:28.728311,Right,10.052579091443476,7.239444476323115,4.130442886451419,-1.5555097035212384,6.895549863882479,-1.2056742803688394,-14.531524926227576,1.8202307423052844
2025-12-12 17:20:28.732291,Right,-2.628025569814781,-5.315279055655992,-6.343774895751267,3.1806798520701705,12.360528178018285,14.987408216838958,16.248503133218037,20.772961194248637
2025-12-12 17:20:28.736303,Right,-11.938962471145715,-9.595221384221986,-6.835117251268457,1.2912345723034377,6.01579530401068,16.171068813840975,26.836301045121218,28.958608370419824
2025-12-12 17:20:28.740285,Right,-1.3082813653800258,1.7132290407762412,2.7049333552549797,-4.708024782145003,-3.203342198386963,-3.2364711390109733,-5.5789506332803285,5.1898263711773325
2025-12-12 17:20:28.745318,Right,8.709177137268853,6.85758283047744,3.6624599393944663,-4.545165724563049,-0.8743623925038264,-10.196575962385396,-23.31599373293284,-11.867437147011515
2025-12-12 17:20:28.749372,Right,-0.5419998122288234,-3.6282883262829273,-5.6897293766451185,1.322684632772507,6.664090485552151,6.015545745845884,4.894051223898714,5.104524215843412
2025-12-12 17:20:28.753291,Right,-10.868664268022258,-9.108128074200067,-6.855539421711001,2.722296582301169,4.306899296294432,13.911199781192408,25.660679990876815,21.205415737902513
2025-12-12 17:20:28.756375,Right,-1.8247797669810097,1.9682886080354365,3.655876815513693,-1.833217327548482,-4.22636574653734,-2.083340866243816,-0.03916545383981429,3.6274023999430938
2025-12-12 17:20:28.760330,Right,10.380947705674771,9.721399539526828,7.0035500779995346,-3.1829686788451,-4.174512500881974,-13.488471122720512,-25.039307639512117,-18.247282514887047
2025-12-12 17:20:28.764394,Right,2.938418776195249,-0.29587502302547364,-3.099734477169477,1.0028977404772377,2.3718321587803075,-1.4115838064972195,-4.709632509067887,-8.260356096288888
2025-12-12 17:20:28.768415,Right,-10.772558349488463,-9.917068089731401,-8.412276689719874,2.083126803552659,0.6681528862609412,8.52360174133355,20.032256690974464,9.514927120762877
2025-12-12 17:20:28.772422,Right,-6.105405200397399,-2.1017183107896926,0.0869402877833636,-3.049352256444763,-8.8029543533994,-5.286323189386167,0.15775564205250703,-3.225038226300967
2025-12-12 17:20:28.777426,Right,6.712095154624876,7.24967393973111,5.4186410937245455,-6.062199769598465,-11.264832368135103,-19.883870419565937,-29.40114833976986,-27.12681506492663
2025-12-12 17:20:28.781421,Right,1.8620547417140187,-0.9471597860151633,-3.802946039161725,-2.9193284602674794,-5.438243075732316,-11.162573798159428,-15.845856848391122,-22.265988847226254
2025-12-12 17:20:28.784408,Right,-13.384876182518383,-13.135702925210808,-12.17675599449467,-1.5459384023306484,-5.878132958881906,0.5981901501509128,11.701883823676326,-3.7933957242494216
2025-12-12 17:20:28.788419,Right,-12.12081380237123,-8.294561835558852,-6.0966004405681815,-6.763443876438032,-15.426735198736424,-10.940605079063971,-2.909036465054669,-13.051921631355071
2025-12-12 17:20:28.792469,Right,1.6519387543912671,2.90938240260175,1.304579356575232,-10.718933318187283,-19.527213247936743,-27.847350498275773,-35.94958691491411,-38.3931753813813
2025-12-12 17:20:28.796447,Right,0.5805634784310314,-1.6530600367564148,-4.8044115442990005,-7.130564357546746,-13.199232115039194,-20.859875310750795,-27.119120682305947,-36.01459983566019
2025-12-12 17:20:28.800494,Right,-14.081686925862414,-13.747171288698155,-13.025716628675582,-2.9306370294552835,-10.127747249327513,-4.507668689904676,6.6046102554682875,-12.99061935825739
2025-12-12 17:20:28.805514,Right,-14.156196039468341,-10.012184770589784,-7.273254463733792,-5.488302501426119,-16.956508022751223,-10.634083089331398,1.0784606182241987,-15.607397183193825
2025-12-12 17:20:28.809473,Right,2.1998573492955984,3.8555505950175757,2.679960014101198,-9.203414175381113,-21.187875526829885,-29.015196535016003,-35.08946311458931,-42.73652508514351
2025-12-12 17:20:28.812514,Right,5.763287464263158,3.0910437017228105,-0.7399438609186291,-6.249750594720638,-15.132554563730082,-26.059218178590527,-35.14760234553614,-46.3936899587643
2025-12-12 17:20:28.816491,Right,-9.680589356569271,-10.022004868503586,-9.993053449761192,-1.23924767423199,-10.587732619795133,-7.375774880856625,1.8098501501626743,-20.67843996074953
2025-12-12 17:20:28.820615,Right,-15.108077956356283,-10.211020836946602,-6.663983721181012,-2.6359133128819394,-16.666723029553395,-7.869869256795937,7.818613819727034,-14.247697849285032
2025-12-12 17:20:28.824603,Right,0.33929397208294176,3.697059412981618,3.7530323933760883,-7.157444732657609,-22.58995574547953,-27.41372949826473,-29.033810161865404,-41.50902036547632
2025-12-12 17:20:28.828516,Right,8.82236391235574,6.295015496636864,1.884560070407133,-6.251595321111154,-18.08194308277234,-31.341064251144417,-42.624240750108584,-55.87785464543413
2025-12-12 17:20:28.832576,Right,-5.379856134665715,-7.420478635213954,-9.187088285234495,-2.14190785669075,-13.019374287490791,-14.453165397615521,-10.183525302882117,-34.637267377729586
2025-12-12 17:20:28.837613,Right,-16.836510945338205,-12.53574304835331,-9.129681686315507,-3.102512807992298,-18.738192892873485,-9.649332491007954,7.277239066099355,-19.400072943462874
2025-12-12 17:20:28.840658,Right,-4.952246392827192,0.29481834226589854,2.2904784224365358,-7.196189446792232,-25.82926019599836,-26.2488788188748,-21.733589980862234,-39.10133753725677
2025-12-12 17:20:28.844570,Right,9.273629168987895,8.264559104970886,4.925444178153157,-5.679949061879142,-21.01456002276609,-33.383282827866424,-42.9127430417102,-58.336323178504244
2025-12-12 17:20:28.848596,Right,1.9137145886841722,-1.5612631947717546,-4.733066826518439,-0.028777026223451685,-12.591101926558622,-18.411383011451107,-18.495447768107624,-44.25632976528141
2025-12-12 17:20:28.852632,Right,-11.848706053133185,-9.833985149056161,-8.00007452992503,-0.254498335973949,-16.491019577821135,-10.527857600982315,4.001669106839472,-26.244338529413653
2025-12-12 17:20:28.856652,Right,-7.876368855366962,-2.2296531446822883,0.4768061235135299,-6.833378367418845,-27.507180946186054,-26.051730210299866,-17.985582913625876,-39.75662744350484
2025-12-12 17:20:28.861629,Right,2.9674797332679645,4.4011876713088895,2.8906951930441664,-9.602130958637645,-28.52639262473167,-38.321420394113375,-44.00326084610106,-61.53189342326732
2025-12-12 17:20:28.864673,Right,-2.1266184343804753,-4.749142945205222,-7.582335685330349,-5.827453279097426,-21.013824195903,-27.78951750856413,-28.523208061351397,-55.22010023965777
2025-12-12 17:20:28.867660,Right,-13.955000240122217,-13.594997154825705,-12.950479470781033,-4.25022900553995,-21.114556942761737,-17.602081622847436,-5.320406541376087,-38.50780529689655
2025-12-12 17:20:28.872659,Right,-9.714725288763248,-5.486372948631924,-3.45448870820951,-8.237552514869094,-29.509485250478974,-28.649646210349147,-20.622633216413988,-46.46974438594225
2025-12-12 17:20:28.876661,Right,2.790838708916908,4.863085994097219,4.030650157480068,-9.657170929891436,-30.779595005057274,-39.844183975943,-44.41600552156433,-63.89502267210264
2025-12-12 17:20:28.880692,Right,0.08384500034526354,-1.2575936572025057,-3.059840599197969,-4.624321893199522,-22.503628375120798,-28.808337920001634,-28.908643355580352,-56.02676649902787
2025-12-12 17:20:28.884680,Right,-11.897732054801509,-11.467522763380202,-10.349644350152403,-1.5678589850476783,-19.93269859514703,-15.878153772693622,-2.409478804913306,-37.86486788428829
2025-12-12 17:20:28.888812,Right,-9.351204800465894,-6.029250231425522,-4.14475548071141,-6.1860003381516435,-28.08270488354674,-26.938883603816976,-17.591719580857898,-47.27185960825523
2025-12-12 17:20:28.892727,Right,2.9642255222888707,4.375731278842068,2.9456697611517484,-10.84205639209813,-33.00636412091262,-43.78925849682673,-49.59229123361729,-70.94591065355507
2025-12-12 17:20:28.895722,Right,-0.07000553138004761,-1.3101227959241442,-3.6706152920373825,-8.207626860528762,-27.685188221797034,-36.57459358498636,-39.298328274795495,-66.19013859529332
2025-12-12 17:20:28.899786,Right,-15.083724320739293,-13.859048404646273,-12.413796410785835,-4.13905367442112,-23.990820211826758,-19.390370778847682,-4.825449630383446,-41.57081352450041
2025-12-12 17:20:28.904755,Right,-14.221305877571922,-9.835135420380539,-6.886783257181378,-6.308995260227675,-29.438569727721188,-24.759666508060036,-10.668367994439905,-43.813638793984865
2025-12-12 17:20:28.908740,Right,2.5350035227556873,4.20640105084658,2.9753578278332498,-10.261296348439828,-33.49123376904208,-43.437864142480976,-47.957004839578076,-71.35690535260983
2025-12-12 17:20:28.912794,Right,4.7378251864583945,2.337521459371601,-1.3803600751507474,-8.744751694329352,-28.83439512795303,-41.71153189389588,-49.21317462538718,-75.53318362871505
2025-12-12 17:20:28.916801,Right,-13.446689237480314,-13.380605065820419,-12.95761606609949,-5.948157604101652,-26.118543039194265,-24.297372425839058,-13.004669782105339,-50.01694416620012
2025-12-12 17:20:28.920799,Right,-21.3366861236118,-16.163851959683598,-12.043289271477988,-9.31226028925812,-33.405142274143145,-25.54331024136809,-7.3998894971300615,-43.35811807187201
2025-12-12 17:20:28.923832,Right,-6.595019200839488,-3.0037527736067204,-2.256699151070279,-14.610591490949446,-39.55773151717949,-45.205499560559474,-44.44013881367573,-69.95109330434934
2025-12-12 17:20:28.927841,Right,3.0045233582259243,0.7777481867324241,-2.9225296421900566,-13.000027653231882,-34.13163288489159,-48.39546612987397,-57.58938535311245,-83.15899176782841
2025-12-12 17:20:28.932873,Right,-9.2464934308573,-11.213976450435439,-12.501367794848193,-7.244914898728894,-26.99509462383503,-29.822417980292812,-23.88762989421957,-60.33790868471988
2025-12-12 17:20:28.936847,Right,-19.150054281040866,-15.266013951567402,-11.738997306160854,-6.84968652634052,-30.477932179717754,-23.213421029653546,-5.184096150613186,-43.45492036654832
2025-12-12 17:20:28.940923,Right,-7.31777241486725,-2.514785891817155,-0.38363768762155814,-10.970075120270849,-36.85436720971484,-38.99278075392067,-33.544851399685285,-61.53237630616786
2025-12-12 17:20:28.944820,Right,4.934329776924642,4.271700665404751,1.692725642221376,-10.634120749828071,-33.152809051851364,-46.11922856487945,-53.78930145997947,-78.7985491112413
2025-12-12 17:20:28.947913,Right,-4.525976166152759,-6.949878905989863,-8.789509167318101,-5.936524342721896,-25.80162407408352,-30.993071312012034,-28.025335049213027,-63.037419243948534
2025-12-12 17:20:28.951908,Right,-17.838735751351123,-15.361601379607237,-12.642251181014217,-6.075336265466831,-28.96287323362776,-22.926052974227787,-6.118280133869121,-45.56027140750666
2025-12-12 17:20:28.955934,Right,-11.049123339589642,-6.423330917312342,-4.0593078351294025,-12.129970452609996,-38.09314515230653,-38.82454736571526,-31.34827183127709,-61.505532096576644
2025-12-12 17:20:28.960914,Right,1.0908297828073046,1.1453511973058994,-1.080538233301013,-14.708088425786627,-38.13510842132746,-50.87186511926484,-58.37967009758722,-82.94919505849248
2025-12-12 17:20:28.964977,Right,-6.727282001566891,-9.005228232018453,-11.191078110442504,-10.893719663044976,-31.127814817064063,-37.933425055609405,-37.33549979084273,-70.4758391843352
2025-12-12 17:20:28.968955,Right,-21.866835468834324,-19.41284356138931,-16.693559050472686,-9.08461634619016,-31.685778851991927,-24.928438707851456,-7.508984171658085,-47.398014850346954
2025-12-12 17:20:28.973021,Right,-16.17480499587873,-10.823638258616484,-7.593264525995437,-13.031535484795313,-39.078734512761,-36.5879126570253,-25.321543646252394,-57.50821279783122
2025-12-12 17:20:28.975929,Right,1.281427348077159,1.5882647359294424,-0.5916719931610714,-15.055634805068621,-38.67428800796915,-51.47902682844506,-59.30392747803489,-83.54034138077259
2025-12-12 17:20:28.979984,Right,-0.7174491662644868,-4.511096645603175,-8.34884064506241,-10.941619569197428,-30.271222246901743,-41.76872685977651,-47.111680421097844,-77.69290550240112
2025-12-12 17:20:28.983997,Right,-19.038463895798486,-17.818388502373637,-16.04643071197279,-8.17641142458342,-29.466363951996755,-24.75590788738191,-9.8287864866179,-48.996360139906756
2025-12-12 17:20:28.988009,Right,-21.25201775761343,-14.049802580610958,-8.878332366049108,-11.678536094268566,-38.11874218221055,-30.673335485207645,-13.292081890500413,-47.290378753597906
2025-12-12 17:20:28.993038,Right,-3.0458319729514187,0.33130924909255555,0.67389716037178,-13.968120074549006,-39.26598971019848,-47.11045854300028,-48.93633219509138,-73.70319585148536
2025-12-12 17:20:28.997027,Right,5.2730077159976645,0.9256115011285146,-3.7762793965866877,-9.070129623296452,-28.131815279743023,-42.874673744394386,-52.128063136373385,-80.48396359946491
2025-12-12 17:20:29.001044,Right,-7.666016646377102,-10.692404107887342,-12.434515893019125,-4.494409373335657,-22.69403577873163,-25.53484415897401,-19.49026935062284,-56.87492038817436
2025-12-12 17:20:29.004031,Right,-17.72636097801842,-12.438015414242727,-8.39193438885195,-8.14038714223534,-32.455291675134504,-25.957506295235362,-9.567969930823892,-44.15616810562642
2025-12-12 17:20:29.008097,Right,-10.297269314592995,-3.1143846109816877,0.47265367924228485,-13.69129036506638,-40.813251917697926,-41.11880620431475,-34.286263194135245,-59.57936616794905
2025-12-12 17:20:29.012060,Right,-1.8613359986666183,-1.800239936638718,-3.2807961683365647,-11.670605567018356,-33.5053000089174,-42.18172789887467,-44.97175641013746,-71.79419872158178
2025-12-12 17:20:29.016098,Right,-5.14043572972696,-9.927440313693296,-13.229142082856015,-6.246253523606356,-23.110200180213724,-29.35537859464239,-27.95254523577387,-63.465260100630985
2025-12-12 17:20:29.021102,Right,-9.19192776296768,-10.14209504923656,-10.723709378587955,-7.243739843825097,-26.7426295618352,-28.721629249906982,-22.547781321540242,-56.56981100653502
2025-12-12 17:20:29.025110,Right,-7.019163891407516,-2.096489645249676,-0.012309241205002763,-12.348221900509088,-37.097562404676864,-39.99371991278167,-36.326786374207586,-61.06053629465168
2025-12-12 17:20:29.029118,Right,-8.719464853094905,-3.364339850360011,-0.7338242610940142,-11.944147819951468,-36.5929043993965,-37.86481714090041,-32.227006520930445,-57.56741016142769
2025-12-12 17:20:29.032184,Right,-14.319592659248883,-12.989629533012703,-11.439389113240395,-6.952527631299745,-27.13714247254393,-24.18820430386404,-12.255153553807759,-46.899539286489016
2025-12-12 17:20:29.036159,Right,-8.398188216739072,-10.94121137397724,-12.406530158657006,-6.845866332781952,-24.332645128793956,-27.31741679768311,-22.558929402068316,-56.576210089435335
2025-12-12 17:20:29.040162,Right,4.653153190178273,1.4866420560101687,-2.6116078361319524,-12.28336070680598,-30.831383486714913,-45.66744288027985,-56.650452216752456,-79.6434218982613
2025-12-12 17:20:29.044111,Right,-1.748328857778688,-0.6064102111058673,-1.5495612909999181,-14.36269275264931,-35.65453126165812,-45.00348010360176,-49.97403769788798,-71.52580352674704
2025-12-12 17:20:37.797234,Left,387.89268358931764,282.64339983087353,347.0348610316699,368.13040329196224,1655.199890299217,1861.5187694189983,1504.416987041629,3411.357308416045
2025-12-12 17:20:37.814291,Left,2089.5347119933176,1522.7557795224511,1868.7112281324794,1980.9143998144432,8906.768811076325,10015.262402107066,8091.470006262187,18354.13975257421
2025-12-12 17:20:37.817292,Left,4787.38867740461,3488.897605163534,4278.5442576182095,4532.72757870624,20378.42452402117,22909.381755675953,18501.641793750772,41984.2010491004
2025-12-12 17:20:37.821341,Left,5977.916474440734,4355.421506870608,5336.573061713153,5653.896299062539,25407.18670662668,28555.210636225987,23052.476590856837,52327.024563683866
2025-12-12 17:20:37.825319,Left,4018.0646441504505,2924.8892908430726,3581.0274850351016,3803.524231858166,17060.090473954668,19171.054852110203,15477.029189601788,35120.381873160455
2025-12-12 17:20:37.828335,Left,389.96890424000594,281.77852457047265,346.31433056097376,386.1115434382227,1670.0217520964652,1883.0255442251946,1535.2499223142804,3435.8639961825975
2025-12-12 17:20:37.832337,Left,-2326.674544509435,-1691.2615730209254,-2067.9280125521545,-2182.458389167856,-9874.53518370894,-11086.220164270664,-8930.96070672659,-20316.462281265645
2025-12-12 17:20:37.836364,Left,-2984.2640576261474,-2164.4893588154882,-2652.997075599589,-2825.8314515675593,-12740.971165389346,-14319.02267591114,-11562.28636327057,-26223.371334442694
2025-12-12 17:20:37.840388,Left,-2125.838661648144,-1541.033775858239,-1895.3961690547148,-2027.7313285436976,-9139.458257255086,-10283.395577078685,-8320.865478979365,-18830.448344255332
2025-12-12 17:20:37.844295,Left,-937.9962815836043,-681.3361991104393,-839.0006221450021,-890.7388484915136,-4037.552188134752,-4543.117860926315,-3673.327450315177,-8326.544936733902
2025-12-12 17:20:37.849397,Left,-302.66626471542986,-218.96964453680266,-265.9210936849413,-274.8506781288743,-1274.8634959381889,-1426.025508694409,-1139.1250660483493,-2617.407685632934
2025-12-12 17:20:37.853326,Left,-431.37813358534186,-309.24581412131374,-378.10832043095434,-405.482201705061,-1851.1240605243365,-2077.4386844882392,-1673.4140372319962,-3801.4665058966493
2025-12-12 17:20:37.856416,Left,-954.9915530667349,-691.1017892505624,-851.9441107859602,-913.9099211975263,-4129.683481766784,-4649.458466505748,-3765.572828751756,-8514.029102192377
2025-12-12 17:20:37.860344,Left,-1300.3011407240847,-946.450054315399,-1163.446126274881,-1232.1582698693092,-5569.022114735621,-6263.860679914826,-5061.018474655051,-11482.61362384772
2025-12-12 17:20:37.864422,Left,-1169.1823289583263,-850.6663700698846,-1039.9343361291976,-1094.9758904154442,-4955.932857603999,-5563.38597990002,-4479.456726132659,-10199.841583459405
2025-12-12 17:20:37.868423,Left,-770.0752391022397,-555.8926044916007,-679.8459233601607,-726.232863906771,-3284.9818410972366,-3688.2520529049216,-2973.2974584551994,-6753.088504829677
2025-12-12 17:20:37.872428,Left,-547.2157288746675,-393.62489055057813,-487.8848866606859,-530.8284814178187,-2398.878106100834,-2705.1099639208987,-2197.6589409714798,-4950.803055523196
2025-12-12 17:20:37.876450,Left,-667.9568326738954,-486.2916543271567,-601.3369081905403,-637.5735322554538,-2891.310043768026,-3257.387032161583,-2637.420700103976,-5975.965979417553
2025-12-12 17:20:37.881409,Left,-865.1912976721651,-631.0969003481005,-771.4976621789683,-806.5191481713555,-3658.8972810524283,-4106.517072705901,-3302.6801804214483,-7535.883006021148
2025-12-12 17:20:37.884471,Left,-823.4634146203462,-596.6537212689727,-727.8732411239471,-772.0850051954912,-3485.4045086014085,-3910.461442570435,-3147.6823201169027,-7163.1049550797325
2025-12-12 17:20:37.888473,Left,-590.6652901255293,-426.2339197774854,-525.6302228278364,-571.264694943995,-2558.6804675396997,-2882.421521765995,-2339.7352756435284,-5271.112714291317
2025-12-12 17:20:37.892486,Left,-470.8364578935143,-344.17631789736333,-426.8426849790558,-456.48075307699037,-2043.0334832144435,-2305.8829729969148,-1875.350582057028,-4224.870204228209
2025-12-12 17:20:37.896516,Left,-580.2847990140144,-426.8245056358428,-521.115992543404,-540.5091754525783,-2432.6749532249523,-2730.3986130184494,-2196.5992359255906,-5011.264405549737
2025-12-12 17:20:37.900514,Left,-702.5828889221302,-511.96934440564655,-622.1204631047149,-654.5232000934484,-2939.3551076988224,-3294.490658574505,-2647.614869738929,-6035.619349557674
2025-12-12 17:20:37.904523,Left,-619.1058043239464,-447.9513611285802,-549.9127954667783,-594.6779250533436,-2654.4255849699257,-2986.6605742903193,-2419.6636068904772,-5461.82796694315
2025-12-12 17:20:37.909548,Left,-414.5326885167742,-302.4010955949052,-375.83184086799156,-405.9140972389723,-1807.9750087760622,-2042.689060922945,-1665.0980758095393,-3740.3018470942043
2025-12-12 17:20:37.912537,Left,-335.3514985567308,-248.5236863984901,-304.442133313074,-313.0848099894065,-1405.713147497503,-1579.7389299176866,-1272.3412210908718,-2903.5448877296876
2025-12-12 17:20:37.915549,Left,-439.6839773506799,-321.88726196404605,-389.47928881974076,-404.44556945422664,-1815.948706557625,-2032.1542258424452,-1627.34308258479,-3727.1367017223965
2025-12-12 17:20:37.920557,Left,-537.043346659164,-388.84394052768766,-476.14704022862134,-512.8073167815455,-2288.5516565887956,-2572.6574094165117,-2080.5082772889873,-4706.511739577167
2025-12-12 17:20:37.924565,Left,-465.12117462282185,-338.43322629288014,-419.8077538207872,-454.09161171285086,-2023.9023693752242,-2284.8636508481577,-1860.1990764929214,-4183.860730867833
2025-12-12 17:20:37.928588,Left,-297.3325667862373,-220.22410592583765,-271.29014825390186,-280.97029791309615,-1260.475562125328,-1419.0724022230133,-1146.4455050820252,-2609.584390795091
2025-12-12 17:20:37.932604,Left,-222.9523511014122,-164.64341507977224,-197.58914029767038,-199.9321042028314,-899.0332176771481,-1002.633486710838,-796.7607075757114,-1844.2537407062482
2025-12-12 17:20:37.936587,Left,-296.24851745241904,-214.1656193380477,-261.2667929849558,-281.95980721224623,-1253.2006329117576,-1407.1326595719438,-1136.0438514810521,-2573.9579357479233
2025-12-12 17:20:37.939639,Left,-382.61305710845045,-278.2570782160619,-345.5770867038955,-375.2767372864182,-1666.8721447050339,-1882.722193581285,-1534.3811014791136,-3446.5934683133382
2025-12-12 17:20:37.943660,Left,-342.28870966842806,-252.9416994991625,-312.15673399329535,-325.7509815288213,-1455.9905021978775,-1640.4248829792487,-1327.6196712221717,-3013.8856902925763
2025-12-12 17:20:37.948665,Left,-204.76324472701526,-152.09558377685607,-182.56595748425752,-183.04695004464884,-819.0402244739817,-913.425571040134,-725.3320727521786,-1681.4199500104878
2025-12-12 17:20:37.952662,Left,-123.46005797572434,-88.98041184984322,-106.93112588441,-116.36114714285941,-504.82382195204264,-564.4097205142025,-453.31994812824996,-1030.30904630234
2025-12-12 17:20:37.956627,Left,-175.8502737320232,-127.80275150535454,-160.56403284030966,-179.71183095949527,-779.7673344165669,-884.9381344412686,-728.736137588101,-1616.5003394688247
2025-12-12 17:20:37.960704,Left,-262.8032704997895,-195.52370526423329,-242.2476371570956,-253.02000933286035,-1119.3670711705927,-1263.4575224795262,-1026.2841820528847,-2321.374653385952
2025-12-12 17:20:37.963729,Left,-240.32299449796847,-179.1712064040912,-215.73855470406124,-216.68579710613994,-964.857495875156,-1077.5547033631592,-858.3616040412453,-1982.8780830753967
2025-12-12 17:20:37.967722,Left,-115.03524380303861,-83.51778673344234,-99.0470013490849,-105.60615044567385,-455.4071464095032,-506.7170004143263,-403.62833489192417,-925.5801371708512
2025-12-12 17:20:37.971727,Left,-36.04099752899492,-25.53276098286733,-34.64024626225,-47.27178593959252,-182.46261913958006,-212.69635822507553,-185.22274054185254,-383.33594291855115
2025-12-12 17:20:37.975679,Left,-86.58588764509477,-67.09646393087314,-85.71147442315123,-89.58496130364074,-379.5254954342381,-433.96863407152705,-360.0282921627513,-799.6639640122885
2025-12-12 17:20:37.980756,Left,-167.9078643667599,-127.96332618845918,-153.1041364313278,-149.07293031066365,-653.3639869863982,-728.492618549848,-578.0873765061842,-1343.3159823712194
2025-12-12 17:20:37.984782,Left,-144.01281581939838,-106.58251514209405,-125.19393657019828,-129.80156043558964,-552.7298139098566,-613.4802639384288,-486.77192860323703,-1120.330134026357
2025-12-12 17:20:37.988759,Left,-35.5376924650991,-25.880738909378124,-32.846458896266995,-45.49732254828996,-157.69701341929613,-182.38534775318112,-159.32636083554826,-322.9315706421621
2025-12-12 17:20:37.991726,Left,20.37497532251291,10.760634737212968,9.65603884808661,8.108850318618352,75.99776126534562,76.67324878807995,48.215656873449916,141.45381600805558
2025-12-12 17:20:37.995792,Left,-26.191598770368728,-25.471993983504944,-28.54321788265952,-17.299484062677948,-55.23728066726471,-58.3385053248785,-40.270139678556006,-115.02146015531616
2025-12-12 17:20:37.999804,Left,-78.00144086407818,-59.17603087839234,-66.8193180354865,-64.09395069878519,-264.5582016101689,-288.2650495186681,-221.0396498524351,-528.2758134489995
2025-12-12 17:20:38.003814,Left,-46.132841347272915,-32.61673463960324,-40.3824587446361,-51.95194963760878,-198.63568975910312,-225.98074910973082,-190.07241418544436,-405.2283130242722
2025-12-12 17:20:38.008810,Left,29.23808094046035,19.16621072212729,18.904633244696015,14.76755091684754,96.60604864559718,98.74996818388172,64.92077132122358,181.92229310024413
2025-12-12 17:20:38.012785,Left,58.16058517939746,36.666145158385916,45.70378272988455,59.36501353893982,282.35228597014793,318.1487281860027,260.3817899284477,573.4063016406144
2025-12-12 17:20:38.016847,Left,31.271912599921052,19.56279573755819,29.716303551693272,40.785353185965505,201.88949809943733,236.2260568933707,203.82793096081878,429.8117089549487
2025-12-12 17:20:38.019854,Left,10.090952871310947,7.663045369422434,10.832047346631953,4.631729401357006,57.604541795659316,64.86801075263065,48.508636215043225,127.96390527832409
2025-12-12 17:20:38.024023,Left,28.078730674551707,18.43007896966492,18.95266701819446,12.808631474475987,97.93924964174948,100.83651083906716,65.68706845106226,190.13409076085554
2025-12-12 17:20:38.027819,Left,61.88883954153607,39.11197942505487,48.19414727484309,59.68486976434906,293.8386169559526,329.10733761262964,265.1609496492856,596.7277132829622
2025-12-12 17:20:38.031894,Left,82.91018872100176,56.312455035915264,74.85958367838793,90.32672452222869,426.3246047773209,488.39624507063127,407.4514381881163,891.0214409970795
2025-12-12 17:20:38.035860,Left,87.42305116727948,63.92641935792017,80.91641768061709,81.27402977183738,398.0333457501838,449.8517257758358,363.03959796093113,831.9725493084115
2025-12-12 17:20:38.040933,Left,82.09719466512615,58.86353144348686,68.62382436927874,63.97744826704002,325.0048358030035,356.59343499084935,272.5479132617329,659.6475174803345
2025-12-12 17:20:38.044934,Left,76.9912886778875,50.82795459407498,61.22558009747081,70.99304549902081,342.8605747600668,382.0321058712434,304.55631394759985,694.1520114318118
2025-12-12 17:20:38.047950,Left,88.08903514529811,59.7726037807588,78.50816081601806,95.28439100771357,442.98422424981254,506.3866710604052,421.73824071261333,921.4749304975849
2025-12-12 17:20:38.051991,Left,117.41542088652932,85.95556822378421,108.72015471092891,112.99079017725307,529.9599344094459,600.0898911308032,488.3255407458346,1104.1891580069205
2025-12-12 17:20:38.055992,Left,138.77612689789385,101.88197693954862,121.24680510290636,118.29756122260733,555.3759057882708,616.0235467990569,483.7716732795234,1133.561047277588
2025-12-12 17:20:38.060045,Left,131.03453376972175,92.19305853222613,109.83844061567652,119.4142115018476,543.2270315438509,604.5369013242889,482.055702102487,1099.4917724800762
2025-12-12 17:20:38.064056,Left,114.34411287649709,79.76828442690021,101.24333849146205,119.88428977603326,533.3668101045187,606.1928862837958,502.3872371544712,1099.1571237740573
2025-12-12 17:20:38.069042,Left,122.45799399339012,90.04808623712597,114.02126649224374,121.31776261680352,551.1867620552657,625.6280757269124,513.2187978168367,1146.7477586908499
2025-12-12 17:20:38.073071,Left,150.07856433473353,111.08099186117033,133.21964409381326,130.41615544339584,605.1689375570277,673.5619963571662,532.3090387536213,1239.7235151022905
2025-12-12 17:20:38.076036,Left,162.88642978225835,116.04922115990485,138.49412891024258,146.6314739262598,670.760507370811,746.4195527924458,593.3831533278571,1362.737388734473
2025-12-12 17:20:38.080025,Left,152.43143461376894,106.71259199750784,133.82778454000072,154.32176923735824,695.3958893753588,786.9291480300599,645.8047173277591,1431.686885182513
2025-12-12 17:20:38.084064,Left,143.43884178734152,103.96587596503377,132.4883850095357,143.97758168372093,659.8408682035515,749.6707243691199,615.7607874686946,1374.6650433848845
2025-12-12 17:20:38.088053,Left,149.42400017756154,110.2056566291285,133.9611277346412,131.8775883268827,621.4150617406704,694.2508080128464,551.1192392531666,1281.2773444127524
2025-12-12 17:20:38.092212,Left,158.72619229029806,113.24161952777649,135.0958123056189,140.30366594227962,653.1484816523734,725.8765059828293,573.9484993359656,1330.0690065284725
2025-12-12 17:20:38.096086,Left,164.98144316683465,115.52983166903141,143.74664780503372,163.94096593445283,742.0791893491987,837.6379698300734,683.6731786104501,1525.7724478964228
2025-12-12 17:20:38.101084,Left,174.11454692910775,125.96471536971512,159.6724865543365,175.2446708807256,793.0392896070261,900.4385807317449,739.6779660037137,1648.3128716844367
2025-12-12 17:20:38.104123,Left,179.22467288315238,132.81321391405072,162.4151316738571,162.82223013965995,749.9421269587474,840.8781135661993,673.0673246616498,1548.5037743623834
2025-12-12 17:20:38.108108,Left,167.11515991827764,120.7875856449973,143.80146178219002,146.62557909218594,676.4508060835651,751.4068024412263,593.4268315107329,1378.1760202057194
2025-12-12 17:20:38.112133,Left,153.01167726462882,106.86550473951502,132.129339782623,149.95346582982165,680.4793754731072,766.3582797658164,623.1026847138419,1396.301028254442
2025-12-12 17:20:38.116126,Left,166.71486071932304,119.3177172523283,152.3057832652412,169.7343811828905,773.0086594035383,878.7805092226481,723.352344119281,1608.9231952005066
2025-12-12 17:20:38.120160,Left,197.2002575431834,145.3329896050709,179.643940673006,182.75017200452567,845.8162922968622,951.3993919832865,765.4320793855586,1753.0977874847595
2025-12-12 17:20:38.124145,Left,198.11599975579884,144.18187100497016,172.65666661653086,174.86395927857666,807.0333410908934,898.1835794623476,710.9456416614121,1650.2124215504155
2025-12-12 17:20:38.129171,Left,163.73460939136567,115.62030166159093,141.14237388133188,157.29379269247875,707.0455738317687,793.6586515351664,642.0676777861081,1445.624432324199
2025-12-12 17:20:38.132174,Left,148.37005835215678,106.49434497555194,135.54969671741128,153.72574219483067,683.4376568736043,777.5967894721543,643.2093251729384,1418.3384141605347
2025-12-12 17:20:38.136212,Left,181.75530171528226,135.08951179227734,167.5308695990534,171.8704752602789,779.4998521003872,878.898189206142,711.6079009319656,1616.473449282581
2025-12-12 17:20:38.140181,Left,215.08107563250815,157.81465726543684,189.45729153903085,190.5987377699057,873.6331549693132,973.349348524469,771.8571602921002,1789.546096049482
2025-12-12 17:20:38.144201,Left,195.0550955760409,138.2196189496317,168.19859430933138,183.3528924176353,833.9026229727315,934.1556751797907,751.1315507693216,1706.9448219542392
2025-12-12 17:20:38.148212,Left,150.20249727892224,105.78264523624966,135.3593748777348,155.25102695039823,704.6089321136242,801.3313044776442,660.9554897916969,1464.3066981830634
2025-12-12 17:20:38.152220,Left,146.95987101487117,108.04104769189144,136.74482676677871,142.34323945414508,659.0201384187676,746.5812329383334,607.7935568493558,1376.5392329380848
2025-12-12 17:20:38.156254,Left,186.5385903272254,137.29011870417162,165.5790057706181,164.1424308634887,762.1425853370456,849.5664088628255,672.6446989073884,1566.647697951179
2025-12-12 17:20:38.159239,Left,207.88598805005313,148.7958719613962,179.79399640107295,192.2003471198259,871.2738466357114,973.8204347086139,779.7691336944699,1781.0786293710116
2025-12-12 17:20:38.163203,Left,183.9645713887876,131.18315909069497,164.6190361044719,186.42327234623372,829.3616261202842,939.5159297125647,771.6951699198689,1713.3151136788074
2025-12-12 17:20:38.168264,Left,154.79944775262265,114.6522894337395,144.49253644054988,153.39371533715166,687.7547023071675,780.2112686500186,639.2701833477477,1432.2929798299447
2025-12-12 17:20:38.172269,Left,158.44392670763773,118.56229508289834,142.5414410411322,139.4482673247112,637.1391785086598,710.4748762168456,563.1306678649271,1309.929138676729
2025-12-12 17:20:38.176316,Left,180.52012714953162,130.27906641909794,155.78927868846222,163.5103717072052,738.8182118636323,823.2868032675469,655.4396170296241,1506.4950680891052
2025-12-12 17:20:38.180335,Left,188.5535250682733,134.31375940164435,167.35185068217106,188.77431063124095,839.9260531021282,949.5724988101283,777.1719082291238,1731.563235988142
2025-12-12 17:20:38.184317,Left,177.26601634855615,130.2365612716094,164.33525289656245,177.18077998716035,791.871098243515,898.6215059201932,737.2814469014993,1647.558622667333
2025-12-12 17:20:38.187330,Left,161.75435643509263,121.52951239781396,147.2066808937234,144.97980138639105,656.1316366804531,733.796119119972,584.9127168486593,1352.3889238210395
2025-12-12 17:20:38.191357,Left,154.10259328302345,112.63128087903897,133.23454949894221,136.70386465120828,609.7382642448647,676.9619662791956,535.7828132002614,1238.6432794677094
2025-12-12 17:20:38.196359,Left,160.02912491490133,114.43155322871462,141.17335957018076,159.76500155427493,697.6207156123128,787.2360868264223,643.944991581142,1431.6907356043812
2025-12-12 17:20:38.200357,Left,175.20646413677605,128.7252913974662,162.2937349950662,177.26960431179032,781.3092192311306,887.322730945074,730.4254732961999,1623.3328029336408
2025-12-12 17:20:38.204378,Left,178.5958576303965,133.97133187371946,163.55816856303136,163.29936941273627,737.2324755088193,827.113469897653,663.2648047346156,1523.8325568505097
2025-12-12 17:20:38.208343,Left,155.3899931841297,113.71326632842829,134.87836596771376,135.88764071898186,617.538670186419,685.4622798130149,540.576171004097,1259.055660378188
2025-12-12 17:20:38.212393,Left,128.68322539931978,90.47404347016709,111.60735845653107,126.92638911114773,566.7835127571598,638.5257815595251,519.7114601959474,1163.6738215843216
2025-12-12 17:20:38.215403,Left,135.09331529051997,97.5682090025075,125.2314069228596,140.34401220994187,628.5353360377485,716.626612050808,592.7632807861082,1312.65445028455
2025-12-12 17:20:38.219442,Left,165.09611177194165,123.36242948468134,152.37261762926937,153.2583218793443,699.5170103078708,787.5131407182198,633.8853882106487,1453.547258312814
2025-12-12 17:20:38.223383,Left,169.04804771824274,124.4721380379633,148.05373390755267,147.70446165007888,672.6406262048986,747.4089037332451,589.3866194022121,1375.3277760597412
2025-12-12 17:20:38.228378,Left,134.5352026860637,95.57326699368423,116.06055415718583,129.52011222136207,572.5457676022779,642.389420377207,519.4368841024116,1170.2522501864005
2025-12-12 17:20:38.232521,Left,110.88477489899378,80.19864323278307,102.98493344991584,118.485313602112,516.1167790874606,589.6202161442488,491.3104363359744,1075.4094084063545
2025-12-12 17:20:38.236458,Left,131.76508517732145,99.95256481984688,124.18689874256961,125.23101537307957,558.1901719596935,630.5000937883742,511.64022925763857,1162.1191332454327
2025-12-12 17:20:38.239485,Left,159.72569010659936,119.40321783874242,141.64780247962335,138.52507374525885,622.4748058553087,690.9682250228943,544.4170224191621,1271.9230778836645
2025-12-12 17:20:38.243496,Left,146.68659913656302,105.3360568643111,126.55466161869117,137.4413270977675,604.9977206381736,676.0735636455938,542.9942817421397,1232.5590875307098
2025-12-12 17:20:38.247504,Left,110.71710257677478,79.33964679215569,101.49952752242098,118.08165526355151,512.901681767893,585.0260823789285,486.85621932172216,1065.632861490827
2025-12-12 17:20:38.251510,Left,102.88688353160978,78.00111745238246,98.82625116416602,101.317525351129,452.58357580250595,514.2399066213984,421.14663683681283,948.949554032879
2025-12-12 17:20:38.256486,Left,124.46235025679925,93.87000818378874,111.51990798229235,105.72839754098095,482.93993675603997,535.6229992343578,419.6135354983853,990.9665049947798
2025-12-12 17:20:38.260515,Left,132.26769090155722,95.10563555134286,113.25769362854771,120.25120348201017,536.8078605429037,597.5711972460849,475.49633920076303,1092.5521549591795
2025-12-12 17:20:38.264561,Left,113.06501867203042,80.3582610602025,101.94417586439522,118.87991392434924,519.2788561331108,590.7955601240974,489.42883468582295,1076.059019509703
2025-12-12 17:20:38.267548,Left,97.43812857227749,73.28886344000057,93.91930730757304,99.0133067642164,439.8633781885728,501.79651551449206,414.10460606147535,924.4948985271621
2025-12-12 17:20:38.271664,Left,101.47578821072238,77.48654856345092,92.43952302931575,85.2943247538642,390.8664338836679,433.8515579922823,339.2981888160575,805.731515996391
2025-12-12 17:20:38.275556,Left,105.77994823086192,76.46481088286964,89.72394861053908,92.09524940804113,412.79508929292206,456.575403888477,358.4202267419314,836.6831095691305
2025-12-12 17:20:38.279598,Left,98.60644481756026,69.60258144579711,87.61101629358018,103.06679545756197,446.0548857516842,506.48095600446686,418.63320631044917,920.5759219138417
2025-12-12 17:20:38.283575,Left,94.25698915182147,70.76826641305524,90.96065808125422,98.43019716776325,426.5024810851319,487.85048742452636,405.40826180402655,894.9060876520816
2025-12-12 17:20:38.288717,Left,98.12846345070284,76.37597863575502,91.29433621800854,84.32488778862171,371.4782868215116,413.7027861234965,326.160083492985,765.8367828205228
2025-12-12 17:20:38.292619,Left,94.29511758944136,70.2391207259061,80.52445811260259,78.99745959485881,339.28857420932036,372.3670903308084,288.8677313794615,680.6981637836434
2025-12-12 17:20:38.295627,Left,80.38705618688255,57.34414643952914,70.49097483139485,83.30021758310613,343.6948881212156,388.7188763980521,321.1521357654128,701.5301479906775
2025-12-12 17:20:38.299646,Left,76.9312209423224,58.01901621831348,75.13598739852023,83.80987125172396,350.0417912215926,402.29951687541325,338.50482907681726,734.2905405785423
2025-12-12 17:20:38.303650,Left,87.78920327319065,69.16131026367657,83.43528549325129,77.00681436606101,334.4157501804875,374.1078731017187,297.4520683429437,692.7915082438849
2025-12-12 17:20:38.307704,Left,88.12666922924109,66.68153116843314,75.79746970962151,71.30864493332047,306.33185457170475,334.73170386778656,256.85575049364707,614.0310704717413
2025-12-12 17:20:38.311684,Left,68.67881504903198,49.01853000065603,58.79358533876075,69.17897958046524,280.9129355753539,315.79038783197757,258.59566100267693,568.169209809741
2025-12-12 17:20:38.316670,Left,55.50768814701587,41.73963089927565,55.02386638880125,64.81819736931357,261.9491614191793,303.55781659227796,259.54576413705945,550.9988382915035
2025-12-12 17:20:38.319685,Left,64.68592058308423,52.057284454320325,63.84845187746396,58.24316355356132,251.022174661397,282.9265292310156,226.98351970745716,525.7365656881593
2025-12-12 17:20:38.323651,Left,72.78442172259383,55.69117754312174,63.03990962407261,55.72372991446173,247.11370212538168,268.5667621213943,202.1081164929201,497.2365800734842
2025-12-12 17:20:38.327650,Left,58.38519384832762,40.74020918512542,48.33827777982515,55.89014115271857,237.12541728728684,264.6378881135024,212.6984834537725,478.987751527573
2025-12-12 17:20:38.331658,Left,40.05393218804966,28.611888613304473,39.610332868789556,50.37099413279793,209.30709293781547,244.46486845309846,211.1542057581828,444.30567381356377
2025-12-12 17:20:38.335767,Left,42.165214364926214,34.475709765043575,44.20624866981234,39.97801997156057,176.19104107836029,201.4174247100018,164.35437396890484,377.6652687265305
2025-12-12 17:20:38.339739,Left,51.875265589216724,40.7380252295261,45.526635985283065,35.637460062265745,162.34507583238883,173.91572889511008,125.7800367961172,326.88174921285827
2025-12-12 17:20:38.344699,Left,45.0628284625418,31.281732907445985,35.79626567788364,39.8109901878197,167.80374904134078,184.22760903992457,144.07698705565417,333.4864100901177
2025-12-12 17:20:38.347754,Left,30.608483099902514,20.927696617116453,29.802128416209598,41.05397989535413,165.30854512006044,193.8592475701007,169.5647071377025,349.83941529900767
2025-12-12 17:20:38.350714,Left,30.712174844928086,25.417329958232585,34.41938133702206,32.44708858062222,138.67676356481388,161.38970372534823,135.60122283024248,302.39326898474246
2025-12-12 17:20:38.355791,Left,37.25942954837228,30.447186139586847,33.878491388095426,22.581312741094735,104.37300344003597,110.17991364601767,75.39821244851919,211.41637641121633
2025-12-12 17:20:38.359829,Left,28.56128263528808,19.63402474092436,20.704378536276636,20.996619073470356,86.98364849685458,91.67219744966133,65.64347114460543,165.8631781283766
2025-12-12 17:20:38.363836,Left,13.767045422981028,8.01721328678832,13.1363960273884,23.893708484014496,88.45574731542729,106.15791829105001,96.76378477917751,187.9541300041601
2025-12-12 17:20:38.367820,Left,17.35124873278255,15.130791020215838,22.458110170060536,22.757667629484786,90.31906948040705,108.78080603654962,96.17713119334076,203.3528580997372
2025-12-12 17:20:38.372893,Left,30.457280541580985,26.385553064035776,29.383313616912346,17.713843777339207,76.10969684971496,79.90860763960518,53.303298221784644,155.27653411705978
2025-12-12 17:20:38.375821,Left,23.369217241881415,17.291705961986736,16.469460581749445,13.444239022021065,46.04396676435135,43.81541730382014,24.73861155222403,77.94240091543179
2025-12-12 17:20:38.378855,Left,0.7338418260187609,-1.2087548343115486,0.29862132313428447,9.919797569367802,17.317140855418984,24.072991983150132,28.702063923701644,34.73735840420704
2025-12-12 17:20:38.383867,Left,-3.475347483807127,-0.7398910012780107,3.61150629218173,5.839609954884509,9.67430199199589,19.42716064240085,26.882804599008523,36.853405450005084
2025-12-12 17:20:38.387863,Left,13.261267127127212,13.457294247586105,15.245338370965328,3.7708362172998022,20.36715700777131,19.553630866575986,7.0458326587686315,46.87529154197546
2025-12-12 17:20:38.391835,Left,15.46123635283584,11.212802705733338,9.460794625563722,3.6417883761241683,18.73869249166455,12.442326283256989,-3.5320838048064616,26.20564248028677
2025-12-12 17:20:38.395897,Left,-7.741466928964655,-8.588568124905578,-9.156863381584117,-0.7047604419494746,-16.097978717589285,-15.369037604978075,-6.889258238865295,-34.36119870003313
2025-12-12 17:20:38.399912,Left,-22.24263956707,-15.728506822604686,-14.16509116045927,-9.922655181173468,-57.94603824117803,-55.642286780202994,-32.05938149735448,-101.65592338482384
2025-12-12 17:20:38.403948,Left,-8.324691514993901,-2.016293324122671,-2.775547492041369,-13.714589040799183,-62.572256711748196,-71.38998763606651,-62.659467077843146,-120.80854596401332
2025-12-12 17:20:38.406943,Left,5.4099663355445955,5.290054343655356,1.460818770385231,-7.36223803395842,-35.03171628189739,-48.66624689596938,-53.72790361644002,-85.26343561522663
2025-12-12 17:20:38.411953,Left,-7.549626775711658,-7.970574556315114,-10.11829436228436,-3.4588257069990505,-30.905531624273863,-34.57189359006588,-25.581679768889444,-70.28844043135177
2025-12-12 17:20:38.415960,Left,-27.682332337397384,-20.487685738917207,-20.10468630521791,-13.59598105832265,-75.94256708575995,-75.62220000199159,-47.097977984914905,-140.6509070789907
2025-12-12 17:20:38.419963,Left,-26.718799342241255,-15.784089590782969,-18.235204744552902,-27.433121251509874,-122.89549273603188,-136.43161137585412,-111.40064573501877,-240.25875312523567
2025-12-12 17:20:38.424053,Left,-15.021310972297215,-8.908280227486102,-15.66384847716472,-26.97137969357209,-118.85275090906362,-142.40700721443864,-129.750453866116,-254.44278967310674
2025-12-12 17:20:38.427975,Left,-17.37746508240889,-14.704338179337356,-19.76863710494945,-15.681381506823527,-84.79661730572116,-97.536132090303,-79.90995499896235,-184.8539289846667
2025-12-12 17:20:38.432010,Left,-28.70945196104367,-21.579160417062667,-22.19520678183835,-13.89494473124796,-84.61856179340975,-86.16861292712565,-55.12679285353806,-163.29162273276597
2025-12-12 17:20:38.435025,Left,-29.690043582737417,-17.70610412734095,-19.958875330346928,-26.527007441658498,-130.48082123560744,-143.09682194964262,-112.25524732841586,-256.03818663887796
2025-12-12 17:20:38.439016,Left,-24.957140507916847,-14.667473005903958,-22.876397177602485,-35.83369943472644,-168.0695674741146,-197.39479275980557,-172.68806628045422,-356.0216703743208
2025-12-12 17:20:38.443979,Left,-30.052080177156313,-22.62486728269323,-31.33043664775505,-30.46737467501589,-158.92356361295606,-183.40883815558118,-151.95684182668992,-343.14707114836347
2025-12-12 17:20:38.448057,Left,-37.85194554418922,-28.16737183854275,-31.64602600800481,-22.524727785648793,-132.42901544324013,-141.1681905443329,-99.7703769006057,-267.63409604778644
2025-12-12 17:20:38.452055,Left,-33.602240140574395,-20.784245690419084,-23.248934034499143,-26.584015596472454,-137.34382854835167,-148.79893140449485,-112.9585804421281,-269.2672722821071
2025-12-12 17:20:38.456118,Left,-28.163472749103928,-16.635056410308835,-24.683678964555156,-37.70734161153405,-174.4782552288998,-203.17791409358324,-175.83350665842227,-365.0471671139021
2025-12-12 17:20:38.460062,Left,-39.40594170704435,-29.395117387478763,-40.30821459523054,-42.259239599982266,-203.86886762629,-235.5839063806634,-197.34741832776854,-435.6839335148252
2025-12-12 17:20:38.463133,Left,-53.84558860423567,-40.85722974947703,-47.683998051953495,-38.82695161251286,-201.24827215202095,-219.8694013538843,-165.00839438479306,-411.97347345885646
2025-12-12 17:20:38.467148,Left,-46.71986089938764,-31.12716844435272,-34.976286390454334,-35.97828071863114,-182.9446460887848,-198.41868189144589,-149.70389230857836,-362.58680529186677
2025-12-12 17:20:38.472282,Left,-29.761856916002216,-16.968019148616804,-24.425125275456594,-37.43877558510394,-179.9583897669072,-207.9234553018032,-177.05925636990287,-374.6755598151067
2025-12-12 17:20:38.476115,Left,-35.19637333451101,-24.946895905202837,-36.10974196724783,-40.715910763037755,-202.80709267803468,-236.27700843699859,-200.15538338705665,-437.0281406394206
2025-12-12 17:20:38.480141,Left,-58.150382912725036,-43.83713131192235,-52.86730537195763,-44.48279294558961,-232.18943013164971,-256.850463641822,-196.89975775273342,-481.90100420010276
2025-12-12 17:20:38.483135,Left,-62.2969038723495,-43.13340884878926,-49.32406401989647,-47.853066754752945,-240.20461909266305,-261.5982489195594,-197.93118169307127,-481.0497300333518
2025-12-12 17:20:38.487193,Left,-43.243983086023945,-26.747268465049274,-35.240432059570594,-47.629711264449725,-223.51725334077491,-254.70024010830093,-211.8967649331462,-459.5608912855387
2025-12-12 17:20:38.491207,Left,-37.04101762186838,-25.842929434238613,-37.46771418138451,-44.531171356287814,-211.71484504346154,-247.13827524948283,-211.16073699212575,-453.5732316893409
2025-12-12 17:20:38.495194,Left,-57.151667901278415,-43.74399365003046,-53.64699518390262,-46.06419182274112,-231.16440013880492,-257.77010295839864,-201.00822812793194,-482.3073874677648
2025-12-12 17:20:38.499173,Left,-71.68921346958086,-51.499624872358254,-58.78763420700852,-54.75856186350575,-265.60166669037426,-289.18410639837384,-218.75340672311722,-532.3582426535431
2025-12-12 17:20:38.504212,Left,-60.338631896374864,-40.05189168094512,-49.5961319560156,-60.84770769408351,-274.69262164010433,-309.52568926813547,-253.18949741186225,-558.2692162311869
2025-12-12 17:20:38.508155,Left,-48.33618748257868,-34.208318507859076,-47.06745318650792,-56.782902064303926,-252.80322998654447,-293.3726018371235,-250.48004558708635,-533.3784290110343
2025-12-12 17:20:38.511216,Left,-59.15090120302921,-46.058397581051395,-57.08438155423937,-51.21140361310245,-239.96651823472348,-269.767558925756,-215.12092577078147,-500.86941602203296
2025-12-12 17:20:38.515237,Left,-73.83094254161551,-54.57954231121403,-62.22491852592793,-55.750575275895244,-262.2727257361694,-285.0558827688219,-215.13669937304803,-524.9248118518735
2025-12-12 17:20:38.519247,Left,-68.05812302022241,-46.01442530413624,-55.714273794153996,-64.76474933722056,-291.73245303545264,-326.026603682345,-262.6915678016376,-589.1177436815342
2025-12-12 17:20:38.523204,Left,-55.358675778406905,-37.940478892945976,-52.05810684191965,-63.84037004283164,-289.7407909386093,-334.7390149256098,-283.46581714673084,-609.0799020532868
2025-12-12 17:20:38.527248,Left,-59.015543920853816,-44.494980693547404,-57.46664914392022,-54.12369581338862,-265.87753705645446,-301.80663660919527,-243.6079785482725,-562.2095577978762
2025-12-12 17:20:38.531283,Left,-69.34637797194591,-50.78460724812612,-59.0791485853988,-50.94147380934737,-260.18532057706034,-284.03372876590583,-213.26028372586006,-529.3269112871494
2025-12-12 17:20:38.536279,Left,-65.6504261493319,-43.79093315758655,-52.56023034518148,-58.811900231921754,-281.33262244577054,-312.67552973522106,-247.2656876129331,-569.3521322036395
2025-12-12 17:20:38.539292,Left,-57.34764939743036,-38.581111502979184,-52.40130979069363,-65.32242417018279,-299.14904551371,-344.69547677546507,-290.5129921477055,-626.5588512370596
2025-12-12 17:20:38.543329,Left,-64.70975198761153,-48.80637771135662,-63.288948967026954,-62.77712506763055,-295.1581430771039,-336.6648617486353,-275.6150647319155,-622.9903001454659
2025-12-12 17:20:38.547256,Left,-77.48854568369279,-58.4345197376897,-68.20284534420352,-59.33434286632837,-285.4342137973872,-313.018615709967,-238.37913865433075,-581.1996121888515
2025-12-12 17:20:38.551324,Left,-72.88440651817655,-50.70094323214289,-59.142455915920436,-62.587046862914576,-287.84250379150035,-317.4678298929357,-248.38980241533136,-577.3740496530663
2025-12-12 17:20:38.555373,Left,-59.962118302079034,-40.68810577746626,-53.61625732655375,-66.92802312555432,-296.62468419369543,-340.2310848371126,-285.9585847504786,-615.4454168202356
2025-12-12 17:20:38.560285,Left,-64.60079508376657,-48.54276537307305,-63.58574255845451,-65.8370743842097,-300.41388971504057,-344.42694445565576,-285.50151670206105,-634.2824603266781
2025-12-12 17:20:38.564361,Left,-80.8089682548889,-61.70747315188055,-72.91794223697798,-63.96841458014387,-301.34004168462707,-332.62359426607145,-256.45486198808067,-617.2113093023654
2025-12-12 17:20:38.567350,Left,-80.19226911014994,-57.18304005461687,-66.03515701030847,-66.83057484372694,-303.4749149522977,-333.4727976883296,-258.7318273104029,-607.5426324914442
2025-12-12 17:20:38.571377,Left,-64.18895184597932,-43.82101471051283,-56.189652367524104,-69.49194176903984,-302.0861221200321,-344.51797026308486,-287.5034442722099,-621.3142654200783
2025-12-12 17:20:38.575348,Left,-62.164982699614484,-46.24613224907807,-61.31918050751847,-66.49206471546495,-296.77425515366485,-341.6379453345435,-286.0515396457049,-626.4378038314171
2025-12-12 17:20:38.579390,Left,-77.64392754333676,-59.64422244793968,-71.56705331275589,-63.258819527807645,-297.65599937713705,-330.39711664343486,-257.0621935396339,-614.1149314405629
2025-12-12 17:20:38.583409,Left,-81.97038694527873,-59.03677197025536,-67.9976441814506,-66.20806617403287,-306.6382817919366,-335.8825529484893,-257.9150699451566,-615.4759821196785
2025-12-12 17:20:38.587426,Left,-67.26889069308527,-45.61707677196682,-57.45245390688069,-70.0464133029891,-309.5978054400184,-350.91888507374097,-289.4189698637347,-634.1350752112921
2025-12-12 17:20:38.592374,Left,-60.61079840648745,-44.1396302180292,-59.25431617749564,-67.15763152837462,-299.7183834864991,-345.9933042876073,-291.52795227762545,-632.8493389374344
2025-12-12 17:20:38.595440,Left,-73.65681047075486,-56.80146889312891,-69.31991263151576,-62.17938423532178,-291.62330162653234,-326.03180218773196,-256.96224133338546,-606.0877805789933
2025-12-12 17:20:38.599447,Left,-81.60151075314207,-59.629839147266466,-68.45502841933921,-64.00270444739726,-297.7371855934616,-325.35755584185245,-248.05991711787647,-598.2334620789625
2025-12-12 17:20:38.603407,Left,-69.82771839854831,-47.483087138825795,-58.480194102201494,-69.36794151568029,-306.8425694258185,-345.5114287288743,-281.69830430753063,-624.494688163395
2025-12-12 17:20:38.607472,Left,-60.589158072543796,-43.192573017120594,-58.25585866700567,-68.4392109181208,-303.0947913081036,-350.2021143633174,-296.03303558484185,-638.5859436275205
2025-12-12 17:20:38.611517,Left,-70.46695865664515,-54.18448024330428,-67.58731333038304,-62.37004862551112,-292.06528586131753,-329.16180006426293,-262.9763093642541,-611.9166429948527
2025-12-12 17:20:38.615648,Left,-79.29006021395617,-58.57781698998588,-67.53555236446846,-61.00756336680206,-289.1462694751681,-315.9685410550446,-239.62019963253988,-584.360227047815
2025-12-12 17:20:38.619520,Left,-68.93691324093379,-46.98844743076188,-56.828891656929045,-65.45199817841058,-293.6766952359467,-328.44451629108516,-264.11308619589545,-595.1950951123144
2025-12-12 17:20:38.623490,Left,-58.45786566773313,-41.03433367474645,-55.340268823027145,-67.16833207962918,-294.234793952608,-339.8461847162689,-288.0260250727879,-617.6360527450452
2025-12-12 17:20:38.626546,Left,-68.49398965765431,-52.89037276706949,-66.91977818417945,-63.97514254396083,-290.47071039123693,-329.4344461511355,-267.30860064481385,-609.9882464593975
2025-12-12 17:20:38.631530,Left,-81.23078342428198,-61.34447474636545,-70.87894511400373,-62.76935839593352,-289.57375516579486,-316.66928424843354,-240.86633490107488,-585.6784749473445
2025-12-12 17:20:38.635538,Left,-72.09919161815196,-50.160676949002664,-59.23350680616568,-65.14373505326512,-288.4819590114639,-320.06547322130064,-253.89920898788841,-580.0606359987287
2025-12-12 17:20:38.639598,Left,-55.631080947918235,-38.296523343087756,-51.51948506638291,-64.29906974404003,-280.3432015746366,-323.40421106352005,-273.9678194070584,-586.1392264158931
2025-12-12 17:20:38.643588,Left,-59.72935071992106,-45.53952094570559,-59.52792530464649,-59.09458717687812,-272.48241259530187,-311.7719047226128,-256.2824160741875,-577.8630644713994
2025-12-12 17:20:38.648571,Left,-74.72586416665581,-56.559158464704524,-66.41528695248417,-57.42061430150352,-275.92936479940545,-303.02311686315807,-230.55411281471606,-564.8239271120401
2025-12-12 17:20:38.651579,Left,-71.27027409267612,-49.600351575383684,-58.1014629140991,-61.304983619978884,-282.0114919031621,-311.2140299564344,-243.02686470240587,-568.0068059340119
2025-12-12 17:20:38.654609,Left,-54.3318803232396,-36.57827049221669,-48.81122661275731,-62.1862197156006,-273.5930003966205,-314.62613956147106,-265.3227666397579,-569.9007698275382
2025-12-12 17:20:38.658564,Left,-53.74903498413914,-40.62484895988018,-54.31122959345521,-56.71657999791205,-256.8444243649719,-296.0614074593177,-247.13767262984766,-546.7649481527042
2025-12-12 17:20:38.663637,Left,-69.28279179379751,-53.37755378574366,-63.20604220556561,-53.91729171536281,-254.87082966964226,-280.9132666650694,-215.10996822826564,-524.162136408966
2025-12-12 17:20:38.667662,Left,-71.70359456603182,-51.038784475123975,-58.81239240751893,-58.94305918714963,-268.2307184424135,-293.9200606123195,-226.41500990634086,-537.206860113889
2025-12-12 17:20:38.671689,Left,-56.61577642154589,-38.216260869274265,-49.53361615129688,-62.563159293233184,-270.65862909099087,-309.24669413419906,-258.77778024820145,-558.3844575280091
2025-12-12 17:20:38.675678,Left,-51.05195557515253,-38.07333705032943,-51.65159202073119,-56.89741856190085,-251.78320449090097,-291.632176010462,-246.35876361449482,-535.9611010017106
2025-12-12 17:20:38.678685,Left,-62.55954652529908,-48.74175252841087,-58.59907394781476,-49.89949991196045,-235.40246159984963,-261.12326133757597,-202.00359219656093,-488.50458053604234
2025-12-12 17:20:38.682686,Left,-66.5748250445613,-47.92287903059332,-54.60726385439921,-51.83385742898099,-240.81720056320773,-262.0978172857431,-198.41176111390814,-482.010347109288
2025-12-12 17:20:38.687693,Left,-53.835014109659824,-35.720271426733234,-45.52848997469118,-57.39642628081492,-251.97229616396362,-286.0734754910809,-236.78646049957024,-516.9195979533251
2025-12-12 17:20:38.691758,Left,-47.31268463580636,-34.248691556509584,-47.58586008132261,-55.38748073091847,-245.25746926048305,-285.09773990599206,-242.75072632107185,-522.4986409856938
2025-12-12 17:20:38.695657,Left,-57.75670069687476,-45.25365797095583,-55.72239847308083,-48.36063263611868,-227.07780821464257,-254.0864350258489,-199.68840093468316,-475.52032393205445
2025-12-12 17:20:38.699759,Left,-63.213649273471674,-46.58347528304148,-52.686301828725846,-47.374312683037715,-219.93833907344379,-238.1059828986181,-177.92206263239495,-439.7036948619643
2025-12-12 17:20:38.702719,Left,-51.351823295641225,-34.491084480745485,-42.37308581205434,-52.36058700004651,-225.77248104725732,-254.10592896258458,-207.88555013539735,-457.7626503863139
2025-12-12 17:20:38.706788,Left,-43.64469396889035,-31.386312584552797,-43.52715496062592,-53.358803016890306,-227.74289488885552,-265.3438706524321,-228.17376264743507,-482.8399834013544
2025-12-12 17:20:38.710821,Left,-54.56066295788332,-43.39518142098677,-54.12420383638528,-48.63983444434416,-219.6695749211358,-247.88158522639424,-198.68327022669837,-462.0709563730052
2025-12-12 17:20:38.714784,Left,-62.83882176989573,-47.67904722392268,-53.689604671366396,-46.38558262774313,-210.73858958436176,-227.7034944446641,-169.44156357698375,-421.43960157665424
2025-12-12 17:20:38.719760,Left,-50.700733500139904,-34.76634862461651,-41.08957092178753,-48.82459107362956,-205.8932688361965,-229.3590765853878,-184.75679402821697,-412.1721856157528
2025-12-12 17:20:38.723821,Left,-38.27057789309765,-27.096784218752873,-37.64225952868583,-49.09834318597859,-201.68441403878387,-235.70402936259052,-204.81672476429958,-425.40040898905136
2025-12-12 17:20:38.727764,Left,-47.10423034102132,-37.82461312497617,-48.241529046950745,-45.13505107509263,-198.24131296382984,-226.13937452825485,-185.06223652587505,-420.2192941517569
2025-12-12 17:20:38.730833,Left,-59.30504946700239,-45.751947194177774,-51.73369903396815,-43.04692338244058,-197.44667898654006,-213.43351480265846,-158.2321455401834,-397.2139335926622
2025-12-12 17:20:38.734861,Left,-49.44673368707299,-33.887143965795985,-39.176515409038984,-44.3374401760957,-192.9964908544207,-212.6972297289176,-167.50028836849378,-384.2705600740155
2025-12-12 17:20:38.739052,Left,-31.916872852598317,-21.182404610925005,-30.386956617818214,-42.85747622838244,-179.82038713258225,-210.37847322179005,-183.49257480632514,-379.10500426695216
2025-12-12 17:20:38.742853,Left,-35.69973158289213,-28.45109794959717,-38.36691774240171,-37.82691308003268,-168.5905053068418,-195.13470137346303,-163.61844684387324,-363.20310374512337
2025-12-12 17:20:38.746873,Left,-51.71029520663433,-40.649824644613545,-46.40198379881622,-36.821791950118495,-171.52788120822515,-185.55153106275247,-137.07808179367566,-348.1143248443259
2025-12-12 17:20:38.751899,Left,-49.30565645061142,-34.63111592124915,-38.92263458966045,-41.23819850987638,-178.50297684583347,-194.31930999702308,-149.48968038376188,-352.075653622509
2025-12-12 17:20:38.755988,Left,-31.728594673113548,-20.920586710140924,-28.877139128686395,-41.82825997087639,-169.6993467483553,-197.46998540573986,-171.76013194338884,-353.4666258544894
2025-12-12 17:20:38.758841,Left,-28.981222965870984,-23.107892484782496,-32.47023800162424,-34.87871585127141,-149.45112622447778,-175.54650479444535,-151.36654369084863,-324.891560515156
2025-12-12 17:20:38.762883,Left,-42.53160478154314,-34.31127874147205,-39.596431823738385,-29.954397039982723,-141.83791956619825,-154.13182950712508,-113.94553510681726,-292.00170069700107
2025-12-12 17:20:38.766901,Left,-43.99997026041092,-31.177558801093255,-34.08962478599278,-33.40923331062368,-150.89415279356763,-161.88179059955291,-120.17114658711944,-296.05604717694223
2025-12-12 17:20:38.770932,Left,-28.439392807835247,-17.78119009891816,-24.190435984754004,-36.71235638750659,-152.95960760768503,-176.81535829335917,-152.22983798128553,-316.3041188152274
2025-12-12 17:20:38.774936,Left,-22.52043086233607,-17.253469049624982,-26.198435292651993,-31.481974652488134,-136.1737915177364,-162.13238697155612,-142.97063930728473,-298.98995916510466
2025-12-12 17:20:38.779955,Left,-33.978051590922405,-28.031072334066266,-33.35748046562367,-24.563819033050095,-119.92509413510561,-131.982525668398,-99.07528294424992,-252.3443301153602
2025-12-12 17:20:38.783997,Left,-37.99318462300289,-27.42520787860849,-29.195822354507982,-25.873887718247715,-121.47305813833373,-128.10946754732868,-90.92404277867172,-236.916193283163
2025-12-12 17:20:38.787027,Left,-24.973685643431963,-15.129833953862544,-19.564275594355422,-31.032348753942642,-128.23948709329125,-146.78139283147175,-124.93990977201611,-261.3151268035872
2025-12-12 17:20:38.791037,Left,-18.61374282129691,-13.945188298719586,-21.897288509528153,-29.820962113604764,-121.67834139912156,-146.22306490776828,-132.15422202518675,-266.7012717551552
2025-12-12 17:20:38.794956,Left,-30.405596210519434,-26.2353588997139,-31.611529630914447,-24.331043586600572,-107.97202382009709,-120.41378073062515,-93.83267422404606,-228.9116807176033
2025-12-12 17:20:38.799022,Left,-37.13354382479156,-28.614846319651406,-29.685157141371747,-23.97172536868311,-103.43116433511022,-106.98054926522309,-73.56209092843346,-197.85858689050656
2025-12-12 17:20:38.803005,Left,-24.28995767372544,-15.514015477841895,-18.080010205347207,-27.69707835461304,-105.30772969743703,-118.30789900769014,-99.22411495039705,-207.39294736809097
2025-12-12 17:20:38.807053,Left,-13.746187505908892,-9.920030601642793,-16.49971646713675,-26.511609235109063,-100.17401358368807,-122.05713308177656,-113.81766477704514,-218.96566623006947
2025-12-12 17:20:38.812033,Left,-23.147285846673185,-20.689271218405338,-25.89140305086039,-20.719858947457396,-89.82541268551722,-102.54226968431612,-82.99957586277742,-195.14302174723707
2025-12-12 17:20:38.815018,Left,-32.8335519516113,-26.114863300710567,-26.742585490021156,-19.353239456846495,-85.75175100308843,-87.54454739979701,-57.46925571188331,-164.53203482355457
2025-12-12 17:20:38.819071,Left,-22.559930295377853,-14.627662304941623,-15.599251291656401,-23.211480284517165,-85.89658057951601,-94.27531867253128,-76.51215522649,-164.1562209497206
2025-12-12 17:20:38.823088,Left,-9.487564601222402,-6.460409359788173,-11.563554301785189,-23.38385062251473,-79.39615863835206,-98.14959671354154,-95.14421199500794,-172.11946100683417
2025-12-12 17:20:38.827074,Left,-16.053097381663974,-15.555645642023592,-20.404055490362225,-17.786030926770763,-68.81843768665567,-81.01784204185242,-69.84867083415156,-153.1837110753404
2025-12-12 17:20:38.831090,Left,-27.59815107686154,-23.044512522843434,-23.377325636538444,-14.728637846914353,-65.56118411727948,-65.51009091717424,-40.29041448485805,-125.8140465504257
2025-12-12 17:20:38.835089,Left,-19.32600686972728,-12.237401972917723,-11.934132337541087,-17.040949095535325,-66.76820311433403,-70.79075155826285,-53.72267131181434,-124.16017741244286
2025-12-12 17:20:38.840167,Left,-2.673883620343986,0.059601327375276014,-3.711564954399364,-16.708391612322885,-59.228426235029474,-74.95271951291943,-75.17558342189295,-130.73089253308717
2025-12-12 17:20:38.843136,Left,-4.391887667836272,-5.4437406164142885,-9.929113356723974,-10.186190483771497,-44.72913656203309,-56.56074065773282,-53.22933461586945,-109.90938344865572
2025-12-12 17:20:38.847147,Left,-16.996850544470362,-14.849292723090912,-14.864124820771394,-5.5394712631823495,-38.604359909077175,-36.89613369083963,-17.99294163880404,-78.36256092879921
2025-12-12 17:20:38.851194,Left,-13.028321214267635,-7.307183256089047,-5.56440630878933,-7.723617388721323,-42.117555022705346,-41.440168042783625,-25.958303928025998,-76.05351883603726
2025-12-12 17:20:38.855195,Left,3.4243765992869157,5.796643495261378,3.7349737276672386,-9.480532870453317,-39.60840284603182,-51.63981278886786,-53.893143729364965,-90.1179646748351
2025-12-12 17:20:38.859185,Left,4.23036906006746,1.9563006259413669,-1.9191336332078208,-5.041581941091863,-26.842670343467034,-38.46524125098949,-41.396964578161715,-76.4846135461703
2025-12-12 17:20:38.863229,Left,-10.202627836457395,-10.404153379618947,-10.295096987661964,-0.9984330542210955,-18.75942171405768,-16.476697128033265,-3.7713674994010944,-41.8376922509633
2025-12-12 17:20:38.866194,Left,-11.61571147916402,-7.543487048911629,-4.760501525044674,-3.857956776388164,-22.145620862342184,-17.279042550653685,-3.895465027075261,-32.6936381458072
2025-12-12 17:20:38.870181,Left,3.4341344570639194,5.465389522418263,4.8661899289581925,-7.588718999111734,-23.477678704919526,-31.036634900025092,-34.96059238995076,-49.926715551817324
2025-12-12 17:20:38.874189,Left,7.469413062717649,4.548488211643416,1.0420710805410636,-4.619551674593822,-13.941352213645587,-24.66745420737425,-33.049230685282964,-46.92750646400964
2025-12-12 17:20:38.879237,Left,-6.268733999124379,-8.193792422345723,-8.467052055821114,0.14151987861987436,-5.018171159550548,-2.798346689553,3.939384516357677,-15.01111905684229
2025-12-12 17:20:38.883232,Left,-11.360510200123827,-8.660363908442378,-5.295345359176281,-1.6224832525040256,-6.459608067962108,1.5724896219326183,12.930718672141666,1.8079472723184153
2025-12-12 17:20:38.887280,Left,1.9340492003175314,3.7511215828053537,4.736466527945595,-6.412503537547309,-8.545001140417298,-11.638835747929988,-16.642821424786234,-11.494813376746606
2025-12-12 17:20:38.891238,Left,8.349899570101115,4.961019539870904,2.360254376369994,-5.629841958761972,-1.2579229378316086,-10.565509155130712,-24.034816642437363,-15.031529656087514
2025-12-12 17:20:38.895329,Left,-4.605169110807765,-8.20169667195296,-8.627381739468547,-1.2332020949397702,6.839893914700951,8.741881887079217,9.004766527796164,10.432652428280562
2025-12-12 17:20:38.898248,Left,-12.379535102954833,-11.186796349807992,-7.565114612472826,-1.1431628141217516,5.94260249088984,16.321139338688226,25.42471103358548,29.45904999889899
2025-12-12 17:20:38.902289,Left,1.3528505105132353,2.9261671252315864,5.098009952846041,-3.7625947940032347,4.954821498773526,6.115200906002428,1.1351265114499256,21.20088408893207
2025-12-12 17:20:38.907293,Left,13.790177336384659,10.073470853596518,8.31405112012726,-1.3784137912807637,14.768087304168148,7.270002405595733,-10.088516130199423,18.764578199887183
2025-12-12 17:20:38.911247,Left,4.305477795911429,-1.0503467579328571,-1.4749141477950616,4.093274265200307,25.802946679934394,27.418217692320468,20.836020022485172,44.140790984383784
2025-12-12 17:20:38.915258,Left,-8.109371517137333,-8.878270815635915,-4.797691862673673,3.616335593331314,23.900502087461064,36.24345121442457,42.01829793109209,63.702808601025026
2025-12-12 17:20:38.919303,Left,-0.16502639674581587,0.8882249480229802,4.555552642676048,-1.895625725024729,17.101072783698328,22.473220343177672,17.82818940532161,51.43528846750269
2025-12-12 17:20:38.922394,Left,13.3996452023639,9.696415332713514,9.079261862876592,-2.0891546106504393,22.898664773034398,17.412935828528134,-2.353693561104592,41.38604775216663
2025-12-12 17:20:38.926287,Left,8.334226054459577,1.7720280480134534,1.2529982573832967,4.477267158603354,37.16101433665608,38.18055051990086,25.209463084116578,66.70775316748768
2025-12-12 17:20:38.930379,Left,-3.798408244008897,-6.359115261500847,-2.3778323191436357,7.6535183918022085,41.14943885456887,54.898632430966245,56.30015488751815,96.08766335307155
2025-12-12 17:20:38.935355,Left,1.9486068158003036,2.461460660062585,7.0745314008163405,3.8382573753769975,34.532245194131974,44.322520237619756,39.514212220034096,88.56029367848532
2025-12-12 17:20:38.939411,Left,16.381288809549005,13.04374052521598,13.342819800338475,1.7874773242001538,35.00854185188655,32.25667000588146,11.323104699724354,68.88209778274177
2025-12-12 17:20:38.943392,Left,13.302008818711329,6.108647952121828,5.3241300956542545,6.109039050919819,46.33106394618517,46.544705106294714,28.704778754821746,83.89276165765477
2025-12-12 17:20:38.947427,Left,-0.7933670271886513,-5.025800142837397,-1.489705062824214,9.306744721307041,52.93781829837826,66.75177176774014,64.01554094305902,117.77504022055655
2025-12-12 17:20:38.950413,Left,1.7494547746391618,1.3292263293988071,6.70342145300674,6.557958716512076,49.17567076663545,62.49464530852856,57.086002848431235,121.07040034714737
2025-12-12 17:20:38.954393,Left,18.293197839189816,15.0885012104809,16.59919559070113,5.206258101414278,48.860108739783755,49.17258076278085,27.231111871660687,100.524791644566
2025-12-12 17:20:38.958438,Left,21.026613008350978,13.440179647186596,12.817874955424486,11.106066574870056,59.15360563038848,58.79222382772423,36.748091690969886,105.7020923627424
2025-12-12 17:20:38.962443,Left,8.894625865199487,3.245871451406856,6.3957753413887986,17.2663754479654,68.00469995032472,80.97152920169174,74.64451773246401,138.4640736716392
2025-12-12 17:20:38.967479,Left,8.759610854605853,7.30599677808641,13.275310694178188,16.101697407826578,67.01043138396926,82.88891145781963,77.40627555661194,151.34544433403062
2025-12-12 17:20:38.971486,Left,23.869971956264635,20.571187846824614,23.355642958886165,12.653945274607395,65.66483354626689,69.34070362996135,46.87863440714136,134.54467127122916
2025-12-12 17:20:38.975510,Left,27.009601898556866,18.983159982944926,18.728930849010794,14.512603969906195,71.51164464389149,71.50452075377689,45.04170356526447,130.28353116768994
2025-12-12 17:20:38.978472,Left,11.76814060073957,4.815823476614241,7.456479997428687,17.760939623378363,75.77687859127764,88.0909089538327,77.44797570876835,152.62249073726707
2025-12-12 17:20:38.982583,Left,5.663043940083298,3.398228573378219,9.49043985181197,15.259415340900887,71.92588316902402,89.90161776691093,84.50669045400718,164.60370879652328
2025-12-12 17:20:38.986514,Left,19.678696724084148,16.66229352393202,20.383444929748293,11.099506368969742,70.15095672543248,76.94937302432663,55.237886007569614,151.394097891025
2025-12-12 17:20:38.990563,Left,28.017948139093278,19.90940733046409,20.060480583741082,13.446862066146423,78.36045229712909,78.62416226316418,48.31962230497447,147.90975340054138
2025-12-12 17:20:38.995488,Left,16.064645805798136,7.865114472242567,10.179252055273537,19.08290009396842,85.73384673909459,96.95981825351919,81.0656460701066,170.1050157722202
2025-12-12 17:20:38.999553,Left,7.407958347497697,4.238281559430106,10.606684069263792,18.97951014164937,81.99853942672053,101.68527406325302,95.91235443998448,183.24519849719945
2025-12-12 17:20:39.003545,Left,19.65537647819474,17.143713908015343,21.970292467220133,14.814342224141,77.40372922510142,87.56457175658579,68.23244987940416,168.68227999155351
2025-12-12 17:20:39.006576,Left,31.399132309912602,23.713688802839897,24.325930349321425,15.630203126907873,84.59334869227314,85.38978204330488,53.19396453104855,161.3550960172288
2025-12-12 17:20:39.010535,Left,21.870816669257692,12.59864364776331,14.269917185438317,20.835602780562112,94.56961179297286,104.17540844733594,82.73686616776831,184.11837769336125
2025-12-12 17:20:39.014609,Left,9.426932454009147,5.0040067669197015,11.118533650626887,21.243775328470292,92.06748484028503,112.78854702237368,104.94045494520469,202.01995413292025
2025-12-12 17:20:39.018612,Left,17.40428711149343,15.187406039983216,20.87379759104624,16.3020228924197,83.55868957680286,97.38312385728568,80.31581125940647,186.00540649890172
2025-12-12 17:20:39.023565,Left,31.08283374547773,24.22729787235403,25.407329786663468,15.417163660993538,86.36222530523992,88.40465839054013,56.2004806424502,169.2323783307038
2025-12-12 17:20:39.027638,Left,25.5125746244139,15.625128479954583,16.650052263853468,20.646886099396397,97.67968457658571,105.260965049285,79.52453802404489,188.07336519571618
2025-12-12 17:20:39.030665,Left,11.907602646337637,5.982242892369868,11.592268460669402,22.849918939693453,99.70524591227195,120.1168532161405,109.44020266973439,214.2493419094444
2025-12-12 17:20:39.034687,Left,16.367759122873622,13.785813609214529,20.340084893424773,18.646969236205223,91.65846378241417,108.65708058402402,92.92269973339123,205.17340828247507
2025-12-12 17:20:39.038644,Left,31.172056318464797,24.979096714110028,27.260730774197782,16.71283135479962,90.61820090771926,94.72483909817129,63.1579071061451,181.94718638689665
2025-12-12 17:20:39.042654,Left,29.5143187101811,19.446456913147472,20.31737550916276,21.538720141875046,100.2621817529016,106.26358112141315,77.5133234190198,191.0434800866351
2025-12-12 17:20:39.046639,Left,15.487540478287656,8.386151725798953,13.33886549987244,24.78288908136683,104.73682852491947,123.89806829890222,110.68141668033604,219.3224073459278
2025-12-12 17:20:39.050694,Left,15.651198589167507,12.661801248633424,19.550041097098756,20.438842307537357,97.82508160265934,116.96068910868416,102.10022464222129,218.53629297804582
2025-12-12 17:20:39.054688,Left,28.794271217853748,23.37136250424055,26.493041890797485,15.885765016526193,93.41011278551014,99.80109928530146,68.7940301400522,193.62354397751187
2025-12-12 17:20:39.059752,Left,28.854231044800144,19.120146195951293,19.900421605531392,18.54667254141077,99.41714283537658,104.59669766179286,73.1983867932031,192.37923068909004
2025-12-12 17:20:39.062742,Left,15.10487542995088,7.263238043791716,11.526518905994635,22.905056900855925,104.4673367694777,122.32677264825179,106.94645228933223,217.56521813081054
2025-12-12 17:20:39.066765,Left,14.173131240951989,10.705292096900394,17.74620417247479,21.40537231876533,100.60375037563063,121.17415350134979,107.77645272855443,224.25324231389095
2025-12-12 17:20:39.070750,Left,29.50936020626159,24.47960303030777,28.45325723332826,18.325478307058802,97.92792881979403,106.16158339258982,76.52046955873811,204.32643809560977
2025-12-12 17:20:39.074926,Left,33.78678368912915,24.07403545200941,25.020164526390545,20.901888960959695,104.06967409236677,108.23846980922826,74.43101078982727,199.42520888670697
2025-12-12 17:20:39.078727,Left,19.586103578894836,10.855166391847888,14.60161891822645,25.12619577446003,108.7440875650791,124.9632017224576,107.03762332595943,220.84624016047746
2025-12-12 17:20:39.083800,Left,13.773338934372077,9.88352822824163,17.019193825681214,23.437346850765607,103.5245272477041,125.38635072935722,113.72018387194112,228.89370007980324
2025-12-12 17:20:39.086789,Left,27.9756918680323,23.67857552616988,28.365994989504543,19.610909896477096,99.00760300886031,109.43992794799124,82.46252260966867,209.42984793569485
2025-12-12 17:20:39.089863,Left,37.00702329557862,27.72502776064084,28.664739379586536,22.13147183424917,105.54852336313343,108.86031641435693,73.38197789822152,201.47404769611603
2025-12-12 17:20:39.094768,Left,25.56944902716714,16.02748635732678,18.99567151818519,28.10868536804628,113.18759395968664,127.19585816924518,105.98377899501793,223.13830505360966
2025-12-12 17:20:39.098864,Left,16.465966583775298,11.936808490656404,19.009214789559337,28.151704960338975,109.35140615486307,132.05754026659997,121.53330083518085,236.02212964120554
2025-12-12 17:20:39.102846,Left,27.875791907221355,24.296112728969092,29.874509961999138,23.506677974841296,102.13836156885372,115.24088519043289,92.0555118544944,216.53099607740296
2025-12-12 17:20:39.106930,Left,39.328611431090394,30.822085679981683,32.00593758463583,23.597833655469003,105.50268740703177,108.43895380604954,72.809659381659,200.90850262960885
2025-12-12 17:20:39.111833,Left,29.715309119899757,19.59088659176996,21.608504067196918,28.449644486510806,113.31864782283083,124.40679995645769,99.66931644195574,218.3436022787937
2025-12-12 17:20:39.114885,Left,16.402921169828915,11.0609632348569,17.571543563333762,28.565336877309164,110.45962356240489,132.86411973832583,122.15385016988148,235.96743008706835
2025-12-12 17:20:39.117833,Left,22.723635336529696,19.746942941223097,26.03729649494744,22.520471463732974,100.63660450243333,116.48405880251084,97.13290139863966,219.1377434253809
2025-12-12 17:20:39.121940,Left,34.795901350549684,27.446431353588196,29.203058043096462,19.771256997961245,99.65858135733288,103.26521868466807,69.12332161983068,195.9715957820008
2025-12-12 17:20:39.126918,Left,28.19079017000695,17.954653227659946,19.26984177172926,23.591397153119033,106.7769775253546,115.10384938621428,87.80729308501759,206.01689223819994
2025-12-12 17:20:39.130869,Left,14.194605676595529,7.964127074417775,13.68161586223141,25.679540986882785,106.99809023046691,127.9714838420914,116.35232550829824,227.8146651580173
2025-12-12 17:20:39.134972,Left,18.831851202477992,16.01089865686299,22.726528648792737,21.981585467965488,99.31066963498597,117.18645094709063,100.84187527716858,219.3916654101631
2025-12-12 17:20:39.138988,Left,33.913749655810534,27.560628974753854,30.041920791958546,20.01616488201762,98.05083496827865,102.98705177182273,70.65495940954133,195.89518519493868
2025-12-12 17:20:39.143008,Left,32.023303315105295,21.860814593648684,22.823886648155167,24.339294403871463,105.48576569507713,111.87946491104958,82.6231429236941,200.20868552164757
2025-12-12 17:20:39.146012,Left,17.575528417593887,10.504273942440705,15.47182473252542,27.66438977160942,107.3660089961777,126.74156854381727,114.20473216199025,222.43818724932498
2025-12-12 17:20:39.149956,Left,18.37946196692792,15.565323533521223,22.48584041526192,24.410956577281468,99.74787036742782,119.13587641413324,105.91880503446737,218.9923495615658
2025-12-12 17:20:39.154992,Left,33.42922803628608,28.160634348298117,31.245607515713345,21.18216912641219,96.47090029115498,102.78473902674159,73.0695133995614,194.6465706093586
2025-12-12 17:20:39.159019,Left,34.52145593741443,24.812104839422318,25.38246350130794,24.14808586673462,102.82978195729083,107.42391064969706,76.69852079423435,193.00125693026348
2025-12-12 17:20:39.163005,Left,18.805248663047678,11.119676984135367,15.129654917425796,27.090283269135398,105.04908171224815,122.3529292158928,108.46057113818824,213.76015299843857
2025-12-12 17:20:39.167035,Left,14.226185389423335,11.38343360438921,18.268738410803053,23.10282165935132,96.10153583870851,116.43747583932418,106.18385444980231,213.20757105282973
2025-12-12 17:20:39.171025,Left,27.658986357757385,23.570850184260053,27.314671842206735,18.042834117179154,89.58955886946933,97.22216942711384,71.07497904291085,187.14094577607466
2025-12-12 17:20:39.174029,Left,32.547825719881075,23.611598473937192,24.021980921745126,20.09089151794251,95.0243764592451,97.66784002166241,66.25452005199622,179.80765535551473
2025-12-12 17:20:39.178069,Left,18.882920538420876,10.720032928718865,13.799285540357232,24.710864324231807,100.23388538668223,114.73530485242372,98.91695471250569,201.2609908930899
2025-12-12 17:20:39.183074,Left,11.706511918036995,8.679577025523031,15.39813327623051,22.976328218279377,93.6904606592143,114.637051646685,106.60419177993026,207.82038657710655
2025-12-12 17:20:39.187056,Left,23.755004137081414,20.84378483790715,25.314544579479843,17.731265563528723,85.42064902625862,95.30483388162975,73.35018202880747,182.8911720883916
2025-12-12 17:20:39.191082,Left,31.387742120947223,23.54846532510055,24.003219605816412,17.818663758192997,88.04574794138898,89.89348984484968,58.9418607676198,167.80973716100561
2025-12-12 17:20:39.195124,Left,18.798013660893048,10.322746417237795,12.381380587983585,21.467357773883123,93.39933255533106,104.95582875249966,87.12662277475465,185.0600630287081
2025-12-12 17:20:39.198126,Left,7.549391981679946,4.016485820553498,10.182743371911783,19.83138276322643,87.96908528315544,108.51698826628854,101.74306075632921,196.6820970978879
2025-12-12 17:20:39.202195,Left,16.44386813312667,14.336537107839831,19.37126387616081,13.967496052871866,78.24270497930411,90.09280125418445,72.26048113587603,175.22010705876164
2025-12-12 17:20:39.206190,Left,27.015935276893288,20.353650485274557,21.107367097083625,13.400287388041761,78.91318982116354,80.54733423652942,51.07879937837424,155.00546461262275
2025-12-12 17:20:39.210132,Left,18.858330714745534,10.371576198329421,11.624472413295734,18.771982065249176,86.1006743744365,94.8393297427101,75.65416931381333,168.4723409016151
2025-12-12 17:20:39.215173,Left,8.06201873210739,4.0215806941305345,9.45977204551673,20.768977242052642,85.13500194881635,104.49981047198526,98.67152102563705,186.28431690038997
2025-12-12 17:20:39.219203,Left,16.386419337937696,14.856000574069185,20.179828884458402,17.060251448816416,77.54316504036251,90.66867308667861,76.56198127874814,172.18329691747203
2025-12-12 17:20:39.222260,Left,29.16502398013472,23.717920919443714,24.797391435844474,15.667604229900462,76.79786521002825,78.28124483645661,50.39829758826818,149.55973791293218
2025-12-12 17:20:39.226186,Left,21.863729113665613,13.700451175980561,14.392485524465883,19.073001505490538,81.93114321577013,88.18573387953802,67.88378636181005,156.12935846188338
2025-12-12 17:20:39.230239,Left,6.338048509864166,1.9582359770865878,6.8288089761954325,19.382848362471123,79.40546591748716,97.77038505856763,93.13181568561413,172.86504139302997
2025-12-12 17:20:39.234214,Left,9.725675467849214,8.56859364529737,14.194054200313985,13.811226860016177,69.63858557718049,84.21726556817885,74.28298461347003,160.79104315739824
2025-12-12 17:20:39.239254,Left,24.42549613094525,19.879563599486573,21.20108950894064,11.107365839972772,67.47700822248589,68.78819249640219,42.549135028690216,135.87141878300463
2025-12-12 17:20:39.242244,Left,22.402254888485913,14.38296657204046,14.286297012771684,15.962308952370222,74.73201105170301,77.83884506655158,55.39005032306886,139.9405444135482
2025-12-12 17:20:39.246216,Left,7.533983773544605,2.8417889445699984,6.85418302342805,20.040449655109114,76.26222205128579,92.90201352530858,88.43347596173408,161.42126113909762
2025-12-12 17:20:39.250288,Left,8.292420080029842,7.840193222804373,13.701106167791295,16.763727048000874,67.70774739138142,84.1110300567816,79.21077422703092,155.60290726690437
2025-12-12 17:20:39.255279,Left,24.10755648672057,21.005873289268493,22.730908990408352,12.865807330515963,63.34768370438542,65.53737843167619,43.020943399867974,128.0237173513451
2025-12-12 17:20:39.259299,Left,25.701899193685676,18.063691951378132,17.133538815149223,15.512172894737887,69.19540265326214,69.06197159425938,44.91137344314484,124.73563998876489
2025-12-12 17:20:39.263287,Left,9.283837134891655,3.904161563696107,6.682409671924688,19.012244088447915,71.49607006089354,84.99685402866453,78.98559393029427,146.4258356227656
2025-12-12 17:20:39.266286,Left,3.738615402548021,3.5755784184802906,9.556917532241641,15.62094472856188,62.29774397322035,80.00735941386665,79.312234439436,146.50849533776636
2025-12-12 17:20:39.270262,Left,17.33108163437646,15.944932404221618,18.60048997910053,10.031488363692915,54.51834084010625,59.0495494097122,42.039075788939954,117.49324927429552
2025-12-12 17:20:39.274316,Left,22.86835479324509,16.23945128138803,14.971948101014277,10.606255120859714,58.24172858092061,56.148439659620635,31.939273716096068,105.1838548288797
2025-12-12 17:20:39.278341,Left,8.360103256138245,2.299049608358473,3.467552728507144,13.984645154614554,62.18793359553092,71.50299407691637,62.44810521011823,124.28734899879782
2025-12-12 17:20:39.282394,Left,-1.081487250427017,-1.6126932230654347,3.6120180049474584,11.870132419928268,54.90072471454914,71.96387066124589,72.51968645359739,132.0802685324452
2025-12-12 17:20:39.287351,Left,10.142267790535698,10.19708756928594,13.556126561772544,7.017299562725384,46.312753823949606,53.20049846121401,41.21445772777952,108.15044503670651
2025-12-12 17:20:39.291342,Left,20.12544271513252,15.075428220297908,14.135057291350677,8.20239103788117,49.49117569025839,47.306644031225005,25.331128172198078,91.48088057534187
2025-12-12 17:20:39.294352,Left,10.949577327595762,4.690154153093317,4.822072783339536,13.587134186378535,56.41741506672406,62.46024162422691,52.026300596873625,107.15977514031692
2025-12-12 17:20:39.298431,Left,1.1604000276238366,-0.23633110473747365,4.030830526888167,13.759251543644496,52.68190236274677,67.84471253199445,68.7889281265816,120.23176268383395
2025-12-12 17:20:39.302394,Left,9.483017569615185,10.071098683594755,13.722940270170511,8.85693779158828,43.611721382068936,51.324120312492596,42.81391475543205,101.53342234896263
2025-12-12 17:20:39.306395,Left,19.384005901694763,15.807348995080247,15.385406890109152,7.960702838772704,43.651706786986324,41.50511499209097,21.849020616864436,81.34390876506222
2025-12-12 17:20:39.310381,Left,11.137802638335415,5.471056147725903,5.179717131748475,12.18247736176636,49.54557566875883,53.5769244566618,43.18722192579298,91.52074352744967
2025-12-12 17:20:39.314447,Left,0.03663271662298939,-1.5931121523208276,1.9428992770626792,13.115742686994054,47.31545692835061,61.212421714139055,63.403423101932276,106.0784598304599
2025-12-12 17:20:39.318462,Left,7.817708473023231,8.750498011944728,12.286333145806566,9.156127164784266,39.09310458206164,47.00424945738632,41.31289289156848,91.47223588614725
2025-12-12 17:20:39.321442,Left,20.886409665759857,18.21999431592849,17.824842613867077,8.58462932749535,38.922068901811144,35.76147774443962,16.975056088573183,70.57848473652848
2025-12-12 17:20:39.326484,Left,14.89638228599506,9.574297535864389,8.853942929719778,13.410917709989008,45.582203410653165,47.27667121289414,36.15288527662051,78.88329758195323
2025-12-12 17:20:39.330474,Left,0.4461569449813396,-1.2825112699611054,1.9976057288404263,14.619453718529257,44.052040922571905,57.537591527594486,61.76941595073731,95.6442214330309
2025-12-12 17:20:39.334445,Left,3.669185233029566,5.091809237244888,8.998507498432446,8.580906027244055,33.49234745181457,42.86656768163084,41.54695255619299,81.67478653707076
2025-12-12 17:20:39.338581,Left,17.235087991877663,15.371726516379567,15.001323178039456,4.409270542222657,29.389133843709715,25.339676901043276,7.581901940051466,54.389802930207225
2025-12-12 17:20:39.342544,Left,13.878758937760722,8.583942867420774,6.888786955361866,7.982628820711398,35.33025291860395,33.20768574374961,19.340632580933743,57.59752270311583
2025-12-12 17:20:39.346496,Left,-2.009191252869641,-4.029245989288029,-1.5148600688698934,11.599630229669856,36.749796529024024,48.547980364834075,53.06975514370424,79.85325828019995
2025-12-12 17:20:39.349584,Left,-1.6061911286560644,0.6216270454933692,5.048918448945187,8.244089343032101,28.199954668292776,39.936986126951524,44.25752456331975,74.28233837668085
2025-12-12 17:20:39.353535,Left,14.50918678126618,14.11341952939074,14.352636544448615,4.026397659064969,23.13683823205065,20.256623325039982,6.512161772581749,45.00807010373683
2025-12-12 17:20:39.358541,Left,16.259526711470244,11.202157262017863,8.668513991655345,6.089748275109741,28.123923038932844,22.432503911681124,6.394020475097932,39.73705179896206
2025-12-12 17:20:39.362542,Left,-0.7385886853589909,-3.732254716383977,-2.529371454693319,9.22896756132468,30.318379258475034,38.44877057906706,40.53974341257708,61.679432419652585
2025-12-12 17:20:39.366526,Left,-6.581813909699122,-4.392091170568165,0.2327850485635281,6.274591146422608,21.978400622596382,34.946901787421666,42.83458046762098,64.0999892152613
2025-12-12 17:20:39.370573,Left,8.405880681664712,9.465824646798865,10.928524774019024,2.0878104812436504,15.637164482541266,15.56247981870547,7.215917419074685,37.107527981104795
2025-12-12 17:20:39.374591,Left,16.361947320267063,12.157956043349259,9.649802361980619,4.433212014326273,20.85748961569334,13.67656649055425,-2.2492549220332876,25.36497303080978
2025-12-12 17:20:39.377588,Left,3.144564762056689,-0.6575428774194734,-0.8154629778782692,8.906129844261159,25.848976944733295,29.78806753536628,28.91484486500849,44.719499012076994
2025-12-12 17:20:39.381632,Left,-6.827227471527294,-5.216298513887523,-1.2744359649932449,6.56162971053709,18.739436546340585,30.622550432686694,39.56283653639548,53.19462788035162
2025-12-12 17:20:39.386640,Left,3.2381398652687494,5.448522649303413,7.580816504525501,0.40620572469197214,9.39119701225718,11.212106720427983,7.420429442412569,29.354768802411854
2025-12-12 17:20:39.390618,Left,12.26067120168591,9.43334604577467,7.212565384641493,0.16523659546146519,11.378638741109171,4.02327004027029,-10.185048742336221,11.668446329276776
2025-12-12 17:20:39.394651,Left,2.256929326978934,-1.6906233840236382,-2.8910159278548235,4.984866712296935,17.597372034346336,18.702474827354308,16.260342432549805,26.678817586012883
2025-12-12 17:20:39.398679,Left,-7.6289463785706175,-6.637567980731546,-3.6924724480777513,5.725406043480689,14.277676596189849,24.947244547875016,34.43572054800461,40.55462611792609
2025-12-12 17:20:39.401722,Left,2.306046675945254,5.1845249340349255,7.422387811957378,1.9865757202387613,6.620864101336338,9.589054529555142,9.12440145664732,23.254112914408324
2025-12-12 17:20:39.405820,Left,14.62942014267719,13.056452002609149,11.037222884860967,2.2078969051581225,8.374920867892797,0.6831297968165018,-12.237368257847265,4.2824980001023505
2025-12-12 17:20:39.409728,Left,7.05802959805078,3.281295380063966,1.475005804992179,7.165829799274434,15.415278352447785,14.010309557474102,10.34176750077313,16.18011265230598
2025-12-12 17:20:39.414768,Left,-5.826358295156751,-5.266823520441903,-2.8167751812816277,8.110285166649192,13.119452533079311,22.87344042994664,33.49326680451486,32.64684676399338
2025-12-12 17:20:39.418786,Left,0.23677188417968864,3.631724994858814,6.281891917753455,3.176701156220588,3.821529787797772,8.14071237447206,11.655980374242063,17.829138089640765
2025-12-12 17:20:39.422764,Left,13.870655779153822,13.356050460159167,11.624182264746196,1.2690465508712805,2.8167083384105354,-5.309102931190864,-16.739256137901975,-5.6952644208067795
2025-12-12 17:20:39.426775,Left,9.456560605136474,5.734392140298951,3.156157998395429,5.823310614179718,10.084973351564258,5.43677915315493,-0.3152844743526657,1.6192632150778081
2025-12-12 17:20:39.429793,Left,-4.898503574288043,-4.921015631054615,-3.2301577966100012,8.424646266757918,10.306446583839715,18.424662293153233,29.091326789850427,22.215364631294506
2025-12-12 17:20:39.433797,Left,-2.727862133668168,1.1599787049981387,4.263239299181805,4.14879718600605,1.112080654645979,7.341014048084617,15.224568426485348,13.526337400166085
2025-12-12 17:20:39.437819,Left,11.05377363448315,11.938960607947593,10.907642759684677,0.3125436523823737,-2.8838998297724174,-9.841595150610374,-18.149552153663535,-13.091883266533841
2025-12-12 17:20:39.441857,Left,9.424124339666378,6.1153000551157675,2.976395834262803,2.6723275717140496,2.5628773155840463,-4.6344161098095356,-12.021342382475268,-13.771555920524406
2025-12-12 17:20:39.446865,Left,-5.906427034437002,-6.732623624875487,-6.221018862628625,5.041065681898544,3.798169328336371,9.207539129078214,18.121991897802218,6.451333941833582
2025-12-12 17:20:39.450834,Left,-7.529369046971624,-3.772182672278177,-0.773552247972475,1.5607770187307324,-4.5984856033319375,2.430806013653637,12.81884768728196,4.332761776182451
2025-12-12 17:20:39.454896,Left,6.464171626676034,8.551307906939655,8.324021369819093,-1.9195515935807634,-9.35353513636801,-14.472742513069534,-19.276124533775146,-20.04777660300897
2025-12-12 17:20:39.457887,Left,9.166434568573095,6.700003977918641,3.6814262872630934,0.9017178356280056,-3.5431374228865025,-11.613930296574836,-18.877341274324863,-24.478567115133046
2025-12-12 17:20:39.461869,Left,-4.607852231303696,-5.937967484516776,-6.230579020964797,4.3302079597524425,0.0007423758579534478,3.2378832764879917,11.007604995873407,-5.131540299349581
2025-12-12 17:20:39.465904,Left,-9.112195762434567,-5.828691757179513,-3.3370729131966073,1.0339203763742262,-7.5903881065460155,-0.9363914062196272,10.753712841673405,-3.688587719530915
2025-12-12 17:20:39.470908,Left,3.187052311215666,6.015266561353201,5.90119533669349,-4.019064848607741,-14.662661342896172,-19.43518044002849,-22.209995181532577,-27.798976575635606
2025-12-12 17:20:39.474863,Left,7.377595799137453,5.9363861675401495,2.7835587199970178,-2.426271414807161,-10.608756363544671,-19.895897036818496,-27.28597070039541,-35.821125722446595
2025-12-12 17:20:39.478913,Left,-6.024401583688814,-7.130490376029229,-7.917737065583424,2.203857262433303,-5.3030048425571295,-3.1947528207383584,4.590008237784787,-15.691343241909635
2025-12-12 17:20:39.481940,Left,-12.024783323465272,-8.761745515073017,-6.37636423238564,0.9351282041361628,-10.387324132301728,-2.681342572635913,11.768843852089049,-9.074513871979434
2025-12-12 17:20:39.485993,Left,1.7959687642205608,5.00298737146295,4.965987808562204,-3.96389388739226,-17.598887252526765,-21.81710446991201,-22.666526346485625,-33.26693989553314
2025-12-12 17:20:39.490177,Left,10.385601383346511,9.08768776566285,5.291448049953033,-3.2616975221117173,-14.507509829549235,-26.636874885225552,-36.49327328703657,-46.78658588966937
2025-12-12 17:20:39.493957,Left,-2.970404750119087,-4.424733090974314,-6.058520037650851,2.019497234569826,-7.993866845863522,-8.646712414440117,-3.0012689522118308,-25.784992715183762
2025-12-12 17:20:39.497997,Left,-14.412029986728157,-10.831669638139829,-8.062738575064031,2.345939449574871,-11.415378617970418,-1.6977540682200924,16.8548360722707,-10.41458282343956
2025-12-12 17:20:39.503006,Left,-2.4211826034043042,2.0871171361104643,3.1654247812452923,-2.847130474107871,-19.583731087423075,-20.267640028432652,-15.26916507063288,-32.508302131936944
2025-12-12 17:20:39.506965,Left,11.707093165442984,10.944752729075844,6.848038538823857,-4.396935127256256,-18.67964360995029,-32.60002551588332,-43.688882090162224,-56.17555470354273
2025-12-12 17:20:39.509941,Left,1.4421803740588075,-1.1236700217718862,-4.546880583449365,-0.5460402933840669,-12.460775528761587,-18.629205682791508,-19.051488787077687,-42.07425961083936
2025-12-12 17:20:39.514018,Left,-16.515585075918807,-13.64816132723081,-11.531883801224012,0.10870315835381916,-15.191345271708997,-6.2735235466570884,12.162092711670994,-18.946817365627794
2025-12-12 17:20:39.517959,Left,-11.612451011135818,-5.683837226754804,-3.077597574954325,-4.959939119939918,-24.399505768222298,-19.88205344077869,-7.575707114068791,-31.498944864069927
2025-12-12 17:20:39.522054,Left,6.074256394146687,6.972072201765741,3.9623316003444415,-7.3681473772085155,-24.94879586323077,-36.23007620341741,-43.37412010578191,-59.82022007776686
2025-12-12 17:20:39.526038,Left,4.696987253534644,1.3663462885302806,-3.589353094746457,-3.501215797815803,-17.31446069724916,-28.001424409747415,-33.32171157890298,-56.621088010095264
2025-12-12 17:20:39.530051,Left,-12.570187658368468,-11.674554765954042,-11.763155317318365,-1.3249246057289383,-17.185762683060602,-13.225387858310569,0.055522171222037286,-32.40430198108879
2025-12-12 17:20:39.535069,Left,-15.49889605866042,-9.318547927888304,-6.528358031144535,-5.649817407465207,-26.618617183083188,-20.542485475463764,-5.161363339120726,-33.7462674850176
2025-12-12 17:20:39.538102,Left,-1.8775435915960088,1.5405755832034629,0.45645898392899653,-9.308636615468913,-30.128352347483087,-36.8428436222257,-37.26177153468234,-58.383977829653304
2025-12-12 17:20:39.542044,Left,1.4967986291226225,-0.5864995797975325,-5.033847274460555,-6.569862932272599,-23.127723831379626,-33.71765752048486,-37.85263839061554,-63.197674760231166
2025-12-12 17:20:39.546136,Left,-10.460685314578825,-11.106835767864595,-12.801795379319742,-3.654001809989097,-20.180166060732518,-20.52372030469087,-11.398047935585964,-44.96859395857064
2025-12-12 17:20:39.550102,Left,-14.423733365361613,-9.861853471740915,-8.335126223343195,-6.8170794921028985,-27.961188955860962,-24.622676099556884,-11.551782589504,-42.33346882463411
2025-12-12 17:20:39.554136,Left,-4.605204606237066,-0.44045418230598443,-0.8980557793306616,-10.556251580290791,-33.12300045698839,-38.70046313733292,-36.92993555049816,-60.663177055750566
2025-12-12 17:20:39.558158,Left,-2.1314541129036115,-2.4707524547109188,-5.722358927309415,-8.143482685655613,-27.294294370158696,-35.871263468049165,-36.82791661989722,-64.46393757971964
2025-12-12 17:20:39.563159,Left,-12.330913746076703,-12.708091717634034,-14.313695593830516,-4.493468560689962,-22.46886322864691,-22.459995825176293,-12.029001950313841,-48.27737255796001
2025-12-12 17:20:39.566149,Left,-14.224587662385602,-10.712150573448525,-10.040937341345398,-6.828413561134084,-28.31829990229801,-26.228227535767587,-13.78061783796906,-47.1489623430557
2025-12-12 17:20:39.569181,Left,-2.4850743435586082,1.0763129871052115,-0.13821719130510246,-10.718787850469425,-34.12339466495814,-41.924552646475604,-42.195935474547696,-66.6709129627161
2025-12-12 17:20:39.574107,Left,0.36261578152880247,0.3277322385815751,-3.0477508220437812,-8.311503404861014,-29.145893896863527,-39.55195137982673,-42.135807428514,-69.6052006199834
2025-12-12 17:20:39.578187,Left,-12.855994412409473,-12.773601253970355,-13.781032249252348,-3.586030025240234,-23.04621514608607,-22.093542432569848,-9.605012197083852,-48.12980276896087
2025-12-12 17:20:39.582189,Left,-17.896596334992864,-14.121594669729802,-12.495493798243842,-5.479245495843315,-27.86464950635309,-22.58011821805212,-5.169426282252971,-43.05414599222786
2025-12-12 17:20:39.586213,Left,-3.9306791263097693,-0.3980170568979702,-1.3935783809806708,-11.138863792362827,-35.37044238164253,-42.579663705229905,-41.51701223132386,-68.08260568285368
2025-12-12 17:20:39.590172,Left,3.9737471424405157,3.2849662837393225,-1.1962914238165467,-10.71370088322601,-32.353329397748894,-46.94526970187144,-54.66364131290811,-80.22997332667
2025-12-12 17:20:39.594214,Left,-10.048848251259187,-10.794159615697936,-12.848330488826832,-5.300287017669234,-25.235275517374248,-27.682254301200373,-19.441257201448025,-56.98308176321734
2025-12-12 17:20:39.597253,Left,-21.941481827469033,-17.83117269504146,-15.407278314013638,-5.002063257313239,-27.988738340534837,-19.801958882371764,1.4440004805383069,-39.9575702780312
2025-12-12 17:20:39.602198,Left,-10.492498665859785,-5.488723044455583,-4.660476990853567,-10.658034854850484,-36.14932396922268,-38.24852631233625,-30.518447902004482,-61.1242814898942
2025-12-12 17:20:39.606269,Left,3.282667644711182,3.129360803795862,-1.1261879148796652,-12.730900519542047,-35.49495054113322,-50.81998178038339,-59.21970905912167,-84.31052199618352
2025-12-12 17:20:39.610248,Left,-6.340061406924178,-8.484800711603384,-12.268913269124823,-8.905357686016941,-28.758527815294656,-36.85714679029479,-35.33315543491699,-70.14903070215223
2025-12-12 17:20:39.614329,Left,-22.83403221351,-19.99228624067746,-18.619115952203174,-7.7127805528862154,-30.124398861373265,-23.997153404478013,-4.88489094522447,-46.78477115583519
2025-12-12 17:20:39.618304,Left,-17.285474835146488,-11.36495877856214,-9.422400811688021,-11.982823078126785,-38.01661055499062,-36.17194386743722,-23.361098670260617,-57.2213122508183
2025-12-12 17:20:39.622340,Left,-0.588183668189231,1.0544651732698185,-1.8398937852844028,-13.311075883400918,-37.5407896270699,-49.697922176812426,-54.413524815076016,-80.69064866052213
2025-12-12 17:20:39.625356,Left,-2.3639181841081154,-4.382139061143789,-8.60128951364004,-7.85174897394063,-28.324951929698727,-38.22157813231024,-39.20486465858994,-72.5813266949408
2025-12-12 17:20:39.629278,Left,-16.43102721660489,-14.873194670018165,-14.788798739355116,-3.9271667518114555,-25.72760394839861,-22.142180821556394,-6.0724749756845995,-47.73881462213467
2025-12-12 17:20:39.634332,Left,-13.860528899464953,-8.372659862995533,-6.707248858472667,-7.072765824689668,-32.82823893336172,-30.413643861749733,-16.59146576288549,-52.111533387629606
2025-12-12 17:20:39.638358,Left,1.7153603097776795,4.162976036949658,1.7279212612593255,-10.158502525080621,-35.186090885727026,-46.29660951844926,-49.62894804156895,-76.22328123332409
2025-12-12 17:20:39.642358,Left,0.4573904625376599,-1.135859436993087,-5.326802925276752,-7.040061268873615,-28.148312839217397,-38.85470457571137,-40.98591733122157,-72.97506209582207
2025-12-12 17:20:39.646395,Left,-17.13888940367815,-15.930517538959066,-15.814707807325249,-4.277146942125,-25.669149171688332,-21.713869692528533,-5.347532386298553,-47.27942007918318
2025-12-12 17:20:39.650383,Left,-19.534811397747035,-14.049319491421556,-11.627014575815338,-8.77500897767004,-33.96258825327823,-28.648976203312486,-11.430246966516279,-49.00180962230661
2025-12-12 17:20:39.653442,Left,-2.22749092759841,0.4154486763309251,-1.778016992029734,-14.22803079735695,-39.228847961534484,-50.063606170730054,-53.379627204652934,-79.53464785266988
2025-12-12 17:20:39.657344,Left,2.6118846375211433,0.17453215211025963,-5.490159928053799,-11.923236594238006,-32.7518593060704,-48.44010131924006,-57.02634968156781,-85.24611860742152
2025-12-12 17:20:39.662415,Left,-15.676449459013384,-15.478792878533568,-16.682483368324938,-6.390039716606225,-26.88941459324269,-26.011130610258988,-13.471624811238144,-53.604266128866584
2025-12-12 17:20:39.666427,Left,-25.7354285789188,-19.073283499519675,-15.291792623023866,-7.2470506756944815,-32.17850347976491,-21.472664527715096,2.5385186002749833,-38.104768438359315
2025-12-12 17:20:39.670448,Left,-9.332332930696793,-4.169652914900325,-3.936335518613305,-12.318519093551004,-38.13745494794057,-41.797372754437674,-36.319830812357395,-65.32265429621475
2025-12-12 17:20:39.673425,Left,6.266943177175563,3.618688706793364,-2.6838866959642473,-12.521150640135602,-33.32852737275971,-51.65463922278286,-63.81521954018535,-89.20358386993757
2025-12-12 17:20:39.677476,Left,-4.578947737012641,-8.08350678833267,-12.869736111322709,-8.442941223276648,-26.880567073490965,-36.17799285921865,-36.488623314955476,-71.14412665993586
2025-12-12 17:20:39.681683,Left,-23.341047154135595,-18.78494140876319,-16.259522714721243,-8.078699082907406,-31.12878361570256,-23.272136485902593,-2.964069810583169,-42.61558975749358
2025-12-12 17:20:39.685601,Left,-20.801816427063386,-12.479952259299353,-8.46888480947382,-11.410066162985459,-38.00787322175893,-31.543259952384687,-13.892122893113992,-46.94951199321804
2025-12-12 17:20:39.689526,Left,-3.6684693364477425,-2.053654150843613,-4.246202181746412,-11.185952151938181,-33.72416925080688,-42.17732371632155,-42.63380579074874,-70.47544094791374
2025-12-12 17:20:39.694525,Left,2.5244059803226264,-2.1481652386783026,-8.407015461896663,-7.236616642165245,-24.581274002943246,-38.392677653580904,-44.583465518338926,-75.6211673535363
2025-12-12 17:20:39.698486,Left,-5.4343919566090335,-6.413734062844014,-9.357641382481233,-6.375373569131625,-25.68207374078702,-31.603017267014366,-28.342081616854557,-61.55703491658642
2025-12-12 17:20:39.701492,Left,-12.821022143994924,-6.589886914200179,-4.599478206910135,-8.745762328711862,-33.28350231731383,-31.49885396341415,-19.786067313834792,-50.14621965049446
2025-12-12 17:20:39.705516,Left,-14.115100431055907,-7.718002728989632,-5.316741670274496,-7.75746587118374,-31.96963579603471,-28.559693047762266,-14.899020565200772,-46.07217846871936
2025-12-12 17:20:39.709490,Left,-10.941028258397637,-10.265670630295972,-11.14064545429028,-3.975138824847818,-23.217633858017507,-22.88343351367803,-12.205173472702882,-47.76223132536688
2025-12-12 17:20:39.713542,Left,-1.2446893682044902,-3.9935175941473062,-8.227765436264235,-5.183404814879395,-22.536785680895264,-31.143324996002775,-31.56721193836711,-62.99546911370999
2025-12-12 17:20:39.717562,Left,7.47053993834561,6.450795777740495,1.4828489656974853,-10.791765026146095,-30.77780654408707,-47.32936192979105,-58.59366045294519,-79.8125747940503
2025-12-12 17:20:39.721627,Left,-3.3527661161915603,-0.2859567766208784,-1.4108108198834088,-10.828668464158909,-32.79753261515725,-40.0194453676304,-40.00412385669915,-63.9791575994459
2025-12-12 17:20:48.474701,Idle,380.57792452664853,285.01622404305095,348.756998492225,373.683886222544,1647.5124173273023,1850.702172630581,1500.6406979304393,3407.053909901365
2025-12-12 17:20:48.491907,Idle,2050.0558967240054,1535.647592119371,1878.1853651667052,2010.4245262770996,8864.859420799025,9956.513627538301,8070.505638197317,18330.735904836823
2025-12-12 17:20:48.494794,Idle,4697.589699185872,3519.5031822019937,4301.332731435731,4598.787240899292,20280.635546794147,22772.244371736557,18449.536695320545,41928.405817554776
2025-12-12 17:20:48.498763,Idle,5869.126491251423,4397.130394516071,5367.754857771162,5733.034864106512,25281.72499071525,28377.136669192914,22975.05682300902,52249.83224844056
2025-12-12 17:20:48.502798,Idle,3951.721168695245,2958.609705832051,3605.3107116723495,3852.118509255357,16972.271953869247,19040.711423428693,15403.774950147053,35054.733281343666
2025-12-12 17:20:48.505821,Idle,391.832940825836,290.6020328644954,350.0828902943067,385.37605849468673,1659.282856025413,1858.5327937357506,1502.0225225142494,3412.36624198762
2025-12-12 17:20:48.509785,Idle,-2282.9518887604863,-1708.6703703815801,-2084.401880107718,-2216.6237419426543,-9824.50623577382,-11019.481550882687,-8910.491185473336,-20291.51993376616
2025-12-12 17:20:48.513785,Idle,-2936.0667141091835,-2191.422066942454,-2674.830014433799,-2866.960778400404,-12676.59648267692,-14224.287311362976,-11515.23738404602,-26175.759631843423
2025-12-12 17:20:48.517733,Idle,-2090.4285231576796,-1557.8701757453819,-1907.9339848575619,-2058.269749756757,-9095.6347330336,-10217.978113649937,-8290.294627582363,-18796.89328720083
2025-12-12 17:20:48.521871,Idle,-917.7585866000009,-684.9642725157755,-842.2138101928285,-905.8174308625748,-4018.9609401598573,-4519.163755753834,-3670.682919806044,-8318.598138318863
2025-12-12 17:20:48.526826,Idle,-295.58629189459316,-221.0364284945972,-269.3107826789201,-280.3258971903706,-1267.5711160029168,-1418.6687016339274,-1141.113649439707,-2616.9360053805867
2025-12-12 17:20:48.530862,Idle,-428.09658933659375,-317.261295749704,-385.74512033701467,-413.25358078081626,-1842.0678174369386,-2062.7618518008385,-1664.8842482091277,-3792.9893999019405
2025-12-12 17:20:48.533832,Idle,-942.0171288540441,-701.5246786831704,-860.5529228811065,-931.6469079742383,-4113.692376250634,-4624.052449537208,-3756.7835932610906,-8502.588578412076
2025-12-12 17:20:48.537842,Idle,-1276.4088933664025,-955.7096594349423,-1171.6528564290056,-1255.4478078678076,-5546.587458914204,-6233.474401501706,-5058.348943669349,-11474.8553585154
2025-12-12 17:20:48.541858,Idle,-1148.4639673539787,-860.8507293864968,-1049.5595022914931,-1113.426695664748,-4932.2676737998845,-5531.795803409303,-4470.959484117688,-10189.572913137032
2025-12-12 17:20:48.545880,Idle,-761.3979652193666,-566.8602844726993,-689.0850928938453,-736.8011265759706,-3267.495255834423,-3660.829925484024,-2955.187406208599,-6736.933539064368
2025-12-12 17:20:48.549893,Idle,-541.40768192205,-400.47421744470194,-492.5756298846827,-539.93151068117,-2388.8610561379464,-2687.346125137876,-2186.408125407994,-4939.072976382682
2025-12-12 17:20:48.554898,Idle,-653.9842883275123,-489.08393115963554,-603.4864711906703,-650.4558906983293,-2880.9742341063684,-3244.144664378371,-2640.1463141248096,-5974.277931699064
2025-12-12 17:20:48.558962,Idle,-848.0154334747058,-637.2410333190055,-777.7184153026901,-820.8874197819678,-3642.1857882265467,-4085.8581607443048,-3301.389712946955,-7532.387869926402
2025-12-12 17:20:48.561917,Idle,-813.8448190569179,-608.3315182076622,-737.9802089470031,-783.6567460496444,-3467.438341440633,-3882.6797200932633,-3130.478564863908,-7148.5372980115935
2025-12-12 17:20:48.565930,Idle,-586.0951399928308,-435.08746384510596,-531.7918021459482,-580.0063524336438,-2547.433037663228,-2861.316534199752,-2323.2193240469787,-5256.258094749181
2025-12-12 17:20:48.569923,Idle,-460.79563453930314,-344.964634841308,-426.50228014719323,-464.6167468051426,-2035.8523100400344,-2295.6978307333775,-1875.102262908942,-4221.571950386511
2025-12-12 17:20:48.573963,Idle,-564.7276439023844,-426.75205576306325,-521.3889066960837,-548.347723441344,-2420.288254418061,-2717.107368752244,-2198.1073920690687,-5010.143056413159
2025-12-12 17:20:48.577906,Idle,-690.5425700175983,-518.2257628700609,-627.3401931179396,-661.1925074179017,-2921.0897189445095,-3268.938961531385,-2631.785143129877,-6022.16795815737
2025-12-12 17:20:48.581979,Idle,-611.9655052127782,-454.9651748286851,-554.0827175480954,-600.1949657870282,-2639.118189522531,-2960.774650191772,-2397.5868992019678,-5442.8576468117535
2025-12-12 17:20:48.587028,Idle,-404.98269207423436,-301.72064425791905,-373.3853225802595,-410.1548038101464,-1799.3046369856456,-2029.6339696948417,-1658.3673990134848,-3732.2328889644705
2025-12-12 17:20:48.589962,Idle,-321.9922386875551,-243.96475034848845,-300.1860975199088,-315.32069587142905,-1396.9051897205645,-1571.6982589839026,-1274.3790537172463,-2903.1403110739775
2025-12-12 17:20:48.594004,Idle,-429.048031252838,-323.06472907018906,-390.30367456006934,-405.8272451632074,-1801.9617840928258,-2014.3267800759058,-1616.21915636037,-3717.889102966059
2025-12-12 17:20:48.598008,Idle,-530.7832169333415,-395.038737816707,-479.8051034800301,-516.3672455764026,-2274.3406263988,-2548.8777551741805,-2059.357027890277,-4689.01961282827
2025-12-12 17:20:48.602011,Idle,-458.12528928593383,-341.46813474720693,-420.48253143034526,-460.2951138258795,-2015.821619585622,-2270.6597667521564,-1851.3481010162504,-4174.931269235676
2025-12-12 17:20:48.605986,Idle,-289.46787310380023,-219.82098406502337,-270.59258938013227,-286.4342126667325,-1256.765705061378,-1415.6156765549676,-1151.0861135442974,-2612.254048548406
2025-12-12 17:20:48.610065,Idle,-219.91131856886204,-167.98093069870083,-200.7751911310188,-202.87931214639684,-894.3721306418302,-996.6739397818455,-794.1875097521115,-1843.3339804955758
2025-12-12 17:20:48.614074,Idle,-297.21209040874965,-221.8701817108813,-266.9033916135086,-285.5225640136923,-1247.182822791161,-1394.2343116330449,-1121.9555311063887,-2563.8519147953484
2025-12-12 17:20:48.617073,Idle,-379.82782135631714,-283.4861903965939,-348.360736977309,-382.1866226243292,-1662.2807770017534,-1872.1519537164131,-1526.8569611145067,-3439.857598267263
2025-12-12 17:20:48.622093,Idle,-335.23097671585856,-254.23430947161978,-312.7661478120426,-333.0111793690885,-1452.7550698919222,-1636.485595694161,-1331.8546185581363,-3016.543676557252
2025-12-12 17:20:48.626030,Idle,-201.92831223888788,-155.14499837928452,-185.49459849298,-186.19123227613454,-815.399803425651,-909.0312429268379,-724.3150235443027,-1682.079178441083
2025-12-12 17:20:48.630156,Idle,-126.62307977570163,-94.69918703105941,-110.9544751867943,-116.49818556348328,-501.3110170730506,-555.8600994297303,-440.4945476044086,-1022.0986014748923
2025-12-12 17:20:48.634114,Idle,-175.5676154574321,-130.2172237597697,-160.67085009290895,-181.3624431748467,-777.0963264241,-877.6896066224435,-719.8158486639732,-1609.3651141748996
2025-12-12 17:20:48.638124,Idle,-255.0113843052095,-193.73906028961937,-239.67804329557111,-256.7082671654207,-1115.586733946926,-1259.6420273576514,-1028.7179698295076,-2322.425654571154
2025-12-12 17:20:48.643159,Idle,-234.6152265174751,-180.16618561891664,-216.66830937270424,-219.0010466460808,-959.3567594648339,-1071.8929241074366,-857.4064911465393,-1983.2230426196475
2025-12-12 17:20:48.646170,Idle,-118.48149728144926,-89.4249419971602,-103.4253962001676,-105.66140816472762,-452.01951884146547,-498.7189248551731,-391.30194119317457,-918.3007489717565
2025-12-12 17:20:48.649166,Idle,-40.53156122137443,-28.97990708850557,-35.78056804454536,-47.676040398539044,-183.3238872156944,-209.21484564320417,-176.30003680998925,-377.29669885500334
2025-12-12 17:20:48.654121,Idle,-82.45054659455491,-64.07286234534695,-81.95420862038736,-90.93200638976123,-379.7114387730835,-435.02724856568966,-363.7063688687631,-802.0540814889828
2025-12-12 17:20:48.658221,Idle,-160.08052860539465,-124.97053221974056,-150.49352927174186,-148.66632041362755,-647.895424473274,-724.4202028961154,-578.9318164851284,-1344.3824719892582
2025-12-12 17:20:48.662196,Idle,-142.74033159736427,-108.87049753664178,-126.4638429840852,-126.91385187197011,-545.5050023359945,-602.1758027968463,-472.79583374099457,-1111.002847412834
2025-12-12 17:20:48.666200,Idle,-38.87952078717353,-28.23388898788835,-32.90969211749325,-43.07789723634778,-155.99195718110423,-175.32529184233863,-145.724796220602,-313.1697048713686
2025-12-12 17:20:48.669210,Idle,21.546181460558728,13.919565874799446,13.777648530405713,8.577388867241098,73.39213049627142,73.57603711631964,45.62450760125648,139.51842077146284
2025-12-12 17:20:48.673284,Idle,-21.108734789122536,-21.46315501062054,-25.12035842974001,-16.438737027456227,-54.61846367362887,-60.871806156792445,-46.26266833819682,-120.5474737790646
2025-12-12 17:20:48.677253,Idle,-77.13161065891472,-60.55851287671976,-67.70174596599827,-61.29511531077878,-259.5447714381153,-281.1038785749697,-211.80037089207326,-523.0840401269379
2025-12-12 17:20:48.682243,Idle,-49.347672292089555,-35.42719618193223,-40.9978054001258,-49.20859364137141,-195.80194592184853,-217.56289590685628,-175.03890235147264,-394.6828029816388
2025-12-12 17:20:48.686276,Idle,29.580789616160473,21.859201985669642,22.89631718872988,16.031888804998744,94.63640707251034,97.41194228325912,65.61517691172776,182.540427068423
2025-12-12 17:20:48.690287,Idle,62.32760302846509,41.990561517839524,50.41667973976291,61.28631650829993,280.9935155550629,312.9040216362773,252.89068115838745,566.8462365410815
2025-12-12 17:20:48.694258,Idle,32.12639270000909,20.508572033546443,30.578455255239533,45.227685745567214,204.84462167617312,239.14779448576155,209.1717444836395,431.8599758768396
2025-12-12 17:20:48.697326,Idle,7.613686640379456,6.507303877294362,11.490024523991451,9.775004108294524,61.21115506418573,73.1727278256767,64.13443072711743,138.83240327252133
2025-12-12 17:20:48.701263,Idle,29.844510090618996,22.51956665424177,24.53225210266828,16.555138918064813,98.62579474719405,102.93794393833923,70.88281070335597,194.67889781420854
2025-12-12 17:20:48.705347,Idle,68.0754714157265,46.777395966916174,55.35079758624852,63.3785445395888,293.9928143799407,325.4482008635314,259.3216584787733,592.2649894620699
2025-12-12 17:20:48.709353,Idle,84.95050114513288,59.603377311384975,77.60379753319103,95.9068706108228,428.63845391846553,489.2025975334691,410.12022462247114,891.2875549383316
2025-12-12 17:20:48.714342,Idle,83.99977216112529,63.46211773813047,81.80744319874066,87.55077388648351,400.3555233123625,455.8050156545796,377.0666754400154,841.1875509391539
2025-12-12 17:20:48.718368,Idle,82.46023647662514,63.028780112977984,74.4048681846034,69.15940380712709,325.39216739940457,358.75387537508504,279.69711052298953,665.5339192208776
2025-12-12 17:20:48.722398,Idle,84.35437622670725,60.42823197041071,70.5914136080064,76.39261280997744,344.09312958002556,379.5937299375073,300.5308153712249,691.780978513998
2025-12-12 17:20:48.725397,Idle,93.19664767527138,66.23015279152969,84.20424166029261,102.5879317137078,446.87244250424556,507.611106823053,423.72938211035216,922.0266503875027
2025-12-12 17:20:48.729340,Idle,114.23357975333784,86.08575852911963,109.74763370820438,119.85713639007008,532.1455033520178,604.8814426428289,501.04973535236786,1112.2672315003583
2025-12-12 17:20:48.733395,Idle,134.06845482683275,102.25215322739678,123.06860064178181,121.13988356033951,551.6996742219198,614.316404947429,488.8676223822986,1136.7864836376393
2025-12-12 17:20:48.737416,Idle,131.32176608455484,96.18981054706819,113.51767896001547,119.38505766304297,537.169282262068,594.9094368596561,471.9573374494794,1091.1772990201134
2025-12-12 17:20:48.742430,Idle,114.97399050385866,82.21893284639373,102.4576175660477,121.5919181463396,530.9058457263163,599.9993311137077,495.67145276025985,1092.0299500692636
2025-12-12 17:20:48.746426,Idle,118.31688591258717,88.87936716575496,113.17392573810503,126.22726072829391,551.7427146605914,627.8805583240464,521.9916231654352,1151.2743343617767
2025-12-12 17:20:48.750448,Idle,146.74508366233204,113.0034429515872,136.50929764079046,136.0232037337555,604.3061397111742,675.0668879530858,541.2921919557266,1246.2481586025096
2025-12-12 17:20:48.753463,Idle,166.74059583271446,124.71898971203336,147.0477540500724,151.89276870383765,668.9207167018321,741.3140842822031,588.97116039088,1360.040486730286
2025-12-12 17:20:48.757456,Idle,158.3175141482352,115.41918209752475,141.165365880428,161.08556541524013,696.5622824365273,783.1894292681245,641.0312381177209,1427.5099011377897
2025-12-12 17:20:48.761459,Idle,143.5421033679304,107.15282185467368,135.67573084858304,152.4337464577402,663.3135067695985,753.5866039204993,625.1858216619585,1380.4925218578428
2025-12-12 17:20:48.765482,Idle,147.23144182708347,112.97513862363121,138.23615147503733,139.26849233728717,622.4865079566953,698.117070335953,562.9192435179721,1290.1663262061775
2025-12-12 17:20:48.769488,Idle,161.94232781666506,121.2908276169619,143.52090689081524,145.60145138214284,651.3748638629913,721.8007196318358,571.4802311300882,1329.0335797370644
2025-12-12 17:20:48.774509,Idle,170.55256650761294,124.22212958714226,151.14028956073162,169.63037478303886,741.6117125164601,831.6775767385261,676.2382407337427,1519.6054356672103
2025-12-12 17:20:48.777462,Idle,173.71050015918445,128.9597766156221,162.18130080493574,182.67806967548677,794.6655256185913,900.9902793002548,744.9523848806275,1650.394599498366
2025-12-12 17:20:48.781524,Idle,175.17038984441024,134.09533943020506,164.84329660491494,169.71591321700544,749.935095889552,843.3004266027128,684.0848430114565,1555.878149269498
2025-12-12 17:20:48.785532,Idle,168.59425017351168,127.4366974579898,150.86046985993744,151.42333288148802,674.1136957007693,747.4080186324427,591.9700828060159,1377.5208353996277
2025-12-12 17:20:48.789509,Idle,159.15201969408372,116.03020565013867,139.89051972595917,155.0020918601076,679.7739884158364,759.9799831231358,614.2488475447171,1389.3493874159176
2025-12-12 17:20:48.793563,Idle,167.93729705287842,123.54892707413819,155.58201110638038,176.99009421923256,774.7700133725302,878.4452370329527,725.8107941293274,1609.0976191831287
2025-12-12 17:20:48.797546,Idle,192.31293279660167,145.91583311870636,181.094260619735,189.51178521750262,845.1490053418092,952.9832599330693,775.4816312642652,1759.408039440168
2025-12-12 17:20:48.802603,Idle,195.54341482394375,147.57036707857333,176.66092694946565,177.61225615319563,801.4195611097384,891.6831744225929,708.2312228562078,1647.9697337998077
2025-12-12 17:20:48.805638,Idle,164.9925931392063,120.21220940942294,144.4817106553237,157.09557997604134,700.4771996141644,781.4877651495626,627.0627683667699,1433.2712307036854
2025-12-12 17:20:48.808590,Idle,144.95163387336652,105.22055548203934,133.021116325428,153.82161390423425,678.8522283345228,770.051732395892,636.2571684326977,1410.262653649319
2025-12-12 17:20:48.813678,Idle,171.66203567769844,129.59547238374944,162.58944139859523,172.59418181836372,773.9395623366581,875.4274955565343,715.6250259964727,1616.8468583871145
2025-12-12 17:20:48.817648,Idle,208.42110551186488,157.64839521978865,189.95380548774847,191.05350678690593,865.5943157128058,965.2370505831204,768.8220999466721,1786.4524295853917
2025-12-12 17:20:48.821679,Idle,197.62274215029902,145.38295574286894,174.08342754724436,185.44955448355176,828.5760979105253,923.2299458261114,738.1553592237178,1697.018013681518
2025-12-12 17:20:48.825635,Idle,154.2862713529612,112.14552183894557,139.98485678702127,161.19634351774585,705.7894959016703,798.2982222397113,657.1017515046988,1460.4315128119197
2025-12-12 17:20:48.830689,Idle,145.45399563317187,109.975256906313,138.81444465115783,149.9821582029981,661.7423474278767,750.8889357381267,618.1776516253594,1383.4745115479454
2025-12-12 17:20:48.833687,Idle,184.04061642158194,140.54920373692585,169.7232149533229,169.25397393116145,759.8014117479324,848.2709380532615,676.9398515936919,1570.1858970324975
2025-12-12 17:20:48.836751,Idle,209.51065825947444,155.56115994976426,185.72411598658073,194.2714687542466,865.2976448927075,962.9526250086492,767.6011095491704,1772.0634304124396
2025-12-12 17:20:48.841704,Idle,184.60332060907967,134.7422475778294,166.4341125061619,188.28438328119228,825.287993632257,930.1608891795622,760.6055772554828,1703.411531550577
2025-12-12 17:20:48.845777,Idle,149.18474431330105,111.99877589553944,141.80290740318014,155.9119034767209,685.4878114134772,778.5109136427054,642.4133170921123,1432.662158193998
2025-12-12 17:20:48.849763,Idle,152.03312010885566,116.77130461401248,141.97954747470794,140.70596862665843,632.3083871834679,707.4558625053614,565.924444136559,1311.5272460062988
2025-12-12 17:20:48.853756,Idle,179.791758700012,134.0285717073857,159.32091254426632,163.20710577550926,731.4187679404858,812.0464983040001,643.4143840990728,1497.5206117464695
2025-12-12 17:20:48.857776,Idle,188.6890897678677,137.39182685266132,168.7559865451185,189.0325162128429,833.9742038501427,937.6826857428532,762.7397657638649,1719.229416852817
2025-12-12 17:20:48.861792,Idle,170.73619064834202,126.81271879348787,160.3913625939167,178.1111358292692,787.3937246630667,893.4523341390304,735.9731511684367,1644.040635223966
2025-12-12 17:20:48.864831,Idle,152.18457374244463,116.46724764534156,143.08979482133873,143.7143950269383,648.9462560347747,728.6962492611492,585.9986123465933,1351.704884443432
2025-12-12 17:20:48.869729,Idle,149.52900536445668,112.15216533087369,132.63858529992285,132.49631969150505,599.4385044049704,663.9885858945781,522.4773416598327,1227.9569905956741
2025-12-12 17:20:48.873800,Idle,158.09958617264056,114.93892846700328,139.93125556298764,156.04901306232205,688.6945597090526,772.3597673003096,625.3917498689843,1415.890943694394
2025-12-12 17:20:48.877831,Idle,168.1839922388317,124.53842701249232,157.2161028383416,176.4470889956283,775.3511323485291,879.729538921034,725.3274629667867,1616.6633635244798
2025-12-12 17:20:48.881768,Idle,168.99115465313662,129.1099709068949,159.55844289797824,163.41090249171248,731.0362623851979,823.0089240944944,665.7659602997592,1524.1989316106774
2025-12-12 17:20:48.885832,Idle,152.60539169597905,115.3144948099216,136.71895055373898,135.13475288182963,610.4677149085328,676.6582866517128,532.4232307113707,1253.1586759984493
2025-12-12 17:20:48.889806,Idle,132.18376676458865,95.93525964263245,115.50356635125354,127.52232114758226,562.8715098416433,628.8512531579472,505.4832341496367,1152.8893278501928
2025-12-12 17:20:48.892824,Idle,135.14752719324315,99.3410333480715,125.87004183459794,144.29974180579302,628.6980030618142,714.4956756957108,591.2821430414915,1310.3943450397346
2025-12-12 17:20:48.896880,Idle,159.89607826285646,122.33262740525242,152.10142703983,157.82256837093155,698.5939784450457,788.7334428082686,641.7448997757165,1458.9519304614514
2025-12-12 17:20:48.901869,Idle,166.76471111844876,127.01391638202767,151.1850957427814,149.18483748985454,667.6282465613913,741.5292406649096,585.7879517748952,1373.3676512786187
2025-12-12 17:20:48.905950,Idle,136.8898335507256,100.1708126700687,119.3350034825562,128.7491885648633,567.1346837755991,631.3290641664062,503.94642923620995,1158.667978781741
2025-12-12 17:20:48.909920,Idle,109.06135553822969,79.17393181244552,100.52557335270103,118.16720423658262,512.981585161062,583.4368290990824,483.8365064226091,1068.0850461400114
2025-12-12 17:20:48.913915,Idle,122.37288054058445,93.46655612281756,118.07594231385156,124.5507488103176,553.4436892385129,628.0226966489572,514.7337933505187,1162.6473118835129
2025-12-12 17:20:48.916913,Idle,151.15996741244453,115.54040342307417,138.37458382369368,135.10184758299147,612.9207389695803,681.849740666803,538.6483611131553,1267.0145133824553
2025-12-12 17:20:48.920941,Idle,144.14777504841913,105.79561767815903,125.69212634995347,132.54886327663553,594.7888382561505,660.7451150777051,523.9840480884304,1217.5817491561174
2025-12-12 17:20:48.924886,Idle,107.62999755007331,77.12633477247437,97.42806788400048,115.02189473400358,506.90507913718466,575.058917881106,474.448618692928,1054.2683197068982
2025-12-12 17:20:48.928971,Idle,94.09936791894143,71.16121051489608,91.97705747117288,99.89936628157739,448.2655788946431,511.7914471582044,423.2730293601053,948.5598691406194
2025-12-12 17:20:48.933971,Idle,116.19013729522703,89.5412459809595,108.01319474691991,103.16351062155445,475.5344827116933,529.8517644726671,418.0414309317712,989.3627298241481
2025-12-12 17:20:48.938067,Idle,130.5087240396242,96.4589692913869,113.74330948686111,116.7634675152076,528.2839565394679,584.8572677046759,460.0147517815931,1080.8695299173705
2025-12-12 17:20:48.940967,Idle,112.65006898491993,81.01428696171206,100.70487478372524,117.61958324609441,514.8761144395685,581.6535115409642,477.06808846606873,1065.4663695979398
2025-12-12 17:20:48.944989,Idle,92.283550160093,69.6806620934367,89.9698416365427,100.54314189200522,438.8857820496196,501.89407121401746,417.86751036311034,925.857885009842
2025-12-12 17:20:48.948996,Idle,96.3862380879873,75.7944171501149,91.60660181491403,86.73989601916401,388.4308872888796,433.9750480267685,344.329278802732,809.7531145827379
2025-12-12 17:20:48.953026,Idle,107.08014759549405,80.7193911573122,93.380436783802,92.12634578172583,408.5493854348315,449.4204215579666,349.37353740260005,830.900626024697
2025-12-12 17:20:48.957064,Idle,101.0352447082114,73.07440700742882,89.01383855871973,103.32318216600106,443.5528569413582,498.9128440131899,407.1278740732232,911.4573763683438
2025-12-12 17:20:48.962055,Idle,89.36604310505209,67.21696909275488,86.51516154175624,99.16306197605445,425.1670138750924,486.600342942751,406.9369875906268,894.4033595498186
2025-12-12 17:20:48.966065,Idle,89.33566313670599,70.84231566013477,86.40126447475632,83.04007390036713,366.95510464254767,412.0593466509599,330.26804764929693,768.1974505863618
2025-12-12 17:20:48.970014,Idle,90.61509007299901,69.56426255515544,79.44333847008238,75.07161609688774,331.7203116216697,362.9372965360526,278.7361297328025,673.2483664366882
2025-12-12 17:20:48.973022,Idle,80.13850411813473,57.96093480483978,68.97702913674584,79.82828254747437,338.06622415117454,377.9639417026192,305.787339699571,689.070900701452
2025-12-12 17:20:48.977089,Idle,71.31952322743018,53.21266334448592,68.97430404982879,82.47180010363809,347.27673289272934,398.86603076418396,336.429108306882,730.6479084475432
2025-12-12 17:20:48.981099,Idle,77.25681378191803,61.579862660189974,76.28879086129018,74.81205498977215,329.43063230486587,372.3209212538786,301.7353562572971,694.6934047283139
2025-12-12 17:20:48.985109,Idle,81.02915194121306,62.778161288792035,71.79273967552581,65.49377718596952,296.9795775033999,324.581943777157,247.41082410991658,606.5980276956689
2025-12-12 17:20:48.989125,Idle,65.33976762129168,46.522742212662706,54.395101808870095,61.882921718788566,271.71050583105534,301.4273565392941,239.52011815214064,552.4831111773383
2025-12-12 17:20:48.994162,Idle,47.964240806293674,34.18997827616113,45.952758819112205,59.33166762643668,255.95842804049607,295.916752567864,251.80857853975613,542.3948708253447
2025-12-12 17:20:48.997129,Idle,52.596165589246084,41.94624842966732,54.12435661046766,53.898247722987435,245.06811357254628,280.2151996099856,230.09628055861685,525.9881566574331
2025-12-12 17:20:49.001149,Idle,65.19871893040545,51.041957586901844,58.666539742058376,50.47811642466695,238.8923877037596,260.7965564955957,196.28105912642786,492.42351819074247
2025-12-12 17:20:49.005183,Idle,57.61526296041848,40.949193804801325,46.8978970523749,51.11711583555734,230.41934189910535,253.25117050739937,196.88166408159304,466.52431884314865
2025-12-12 17:20:49.009195,Idle,37.78686303998984,25.963646193456952,35.159617646146216,48.67247678007698,207.37456772715086,240.1154547642218,205.41249683668138,438.25344639539253
2025-12-12 17:20:49.013179,Idle,35.124603944510454,28.628327083948534,38.436732448259136,40.28655271833122,175.75052465999033,204.14169280813076,172.3126178184757,382.50212005351204
2025-12-12 17:20:49.017173,Idle,47.71272972857696,39.16738218563842,44.37986893573543,34.95171568937076,159.47201808774844,172.8682665238739,127.61411149206106,328.9273743859958
2025-12-12 17:20:49.022228,Idle,47.488527356035775,34.8515096159972,37.8646753228677,38.287232582762954,164.68938787601655,177.3638747058576,132.9885245882324,325.8780130413361
2025-12-12 17:20:49.025230,Idle,31.74703448166838,21.652533762622625,28.31629501617863,40.99361748970114,165.38816150469938,190.87851375126047,163.6010601722519,344.4658437957987
2025-12-12 17:20:49.029237,Idle,25.38783061246795,20.956284216445056,29.47941834057565,33.52002606500173,139.75069910340244,165.0601990930736,143.42564843280707,307.14818243158516
2025-12-12 17:20:49.033230,Idle,32.83495297339687,28.552216672353097,32.390952179484884,22.586404583140393,102.94372413889505,111.37619321513921,80.41016750532435,215.70062607107684
2025-12-12 17:20:49.037282,Idle,31.751499476420577,24.112432803958654,24.010432205846882,20.545929844112834,85.41316552396165,87.05607741401764,57.691815261379816,161.05345696851145
2025-12-12 17:20:49.041196,Idle,18.451196158028324,11.940247063619609,14.908896036169608,25.702209721523104,90.91386589256581,104.77375430928078,91.5166771436343,183.92875356483273
2025-12-12 17:20:49.045280,Idle,15.620397140286514,13.451167532344698,20.219716785286437,26.306381047237664,94.59583757654764,114.74546717636986,105.47595566144446,209.68915912159719
2025-12-12 17:20:49.050225,Idle,26.246732781175524,24.250655656462186,27.980744707616395,19.068098007599474,76.56005274312338,83.51218121574493,61.76389359909808,162.13165593822487
2025-12-12 17:20:49.053306,Idle,23.748011460338603,19.013268745387904,17.548445804524818,11.082890166217112,42.705648731207475,38.25536629202543,16.939680344541557,72.9463809261797
2025-12-12 17:20:49.057326,Idle,1.8566046608175384,-1.068745181109989,-1.6659151956919231,6.650694346579257,14.978215398732573,17.404860938549973,17.209632573474664,25.320087710861117
2025-12-12 17:20:49.061310,Idle,-8.995513267771457,-6.930720135962474,-3.509651569351263,3.8242212367767934,9.133990753500257,19.803175038308837,29.146836136700585,36.700735448510386
2025-12-12 17:20:49.065351,Idle,5.140046706677822,7.005035848487751,9.463525464088889,1.7319190940179396,18.098005986772478,21.107493609248195,13.927631789993029,51.47647100442555
2025-12-12 17:20:49.069280,Idle,14.119695170455088,11.487472243148659,9.441778716813133,0.7079116629320197,14.963280929718167,7.666676904715132,-9.314222445857013,22.642545165552292
2025-12-12 17:20:49.073303,Idle,-4.270326580939582,-5.995480525503808,-8.544746325773303,-2.5495732954950654,-16.86305618021288,-20.62912510544993,-17.495654536702204,-42.334074598154984
2025-12-12 17:20:49.077305,Idle,-23.769281328139186,-18.64133131669223,-18.237383423518622,-9.751386461561196,-55.431921882292954,-53.21974580481765,-29.272438021289418,-100.71088497986784
2025-12-12 17:20:49.081400,Idle,-14.88793967050151,-7.761006524313416,-7.798165672698815,-14.109875745692989,-62.0394195036497,-66.93055968050612,-52.80815290642204,-113.76654622866772
2025-12-12 17:20:49.085366,Idle,3.121900890044344,4.503796449920628,0.892836795625044,-9.966548399097519,-37.987126682681264,-51.707392635871656,-56.425923641741974,-86.3553718077601
2025-12-12 17:20:49.089454,Idle,-4.135431796006742,-5.2250739557275665,-9.044396639466868,-5.664609578874661,-32.125382000318496,-40.55803650477901,-36.84235909944982,-78.34277054935228
2025-12-12 17:20:49.093356,Idle,-27.049036807620723,-21.66184753759444,-22.640212570338917,-12.985109512614144,-72.67495325088385,-73.82765515326173,-46.305923210064066,-140.7845576009713
2025-12-12 17:20:49.097423,Idle,-31.008477170729748,-20.184496114470676,-22.003401216108614,-26.18266611819854,-119.7188026321237,-129.65851001863484,-99.67705140371982,-231.4837556281709
2025-12-12 17:20:49.101425,Idle,-16.393765463923046,-9.317370291184488,-15.409758924673952,-28.100906051768106,-119.47424549619609,-141.96694899375143,-128.06225724195247,-251.71968631682103
2025-12-12 17:20:49.105479,Idle,-13.480040319311229,-11.492300658246677,-17.805132149966084,-17.940701042985893,-85.89037759685016,-102.74921292874205,-90.39405176769651,-191.66845757106785
2025-12-12 17:20:49.108412,Idle,-27.590746676945855,-22.4256390302653,-24.5279514974427,-14.509190036220389,-82.60219444945687,-86.19063562975498,-57.679185488726944,-165.71348501581815
2025-12-12 17:20:49.112474,Idle,-34.76281980283602,-23.343050305924407,-25.192659161308256,-26.510760378165287,-128.25192618161964,-137.29691607183486,-102.34184282907518,-248.99466246950033
2025-12-12 17:20:49.117457,Idle,-28.55317418262348,-17.583020975336694,-24.88650625666378,-38.117415977976634,-169.42751694816252,-196.4271748483152,-169.71044616694417,-352.73373815334344
2025-12-12 17:20:49.121566,Idle,-27.819532230480036,-21.180254009525015,-30.732153929131528,-34.43680073156793,-161.42367228808507,-189.32230297527713,-162.88220071733667,-350.3677366973934
2025-12-12 17:20:49.125511,Idle,-36.954110669239526,-29.587361733266334,-34.515484731096876,-25.105926091279798,-132.00012746787615,-143.70489672434087,-106.09184980649661,-273.0074476751106
2025-12-12 17:20:49.129513,Idle,-39.24709058905137,-27.420362526084773,-29.525539714540173,-27.767389856755017,-135.79667030259543,-144.47028318074808,-105.08126006167186,-264.22249390378147
2025-12-12 17:20:49.133513,Idle,-33.502245422025794,-21.189448603489836,-27.958597611755863,-40.159614741188705,-175.68528003289248,-201.27113841503888,-170.4948034395802,-360.3488942616459
2025-12-12 17:20:49.137514,Idle,-37.90555237087847,-28.22931111243338,-39.558623393531434,-45.99197441992192,-206.07103389615804,-240.28889546859136,-205.92000788294536,-440.93414767192735
2025-12-12 17:20:49.140523,Idle,-51.54401537306967,-40.86290496280026,-49.32178168435985,-41.22395989931829,-200.4158822827594,-222.52378646133002,-172.33651080296113,-417.77904685543035
2025-12-12 17:20:49.144554,Idle,-51.476633465879786,-37.29054706671104,-41.32719382844698,-37.085564456228894,-180.88751205771405,-194.30854899411497,-142.92079027964792,-358.63928862566536
2025-12-12 17:20:49.149572,Idle,-36.971865735373285,-23.427730618201167,-29.72420492791207,-40.265649819592,-181.4358813118597,-205.61202802754997,-170.12123391586647,-369.511632292415
2025-12-12 17:20:49.153536,Idle,-36.235410962042806,-25.91990393911692,-37.1711504389732,-45.66005826059518,-206.5816118077346,-241.51137066642696,-207.8152077429986,-442.08535342515097
2025-12-12 17:20:49.157596,Idle,-55.86159694013986,-43.92980249163702,-54.46585195009902,-48.134303243467,-232.73572836068342,-261.1023198198236,-206.55148223834112,-489.48032835073536
2025-12-12 17:20:49.160608,Idle,-64.92853631875914,-47.97455912190708,-54.48783826064755,-48.61538875257975,-237.27635769841436,-257.1884892130038,-192.390091319161,-477.81074987037573
2025-12-12 17:20:49.164637,Idle,-48.61745649012664,-31.948101026831864,-39.10470888958662,-48.23037337855567,-222.23992895093397,-248.8962953168957,-201.28062203603622,-451.0819777959259
2025-12-12 17:20:49.168632,Idle,-36.745034145133104,-25.235230957296153,-36.45883062372013,-47.01733900156978,-213.15261921007186,-248.86708117745002,-214.26571772704483,-454.1650381893269
2025-12-12 17:20:49.172653,Idle,-52.614723795129976,-41.24953229475068,-52.541524974913045,-48.33556055397639,-230.6127289563883,-261.23697052762145,-210.4190923892602,-488.60666162049165
2025-12-12 17:20:49.176676,Idle,-71.61279010349972,-53.9691562508342,-61.966842525540414,-54.6952677158406,-261.4624461152998,-284.72770871562534,-214.72080032431404,-529.7733448118088
2025-12-12 17:20:49.181661,Idle,-64.22139174496988,-44.31342688452787,-52.69880864355946,-60.14991893975821,-271.33363998433924,-301.50358587966184,-240.41130573229748,-548.2117548257811
2025-12-12 17:20:49.185667,Idle,-47.287019034600235,-32.8557343788234,-44.952313718400546,-57.53894274958293,-252.28967109357473,-291.85670746609685,-249.08672355220187,-530.4408606629586
2025-12-12 17:20:49.188769,Idle,-52.80383304011775,-41.54538897970997,-53.61490252023941,-52.057087584544206,-238.39571520948084,-271.8691779002256,-223.07712488961988,-505.56814463716
2025-12-12 17:20:49.192696,Idle,-71.64668262511987,-55.277964787768724,-63.647795081851655,-55.02045182846632,-257.6166568862973,-280.9258708874695,-212.70042374171317,-523.2854554508231
2025-12-12 17:20:49.196761,Idle,-72.28245131736185,-51.264095216363785,-59.70501783939835,-64.39479802710412,-288.26296323764836,-317.99225784058217,-250.19253984323586,-579.5714052151307
2025-12-12 17:20:49.200742,Idle,-57.30759922359721,-39.72984299764357,-52.57715787340567,-66.22624728259689,-290.4719417769811,-333.38510026363656,-281.0961282287899,-605.8299588972004
2025-12-12 17:20:49.204756,Idle,-55.502609666480566,-42.51692639378598,-56.19761888744688,-57.683352448984806,-267.0626950940059,-306.26749477221165,-253.5899259087455,-568.7055519527639
2025-12-12 17:20:49.209748,Idle,-68.40668426927004,-52.70768738544575,-62.033309043516056,-52.77471741736372,-258.10593226808123,-283.38721450575395,-215.384339123877,-531.5908202363644
2025-12-12 17:20:49.213768,Idle,-70.89224795858172,-50.313431570080866,-58.25146332021541,-59.51929529744666,-278.6218759242911,-305.74884310236666,-236.06205639999826,-561.5436585681746
2025-12-12 17:20:49.216791,Idle,-60.357958544678695,-41.31988613402791,-53.82029057275213,-67.02454258102807,-298.93561360950116,-341.3176499850815,-284.5347867544042,-620.9722291073995
2025-12-12 17:20:49.220725,Idle,-59.92192007228732,-45.12179344217293,-60.16907898768841,-64.27075336401322,-294.33272481377935,-338.4187991216895,-281.9008603335824,-626.1848621381214
2025-12-12 17:20:49.224739,Idle,-72.06952214248304,-55.82015654537099,-66.98302571723616,-57.815701910090866,-280.05678150546737,-309.9077723537921,-238.94985706126317,-581.3274663992925
2025-12-12 17:20:49.228815,Idle,-73.4595237490139,-52.862451547967794,-61.003771766336286,-58.97559813069529,-280.7575331029948,-306.8295984135475,-234.04272518045036,-566.5046980066691
2025-12-12 17:20:49.232827,Idle,-60.85272830289614,-41.24934236182162,-52.87118255607493,-64.76234814617783,-292.82166444091126,-332.3188972657081,-274.02582528977655,-605.0051849253941
2025-12-12 17:20:49.236824,Idle,-59.03524337023555,-43.616109742397384,-58.91988175584993,-65.34383533790242,-298.30656589899445,-343.79752788413316,-288.0465248214314,-634.3388814452337
2025-12-12 17:20:49.241798,Idle,-73.76997623985517,-57.36300499254139,-70.0235563461465,-61.87588033430802,-295.8732799962745,-329.74447270605015,-257.89069294632645,-617.8316257403931
2025-12-12 17:20:49.244888,Idle,-78.98781285985024,-57.929304353099724,-66.81009275774704,-62.294682676161756,-295.36122038931353,-322.3562413608306,-244.75482405588264,-597.1316418064525
2025-12-12 17:20:49.248878,Idle,-64.65269618868479,-43.99985794346867,-55.059127242057,-65.49075211286254,-296.2996485828189,-333.83360618015286,-271.7986114655505,-608.1693504677387
2025-12-12 17:20:49.252873,Idle,-56.4821566282335,-40.67345049981668,-55.75838285202917,-64.35342247090011,-293.34474212292116,-338.68762684363173,-285.00598795252154,-623.4318784613861
2025-12-12 17:20:49.256896,Idle,-69.27690687515133,-53.64168053776666,-67.16063983025379,-60.530703198804986,-291.9671774680028,-327.8078368589049,-259.48512177704833,-614.9705363756511
2025-12-12 17:20:49.260846,Idle,-79.59666935093992,-58.88125962030608,-68.38427644403419,-61.66341729889973,-298.4808023229125,-325.7588562135934,-246.2611750625656,-606.8625536850886
2025-12-12 17:20:49.264916,Idle,-68.73960954615904,-46.98945967630425,-57.70664215814031,-66.23359433382575,-303.7912826073589,-339.84646547737066,-272.8238537996658,-620.8764632198727
2025-12-12 17:20:49.269941,Idle,-56.80235623088083,-40.06484684523457,-54.95758494241454,-65.51907126080187,-296.94422177399974,-342.6072157798335,-288.58655864553293,-628.8011378244264
2025-12-12 17:20:49.272956,Idle,-65.08985955748358,-50.28780517672567,-64.39289383454889,-59.859209306509,-286.6431816840777,-324.3517242237576,-260.34886943513993,-607.6399514151271
2025-12-12 17:20:49.276947,Idle,-76.91161748272134,-57.54789000353776,-67.2920619736833,-58.620208494510734,-288.63683754199883,-315.4129702624632,-237.66483598569175,-590.4479328043526
2025-12-12 17:20:49.280980,Idle,-69.13955442341103,-47.29156866016274,-57.28098922339268,-63.062982662027935,-298.23194432485616,-331.63379969948437,-261.9977962441044,-608.7160616238834
2025-12-12 17:20:49.284985,Idle,-55.1864359157189,-37.550069118718966,-51.988759772109916,-63.73121747111145,-297.39721206523245,-342.8056906093261,-287.6354130675318,-629.8414075496839
2025-12-12 17:20:49.288996,Idle,-59.586104240457644,-45.0487361811538,-59.789292366971495,-57.7882974913955,-285.3785914744949,-325.5840968674165,-264.31821780337486,-611.1223451823462
2025-12-12 17:20:49.293020,Idle,-72.35462071870279,-54.263464082439896,-64.45736244293221,-54.623019777674926,-279.31497177132405,-306.2244713201071,-230.65576773998328,-577.3890313230222
2025-12-12 17:20:49.298012,Idle,-68.604166112229,-47.29170268663438,-56.45094172719109,-59.27331839148246,-285.0448618179071,-314.6928607018781,-244.67628561757738,-580.1075184415095
2025-12-12 17:20:49.301045,Idle,-55.93391124722257,-37.9597625794413,-51.4834217667958,-63.75452908278385,-289.8248513120925,-332.6837681274046,-278.5141060510068,-608.621346974629
2025-12-12 17:20:49.304002,Idle,-59.68461672180274,-45.3797982607357,-60.53126089206489,-61.38908226293279,-286.0476181572885,-327.78136344015365,-270.26380019361386,-610.51330207719
2025-12-12 17:20:49.309043,Idle,-73.63641318537702,-56.5309820456896,-67.48879273801867,-57.47380818144302,-280.87289215717465,-309.1002520644106,-235.5957632161444,-581.3358081071638
2025-12-12 17:20:49.313089,Idle,-70.23377496318426,-49.441629080698476,-57.996124717377825,-58.02256302746537,-278.6652476792806,-305.65824108669767,-234.65761462162482,-564.9988186449045
2025-12-12 17:20:49.317072,Idle,-52.834385448819376,-34.91410912037827,-46.98343381808081,-59.15541713598941,-274.28410059877206,-313.65153515781276,-260.8125779920374,-574.1681006359868
2025-12-12 17:20:49.321091,Idle,-51.57838152718614,-38.17404202680336,-52.807978505748906,-56.510528007667745,-268.5889345650212,-310.05451395444106,-258.52085794712184,-577.6059734816663
2025-12-12 17:20:49.325100,Idle,-68.3676317170466,-52.913926546563744,-64.25766540347831,-54.89654957164021,-270.27566750044934,-299.49580653954763,-230.62639781989856,-564.8377271720674
2025-12-12 17:20:49.328128,Idle,-72.56175622917362,-52.542560484143905,-60.826734890040825,-58.59372286773578,-276.30850247025955,-301.8661680231453,-230.0464712593821,-558.8182733102003
2025-12-12 17:20:49.332112,Idle,-56.44311501296761,-38.357395652885316,-49.270439274041564,-61.409969027896295,-271.65389352233615,-308.4508875462343,-255.14720985345775,-561.3674717103131
2025-12-12 17:20:49.337125,Idle,-48.849106632202165,-36.32726717568585,-50.16007690572587,-57.40691895074269,-256.455539483577,-297.2522779207211,-251.82471142924624,-548.700811235467
2025-12-12 17:20:49.341123,Idle,-62.2047988105478,-49.18770632236556,-60.29654706384463,-52.92500836998806,-250.93269516853616,-279.99666301714024,-219.39743126608664,-527.0234718557913
2025-12-12 17:20:49.345166,Idle,-70.43737627909286,-52.22382054751506,-59.76955600269139,-55.74728490880807,-261.69473093847046,-284.80548636289313,-215.54688164812978,-529.2852724627592
2025-12-12 17:20:49.349162,Idle,-57.34960111674445,-39.246312585441046,-48.85445961798541,-60.13142756227171,-266.65523355070036,-300.5042191914399,-245.9417044115835,-547.5738867989276
2025-12-12 17:20:49.353165,Idle,-45.52135519197327,-33.13677170933806,-46.236233741394244,-56.33706211201206,-250.28691544453613,-290.77034526050556,-248.32142615283374,-535.2560908304295
2025-12-12 17:20:49.356232,Idle,-53.75937085575424,-42.8040792512038,-53.75795494481281,-48.65347365199705,-231.5972983626998,-260.91254856134765,-208.10121816472383,-491.9759041374782
2025-12-12 17:20:49.360131,Idle,-63.3203773637797,-47.592932670755545,-54.240433886952815,-48.744380887495936,-234.36238480411703,-254.4064858169877,-190.87203447031789,-476.16796330350917
2025-12-12 17:20:49.364204,Idle,-54.300198706259835,-36.991285912139574,-44.86834863691183,-55.16631704499014,-247.8342763572,-277.35906650772085,-224.45950182544766,-506.2898947993526
2025-12-12 17:20:49.369238,Idle,-42.42555032481323,-30.03372633687104,-42.099454484763555,-55.69157125307538,-244.5103941753041,-284.44831019395497,-244.83105030714069,-521.3246220359579
2025-12-12 17:20:49.373396,Idle,-48.080104215448955,-38.52621405578975,-49.45436509572028,-48.57892377015378,-224.78692796907853,-256.0358711964218,-209.59448086976772,-480.87523977970704
2025-12-12 17:20:49.377228,Idle,-57.50314315398282,-44.39190609230718,-50.29876706600771,-45.051793666527374,-214.00843695848016,-232.40609174984274,-175.12024119665148,-436.4611521626357
2025-12-12 17:20:49.380243,Idle,-49.555236679982045,-34.20065456481825,-39.890977651724825,-49.28886423748918,-220.35286984639242,-244.38406070682686,-195.8802819956909,-446.4274517997401
2025-12-12 17:20:49.384344,Idle,-36.599419369900716,-25.289455765654566,-35.45927735380246,-51.93178865610389,-225.14155276690144,-261.97360875917366,-227.67582136194687,-478.3235758636147
2025-12-12 17:20:49.388480,Idle,-41.28390161808056,-33.29975118677248,-43.88961527281208,-47.49542100774124,-216.17697379837045,-248.6393307702383,-208.87808918545488,-465.8712386263069
2025-12-12 17:20:49.392284,Idle,-53.027291727106785,-42.13860226375982,-47.84670462508802,-43.51680591452168,-204.213347018871,-222.50695940537844,-170.01483049645321,-419.42252703616396
2025-12-12 17:20:49.397286,Idle,-47.50309512883541,-33.91683004127117,-37.953303081012564,-46.108770178834675,-200.63056112697814,-219.95255198644008,-174.6380246024346,-401.8472660870757
2025-12-12 17:20:49.401274,Idle,-33.25563846313162,-23.20240740320878,-31.285771958719124,-49.47925429781026,-201.0907951882109,-233.08807204075856,-204.76262424781453,-421.26821811613627
2025-12-12 17:20:49.405385,Idle,-36.61403732707549,-30.32334209214605,-40.17739808092301,-47.63105341140181,-198.9004983555642,-230.49063570948783,-199.27892308792798,-427.16383607755415
2025-12-12 17:20:49.408336,Idle,-51.64369309642643,-42.66430431960907,-48.42134656172129,-44.95729619982012,-195.792062051245,-214.18049221817637,-166.9331112636719,-401.80955141817685
2025-12-12 17:20:49.412352,Idle,-49.631396562210284,-37.04801296857477,-40.1294966309797,-46.47271584632108,-192.16026063798927,-208.5271719971788,-164.0541715452564,-380.088190340437
2025-12-12 17:20:49.416356,Idle,-32.33971992468287,-22.764677875995403,-29.01629305417009,-47.810606225786614,-183.64161120931385,-211.49450789415278,-186.41124007216422,-378.44559397839475
2025-12-12 17:20:49.420340,Idle,-29.812278536803205,-25.02141807397129,-33.75142613940989,-44.41978045759606,-173.79605378117412,-203.44965582661098,-181.1024224482826,-373.34483083244413
2025-12-12 17:20:49.425355,Idle,-45.33413819372072,-38.663013173718355,-44.14292121239123,-41.38939386968559,-172.95002153108362,-190.16415827907622,-150.77939295355463,-356.7875927274581
2025-12-12 17:20:49.429392,Idle,-49.087661604367895,-37.680098101103795,-40.044148684624815,-43.83641772161354,-178.11399009590968,-191.2394706326304,-148.190215897921,-349.73470077791717
2025-12-12 17:20:49.433347,Idle,-32.794736537354765,-23.050106819791836,-27.99158561695367,-46.1545896698226,-172.97861324466066,-197.12936330359662,-172.35989564761985,-351.1483138130279
2025-12-12 17:20:49.436407,Idle,-24.82148498458264,-20.70487967255758,-28.643085538496962,-42.07816594521864,-155.8618244693498,-184.06343671795912,-168.0140843455447,-334.3442819584161
2025-12-12 17:20:49.440406,Idle,-38.09907424860285,-33.81471854567644,-39.052876715766615,-37.36371400784992,-146.69058051810134,-162.77838480082573,-132.4344102825271,-304.637277559028
2025-12-12 17:20:49.444387,Idle,-46.924464757947135,-37.55510697490536,-39.066077667768695,-39.98456775250088,-154.54316269879928,-163.84177062637173,-124.88137257110793,-299.4532482614741
2025-12-12 17:20:49.448452,Idle,-34.56429324619239,-25.081797914026538,-28.553527799391304,-44.809825348304,-159.97088158194674,-179.76131451537367,-155.1766988352174,-317.29178470303304
2025-12-12 17:20:49.452480,Idle,-23.05774439033121,-19.120503247278975,-26.25717002961028,-41.811795793124475,-146.17207992484327,-173.2357648484758,-160.69959237828152,-310.2428719517775
2025-12-12 17:20:49.457401,Idle,-31.299767136893934,-28.89638316856872,-34.05767998369993,-34.060573111710255,-127.52447090588976,-143.65699924342334,-120.7645735340775,-267.7821652459679
2025-12-12 17:20:49.461479,Idle,-40.59590693071368,-33.58012483188941,-34.266310235412675,-32.72163642827945,-125.62364997906843,-131.4637739897007,-97.8048115229467,-242.30896223685704
2025-12-12 17:20:49.464471,Idle,-30.94427789787005,-22.33339645883825,-23.982452833573916,-37.52293278151774,-133.58035989373457,-147.76164786540903,-124.99787924526026,-260.46057905536145
2025-12-12 17:20:49.468508,Idle,-18.713078527274774,-14.873838166764472,-20.839919505713624,-37.68380647258891,-129.44220367644448,-154.17816511471756,-144.95448240597034,-274.02729887212627
2025-12-12 17:20:49.472552,Idle,-25.14120036638633,-23.92313727393048,-29.215062973133172,-31.194301701281802,-113.43269766424783,-130.32278159441194,-113.54542892286554,-242.1246968684718
2025-12-12 17:20:49.476512,Idle,-35.67469322460238,-30.5927486058863,-31.1251811467082,-27.512323538248893,-104.5300979995518,-108.53840501018567,-79.46982153039426,-201.88437482365407
2025-12-12 17:20:49.480539,Idle,-27.083344119833782,-19.48754748258216,-19.703767316081212,-29.71778651297791,-106.24835581541993,-114.89513320912374,-94.21369295928162,-202.34954205807298
2025-12-12 17:20:49.485554,Idle,-11.41016440524254,-7.791635618537839,-12.451069416361861,-29.306389065473923,-103.26791768707335,-124.09778885578271,-118.72413757850882,-219.7267443377059
2025-12-12 17:20:49.488658,Idle,-13.855422791311867,-13.522307852937956,-18.894615692668594,-22.62502810281876,-90.97748966736253,-107.81887962599285,-97.45181194209727,-203.3578986520879
2025-12-12 17:20:49.492509,Idle,-25.900448477710597,-22.31813493129448,-23.1274817581143,-18.081568426903686,-82.31447966920678,-85.60313836863497,-60.83674195763888,-165.76746800739784
2025-12-12 17:20:49.496575,Idle,-21.838515378549346,-15.077615937640076,-14.230759861602564,-20.965626127741416,-82.44727440719726,-86.85419744771207,-67.30651167279575,-155.69295999151655
2025-12-12 17:20:49.500566,Idle,-7.774601559736766,-4.500965107843513,-7.553425249832799,-24.265556024722173,-80.7102446386125,-97.43911345751258,-95.17708692071028,-169.4606993207708
2025-12-12 17:20:49.504600,Idle,-10.58370128556271,-11.492489436321193,-16.310202740496607,-22.11241261396208,-72.93223965214565,-88.82450093096122,-85.35221635946073,-163.0070188170066
2025-12-12 17:20:49.508608,Idle,-26.897916158879525,-25.262252961620106,-26.151519679129706,-20.193904606378055,-69.22272712405538,-71.66895702527836,-52.13474448013585,-135.32329726044554
2025-12-12 17:20:49.512622,Idle,-28.110678207376623,-22.31935686898214,-20.743553629450616,-23.877248902412248,-72.41777257510694,-73.07468370866263,-54.112343998334836,-125.91828736430034
2025-12-12 17:20:49.516581,Idle,-12.94269472231099,-9.55129870503879,-11.331403807766037,-27.058088647099794,-70.26845490763662,-83.05359352275264,-81.9527942443965,-136.32922072755173
2025-12-12 17:20:49.519662,Idle,-9.501456310477806,-11.005006418265111,-15.330341313885583,-23.18877217876434,-58.21083949931199,-73.05177749221912,-75.56914285587845,-127.36557614989579
2025-12-12 17:20:49.524695,Idle,-22.79787109523022,-22.956507160626643,-23.866638559229614,-17.765105209997273,-49.48635770380497,-51.23186343041016,-38.14997112273704,-95.98345691524446
2025-12-12 17:20:49.528632,Idle,-25.613702090253355,-21.07527707303234,-18.646553786558798,-18.34750594443176,-51.4175460463739,-48.40122209733818,-31.259244290966308,-83.06057081033941
2025-12-12 17:20:49.532643,Idle,-9.579179767606547,-6.109516491138493,-6.352199347114947,-20.502048797236057,-51.20800320635317,-59.731838084815536,-59.12238481704844,-95.4611864950275
2025-12-12 17:20:49.536733,Idle,-1.023222651463584,-2.739121400314616,-6.360949219517352,-16.252227972414403,-38.99655253160745,-52.70044677419355,-59.88010808668332,-90.80548014049418
2025-12-12 17:20:49.540728,Idle,-12.14700559808989,-13.84706005892076,-14.938412653566047,-9.424238144034462,-26.4692336327862,-28.046492286142893,-21.473947183403652,-56.57764776283875
2025-12-12 17:20:49.544701,Idle,-18.710837804894254,-15.581647541628627,-12.720505392419,-8.97960844510817,-26.187229651841335,-19.70419428223977,-5.269740630174056,-35.71606760984287
2025-12-12 17:20:49.547702,Idle,-5.61996401266515,-2.1938632314195274,-1.1765279407190974,-12.5516151717311,-29.148003961221548,-32.56627324875444,-32.31818146380829,-48.50615544401808
2025-12-12 17:20:49.552726,Idle,5.0943340205194545,3.4175715385499643,0.384541521241772,-10.708047978427203,-21.448202505154768,-33.210171797603834,-43.94189709390048,-54.560476119222585
2025-12-12 17:20:49.556705,Idle,-3.9534591648334754,-6.939783005116624,-8.481461958246655,-3.974848167548771,-8.961821503966348,-10.938054359226953,-10.183628388505895,-25.990962592884898
2025-12-12 17:20:49.560736,Idle,-12.738573969938443,-11.18649432095117,-8.248069082670554,-1.4776618647447322,-5.361845805338817,3.3732710282492917,15.233904356544372,2.390226013958454
2025-12-12 17:20:49.564732,Idle,-1.758925093585276,1.2766853557695867,3.575131450117624,-4.358960850673611,-7.192685113084735,-5.649736314750044,-5.267821799468948,-2.73332851449959
2025-12-12 17:20:49.568760,Idle,10.515173266801867,8.836432759955642,6.819662680973124,-4.70038973967894,-2.201705799641786,-11.154742252605502,-24.719825380918337,-13.928003783919849
2025-12-12 17:20:49.572740,Idle,1.4517941933081602,-2.5873366080850246,-4.319220012213918,-1.0844087732257321,6.438077052473091,4.317754535120912,-0.6969926577876322,3.657876619603485
2025-12-12 17:20:49.575786,Idle,-13.046237502123404,-12.885730035872257,-10.07256719632278,-0.8768471171206329,6.848920139367692,17.024757989420323,26.06334187783068,28.48860433563823
2025-12-12 17:20:49.579830,Idle,-6.876809305118513,-4.0618643413545215,-0.7182908805916668,-5.051569378985732,3.026421554706758,8.926198349130573,10.069817470823182,26.563541853101924
2025-12-12 17:20:49.584810,Idle,8.662548652806436,7.325490428134799,6.454341753327753,-5.084396920137806,8.965912486979505,3.099395816359902,-12.185259648947977,17.105488547531422
2025-12-12 17:20:49.588817,Idle,6.170396133566101,1.3878663610958029,-0.32517909754096763,1.3210217626183294,21.905753671220737,19.884739742148668,9.118642038403777,34.987299240077846
2025-12-12 17:20:49.592847,Idle,-7.30343889996584,-8.546997331512102,-6.013399488161667,5.1468976828909945,25.758552822720958,36.901201199012576,42.19213371106889,62.32289387512719
2025-12-12 17:20:49.596823,Idle,-4.431969042059791,-1.909019326645648,2.089344693667954,1.846921899683366,20.256584944960196,29.953771818923997,32.01324108126573,61.041214121098164
2025-12-12 17:20:49.600867,Idle,10.698438760977297,9.978879104030057,10.034280596133613,-0.6492317906740936,22.048402656975668,19.138392104709055,3.8494615052477457,46.35811116435798
2025-12-12 17:20:49.603857,Idle,10.53761086632585,5.354644775081397,3.6512516666698502,3.6383755133720115,34.61938350717537,32.50101015382097,17.13160347059602,60.461903139424976
2025-12-12 17:20:49.607829,Idle,-3.5614725279665436,-6.390257393493812,-4.124526371670072,8.365057401402737,41.884901138429996,53.56158766610315,54.41910037360503,92.70420502172783
2025-12-12 17:20:49.612883,Idle,-3.149156444866094,-1.450412250465888,3.2710294187527325,7.407498075517651,37.744011193019105,51.36211474548327,53.543316266921465,97.21489216724876
2025-12-12 17:20:49.616905,Idle,14.40245629238052,14.193458527966868,15.351392930286238,6.579752018704312,37.63325963888201,38.45992676669266,24.01775316889689,78.65406377834734
2025-12-12 17:20:49.620959,Idle,20.587415307840274,15.454232266052713,13.764987613230915,12.260988984409778,50.35965148714604,48.28398112530704,29.695303321102983,85.79925730318064
2025-12-12 17:20:49.623962,Idle,7.941322611462965,3.805229804765986,5.45280690643267,18.29445287195267,61.414040810457664,72.54074945487082,68.98330265391269,121.3986168288393
2025-12-12 17:20:49.627941,Idle,2.8318073348491453,3.401209551942884,8.552426245631068,16.513237433555332,58.501752502590534,75.12919094477547,76.53091801036499,134.7595530365652
2025-12-12 17:20:49.631951,Idle,15.885347001210903,15.77806607313687,18.278174066956126,11.864032819710701,52.984888592603966,57.94049080552941,44.1891339096328,113.17980666764197
2025-12-12 17:20:49.635969,Idle,22.923808027298946,17.822424239049724,16.636407210822654,13.758159832756064,58.949430806635064,57.45989472878864,36.292283308837796,105.38287932699313
2025-12-12 17:20:49.639974,Idle,11.367156512762449,6.098347945597197,7.178443364104169,19.456831457784574,69.09678351614275,78.85440557991387,71.18133930678596,134.11701377358986
2025-12-12 17:20:49.644996,Idle,4.2937053652749455,3.751177204423584,8.904512590426748,19.872343009392353,70.20115154188534,88.41240539653518,88.85330663411878,157.11784953376628
2025-12-12 17:20:49.649007,Idle,16.771770192990516,16.76276258706639,20.30525027706244,16.290713843492995,67.07257680826297,75.91039037838345,62.83332668611547,144.9407068369619
2025-12-12 17:20:49.651980,Idle,26.9359268106964,22.10195128884334,21.477329211407778,17.193366934927326,71.316223797563,71.23084365100658,47.518750944538624,131.7459869676968
2025-12-12 17:20:49.656028,Idle,16.799687947433995,10.716867579738391,11.22204845534361,22.12700456713719,78.86452857188124,87.4654305215081,75.34949880300701,149.7926956769079
2025-12-12 17:20:49.659968,Idle,6.340686632735014,4.798773697606521,9.66016282651617,22.935461167986432,79.09851482736121,98.03465114689607,97.34578325082111,172.0942421652435
2025-12-12 17:20:49.664035,Idle,16.398477111619286,16.436256537406734,20.842172163605937,19.42169171682508,76.33971159625798,88.32361294332077,76.4504482873017,166.32126273716858
2025-12-12 17:20:49.668056,Idle,29.435692245111568,24.796584730693212,24.990239910455784,19.675278871829505,81.3906302432224,82.7702761973851,56.93724391469732,154.67124547585263
2025-12-12 17:20:49.673013,Idle,21.822841348981456,14.721899657724862,15.049236588823987,24.428713464480097,89.4026063812853,97.04232167958253,79.93414611565822,168.53621085819032
2025-12-12 17:20:49.677024,Idle,7.815863693856954,4.890852686070502,9.597211254811555,25.124922089878964,87.83829605160281,107.33930281817447,104.98115628795495,187.5882184353395
2025-12-12 17:20:49.680024,Idle,13.274479718405928,13.155798994001088,18.36727576805606,20.02778316129843,81.0755603202706,96.06111776196485,86.33156649468947,180.0808709586272
2025-12-12 17:20:49.684091,Idle,27.978415141638834,23.78538293027941,24.764861099682093,18.386364189665983,84.32385135218647,87.1606155902773,60.8120345183961,166.20626954671752
2025-12-12 17:20:49.689134,Idle,25.198926255463448,17.42410522009868,17.49081307769302,24.02223641970977,95.80701084755492,102.16805739794654,80.18820771283936,181.04463416714134
2025-12-12 17:20:49.692178,Idle,11.768034129004263,7.446753453987185,11.763346490305594,28.27225357176303,98.86892476670619,118.44788828695528,113.19557527541656,205.89089889114985
2025-12-12 17:20:49.696102,Idle,15.171200369231883,14.790272720299981,20.621262980190295,25.717005196037462,92.03716176050875,110.09599539618648,102.38961805801227,200.93251784988388
2025-12-12 17:20:49.700130,Idle,31.79038189811945,28.36738900344335,30.140722997654848,23.80430553902761,92.09137910478239,96.76073308850027,71.56799422835866,181.09741702282918
2025-12-12 17:20:49.704161,Idle,32.92529015186847,25.005318056520537,24.79006433382483,28.36484489047666,103.22813131390376,107.8120774044337,82.0554606746166,190.49245096334926
2025-12-12 17:20:49.708184,Idle,17.658284811368503,11.992794128664173,15.729599441428036,32.134690251769655,108.55736777157364,126.95065125475756,117.80937586423761,219.36920057860993
2025-12-12 17:20:49.712172,Idle,14.272251517449376,13.228330523214481,19.6411621529885,28.039187235417558,100.29972478487889,121.10998042026586,114.18740856867043,219.37852642317193
2025-12-12 17:20:49.717187,Idle,27.64733250600443,24.851016339706803,27.752960070893664,22.442437297402876,93.75979322350395,101.39152950708012,77.90499493725656,192.26375133091642
2025-12-12 17:20:49.720206,Idle,30.822733518810196,23.073114436854034,22.85292598256177,23.672608837458938,99.81306278710872,103.31716011900426,75.0802984334714,188.3525973370197
2025-12-12 17:20:49.724179,Idle,16.146710310732715,9.321754927659185,12.234829878575283,27.33000145471351,106.45881272679617,122.56575130289639,109.58495548133578,215.85719335000613
2025-12-12 17:20:49.728226,Idle,9.921843228083162,7.962552111997866,14.534186464100003,25.324976562443226,102.07224073132966,124.20479888872433,117.34001154640646,226.82485467529477
2025-12-12 17:20:49.732238,Idle,23.361876417335225,20.977323816307944,25.07875576957713,21.25105200519556,96.45690332559752,107.27105040534298,85.73122664790208,204.99202333967696
2025-12-12 17:20:49.736258,Idle,31.90408759071488,24.532010948665175,24.7666630319859,23.4280931111889,101.69274866250271,105.33140393561916,75.67816903160929,194.09885821714124
2025-12-12 17:20:49.740222,Idle,21.032505456967556,13.360466494559205,15.53266288229861,28.84079859727808,109.51194857645169,123.47514287158992,107.03144157089991,216.3463969399745
2025-12-12 17:20:49.745276,Idle,12.480831106431651,9.643658931447135,15.849002305598333,28.155765471423365,106.94782751012099,129.28673684421665,122.00785012947017,232.51682201957738
2025-12-12 17:20:49.748273,Idle,22.56383668198214,20.541441651175774,25.322791836762008,22.694830975235163,100.18681357631431,113.43102443898533,93.6404553538232,215.54534511413658
2025-12-12 17:20:49.751271,Idle,31.617437437231274,24.792499797669734,25.43223571528324,21.944289926388592,102.29614126884553,106.33197191365616,75.59946869605483,199.46723687212216
2025-12-12 17:20:49.756263,Idle,21.80499471150506,13.496595922171764,15.097501650443519,26.404859438420317,108.86505586545536,120.97781562941236,101.25340406529722,214.66150026053947
2025-12-12 17:20:49.760251,Idle,11.59409387481719,7.80844391388564,13.70323888902567,27.457042483052646,107.36334888693091,129.57194179224462,121.85997561430122,232.22130390862003
2025-12-12 17:20:49.764337,Idle,21.28932314724443,19.393485359825718,24.926898963178246,23.73647959945629,101.50009616048919,116.69028877321398,98.91463684586779,220.0463399465225
2025-12-12 17:20:49.768272,Idle,34.091816900898266,27.69967219910359,29.027176413661437,23.1726485700201,103.9185208039271,108.11116109209252,76.53550686140807,203.24089207524958
2025-12-12 17:20:49.772408,Idle,26.671945806432632,17.650274973373598,18.97928881025291,27.43121975752547,111.31951891689096,121.36983259125554,97.95871766236087,215.43879290673067
2025-12-12 17:20:49.776352,Idle,13.00290640534331,8.050857729182098,13.684280080728058,28.578284681096193,109.97910999496526,131.93474095781858,123.3632612395595,234.19144312196295
2025-12-12 17:20:49.779354,Idle,19.11943416500253,17.238874045995544,23.377210593676864,24.440773024170994,102.10146574540704,119.53375975094968,104.39500378486991,223.39828871327336
2025-12-12 17:20:49.784313,Idle,34.89806479931394,29.23389029460668,31.031542958193313,23.38657912117924,102.87727211479796,107.48691153318214,76.11843530126498,202.8925495609583
2025-12-12 17:20:49.788380,Idle,32.565020682943214,23.230047868244583,23.949699653314383,28.740293460839894,112.30628564293147,119.69268861718592,92.4505689676298,212.36616733876872
2025-12-12 17:20:49.793415,Idle,17.841807639037143,11.714778436482447,16.739231224353716,31.798111034768226,114.15177056715766,134.87315585592296,124.36527625807503,235.73172664141748
2025-12-12 17:20:49.797346,Idle,18.68036492475585,16.538124100476125,23.323078232228,27.163170568055648,105.003967549972,124.75715657589899,112.30541369547427,229.0095001597656
2025-12-12 17:20:49.800419,Idle,32.80694603072698,27.892241548224774,30.667310912396715,22.448424632657407,100.23025144985877,106.37442441025632,76.80147727656004,201.93093777820468
2025-12-12 17:20:49.804430,Idle,32.19695252087331,22.89487907779585,23.41258159541212,24.39835126901744,105.90027830081817,111.00511106825434,80.93051305499102,200.98084185249172
2025-12-12 17:20:49.807379,Idle,16.04549534207399,8.912368625919044,13.18366345661343,27.052559484003723,108.49818028918526,126.9318809464603,113.74595292883168,224.08881278519402
2025-12-12 17:20:49.812448,Idle,12.923076864510222,10.403497095872808,17.490778203708032,23.60905017525147,100.87668388466409,122.06233960526879,111.54772212926764,225.15722341751098
2025-12-12 17:20:49.816451,Idle,27.930665201231022,23.7680820753194,27.54149325461549,19.57739712169132,95.78478427139635,103.95430614856014,76.95140883483691,199.9233182016469
2025-12-12 17:20:49.820481,Idle,33.501800268724764,24.430388897659213,24.98998921475868,22.58382362140037,101.96748144802405,105.45193754411594,73.5739429508103,193.42704488849267
2025-12-12 17:20:49.824458,Idle,20.69059570245372,12.550534869336843,15.99723620470104,27.875047502540838,107.68261914451432,123.18497057975037,106.94631186008337,215.8162438425352
2025-12-12 17:20:49.828492,Idle,15.1289800296654,11.991810628393068,19.016976509199594,26.772575443741516,102.45430665908498,123.90818836531253,114.43464163086901,223.79767670607544
2025-12-12 17:20:49.832488,Idle,28.46808392804087,25.07848907928019,29.688759622800717,22.444555581605528,96.30358473931847,106.40962682302052,82.25817443868436,201.52148962998763
2025-12-12 17:20:49.835537,Idle,36.46187581261984,28.069760803702593,28.786129516953224,23.600933225399785,100.48715099060792,103.07137095634243,70.41520933104039,189.2491175152245
2025-12-12 17:20:49.839515,Idle,24.504809835409105,15.709261499252534,18.300459784746636,28.13267874668236,106.14311491047556,118.82312875468051,99.84501992784499,207.19564044484287
2025-12-12 17:20:49.844474,Idle,15.11838725517373,11.237222397518053,17.913783313408203,27.279023949220573,101.04430085083004,122.14991658461804,113.54038279912493,217.91393735969905
2025-12-12 17:20:49.848568,Idle,25.712827501756692,22.82881791420732,28.121562394055218,22.066438255224057,92.74529428360984,104.47117219229403,83.6524795788282,197.07407281937776
2025-12-12 17:20:49.852499,Idle,35.68155583000771,27.97701997099648,28.988379772206827,21.130336791255104,94.41443346891901,96.23297077495954,63.598319253040245,179.30862280412111
2025-12-12 17:20:49.856524,Idle,24.714928650420916,15.398594861610036,17.22448939977403,24.380593805708486,99.93945671593247,109.66772953676991,87.91352081585501,193.1135890627629
2025-12-12 17:20:49.859571,Idle,11.047751151283592,6.4188006052718265,12.587405774800573,23.411702256540593,95.31282927203574,115.7525004085619,107.57571961902431,207.057384665648
2025-12-12 17:20:49.863585,Idle,18.12705525149795,15.824011664539285,21.650744101316377,17.867921155804652,85.34634471779282,98.89608884358313,82.02848635493137,188.74621073101298
2025-12-12 17:20:49.867607,Idle,31.430631794235524,24.85567244043341,26.174133251599415,16.716200751190627,85.47274686221499,86.93264887404803,55.75085305790708,166.465788239002
2025-12-12 17:20:49.872568,Idle,25.62176291870128,16.315705949677067,17.26426215664469,21.588113128480472,93.27251405915013,99.6207999932376,75.6465335371031,177.25283635925734
2025-12-12 17:20:49.876634,Idle,11.364610977256234,6.180064350599423,11.458135952343582,23.288011133601685,92.57234362827148,111.38253567231004,103.12800050896476,197.34843058502884
2025-12-12 17:20:49.880675,Idle,14.717171394313482,13.04166851226546,19.09808617985982,18.29263212545993,82.71423565084115,98.11093784467084,85.3212476077315,185.1817410805379
2025-12-12 17:20:49.883650,Idle,28.188280313061114,23.099497376024374,24.733463176100486,14.937487945768225,79.17273005432799,81.47130946756806,53.085610500362236,158.01344403790426
2025-12-12 17:20:49.887693,Idle,25.24693840931286,16.42076971957431,16.471680896349426,18.110104626113753,85.07436203889665,88.70313521224307,63.382580381134176,160.14308916506707
2025-12-12 17:20:49.891828,Idle,10.55217772431206,4.787468790629646,8.842526664990146,20.756190494164912,86.36278088689141,102.76037278521108,93.71444075995532,181.56976778723765
2025-12-12 17:20:49.895737,Idle,11.272036591930373,9.738459573403816,15.79002098278579,17.529584953721496,78.58812189933087,94.98005908794585,85.30298836120346,177.67891777813202
2025-12-12 17:20:49.899730,Idle,26.04348573913012,22.16317644251103,24.494587460969342,14.897615546575253,74.95638676482486,78.56803425663384,53.30554937789566,152.303750020219
2025-12-12 17:20:49.904765,Idle,27.564629488944774,19.390850473711907,19.29705802053286,18.739158090029377,81.01749307302816,82.99181829180452,57.38895591191249,149.23048972233664
2025-12-12 17:20:49.908680,Idle,13.65857900273113,7.487650506973296,10.753417445630475,22.696732611999323,83.82218256543274,97.98702182873967,88.67835975448543,169.40496812658967
2025-12-12 17:20:49.911730,Idle,10.750078956112702,9.280154126703565,15.266073109807621,19.50528289527938,76.01888729134225,92.71608925543842,86.2356713503541,169.6181050942978
2025-12-12 17:20:49.915724,Idle,23.452253637053218,20.766806923569675,23.635496280967345,14.329626625665696,69.46726670059434,73.8376461386797,52.00087738739967,144.08670082813478
2025-12-12 17:20:49.919770,Idle,25.523589276021085,18.269207477329473,17.988117963472178,15.0694626231234,72.68061031153775,72.916631597589,47.38245611800812,134.8170176167332
2025-12-12 17:20:49.923744,Idle,9.756060225448891,3.4937328134838026,5.874789511843119,17.87152000480637,74.84403036355798,86.94437426849618,77.55542506219354,151.96910129571916
2025-12-12 17:20:49.927714,Idle,2.905372335779248,1.6908471124697826,7.379635558187147,15.078488892417226,66.87026190091274,84.32567164016655,81.52754426944011,155.11398921589716
2025-12-12 17:20:49.932796,Idle,16.528034550432494,15.239582580434217,18.42099054132268,10.453133928309398,59.70520024148573,65.36292392687756,47.60179650460486,130.7900098185928
2025-12-12 17:20:49.936822,Idle,25.08493733069554,18.938334488972032,18.310997025924735,12.578309640164662,64.49630075971072,62.859928105259314,37.07577221673273,119.33911985578015
2025-12-12 17:20:49.939748,Idle,12.890282712327462,6.400245762619306,7.785810077315546,18.462912441078515,71.14513059679302,80.43634362830198,69.75867035785632,138.96008108498063
2025-12-12 17:20:49.943754,Idle,3.155145267399348,1.7173316268163035,7.197021447696898,18.340156940463203,66.06114777001494,84.19189234272926,84.94879381390638,149.50075357081369
2025-12-12 17:20:49.947840,Idle,14.798193800583249,14.547305863838119,18.39920635766248,13.218090531634516,56.93153694283683,64.83072351443116,52.778578888392076,125.97019885084592
2025-12-12 17:20:49.951832,Idle,26.8647509251241,21.83288844349954,21.084481405712722,12.744753898092313,58.46543477033265,55.24676633827039,30.117620912598795,105.87364305582014
2025-12-12 17:20:49.955800,Idle,16.95494743780364,10.267743633539794,10.332743891613063,17.46508158533834,65.34012313290441,70.26187031166046,56.38924177583249,120.91913319771993
2025-12-12 17:20:49.959853,Idle,2.7664170613497845,0.9042697230288468,5.674428120833909,18.185056836533477,62.27999269128486,79.49272674958047,81.14760793301684,138.27734688072815
2025-12-12 17:20:49.964838,Idle,9.632156729370763,10.319485668558627,14.970943644941144,13.103570086295804,52.241479014759534,63.230307869351236,56.93001756783633,120.41654249557178
2025-12-12 17:20:49.967896,Idle,24.04526717718545,20.366430557907734,20.257165235845605,10.89934562487906,50.61624743735592,48.17552726782742,25.848853723684442,93.84200833013165
2025-12-12 17:20:49.971898,Idle,18.869434048847324,12.050526046607047,11.289782556606951,14.4378583161415,56.69095691056282,57.74869289466005,41.01823184630484,100.21367538822233
2025-12-12 17:20:49.975924,Idle,2.9258855839943863,0.013064840002698475,3.8768449156159477,15.431527291308157,55.21164266446431,69.36611183914647,69.32583154349413,120.1310995342501
2025-12-12 17:20:49.979938,Idle,3.6084575472523284,4.376257411775441,9.648793037758878,9.851151002305414,44.68129887415853,57.00145737097773,54.43834383327339,109.72956918147975
2025-12-12 17:20:49.983931,Idle,16.307329010200192,13.7655595557153,14.782409965049737,5.46197678019962,39.86130035162205,39.07756223001343,20.83032769484271,81.30747689295094
2025-12-12 17:20:49.987892,Idle,14.592063326326752,8.04382166672076,7.048451301438035,7.575364529999206,44.38603956589941,43.33200075963396,26.136834577380796,79.16215626112535
2025-12-12 17:20:49.992954,Idle,0.3699608034148696,-3.3654418101632473,-0.649320977190655,9.673752104383311,44.77731939507066,55.66712254328013,53.83110269106692,97.71044149502995
2025-12-12 17:20:49.995966,Idle,-0.3422818537837884,0.3192226542796561,5.314247036109009,6.252584745561762,36.49705851342878,48.290009434073,47.04397173295729,94.39181836982607
2025-12-12 17:20:49.999985,Idle,13.07894286984083,11.647031902435629,13.289755459325534,3.3087658076692605,32.50760658318177,32.465585396887036,16.718932381700142,70.30566740158247
2025-12-12 17:20:50.003976,Idle,14.928809385361092,9.047291241220591,8.156678969469795,6.5639349607117765,38.23834095809434,36.10134096215188,19.21281226995052,66.2785556948511
2025-12-12 17:20:50.007932,Idle,2.1447403819438478,-2.1161729361174366,-0.0004424525468493812,10.071697584378853,40.71598873003677,49.768278208881384,47.712445134311565,84.11564759394969
2025-12-12 17:20:50.011991,Idle,0.030009625588718336,0.3724404431759467,5.156084912639926,7.219041354215733,32.87755402337643,44.33616762452584,44.797626323852455,83.40696122014197
2025-12-12 17:20:50.016028,Idle,13.560218352202355,12.818594346263126,14.73030554192519,3.25929640524555,27.054738778577303,26.786617364443373,12.447376025695121,59.15807875810424
2025-12-12 17:20:50.019024,Idle,16.818077479132626,11.397663168048894,10.310158355146996,5.266442150052171,31.615117320936406,27.527549714432098,9.615303002676228,51.76315722524305
2025-12-12 17:20:50.022998,Idle,1.7698024584133236,-3.02974220649412,-1.4897650789498584,8.403018368440826,34.67525323740847,42.24382627166051,40.01830018487817,69.6674498024513
2025-12-12 17:20:50.027046,Idle,-5.378416269806621,-5.308900297282889,-0.47869355382499634,4.8447610171897395,26.199373983588885,38.78131750103785,42.74403338956472,71.83163581596455
2025-12-12 17:20:50.032063,Idle,7.638990876333992,7.779981038936967,10.12100590738919,-0.9281926458643284,17.57709926829557,18.00363896312774,6.727437387118698,45.32129765651189
2025-12-12 17:20:50.036089,Idle,16.079803489210462,11.469685990010476,9.923738354951638,0.6199501004739432,21.563803561060922,14.371652860281756,-5.265036056560348,32.29541301494464
2025-12-12 17:20:50.040024,Idle,4.094618190112669,-0.9703241225452075,-0.5921179396336811,6.877004055662837,28.96457233039837,32.771278761618305,28.153700673487037,52.745704794622725
2025-12-12 17:20:50.044092,Idle,-5.517202756469487,-5.602962340264639,-1.0538306537400786,7.4998546462957165,25.17165852096514,38.30375401764468,45.4252880676795,65.64854510466103
2025-12-12 17:20:50.047122,Idle,6.362236294822651,7.565724409687391,10.59838564479287,2.6800476316857385,16.344186678543338,19.45006753380585,13.840236895455746,42.99703028809745
2025-12-12 17:20:50.051116,Idle,18.95504924015404,15.411466620309511,13.725086770158669,2.0385006390970375,17.25351943979331,8.793921839474933,-10.376938129586051,21.355427191359922
2025-12-12 17:20:50.055127,Idle,9.276968158270392,3.917700261969003,2.7864570836427447,6.653456928926971,23.814848233523662,23.053821871741093,14.79743479375611,35.02889431276708
2025-12-12 17:20:50.060142,Idle,-5.523288584681723,-6.155498768428515,-2.6531307110271882,7.365396478697221,21.087453759188065,32.81368386025133,40.44839546654839,53.26711307527148
2025-12-12 17:20:50.064092,Idle,0.35505383996678574,2.411510475059913,5.921468045795336,1.955198958674373,11.197896282261354,17.128563564736396,17.325965687035932,37.05239360689302
2025-12-12 17:20:50.068159,Idle,14.274749630405495,12.138478638993547,10.89557835609412,-0.7170240775885759,9.249970093544107,1.7802240151359001,-13.984472382595413,10.653499850712251
2025-12-12 17:20:50.072279,Idle,9.352161702678131,4.099945288557137,1.9744459807352541,3.0457914299222466,15.379520421280176,11.219214425451355,0.9922476620340603,16.354463348397985
2025-12-12 17:20:50.075202,Idle,-5.580079596955329,-6.90338300863732,-4.6593663381881925,5.3963043672210915,15.119124591132277,24.05654225300532,30.682355395707418,36.98067148230621
2025-12-12 17:20:50.079199,Idle,-2.94582390562573,-0.409227431011459,3.1193374091108126,1.9117694015712914,6.838436156860553,13.958148351448472,18.036913557072694,29.227476601750823
2025-12-12 17:20:50.083219,Idle,11.932504222942953,11.365265207450648,10.584738285497224,-0.4214501231417671,4.491681106519536,-1.5893215678661363,-13.441972275206354,4.084864236385329
2025-12-12 17:20:50.087237,Idle,10.926516021874704,6.440670449193931,3.637570705021062,3.0375714600941137,10.757067605292832,4.669942179243662,-5.699141682147456,4.589176882611355
2025-12-12 17:20:50.092237,Idle,-4.412102284339198,-6.012509655913163,-5.062479489639372,5.37532438963899,11.47746294670651,17.98709003222757,24.160314817898325,24.338390927412547
2025-12-12 17:20:50.096194,Idle,-6.205338182662672,-3.2766191497103136,-0.1232666533342126,1.0528529466009786,2.187152935366612,9.595804601733107,16.67102236815117,20.058508580274065
2025-12-12 17:20:50.100236,Idle,7.482228315620887,8.342441187128316,7.828635119445607,-3.2308926822861395,-2.9781035087507917,-8.474248561033164,-17.21012201366102,-6.139865232966258
2025-12-12 17:20:50.103291,Idle,9.483725457443143,5.766781679853921,2.480049618940029,-0.6017139974901511,2.749933223516564,-5.426812129400787,-16.150220135263226,-10.228855602021213
2025-12-12 17:20:50.107229,Idle,-5.326168602068719,-7.395917276330692,-7.4558641744624765,3.021894756680922,5.942849367907911,10.202620834206755,15.914956168679055,10.626829387038015
2025-12-12 17:20:50.111300,Idle,-10.617252176227339,-7.759058945906872,-4.759404139313119,-0.4007033681464236,-2.385313916558516,5.843202005577041,16.254017065817607,11.930403759295586
2025-12-12 17:20:50.115276,Idle,1.8988244316660712,3.895491745808613,3.8896885603544433,-6.175071051991836,-10.155435224500252,-14.337299965860439,-19.40513832878787,-14.998218859924236
2025-12-12 17:20:50.120259,Idle,6.964970646256916,4.0846757253639225,0.45522190513747773,-5.544550879846611,-6.614383352884033,-16.912130794364202,-28.455145712883677,-26.31916277926939
2025-12-12 17:20:50.124336,Idle,-6.762161280361397,-9.237810217363403,-10.445378964038355,-1.62107655908585,-1.9313076516773435,-1.0056869614127208,2.427445626235567,-6.830694662712631
2025-12-12 17:20:50.128336,Idle,-15.181924319193058,-12.525499472984848,-9.803975166325472,-2.9600246547561255,-7.631620798631047,0.8063938816922018,13.385083374632814,2.3691478106484283
2025-12-12 17:20:50.131349,Idle,-3.5324417805059056,-0.41734993582485913,0.4439768092970553,-7.454467215748082,-15.049786785770266,-16.73305855802755,-16.987495907073026,-19.581327905179933
2025-12-12 17:20:50.135356,Idle,6.217723927285078,4.376045137143592,1.0429774309923232,-6.765928259921566,-12.055368155146425,-22.73688682300417,-33.27109027012193,-35.54470141991624
2025-12-12 17:20:50.139389,Idle,-3.6007350587287874,-6.511655852845706,-8.702684871555903,-2.2482478014590015,-5.986517023389752,-8.385530111081607,-7.584699639082828,-20.247066306794295
2025-12-12 17:20:50.143393,Idle,-13.87547074359918,-11.90577263481373,-9.963629690325433,-2.2042037480196086,-9.611589526575699,-2.6001043155411026,9.779755872557871,-6.35277765300998
2025-12-12 17:20:50.148377,Idle,-5.093899742731082,-1.2238123656811695,0.042497483711485984,-6.050897208469905,-16.921705595472304,-16.984867229068186,-13.749629465477483,-22.14675957597501
2025-12-12 17:20:50.152383,Idle,6.201018454501536,5.737181677072385,2.8361551169800805,-5.622256354950878,-14.659322841813264,-24.574550411722157,-32.735083764175215,-39.320795135208755
2025-12-12 17:20:50.156458,Idle,-1.0647207877827896,-3.750082180280515,-6.562926329432685,-1.2320703254390537,-7.974332051224337,-12.05402874450374,-11.69718984226347,-28.22607024879835
2025-12-12 17:20:50.159351,Idle,-12.955920736666485,-11.541179979403296,-10.449521863672999,-1.7370480361983027,-11.395608869035641,-5.768114278522262,6.691230146028829,-14.609941881659324
2025-12-12 17:20:50.163430,Idle,-7.5046503188486895,-3.3928592547576955,-2.1714208272255746,-7.779523040731419,-21.37259468866614,-21.3773443630198,-16.60255007975138,-29.907693099630706
2025-12-12 17:20:50.167433,Idle,3.270138204576142,3.681759894554716,1.0375254413602306,-9.720846982289459,-22.076238659818046,-32.51308662858355,-40.34469511014322,-49.775344450521516
2025-12-12 17:20:50.171458,Idle,-3.4654415757236166,-6.0173066476086206,-8.992131666421756,-5.01611097042769,-14.474837294059398,-19.654679214174394,-19.729655554114288,-39.29799095081398
2025-12-12 17:20:50.175397,Idle,-16.646519430187254,-15.71995456489617,-14.713460669991946,-3.1354999811376274,-14.728788036525657,-8.368388108341605,6.1842134638245625,-20.856195050495444
2025-12-12 17:20:50.180470,Idle,-11.086809886556239,-6.797941109103931,-5.1886326981918955,-8.325233487526475,-24.354295079476287,-22.802102597073826,-15.009237975733413,-33.9928216399494
2025-12-12 17:20:50.184513,Idle,3.935870373461057,5.083308206529409,2.4391157429599843,-11.575933863769478,-27.20607532838403,-39.205177181298495,-48.30594189542535,-59.427767743356526
2025-12-12 17:20:50.187605,Idle,0.021812252508880192,-2.4711037958111888,-6.246199477215441,-6.9317950808311934,-19.128344559845573,-28.039960409500054,-32.138347778034586,-51.87777136480145
2025-12-12 17:20:50.191446,Idle,-16.947785890014075,-16.438395130926608,-15.722632916418775,-2.4253125257599777,-15.582640879089013,-9.195609018584946,6.445708837674829,-24.901800268198713
2025-12-12 17:20:50.195467,Idle,-15.33376721729951,-10.565372828075837,-7.922106110475397,-5.388101813056331,-23.11554638094276,-17.17934942914144,-2.5467625406654406,-29.052108674077317
2025-12-12 17:20:50.199528,Idle,4.403007043184061,6.667300595435563,4.780441724171197,-9.196361794523682,-27.56463559173244,-38.24286775819019,-44.43233904915178,-59.55353815003036
2025-12-12 17:20:50.203596,Idle,8.452955821197634,5.981770477299165,1.138461228088559,-5.95725823154919,-20.794299487370154,-34.9921721974988,-44.63683819875405,-63.34664613957284
2025-12-12 17:20:50.207575,Idle,-10.490287566411325,-11.002766544303995,-11.705700218550305,-1.5042709799008662,-16.13693140329815,-14.287595523112032,-3.351095266810262,-35.14794668349714
2025-12-12 17:20:50.211548,Idle,-20.156567056595797,-15.356450774514997,-12.133671340901628,-4.877313147821269,-23.919091009396652,-14.757009084098172,4.682299554403471,-27.70924845665286
2025-12-12 17:20:50.214551,Idle,-6.0798283869128795,-2.294764877702619,-2.4690579466284817,-11.731373937760736,-32.515368948455944,-37.28263506752137,-35.65792131264607,-57.14786525837917
2025-12-12 17:20:50.219591,Idle,4.305274610616493,2.5699707266198857,-2.360815589585627,-11.936104743512715,-29.49534638141722,-44.48984854583796,-54.87463560387687,-74.78298527221705
2025-12-12 17:20:50.223586,Idle,-7.481667440699425,-9.145162741723652,-11.894257984565911,-7.003963982114783,-23.23664147504178,-27.643213122503766,-24.082605925565986,-54.377294818381415
2025-12-12 17:20:50.227612,Idle,-19.10714333339706,-15.220190070989247,-12.98681972232771,-6.06929883634939,-26.038578003628572,-19.055328498033305,-1.651881764406994,-35.84230813040904
2025-12-12 17:20:50.231643,Idle,-10.106432341416621,-5.245112541746494,-4.003907197032731,-9.34488262188961,-31.734560048143862,-31.99370065376752,-24.049301065456007,-50.859476140078186
2025-12-12 17:20:50.235636,Idle,1.9238089008347288,1.6243944146767717,-1.8533898628706993,-9.480705287535784,-29.07421875590478,-40.35536204439421,-45.53779128647898,-69.56618451861164
2025-12-12 17:20:50.239598,Idle,-4.023471163045997,-6.0265316211471145,-9.443787554183018,-6.341047156505283,-23.830653096365268,-30.478535256279656,-29.176480253987393,-60.37803341127608
2025-12-12 17:20:50.242671,Idle,-14.5531190275492,-11.785275323787573,-11.1193599400317,-6.568620613316398,-27.258933794941186,-24.46807797682777,-11.755141309724422,-45.981348742193404
2025-12-12 17:20:50.246735,Idle,-9.63035455517911,-4.441330136652141,-3.4699107594155976,-9.725496871506039,-33.52669693511962,-34.453900438867095,-26.89858746364098,-54.97487596731116
2025-12-12 17:20:50.251732,Idle,0.006456478493419127,1.120481045831184,-1.506311900165656,-8.580428771231709,-30.092162195904166,-39.02486818527359,-40.87654985584413,-67.34783591178893
2025-12-12 17:20:50.255739,Idle,-4.116643252512404,-5.674073741924531,-8.722438967168273,-3.5096396280905537,-22.115791684627766,-26.877536139256335,-22.68713739748455,-56.926621093032736
2025-12-12 17:20:50.259668,Idle,-12.004223131973504,-9.961941784977626,-9.763816274653891,-3.0994798451192764,-24.142178543957925,-21.332237808783248,-8.039753811048286,-44.81706831088195
2025-12-12 17:20:50.263671,Idle,-6.303558453907499,-1.467247363324077,-1.013096549632337,-8.619811545151606,-33.373441813409954,-35.86274211628188,-30.048623405184117,-58.42354009018527
2025-12-12 17:20:50.267725,Idle,1.5239027359207284,3.0272409029153096,0.15736919336450228,-11.231856772599713,-34.43827166580559,-45.57589496647415,-50.30579172040416,-75.34759790280441
2025-12-12 17:20:50.270714,Idle,-7.571121391230918,-9.01538579525186,-12.090808604778431,-7.955102080831239,-27.585463386461925,-32.73533014941859,-28.987580568707926,-63.91469714328923
2025-12-12 17:20:50.275734,Idle,-20.85538295398237,-19.06617395131525,-18.44730218643781,-6.985167001611444,-27.997870328115823,-22.182789918490016,-4.705710617601653,-45.93075804711043
2025-12-12 17:20:50.279749,Idle,-14.335442215483454,-9.223283328589787,-8.141110889482661,-11.910901096345697,-36.984453301529356,-36.44421917868931,-26.401197025616057,-58.52160913031548
2025-12-12 17:20:50.283767,Idle,1.707345839006848,3.7970944751623392,0.7025047484194147,-14.154518011848268,-38.708663440307646,-51.700395039235445,-58.54232024894736,-82.230968652515
2025-12-12 17:20:50.287777,Idle,-1.0804580604326475,-2.745847671089905,-7.044265260708926,-8.613499610154577,-29.368729636991702,-39.45434856230713,-41.61407108023741,-73.25110265220792
2025-12-12 17:20:50.291817,Idle,-17.492071171541284,-16.429547094479858,-16.411810338829127,-3.8762574050106196,-24.90704090120562,-19.870937196261366,-2.8316028389563144,-45.15187414635875
2025-12-12 17:20:50.294754,Idle,-17.22933184001704,-11.882087015487741,-9.77962203959396,-7.337608278086009,-32.36104492594313,-26.94241861235787,-10.329925795307645,-47.322716526490694
2025-12-12 17:20:50.298837,Idle,-0.1624596967412799,2.994698529476409,0.9896710266448281,-12.06022307508647,-37.47041650211031,-47.20060638596624,-49.92261372903886,-75.69782559084706
2025-12-12 17:20:50.302829,Idle,2.9962669044052745,1.4539176770622362,-3.4929161789314094,-9.58810549282498,-31.24084605335156,-44.43175009283004,-50.66154245242433,-79.68841030906333
2025-12-12 17:20:50.307863,Idle,-13.131370683602654,-13.142008361583066,-14.563547123972057,-5.025450622519202,-25.98008009374098,-25.232380105633638,-13.57554794945463,-53.85324621859763
2025-12-12 17:20:50.311854,Idle,-18.77266312935444,-13.762124466466048,-11.693231605433539,-6.74986182712837,-31.449228374094673,-25.139424060314923,-7.296354010781215,-46.08841890441545
2025-12-12 17:20:50.315868,Idle,-3.7767160016746857,0.5659288582546651,-0.19170199236032204,-10.513500546941032,-36.343405101095414,-42.34519435515904,-40.4120778657707,-68.41943401454046
2025-12-12 17:20:50.319831,Idle,4.395442631914193,3.77713023659544,-0.6562299874703967,-7.675039000337165,-29.772265599640377,-42.272378768557246,-47.687579370267486,-76.2332039303219
2025-12-12 17:20:50.322863,Idle,-7.596554798760735,-8.210855661651294,-10.325195210925813,-1.8399525861059374,-22.198673206341482,-23.401629318013875,-13.993313588744059,-53.28780576817371
2025-12-12 17:20:50.326937,Idle,-14.42727830280819,-10.265392246864394,-8.657913142704274,-2.5195570028517977,-26.315262892378087,-20.580763553847646,-3.130384132062318,-42.56981326369714
2025-12-12 17:20:50.330887,Idle,-0.665173591481107,3.8898308772668315,3.396657648699147,-7.363368845260084,-33.272728574011126,-39.0041265447544,-36.69241468028122,-64.55049137641618
2025-12-12 17:20:50.334959,Idle,8.77212075990974,8.567331979059418,4.167549217206215,-6.218729304167937,-28.833756642565277,-42.74759383668061,-50.241203092209616,-76.39537107342767
2025-12-12 17:20:50.339935,Idle,-5.241983627151058,-6.210766732376214,-8.50107868541727,-0.07896180857460422,-19.99923446424873,-21.62398199614472,-13.010415707682114,-51.61355166754947
2025-12-12 17:20:50.344004,Idle,-18.15470326614377,-14.215373159286173,-11.912351798114287,0.154756588046439,-22.610716707280517,-12.86340285246115,9.545317829295527,-33.32833818865038
2025-12-12 17:20:50.348015,Idle,-4.8096840209891525,0.36403877207521873,0.8310362589754732,-6.559209289882347,-32.3236421240108,-34.48506801773692,-27.885945102123515,-57.89173871475214
2025-12-12 17:20:50.351006,Idle,12.82703181476063,12.730285023135366,7.54298292506428,-9.087971844706772,-32.251586825605045,-50.352083832211065,-63.553988807580026,-85.1305895658079
2025-12-12 17:20:50.355015,Idle,2.23296089073483,-0.05734668015429634,-4.362039871553861,-3.68906098444495,-23.21055949123911,-32.3919644464404,-33.65023832447332,-65.900156659809
2025-12-12 17:20:50.358989,Idle,-21.313619929581364,-18.2938709762102,-15.891137021505529,-0.4032620267862512,-21.64340946734228,-10.439456709180376,13.723600217374042,-30.306985716153577
2025-12-12 17:20:50.363059,Idle,-19.106431061113653,-12.791406538865886,-9.347517460042582,-5.387052046668032,-30.151622544042766,-21.454017808224307,-1.2511778176958614,-38.53894229380239
2025-12-12 17:20:50.368059,Idle,4.9574279749940615,6.123055349678907,2.650651254328295,-10.928991295766536,-34.285367393084016,-47.55444914892723,-55.01702580635174,-78.3594950448969
2025-12-12 17:20:50.372094,Idle,11.041807893920122,7.417534563021945,0.474029873611471,-9.473939752331717,-29.077055342222593,-48.23747313253989,-62.5685233487784,-86.24426400502853
2025-12-12 17:20:50.375003,Idle,-10.364145804539476,-9.79920867916826,-10.939447789442966,-5.326713586620826,-25.65378802372652,-25.98860885846807,-16.801306274275703,-52.03490989054262
2025-12-12 17:20:50.379107,Idle,-25.537522342038756,-18.884705661544103,-14.356563298697438,-5.09636557308113,-28.80661464210425,-15.55882634473528,9.999381519523013,-29.56806324169156
2025-12-12 17:20:50.383070,Idle,-13.658612737367548,-9.433990107790123,-8.066495559335635,-7.044531689174619,-29.909315312415856,-26.904258903356094,-14.206430076548713,-47.201629598603176
2025-12-12 17:20:50.387141,Idle,5.386209237127332,2.9909537789408205,-2.0240611650588107,-7.1800329593734205,-26.11080620458233,-39.39436390357878,-46.54929870462365,-72.79800122682354
2025-12-12 17:20:50.391047,Idle,7.597891332104155,5.438475399350864,0.35426452734554914,-6.634915915517922,-25.545817913109204,-39.78570422953635,-48.271730398704676,-72.93720208870945
2025-12-12 17:20:50.395124,Idle,-4.429201255396038,-0.6108634503207213,-0.5433077947045604,-6.374079382416312,-28.738745341062895,-31.48580753895658,-26.337843659457576,-53.48029850660532
2025-12-12 17:20:50.400113,Idle,-15.840250881126849,-10.348781457274526,-7.483892988232583,-3.7392942002697964,-25.907493598773726,-18.68485489126033,-0.99969450629942,-35.0054293704452
2025-12-12 17:20:50.403081,Idle,-17.417170544615146,-16.10275273534262,-15.135352926511587,-0.5069569721163134,-18.55234093475883,-10.851631991645263,8.278366652659315,-31.45027943700552
2025-12-12 17:20:50.407145,Idle,-5.323641112305268,-6.471838295422458,-8.954898992068593,-3.9452174799153,-21.264571201842045,-24.907700672491046,-20.072023365097266,-51.98336770905007
