timestamp,label,FC3,C3,CP3,Cz,FCz,FC4,C4,CP4
2025-12-12 18:23:06.149583,Right,2312.2882686637327,2741.135087564106,2727.0533313496494,2499.245667033103,1425.0257152566178,2335.841207393013,2568.315856671726,2814.686625289427
2025-12-12 18:23:06.166634,Right,12446.315525942431,14754.889626452907,14678.83623644013,13453.297514723039,7725.936881899329,12573.235849559895,13824.420679897717,15151.982612112417
2025-12-12 18:23:06.170638,Right,28501.19507471253,33790.33351171424,33614.94541307648,30810.188208979875,17857.618110204578,28793.875822658516,31658.71192714521,34703.3521435267
2025-12-12 18:23:06.173639,Right,35628.17533347964,42249.30810075425,42026.08175570762,38522.539782754844,22552.774890047338,36002.18754953871,39582.92392828941,43396.85798342092
2025-12-12 18:23:06.177608,Right,24165.227874703094,28672.8189394214,28511.773925370275,26141.323554207593,15367.500517853812,24436.413372970426,26863.063706637302,29457.77499487094
2025-12-12 18:23:06.181684,Right,2874.633593566541,3429.7098025690066,3390.335936684336,3126.7512862831645,1604.0796812450571,2934.594085578312,3215.813482564641,3531.598866057
2025-12-12 18:23:06.184631,Right,-13188.921682447515,-15637.680169976491,-15582.596633010195,-14248.268059811206,-8714.937148528348,-13304.01369751789,-14644.749616993882,-16049.740581170656
2025-12-12 18:23:06.189684,Right,-17313.201312277233,-20545.24229126313,-20461.79054559389,-18714.058823771367,-10938.369112433487,-17484.802357581968,-19242.58752502408,-21083.327259911457
2025-12-12 18:23:06.193699,Right,-12433.795516695478,-14751.856136835879,-14692.431224354834,-13436.6055959863,-7472.729221787071,-12555.20990777068,-13817.474938788393,-15131.94950277917
2025-12-12 18:23:06.197658,Right,-5349.019972551672,-6335.970378867933,-6316.920082118013,-5774.634899907745,-3212.5349225117825,-5389.1447636755765,-5933.399780776002,-6497.425679661566
2025-12-12 18:23:06.201723,Right,-1468.7715142521774,-1737.953219883144,-1742.5709080967354,-1584.188575253007,-1141.124653835257,-1469.875189871178,-1623.759526588372,-1782.3687403933145
2025-12-12 18:23:06.205751,Right,-2297.010524045909,-2731.2547423788346,-2730.2357113912003,-2483.4271126341773,-1532.4964595946367,-2315.2284019432263,-2554.2877428183565,-2799.58852332714
2025-12-12 18:23:06.209749,Right,-5528.187289410736,-6558.914233770571,-6536.737740421202,-5972.852689573076,-3236.7045111512416,-5580.843257928849,-6143.2995444478,-6727.702809878159
2025-12-12 18:23:06.212762,Right,-7539.78128969192,-8933.672962681158,-8899.28177981393,-8144.367202715832,-4639.167155488918,-7608.49104102375,-8370.670782469446,-9173.714901908766
2025-12-12 18:23:06.217759,Right,-6674.699576243642,-7913.364120408194,-7885.366688103415,-7214.884504787624,-4447.462796784937,-6738.984184922301,-7415.544778843294,-8134.551302502514
2025-12-12 18:23:06.221775,Right,-4399.860318795545,-5229.438162181992,-5214.736019991455,-4762.503070634208,-2891.1139420922846,-4452.466955536162,-4903.145856132265,-5377.259930934873
2025-12-12 18:23:06.225736,Right,-3242.990713554318,-3853.7015792591264,-3844.1684040148975,-3509.5536262873793,-1758.6307991185458,-3285.372383416514,-3618.3828373468714,-3960.4465107917786
2025-12-12 18:23:06.231828,Right,-3933.0134084424935,-4655.818262369372,-4641.996695318958,-4250.011186361546,-2260.792581163463,-3973.318881959538,-4371.76696487295,-4788.5669272542
2025-12-12 18:23:06.234821,Right,-4961.426712512737,-5875.14232967468,-5856.525502442615,-5364.198883769917,-3343.0503736492246,-5010.248536191764,-5511.667024364113,-6047.680087702582
2025-12-12 18:23:06.237835,Right,-4745.192009797669,-5633.683437472675,-5615.512545466889,-5136.183657366317,-3212.718853053986,-4800.513998305425,-5282.544679500395,-5796.486987191718
2025-12-12 18:23:06.240774,Right,-3536.4659323000815,-4201.432768626604,-4186.495775403455,-3826.7331036728574,-2014.4468006710522,-3581.0483349111164,-3940.4436112951953,-4316.154178157914
2025-12-12 18:23:06.245841,Right,-2841.6964244036935,-3360.9722431486007,-3346.5931043738965,-3067.6740813800134,-1505.884169257246,-2867.4778833830496,-3152.4273686136585,-3450.715685953619
2025-12-12 18:23:06.249805,Right,-3341.1083709474187,-3947.868739980273,-3929.1532084832434,-3607.3585081428755,-2253.479711665539,-3364.931369105354,-3698.336172674317,-4056.7990202081855
2025-12-12 18:23:06.253880,Right,-4053.366349957534,-4807.142717619892,-4782.566272642463,-4384.095075700665,-2843.3449308838462,-4092.2540934171993,-4499.383842378622,-4935.886682484066
2025-12-12 18:23:06.257902,Right,-3739.210028814967,-4441.889775964897,-4416.05940787564,-4045.2211229710374,-2232.918267442379,-3781.6213388821343,-4157.374501504004,-4552.071037871996
2025-12-12 18:23:06.261917,Right,-2603.5576926224167,-3082.217607202241,-3061.435458702501,-2811.066919842502,-1306.348722287803,-2627.329512236407,-2885.85989873996,-3155.4841068054084
2025-12-12 18:23:06.264920,Right,-1998.5896293122787,-2356.717728757765,-2340.934334449237,-2156.206427176716,-1294.788231672952,-2009.0899945854908,-2206.374215624295,-2419.412686565658
2025-12-12 18:23:06.268928,Right,-2542.51446143433,-3015.0284236844163,-2997.3731234502047,-2752.2507615117356,-1904.604052742594,-2566.027394308825,-2822.207807975821,-3099.128794987686
2025-12-12 18:23:06.272950,Right,-3257.603152384283,-3875.3004535445943,-3851.8333901141305,-3529.9665747690015,-2048.504743810394,-3299.044262784533,-3629.677572945133,-3976.725475973217
2025-12-12 18:23:06.277046,Right,-2942.3521791920066,-3492.596515448997,-3468.6338402631227,-3184.7175673883175,-1565.3653503209352,-2977.90875272674,-3274.0381313792896,-3581.3797746798955
2025-12-12 18:23:06.281996,Right,-1853.9147954020882,-2189.731740035815,-2172.082012966275,-2004.5635219261749,-1149.127697481541,-1869.9568355382653,-2053.9180661318824,-2250.750334212091
2025-12-12 18:23:06.285999,Right,-1320.9180798854213,-1563.481526870979,-1549.6611296483316,-1432.1729905549437,-1121.0214741324307,-1333.3980918736197,-1465.9581710846396,-1613.3145774910226
2025-12-12 18:23:06.290014,Right,-1859.5130707739154,-2211.946005436359,-2193.6913172735367,-2017.2138561314205,-1227.2852713188622,-1884.8100472291699,-2074.602792236954,-2276.1481487050187
2025-12-12 18:23:06.293039,Right,-2491.9105870286003,-2955.2391580315307,-2931.529489405453,-2696.9913623668253,-1292.6243671242846,-2522.040732954396,-2774.32609654672,-3037.2670833282173
2025-12-12 18:23:06.297009,Right,-2180.9421550023835,-2576.407437857124,-2555.433893344947,-2358.813351231045,-1281.1392772434046,-2202.1396400770172,-2420.6555756430607,-2653.943219142733
2025-12-12 18:23:06.301038,Right,-1255.4367771225516,-1486.8136746922974,-1473.68501080852,-1364.2832917615306,-1031.9256885780487,-1272.0130438565975,-1398.114910639939,-1539.0160531067522
2025-12-12 18:23:06.307037,Right,-843.5467537032673,-1012.3393672393868,-1001.9176320924889,-923.79976223025,-609.7776444873889,-866.2673075804487,-952.5885336875217,-1046.113892767462
2025-12-12 18:23:06.310053,Right,-1271.6301636211574,-1515.8457004230004,-1501.159940143465,-1381.8339741439559,-528.1421306505217,-1297.0551218870096,-1425.2604387613246,-1557.3037537235068
2025-12-12 18:23:06.314069,Right,-1723.5428985689068,-2038.061947291717,-2020.0532995206304,-1864.0473177991807,-956.4319799051736,-1742.0149794854224,-1914.3916818456491,-2097.291993235005
2025-12-12 18:23:06.318058,Right,-1463.9314673898043,-1732.2667687734356,-1716.4379533368628,-1585.216966441134,-1187.9353876896785,-1476.8974934414728,-1625.8156023900956,-1788.5509697109228
2025-12-12 18:23:06.321070,Right,-781.5357447081478,-935.5983200342162,-923.0306875809329,-851.3274846846471,-672.9560125504504,-795.3232261526864,-878.7094374486478,-966.4287010004045
2025-12-12 18:23:06.325077,Right,-465.3565552413929,-558.1828979022102,-545.2273024788592,-505.527444461477,-62.72545145516051,-477.7295344186714,-526.8926077560754,-572.0484337487724
2025-12-12 18:23:06.329110,Right,-734.5066554771038,-862.9973065162776,-847.6865837392397,-790.4188355705701,-260.03824838163564,-742.4359640780604,-812.9645542394137,-886.8895201024134
2025-12-12 18:23:06.333103,Right,-1059.5884421692463,-1249.1630022304598,-1232.9644592886325,-1144.712502646842,-878.9848445228417,-1070.705419259728,-1171.9054657141678,-1288.5372609996703
2025-12-12 18:23:06.338118,Right,-923.0786055156495,-1103.0161259891465,-1087.2685140169924,-1004.319733286975,-814.991998343321,-943.5366771082627,-1032.427681081579,-1134.6934296591207
2025-12-12 18:23:06.342144,Right,-435.7177877660142,-527.6246692927089,-512.3992438889109,-476.45761983981356,-86.35048978583654,-455.6096206729417,-494.23030080238823,-535.6563737280667
2025-12-12 18:23:06.346146,Right,-121.61034503119299,-139.7035632734187,-125.48549948097207,-129.86632095789537,198.70534778333968,-129.3151747744414,-132.35204261855688,-138.26388069114182
2025-12-12 18:23:06.349137,Right,-249.91597689961782,-286.13720627577277,-273.17588010255713,-268.00068545585964,-288.1368899475783,-252.72920187743148,-268.184330736578,-296.2098762553651
2025-12-12 18:23:06.353104,Right,-529.5498538549873,-631.1487768950756,-618.0519971580361,-576.190465507796,-604.4383362875669,-541.7579631892149,-589.0602489514858,-650.5027661414933
2025-12-12 18:23:06.357161,Right,-496.28103093785467,-598.7955980020924,-584.8569379516412,-541.2345471457811,-194.63753321848344,-513.8295563626452,-559.2035227635643,-610.3218250320642
2025-12-12 18:23:06.361175,Right,-107.31618374137906,-125.91161784139695,-113.44804333394859,-116.25763759680558,244.30668659412186,-115.05578772508306,-118.36896961153252,-125.406126357615
2025-12-12 18:23:06.366184,Right,209.5742982698721,256.92383556853747,265.83453564706724,225.14959183498286,79.53234013999463,209.82367436570348,239.91930376802338,257.842666045588
2025-12-12 18:23:06.370200,Right,135.02352505747695,156.3855607645237,163.94801595417084,136.82100852683652,-219.24990357278148,126.45185221359134,146.54886013787473,150.2563640717417
2025-12-12 18:23:06.374164,Right,-110.58556898345705,-143.97272884193808,-134.3029091618664,-130.3826233719301,-58.8302787788416,-130.20668843688327,-136.06634036600008,-152.55946939680143
2025-12-12 18:23:06.378240,Right,-93.71413702811697,-112.04154250782449,-101.40977793626371,-104.16929089170299,234.0029229567008,-107.5575237099838,-108.77159585311892,-117.45396874120343
2025-12-12 18:23:06.381179,Right,215.8892090307927,268.1326440832054,275.6047161077149,235.88848800487176,154.3487724052975,215.35222011231235,246.99131875307648,266.0705277125817
2025-12-12 18:23:06.385253,Right,438.0510083107947,524.4987280212517,528.6418785333371,472.51556326613354,-9.522794450975198,438.567866374593,489.1068394265458,525.6627673456533
2025-12-12 18:23:06.389265,Right,362.5795492834659,423.89435959083494,428.82081094489695,388.6978114865851,189.67076889835153,356.390207786324,395.99696182089247,429.4052613511667
2025-12-12 18:23:06.393280,Right,219.84448813451144,261.81517983436544,269.0011649903272,240.31808218533934,436.3809963911708,217.01314660907337,244.3804576484498,269.57989193142066
2025-12-12 18:23:06.398284,Right,280.07692582849995,345.3824244583666,351.6011165640375,310.2140341097329,265.2879612678662,287.8578383288914,325.04650375697383,352.72877461383905
2025-12-12 18:23:06.402304,Right,468.65921842730313,562.9558153985417,566.3479229567602,510.2943415473128,16.09809578255954,477.13927092614176,533.163273023587,573.7163570652629
2025-12-12 18:23:06.405307,Right,560.776193344951,659.4736702706723,662.6441034534073,606.4408854873036,236.31384866194276,561.5051504792937,625.4541295931413,679.4992817245948
2025-12-12 18:23:06.409314,Right,540.5796636525192,641.5012819393014,646.5135285458236,590.2477432767628,616.7370118074468,542.3226661199587,606.7212246445706,667.2470132796443
2025-12-12 18:23:06.413345,Right,543.3451417190081,661.0207278956659,665.9915977263881,599.8220535064465,511.43331188798766,555.0413700621575,623.3780877047975,682.498294568737
2025-12-12 18:23:06.417348,Right,589.0935492500721,714.48073295434,717.8609624714009,646.372839600197,134.46127491010702,602.3020735587925,674.7226049435267,730.3396734616836
2025-12-12 18:23:06.421354,Right,607.167955721321,722.0362639051746,725.99633950711,659.6856295052567,196.18806344058248,611.5198761140928,683.2160864786711,741.3254650526796
2025-12-12 18:23:06.426369,Right,629.5428371085436,748.7158240967547,754.9507358856499,685.2556510503055,613.6560783619061,632.2904873229563,707.1936970071401,775.5953344791778
2025-12-12 18:23:06.429376,Right,728.8937074507121,880.0618864662247,885.9188398965052,796.9818231043173,669.5832959234249,741.089708396059,828.6444763971958,907.2287379583577
2025-12-12 18:23:06.433373,Right,825.3346587313572,994.4264308420825,996.9581692228094,897.4537963033654,323.5624965498282,839.8285705480375,935.5410129152588,1015.4345427132794
2025-12-12 18:23:06.437340,Right,785.0851807707804,930.8232561593177,931.6037636841647,846.0229547033668,256.3319404926442,787.9847623131936,875.2664599442505,949.0172030563117
2025-12-12 18:23:06.441408,Right,681.0045936988317,802.8078333823942,804.7524820153485,733.7807335500256,599.7315413344186,676.4965005691047,752.7882612334215,822.9845664469758
2025-12-12 18:23:06.445372,Right,720.0135352612706,862.1639954696875,864.3131152377464,782.6035371183534,728.0198139587883,723.2463957405416,806.7689778043423,882.5640753116459
2025-12-12 18:23:06.449439,Right,903.595782011631,1084.8034327971982,1084.7087361917365,981.671457856195,457.76912610512227,914.8827021673787,1017.0990704383003,1103.3786741680233
2025-12-12 18:23:06.453433,Right,996.7057631231146,1182.4946005899692,1181.6437735479558,1076.816844968358,370.3636587674846,1003.8879990821006,1111.0125202535419,1202.6196232297225
2025-12-12 18:23:06.457454,Right,889.9922260789899,1049.9168148916215,1051.8055079873884,961.6409468677593,670.154375543294,892.7021745223319,986.2164220643463,1073.1022783028893
2025-12-12 18:23:06.460482,Right,771.5251288734144,921.9677093659993,925.9090384774609,840.1783552464331,779.3427757901372,781.1790996538475,864.2682370377006,942.8999153354671
2025-12-12 18:23:06.465407,Right,834.6685319165699,1004.4123179862509,1006.306397527922,908.9378334528301,461.2651598896482,850.9578372944379,941.2867589314701,1020.7874412433011
2025-12-12 18:23:06.469539,Right,999.1232015326386,1186.9024245257024,1185.8300371823134,1078.4292852596845,321.8629252082901,1008.1271479600109,1112.7246518359752,1206.152545090532
2025-12-12 18:23:06.473518,Right,1057.912200467661,1245.8497701204615,1245.0420300180558,1137.3922049137764,676.3341368923429,1055.9469008239685,1165.786185155972,1273.0936023244867
2025-12-12 18:23:06.477563,Right,971.5841269742232,1152.8491121520055,1153.924890583381,1048.401542862528,899.7494062221376,970.5053872442804,1075.0809821735602,1180.0846747831674
2025-12-12 18:23:06.481538,Right,878.2870965484763,1052.4554341660114,1053.4402832485503,949.9950981732691,556.0310487176175,882.9156611179933,980.3202324539889,1070.934391003102
2025-12-12 18:23:06.485530,Right,890.0307507147081,1056.698656930006,1056.583716835943,957.1846043693367,250.54607085196767,890.596595816547,986.6660627952078,1073.5036269117845
2025-12-12 18:23:06.488540,Right,989.4373127393192,1161.7551815105835,1162.548397436738,1061.1604125601007,565.6451279914472,982.9239685386419,1086.8411793283885,1190.8097092878306
2025-12-12 18:23:06.492523,Right,1078.0364835537039,1274.0651369099505,1276.8775254859356,1162.371381369885,977.8933654004359,1076.7898224780802,1192.4444889095612,1314.528597310069
2025-12-12 18:23:06.497545,Right,1059.6811560640344,1265.8927956662374,1269.0627859719098,1147.3371591790346,768.5574045273243,1069.5318126691272,1186.7960749283666,1303.8473135033855
2025-12-12 18:23:06.501611,Right,935.97235085594,1114.0451443843776,1116.8588977083564,1009.590363228228,312.2371262947563,945.1066755366046,1048.4938415562501,1144.7498777568107
2025-12-12 18:23:06.505589,Right,852.0010608515004,1000.8904565664707,1005.1893923544558,914.721582522965,407.13818377489224,853.0712548223091,944.7044774182141,1034.6624490589602
2025-12-12 18:23:06.509619,Right,945.3609365356388,1115.8484594026813,1122.0249232950155,1021.0204834742472,859.5484009890351,950.1802957918262,1051.6380155457882,1159.5185028363485
2025-12-12 18:23:06.513559,Right,1119.317720694351,1337.221798658953,1342.6124398437096,1216.3698202674277,867.5374292740598,1137.5290438213851,1258.6123119997792,1383.3706383046228
2025-12-12 18:23:06.516628,Right,1122.0311516218353,1339.281795490766,1342.691370986402,1217.697601571912,457.5420456988504,1142.1776423256379,1261.9294204622274,1378.9264461649582
2025-12-12 18:23:06.520644,Right,920.0438896173146,1085.7946036343928,1089.6512068866286,994.4188664145768,372.5056353043765,928.4097895118175,1024.3694847802399,1120.656164572807
2025-12-12 18:23:06.525649,Right,798.2968964227475,941.8908467874862,947.4271458620206,865.4905095761642,707.0929619688541,801.9119231739314,886.4191060612211,977.903517231578
2025-12-12 18:23:06.529652,Right,947.9197338630911,1134.0136013033334,1138.2377377201337,1033.052205936634,810.8755949201295,960.4215191177791,1063.9984081747243,1171.3506426673848
2025-12-12 18:23:06.533669,Right,1148.902418055688,1373.9351416637655,1374.576098624384,1247.901563036372,531.855120671331,1165.784873703844,1289.9752241207752,1409.8336522458121
2025-12-12 18:23:06.537693,Right,1087.2736200343352,1286.026445739204,1285.9074440696277,1174.0195858972147,438.0250275027938,1095.56452758261,1209.5550032274332,1320.6422586920671
2025-12-12 18:23:06.540681,Right,842.711923933588,991.6251840884797,994.1463645158801,909.7217741450295,688.5305719104363,845.9482023128076,932.9031324211974,1025.1616773933638
2025-12-12 18:23:06.544747,Right,770.0375673290109,918.2803903941531,921.5228731161915,837.0260054799728,755.5773481564829,781.6545399645111,862.0210498245433,948.3144832460675
2025-12-12 18:23:06.548721,Right,954.26488054113,1141.096060763346,1141.0144147539977,1035.6276315914001,488.41010430268943,971.9789560886566,1070.0327509813942,1167.9737478992902
2025-12-12 18:23:06.552727,Right,1098.820300556603,1298.628099270165,1295.8599224998616,1184.9453664184548,423.29840090184007,1107.9756367787486,1217.13980885013,1327.1942362794653
2025-12-12 18:23:06.557739,Right,995.3324620223138,1168.3014982591849,1166.7142616352066,1071.762615607353,722.5937184126815,995.0732799229445,1092.7201949527953,1199.1659131925553
2025-12-12 18:23:06.561738,Right,812.9452733420767,963.3799258901272,963.1859722514637,880.1705945499707,807.3265287443064,817.0013241183478,898.5913169761188,989.7411823498551
2025-12-12 18:23:06.565766,Right,798.6520544711966,953.6865309146233,951.32438107091,865.1362272808328,455.5330711673014,810.1193638447439,890.5078475279734,973.0248340717517
2025-12-12 18:23:06.568770,Right,921.0801085081184,1086.3748872999568,1080.8782306329813,990.008269989863,287.3007576719392,928.0731782554649,1017.1189808559138,1107.3820056195837
2025-12-12 18:23:06.572779,Right,979.8801693563582,1145.0142825469375,1139.331583702471,1050.1081162239425,632.9595300399233,978.6753047787352,1071.9654199059587,1174.7473322090227
2025-12-12 18:23:06.576792,Right,912.1702604206512,1073.5567261260003,1069.103940477362,982.0188070808072,866.2344803638989,913.4309064486297,1003.587647252949,1105.217823976418
2025-12-12 18:23:06.580797,Right,819.3536555182654,973.7295579817146,968.4459457877092,884.3078943821602,519.272100760485,826.5102795509156,910.9078070917167,997.353407361079
2025-12-12 18:23:06.585817,Right,784.1785017541843,923.1131670288742,915.9740915121511,840.6538746636361,169.7939100258518,786.4019020113628,865.8640416259877,942.2659404992592
2025-12-12 18:23:06.589836,Right,803.8347231879598,934.7318809840363,927.7574156722985,858.4805588372983,423.4520855292212,797.8902419144288,876.8318588521797,960.5542333282065
2025-12-12 18:23:06.593831,Right,843.4126546396874,990.0287666048389,984.2961145825684,907.1422829858493,812.6001192367403,842.4348129966529,926.6544720025267,1022.4938516097609
2025-12-12 18:23:06.596852,Right,851.0860289589036,1013.5042136274278,1007.2458797506988,920.7369112111628,634.2315014397027,861.6938593366649,948.6876029996201,1041.973064419115
2025-12-12 18:23:06.600859,Right,781.3055104430532,925.3547473982908,917.8165302858688,841.1389029717539,212.17242305271793,790.949751716922,868.7814925611019,946.8024551456328
2025-12-12 18:23:06.604809,Right,682.2898380169645,792.6548387655057,785.9484431243036,728.773724781815,290.3141040568007,681.54042289278,745.8315279758535,815.7904594657011
2025-12-12 18:23:06.608888,Right,676.1579374712892,787.2624834566377,782.2558990505058,725.510058367392,686.9886268901173,675.725927885389,739.4611636488698,816.7213184020948
2025-12-12 18:23:06.612900,Right,771.9606052460149,914.2360657157842,908.3775586895645,834.3692557227332,663.2411226148251,782.840037287795,857.710885287961,943.271167135099
2025-12-12 18:23:06.617863,Right,809.9052556720562,957.2728833616711,949.0602409499697,872.3632653434761,279.9285521156853,822.870379572385,899.4685795428231,980.1911932984367
2025-12-12 18:23:06.622004,Right,697.7877435084665,809.7786254170351,801.7747781716753,745.6485377126373,240.3211771628121,699.9867392672459,761.8906395328231,830.5419569369406
2025-12-12 18:23:06.624995,Right,578.0329899225617,667.720828025369,662.0980740927625,619.1507271172013,568.3139389187563,576.0397838361096,626.7774585993029,690.691850470379
2025-12-12 18:23:06.628941,Right,612.1764831683831,723.0202902543824,717.4611362500582,662.5203291925136,598.6910054186592,619.1232232461916,676.5324531528167,744.8497538918164
2025-12-12 18:23:06.632984,Right,714.6672061042627,846.9013004256412,838.5267728797626,770.8859584099846,249.84042829857208,725.575188142946,792.4119591705967,863.9855731464922
2025-12-12 18:23:06.636984,Right,690.4285186227644,804.109588499181,794.6840345275123,736.2796189985238,165.27326040004846,691.2800871599466,751.6419495650334,819.7150625614449
2025-12-12 18:23:06.640986,Right,554.0702162253438,639.0148344011977,632.1743376585655,587.6649049840635,481.3707050678786,547.4182149352273,594.1224194344832,656.4056237719487
2025-12-12 18:23:06.646009,Right,493.2892938842997,581.8610541964881,577.362170313485,527.9451259920606,567.6448482717387,493.06044533872046,538.7934845016571,598.0179554901551
2025-12-12 18:23:06.650056,Right,552.1888947307598,658.8877597383689,653.9491648408584,592.8103604816133,229.99887123017106,558.1498743180418,613.1478627267061,671.8577568826731
2025-12-12 18:23:06.653049,Right,581.155585693079,681.2786949935835,675.856080065947,619.2311690165661,92.4124835638795,580.8230623748386,637.2427871152759,696.3370820933487
2025-12-12 18:23:06.656975,Right,510.671979859937,590.5799417456146,586.7183352258289,543.1074764734367,419.10001649777405,504.19558423920535,551.97325747367,611.4597001101356
2025-12-12 18:23:06.661058,Right,450.5823974853847,531.1618267880986,528.2912045674166,484.8843510656152,595.6589426524006,451.2717589462409,494.047589191352,551.955114785349
2025-12-12 18:23:06.665047,Right,468.9292514867848,561.8091095000273,557.354952536989,506.84291340608615,268.4555422218982,478.5460775929969,522.7366351914825,575.9640648236964
2025-12-12 18:23:06.669070,Right,478.89658079855144,563.2533139568986,557.4445531312376,512.1941296838922,16.809065298642963,484.31797650130466,525.85390679806,574.5876824228326
2025-12-12 18:23:06.673078,Right,422.76793464645743,487.15776931645814,482.6132382827345,449.7121282753069,284.2297254842706,420.3692859839648,454.63764953473583,502.86254762660246
2025-12-12 18:23:06.677031,Right,382.87020654114895,449.76876256708056,446.23335444845725,412.6226311423816,552.5912317269831,385.08707955502905,418.4683270667447,467.80080628499854
2025-12-12 18:23:06.681097,Right,411.8393551746849,495.18373576027807,489.32240872096736,446.8340854938142,303.1832694641198,423.7430768838385,462.2458549750736,508.7849403042346
2025-12-12 18:23:06.685143,Right,419.1584698985098,494.73178663570434,485.8745256130351,448.8350827820832,-23.187426598044112,429.00263274880126,465.3807871732861,505.46236770087853
2025-12-12 18:23:06.689117,Right,341.667705658474,389.39103074453305,380.97350636462215,361.2626363862073,147.28866136766737,343.33394334383775,368.99145256902557,404.67899720929563
2025-12-12 18:23:06.693139,Right,276.51602685649414,318.5654269295046,312.5527189716231,297.22207849263214,456.5952687599929,281.8550123266177,303.1235193781322,338.6344933458604
2025-12-12 18:23:06.697090,Right,311.46243848558515,374.465345145436,368.66628754348494,342.30735531798564,295.47780128981685,328.98091008816846,357.24319083138835,392.75397702364717
2025-12-12 18:23:06.701195,Right,356.57457966008224,425.16195088706445,417.8697503093863,389.578237026697,-55.264059825683944,375.8510314786108,407.91968175570946,440.65607272379566
2025-12-12 18:23:06.705158,Right,295.97877653315663,341.4208121020347,334.4562110338593,320.5097023140406,39.929239740013145,306.65151191025507,330.21889178280253,359.51494418352377
2025-12-12 18:23:06.708118,Right,194.14553679537494,224.84586188651156,219.50671343004797,214.00047981890384,373.1285977617372,203.9357885858044,218.40045692306012,245.7688082245877
2025-12-12 18:23:06.713177,Right,184.9086705429945,227.9169712656876,221.85598895209841,208.35313670919277,286.4247159785591,203.4626989000244,219.40013685566373,245.29477594676428
2025-12-12 18:23:06.718146,Right,242.20312853401992,293.11920028249733,284.3801218094304,265.4121672222391,-83.28695149807027,261.52154510177206,281.21403678983916,305.5854333868483
2025-12-12 18:23:06.721180,Right,236.65770318417344,270.1906278753886,260.9211714923149,251.16431883745827,-55.19651755975792,244.85448854020797,259.3648455051007,283.66078493057285
2025-12-12 18:23:06.725211,Right,161.295231062104,178.95300402736757,171.6735264880117,169.84009918593802,309.3967916762922,164.0076021954883,170.0753555841511,194.65535624022596
2025-12-12 18:23:06.729234,Right,123.19510702241678,148.0913791685598,141.34496384451631,133.95831235393416,305.9004412571667,132.76878029014915,137.41695168393198,159.12111821153667
2025-12-12 18:23:06.733229,Right,144.50633653090335,176.82931634038687,168.2345039275242,156.14187556609977,-94.86952736508101,157.31458811822813,163.797210863675,180.88015527196694
2025-12-12 18:23:06.736242,Right,144.7769244441297,164.61918587528635,155.57919563248288,151.45689478551503,-175.80401577596786,149.07402221439406,152.42655019357335,169.70198556012474
2025-12-12 18:23:06.740256,Right,106.17046380694956,115.97722736292053,109.39160660898779,111.69504352938384,196.211759704398,105.29687698488124,104.4785708875861,127.41750510595739
2025-12-12 18:23:06.745269,Right,90.95873620797647,112.10733306605835,107.49837210041005,102.54029308212921,313.1914088248741,97.62913991784444,98.38112629193347,123.35578611621168
2025-12-12 18:23:06.749229,Right,97.6534554118407,125.72141420643311,120.71738462126814,110.18316108867293,-65.62315852282336,109.80782558629289,111.93291197990766,129.60214387858286
2025-12-12 18:23:06.753304,Right,61.76018057967303,69.69356098829303,64.6616094011697,64.71376913815038,-264.83503779029706,65.86187144514406,61.561973391799256,70.37153669004329
2025-12-12 18:23:06.757305,Right,4.966249655582942,-5.582859943562653,-8.778519388230052,2.1002592339063995,59.93964443629375,1.209620189270936,-9.158510862849653,-0.695732630614657
2025-12-12 18:23:06.761348,Right,16.802070489968173,20.361133443191648,17.638901376514696,21.42449046188267,290.1978976375831,19.242175511084497,14.053260796004906,27.097266370314173
2025-12-12 18:23:06.764353,Right,72.48461918742396,95.44163893623045,89.77872184221633,84.00633028621087,-8.191202751215314,83.78021626343252,86.13891669822624,97.00402523495723
2025-12-12 18:23:06.768353,Right,46.35543731687358,53.18113681761315,44.653500210668426,50.31783068517689,-294.2729106871411,54.07850285602035,50.179135094746016,50.88933563604951
2025-12-12 18:23:06.773359,Right,-60.25409591186326,-84.72814651642693,-92.71358061843785,-66.75925633631414,-69.20032552987686,-59.17161145224236,-77.37835563672706,-83.90303088922519
2025-12-12 18:23:06.777367,Right,-93.34637429192662,-115.67625803028932,-122.19482088217046,-95.68331903585931,210.4722189156164,-86.06633759400574,-106.52879791060695,-111.48123508266872
2025-12-12 18:23:06.781372,Right,-9.077993876649998,-5.0021863098372705,-12.674115344823804,-0.19876754196593538,7.757512959942687,9.081088854407426,-1.4560834275907837,-3.1150055997422896
2025-12-12 18:23:06.785395,Right,32.15002658992307,35.06942087423522,25.54164334613597,39.19480561465025,-295.46393229428213,47.79400837927824,38.714840767963324,34.00825179897947
2025-12-12 18:23:06.788415,Right,-67.85296000773087,-97.30175351892831,-105.62932560476474,-73.90554007340688,-137.12444048080943,-62.95022337336559,-85.05800995527534,-97.00676533469232
2025-12-12 18:23:06.792446,Right,-171.51417449177825,-214.92422561603598,-220.36735985655105,-182.29735101747792,162.98829785583075,-166.44388562010136,-197.42274255451048,-213.6467656872701
2025-12-12 18:23:06.796428,Right,-135.5978930547135,-159.13449657987803,-163.9218273475708,-139.0145014791924,17.76719457685249,-120.86188269796548,-145.63285069080302,-161.11384957301198
2025-12-12 18:23:06.800379,Right,-51.074700772354845,-62.92523760322365,-68.59295227154507,-51.019896362762665,-309.7806655427121,-35.170027103769826,-53.24267941128346,-66.30551320608356
2025-12-12 18:23:06.805447,Right,-81.65021402577986,-112.33923899414367,-116.79331243949127,-88.3113887119107,-203.1744347531494,-73.63975425882381,-98.30932781996671,-110.40346159692854
2025-12-12 18:23:06.809453,Right,-190.4683623504243,-237.93580297316657,-239.69126344670076,-202.22052446953603,133.8434446746396,-182.45275976217818,-217.4739994861884,-230.96688522447948
2025-12-12 18:23:06.814482,Right,-220.87266110407654,-259.41628107448923,-260.93104153545573,-230.19168427953264,52.27809663883818,-203.71994528506184,-238.70968920199084,-255.15427804680075
2025-12-12 18:23:06.818480,Right,-163.04316107934574,-192.01775563613046,-195.66748597635888,-171.77078141501988,-311.6812374676956,-145.46746204995725,-174.57115729423822,-192.81275955197634
2025-12-12 18:23:06.821500,Right,-141.71522415838263,-181.70345033553895,-185.75464906908746,-156.06525383116968,-277.8621639826015,-136.0438308542216,-164.70283933680912,-181.60165679978672
2025-12-12 18:23:06.824498,Right,-187.74367142705887,-237.79656463665015,-239.86521025755792,-204.89766784173844,94.5695944758263,-188.1789397027169,-219.562606946085,-234.97097056508937
2025-12-12 18:23:06.828495,Right,-213.98173273894645,-255.20529753416486,-256.80889426072827,-227.7638687952276,95.4731557912528,-207.67714435671223,-237.59638848261966,-256.37122970497876
2025-12-12 18:23:06.833472,Right,-197.7576817695808,-233.7396183754754,-237.61601089365286,-211.84286590662668,-311.62908961539506,-188.02862778391864,-216.3082292716863,-241.55507424921234
2025-12-12 18:23:06.837533,Right,-206.98893608821163,-258.60275308439304,-263.92119213693695,-228.10591615328667,-400.0352406242091,-205.62070661249163,-238.36267738601964,-265.10484868985804
2025-12-12 18:23:06.841547,Right,-246.79800335023083,-309.31920683241424,-313.50125922535517,-269.84018629209277,-17.88562250951145,-250.56803742475495,-287.36908661651887,-308.43936628991196
2025-12-12 18:23:06.844495,Right,-249.2078329867254,-297.0455930032276,-300.4009716551336,-264.33606864323156,124.82842495945442,-245.20373650510373,-277.6418630083099,-294.3760582295854
2025-12-12 18:23:06.848563,Right,-222.99353933071689,-257.9058400285794,-262.33627597681334,-233.66558103861826,-237.17802586198013,-212.78373649602872,-239.89240271034942,-260.32995878554357
2025-12-12 18:23:06.852618,Right,-249.5593970192058,-300.54251859559736,-305.10998035200464,-267.24530113170476,-441.5502725698934,-246.2749661505659,-277.91938126439345,-304.48603162838845
2025-12-12 18:23:06.856599,Right,-315.53708292060765,-385.6419820600422,-387.8307318183797,-338.9541602299287,-127.62789223905565,-318.7475948095962,-358.25721913065354,-384.5915060693951
2025-12-12 18:23:06.861608,Right,-316.44773440793506,-374.715667511191,-375.2820371603739,-333.5625584369118,107.712488004021,-312.27794929900847,-349.65935157398053,-371.5381204331061
2025-12-12 18:23:06.865617,Right,-252.71939062525053,-290.03153627953725,-292.13373758731177,-263.23738505956135,-168.90749602326105,-240.01965994933562,-269.6409053813841,-291.87051547791634
2025-12-12 18:23:06.869634,Right,-248.7841102159,-296.3119763840223,-300.0972134739277,-266.2408057493449,-430.1351777773816,-242.78689753478102,-273.8258519041119,-302.31980463833315
2025-12-12 18:23:06.872649,Right,-331.42036547363386,-405.28202704523574,-407.8868732978299,-359.90987143089296,-187.7852028500056,-337.2205826781865,-376.83788114375784,-409.74019182036864
2025-12-12 18:23:06.876647,Right,-367.99120383756235,-439.44147708799574,-440.57713844566024,-394.9769300312619,95.1511116046895,-372.00379138227436,-411.44214757942245,-443.3324168647523
2025-12-12 18:23:06.880661,Right,-298.15109875495546,-344.3355395659164,-347.13774201326305,-316.34153746499214,-119.8005284005194,-292.67206249554874,-322.5481002574961,-353.13528965829755
2025-12-12 18:23:06.884727,Right,-248.83572136124712,-292.7761446291406,-298.2292287273158,-267.9646747208317,-437.0360661839368,-244.38563511526445,-272.30144243867835,-305.1616227568884
2025-12-12 18:23:06.888682,Right,-314.688481850113,-382.8226824074227,-387.9864437506476,-343.04996781493537,-274.41119123235694,-318.655593315023,-356.90568507034914,-392.3852031181741
2025-12-12 18:23:06.893729,Right,-391.33666367831756,-466.74594340950716,-469.9915110391448,-421.5029239425494,43.5217761900567,-394.0394182256132,-438.71085406135535,-473.7992489018652
2025-12-12 18:23:06.897713,Right,-361.4864362066146,-416.59779460332356,-420.1019005777198,-385.23187692349893,-99.263712975604,-355.6178343392676,-393.851089285512,-427.4906007380341
2025-12-12 18:23:06.900705,Right,-298.8378671813116,-345.1606701114797,-350.1365522185806,-322.24463884028955,-445.4138301164203,-294.9016785513086,-326.5140489975456,-359.9369871519157
2025-12-12 18:23:06.904671,Right,-326.56398056959733,-390.8833653263282,-394.7379310341785,-357.59795684489654,-343.35951912554447,-334.42275375284953,-369.6508378883591,-402.7077652440639
2025-12-12 18:23:06.908717,Right,-396.073674447136,-470.36826811445644,-471.43664812564384,-429.0192937653628,24.24487939151004,-406.6863816881669,-446.4517786204233,-478.4472630058881
2025-12-12 18:23:06.912748,Right,-385.2896477524191,-443.69673300383147,-444.84115681634285,-411.4977052079048,-27.37716680613812,-386.9495006140205,-422.4958064064849,-455.61051845306065
2025-12-12 18:23:06.916767,Right,-322.5223683944787,-370.92888033314375,-375.0538204203476,-346.7258238589857,-405.94528882190934,-321.69397711451165,-352.45566430984763,-389.47275971330237
2025-12-12 18:23:06.921769,Right,-324.8582024908392,-388.8411808323581,-394.2293654185487,-355.88578338961815,-412.07279325899435,-333.1537318220362,-368.01857655873755,-407.3973519554711
2025-12-12 18:23:06.924785,Right,-379.98404639580986,-455.0545766148716,-458.87683655903675,-413.4998345680069,-45.37966715672519,-392.071637198329,-431.8740643550991,-470.01392939465586
2025-12-12 18:23:06.927773,Right,-379.84529359667795,-439.43932367977686,-442.9544255416258,-406.2515751546016,-3.306591169035528,-383.80370247148676,-418.9642598176724,-456.8070784181473
2025-12-12 18:23:06.932742,Right,-330.41102209931705,-377.1361724905437,-383.2698372853338,-353.46973543579224,-373.5794825050689,-330.8697904761648,-359.2857915997738,-401.31395994569175
2025-12-12 18:23:06.936802,Right,-336.317980650987,-398.8973259679042,-407.03147146693664,-367.14500299526844,-467.99868353511556,-346.4851570731262,-377.8602923284052,-424.5648578418768
2025-12-12 18:23:06.940837,Right,-394.651354243455,-474.7815663245274,-482.3181432194542,-431.6481193812797,-109.88955115425051,-411.8273215670488,-449.8333126506768,-496.76852957106894
2025-12-12 18:23:06.944854,Right,-394.91687237110455,-463.53498517902335,-470.8628601875389,-426.82276607037056,33.91105691471603,-405.34651396848494,-441.07531155098695,-486.03320354392054
2025-12-12 18:23:06.949783,Right,-329.2783154135104,-380.10060365637764,-389.4999791473965,-355.5715025551617,-302.3520768894523,-333.2658992173965,-362.5271263497416,-408.0979540285771
2025-12-12 18:23:06.952804,Right,-315.1099046264426,-376.0022781431908,-386.6451749546104,-345.9565225018887,-489.7640377149801,-325.4776926737977,-357.56935308658285,-405.20310821250314
2025-12-12 18:23:06.955875,Right,-379.99852555803955,-460.90028903185157,-469.49325050535845,-416.4263556954684,-182.635593774874,-397.00501137651736,-438.20107059006114,-485.10734822117956
2025-12-12 18:23:06.960876,Right,-407.8421768871485,-481.943807284988,-488.0872024570126,-439.46532862761524,37.51957815961214,-417.6481073938194,-459.8453560129856,-504.09299089747947
2025-12-12 18:23:06.964879,Right,-350.6480319862603,-403.5541283010971,-410.07669205602724,-375.0591432793299,-245.16755389346508,-350.3946957947337,-385.8789910307969,-429.7069729794166
2025-12-12 18:23:06.968881,Right,-315.6561854692991,-370.93216372234747,-378.7698837214848,-343.00380718981614,-500.7986013488262,-318.64960453414824,-353.39210483885836,-398.4933757004328
2025-12-12 18:23:06.972981,Right,-366.8977488790406,-441.04643401753856,-448.23564264178276,-401.02545740403,-248.72326114570023,-378.5927562023862,-419.55420740455156,-463.49562953657005
2025-12-12 18:23:06.976974,Right,-409.3267029392882,-480.98713880823925,-487.3323976441752,-440.8707157629542,38.00642737100134,-419.0031415114645,-459.7266066232114,-500.53247748629656
2025-12-12 18:23:06.980970,Right,-366.9151016121032,-417.56546989583876,-425.76322268659715,-391.2893200420076,-182.93817356490763,-369.9787116837688,-401.77200022520265,-441.9510015225969
2025-12-12 18:23:06.983965,Right,-320.37843006273033,-369.3630069207866,-380.1460347038228,-346.7046577199362,-504.197190011153,-328.574970490532,-356.35807087965077,-398.3496987214312
2025-12-12 18:23:06.988966,Right,-351.9065553796827,-419.8419260646915,-430.2902992282761,-385.92908054450527,-326.9744363100035,-371.6335968093481,-404.7297161320457,-446.1342797756661
2025-12-12 18:23:06.992965,Right,-393.1586282197968,-463.08581338613294,-471.62422277603764,-426.28082637221087,17.895641306007747,-412.4948317481321,-447.68067257490475,-485.6325660747243
2025-12-12 18:23:06.996928,Right,-360.11180682404665,-409.96577603917103,-418.9970000835601,-385.3099519299576,-114.41283937048865,-369.41144638345577,-397.8724951175973,-434.7581709679216
2025-12-12 18:23:07.000989,Right,-314.1496195734362,-359.2857083949493,-370.6047774098115,-338.9452078798786,-477.3395474686986,-322.37357965216506,-346.9189417589223,-386.4583777396474
2025-12-12 18:23:07.005013,Right,-342.7377511644736,-407.6891194343334,-419.16472532215994,-374.7957819637377,-391.3683376562549,-359.3936889874167,-389.0873635527678,-429.4718522633193
2025-12-12 18:23:07.009029,Right,-389.0958006986766,-461.0500678368844,-470.6123120303964,-421.32437226735055,-11.005119087349158,-405.528938633448,-438.0780365000246,-474.8424925325671
2025-12-12 18:23:07.012026,Right,-358.59399615204893,-410.76515471888706,-420.11272399604786,-381.860037118895,-34.790246858261526,-363.4875902967178,-389.3753089114325,-423.30620615556836
2025-12-12 18:23:07.016027,Right,-302.4752545413794,-344.7948740980355,-355.9085576137295,-322.5321935013635,-403.16133043303853,-302.5730130050215,-323.9427371501224,-359.944312134292
2025-12-12 18:23:07.020057,Right,-326.06580855563516,-387.7704170763027,-398.91545368533116,-352.95261608227156,-415.2594610195956,-333.46611415367806,-361.91125377232675,-400.6672016202938
2025-12-12 18:23:07.025051,Right,-386.6558178020641,-461.6447835887084,-470.50226454017684,-415.97851506632287,-39.69836000178475,-396.59834850754123,-432.5259833391756,-469.6240244379733
2025-12-12 18:23:07.029083,Right,-364.756663224136,-421.40155628242064,-429.4396001107525,-385.8433279740857,31.62758676277008,-365.4519992461428,-396.8199857948348,-430.61293995496817
2025-12-12 18:23:07.033092,Right,-286.689979817369,-325.26974960020743,-334.9609853986185,-302.8928991755238,-320.86670030787354,-282.63447989162523,-306.10910536081064,-340.2414499791339
2025-12-12 18:23:07.037088,Right,-283.5345812930027,-335.77765624737367,-345.74508387828246,-307.17653398169205,-427.92995335394517,-288.40376361017115,-314.6352417828748,-351.40385346021503
2025-12-12 18:23:07.041104,Right,-353.2387629643781,-424.8449173102854,-432.09165323199704,-384.3524776875274,-91.86504498624709,-365.22077804338187,-398.8662054600427,-435.74124112317804
2025-12-12 18:23:07.044156,Right,-362.88158133637626,-424.6281839617295,-429.7834891739767,-390.53387705713976,45.404032037069555,-368.26710974622983,-399.6108030434698,-434.2286329814233
2025-12-12 18:23:07.048075,Right,-290.5970735370647,-333.08915374299977,-338.9309566320153,-313.6069269339787,-285.50894581055036,-288.93709964794107,-312.23931721865665,-345.8429008438252
2025-12-12 18:23:07.053174,Right,-264.5472205815604,-314.6370942767244,-320.72816863725893,-292.97593664960004,-469.277074817277,-268.688902731752,-293.0781050309306,-326.81159516994376
2025-12-12 18:23:07.057168,Right,-328.4309632690856,-398.21374088618904,-401.74276241648477,-363.7224327066215,-159.06376510625705,-339.92626191326417,-372.81237624643836,-405.07782575907186
2025-12-12 18:23:07.061197,Right,-363.4763360450743,-427.73870290583,-429.0745609633159,-394.76893141225446,68.89238950685831,-369.7191099127522,-403.45558780420106,-433.43543174501974
2025-12-12 18:23:07.064209,Right,-305.2765050086891,-348.2808411233127,-350.8660916336812,-328.57786929409485,-207.3444020349998,-303.4799396597082,-329.3885827647755,-359.1425466465298
2025-12-12 18:23:07.068186,Right,-255.23826678388286,-298.48660271568224,-303.0071115597384,-279.56863695324864,-463.0557332924218,-257.816609136411,-281.12782898324076,-311.5798990901094
2025-12-12 18:23:07.072212,Right,-290.52016402070876,-350.8589263196336,-354.209188768873,-320.2207538415678,-208.6772681780858,-301.6097826976329,-330.2899393722182,-359.056472254917
2025-12-12 18:23:07.076359,Right,-329.85088539507706,-388.0875185254263,-389.0239634915488,-356.8367276719073,89.78930347471032,-337.21399894868955,-366.66725365642924,-392.68325757503044
2025-12-12 18:23:07.081239,Right,-293.67663947236724,-332.1599843048025,-333.4305386254564,-313.7624617050169,-121.3580081598484,-291.43817034107633,-313.70314983057324,-339.98059816716705
2025-12-12 18:23:07.085188,Right,-248.6417679283768,-285.4476409123745,-288.75567805359606,-270.1848598412471,-446.92083000123966,-248.33363671903498,-267.5473116518697,-295.9234615673777
2025-12-12 18:23:07.089267,Right,-271.5570114913862,-326.14818433043547,-329.37739905237686,-299.60307601606473,-278.45637176238233,-280.65964826056734,-305.28170331404544,-332.36688274506014
2025-12-12 18:23:07.092281,Right,-301.91579346661456,-357.68197994248476,-359.20527200459037,-328.0861567921238,69.79383110831259,-309.90447776170913,-336.8539149593562,-359.4164269269677
2025-12-12 18:23:07.096240,Right,-264.00090560736135,-299.57465150544886,-301.2025444044266,-281.853990606498,-50.64357031113468,-261.91899363324046,-282.96269575704355,-303.8616225775331
2025-12-12 18:23:07.100313,Right,-218.60005549516063,-249.32538851490244,-252.5504983596038,-235.83031326439232,-408.2923598619527,-215.6158292121254,-233.59217357472517,-257.49511167337187
2025-12-12 18:23:07.104301,Right,-247.53232099476736,-297.7085288732778,-300.8236176427454,-271.7054519173689,-323.28861405700445,-253.7846819839906,-277.1763622077415,-303.2131315495353
2025-12-12 18:23:07.109260,Right,-289.9164799261489,-346.60655045195017,-348.3350364364451,-314.0629646180896,60.679130499542225,-297.87344105157536,-323.6246116878465,-347.75212991051376
2025-12-12 18:23:07.113328,Right,-250.4871470007347,-286.31305353401694,-288.92077531979885,-265.85248760704417,42.28763793304097,-249.51315385580529,-267.41485574503895,-290.1306214866927
2025-12-12 18:23:07.117342,Right,-183.38510664994828,-207.45249074790627,-213.02606083708815,-196.16095537040383,-330.37037852342473,-180.0101519919699,-191.81144677987322,-217.48922802787274
2025-12-12 18:23:07.120352,Right,-199.28917421534425,-241.1190387540264,-247.64871171384584,-219.97800223890226,-353.4414113693638,-205.00035921804374,-222.54463886749,-251.74710001342464
2025-12-12 18:23:07.124348,Right,-259.26375314360484,-314.1412290415028,-318.8580794867594,-283.7512026147451,17.418176784412935,-268.62443029950373,-293.1436706717359,-321.5927000014344
2025-12-12 18:23:07.128364,Right,-241.69328492844943,-278.6147610557964,-282.5978206815198,-258.98550841689575,89.94241720996797,-242.22784351801965,-262.1984809660353,-287.7897305699298
2025-12-12 18:23:07.132369,Right,-166.6499710510834,-184.97102240938693,-190.52801300329156,-179.29281651647761,-265.393314558547,-162.57158398232423,-174.22019003354944,-199.33199345250614
2025-12-12 18:23:07.137382,Right,-162.5355227193213,-192.9158724846784,-198.7222764706239,-182.09800406103022,-374.28966885834234,-167.8056982716662,-181.0644160718657,-206.7513451341074
2025-12-12 18:23:07.141400,Right,-231.27143937774235,-279.35585764446296,-282.53916310414206,-257.13340409542434,-23.28650976199424,-244.24971935129724,-263.8650279234862,-287.30814246158116
2025-12-12 18:23:07.145416,Right,-243.11444046662655,-280.0044908808777,-281.4444699418964,-263.5600648217951,141.34987855813233,-249.75021821353585,-266.6530504252296,-286.44743556296453
2025-12-12 18:23:07.148418,Right,-171.0232278223266,-187.08867317915428,-190.21794303460047,-184.3040535908658,-174.9681027935003,-170.87454935646383,-179.15542743890546,-198.21891518181656
2025-12-12 18:23:07.152433,Right,-134.99696037039394,-156.61209802690428,-161.87881216977257,-151.41416416241555,-366.3685066769831,-141.92405272711767,-149.3583492069738,-170.0107400029665
2025-12-12 18:23:07.156386,Right,-180.23047791817226,-219.54974520148244,-224.52303981222212,-202.12212086445652,-66.93949198181508,-196.77472705265973,-209.61793820210733,-230.0872882399708
2025-12-12 18:23:07.160458,Right,-200.53218273149105,-233.04688027582597,-237.5438945244532,-217.8765074542025,161.23780931567308,-213.80212158418726,-224.7393652437022,-243.22870770760346
2025-12-12 18:23:07.164457,Right,-141.77020249073394,-152.9683459554799,-159.28638696856797,-151.12940273585264,-115.41085993841989,-147.8575838606339,-149.83116730925394,-167.83681854745373
2025-12-12 18:23:07.169504,Right,-102.25844761036569,-115.10965683334507,-122.99881352885859,-113.12511571805226,-381.6330547503894,-112.80341394204879,-112.93344764865469,-131.51817256282084
2025-12-12 18:23:07.173495,Right,-146.57112097670324,-178.34791801508982,-184.69990762375528,-163.40590258105658,-131.74395638640271,-165.280160403403,-172.81441336194985,-189.63518471398856
2025-12-12 18:23:07.176446,Right,-184.17564261174994,-214.0679165086476,-218.4261410816689,-198.22819913120475,182.6562786346767,-198.06950310437242,-208.542448532884,-222.06602758797817
2025-12-12 18:23:07.180515,Right,-138.61449246585835,-147.1293333231588,-152.72808940830873,-144.9526465354138,-8.300418214523233,-141.26362656685524,-145.74288336915197,-158.75549563224195
2025-12-12 18:23:07.184522,Right,-88.586047145247,-94.61417052638717,-102.67920609656721,-96.05337498971494,-331.4954617333133,-92.22933726519113,-93.68867711123312,-108.72327341517666
2025-12-12 18:23:07.188533,Right,-117.30074440175667,-142.8705211021006,-150.55857046484016,-132.2886306742439,-170.94168102479307,-130.846337029594,-137.17294457479147,-151.75176735699642
2025-12-12 18:23:07.192543,Right,-155.46092036453774,-184.189885390806,-189.9403105894453,-169.82626132876612,180.0394353204756,-168.65520459605614,-176.55060600978322,-187.3583392755245
2025-12-12 18:23:07.197553,Right,-114.29176398692653,-121.84590966405813,-128.2093373297248,-120.35139502282254,69.88348300597863,-116.96686553308973,-118.12258900905726,-127.10849082219647
2025-12-12 18:23:07.200559,Right,-56.38310338574229,-56.11450712190708,-64.87177097419044,-61.103388395975344,-289.8514119227475,-56.84896021417808,-54.81776775751496,-66.23271428287262
2025-12-12 18:23:07.204588,Right,-79.63947491568979,-97.70206436910667,-106.37450492259813,-91.33232158841565,-220.28585520098568,-88.46684761386132,-93.38765271008015,-106.81873810582329
2025-12-12 18:23:07.208591,Right,-131.54616581526352,-157.85373426473234,-164.04110962024424,-143.852595821023,153.7987112981209,-141.7003957137931,-151.54051465407247,-163.25946708890842
2025-12-12 18:23:07.212596,Right,-104.64143269590568,-111.56278609629953,-117.08525722200284,-107.92683627043152,138.23344685166376,-105.20526455849176,-108.59744220273569,-118.45861337013775
2025-12-12 18:23:07.216616,Right,-37.117429723148234,-31.242861979233567,-38.569787014159374,-36.317441365506966,-230.49969290636363,-34.43646114808507,-30.932254674262367,-42.03901064337697
2025-12-12 18:23:07.220559,Right,-43.36414280493045,-53.71862950292416,-61.44067823502701,-49.28103122120956,-253.88733882049564,-49.52263012598269,-50.540590332762804,-62.59902958822204
2025-12-12 18:23:07.225641,Right,-101.76078560872702,-126.39813668030547,-131.98383359564468,-112.10655897401739,120.27222393554985,-111.87364652979886,-120.58042441046564,-129.6580663099303
2025-12-12 18:23:07.228579,Right,-94.39570354885655,-104.80130901298253,-109.21444087830605,-99.47764943604125,199.11639176684548,-95.58526846591849,-102.14866831112886,-107.29819177661557
2025-12-12 18:23:07.231645,Right,-25.677065198135097,-20.22452103550313,-25.833791055716574,-27.3944830155815,-159.50841388461413,-21.326541378046386,-21.23024055652786,-25.583808614930604
2025-12-12 18:23:07.236677,Right,-13.340513596951496,-19.650092926051002,-25.637842233583797,-21.660041663853917,-281.75726848392515,-17.3424551023636,-18.356743719719816,-22.959022093680687
2025-12-12 18:23:07.240664,Right,-69.09079532738542,-91.27314163278788,-95.27478914876701,-82.81394288677257,60.80074176762719,-80.65512627211865,-86.40301719587296,-88.57804266916355
2025-12-12 18:23:07.244686,Right,-78.31873720430303,-88.46614509751089,-91.24186825682409,-86.59482441405999,224.59175735682948,-83.9669879473513,-86.18075623881305,-85.3752461609547
2025-12-12 18:23:07.248650,Right,-15.370172327267937,-5.546273825399112,-9.660289262945298,-17.439001389138866,-99.09521963392035,-13.92781735031167,-8.410701872431673,-8.237963287276216
2025-12-12 18:23:07.252767,Right,9.701748591323849,12.482667981064878,7.712918963748962,3.5049026151536964,-303.7354077521886,5.776698621571995,10.015063163649756,7.845243742980529
2025-12-12 18:23:07.256718,Right,-40.860099586308934,-56.668117477267515,-58.95580522494856,-52.891853476758115,-1.154224818572402,-52.035226782842074,-55.4846692441497,-56.62488290620968
2025-12-12 18:23:07.259761,Right,-61.92864156939322,-70.91447232384235,-70.66381833527703,-69.4473398232949,252.74051712660003,-67.90578062477289,-71.22713370335987,-68.75883150240406
2025-12-12 18:23:07.264736,Right,-4.355971740442328,8.037539814657066,7.665269484976307,-4.363772322773002,-1.663569678523345,-2.193569566588849,2.1003735244157724,5.417229349550325
2025-12-12 18:23:07.268829,Right,32.18087573786033,42.1001268113032,40.40109432343161,29.593530709738843,-269.53253235292505,29.74850509670796,34.95406689419178,35.958187825628556
2025-12-12 18:23:07.272708,Right,-12.030094710964477,-22.330934276105836,-22.401787102455273,-21.39117698650807,-31.406159879348706,-23.733129762724275,-25.777998467965517,-25.24555225565564
2025-12-12 18:23:07.276818,Right,-41.92991819023155,-50.76369467837503,-47.82645096140914,-47.95409026852576,281.69946751676616,-50.071644264186034,-53.26805581833469,-50.15141049970407
2025-12-12 18:23:07.280783,Right,13.879673257702962,27.19621672737412,31.066466706746724,17.776348376908572,94.54695504379924,17.027454396127723,22.399390915845288,26.6883856128552
2025-12-12 18:23:07.284806,Right,64.7737951707386,81.1983148768195,85.05694593445514,70.6681916739908,-234.44846530121868,69.15696710039629,78.91476656874875,81.37349807302235
2025-12-12 18:23:07.287812,Right,23.463274146139156,19.65160265006125,25.664721075096168,24.736627278092783,-82.66958422819152,21.685403215611586,25.513523275207262,27.23885532974964
2025-12-12 18:23:07.291824,Right,-29.86373412568355,-38.07058471729397,-29.103977614373434,-26.022425135073718,272.3948644740158,-27.768893878848758,-27.978138368518557,-24.090916718239896
2025-12-12 18:23:07.296829,Right,7.764053423539735,20.615415892592864,29.7031334558269,20.770460222120164,172.66799895535223,22.307226022094255,27.0985978935787,32.034211725287605
2025-12-12 18:23:07.300866,Right,73.64352591705392,95.1903972363798,102.63495994816185,87.60206931529683,-190.19476230067085,90.43589228650671,98.04819162006606,100.71868231173721
2025-12-12 18:23:07.304869,Right,55.10931358329253,58.29484284186037,66.60054714497528,60.189587625616696,-135.30535185827466,62.20463187037967,62.52397458025371,63.5744107713399
2025-12-12 18:23:07.308889,Right,-4.307901693828171,-10.7681141148787,0.7878108926233836,-2.7556781458551995,233.01822497566172,-0.34446580172516406,-6.256777464644983,-3.1739743128127884
2025-12-12 18:23:07.311886,Right,11.975051496381639,24.116082382766763,37.15530584656517,19.998031203984283,223.13035023240082,23.95555122225778,23.26980142877437,28.89513514752616
2025-12-12 18:23:07.315965,Right,78.28609424288152,104.38521204030258,116.6432991749025,89.06005400579306,-145.84770817002573,91.94320123075158,98.86412186009693,104.51084129628725
2025-12-12 18:23:07.319956,Right,78.46530388115207,90.16004179642187,103.20929806129425,82.06685456912965,-179.10253180186555,80.8692463268817,86.33926642648294,92.14958318378194
2025-12-12 18:23:07.323903,Right,22.782637260621414,21.03933149742079,37.11099298321642,21.85892452785629,190.6276572245406,17.949806652526604,19.759379546099808,28.64562342609861
2025-12-12 18:23:07.328950,Right,24.012008904159302,36.61504556937143,53.95745207852451,28.624459257320268,275.1342635025794,25.437752592610195,32.279132480267435,44.1287007140927
2025-12-12 18:23:07.331953,Right,83.57856327123591,112.37432223951328,127.99265761685092,92.28086848038947,-80.07594885595609,90.21938186814077,104.00615703570656,115.12953606041265
2025-12-12 18:23:07.335967,Right,91.66292085748864,108.96403727907455,123.74369288612797,94.77714825439034,-205.12851181530277,92.29080434904608,102.5823451159522,111.90557945499313
2025-12-12 18:23:07.340958,Right,37.25416115950793,37.90542910643853,54.64932334702462,36.06797392733279,139.75435261616076,34.147055638357415,35.96635379154759,46.54632663819939
2025-12-12 18:23:07.344981,Right,29.624603777003358,40.48266675986815,58.58194967947202,34.87480845778191,313.7047601154627,36.02486293815309,38.19444439194922,50.99949468713021
2025-12-12 18:23:07.348989,Right,91.01224388180708,119.9337861535605,136.53370454569813,103.13254590585711,-5.787095914594829,106.46308749831223,114.97882309774286,126.52073757517792
2025-12-12 18:23:07.351977,Right,112.67869405257807,133.28606554756698,148.65724143374246,121.06535010025254,-217.79823836708965,122.71096204055357,130.28651808785798,138.8345874513907
2025-12-12 18:23:07.356002,Right,58.9791118780995,60.51536554435734,77.60295297490666,62.00314076911309,79.4767486799683,60.63016379564942,61.82642956805648,70.79648591198202
2025-12-12 18:23:07.360007,Right,36.244466435251525,45.082770653258194,64.09650390519528,44.527822985415696,337.01478109835443,42.46207486130879,45.61209362356749,57.6508901182533
2025-12-12 18:23:07.363966,Right,94.41904548194725,125.9367632765643,144.1022490251562,110.90681745199254,79.34860748153733,109.4285579398711,122.34148591791745,134.8583355401206
2025-12-12 18:23:07.368039,Right,131.20292112525203,161.0984081603092,178.0790975893833,145.13199400322628,-209.5245824812082,142.84703424155305,158.49380336765898,168.84255205848604
2025-12-12 18:23:07.373042,Right,81.11576753454574,89.88751939723443,108.72934074795921,87.56487731698144,7.588162308034953,84.43225971864013,93.37814667633211,104.01975441238028
2025-12-12 18:23:07.377014,Right,38.979453590349294,47.22777167966706,68.92543776374805,48.09468884803937,319.1838212942457,46.844162320565374,53.699139749543974,67.64656264059886
2025-12-12 18:23:07.380078,Right,85.25442569016741,114.40748428279767,135.99684985449858,103.91368183048326,139.235461609489,105.60282724041463,119.3788425171806,134.22076794581517
2025-12-12 18:23:07.384090,Right,137.049358705568,168.95249709621567,188.39342306715844,156.38976128182549,-195.29836991762568,158.22647263874387,174.96558544753498,186.4330266199977
2025-12-12 18:23:07.388086,Right,103.10301695812814,113.77808660773735,132.40264439054044,114.33555412526766,-57.977096659928065,113.93107061265619,124.04719499967905,132.61817761623388
2025-12-12 18:23:07.392115,Right,53.83994831351447,58.150500540214125,76.43203482796616,62.80946708414558,292.5606458217226,61.137294408483285,67.39510050886747,76.22627349571485
2025-12-12 18:23:07.396151,Right,89.3711089982171,113.22532970828979,128.43961105702692,103.71839728545092,198.43652968778042,101.76112370947885,113.77782817133266,122.42399044628837
2025-12-12 18:23:07.401149,Right,152.46466360758495,184.74640508111042,195.55331806322465,166.6319202028244,-163.08376734638296,162.68152757426833,178.0214180711464,183.56216727532228
2025-12-12 18:23:07.405129,Right,135.40827259627622,149.35680366614906,159.00035996182487,141.76197452473298,-111.38059772675842,134.75158915450265,142.2579050101731,145.11688333332586
2025-12-12 18:23:07.408102,Right,80.27445795736276,83.91744136823672,95.72041653541237,84.692765416469,260.8223576951186,76.80298660186213,76.68370520692974,80.07763406732863
2025-12-12 18:23:07.412157,Right,98.9420263398024,120.13057744502572,132.98635234638277,110.71141953868755,259.487072671388,103.4528807376555,107.4113875762805,111.86606831018071
2025-12-12 18:23:07.416171,Right,163.6979618986561,197.93775735468353,209.59526304786414,178.22559665470544,-110.55874565391377,169.03997561512006,180.41996582727006,184.00653563105516
2025-12-12 18:23:07.420183,Right,159.4274071855034,178.21452916340422,189.97466572640406,166.47159624379492,-153.15163966558862,152.77639726448615,163.02754004165035,166.7992705309589
2025-12-12 18:23:07.424191,Right,98.20849987710608,102.15328930765463,116.39878150522418,100.92657279835112,216.33857690733748,84.84094866945088,91.59712564821893,99.40750173413107
2025-12-12 18:23:07.429205,Right,95.08348185579598,112.47489771334585,128.0817980776119,104.7131977263125,312.0212413424224,89.92003867186577,102.05379885717412,114.3727693529072
2025-12-12 18:23:07.433210,Right,152.25726821689022,186.20375898757266,200.66629485180601,168.29112354569224,-38.98285815860072,154.42259325203486,174.77503728694865,187.9263931167734
2025-12-12 18:23:07.436162,Right,156.71959960449385,180.0691312155759,194.305405750114,169.02088009581348,-172.78530657289411,153.4500256859319,172.2784465790246,184.89270422258414
2025-12-12 18:23:07.440236,Right,94.89538277849351,102.05985973499628,118.81924487592187,103.08602701407654,168.5640216379361,86.64990592007234,98.63470961770508,113.68615843231237
2025-12-12 18:23:07.445251,Right,80.22476285918674,98.1068067764063,117.03940447179775,93.95418883750972,353.3069972438534,80.14062955157715,93.3320624077096,112.17687051545363
2025-12-12 18:23:07.450305,Right,140.43907376672723,177.53449145716877,196.32141520112054,160.659266074872,40.83938193381255,150.01507814048819,170.02708281182277,189.5442374399281
2025-12-12 18:23:07.453256,Right,164.00850474724575,193.38619679871772,212.85267335150274,181.08395103676594,-182.72197181048978,171.07689740684873,190.25663935528428,208.3240569591726
2025-12-12 18:23:07.456215,Right,107.63753847591579,116.49784181406721,139.85687548937858,119.8931954716827,97.4995919860994,109.73574910614843,121.79333416788722,140.822502213603
2025-12-12 18:23:07.461314,Right,76.48314947998006,89.9526135474589,117.07634659833275,93.72144219420443,350.8213236207921,84.79816593509167,97.34015258523868,119.20534055464668
2025-12-12 18:23:07.464296,Right,127.76880768727278,162.23262785977568,189.27918608563778,152.33675564716395,97.95541824694374,144.00586127201677,164.88392381837184,186.68228865458514
2025-12-12 18:23:07.468310,Right,165.1327990271384,197.83151304972125,223.06989465476363,185.7852438117261,-190.24591410812718,175.28383140410006,197.80489392243908,216.4006252905383
2025-12-12 18:23:07.472319,Right,119.68396028300049,130.9785767221765,156.54748643630592,130.49947910293122,25.537924016505713,117.83256644330686,132.45043049263768,149.33175445190864
2025-12-12 18:23:07.476327,Right,79.2358559082495,88.68398062497727,115.61043852330477,89.47340527188499,342.4846835139251,78.28160187609319,89.1776702839561,106.71099423228588
2025-12-12 18:23:07.480310,Right,123.98652251066233,153.27434487514256,179.35081826217356,141.2535798907047,168.58825461985543,133.36855835119786,149.33781813616224,165.7534807559423
2025-12-12 18:23:07.484385,Right,175.39548618912522,207.8485638031707,232.17194487160305,193.43137715637567,-169.69410488251742,186.42291336548806,203.4882074623165,216.1367743993469
2025-12-12 18:23:07.489374,Right,142.0924660255696,154.60214019323757,179.72390400982113,155.01082685730944,-39.78039188470575,146.9273592876998,155.34994853271928,166.06848976342008
2025-12-12 18:23:07.492444,Right,90.0642810419231,97.21248162975826,124.43809948777198,105.08616169635206,310.82267302362743,97.71875002667366,100.14024582853017,112.55982426398259
2025-12-12 18:23:07.496368,Right,117.71231986214116,144.79364437417826,171.51412253489252,141.77167914330494,217.62775913842052,136.7308018112817,143.2491957774182,156.90990944385703
2025-12-12 18:23:07.500343,Right,170.50048885541037,205.70644325423928,230.0435916360293,195.9682667151792,-153.99252393011557,191.20784185623052,200.47881432136637,212.49608629460272
2025-12-12 18:23:07.504422,Right,143.87645491413423,159.44222740516125,183.59125447607948,160.8929837406904,-114.31240092110966,154.41359973912768,156.16055826669617,167.01893878745614
2025-12-12 18:23:07.508420,Right,82.01389833034773,85.20643442466098,111.19770278426586,95.26573248625209,261.7952607689149,88.94662171468372,83.54740578918427,96.05885070134536
2025-12-12 18:23:07.512430,Right,98.4551918234647,117.38122716038197,143.22250234888634,117.61028423535754,273.9010912416561,113.38867456190928,112.57094343201607,126.17210820363835
2025-12-12 18:23:07.517446,Right,164.5932595769409,195.6168225601432,219.0664914374065,186.37994907236134,-96.32348737476423,181.57162105012685,188.94524198607542,200.52632931168773
2025-12-12 18:23:07.520449,Right,161.34030914174218,176.490660619369,199.39268501935294,176.60937607698725,-154.40671608983394,167.5658295142639,174.2105958329048,184.39514122676337
2025-12-12 18:23:07.523457,Right,98.74757616253919,98.83451689037611,123.78827265021391,110.75551953091053,205.68193117783812,98.88869638147298,100.73535211270791,113.69286441794247
2025-12-12 18:23:07.528415,Right,94.36253405365278,107.73614853952313,133.06453820559545,113.16385819009156,305.4932839638932,102.84616137426929,106.67145085686934,123.00154772624956
2025-12-12 18:23:07.532478,Right,152.85915471072076,181.8630373403721,204.09248699076124,175.74334432304022,-44.051815298356814,168.18412241133046,175.73658995266305,191.12636942163226
2025-12-12 18:23:07.536506,Right,159.70015328329464,175.38439325778745,194.83526890983921,174.6486493315897,-187.6425478662277,168.17028590175323,170.25730279108393,182.6157523712027
2025-12-12 18:23:07.540506,Right,98.26468468956591,93.91245426866226,113.51647910856991,105.05759383516852,145.57593856359017,99.53641386085656,93.2613341215474,105.73874237880227
2025-12-12 18:23:07.544524,Right,82.00738531233219,85.83253236056771,105.74019789783051,92.5409309254319,332.66575239509984,88.92280233075144,85.9757905418519,100.86055938221398
2025-12-12 18:23:07.548542,Right,141.06770172249526,164.3287181390042,182.28107545085368,158.52903905831045,22.334320619454957,154.9351572728483,163.6430258138862,178.6286246693635
2025-12-12 18:23:07.551554,Right,163.4584364295588,180.53529156692093,196.85002323266235,178.4750178833492,-206.86088227451546,171.48274393755128,183.90273762639845,197.23155035992386
2025-12-12 18:23:07.555555,Right,103.1317288618011,100.13665581183159,117.40402706954046,112.67994924454251,71.55514205388317,102.71764364390401,109.33926283361507,123.53029313517618
2025-12-12 18:23:07.560587,Right,67.24280536494916,67.9389230927336,85.68797145533608,80.10400870486046,334.654398423605,71.18310877148178,76.03578268707497,92.94423324504169
2025-12-12 18:23:07.564560,Right,118.78961919201538,139.77789303773898,154.29427365062293,137.78355548731633,89.00975064744125,131.02925538932323,140.98184143964318,157.67268498396152
2025-12-12 18:23:07.568591,Right,161.476476392505,181.0985967417073,191.29805747009232,176.83447791598155,-207.1663097852579,168.81746555879363,178.97135684848763,192.44884854435804
2025-12-12 18:23:07.571608,Right,119.37762531152111,118.59696606072248,127.52985579203232,126.44297885050764,-3.134366656013299,115.23970848566387,118.11241264850833,130.22745971634868
2025-12-12 18:23:07.575634,Right,75.61575224087574,74.0863431157486,83.50105682542198,83.85983416903764,314.104764339907,72.03101769610657,72.48647712514503,85.94131953301257
2025-12-12 18:23:07.579609,Right,113.36906037991866,132.97227749761078,140.99970568320714,129.5095440565492,146.8069608760561,119.16763954155613,126.088078639179,139.1862881592824
2025-12-12 18:23:07.583575,Right,158.49381219383213,182.6514609674923,188.59512904743315,174.85558215310448,-191.44150177011034,164.35544422679232,174.32818258201587,184.49003241796163
2025-12-12 18:23:07.588645,Right,119.24482633941807,124.40647001357866,131.1941720742907,128.83941533431062,-61.61658818332944,116.7931118478009,120.79414319788339,130.3076218579081
2025-12-12 18:23:07.592661,Right,60.57995230445522,60.87556850054534,70.19302889495157,70.40599285589997,302.0474528427585,58.8364889100485,59.72641264414415,72.7097199249256
2025-12-12 18:23:07.596679,Right,84.13773282707552,105.17644825045136,114.21973457728745,101.49692745346692,226.6871160548908,92.08248142831144,99.98800544586265,115.63567709273775
2025-12-12 18:23:07.599677,Right,138.48639953651582,169.1373356838012,175.11654232954606,156.0204999904381,-142.47587347155786,146.69891190424096,160.58771202203934,174.85791546377004
2025-12-12 18:23:07.603703,Right,116.17948329189676,128.67916626035003,133.02292757522082,124.16800083659473,-115.81041576171992,112.81869579770137,122.57525697504752,135.2393137117906
2025-12-12 18:23:07.607691,Right,54.95183942458243,55.808711109741125,60.81271840041154,58.38338323941571,249.65671526477672,47.0462721598451,52.19843811815372,66.46238615576294
2025-12-12 18:23:07.611699,Right,65.39558787789429,82.13200907275314,86.67296876051114,74.29106349969516,259.77026053088775,66.03537330383551,76.14157768507721,91.89055665148771
2025-12-12 18:23:07.616733,Right,122.1982876965194,151.2216147039435,153.34823648195015,133.4598513415258,-113.33589780787588,127.3429361320741,143.39414605434285,156.81629631711985
2025-12-12 18:23:07.620733,Right,111.49678429117193,124.86723326568608,125.99111864011502,115.93851444986649,-176.74895151345117,108.97492380125914,120.90840448075323,131.15684444754152
2025-12-12 18:23:07.624699,Right,45.39011379747535,43.73503065263503,46.27864147681976,46.27313287882134,186.42034411149507,38.49706234288169,43.82403082709061,54.25640646912507
2025-12-12 18:23:07.627751,Right,41.39643108911696,53.60348649456864,56.400932076590834,49.27443548629526,296.95386209689605,42.670997118751984,51.44282581398147,63.26688287590514
2025-12-12 18:23:07.631711,Right,103.9801402532612,133.62723755836487,133.82859814012772,117.09466753088054,-51.81232251720212,111.07943112996873,127.5657202109578,137.8481882297492
2025-12-12 18:23:07.635713,Right,115.32406062554219,133.7955061660905,131.92609647492645,122.30143026044243,-209.4188546799851,114.7523082550324,129.57074392121285,137.11168118575006
2025-12-12 18:23:07.639793,Right,53.73517099185847,53.28387571076746,52.08166943077231,54.11387096878025,114.33851818481344,45.88716340516112,53.05562847384135,60.807932423078455
2025-12-12 18:23:07.643806,Right,33.28917207609629,41.283358492160914,40.53945542013389,38.07569728966337,308.11434455841663,32.05091067851754,39.27936048785341,48.580598727508914
2025-12-12 18:23:07.648815,Right,90.41724844020791,118.32736982233473,115.35328426788328,101.87753355246969,5.404807694198098,97.98094598957687,111.34821192527306,118.79455576633336
2025-12-12 18:23:07.653858,Right,115.78527964148088,138.12307419179706,132.78608248729142,123.91433073367807,-228.5340028747014,119.40843769873027,131.36473220895277,134.41513677456533
2025-12-12 18:23:07.657860,Right,58.9561955400859,60.97370228060754,55.75298621793627,60.39378746060538,44.411589613038814,55.093553926446475,58.339473976317095,59.38671795252594
2025-12-12 18:23:07.660867,Right,22.529451626964146,27.075945278658764,22.208335402829107,25.95425668801181,314.58781913868734,22.70140388951404,23.961127082118765,25.559591043536784
2025-12-12 18:23:07.663866,Right,69.49707980154199,93.286737596296,86.47031638672343,77.74075160050415,80.44010452994553,77.04323982834467,84.91007125767646,85.43224257745896
2025-12-12 18:23:07.667905,Right,106.12454594834708,128.18380214006174,119.61465465696529,109.52135334102786,-210.88224707904737,108.1891573596804,117.77899245399749,115.49316854964127
2025-12-12 18:23:07.671953,Right,60.20936683326727,61.88757133323816,55.010192644869676,54.53571657452267,-3.043242692190688,50.93855880308547,53.98840547419968,51.42456628367654
2025-12-12 18:23:07.675962,Right,18.588510779372882,19.712236156337894,15.781167618377367,14.179117565217894,321.86771923421475,10.537069440964842,11.791631083324319,11.896124622027855
2025-12-12 18:23:07.680948,Right,64.22860720619792,86.78503952769097,82.90244454631465,68.46779812200111,153.17246482518385,66.0699601014785,75.0653360944998,76.23093707382213
2025-12-12 18:23:07.683914,Right,118.02784487145254,144.78656494038296,138.88324370852206,122.82020580692915,-206.1951445795712,119.06374183985463,132.69497975701233,132.03633708201232
2025-12-12 18:23:07.687942,Right,82.96005985329975,88.83647873040172,82.55872179142898,80.04823652806226,-102.49001754951314,72.72941425918543,81.23302190037793,80.19899363670265
2025-12-12 18:23:07.691939,Right,22.85249122956884,21.171307112206705,15.805606741807424,18.732916534208925,252.34406080891495,9.773488854189054,14.781159147940343,16.6180275096267
2025-12-12 18:23:07.695961,Right,42.98179620497103,60.618522541219136,54.08784092456335,46.35703967322479,183.2464151352615,38.49919527316524,49.33422678345232,52.917402042628964
2025-12-12 18:23:07.699961,Right,95.67163462949975,123.4832560007344,114.17825546688982,101.37442788411863,-183.45575151327648,94.34407753004052,109.6461959190201,111.21289368407452
2025-12-12 18:23:07.703915,Right,72.59828702773666,83.26683945252444,73.42151522630593,71.78823942531017,-160.49757003331615,64.83187137718778,74.1600221300614,73.99863804178312
2025-12-12 18:23:07.708994,Right,8.633241264979006,7.907850647869054,-0.06152515753637999,5.587150202773046,208.84232418326428,0.7999060205766,3.528429755970137,5.398075197590515
2025-12-12 18:23:07.711994,Right,15.02604950258683,30.41793614224298,22.885002303606598,18.86462121795921,230.10538488064776,18.119911667585257,24.533845830592327,28.96176518892753
2025-12-12 18:23:07.716002,Right,69.26291130794561,97.8880534064956,88.59653901591082,76.41594112038729,-140.40212661655096,77.25029483549588,89.9248221682792,93.61399866483407
2025-12-12 18:23:07.720006,Right,57.711976481514284,71.44150702375919,61.830186949897325,58.274389442958636,-211.6170863985899,56.99292138098099,67.12120147304086,69.06831452841288
2025-12-12 18:23:07.723969,Right,-8.712037027566112,-10.468289589771302,-18.01210220422945,-12.765302305691876,149.27167580682726,-15.542622856490198,-10.617085934543866,-7.9562591750582214
2025-12-12 18:23:07.728033,Right,-11.95891904689779,-1.128274359216448,-8.055694895607303,-11.059482471217052,268.14301399451506,-12.091511735037784,-3.630733343452448,-0.04010839745751582
2025-12-12 18:23:07.733998,Right,53.26590478797152,80.45644377963617,71.10136313828116,57.545754818755086,-74.84008251929481,58.39004806165758,73.45440106050228,74.58398413952091
2025-12-12 18:23:07.737009,Right,68.37594868711312,83.65334140999767,72.54622411607124,65.46576780646865,-235.76189516263548,65.61471436210559,77.6415256762557,75.28170245177171
2025-12-12 18:23:07.740059,Right,9.979465309472289,5.475537395890569,-4.381186328595504,-0.32536508416524157,85.37837057761499,-1.1012309771613218,2.4405600299942307,0.13563711375172716
2025-12-12 18:23:07.744035,Right,-9.492912932299078,-6.366650999407284,-15.075504752399866,-16.46996602942818,282.6686161416219,-16.14027516511851,-12.517588716407772,-12.648339017570834
2025-12-12 18:23:07.748032,Right,45.90653630490124,68.8284717627248,58.5989380251558,44.47117845182947,-19.305110072389652,45.5190245436097,56.15411020396277,55.44205455403426
2025-12-12 18:23:07.752091,Right,68.41588451534335,86.37457409320632,74.61564150519553,62.8992256178899,-259.4512254715446,61.936813227439416,72.59699704077502,68.95254214607121
2025-12-12 18:23:07.756102,Right,9.82916199543979,8.432085747597739,-2.186379263337585,-2.323096018677461,11.413299307627312,-5.467268403706839,-2.0373889315960696,-6.326256484142505
2025-12-12 18:23:07.760141,Right,-26.04299722284486,-23.40625247990829,-32.68991119466955,-34.57544011164282,289.04584531131695,-37.09348772186786,-34.665758258270216,-37.088495735879405
2025-12-12 18:23:07.765122,Right,24.170783642868628,48.21529917314183,37.4201841197937,24.078296367661096,57.03411963462713,22.832524673140142,32.04245506862935,29.71646309469361
2025-12-12 18:23:07.768088,Right,65.07756115133816,88.97376265266212,76.00799130088126,64.63159771442588,-249.15793685724202,61.727358652307885,72.08420532991295,67.730964977236
2025-12-12 18:23:07.771151,Right,19.845617455604952,22.83758863028197,10.511233501048991,13.754672923445469,-58.1110366204739,7.628170300711645,10.514178308323608,6.406277443602448
2025-12-12 18:23:07.776165,Right,-27.60117479020846,-27.32677037655958,-37.96109915913257,-30.972476623617695,269.41923511150526,-38.10655578154547,-37.7249348705227,-38.64007572711853
2025-12-12 18:23:07.780178,Right,9.089275011050631,28.88409901445266,17.135582650778815,14.276157740998315,118.64023056273436,7.959938711006544,15.913860771470354,16.32774609462649
2025-12-12 18:23:07.784174,Right,57.056956417363835,80.06667026925425,65.51715412907652,61.822052392264595,-226.60282451420062,55.117974532113294,67.70038245593605,65.75941177472123
2025-12-12 18:23:07.788151,Right,22.024106591095915,23.093984662074945,8.066668671075604,17.660339536945685,-116.33773212041706,9.984886547361384,17.033018107234966,13.289547115637106
2025-12-12 18:23:07.792222,Right,-34.079492894539726,-42.312624577083625,-55.818317943339935,-41.048433768577524,245.7512417297985,-47.192741446298896,-44.17411583222565,-46.770811059104744
2025-12-12 18:23:07.796216,Right,-9.508734869843465,-0.14706640665826853,-13.67928640327591,-9.890333877061494,181.62046422989806,-12.896347355519538,-3.8047665995982243,-5.826567958778469
2025-12-12 18:23:07.799173,Right,45.26662554669019,63.75928260142973,48.90150326539879,46.77167639043182,-191.44291289937246,44.43059312881087,59.37396857239946,55.00917775412381
2025-12-12 18:23:07.804231,Right,20.415003272806644,21.063770309308893,7.103649799639243,14.96814896952128,-178.05318598549638,10.750262669622316,21.578686168504646,15.450724675727542
2025-12-12 18:23:07.808211,Right,-47.60857552202651,-58.908603776159,-70.01575008894724,-55.87488016897987,196.4148136336662,-60.15239782354911,-54.60160918520705,-59.157449745063786
2025-12-12 18:23:07.812270,Right,-41.43502923313645,-36.412141822860576,-46.86545522281085,-43.20250323713117,234.41226019451278,-44.52942072303995,-35.068853951161145,-38.045432549653924
2025-12-12 18:23:07.816265,Right,20.753490685267025,39.99428045346576,27.392934313051228,22.280732170591364,-129.77616785099963,23.017790350335417,37.66977982771641,32.98436768572719
2025-12-12 18:23:07.820292,Right,20.530569436559745,25.48800026306708,12.123442507632717,15.797213274963724,-210.6102354561881,15.907384872545663,25.59219635782938,18.790508892008802
2025-12-12 18:23:07.824304,Right,-39.137028964672936,-49.89806299594056,-61.21352036477765,-47.50189423924894,141.28066758687783,-47.53335120850534,-46.18411933135212,-51.82705542631447
2025-12-12 18:23:07.827303,Right,-40.61756682529813,-38.78692564400262,-49.13657274225989,-42.2954426614524,256.89585795435414,-40.498901178834785,-37.947924615466036,-41.50025045336224
2025-12-12 18:23:07.831322,Right,25.642465815843025,44.77993518131552,32.272837125725346,28.91446107198135,-97.72572071965988,30.904510496118746,39.69866263104632,35.23463645063748
2025-12-12 18:23:07.836308,Right,40.34511743115581,48.53044383539236,34.24058603838057,36.84991252017062,-279.17619615824515,35.409109716973035,42.44057339221763,35.92508336064202
2025-12-12 18:23:07.840345,Right,-23.41829603023507,-34.93938959011575,-48.064292687384295,-34.497562749551435,34.27079061311815,-38.99101951211196,-38.864153684269695,-44.36578072520206
2025-12-12 18:23:07.844365,Right,-50.43614393415919,-54.59785871013446,-66.41994135425193,-57.54802386597294,244.61472984442662,-61.12014981832908,-59.874431076445035,-62.675483879240346
2025-12-12 18:23:07.847363,Right,2.4433037007111125,18.110325629466388,5.165075883909594,2.595874046732206,-45.41351501781537,1.38909707525454,10.259213663332048,7.30529403116816
2025-12-12 18:23:07.851411,Right,28.873970983026084,39.212953317204665,25.27476527811814,26.44386643987673,-291.89336535459734,25.4173584153541,34.76676901250903,29.494753453021985
2025-12-12 18:23:07.855371,Right,-25.156153705713223,-35.82488262132392,-47.96575444932387,-34.10397804299282,-32.891844314428454,-35.66446446002374,-33.40611678899586,-38.47020186021109
2025-12-12 18:23:07.859355,Right,-59.8085874400349,-68.67344839257566,-78.75380585131279,-66.15614331557299,244.04189069541098,-66.18822496294888,-65.1138714807239,-67.34654348653567
2025-12-12 18:23:07.864399,Right,-10.01179093902465,1.1318681180273416,-9.79530822490051,-9.128846202467685,15.451546990840143,-7.5181190740913735,0.3670953075925354,-1.0176398643452558
2025-12-12 18:23:07.868428,Right,29.95778397216054,40.382204532383184,27.84027261719166,29.382025571649137,-294.5688787876752,29.594036005812086,39.08375310420524,35.710421316754946
2025-12-12 18:23:07.872435,Right,-18.347140476435015,-29.551477196786436,-40.915158772248105,-25.967184331442695,-105.09343833640014,-28.132984075018612,-25.83971863201441,-29.827903745703225
2025-12-12 18:23:07.875441,Right,-69.44332096353901,-84.20958078851254,-93.32647423397611,-76.05716448935345,234.372092107973,-77.49463564267717,-78.1759393477223,-80.30753118948996
2025-12-12 18:23:07.879458,Right,-31.981449487248028,-27.192223599762656,-37.03882129820704,-31.245235177502764,96.19739978044527,-29.99266457181875,-24.08300025009521,-26.18330054431135
2025-12-12 18:23:07.883463,Right,21.5926425213911,30.706450964356918,18.129760963603985,22.197449956449418,-253.11759891801194,23.790177096321713,33.368138223177084,27.79441308668902
2025-12-12 18:23:07.887411,Right,-9.410349544301425,-20.868912503116007,-33.94128436926076,-15.807034041292354,-154.1338682101068,-16.131593911602977,-12.891960806126008,-21.07597288263787
2025-12-12 18:23:07.891487,Right,-67.20575729212942,-86.57138339312587,-97.91726101502081,-72.84943055987605,210.7593519517941,-73.44398494215056,-75.02998272088371,-82.19932653413343
2025-12-12 18:23:07.896488,Right,-45.23415572047088,-45.13044252071995,-56.216230849201565,-41.18841609973242,160.27317176052748,-39.9430650209797,-36.341574791626044,-42.375847271039675
2025-12-12 18:23:07.900456,Right,12.718416747891752,23.815571250539506,11.289294478969055,19.860438134182914,-209.6293511784752,21.513143870299245,29.870734412148522,22.187872125279682
2025-12-12 18:23:07.903506,Right,-4.039591694254341,-10.067554809425928,-22.337069077687374,-4.7857877077858575,-206.6456343095033,-4.907906300992181,-1.9650463929119724,-10.974141975488237
2025-12-12 18:23:07.907560,Right,-64.57628777799982,-82.7969386133118,-92.92285760757568,-69.65508030727324,159.8576204663459,-70.37075060530151,-73.71792434329654,-80.83560849643982
2025-12-12 18:23:07.911490,Right,-53.992522501561325,-55.86855779855614,-65.69144793863325,-53.09665441260404,196.053141987466,-52.21729913643503,-51.871210911822345,-57.131868355158076
2025-12-12 18:23:07.915541,Right,10.329573713805075,23.088916332086228,11.06409480190996,14.72416647139653,-175.0287005185328,16.161156590866995,22.03230568328854,15.152623401507299
2025-12-12 18:23:07.919572,Right,9.652660689131153,7.758548633131795,-5.008799012990494,7.360654990042349,-265.8023819671798,7.153747213084898,8.23675251151326,-0.5445418619929114
2025-12-12 18:23:07.923580,Right,-54.871624979236,-74.00251160351854,-84.51224971553893,-62.13628525876675,91.04946025288882,-62.87051718688599,-70.26905394967616,-76.86309110800266
2025-12-12 18:23:07.928536,Right,-64.3915258456309,-72.14036797077915,-80.9436506217462,-66.04439813116937,229.35206074817097,-64.69084447544196,-70.77047142678947,-73.42219564122564
2025-12-12 18:23:07.931547,Right,-3.9894837666724925,6.0315655761614835,-3.6122192914117477,-0.6092255236403545,-105.4406232491292,1.83163439823376,2.8265607982511938,1.0575017985950126
2025-12-12 18:23:07.935606,Right,10.538182504319593,11.13069514419712,1.1784344561492617,7.9497452301120575,-282.1741793862825,7.847671171552065,8.31179644007625,5.451675750700815
2025-12-12 18:23:07.939625,Right,-49.414081667917344,-67.43478876175755,-75.14542047717259,-58.959688984896275,32.56676199938056,-62.39583199926528,-67.74519076390243,-69.4586006170357
2025-12-12 18:23:07.945680,Right,-71.15346135701725,-81.44161275435454,-87.58542834460604,-76.57323517416444,249.25186558432026,-80.96745652427944,-84.4699850153429,-83.72114467784559
2025-12-12 18:23:07.948614,Right,-12.4896237961608,-2.631143909995444,-10.540733772977546,-10.772918311708054,-40.488443457970334,-15.331047740603935,-10.988738052617919,-10.672637860856412
2025-12-12 18:23:07.952660,Right,17.782785050058465,22.755533921874303,12.730956612587761,16.763008922824156,-297.71772157485884,10.638885771647438,14.998194062334733,12.800492956290327
2025-12-12 18:23:07.956668,Right,-37.00319706853588,-52.59124864050136,-61.68736824978987,-44.3640854794412,-43.817408430290925,-51.251791944165234,-54.906210838265906,-56.99962796373438
2025-12-12 18:23:07.959730,Right,-74.91143767712128,-87.90621666850711,-95.1404357087522,-78.9891322434305,244.12545398615748,-83.11727338543642,-88.69996186541539,-88.25837723474979
2025-12-12 18:23:07.963682,Right,-25.601596037585296,-17.353983915845674,-25.164824717925512,-21.734484001664896,26.40888424577315,-21.811538475236375,-20.835608444423997,-20.396674257579434
2025-12-12 18:23:07.967698,Right,18.466741330925288,26.846406284468685,17.587122337419714,20.970462485725875,-290.2144419696824,22.49320509889003,24.885801077165524,22.137839568826166
2025-12-12 18:23:07.971744,Right,-25.63697383409817,-39.120702119314956,-47.57551110962959,-30.52313363518624,-115.26799259316977,-28.835628322316552,-34.36540931349009,-38.67024761549692
2025-12-12 18:23:07.975729,Right,-77.99762586904762,-95.57301553530488,-102.58258482987003,-81.71901857685589,220.82274698567198,-77.87364872123726,-87.72060849508489,-90.62011304921907
2025-12-12 18:23:07.979732,Right,-46.78743714948905,-44.19230448770395,-52.63283586704347,-42.20133066127164,88.13343191931835,-35.03249800053891,-39.80540847293378,-42.68923583387368
2025-12-12 18:23:07.984747,Right,0.38824138906784356,8.865290436264331,-2.5075214544922346,5.266597390051174,-260.7141115706181,13.107135401587584,10.806703872520302,5.023444907692465
2025-12-12 18:23:07.987752,Right,-34.37101790736051,-45.765448681162525,-57.35796176201984,-38.31802585879268,-163.34060187421346,-32.45451297792897,-41.68303687288062,-48.81355620101749
2025-12-12 18:23:07.991776,Right,-92.53528623366219,-112.76025303492861,-122.24877627227397,-99.71529522730634,209.3364968850874,-94.95003969080062,-108.77958016013872,-113.33722607939126
2025-12-12 18:23:07.995797,Right,-65.97037543667466,-68.08059359956314,-77.30101797965472,-67.56132916615024,168.26688064120026,-62.571814721639385,-70.0646073981552,-72.27365573901261
2025-12-12 18:23:07.999799,Right,1.0659478696143196,9.173218275012914,-1.9094485604509828,0.31273646277259104,-208.42966835905463,3.956501174801815,2.8394105400366243,-0.44138968061452033
2025-12-12 18:23:08.003821,Right,-8.401944415694743,-18.226711174422235,-29.36457264033379,-17.215097949090705,-223.31786200658462,-16.230460021819454,-21.788809761266748,-26.148024223432003
2025-12-12 18:23:08.007814,Right,-70.51932101525745,-94.02475624094222,-102.70209950301069,-82.74567838896473,138.1129467038245,-81.80298727974514,-94.13715466107533,-96.13576022563211
2025-12-12 18:23:08.012838,Right,-69.31234662147835,-77.77722246314806,-85.37999531919922,-74.47613149060271,187.2364204335572,-70.40605376403255,-80.40525578674715,-79.67099678474915
2025-12-12 18:23:08.015839,Right,-13.940680866031471,-7.818585576351325,-17.098503850655106,-14.844453726764186,-172.11677358101224,-8.9187069599393,-14.043107400044391,-14.126676529056567
2025-12-12 18:23:08.019848,Right,-17.841155279362283,-25.59280357282114,-35.797800265623664,-25.32025380529376,-261.6355063280844,-20.954500337535137,-29.88975898616627,-31.90494187331933
2025-12-12 18:23:08.023919,Right,-81.23926156257585,-105.54906554761692,-114.2441753562598,-94.07816705568257,98.33973965032419,-91.34123272570287,-106.69375452458189,-107.58746637563308
2025-12-12 18:23:08.027916,Right,-87.34083982303491,-99.50235827505821,-107.5015453398737,-94.49939978928887,246.62479338285993,-91.05398747247091,-103.22796818966162,-101.7718658124868
2025-12-12 18:23:08.031865,Right,-20.841417800154886,-14.073328285390744,-24.067622209848196,-21.543845682499523,-86.34521813548417,-17.60566917549295,-22.17263562435255,-21.352235175247188
2025-12-12 18:23:08.035920,Right,0.4978676159080351,-1.7979151834151708,-13.155318341727252,-3.8298449877111125,-276.3911187856065,-1.6667829995130887,-7.978878871748748,-9.302439999963099
2025-12-12 18:23:08.041962,Right,-57.983674629555026,-80.59441696517024,-90.16382479497406,-67.45622415451362,27.450540251924394,-66.55869522893772,-80.99679997122439,-81.57896771008382
2025-12-12 18:23:08.044869,Right,-85.83997920457841,-103.46179007918545,-111.01866044504277,-90.7539763744062,250.20223203830756,-87.9566791998077,-102.44603434352757,-100.57946228386572
2025-12-12 18:23:08.047938,Right,-34.114326918977895,-33.16098390886327,-41.32997960524517,-32.541963973475504,-28.725540997525968,-27.041676701934193,-34.00479218331748,-32.7434329547832
2025-12-12 18:23:08.051996,Right,-3.9292125846441195,-7.917079162019945,-16.759906140490784,-6.251197273966682,-287.3853274642861,-0.3064167368574999,-6.367487500974676,-8.082608917327889
2025-12-12 18:23:08.055888,Right,-53.18218211863132,-77.74855338406633,-84.32482435923885,-63.077010298926325,-41.31566273034696,-57.39975643386424,-70.74797823616245,-72.5277926775525
2025-12-12 18:23:08.059963,Right,-86.28845765639926,-108.79016679804772,-112.71585666334431,-93.69815454111813,245.97056099616384,-86.60824888322531,-101.79693687651161,-100.28579327240004
2025-12-12 18:23:08.063979,Right,-34.485337704769336,-35.91963093090453,-40.6488472311903,-34.23057871167839,30.294179212709423,-26.2531647331125,-34.525318066371256,-31.5582109222305
2025-12-12 18:23:08.067996,Right,12.578872126265196,11.516922274618992,4.068753452767851,10.860532249949756,-291.7155237846564,16.20205436474498,10.629955495714967,11.606407869454415
2025-12-12 18:23:08.071987,Right,-27.46447865531809,-50.78914638680726,-59.08785806722881,-38.22650153331779,-122.29396502665622,-36.52423425485176,-48.5065953755402,-48.674366873223335
2025-12-12 18:23:08.075027,Right,-76.25840637419606,-104.65412333625864,-112.63880114722997,-87.77325431968347,219.51515941333128,-86.02223990993662,-101.54991840431467,-100.15323484849068
2025-12-12 18:23:08.080032,Right,-41.46709756601922,-49.65963018847833,-59.15739374961413,-45.152150350040756,94.97933492261654,-40.3771926908812,-50.792345343383204,-48.776388358724944
2025-12-12 18:23:08.084060,Right,11.121025687563815,10.616029203403741,-0.9478712645941414,9.388112115811964,-259.8778581726983,15.697827341209631,7.636854876633151,7.7514450816306635
2025-12-12 18:23:08.088062,Right,-17.544817734349635,-35.65223017110111,-46.161176183464704,-25.39763753463194,-178.73870452284973,-19.517844916466856,-34.68633752666938,-35.04490932205226
2025-12-12 18:23:08.092062,Right,-73.23799876396515,-99.05794513820729,-106.31946929567493,-82.15282489042875,185.59724286976052,-75.29380702377239,-95.59267547077616,-92.95544224843616
2025-12-12 18:23:08.096070,Right,-50.11531990607182,-57.84107093029888,-63.96736537660763,-52.36660290443979,147.4206378456838,-43.050699353960226,-57.62191272621567,-52.60577295716212
2025-12-12 18:23:08.100077,Right,10.437864752217138,12.816263215958315,5.596486571273999,9.359954502499022,-226.9395670394515,18.93954378919443,10.758183691606973,14.527441554761026
2025-12-12 18:23:08.103106,Right,-3.6342010268053855,-18.889024962540134,-25.415454326735926,-12.722995693751727,-242.31791749821423,-5.5080363906381535,-17.327096353539673,-15.067336418425839
2025-12-12 18:23:08.107118,Right,-65.96836443943903,-94.20982351215935,-97.69597336713923,-78.30988125850126,124.56848171438105,-72.20354420985677,-89.49488438524713,-85.69401967924932
2025-12-12 18:23:08.112092,Right,-61.21840087325836,-73.22016731634358,-75.30424782742921,-65.83081963679433,182.47516324992102,-58.21300495562173,-71.57182407780056,-65.99945942975319
2025-12-12 18:23:08.116119,Right,-0.6407712509244448,3.3212228793418035,-0.18519623279280495,0.1530512427998474,-179.04969892587178,8.646515579755942,1.6324342629814055,5.816845215682406
2025-12-12 18:23:08.120144,Right,-0.3167391137685627,-9.811348468327196,-13.800921404807013,-5.033332360450004,-282.1573580107761,2.05959255174821,-8.120705518893374,-5.700411428682855
2025-12-12 18:23:08.123121,Right,-62.911744571247254,-90.1333739646434,-91.85374644403055,-72.45596163949813,69.93543313513874,-66.18668164550036,-83.19248169807543,-78.79307891048666
2025-12-12 18:23:08.127150,Right,-72.0027187011583,-88.93423935664032,-88.8223428203055,-75.9247779066136,223.6004420027457,-68.17759765751543,-82.88634078971518,-74.94059923546592
2025-12-12 18:23:08.131164,Right,-9.812244345783256,-9.004793236177647,-9.39558295912866,-8.022181322579854,-102.69115380053336,0.6886413868051022,-6.890594621065247,1.4119276628043735
2025-12-12 18:23:08.135171,Right,9.203318230713194,0.8367164173978381,0.6942341387621127,5.880639495895593,-292.45500325241665,13.048199516786553,4.094169605399657,10.492061930046475
2025-12-12 18:23:08.139144,Right,-47.60592990360601,-75.6485609251904,-72.60102714395907,-57.72486956805369,14.004500904873566,-51.83517323077831,-67.92556656923989,-61.3901485815004
2025-12-12 18:23:08.144189,Right,-69.18360193973058,-91.05314985392761,-85.05031844772748,-75.54289397800312,245.68924112576133,-68.54612777769216,-83.51388690812018,-75.39313818338269
2025-12-12 18:23:08.148217,Right,-8.07904105263151,-9.913532389007742,-4.265151715400862,-7.4422814436402405,-30.412535769224633,-0.1189144973832299,-6.485110038694984,0.5562873458184185
2025-12-12 18:23:08.151225,Right,29.7635092263954,23.837336922872055,28.250129426975036,27.755568043758103,-298.1036027473092,31.677155010125716,26.889198463737557,30.801333938572498
2025-12-12 18:23:08.155225,Right,-18.25525175905932,-45.182490028491884,-39.677178419340635,-26.834419150349277,-57.44011212922851,-26.88480632212304,-38.99070069463778,-35.72088048690057
2025-12-12 18:23:08.159263,Right,-55.835361933510285,-81.63134828630427,-74.75058151962003,-61.686375855068036,240.1520537257602,-61.73005107061181,-76.53274438972585,-71.44567702717177
2025-12-12 18:23:08.163250,Right,-9.371461752816685,-14.121778460525093,-8.978130663599586,-7.792306734954764,37.95399876278316,-5.143614410684677,-14.691487085292465,-9.939382064651
2025-12-12 18:23:08.167211,Right,34.5770139421802,31.384074779642106,33.45972360725864,34.119010391157644,-283.77749237760145,37.75030009831244,28.764654725586297,30.457752326452464
2025-12-12 18:23:08.172272,Right,-7.0847220162904705,-31.157385154161602,-29.56729331544193,-16.24366562942305,-121.30439724203097,-13.459907803771785,-30.521280365232087,-30.04520976535423
2025-12-12 18:23:08.176307,Right,-57.371901332662674,-85.97863949899329,-83.21465863451886,-67.15723759472166,220.81276420253562,-63.82441273157019,-84.62054452078883,-82.32552356611995
2025-12-12 18:23:08.179297,Right,-23.182046322333917,-32.30203226919548,-30.342775154837,-26.2400707153065,100.29194510688649,-20.85670351274166,-35.4010391438278,-32.657698016482755
2025-12-12 18:23:08.183325,Right,30.242640125397884,26.801066505162453,26.80065374563128,26.598319162039843,-258.3241591423048,32.759593251379556,21.688432136121264,21.74072540920315
2025-12-12 18:23:08.187265,Right,1.3514997447418864,-22.469980497327924,-21.661377189411724,-11.013107603117533,-181.6251449291376,-5.251505731597717,-23.315246135440248,-24.79715976119769
2025-12-12 18:23:08.191334,Right,-57.1359292177367,-90.5952149295772,-86.5806341059797,-71.1299054706542,192.79136628963352,-64.20156569637766,-87.92470514553861,-87.26994327353896
2025-12-12 18:23:08.195353,Right,-35.994808588555316,-50.90782433455752,-45.47314943222591,-41.12343902309658,172.06445238189917,-31.919567566132173,-50.28316745193297,-47.76660573534173
2025-12-12 18:23:08.200369,Right,26.2453319713386,23.43304252855887,28.001123223628383,25.634324125683634,-198.024586895408,34.67990589341207,22.66654906880285,23.65210865762492
2025-12-12 18:23:08.204390,Right,14.460370053442603,-5.283445002685767,-0.1490913609668496,7.708509694661188,-220.60240479719687,14.22179520685313,-1.4925070801909897,-1.9760105008608662
2025-12-12 18:23:08.207337,Right,-48.68736555178839,-83.57238547772431,-75.81220258393296,-59.660291371823405,148.86253106113327,-53.687461718895065,-75.15173800764751,-73.64506898743275
2025-12-12 18:23:08.211414,Right,-45.43241515499176,-67.57923863663018,-59.00010963004752,-51.71201827213372,222.79130130706653,-43.06202886039682,-60.74488461223518,-57.07602744673204
2025-12-12 18:23:08.215412,Right,17.41774948348393,8.88566879733844,15.315240955373156,13.367362696350028,-127.99342178777079,23.745486314743175,12.85699300836859,14.808233604446286
2025-12-12 18:23:08.220453,Right,22.322864284709794,-0.026702615221438464,5.1992930281412555,11.00996784731251,-232.43199568672935,19.78767748186874,6.650021047302289,5.7557944612708525
2025-12-12 18:23:08.224421,Right,-38.281151944545854,-77.2305804619391,-70.26698537414632,-54.186190800865006,120.46168591688365,-47.221889439824736,-66.2886303266132,-66.51605394589569
2025-12-12 18:23:08.227445,Right,-48.038887463659194,-74.3358155326714,-66.00386487728247,-56.29188382675784,281.3208492825879,-48.657099984087836,-64.54506724036037,-62.37206945392245
2025-12-12 18:23:08.232461,Right,13.83943269669544,8.464310902483703,15.641034260057495,14.50533411638753,-46.196442515575654,23.22624070699021,15.536369473993545,17.263152710373106
2025-12-12 18:23:08.235444,Right,32.017030733884894,20.055004881120112,26.466624367851182,31.070948978733213,-248.630528945916,39.02540605553804,30.838834404858062,30.289601516014955
2025-12-12 18:23:08.239468,Right,-28.26908386942523,-58.908740308375855,-50.912331800376705,-33.085303260166256,52.481263144168224,-25.975198896139773,-41.16105798040371,-41.753947042096115
2025-12-12 18:23:08.243479,Right,-53.81898136544987,-78.0620835176378,-69.3599929556367,-53.130756497012044,294.5380953921449,-45.04830763770951,-59.67525690636103,-59.16861544520361
2025-12-12 18:23:08.247481,Right,6.023274750379642,2.4506792713873438,8.445584070926998,13.806796617282089,27.14445357594741,22.514899597794283,15.735200904440717,14.255241905557341
2025-12-12 18:23:08.251505,Right,44.43703956132231,37.59185171675199,40.76890411339991,47.786317309044534,-247.37012364844213,54.43670287842906,48.86545361747994,43.538692709342286
2025-12-12 18:23:08.255535,Right,-4.374742136173154,-31.908180349892064,-27.931758297512715,-10.610541238267615,-18.29038727130046,-6.371395332029351,-18.757884280814324,-24.310661379502562
2025-12-12 18:23:08.259598,Right,-44.665606722530356,-70.69405464742886,-64.57946429008007,-50.70237975396594,275.55627868202464,-45.88717429684402,-59.463132996512286,-61.267687989959086
2025-12-12 18:23:08.263548,Right,-0.7075231358503515,-4.18630336154456,1.291875591756252,0.12808493652119068,69.78218412994147,6.979141971623903,0.6603053505532444,1.2262294017200475
2025-12-12 18:23:08.266545,Right,41.29152251463165,41.62920330535417,44.923187472821155,41.34012160557904,-263.5953081491084,48.10184438879514,43.885495170492504,43.66029567881924
2025-12-12 18:23:08.271569,Right,-3.324849075568636,-22.283262088116317,-18.90424893290765,-10.431415446968458,-107.29955550133855,-5.2963416561506165,-17.08379794357461,-17.173619242646964
2025-12-12 18:23:08.275564,Right,-55.73203355785154,-78.4659585857371,-73.5199972024493,-62.63577104356227,248.1401118543838,-57.90991385882808,-73.27626765493915,-70.71103824397142
2025-12-12 18:23:08.279592,Right,-17.549352930655004,-19.432967261978774,-15.040337528414966,-17.275701320006192,146.16742156885152,-12.737159108753985,-20.54275611253979,-16.79277985967201
2025-12-12 18:23:08.283639,Right,46.54103462093917,52.98010003822856,55.36771556200256,46.83752223838019,-212.7158020839405,48.46420666854101,47.080370440511615,48.81383106690191
2025-12-12 18:23:08.287632,Right,27.585848554106633,16.512119749597332,19.225390975952905,19.720404797808442,-152.33376021656363,16.996188632005214,11.911034160591953,12.656384111229272
2025-12-12 18:23:08.291679,Right,-28.41746620316917,-47.04224154866097,-41.96737789052713,-37.78904971981683,211.2698873712592,-42.081112907468196,-50.72435763636531,-47.41840104787843
2025-12-12 18:23:08.294650,Right,-10.498095154103794,-8.992929041127354,-3.480037986417301,-11.167399421967275,189.72583701669282,-14.038005805316061,-16.699129210657702,-11.231699382537045
2025-12-12 18:23:08.299624,Right,48.64561997616693,63.78263759916808,67.54901542053267,52.516383870111895,-184.07177308947826,50.162004521171184,53.54660758024693,57.49113120667607
2025-12-12 18:23:08.303661,Right,35.58869848698305,35.01914046276943,38.82489641867505,33.93333498233915,-213.60129104923476,30.186094889584638,29.25744990450403,31.19828550852253
2025-12-12 18:23:08.307663,Right,-28.841701702520368,-43.59702727804688,-37.2435122433817,-33.22805622888336,158.41339129913786,-37.11754411515358,-43.98301501779133,-41.0289312490313
2025-12-12 18:23:08.311687,Right,-26.632446510931914,-27.119013568168157,-19.88192076899213,-24.113819706220966,241.25690793161084,-26.04027943638721,-28.299105667967524,-24.022808923768025
2025-12-12 18:23:08.315714,Right,37.046295919750264,52.37775668654285,57.13337720134223,43.67187694799941,-113.31814588943325,42.5790380842227,48.62561680761792,50.839384028528
2025-12-12 18:23:08.318710,Right,43.252083132934786,46.1357951134014,48.677923198021745,42.73729655425632,-236.08959801315768,40.23643732516575,45.210650099790655,44.19752384563617
2025-12-12 18:23:08.322697,Right,-18.79735577253814,-33.16387999450308,-30.347688188139728,-25.855325009059015,105.50124669789511,-28.67133164176994,-29.359647111090453,-30.906707939557236
2025-12-12 18:23:08.327704,Right,-32.742347641400556,-36.24516713986668,-33.58313140188693,-34.89032660216617,273.0037963965342,-35.35642451077729,-33.192128373946616,-34.30735257042761
2025-12-12 18:23:08.331714,Right,26.362288136235293,42.551346788884985,42.585529244028294,31.065488021908095,-45.4384807966826,32.136170804489666,42.05135641710149,38.41237106835979
2025-12-12 18:23:08.335742,Right,45.56686367557268,54.79345221538097,52.718799641817895,47.39570047210509,-249.4927069149826,46.74915563488685,55.42879739078853,47.80929396950887
2025-12-12 18:23:08.339752,Right,-14.02446360572867,-23.973009761510184,-25.269835645827698,-17.306361291186477,50.41042419604855,-19.734807616750913,-19.534734005992505,-28.307745285510464
2025-12-12 18:23:08.343760,Right,-43.317283103748196,-47.7385022762719,-48.38607228188266,-42.45181413762839,303.44618661276763,-43.378869195017614,-44.54589594855497,-52.71280582233885
2025-12-12 18:23:08.346788,Right,12.391072721949968,28.382437158630637,25.31654662695655,19.75045219914682,46.86175406762959,21.25563261520074,26.63690274324108,16.363449103195308
2025-12-12 18:23:08.350779,Right,51.557630359426184,65.01947187013866,59.28691481477654,55.289017127728584,-231.65302374238945,56.384235591487595,62.8439953894449,48.70733635216675
2025-12-12 18:23:08.354728,Right,4.672223803665474,-1.9257960599079524,-6.864196049164093,0.486678209839738,-9.218897848532833,-0.3305037699519744,-0.3439575729862554,-14.608025694131356
2025-12-12 18:23:08.359799,Right,-38.197780043967214,-43.68279790818087,-46.29545942088589,-40.893790792768414,294.13254284249433,-41.7257787022445,-42.766245876260655,-52.83812106115147
2025-12-12 18:23:08.363801,Right,2.5346955872137187,18.657431285773782,16.16122055942833,6.716114856651984,104.85729640733098,6.637470710764319,13.39637637103624,6.602309588204662
2025-12-12 18:23:08.367774,Right,47.75525946815833,66.70017913483025,63.42212725860918,49.75517949374989,-227.28044873682302,47.926471404205586,58.37720895570419,51.925430144565325
2025-12-12 18:23:08.370838,Right,10.163362453968148,8.565080069474789,7.139725173736224,3.1130879964221094,-83.2105799663268,-1.6677203424860636,3.175666962395553,-2.214712147757382
2025-12-12 18:23:08.374953,Right,-40.60209294712331,-46.97865110478233,-45.1130975219985,-48.10230704607238,264.9445472745274,-53.15998505525931,-50.78984920644689,-52.95878743433241
2025-12-12 18:23:08.378904,Right,-8.933465443147725,6.01893645018572,8.706972738826153,-7.501065389042196,161.70301492156432,-10.826449993608549,-0.8379135499289987,-1.452401104317687
2025-12-12 18:23:08.382904,Right,45.78923497627693,70.78661267836651,72.30030212651582,50.47564190707635,-204.37970039311494,46.979747833904185,62.96266750386167,60.46188465235355
2025-12-12 18:23:08.387901,Right,19.46310324939259,27.893801511651873,29.913186173037502,18.360069914855558,-152.55905905517102,12.98459550892585,24.457216198776223,20.55340398759654
2025-12-12 18:23:08.391901,Right,-40.91092047315033,-41.0194317752339,-37.044928373373295,-43.4221399773578,215.69220462139674,-48.51269221498114,-41.86062678273811,-44.16681888686253
2025-12-12 18:23:08.395903,Right,-24.02843285392555,-5.8448518770173905,-2.1515180220076218,-19.45342319849624,206.0656813625128,-22.11040590628909,-10.409870151126597,-11.534237838495756
2025-12-12 18:23:08.398920,Right,37.86262226214603,68.493750854479,69.79916370977753,45.174553141685465,-169.01992667763443,42.60819382551199,60.903461715617595,57.894308340280986
2025-12-12 18:23:08.402947,Right,29.09080627165531,43.51849756528463,44.61977978026971,30.031445274244106,-213.51338308989034,24.177466951829047,40.025939085068785,35.517322937685094
2025-12-12 18:23:08.406948,Right,-33.83233607263537,-34.133628303753085,-30.279010135021963,-35.25263820982764,150.4983198069176,-43.2668583124796,-31.929663922624968,-34.30783214064286
2025-12-12 18:23:08.410973,Right,-33.51512186717446,-20.18915125045305,-15.107027060510745,-26.971113755424085,238.64840776929032,-33.47779912263832,-18.13754407217766,-18.1227487633696
2025-12-12 18:23:08.414974,Right,29.021855103957932,57.59873620518101,60.31514339048931,40.55021786899124,-114.25284538878623,36.45311968735314,57.25950265243455,55.630486011507855
2025-12-12 18:23:08.419920,Right,36.26764360658672,51.330872935902335,51.8854026210343,40.865981616874706,-245.94156721369745,38.09560587973283,53.47538833574026,48.65234514534404
2025-12-12 18:23:08.423999,Right,-26.139136862911982,-30.205013346220767,-28.785841626266347,-28.218298838279225,92.40880689498226,-28.728497143392815,-23.675019129630073,-28.354680977696262
2025-12-12 18:23:08.427000,Right,-42.34925275110072,-37.1661218259042,-34.62773548846553,-39.51977694047855,269.9932432133528,-36.24855454689714,-31.783830361310947,-34.30836907217872
2025-12-12 18:23:08.431018,Right,17.84785954317067,42.3909098044561,43.64216827128166,27.325924000544546,-42.13476635404277,32.225028771232246,43.117627898174874,39.87465772009409
2025-12-12 18:23:08.435026,Right,44.52082734493797,62.322049505782616,62.34052044888904,50.034208707438665,-255.10087467582798,52.428966106925145,62.23360965318119,55.74961338154026
2025-12-12 18:23:08.439042,Right,-4.9500023756208975,-6.727897762119483,-5.303183733815786,-6.131417806493118,33.96719300244513,-6.806106894854565,-5.290409353260998,-13.000971976167875
2025-12-12 18:23:08.443057,Right,-27.00476194962266,-23.921050529707827,-20.97441370512388,-24.738725320972662,285.4708707350237,-25.661523677807963,-25.86421626921765,-32.51435854058036
2025-12-12 18:23:08.446996,Right,30.639941724443815,54.0990471299242,55.74869944846978,40.16291372521073,25.8450030655913,39.75571798714782,45.645031538665535,38.48517560193841
2025-12-12 18:23:08.452133,Right,66.84564546403362,87.76661783929922,87.72067025931392,73.98598517467417,-265.59594799429306,71.70495417211669,78.4392660615681,69.48617284332988
2025-12-12 18:23:08.455109,Right,14.214663583736183,13.981752363924898,15.28200607227609,13.995373042403571,-51.492962261305365,8.946496919717447,9.175299822657053,1.8703777392860275
2025-12-12 18:23:08.459101,Right,-33.119175401056054,-33.72129367607249,-30.061034021282467,-31.888939404047733,260.4062748199194,-37.661830792878845,-38.0220188656499,-39.87271287556666
2025-12-12 18:23:08.463092,Right,7.9882405682592434,28.877888546761824,32.04901840577077,16.34259601000258,81.95839553166752,10.473644633811091,19.11613826477742,21.168572726461207
2025-12-12 18:23:08.467051,Right,56.42607124004007,81.42049366441825,82.67014415510857,63.43185479625538,-254.18601234160087,55.13598855941473,68.9051016745725,71.21928894954044
2025-12-12 18:23:08.471125,Right,18.9158499143241,24.30107754344408,26.31546197586431,17.80532627961557,-117.95114010481484,6.542815485285246,15.305112935257057,18.269739673551157
2025-12-12 18:23:08.475145,Right,-36.1212184998667,-35.88809896532712,-31.08142887797294,-37.20927553446191,237.210642733412,-47.850470565610976,-42.282039329958934,-36.329137627518776
2025-12-12 18:23:08.480100,Right,-7.781017927211451,12.786078239256312,18.34137786152678,-0.17985526016718723,147.1285522692806,-7.228579189004904,4.241946756364996,11.682404587825658
2025-12-12 18:23:08.483157,Right,47.686410203327796,77.24365219027095,81.5673906253196,57.710486676786104,-221.19554898612023,53.06405363578676,68.3660268121721,73.67085009385755
2025-12-12 18:23:08.487107,Right,22.341661365347136,33.812541349729145,38.826930994850045,25.761410074911282,-183.15898311592628,21.66628114400487,30.40716657397752,33.97727034485433
2025-12-12 18:23:08.491180,Right,-40.98631265994936,-39.84939097877941,-31.964259905797007,-38.8640099231186,182.30398131247875,-41.39159266938282,-38.75257837398749,-33.41741081420059
2025-12-12 18:23:08.495200,Right,-28.50154259336523,-9.827389289757775,-0.8951743569377868,-17.86823507551526,182.63574884291756,-17.908622599012148,-10.505063621389127,-3.2012730262822515
2025-12-12 18:23:08.499199,Right,32.314150940741456,64.08674436385809,71.33930845199575,47.46497519394961,-189.25672382943685,47.148329606592654,61.06597603414593,67.23171795196413
2025-12-12 18:23:08.503226,Right,24.967499095119365,41.25954878626362,47.81527238566923,34.238326149562,-240.42883913498372,30.298390018334317,40.87994491720383,45.761223788296775
2025-12-12 18:23:08.508237,Right,-37.81981437851937,-36.144406420007726,-28.070180400829486,-32.10599387202001,124.22517126870207,-38.76050683302901,-34.1726397127095,-27.264795909974964
2025-12-12 18:23:08.511170,Right,-38.756964291980694,-22.857449332668693,-14.579225108207538,-26.541968880496825,222.6243192512202,-32.65003895400491,-24.75753344288205,-15.568833171648294
2025-12-12 18:23:08.515241,Right,23.185428276155335,55.997711820558834,61.67500985548577,40.02090148774141,-127.95568109978012,34.92192862011939,49.38027174376657,56.712524331618624
2025-12-12 18:23:08.519274,Right,30.69800474565659,51.30687970563122,55.092611319250864,41.00030815009086,-268.55218910595795,35.21405715784226,46.72417369319737,50.135689251887015
2025-12-12 18:23:08.524263,Right,-30.545411215996637,-29.501560315189636,-24.965981825167546,-27.082967439662752,67.37285487770805,-32.892636314486936,-29.27871728952414,-27.426682249913938
2025-12-12 18:23:08.527265,Right,-42.59315233680604,-33.828796407407935,-29.24009419034701,-35.574509397886686,253.10624794054002,-38.778246268102066,-34.53925233820519,-33.168723940378186
2025-12-12 18:23:08.531228,Right,24.74268608534203,51.71055392805101,53.40312326513231,36.35697640297985,-60.378216308849005,35.84820072957109,46.358850955151865,44.48003750757198
2025-12-12 18:23:08.536310,Right,54.65687364139086,74.23846281220358,73.45559419910569,60.38925028785434,-291.2994951328192,60.050421374788584,68.5777945828886,62.49042461779209
2025-12-12 18:23:08.539305,Right,-3.028598860214913,-3.819015959148601,-3.558862998026598,-5.214359564412916,-12.689515543150264,-6.050548193831673,-6.529993661821209,-12.760510188505577
2025-12-12 18:23:08.542317,Right,-41.89260998263634,-38.49991506990955,-36.32302102573158,-40.927576389151,254.28200165970247,-40.56943257480134,-42.44885998184145,-45.43761159002315
2025-12-12 18:23:08.547317,Right,2.459506094091296,26.34540873163496,27.847900826462137,11.070280149014252,20.275828514204477,12.207599470973037,18.010334274424167,16.388965344594908
2025-12-12 18:23:08.551341,Right,37.52999608005791,59.338222243372,59.353172462688235,44.032381301020905,-257.8007449096276,42.75816101237706,51.44276130661274,48.74363091860869
2025-12-12 18:23:08.555356,Right,-6.393711463900786,-5.859369243098627,-4.880136392504937,-7.57921644992075,-39.61176640868962,-12.101848228575363,-8.70563998241596,-10.452498628437752
2025-12-12 18:23:08.559456,Right,-43.54433429855578,-43.81006182843521,-40.88392517977627,-43.59944103979251,279.3209554576224,-48.14373748182334,-45.53143071172781,-43.7224407739086
2025-12-12 18:23:08.563380,Right,3.8560646766331956,25.25953661179119,27.79934419158235,11.481354146369995,105.30903890035916,8.923518562410209,19.316845238296082,22.648042642984365
2025-12-12 18:23:08.567393,Right,54.889169991887684,80.93179517126373,81.97527991100287,62.4349783545249,-239.31779260691928,59.58162468552746,73.6111780757874,75.28258919480504
2025-12-12 18:23:08.570356,Right,17.468671897193417,23.505640579567626,25.48170881886108,17.91707198374752,-114.61229633007315,12.803875671374044,20.485259979237526,21.847547391625994
2025-12-12 18:23:08.575411,Right,-39.881109644562684,-40.67405339918696,-36.25903486986135,-39.18205804903391,242.286766850817,-44.27725182793347,-40.93317507205393,-36.86313727034394
2025-12-12 18:23:08.579422,Right,-14.183716583880141,3.472354897436162,7.881173925630719,-5.102689286323766,161.11705008014997,-7.311118485536099,1.1211557371243543,6.430503617672002
2025-12-12 18:23:08.583371,Right,41.907297819713676,67.2678827446598,69.43657596028424,52.964918784429756,-208.81882558875986,52.898368450276394,64.73450791279538,67.41509049438355
2025-12-12 18:23:08.587435,Right,20.58645183626686,26.834692255775735,28.463178280882858,24.478820797465232,-180.23528736732533,24.718593567417884,29.545400454890114,29.894120726907204
2025-12-12 18:23:08.590456,Right,-38.92190653617581,-44.15677401404355,-41.07657562031454,-37.272181375785294,185.53752269409415,-36.202138196415035,-38.15088033282882,-36.76487160824763
2025-12-12 18:23:08.594449,Right,-24.41101614919353,-12.978338300721589,-10.403616686609894,-15.79357510076079,195.845488050737,-13.480202265833213,-10.940633931775665,-8.768884070625063
2025-12-12 18:23:08.598471,Right,39.07292965184388,63.241035239056146,62.44024135904692,50.07463168184768,-174.157008827352,50.89629294251063,60.47187760710949,59.79656305213757
2025-12-12 18:23:08.602518,Right,35.99154787492034,43.99886497007901,40.70832824810714,38.61911796485401,-234.48694630169393,35.372002815111045,42.047815245949096,38.438983608952185
2025-12-12 18:23:08.607488,Right,-24.60528301573504,-32.915875804275856,-36.29511957104842,-27.78558936391528,127.61330312025257,-33.17301339593996,-33.18119963753816,-35.453588347569166
2025-12-12 18:23:08.611442,Right,-27.69512057053771,-23.735171631949925,-27.950277317318978,-25.53880872778791,236.70282286042402,-29.414423785331564,-27.445220042109213,-26.769112687074085
2025-12-12 18:23:08.615521,Right,31.505107788668283,51.428721156929896,44.29803766259283,38.49465516104465,-106.12165068495779,36.01276664654961,44.0391743705768,44.434704263567255
2025-12-12 18:23:08.618527,Right,39.30592193204029,47.08681932929176,38.34552528526183,40.65925666304793,-251.40038458185427,36.89913107065331,42.79413178813411,41.07776461231515
2025-12-12 18:23:08.622547,Right,-21.32956369753356,-32.81688023586503,-40.05304990111836,-26.006565707828486,81.16999210838367,-31.000853591531268,-31.6115661009826,-32.937080651247015
2025-12-12 18:23:08.626545,Right,-36.874293071990905,-40.095985412674054,-46.05870940777095,-37.059942721602056,276.19472669274455,-40.825333919878176,-39.49754797776404,-38.933155990440355
2025-12-12 18:23:08.630561,Right,23.89003812568353,40.02055367849607,32.591436577102286,29.984972231726715,-25.719248928216984,27.56854369370376,36.45481351848139,36.322576695103635
2025-12-12 18:23:08.635576,Right,48.77801683982307,58.548762675305625,49.751783843676094,51.239230077304455,-253.8410266544861,48.05599056376013,56.284112130499125,53.85160123956484
2025-12-12 18:23:08.639578,Right,-10.052598671984015,-20.755817583771204,-28.02983397828939,-13.498749057765963,25.351763091146495,-16.97819257122319,-16.642531110104755,-18.504865756551226
2025-12-12 18:23:08.643601,Right,-45.97229364291252,-53.20417564905438,-58.633920562457206,-44.9040823465366,295.28661649629066,-45.53463080457004,-45.91687725525844,-44.751112746473154
2025-12-12 18:23:08.647599,Right,4.887581509861775,18.12116147795132,11.659885419692728,14.491763974998321,53.2699220115901,17.030578704639993,24.44478910473117,26.51384816974314
2025-12-12 18:23:08.650631,Right,45.9729791460677,57.72883908896438,49.601610712972615,54.19783384725997,-250.65033126542312,56.130088369238365,65.84600177983884,66.52936158176453
2025-12-12 18:23:08.654644,Right,1.3525746902541869,-8.044500489908387,-14.761584634066821,2.641570778298046,-55.71556658771806,1.6062484254962328,4.9086465329783096,6.466763913698742
2025-12-12 18:23:08.658662,Right,-43.70480290098931,-54.481141947168,-58.31089416645773,-40.58445150199077,263.328333309546,-42.67880525302826,-41.30831721856521,-36.20907424118923
2025-12-12 18:23:08.662592,Right,-4.4401595329827614,5.820732117839725,2.3275505165838695,6.477615469408192,102.80032171620314,5.323234279823737,13.685376697994798,19.734752652891984
2025-12-12 18:23:08.667670,Right,44.353669007966346,58.59492079049778,53.530666130351165,54.00805872098499,-236.75133809048657,52.8367600920119,64.19740124771488,66.82091292617406
2025-12-12 18:23:08.671673,Right,10.430266134805606,3.5667212165499222,-1.3967631118830468,10.61761903567458,-114.88102107681425,8.838906757449877,12.943220982961066,12.64136415053872
2025-12-12 18:23:08.674702,Right,-40.4086655891615,-55.12886281167448,-58.80198803025996,-42.208004133730356,244.16020275525352,-42.253044083445275,-43.668720591544115,-43.550565323115734
2025-12-12 18:23:08.678676,Right,-6.761946549152526,-3.014032624920219,-7.762942559616931,-1.1573786353146716,165.83303227260603,2.1591525486110186,4.772931311545108,4.837155539205924
2025-12-12 18:23:08.682688,Right,56.10189615430136,68.19575865061051,60.41384831626419,63.41233364247091,-212.97100011016573,67.89845237267218,73.29821718019957,70.0814467692544
2025-12-12 18:23:08.686659,Right,35.55377316343947,28.293707949629606,19.535848781477398,34.70047421199342,-195.8499098712964,37.87814859504215,35.96638362158774,30.026645168813047
2025-12-12 18:23:08.690727,Right,-30.040509133297746,-49.94424933909977,-57.27112143716295,-35.08651410025777,176.34536859516902,-32.10438661009539,-41.21276297732766,-45.957712564961184
2025-12-12 18:23:08.695742,Right,-21.337000234638253,-24.86824879959022,-32.20953969321636,-21.123198600569594,206.21957162020863,-16.593341610003336,-21.95224587400662,-24.822837476533095
2025-12-12 18:23:08.699758,Right,43.021573959364105,53.59560417600369,44.02838224102379,45.03093952864219,-156.1706009190384,49.17611668686186,50.115408021301846,46.198299992982356
2025-12-12 18:23:08.702767,Right,44.411835419878116,40.43745031085564,30.268607163845445,38.2985515850105,-225.30635935101873,39.001942886865436,36.907830124931934,31.780943934847528
2025-12-12 18:23:08.706749,Right,-14.31322741789154,-34.119494052503796,-42.00095893560865,-25.821506852033053,132.03636103167173,-27.717034335888457,-35.67872212781003,-38.55698870167544
2025-12-12 18:23:08.710766,Right,-17.610287362652343,-25.222144404515348,-31.83539156549523,-23.548816311242263,247.48683879123928,-24.7710862520471,-29.40395922227981,-29.337759329353503
2025-12-12 18:23:08.714775,Right,43.488203655078905,52.40559322241825,43.835801991263,42.386117137346446,-94.81223057966963,42.37493409354829,44.77444115563594,44.037067434454
2025-12-12 18:23:08.718753,Right,54.067008579299,51.97438407876325,41.59769498478636,47.18614344215894,-252.36297169311638,46.55673917540844,46.92585776708074,43.581160078534595
2025-12-12 18:23:08.723801,Right,-8.387873431267508,-28.72301789740777,-37.80776319751021,-21.177138747427307,72.0594804883549,-21.956189762342547,-28.40149736897547,-31.24727028507732
2025-12-12 18:23:08.727908,Right,-30.751882537675556,-41.58578848810066,-48.52197943633655,-38.0756859802259,271.74404651058285,-36.48429267618303,-40.59294114173099,-40.60760581600516
2025-12-12 18:23:08.730899,Right,23.801702037859286,34.30632483145928,27.803391186687804,24.51387847684964,-29.19319945936695,28.15673224612692,33.37192355602565,33.96394501488248
2025-12-12 18:23:08.734872,Right,46.31119464956828,52.38432567667223,46.54684113117764,44.85455439344514,-270.51265423115456,47.347471485469214,54.26220087375259,53.48754400828511
2025-12-12 18:23:08.738880,Right,-13.42801746470468,-27.19771027321258,-29.998739824932272,-20.624476537643204,-1.6832394194075277,-19.97936641130036,-19.673775190502056,-19.59475100648524
2025-12-12 18:23:08.742886,Right,-51.18040336006197,-61.78894642981504,-61.7521555386993,-54.760005611371525,276.8407900553839,-53.05406190525537,-54.10655165333992,-51.28452330268192
2025-12-12 18:23:08.746828,Right,-0.8518546073100879,9.24283139493673,8.928206520940876,3.1176658147596754,49.62722593986791,7.377914231701652,12.294222225833437,15.061250253262187
2025-12-12 18:23:08.750890,Right,44.2248115574821,53.815350869914255,52.13978987647715,46.042348794682766,-253.4884448887683,50.94066765259595,56.41448371329352,55.97458726250079
2025-12-12 18:23:08.755908,Right,6.29797345114639,-5.057926394443712,-5.625307849852106,0.1188141703587462,-67.57741100873045,4.389425749472139,2.341761732721352,0.4156599851194187
2025-12-12 18:23:08.758920,Right,-33.914600955735295,-47.914047858748745,-46.554087134543806,-39.66797267070069,248.18951172552124,-34.60013793991675,-39.215360041473105,-39.58233500234746
2025-12-12 18:23:08.761939,Right,7.502487738556738,13.095196082815164,13.414181967367767,8.737222766274499,87.12281897263256,15.110186154703115,16.99702589021399,16.71070347711793
2025-12-12 18:23:08.766922,Right,57.36487694635616,66.52056940053626,63.90670704277363,57.967016601041905,-261.86811278911136,63.32902821699463,67.5778920478624,63.92051403523874
2025-12-12 18:23:08.770881,Right,21.5763344526913,9.864065562469477,6.490073647542886,14.435573840788493,-149.25820319527793,17.51536779941307,13.667359511047835,7.45859983515038
2025-12-12 18:23:08.774959,Right,-37.219226373297715,-56.331611483772576,-58.465309912426164,-44.55570671949499,220.3450941998326,-41.49157460024435,-51.36056794495198,-56.45995370393575
2025-12-12 18:23:08.778962,Right,-13.928556877930532,-13.192783251446599,-15.741634515252372,-12.587313295307467,167.4157779347479,-7.658452913774454,-12.77303423783269,-16.52542491373606
2025-12-12 18:23:08.783983,Right,45.159172467770986,56.80482431043674,52.175502011657954,48.88139175608012,-196.8657247096471,53.69053336331672,53.49125503908908,48.46240271342322
2025-12-12 18:23:08.786967,Right,30.168133146551554,24.69280587538924,20.051045242882537,25.72558838817895,-184.03928599746337,27.98586930217789,22.96192077613341,17.2190397212089
2025-12-12 18:23:08.789987,Right,-27.67480101957426,-45.42266485802065,-47.57464995712144,-36.79003704177558,181.62139985129625,-35.738641080726666,-46.33901844271895,-49.31487427804859
2025-12-12 18:23:08.794994,Right,-16.792244300055245,-19.0449665634751,-19.872879741997167,-20.691497916453955,211.5788043366581,-18.481769813637584,-24.607386610066897,-24.64700904991696
2025-12-12 18:23:08.798994,Right,43.69165223469463,55.11659558798601,53.654085857586324,42.85963899063427,-153.3389950880976,44.94688425142158,45.879299769712816,45.45729067782486
2025-12-12 18:23:08.803032,Right,39.70730468318834,37.14485747449362,36.58012063845672,33.10404771586218,-229.8702317857203,32.1205269741622,31.382803261085428,30.213365819512546
2025-12-12 18:23:08.807023,Right,-22.044071565984268,-39.26556163676469,-36.560280090081505,-31.649525291926693,126.58284455073112,-35.370233860032386,-40.23345930368305,-38.64729534220169
2025-12-12 18:23:08.811051,Right,-25.116815062435307,-28.503953691855713,-24.033467820732767,-27.526959568725943,248.04171160263945,-31.321053459894756,-31.241272312578076,-25.97140096610201
2025-12-12 18:23:08.815049,Right,37.89366150351361,52.68986445752125,55.737156023245916,40.92695950646703,-95.80218851492452,37.484820506562755,45.573493160025464,51.006151277628305
2025-12-12 18:23:08.819009,Right,49.70355599929826,53.97815345275376,56.025098352936766,46.68864948864575,-263.8540410176603,42.30767962776554,48.21436451655245,51.95712211212049
2025-12-12 18:23:08.823018,Right,-13.199545184278577,-28.41812705684606,-24.533808245065302,-22.86212391987283,58.58428767852047,-26.9191330202666,-29.309990957208356,-24.660028873511692
2025-12-12 18:23:08.827088,Right,-35.85069007326638,-43.45819807990847,-37.81868532815497,-40.74605527778294,270.05341197016253,-41.45085797213869,-43.92752298677624,-36.84131138513112
2025-12-12 18:23:08.831107,Right,21.912355518198638,34.63750145801714,39.523309811833315,24.69785622415111,-25.177522824942912,27.005670459589965,31.32184475916074,38.047206754366925
2025-12-12 18:23:08.835114,Right,50.63585279259496,58.7591947695264,63.376932222359756,51.100812924403726,-279.89696287370157,52.78744265459409,56.77459303028081,61.3024923512985
2025-12-12 18:23:08.838136,Right,-5.614273135149233,-17.711619659944517,-9.740320448658167,-11.006320022133878,-27.487923592086062,-11.160536308913834,-15.168367061729441,-9.812596227426184
2025-12-12 18:23:08.842141,Right,-45.96130563614952,-55.37591139944834,-43.029550236227806,-47.4346048619409,249.12954830867668,-46.95042084767556,-52.785647223376145,-44.04665331988144
2025-12-12 18:23:08.846148,Right,-1.2153662401005931,10.391722722586564,24.115246686425962,6.05969937980808,26.53724166762011,8.235597220361342,9.254442512376045,18.071929177820493
2025-12-12 18:23:08.851230,Right,38.698183433227314,50.62950082842963,63.89463634818094,45.61593125566651,-277.1213860862423,47.22943626122833,50.51750709719272,54.651562274177195
2025-12-12 18:23:08.855168,Right,-4.246071817945449,-12.96070268510175,1.3541187456721673,-3.687833419584422,-86.5569794744406,-3.6774544991458242,-6.946753652715415,-7.1004344404227595
2025-12-12 18:23:08.859204,Right,-49.045157158389884,-60.414813066666284,-44.64535218308447,-46.77931309028281,250.92040390482077,-46.1728742721034,-52.54220375730074,-53.87086734643799
2025-12-12 18:23:08.863202,Right,-8.375606460985182,0.6962592498530285,14.987549289020535,2.0276725442872703,114.45405702497618,4.375235681872255,3.442005786815571,0.7301035464006418
2025-12-12 18:23:08.866206,Right,46.232443580925064,60.43967401984446,71.4713839481883,56.621872167189395,-228.28554708930727,58.534383268449346,59.358414185160655,53.44527196629497
2025-12-12 18:23:08.870238,Right,17.118722276784865,11.025494307252302,21.01545134296248,18.8347069544061,-123.46364929170113,19.10188578952966,11.374674426902857,4.232704787710645
2025-12-12 18:23:08.874212,Right,-36.975083193190585,-51.843888174516906,-40.96560095658788,-38.24964039576844,242.2084026263708,-37.05120069878467,-51.60940532142922,-56.206180782705815
2025-12-12 18:23:08.878248,Right,-10.617587267926865,-7.990197339699989,1.9054444224493636,-6.73761195044608,188.12047666715193,-2.6282039288789747,-13.071836225994957,-15.50847238190181
2025-12-12 18:23:08.883275,Right,50.77517041739884,62.12191847674512,69.28265125727194,54.55517459745079,-187.34561083936433,58.949911430518114,53.72052160331623,50.326844715270454
2025-12-12 18:23:08.887271,Right,35.00419011396116,27.335370775691445,34.246594048490806,30.401178491774772,-189.53967723138737,31.61700547831515,22.697894463431112,18.815377865241317
2025-12-12 18:23:08.891274,Right,-28.137402543805365,-49.519053691364206,-39.61604507483207,-35.320986613171044,175.65143079878794,-36.41982677391752,-49.6737891538005,-50.60697389775487
2025-12-12 18:23:08.894291,Right,-23.20538792672596,-29.4801863460998,-17.38806905772435,-22.082970838926485,216.61313445415362,-22.38145956515291,-30.4566434127064,-28.545655559259103
2025-12-12 18:23:08.898315,Right,35.60767559431588,43.361712900628845,55.36059745179227,41.790620050808684,-147.63687024254614,42.8149853926252,41.516301176217894,42.38267941969025
2025-12-12 18:23:08.902335,Right,32.58104752984855,25.839954543750082,38.791375097131095,32.431292092170224,-236.93559606241456,33.81077188375184,29.123634881276303,28.03737803490094
2025-12-12 18:23:08.906273,Right,-31.754447418344625,-55.359027772674835,-39.143375424439,-37.60831042244445,114.5867911959881,-34.51436589524019,-46.29880434023562,-45.83374508581346
2025-12-12 18:23:08.911336,Right,-41.064645240690425,-53.17401096745334,-34.97863365608282,-42.41749734744462,246.52254764802228,-35.84338410901637,-45.22720850246151,-41.739304354000524
2025-12-12 18:23:08.915364,Right,18.92952833014806,24.66655591751919,41.67606750255072,22.328851473933355,-91.40559845051803,30.034938831159707,28.365969329223844,32.06685963041582
2025-12-12 18:23:08.919389,Right,33.264591122735965,29.94792661374254,45.91722622736779,31.93423285145309,-269.31941124591845,36.444941201706115,34.138634036910844,36.88008918916603
2025-12-12 18:23:08.922380,Right,-26.859633362177192,-48.28858022035138,-30.917026065431855,-32.96022047747101,44.662054414866816,-31.823744135349443,-41.01730162397962,-36.181428924841384
2025-12-12 18:23:08.926338,Right,-49.552944304644825,-62.92406216114773,-44.664476423118685,-49.57130187815528,262.4744458104042,-48.252709116154165,-57.08487226201123,-48.73128332014221
2025-12-12 18:23:08.930397,Right,8.242440661703313,15.224105855934567,31.311259364265425,16.4048670287566,-24.418672405178313,19.020489548748174,17.272035433480596,25.52193543219755
2025-12-12 18:23:08.934414,Right,39.84554698129023,42.143659033416384,55.8056567192034,45.50578792844408,-281.77776731594804,46.91958378086929,45.78574772470529,50.772605162364016
2025-12-12 18:23:08.938439,Right,-11.554466863528887,-29.838803630173743,-15.769763606500419,-12.37945116627725,-33.97420892537593,-13.019780782860835,-20.665730532632097,-17.201121535747006
2025-12-12 18:23:08.943436,Right,-47.23253706170499,-63.348631689299566,-48.36320479269125,-45.034684155704326,246.189580153512,-45.234573139504846,-53.39661088656385,-49.272459324172814
2025-12-12 18:23:08.947453,Right,0.9217576225682933,5.606880404595273,18.640473315181225,10.682017587997507,25.73327743363734,12.099474650935235,11.235327411714024,14.043766068350578
2025-12-12 18:23:08.950470,Right,41.82890794282525,46.736742870871836,56.897455006421296,49.65192630027286,-286.88146374845337,50.74961415760686,51.48164745904478,50.78037364605143
2025-12-12 18:23:08.954466,Right,-4.513251330074354,-21.002418552944803,-10.924748714449379,-5.022091926428402,-103.84925587750968,-4.741575817083003,-11.971215333393957,-13.794895921635089
2025-12-12 18:23:08.958490,Right,-56.04152674256784,-76.48912746491061,-65.1936066567232,-57.0044137506552,242.10445005768725,-54.73652954871386,-66.14888187752467,-65.84372795280615
2025-12-12 18:23:08.962498,Right,-19.844140473917605,-20.50664766542576,-10.594481655820346,-14.629790735524239,118.61041018546803,-9.326217704654141,-14.680200870821409,-13.678598303164335
2025-12-12 18:23:08.966515,Right,35.71026779117574,40.7313319559463,47.762788779336915,39.54635300070868,-226.3143826831115,44.388852901057135,43.719926760290036,42.261658887271324
2025-12-12 18:23:08.971504,Right,9.402358749330006,-4.769567046327438,2.0383175568222214,4.113361917295151,-132.76345454428838,5.5362630384084355,0.5518970888774675,-2.129363938632423
2025-12-12 18:23:08.975563,Right,-44.19375959224203,-65.81094862015914,-57.085478280914685,-51.76719056176307,231.95924771826276,-52.018727316125634,-59.95431415551457,-60.223762742959025
2025-12-12 18:23:08.978538,Right,-18.927032225884886,-20.936648551038047,-12.367874487852532,-19.54476586228475,184.6092413020492,-18.948535938662246,-20.08477351547458,-18.34845670031575
2025-12-12 18:23:08.982547,Right,42.078056128064645,51.683265986765264,57.9354649679899,43.57096549217067,-194.06450467355035,43.780783470344886,49.393418433688794,49.73144333745745
2025-12-12 18:23:08.986567,Right,26.02740900873198,19.032265800589244,24.935509658080264,20.642134123630512,-207.2979402718911,18.494418181491596,20.89523562554632,20.046167674925186
2025-12-12 18:23:08.990561,Right,-38.35435721823228,-58.00124279561544,-49.92000372542316,-46.11641455519339,157.6302573476637,-48.72488771907274,-51.19228929824931,-49.569360647241865
2025-12-12 18:23:08.994520,Right,-33.58464081921636,-37.65695057439166,-29.012745722022373,-33.629351852326636,209.26554156198154,-33.44427765596538,-31.845493643818145,-27.452208383881725
2025-12-12 18:23:08.998556,Right,27.93036513675787,38.721254398920564,45.15109321014643,32.333823683129594,-152.36493017855355,34.810123947773945,42.18668622804262,45.42235386511256
2025-12-12 18:23:09.003623,Right,27.341043270569344,24.511246966743784,30.082553564878253,24.96742332100871,-249.3426162453893,26.897108813505838,30.469302448044118,31.20104402988393
2025-12-12 18:23:09.006632,Right,-38.71175799316859,-58.00403021014267,-49.94750726445818,-46.95593358113524,104.21343327768545,-45.69168845101444,-49.064113205886315,-47.66875097037018
2025-12-12 18:23:09.010619,Right,-50.987747250406244,-58.29301023002358,-48.17953805469551,-54.27151554766738,253.08268084663496,-51.71149006602013,-52.41263846307265,-49.140001009958894
2025-12-12 18:23:09.014651,Right,11.324542644656631,22.86587985583992,31.907211057814493,13.789723061030372,-74.67158901681569,16.895624770192626,23.843472743580264,25.527944118285404
2025-12-12 18:23:09.018642,Right,33.16241183846886,36.15289400123788,43.963127196910136,31.740875327791173,-261.31202151380967,32.41158816210282,38.24585343873537,36.197166411581634
2025-12-12 18:23:09.022666,Right,-21.189297221147047,-37.211317149282195,-28.17041560999678,-27.126845764242944,42.374929854441234,-29.02123233314387,-30.7709606720868,-34.02980794374969
2025-12-12 18:23:09.026672,Right,-43.00603743588809,-52.184878968061184,-42.315367437373425,-42.8427527676148,263.88639905025,-44.577696973527964,-46.57199249752472,-49.326548706424774
2025-12-12 18:23:09.031699,Right,15.279370682865476,26.60835162071794,33.8944959337623,23.76715001846935,-16.535101776005376,22.53710747230707,27.369800808295906,22.22204151304436
2025-12-12 18:23:09.034686,Right,50.38746659581875,58.14096368440357,61.95282415782094,56.084110933733655,-277.8948669300121,52.86803884930487,58.05047144411611,48.170074514446696
2025-12-12 18:23:09.038733,Right,1.8288929527235496,-10.789782920856851,-7.834704452919141,-0.41923571189238373,-33.917779979988154,-5.378526712270286,-7.853799699479879,-19.763057048638757
2025-12-12 18:23:09.042723,Right,-35.57581787778685,-46.95566806300212,-43.927952201859625,-36.91141307220357,255.70216521147586,-39.44607209716969,-44.54698569702237,-55.30254015568926
2025-12-12 18:23:09.046734,Right,8.924281346258567,17.855081444073335,18.653124219649726,13.662654249968,46.411721732829164,15.648485987760068,16.021378879929358,5.194966805613603
2025-12-12 18:23:09.050801,Right,48.24186908384837,57.94366571832245,55.93546531478478,50.454960366494106,-269.7003081858293,54.14319574131014,55.8641564237322,43.32617201813514
2025-12-12 18:23:09.054778,Right,1.2116045751663478,-9.9304329792526,-11.56656687123359,-5.0723030004443785,-96.24725277213952,-2.5328593102426566,-7.187458996595353,-18.42876431556192
2025-12-12 18:23:09.058831,Right,-52.7828123121742,-67.67533563848849,-66.88457820746589,-58.96490937383501,250.08457599811913,-56.92899154209044,-62.90565884720547,-69.12634554233
2025-12-12 18:23:09.062790,Right,-19.40630687963744,-13.769370372827893,-12.452531904301395,-17.56519118050207,128.91982767469494,-15.193570065571294,-12.12607511640249,-14.97013738306191
2025-12-12 18:23:09.065793,Right,35.85813047377428,48.34972779495365,48.64829644868951,38.668514520666605,-228.99583406171405,39.732658425801674,49.14797417846398,45.705821497612305
2025-12-12 18:23:09.070745,Right,10.041671746441352,3.4209663266170764,4.695870524599741,5.043602448135719,-155.84151736370814,4.1071247078516535,8.829444432957757,5.277846663795117
2025-12-12 18:23:09.074874,Right,-46.627552076944426,-61.92108124468473,-58.10432722757014,-53.72221552437968,204.5787522622304,-53.819530164140815,-53.814667444795646,-54.20877400185236
2025-12-12 18:23:09.078905,Right,-26.863852915161488,-23.1806081139689,-19.222020155533755,-26.58636157054474,170.08417129355053,-23.742854147347316,-18.844328558879397,-16.762399607281623
2025-12-12 18:23:09.082891,Right,31.830854240347207,48.12908980908753,49.61397354829387,35.38603033665453,-199.17372106285677,38.405292975712655,48.663976138704584,49.38376201141773
2025-12-12 18:23:09.085865,Right,17.393257575165535,18.430130648127715,18.818668254043587,15.001455797258899,-212.14463359444517,14.186761408373059,20.399254886569906,19.450294772393136
2025-12-12 18:23:09.089874,Right,-46.29986932087502,-57.33144558632637,-55.66637739055568,-51.010586409091786,158.42474846276423,-55.52017570807493,-54.174270796359,-53.495091803437845
2025-12-12 18:23:09.093880,Right,-43.27954064873802,-38.17091496082941,-36.324211919064055,-40.440673234484905,223.81590508831107,-46.18184866414231,-39.40963341661745,-36.757076614869675
2025-12-12 18:23:09.098872,Right,18.48860277976678,39.688938375269515,39.40030140800263,26.097109156855765,-131.8404833444219,18.97849030703219,33.91494925269308,35.03264462069728
2025-12-12 18:23:09.102906,Right,23.576803560870985,32.07717501980487,30.549652534235065,25.008453606132775,-235.8316914150398,14.89553087465083,27.94015370248303,26.527192294744054
2025-12-12 18:23:09.106899,Right,-33.756066982791936,-42.1565098963189,-42.63056112019058,-37.78614624089653,111.61706191282065,-49.44372628945348,-43.2669152373071,-43.9976725275701
2025-12-12 18:23:09.110948,Right,-39.29197396981999,-36.78894571297738,-37.082097983403855,-37.97244872171143,261.3152523810974,-47.7007523953298,-40.654741628241254,-39.4635686063516
2025-12-12 18:23:09.113925,Right,25.190784161135184,46.054424257256,43.40065358768106,32.74415502582116,-70.41387974708508,25.475840998537024,37.4148942217148,37.29402122139982
2025-12-12 18:23:09.117939,Right,45.179143858450516,57.25265971889473,52.920376129394754,48.43824818567708,-269.53811641617125,41.43762442657135,49.518711865446676,46.31694158716482
2025-12-12 18:23:09.121944,Right,-13.107726595110194,-21.247196755784614,-24.426935378955477,-16.818232245666422,28.373548096944084,-23.64928086195505,-25.197134578299938,-28.47248655255953
2025-12-12 18:23:09.127948,Right,-38.4719052933566,-41.85994355157965,-44.27135649685306,-40.23936098823674,257.62054946145963,-44.78049928944802,-47.51452962431881,-48.62061421937187
2025-12-12 18:23:09.130974,Right,18.06772761730224,33.32819650149327,28.454594514564178,20.482196942334156,-17.362162836106336,17.80364079364972,21.91046797287663,20.426861444358565
2025-12-12 18:23:09.134985,Right,51.488230238374285,61.86952458658857,54.1989084842744,48.58319042259416,-285.4675812343643,44.612182502198266,49.40570047945812,45.22467880338809
2025-12-12 18:23:09.138999,Right,-1.4451059145998215,-12.557038002928948,-19.806494603650435,-12.739224218238178,-44.75289222017875,-18.51971594801762,-20.975139243761532,-25.349302522312428
2025-12-12 18:23:09.142004,Right,-44.187729432027936,-54.54904599634267,-60.28313132374592,-53.42897505418671,258.37915830924226,-57.72726100369164,-61.87089887433012,-63.54004773805309
2025-12-12 18:23:09.146006,Right,-0.3525021062147289,10.416430325150372,3.477455299987298,-1.6093625889061514,64.12431079603607,-2.87100015883334,0.10147877557483298,-0.6423507921340388
2025-12-12 18:23:09.150042,Right,44.458707558395986,57.33459386637037,47.810788286558335,42.65195390445621,-254.70013951617852,41.51904494978771,47.397830994203105,44.904275958896505
2025-12-12 18:23:09.154017,Right,3.415354280125939,-4.1031197188139,-13.913923844373016,-5.268894743732801,-92.6770035840193,-8.986044371386015,-9.055266282854063,-11.472730591208347
2025-12-12 18:23:09.159038,Right,-49.35293704227638,-60.92565304495349,-69.6416013688451,-56.62674710794067,254.16328007891502,-61.886589243018534,-64.232714495045,-63.52185768618938
2025-12-12 18:23:09.163060,Right,-18.021520144980627,-8.714750803229549,-18.49014586661758,-15.786464912203712,143.85243612788145,-21.235102765280317,-16.1967073422702,-13.93142280611437
2025-12-12 18:23:09.167065,Right,36.31860070081416,53.92705846144645,41.75852246280158,41.4998201590609,-208.34034654643392,34.24628133236001,44.08544890359417,44.39051370287234
2025-12-12 18:23:09.170067,Right,11.70772510454799,11.485818361398628,-0.5904060846878565,11.083923812043224,-133.75802652186485,0.7759170868557703,4.773938765385537,4.070296411136496
2025-12-12 18:23:09.174083,Right,-43.4292893885696,-52.422393742785516,-62.37663042098802,-45.01631773866967,235.66667679400962,-55.75947254992661,-57.28576995157346,-55.39440589878359
2025-12-12 18:23:09.178093,Right,-22.568130335613773,-13.743235602531968,-23.714944639902114,-16.926865297567815,213.25535118209382,-25.19472543883876,-22.109660525763957,-18.09891821160113
2025-12-12 18:23:09.182058,Right,37.41796157512579,57.610193025187755,45.20984444514147,45.33487894631992,-156.66498510057045,38.255728018029004,47.12617729991052,49.55466093587211
2025-12-12 18:23:09.187116,Right,24.526574379652857,28.20708816719298,15.078994025120892,25.231884762872824,-181.48095730699742,16.876968919526917,22.04341727697465,22.769074001284253
2025-12-12 18:23:09.191140,Right,-37.467312417772064,-47.55136706823646,-58.89723224927275,-40.52322736859165,182.85077402664683,-48.90630945614248,-49.71025439391133,-47.08714260584452
2025-12-12 18:23:09.195162,Right,-30.95854560368707,-26.819675930941912,-37.957211912485036,-28.23114722650348,249.0297178126698,-34.228144650302056,-32.306142284080124,-27.135883711059705
2025-12-12 18:23:09.198158,Right,36.98821757759015,55.46670854597346,41.48099036673602,42.594276467462635,-114.68590169572917,37.44648509244689,44.55752139608421,48.73184889590743
2025-12-12 18:23:09.202162,Right,46.71307833228366,50.48891802478238,34.44076750281056,44.56383195969812,-236.44445969370418,37.14182407808039,40.282098618205964,41.802672003214184
2025-12-12 18:23:09.206125,Right,-13.160932493660198,-28.79029770072657,-43.93573893612211,-21.818091709779708,103.59745041229735,-30.252368488954744,-34.89905551224547,-33.85243854852547
2025-12-12 18:23:09.210176,Right,-27.45373383064441,-34.160484129696215,-48.61821923405432,-31.34488542323595,263.268903426881,-36.67053272282283,-40.03500527131837,-38.738805665907876
2025-12-12 18:23:09.214205,Right,28.35677748519572,39.756026187073076,23.55013434150669,30.71149075765345,-58.9789482747924,28.78248525993058,32.261073345923705,31.314816715174175
2025-12-12 18:23:09.219229,Right,42.89860012685858,46.83210134680917,29.490667317761563,42.16066798028527,-259.69770218027816,40.286992066753555,42.45259312464441,39.07863898093933
2025-12-12 18:23:09.223194,Right,-19.99305844725143,-34.32834162955464,-49.75345239900025,-24.911336403883922,39.59686855193786,-27.043813539779876,-33.33268288912359,-35.00216463612719
2025-12-12 18:23:09.226256,Right,-50.88594445609124,-58.27460390859437,-71.75522470414171,-49.87434136281766,283.8115533989494,-48.86631304552793,-57.20886079817592,-54.987256914538534
2025-12-12 18:23:09.230249,Right,2.0115462070716603,15.750969124005223,1.2747337183541276,11.439001695871582,23.219638038747235,16.165391535550953,13.586236846525253,16.32117030030156
2025-12-12 18:23:09.234265,Right,36.84970258619967,47.87565999364756,32.01351413336488,44.239746306588756,-246.44663300064985,48.80194491409566,47.76769100517686,47.96390841982429
2025-12-12 18:23:09.238278,Right,-10.984402175992159,-20.45228822021977,-34.97968196162901,-10.69053602024377,-15.643249064006795,-8.67467704119099,-14.37357003020793,-14.071059619702623
2025-12-12 18:23:09.242300,Right,-49.06394737580865,-57.689429799813524,-70.49610942430809,-47.32024316548129,282.1229669724048,-46.16382852395873,-51.228896447981015,-46.961587155026564
2025-12-12 18:23:09.246306,Right,-2.781641825479369,10.236156422758995,-3.943778700097482,5.783544891930575,81.71142728654831,7.181273955914548,10.1259720624289,17.00652505504388
2025-12-12 18:23:09.251361,Right,43.7973538942332,60.4062877145675,43.77302630980648,51.02084841799413,-253.25138570899253,50.701077075425474,56.480578178523274,62.09400096679133
2025-12-12 18:23:09.254258,Right,5.016856943906191,2.6035804280747925,-13.439773094126394,4.461805923305974,-107.83556067458653,1.522119238310097,1.0244540673763822,5.420885617048043
2025-12-12 18:23:09.258325,Right,-45.59739827791407,-51.85740787101781,-65.28004591585295,-46.440168064323075,235.1130374656591,-49.50255832240555,-52.69626713484968,-46.82636747096507
2025-12-12 18:23:09.262363,Right,-12.199528425852236,1.7208056241947816,-11.095352343058494,-5.7556098305531975,124.54467772256066,-7.418767409989414,-3.5617267533320955,3.4349501941583185
2025-12-12 18:23:09.266361,Right,43.93329981356152,65.06474602648677,51.16764678730169,51.32598273623256,-240.33105777221556,48.55333237350078,57.20738760116501,63.05413243341722
2025-12-12 18:23:09.270372,Right,17.91313201934713,19.727821117625354,6.736173772880193,18.11136920014721,-181.76835253432927,12.057499737722992,14.97558070852233,20.684055698752836
2025-12-12 18:23:09.274390,Right,-43.33269108033329,-51.78049930688394,-62.225361655049255,-44.913904342780086,189.97674603412244,-51.91302956055688,-54.7244162950808,-46.46686472737959
2025-12-12 18:23:09.279350,Right,-28.164009739637834,-19.363650756546576,-29.649215361973802,-22.99446944526892,184.38812712080323,-27.77985059292996,-26.52531201307397,-17.20058520793321
2025-12-12 18:23:09.282399,Right,32.88614121975263,53.39709063342343,40.75699048472916,39.68756274318619,-177.82622250683502,36.08591802709134,42.512668809358274,48.64916917437139
2025-12-12 18:23:09.285419,Right,26.233545223892236,30.253854355356225,17.09062121781426,24.583191708117766,-207.78557460949204,19.465859428614294,21.872759192578997,24.654449870150827
2025-12-12 18:23:09.290359,Right,-31.805421301537308,-42.35480725020284,-53.070361872227295,-38.47998534186232,156.79366575334006,-44.375173172978975,-47.67174365045162,-44.262602520839835
2025-12-12 18:23:09.294439,Right,-27.439329873077725,-24.149692620761925,-33.26683255211765,-28.235236554956884,232.95892865725318,-32.326777916245646,-32.18873994510386,-26.969173118679507
2025-12-12 18:23:09.298440,Right,34.57023858108647,53.39013331321394,43.44318246179955,38.594753256094634,-126.60348827549876,35.9452157054161,41.961618660478734,45.788609233776796
2025-12-12 18:23:09.302446,Right,37.844644249152964,44.059338928612306,34.14266166459993,36.722449022164426,-253.66073519124052,33.404378658171936,35.93218671433124,36.99924380261811
2025-12-12 18:23:09.307464,Right,-27.428754500394803,-39.046384992887056,-46.538362717796645,-33.31407773070583,87.3741541538925,-36.594066058427416,-41.23832178641942,-40.09644585476869
2025-12-12 18:23:09.310411,Right,-44.14835326133442,-46.155729222062064,-52.26739185687393,-44.901816259280224,258.72002209934294,-45.71150485116004,-47.93518005410692,-45.27756449091578
2025-12-12 18:23:09.313490,Right,14.729571870901822,31.090396270657152,23.268437892949805,19.446325409974463,-58.642176871581114,20.48485630343862,26.665563099746805,28.166138416954738
2025-12-12 18:23:09.318487,Right,36.888593620085146,45.4914234513119,36.28224238761095,36.746053440822664,-270.4042184927257,36.67141903334982,43.227461010311345,42.28294510411075
2025-12-12 18:23:09.322500,Right,-19.383282170237223,-30.367523763781264,-37.8173961601849,-26.275556767796843,17.193998273520947,-27.551430655533977,-27.612118477658782,-27.56741019425533
2025-12-12 18:23:09.326510,Right,-48.64333204359065,-54.4081692958423,-59.833482756168905,-52.26425029430686,261.531003839051,-51.76339792249769,-52.04699535309226,-48.45042549596627
2025-12-12 18:23:09.330530,Right,2.9963855710772123,17.4612097701048,11.04648028487486,5.752366420641806,2.2957626686202275,8.813373911319331,14.990305191852258,19.264924902640644
2025-12-12 18:23:09.333535,Right,37.48930296475392,49.13061056559354,40.92296340227813,36.766439986591706,-274.966285516324,39.85992446296996,45.808656977562464,47.28036506897405
2025-12-12 18:23:09.337536,Right,-9.461854571495039,-18.828871224765294,-26.23973541487385,-18.39825464494851,-48.739499827401914,-16.316605867858925,-18.822048030483074,-18.914849154514172
2025-12-12 18:23:09.341597,Right,-46.35817456931966,-56.27279760372596,-61.92163853041757,-54.506512845211404,259.6523241113887,-51.68672443243861,-56.71931409206434,-55.9423893258172
2025-12-12 18:23:09.346563,Right,2.2335358263807166,12.257985159921361,6.128519833481164,0.9498379499643477,73.06554721432849,4.3344698489169105,6.942698009386731,7.242193280238723
2025-12-12 18:23:09.350575,Right,51.430209280651525,63.29077420242487,55.96276249947215,49.65077260222398,-260.63882781360576,50.22462039822153,57.188977042820056,54.925992634324075
2025-12-12 18:23:09.354586,Right,11.703073224295906,2.558336338911431,-3.2477690640447463,3.879258137355933,-118.18165457951727,0.5542468640930309,2.0909309100209725,-0.8037707186939542
2025-12-12 18:23:09.358622,Right,-44.27158715735567,-58.92864410193769,-61.749101951379416,-49.96643744842537,233.11329341937653,-53.524516111998764,-55.384309757719905,-56.069128740722704
2025-12-12 18:23:09.361605,Right,-16.42584615041784,-11.199775283901516,-13.335325274782974,-12.562206568431815,135.64938631210907,-13.4271963898845,-9.23505977355235,-9.299404119039764
2025-12-12 18:23:09.365626,Right,37.16633594382097,50.58797811864801,47.60029480932815,43.12305810611297,-227.1007779467518,43.001008945038166,51.86369198860437,49.16490676190483
2025-12-12 18:23:09.369635,Right,11.21828503934205,6.228748156023983,4.771971763187025,9.685810165633825,-173.69972601146947,7.606995048722865,11.411328344459491,7.378435256880607
2025-12-12 18:23:09.373651,Right,-47.98634750567601,-63.217036667610714,-61.07027262738802,-52.36267980790004,199.3866460062136,-55.056202611980666,-56.13380045178218,-57.52593435268079
2025-12-12 18:23:09.378649,Right,-28.94401706793053,-27.11007253371153,-23.49247434052245,-27.209509142413623,197.80759231837055,-27.85326896522338,-24.436184857287742,-23.440009545151838
2025-12-12 18:23:09.382659,Right,35.807162826138324,49.839252200524896,52.2022150587261,39.80685694986994,-172.12720212366867,40.6014148030049,48.62541053538632,48.09432314168271
2025-12-12 18:23:09.386686,Right,29.365750179096835,27.78498665777029,30.07642739925859,26.643879172625134,-217.00261021181768,27.113931256913702,29.201945300102352,26.56476559568273
2025-12-12 18:23:09.389692,Right,-32.59577191344147,-48.272449867580754,-43.75598879025529,-38.59369364072131,145.39165612137003,-37.03898624735143,-43.36224406684403,-44.55204624623025
2025-12-12 18:23:09.393702,Right,-32.495923189560244,-34.316017238200196,-28.9492088115544,-31.926126123653944,234.45372950115734,-27.142813913010514,-31.881235373181767,-30.422445192835085
2025-12-12 18:23:09.397655,Right,29.27553393430162,42.760022535945936,46.13651776059805,33.92501149336658,-116.12915991512227,39.83023636065309,41.41179856401607,42.630675272246435
2025-12-12 18:23:09.401737,Right,36.559766685096065,36.59364657500198,38.774746158282596,34.32347185336948,-245.9112115122125,37.31532909202724,37.74513128579963,37.51428411920688
2025-12-12 18:23:09.405742,Right,-22.920434369226086,-42.0792280458741,-38.28592020770475,-31.500170168542127,93.90369929669487,-31.23194217037053,-35.62708083512416,-34.74636742398684
2025-12-12 18:23:09.410744,Right,-32.91341557236615,-42.9736952815345,-38.08285870547206,-36.46736739576147,270.4049182408089,-35.2554111525028,-36.350832280621034,-33.490850509716665
2025-12-12 18:23:09.414704,Right,32.45753920899983,41.80140056639772,45.043999527141295,36.03433843545565,-49.43868149702712,39.36750163824399,45.82337758691688,47.5402770818489
2025-12-12 18:23:09.417775,Right,56.08030661495786,58.85708847387821,61.03552258223044,57.111958592524616,-274.7210083031882,60.59297843232798,65.25445868960651,64.37952332440636
2025-12-12 18:23:09.421764,Right,-6.900955665043739,-23.815146711422848,-19.296392406572977,-10.952080027862394,7.540353290378789,-7.706138047704826,-12.119785782701456,-12.396530648568387
2025-12-12 18:23:09.425797,Right,-45.86471314502364,-58.20014599444565,-50.99021881331009,-45.87793912904863,264.7369862666601,-41.057905085267066,-46.81786088695685,-44.37909789821924
2025-12-12 18:23:09.429853,Right,2.0189351174947205,10.38760654165496,17.115972173573937,8.7416571893948,18.04947112554737,14.622863681519448,16.56979496318195,18.74464913718225
2025-12-12 18:23:09.433855,Right,40.18102020888978,47.19553191669205,52.55500962687984,43.72636008986092,-264.15995917319196,47.365847082392065,51.92685045414851,50.94785145535184
2025-12-12 18:23:09.438855,Right,-3.0203301030801413,-15.96215286558187,-9.136225888413719,-7.2712947194743265,-48.49335705238218,-6.602904933484751,-8.228787041622581,-10.187147303691745
2025-12-12 18:23:09.442850,Right,-41.20097211784923,-54.194873537306506,-44.77452364849978,-43.93713942271438,261.7533544824437,-42.75225200321074,-46.96987559791228,-46.996953065726075
2025-12-12 18:23:09.445856,Right,4.270692164860293,12.21129860010035,21.54391964811748,9.138727759934,82.56310989708072,13.081513676334907,14.181653823564147,14.14335912687261
2025-12-12 18:23:09.449840,Right,53.122548176718055,64.30822261632935,72.07919069537729,57.17814156303302,-253.49462190094619,61.735940103130815,64.13952308611783,60.8482479115014
2025-12-12 18:23:09.453885,Right,15.259344335256628,6.045264843492063,14.571310317423922,11.137208837695653,-116.25585726288818,14.144840938338348,8.73183400670564,3.780844219187429
2025-12-12 18:23:09.457881,Right,-38.91495070400606,-53.8580243563822,-43.056882946241785,-43.9692800016212,242.58815826283444,-41.174370994331184,-51.33185328558193,-54.20942916669401
2025-12-12 18:23:09.461913,Right,-7.662471580082183,-2.4309475363884303,8.438054614601242,-5.250274149904044,157.67433967310217,-1.3413702886382453,-5.93770040313143,-7.3962123748867725
2025-12-12 18:23:09.465923,Right,53.306297157766494,67.76043871198863,77.02226801396682,57.49535962850132,-208.6290839824942,60.578827804829416,60.66467861373053,57.25876760428673
2025-12-12 18:23:09.470908,Right,34.539793012003884,30.97287255852339,40.80627810891292,31.980734093292085,-173.1947071381701,32.69989022606296,27.677775326987103,22.747861642764065
2025-12-12 18:23:09.473906,Right,-25.14975515041715,-39.648160926521086,-27.286244563592845,-29.511737570155447,189.50842847381455,-28.69840537665914,-38.79902564077838,-41.93040845358337
2025-12-12 18:23:09.477940,Right,-14.60615076664726,-12.491392996494938,0.14697967989013705,-11.752116739078247,191.14050679036654,-8.24684482513021,-13.241858960198442,-14.751074194489775
2025-12-12 18:23:09.481946,Right,40.82077601168385,55.54908074650183,65.66177118014275,46.62382366046336,-177.13800715604702,51.0969169253367,52.854271714994866,49.573575036905595
2025-12-12 18:23:09.485929,Right,29.179254266686257,28.43081425821771,37.39386212245881,27.818899862650824,-226.6756527896655,30.574269847270443,29.26454582105316,24.171240937021594
2025-12-12 18:23:09.489958,Right,-34.93789861937148,-50.65676493345188,-40.02490210828546,-40.98360424366297,137.93780679982046,-38.51012898823956,-45.962197731046444,-48.89342170889995
2025-12-12 18:23:09.493993,Right,-35.15637880414738,-37.82210484990492,-26.241575410337646,-35.81689453458603,238.40082190251314,-30.473448096919128,-35.12045349756772,-34.63023604249315
2025-12-12 18:23:09.498985,Right,29.451339035435694,42.5266860367185,52.65546752234877,32.78659658956485,-108.46862339812196,40.52793410789582,42.304399747552225,42.684705493169986
2025-12-12 18:23:09.501999,Right,41.566786871325576,42.28080521421043,51.70415448658423,38.60264809887076,-248.19365610838304,45.819353056913315,45.186368744502715,43.305628695020914
2025-12-12 18:23:09.505990,Right,-16.404376945579543,-34.464375618843405,-23.424940060775953,-25.400753539575817,85.47353357458542,-19.14371517724976,-26.793502754664132,-28.70217237651059
2025-12-12 18:23:09.510015,Right,-30.826281211620426,-40.019927405005774,-28.51924529450571,-35.08014932207402,270.7340981580737,-28.276072322169966,-34.19173608575147,-34.88080473763284
2025-12-12 18:23:09.514031,Right,29.437812574961526,39.80108491832607,48.3877534280673,31.647658619154072,-39.481822446832666,38.01491647063085,40.11918475618177,37.69435798234895
2025-12-12 18:23:09.517993,Right,54.150980272551124,58.59637142552333,64.32241852230982,53.021223971650215,-267.9774004686833,56.384591613367775,58.821146962855664,52.658767043872786
2025-12-12 18:23:09.522048,Right,-2.174669237736225,-17.145288997381613,-10.992676838242005,-8.867722942238743,7.272135965538837,-7.451769393177528,-12.260920290101012,-19.408843746499997
2025-12-12 18:23:09.527066,Right,-34.90609266106571,-45.62542135388367,-38.09167011221598,-37.20370129746834,264.86715921745053,-33.50023181323104,-39.627185432614624,-44.95198192527448
2025-12-12 18:23:09.530086,Right,15.359319424019532,25.034869983793897,31.881668307167274,20.891635032539398,17.511541142148417,27.988343651842115,28.117461511104466,23.139691654367084
2025-12-12 18:23:09.534084,Right,52.195297569606055,60.451020797538604,66.56631527401896,55.555990659019244,-275.3823575440174,62.42158799316621,63.66600423584873,57.292955747875794
2025-12-12 18:23:09.538083,Right,4.6865987952960495,-7.148863370180607,0.9761615319457633,0.5002491477164313,-68.41201695324253,4.407783343312985,-0.9291563747894998,-6.2739120614945705
2025-12-12 18:23:09.542053,Right,-39.15517874105808,-51.08363694551167,-40.70995098034291,-42.22801185488163,248.4549375502711,-40.00097726524291,-46.98252716577167,-48.662868167791544
2025-12-12 18:23:09.546108,Right,2.826644831614658,12.477579888455239,21.611035567200815,6.790747323553319,81.16408885741839,8.775244836061574,8.767089384579094,8.444412589844887
2025-12-12 18:23:09.550136,Right,52.62583819032773,66.68498222638891,73.12928260836179,55.31935520548143,-254.52336789888432,55.921125456588015,58.59475201261955,55.8771816986108
2025-12-12 18:23:09.554144,Right,18.152222844616404,12.528500453587185,19.426256829719932,12.424773406097984,-124.40447360164308,11.216877239885434,6.740121094580047,2.4626460802689394
2025-12-12 18:23:09.557151,Right,-33.45475670260396,-44.90461061234237,-35.123973787688556,-40.00417096025325,233.42850379316678,-40.57967783866934,-49.33577758184856,-51.97293421574203
2025-12-12 18:23:09.562177,Right,-1.7622330121303094,6.679778245595571,17.481940645629038,-0.33219461190134325,150.2592956072449,1.1125518113476573,-1.24210518986213,-2.5846316082477543
2025-12-12 18:23:09.566157,Right,56.757536161373935,74.4221113808062,84.38464348872276,60.70927795325167,-222.67241669773466,61.7433505594754,65.03084513291854,62.568061737896855
2025-12-12 18:23:09.570115,Right,31.70739219435802,31.303415175394548,42.34036116251991,29.5574615603648,-194.92953441788904,28.071544878907844,26.730717523127453,24.45385767864701
2025-12-12 18:23:09.574136,Right,-36.80112108028031,-48.55775819782548,-34.49998350053011,-40.4762182508001,176.2264943412547,-42.37365737471737,-48.88402650934569,-47.06450183619165
2025-12-12 18:23:09.578209,Right,-32.72032173387723,-28.234414097253193,-13.206351080034437,-29.282054991553537,198.74385505092778,-28.863926561569315,-30.56902331307117,-24.570043761242005
2025-12-12 18:23:09.582151,Right,22.852071705888704,39.96631600108731,53.28874289233818,28.911927227034766,-157.6365082258435,30.247256480153737,35.1244873308525,41.36079394717217
2025-12-12 18:23:09.585220,Right,15.89367961343595,17.324813370761603,30.239182111236005,14.556533042559181,-209.0368768114904,14.004498861486354,15.941562990193574,20.758140573987475
2025-12-12 18:23:09.589221,Right,-44.425864481795315,-58.642519999095384,-43.53917296811005,-49.93049679181354,155.6591945040136,-51.40097284980311,-55.16121821745378,-49.8007013769203
2025-12-12 18:23:09.595250,Right,-43.20574080710924,-44.31707375579572,-28.096071120021406,-41.449240725645495,261.53161202414685,-40.774446528544104,-41.22320808063728,-35.28878635276101
2025-12-12 18:23:09.598253,Right,21.930497452546206,38.32965158704792,52.83579921662772,30.721728930502195,-89.64314663619189,33.494531788127915,39.446214587456325,42.746148878683925
2025-12-12 18:23:09.602253,Right,33.047588907672434,39.717640712607135,52.986422499835044,38.66177009447597,-245.279796096047,41.03245243555557,43.54293966087653,43.64690348475301
2025-12-12 18:23:09.606263,Right,-28.198743747034314,-38.31215013288238,-23.8101761689702,-26.5866281743115,79.27795613493709,-24.80581704289625,-31.19147278247624,-30.362710843920695
2025-12-12 18:23:09.610297,Right,-45.449082227606596,-45.84436665951762,-30.81359325323274,-38.635547959022915,269.0297753120467,-35.493915902013214,-42.2870116827296,-38.77251050352015
2025-12-12 18:23:09.614310,Right,15.09996725711062,33.93703982008901,46.48983895056304,27.36031071703337,-38.8051793051045,31.634236092970696,30.711012044804647,33.58850484355207
2025-12-12 18:23:09.617328,Right,41.39783874705154,52.40216015200258,62.68925839243667,48.06708742407841,-274.6693884254537,51.332777253228414,48.43789196468151,47.95651601206623
2025-12-12 18:23:09.621344,Right,-15.208809359309726,-26.853966688243418,-15.495873767833928,-16.897144633624066,-1.1757946937141242,-14.145967216637018,-26.461811115860655,-28.001544915578734
2025-12-12 18:23:09.626313,Right,-49.297234973106924,-59.580522141719484,-46.35438063423021,-48.66515667748081,269.8656554274512,-43.471563150973,-58.29847481619754,-58.30705026363512
2025-12-12 18:23:09.630343,Right,2.144543662095657,10.87696728550327,23.327493000375853,9.945217068220927,35.04657981703531,17.627716393953506,9.191957396694306,8.868128304531638
2025-12-12 18:23:09.634371,Right,43.35782977161125,49.66587985302158,60.56090966460624,48.922997570417465,-262.0996156792726,55.46449485181256,48.78556639088538,45.86191775389216
2025-12-12 18:23:09.637363,Right,-0.6698472203856909,-16.89010895742831,-4.927399168823285,-3.3510245776124066,-65.68525574427986,0.648002243342944,-12.684677000370357,-15.861103101000936
2025-12-12 18:23:09.641373,Right,-45.26197284961563,-65.07132882524002,-51.012525141125025,-48.02847406853061,251.0863729909379,-43.46326722585627,-59.48585291101517,-59.459545858006095
2025-12-12 18:23:09.645383,Right,-6.0664340013104265,-6.873767418548596,6.652503176320806,-2.3280446692028818,87.8497533816626,5.020723081232973,-5.000347111949395,-3.0200547194308456
2025-12-12 18:23:09.649422,Right,42.829766311631374,45.38386207931035,56.850956824513105,45.7862939804304,-254.4239245437402,53.881166958548874,46.60735258729346,47.14515681219609
2025-12-12 18:23:09.654435,Right,8.51450987631506,-9.331912680367168,2.2980494393850677,3.7374816663109414,-134.2185683448697,10.550430641430466,-3.1740897993481667,-3.5113025283012576
2025-12-12 18:23:09.658451,Right,-45.5812689436425,-70.30373450122624,-56.919333092983834,-51.04801187158546,229.1147920319163,-44.072786121119634,-61.61736681252887,-59.838466237280045
2025-12-12 18:23:09.662456,Right,-17.736515023243555,-23.123493249665444,-10.189171409105256,-15.70717466142787,163.81486073551332,-7.257525061098022,-18.110273796243746,-14.670202347029317
2025-12-12 18:23:09.665452,Right,41.194929104854054,45.39748101588066,55.8100378738427,44.85936903261654,-198.6423100685206,52.507430195600136,47.940853994898134,50.1540501119357
2025-12-12 18:23:09.669468,Right,21.997510320863057,8.426126369576195,17.936046830124724,18.637071172922788,-170.75743971632892,22.980870346285656,14.766879793039607,16.16587113588548
2025-12-12 18:23:09.673481,Right,-38.96062841554658,-64.1754330690701,-53.834466722040816,-44.03499430724878,203.2611819534377,-41.725758928753294,-54.024224560408584,-50.45400376006819
2025-12-12 18:23:09.677468,Right,-27.549265702056346,-36.341085974811904,-27.209441773129583,-24.449623752521802,229.52671964430647,-21.785671056280762,-28.139605362744533,-22.82652971590369
2025-12-12 18:23:09.681482,Right,35.40932119260424,40.60667108596408,46.2016486707671,42.6573628857318,-137.7179106892345,45.037326550577404,46.185664856468065,49.60089529469906
2025-12-12 18:23:09.687453,Right,33.81726551185966,24.95162271490699,29.03008045819297,34.20096511361544,-211.95903188048214,34.84117997343458,33.19636469982834,34.221658404824666
2025-12-12 18:23:09.690544,Right,-26.774034790320457,-50.37717732893452,-44.44960335640462,-31.336479819406577,139.5435303948807,-30.61274081550249,-38.65660820888752,-36.60705607061709
2025-12-12 18:23:09.694474,Right,-30.90963492613855,-40.77588299728086,-33.703823727209965,-29.20702282334696,247.91254666099303,-25.744695657383105,-31.090208115637324,-27.016182879831376
2025-12-12 18:23:09.697504,Right,29.003555375959422,37.61556980063597,42.91811019581837,37.374684124909436,-103.4282227015683,42.01042291094436,43.83228502190741,46.844447847464835
2025-12-12 18:23:09.701546,Right,37.63509348626667,37.15586399408585,41.013699586848816,42.79023942288404,-271.54974430282346,44.54742764552253,45.31254785066358,46.11779277313235
2025-12-12 18:23:09.705555,Right,-27.14842330596275,-44.83644497489149,-39.829225416267946,-26.226716726248014,44.624518719532716,-27.967683584055408,-33.243077950033694,-31.457238017134387
2025-12-12 18:23:09.709570,Right,-51.59319013602044,-59.99026943914214,-54.255946517325356,-45.74451259284979,244.03338052139497,-48.17070541902012,-51.665207279154856,-47.23817721841942
2025-12-12 18:23:09.714597,Right,3.6366312270856724,15.817394438130577,19.240203848725287,15.017716578687214,-49.0949645712908,12.860715458075674,16.777754201587413,20.653788123363483
2025-12-12 18:23:09.718542,Right,32.369221120468865,39.60105812417078,40.38843280486981,38.42288769116931,-282.93802773855623,34.955260394710194,38.386611632116,39.07341588667896
2025-12-12 18:23:09.721614,Right,-18.04359237812787,-31.12148969608006,-30.331137813544046,-20.59212930472313,-14.568295469195618,-24.79857816638787,-29.24097327023628,-29.628877308840856
2025-12-12 18:23:09.725586,Right,-50.22227942440986,-61.0071915587132,-59.86456826742506,-51.37381518061375,257.5943697049097,-53.02587055389586,-58.707320591277494,-57.85006632125169
2025-12-12 18:23:09.729640,Right,-2.2270294684394685,6.899646961587678,5.711744093907328,2.9957333791880956,26.004838098490836,4.850080210838996,6.288415907519266,6.480047145623757
2025-12-12 18:23:09.733649,Right,34.25471752003887,42.99691187368444,39.04423279325056,37.46223975443718,-273.61944187116023,40.034523351638654,43.452616732574825,40.98863903943402
2025-12-12 18:23:09.737652,Right,-13.569646048990762,-24.71833854211036,-28.272977840748354,-17.331949632431133,-75.47852960676664,-15.820346155159314,-18.790921034523308,-21.215822826779913
2025-12-12 18:23:09.742655,Right,-60.00038499731545,-72.29593884287624,-74.00662528178691,-62.01754799612081,256.63623201073096,-60.30378314201107,-64.7656937623924,-63.80664907728351
2025-12-12 18:23:09.746681,Right,-18.574538079635204,-9.479503599912277,-11.873174044032567,-12.131769005747628,107.46313101336636,-10.043888757018976,-6.122518765879249,-3.440895786729925
2025-12-12 18:23:09.749619,Right,36.19159963853417,50.8889958800637,46.23611633292603,43.41675943931659,-240.60363107264402,43.116201933642515,52.362588086783035,53.31281942631631
2025-12-12 18:23:09.753694,Right,6.358539324111007,1.7357058458946995,-2.8228160184698936,6.314804400315552,-137.07744076564268,2.6742462877500657,6.868637205545383,6.844569582627628
2025-12-12 18:23:09.757702,Right,-48.21458600342885,-60.18302024907916,-62.81540894198588,-49.760615445529766,219.84356238068358,-53.039060511921434,-52.93660351676772,-51.521485697892786
2025-12-12 18:23:09.761724,Right,-22.991795686845762,-16.64240306512238,-19.632258040557645,-18.44159370275338,156.39995279894993,-17.82193260039503,-12.345430196546658,-11.569269007807634
2025-12-12 18:23:09.765736,Right,35.4953629116917,50.73628909893159,44.90130817386307,40.424381880533474,-213.5760560703493,43.84646542968267,54.06083980132826,49.92260029188219
2025-12-12 18:23:09.769749,Right,17.358483881224856,14.304195888475988,7.011377324335626,14.258598785580944,-200.9632632780358,17.982922810994296,22.92487059339055,14.436299802739995
2025-12-12 18:23:09.774776,Right,-43.84736347688158,-58.9457600523001,-65.63560882068123,-49.52195597829814,168.39070289872325,-45.05499018472983,-45.95655244196132,-54.254876001496086
2025-12-12 18:23:09.777707,Right,-32.85632255472137,-31.21724057762185,-38.708344923059485,-30.813166257341436,201.0907185154665,-24.683212323930547,-20.91235222319301,-27.69633969492952
2025-12-12 18:23:09.781823,Right,31.686609687609234,48.31499906013778,37.97900272403422,38.08863683619438,-166.68857211696104,43.44671922042926,54.69995797662068,46.57638433905504
2025-12-12 18:23:09.785822,Right,31.368169072939054,34.29409754603603,22.7961331793922,31.156776055569935,-249.93874770230195,32.92565186467709,42.332290024443864,32.04780925328578
2025-12-12 18:23:09.789829,Right,-31.212579488947085,-44.226821542953985,-53.889169769579894,-37.210239746311345,103.11688116817095,-37.43534413364796,-33.497346942977856,-43.00510362923251
2025-12-12 18:23:09.793828,Right,-38.182681183708155,-39.261203685837245,-47.5246122864919,-39.91788727468156,227.7854642263501,-38.711867250872274,-31.568390771168197,-39.06425081552334
2025-12-12 18:23:09.797778,Right,22.575416579587,39.09569280322103,30.111850788918673,25.621771682593135,-111.8194943313074,27.72867882936407,42.16145236604734,34.29910910879062
2025-12-12 18:23:09.801829,Right,35.43953957252779,42.900238092274776,34.34821973273574,34.60527231404831,-281.4987467953779,34.49371741761206,47.22752288554966,38.42625478743685
2025-12-12 18:23:09.804846,Right,-25.1978454650789,-35.092985498309645,-40.09927801282902,-29.79130145750969,34.56566201775968,-32.02978486406846,-26.852217355392895,-32.976183262730956
2025-12-12 18:23:09.809845,Right,-45.8932228636354,-47.15579950313895,-49.09208186740216,-44.64892137474726,241.73427206911674,-46.19605284653426,-40.524568395823735,-41.85699970005953
2025-12-12 18:23:09.813882,Right,13.389403058122298,31.967727772203034,29.3616427910747,21.006105273903813,-51.25838680713059,20.108529355635255,33.27898494247802,33.739943197486355
2025-12-12 18:23:09.817887,Right,42.9193891484083,55.917426544675436,51.359980352444836,45.92150751808276,-297.3867982803722,42.62558306265055,56.367589162323384,55.68071247925309
2025-12-12 18:23:09.821912,Right,-13.20213528732711,-20.76762700643667,-25.234105051371444,-17.810445522650298,-32.57700901756016,-23.973920406453544,-17.461932128020635,-17.65601767136468
2025-12-12 18:23:09.825933,Right,-53.33883868586736,-57.690410426203925,-61.736640702423756,-54.88291517850939,256.8772455450662,-60.81292296549691,-55.768040911377284,-53.512068883333995
2025-12-12 18:23:09.828935,Right,-7.0856160634971275,10.708987988114131,4.542733524547657,-0.2695089251110403,43.122729924243686,-4.675641657244341,7.320629654293043,9.564192599524176
2025-12-12 18:23:09.832906,Right,36.168025169476095,55.602381344343485,46.738679049427446,42.29902508576379,-259.7065702894579,37.106955350033786,51.57892151275337,50.84982610600673
2025-12-12 18:23:09.836975,Right,-3.437253942521238,-3.8855254537156725,-12.637934945225425,-4.278067518546777,-75.79878102164275,-11.21530544266625,-2.8299849161667225,-4.67314510453707
2025-12-12 18:23:09.841987,Right,-47.4134901906732,-50.926869437813366,-58.33200216992191,-47.72662432012021,252.24781214105406,-53.6919237746215,-47.74818463532392,-47.36854358398432
2025-12-12 18:23:09.845993,Right,-8.536509720509002,7.113870858789596,-1.3399924059121986,-2.2068219028378735,106.61446103021717,-5.483348671769818,6.754557798616588,8.22975153205698
2025-12-12 18:23:09.850052,Right,43.02331971274407,62.60658513376438,51.89490039156226,48.363814326505235,-245.001979107873,45.49927619283335,60.66029983083172,60.042910639627735
2025-12-12 18:23:09.853976,Right,10.411955838656922,9.229881955715882,-1.111797722067422,7.400576095114957,-147.35651047510873,2.952074427185835,10.847241504878184,9.053621586211193
2025-12-12 18:23:09.857045,Right,-46.95044496828359,-56.65843217507154,-64.83532424043005,-51.216922951303786,216.18517961609223,-55.26817505831059,-53.5345981143746,-53.15512306074197
2025-12-12 18:23:09.861006,Right,-22.867800342031387,-14.517324455666767,-23.045244882097904,-19.491011188639277,165.97576651750023,-20.711674566387956,-15.691675985221991,-13.762333909347944
2025-12-12 18:23:09.865056,Right,37.39349500255503,55.01757793359093,43.550886220269604,42.80322545634044,-202.71992200910427,43.30420115542529,51.002132703071766,50.786370051477206
2025-12-12 18:23:09.869074,Right,21.249230151954634,20.225881736382235,7.512008791047265,18.95021555960102,-199.0362621151462,19.408969257664467,19.90113858278255,17.304311371947733
2025-12-12 18:23:09.874016,Right,-41.5729456650638,-56.22333942111891,-67.51077207813069,-47.71806881840257,170.47584613057052,-45.7076768594834,-52.90152947036313,-54.66731794038242
2025-12-12 18:23:09.878091,Right,-34.95679775216104,-34.480730116932136,-45.21145811544193,-35.161355865596306,216.0264597119019,-29.505070362905826,-33.70232680836216,-34.18937744630966
2025-12-12 18:23:09.882056,Right,27.449794374218527,42.47163340874704,30.51163064819775,30.642926599320162,-142.65767571868855,37.75762409235904,39.884834248974585,37.848330256469126
2025-12-12 18:23:09.885137,Right,29.426177376559053,31.24338816690215,19.719333940382057,26.429767028035712,-227.2393493593538,30.817032460530754,30.66292904553029,27.00987019819786
2025-12-12 18:23:09.889126,Right,-29.754657413194764,-43.217232645814875,-51.76551011345873,-37.12609486078509,126.10175752555301,-35.94615458207318,-41.62261059750108,-43.24897802136729
2025-12-12 18:23:09.893233,Right,-35.08218535038645,-35.847659064934305,-42.899700359757844,-36.877522531653085,257.4047410245411,-36.470538226684766,-39.15775316878444,-37.663085008806775
2025-12-12 18:23:09.897167,Right,27.221612335450118,44.92043140780697,35.932414335282374,30.21396561464826,-81.76710916637506,29.763760974446086,33.910336263417776,35.197032042013234
2025-12-12 18:23:09.902163,Right,42.98330243208193,51.65435361789832,40.87707867122299,40.30742510078562,-261.5699640778964,36.50636555338406,38.65624518657387,38.16658010479841
2025-12-12 18:23:09.906113,Right,-15.979310056821532,-26.077961204469375,-35.830041756740684,-25.046160892177795,49.31696545779033,-31.975967019483505,-37.185283277321105,-36.347475692738044
2025-12-12 18:23:09.910202,Right,-38.6285248102065,-41.728839428235005,-50.35481865105976,-43.50131992010938,265.621667162726,-50.40577754133119,-54.40063843553162,-50.12267266701383
2025-12-12 18:23:09.913179,Right,16.794644908912346,33.26723101512607,23.35619222027526,18.497291304623104,-17.231738623384217,12.784915203101264,17.252733163953053,22.38753958090456
2025-12-12 18:23:09.917205,Right,43.44795653791209,55.076105531979465,44.11961095586594,41.57834640265537,-265.46743754898534,35.460974594202526,41.30643570083521,44.97846987051162
2025-12-12 18:23:09.921219,Right,-13.650620823168993,-22.399849628905713,-31.388014913922234,-22.65787439709311,-8.340471780210464,-29.287888436733738,-29.995284081403952,-25.680760379182175
2025-12-12 18:23:09.925243,Right,-52.35031806191273,-58.603475021763415,-65.30631971527691,-58.46550208038843,276.7297441872329,-63.50425025579352,-64.72325381606333,-57.70678780264916
2025-12-12 18:23:09.930169,Right,-2.127780148297461,12.969086820527309,5.230378686526819,0.12169441985042795,54.67907069711919,-3.3556225008933325,3.4749306356188754,10.582045505631868
2025-12-12 18:23:09.934266,Right,44.61662993516936,60.70347687820913,50.56768935733271,46.59969272808121,-266.24925374156373,41.58392984749025,51.38434915052858,55.427950084689655
2025-12-12 18:23:09.938258,Right,3.760598129220412,-0.8607164156751423,-10.694190769783745,-0.7028255487375645,-96.2764672445669,-8.452034141940203,-5.123941472680599,-2.4256660930477665
2025-12-12 18:23:09.941274,Right,-46.08607814348335,-54.17996016673669,-61.95613164148381,-49.23821749469607,236.90380412218383,-56.828018240523306,-56.59829080253894,-51.995869270538606
2025-12-12 18:23:09.945267,Right,-12.314130806884123,-0.13475095092326228,-7.780592293271184,-7.361488677881425,106.51565261537644,-12.480357414576247,-6.096064764698895,-0.814213746821224
2025-12-12 18:23:09.949407,Right,39.63420153920612,58.0041322524155,49.20504296539002,45.451236788914684,-238.9285003026671,41.23106586299491,51.128587100376535,53.71072219411781
2025-12-12 18:23:09.953297,Right,11.18265486294706,10.424607774654078,2.736612443717604,9.953151918928597,-144.46600698840848,4.780425229991124,8.363504107639528,8.883031646686504
2025-12-12 18:23:09.957312,Right,-44.133427443439814,-53.114459487138674,-57.98571572700166,-46.42065841097519,220.62144491471372,-51.230045474389954,-52.777562730316276,-51.11547813479956
2025-12-12 18:23:09.962328,Right,-22.266157244084752,-13.050383884887879,-17.329998640670965,-17.497667122600433,178.20308183177167,-20.508370695364647,-17.606126261063764,-15.044729760017617
2025-12-12 18:23:09.966350,Right,35.01067194350105,54.45873707869964,48.376286903472646,41.100593308454336,-187.24859235463646,37.94166113067058,44.7232827947837,45.47512021961029
2025-12-12 18:23:09.969347,Right,18.577669057663115,20.689233101261607,14.125343282838003,16.590494179863526,-184.5710214061828,10.89009689053637,11.463831400414165,11.220016445734473
2025-12-12 18:23:09.973374,Right,-41.89087910210446,-52.38274190847119,-57.610896064121334,-47.429749510960846,189.8353006845873,-54.388918502452725,-60.52899700316175,-58.19184365895126
2025-12-12 18:23:09.977389,Right,-31.99645036369452,-26.522515108101857,-32.283549719282746,-30.75034268433501,242.51524179230728,-36.29464360905695,-38.174577392915126,-33.514363972108185
2025-12-12 18:23:09.981386,Right,32.894639911933155,53.28933696955153,44.37080676687401,37.899796623078146,-122.06943940796464,33.43639012126914,38.96510815476722,41.707991827125625
2025-12-12 18:23:09.985396,Right,34.084532685530576,40.101587070666824,29.536290055835707,31.769005452095826,-223.71921252112043,26.58383933092773,29.774165725814782,29.458808516095814
2025-12-12 18:23:09.990419,Right,-30.478165332826848,-42.485259560914926,-51.299219356122194,-39.15847246916201,122.64896703749855,-44.16510518069572,-47.724147487915616,-47.3974519147323
2025-12-12 18:23:09.994455,Right,-41.75485700012905,-43.61380758532778,-50.99785641224298,-45.97790490858688,264.5413357929683,-48.63337795670486,-50.419535264895785,-47.47030291997271
2025-12-12 18:23:09.997419,Right,20.458712842273144,36.0540433593431,27.050726188448607,21.4267810590527,-64.39000544561077,20.10211276132941,24.979269195981033,27.901014858387498
2025-12-12 18:23:10.001394,Right,42.27025387626145,48.84693830618956,38.0000833430131,38.629656724119286,-246.90749213931213,35.58722900318844,39.20566415930989,40.42261229793894
2025-12-12 18:23:10.005466,Right,-10.805519350148643,-22.94596067816326,-33.04618852969361,-20.015559481656055,58.98643753224496,-24.76753555569485,-27.921481596942613,-25.750063107583628
2025-12-12 18:23:10.009471,Right,-32.02325539328194,-37.09897554716244,-46.06210726545396,-36.526820441536074,277.9229756764007,-40.193975786209194,-42.696690198135,-37.609927393190446
2025-12-12 18:23:10.013490,Right,22.372478421197684,37.157978362038136,27.337851922173286,24.934308389205853,-3.501815273622924,22.72151402585132,27.004481315282646,32.4588190893337
2025-12-12 18:23:10.017508,Right,49.23518266517385,59.05175463936854,48.802394122092664,48.6785329596205,-258.59037652256757,45.270823030889005,49.05366595779651,52.36616700581453
2025-12-12 18:23:10.022451,Right,-5.71226102829587,-17.459405853296744,-25.27723628957392,-13.296352656654108,-5.291597546492994,-18.514874518315537,-22.687706755576983,-19.791057617420847
2025-12-12 18:23:10.025469,Right,-41.63279439492999,-52.37188377561142,-57.87834327811652,-46.69781901360466,288.1673124442177,-51.011984043272605,-56.529449878708874,-52.20032321828239
2025-12-12 18:23:10.029516,Right,11.068336846751663,21.156574906928313,14.208226029066282,13.505258417297227,75.45661612714139,11.34032669335511,13.5478879101438,16.870587444103876
2025-12-12 18:23:10.033543,Right,58.92263678851032,70.23273721937045,60.36227097738447,59.629005584040215,-246.86985987409662,57.45793687841069,62.51483475304849,62.20450038466606
2025-12-12 18:23:10.037555,Right,16.397179329956998,6.779259656525994,-3.1618394442448334,8.824403080319371,-79.72925069887879,5.488449617533661,3.5105292002745045,1.8226221087570593
2025-12-12 18:23:10.041599,Right,-37.20811026376032,-51.075424732305066,-59.29938854286593,-44.783872779500825,261.3214247077085,-47.20252162046745,-53.485048221113175,-53.26323343335207
2025-12-12 18:23:10.045577,Right,-6.494908173466683,-0.38195850827162303,-9.114803842789115,-5.958377492429463,140.36149082949305,-6.430125386893906,-7.698639367339638,-7.207676447186714
2025-12-12 18:23:10.050617,Right,44.06870159324444,56.84249187181223,46.00966101677841,46.63901110060533,-208.7672675418762,45.36698145175342,47.337480837767544,44.50988535776105
2025-12-12 18:23:10.053559,Right,14.25309330312939,8.177250421732538,-2.433978062847018,11.101176319875321,-124.32858432783723,6.764887407409788,3.128929992853955,-1.9338591407104104
2025-12-12 18:23:10.057647,Right,-42.389609562495934,-57.14225295484522,-65.57174387440682,-46.0172802866457,240.75684706890752,-51.539356919333386,-58.868432711033165,-62.038840769446324
2025-12-12 18:23:10.061649,Right,-18.55225982315187,-15.609981966124224,-24.011825975383545,-15.334283162635074,204.89816001850522,-19.54721296463913,-20.421229332155235,-21.207561794187313
2025-12-12 18:23:10.065664,Right,45.39759219350435,58.54931435253053,47.767526155097585,49.491641946572145,-164.36185098515216,45.54765426430686,50.75984288218115,49.54767892396012
2025-12-12 18:23:10.069651,Right,36.06140356164724,31.764623476622887,20.24946652865401,31.894765527207028,-176.02752877481362,26.32665600327482,26.946815466783846,25.24366766326193
2025-12-12 18:23:10.073663,Right,-21.93427009437528,-39.40620117571501,-49.150725606294145,-29.274634329666924,189.07468934892586,-35.11597269153867,-40.69492282767442,-40.199349654241814
2025-12-12 18:23:10.078674,Right,-13.52380242180243,-15.24746750527504,-24.4059114576703,-12.920968821327733,240.13638885038108,-16.942259744845614,-18.382938689289404,-16.079187326973624
2025-12-12 18:23:10.081689,Right,49.93561878769833,64.00389409813909,53.26182240752678,56.18037743250875,-130.34527266248006,52.414185210153846,58.47455081423868,59.051979823223974
2025-12-12 18:23:10.084779,Right,50.85615865483669,51.89651726780224,41.16702838598576,51.86689972682814,-242.1071366445458,45.50467538489988,49.67453197134273,48.1823128233259
2025-12-12 18:23:10.089699,Right,-14.434743811863882,-30.72589330432281,-38.48700831162205,-18.19703369317233,104.01173649833345,-26.20572248309918,-28.385792104306347,-28.247435519026112
2025-12-12 18:23:10.093720,Right,-27.409836726421418,-33.705191340431945,-39.5080689970564,-25.943335607041263,256.3528801192042,-32.44826852136924,-32.56665713966686,-29.597413364458134
2025-12-12 18:23:10.097671,Right,32.437314869668626,43.18810754342482,36.008409706311795,39.09179191781038,-67.66072485011136,34.07323492636374,40.90076649956609,43.34960082760199
2025-12-12 18:23:10.101738,Right,50.213112844790885,51.49421325239204,42.97854050330716,51.48202146332369,-255.43293098273534,45.44469665830857,50.99477141141142,51.09806409387238
2025-12-12 18:23:10.105831,Right,-9.423789479287734,-27.41091570035161,-34.390010456565506,-15.164773207367148,50.5574227486577,-21.897032644541234,-23.61931584656395,-23.19681104192341
2025-12-12 18:23:10.108824,Right,-37.04279844872235,-48.07241529749234,-53.37397914241592,-39.62036956786517,282.21196382007656,-43.841444303765755,-45.37735514597716,-43.03005507115222
2025-12-12 18:23:10.112835,Right,16.756470812170846,26.555582433311372,20.03363673198328,20.225256310965165,9.484189260097992,19.295452746155974,24.52611644564513,25.66726957603214
2025-12-12 18:23:10.117816,Right,49.761540861744834,56.1327868343277,47.79072697015363,49.84639318807103,-254.8287344080154,49.641163596121146,54.16731327951675,51.56062704510623
2025-12-12 18:23:10.121806,Right,-0.4353978854342131,-14.570741476471085,-22.076412443017034,-6.882825890001982,-14.965449821014772,-7.479949391545233,-12.067588747997434,-15.661831016393535
2025-12-12 18:23:10.125758,Right,-40.14589283670102,-52.76510818932695,-58.62951483539655,-42.96374510102987,280.98874851895835,-42.360369043616174,-49.832064255083424,-51.101914569251676
2025-12-12 18:23:10.129832,Right,4.797268847864871,13.562572011400789,6.810719877441443,10.618907941549423,81.16935711386759,12.496669866433308,12.076509713911037,11.338469170965709
2025-12-12 18:23:10.132838,Right,50.609313122867206,61.066133061997334,52.45521401665974,55.078430567001305,-237.8108481136187,55.88690115161421,58.57901631621826,55.15401840919458
2025-12-12 18:23:10.136840,Right,13.361464595498546,2.7545436168911692,-5.186191485110612,8.982445361282316,-79.61463620936365,8.634229093415797,4.484619662250225,-0.30148160217731856
2025-12-12 18:23:10.140862,Right,-33.401522107144956,-48.59512154253821,-54.631044646550436,-38.832727119121955,251.31407968728809,-36.930284017745294,-45.647938707445064,-48.65263507691634
2025-12-12 18:23:10.144872,Right,2.269083750947175,7.244085268718209,0.5396654328833392,3.461569404883903,119.54893955331772,9.091078368970557,5.204350869656992,3.061095509263396
2025-12-12 18:23:10.149884,Right,55.72617115335015,67.57747105628505,58.579303702583275,56.319248770783815,-246.39017586967884,62.42630794232605,61.8234444889531,57.828165987578814
2025-12-12 18:23:10.153894,Right,25.001822241384616,17.235245373324005,8.577227665184182,16.165168316564632,-174.65838783524578,19.84582132100013,13.211447689011948,8.843353165242206
2025-12-12 18:23:10.157912,Right,-37.2228095974142,-54.93957420903371,-60.776200697018794,-49.52049163716242,196.10768704987277,-46.502057687492425,-58.12616826954854,-59.1698665203312
2025-12-12 18:23:10.160917,Right,-19.16688431582952,-19.396165631127133,-24.145834306626057,-25.017887889065605,174.83603519036615,-19.99443046211286,-26.606416073530454,-24.932877463518707
2025-12-12 18:23:10.164926,Right,43.657198829012486,54.823599516273134,48.87920131053761,40.638165809104976,-193.83603919223265,46.45007668880794,45.266386011885515,45.918867825374036
2025-12-12 18:23:10.168948,Right,35.535883511270185,30.476700173640893,24.911004428435263,26.569548561027432,-219.37810018299854,30.79439732605215,25.039321905012002,24.673245350578327
2025-12-12 18:23:10.172950,Right,-25.01230651330843,-42.979540553125844,-45.71680358771118,-36.06912742001714,138.81090530387974,-32.31735215831554,-44.2737095406801,-41.99506413599829
2025-12-12 18:23:10.177957,Right,-23.47084603757594,-25.90993273314689,-27.061482763765525,-26.84946870204385,197.51885329131608,-21.15819179761229,-29.26609867281877,-23.928224723357744
2025-12-12 18:23:10.181956,Right,33.60440659442611,46.779959200894154,44.74079534363227,34.79306037234983,-165.41924309183145,41.713863307363,40.52436838069934,45.03080855802182
2025-12-12 18:23:10.185965,Right,30.860715220159364,30.602073954784373,28.722266418280924,25.46508782228466,-276.88274040032036,31.64742778673849,27.587650249570288,29.769983228828096
2025-12-12 18:23:10.188986,Right,-36.95939173557554,-54.907625936399654,-54.14936351562574,-48.01633552782232,73.63344215445818,-41.77798696031641,-53.18709820990716,-50.242840112158774
2025-12-12 18:23:10.193002,Right,-51.17596438326518,-58.21129217959515,-56.05525619045147,-56.91120201850299,238.8056250708963,-49.2657701863634,-58.55070913271993,-53.24596832661791
2025-12-12 18:23:10.197012,Right,11.473126629990475,23.88351125925783,24.01870392633282,11.55158490319991,-78.04271339918725,18.150638675485652,17.48097479599528,22.418305774125656
2025-12-12 18:23:10.201019,Right,35.80021881760513,40.974436134945336,39.21249336566143,30.941563274848704,-272.37391879663693,32.741311468503454,33.05912074577736,36.01527350301603
2025-12-12 18:23:10.205029,Right,-18.5959189655714,-31.975439163386,-32.373531773928335,-29.812892447813738,25.82462014977125,-31.976819165237657,-37.55357422090492,-33.96171394229532
2025-12-12 18:23:10.210039,Right,-46.12383506645847,-52.60710104196369,-50.96913901542939,-52.1003657640008,259.2503255620023,-53.670152623374406,-58.90506133760573,-53.13520780583622
2025-12-12 18:23:10.214065,Right,3.4942006674064032,18.381806162837165,19.480080760156852,7.375114666446734,-9.647223318004421,8.440763387524612,9.604023475870235,14.25868761185302
2025-12-12 18:23:10.217054,Right,30.934900496077717,43.32374405781957,43.305439656603994,35.44284092800535,-275.35169550459227,37.33273819646797,37.59359924373257,38.220274130818325
2025-12-12 18:23:10.221013,Right,-23.016953272801857,-31.120120987437986,-29.721194853023917,-22.93447779843973,-34.915525807280915,-21.057321633822767,-29.783340731881253,-30.740258967321097
2025-12-12 18:23:10.225074,Right,-61.88770044476951,-69.74411861598219,-66.28755994987841,-58.68653520139242,267.36272764641626,-54.85145891198704,-66.40373131319211,-65.42416382268857
2025-12-12 18:23:10.229113,Right,-12.190787489916602,-0.3626778798907253,2.4910502160691976,-2.4362798616416512,68.1815816886832,4.013847515303496,-0.8812110783310345,1.0603948569878412
2025-12-12 18:23:10.233107,Right,37.12238759502043,49.18637425104771,50.57554676417567,43.450553354030944,-261.0523934221045,49.874712068392,47.63187151846978,48.34373122332272
2025-12-12 18:23:10.238119,Right,-2.6356209116825084,-12.888425968111733,-9.993565813272653,-6.169337805076793,-107.18108453654486,-1.658073509924634,-10.22707090892709,-8.727873170382736
2025-12-12 18:23:10.242174,Right,-56.00908036819601,-71.79286793515257,-65.75661466026395,-60.28825126360334,240.025679571095,-56.25789870161407,-67.29049142436179,-61.937659053171046
2025-12-12 18:23:10.245130,Right,-23.38361608723835,-19.231393843496335,-12.788614694965872,-19.878656670651253,131.1879059007873,-15.07497781740176,-18.302997547610175,-11.006572056510322
2025-12-12 18:23:10.249092,Right,35.15246684620479,46.40337014545912,50.89930871438628,39.19536302526558,-228.95885533365663,43.313971160358506,45.55593927001155,50.51249160893394
2025-12-12 18:23:10.253181,Right,13.49823588797517,5.01025571293485,9.512672333697992,8.728552023910197,-167.4282383753905,11.398792551238785,7.917738898830066,10.746160899286679
2025-12-12 18:23:10.257175,Right,-43.40445207420544,-62.31447515825312,-55.49739316381056,-51.320911473747856,197.1335951374558,-47.49807168580901,-57.138684792166714,-52.87924216783131
2025-12-12 18:23:10.261235,Right,-26.934993021834543,-28.365163049688817,-20.976557483425495,-28.258255680784714,180.75526169091063,-21.038078150388174,-27.153486486771726,-21.320566821205375
2025-12-12 18:23:10.265207,Right,30.632882354577305,41.12805383467912,46.40573407388911,31.61610603149893,-180.90222361657197,40.31610786296824,38.64265179339418,42.82708431028277
2025-12-12 18:23:10.270205,Right,19.318007475575996,13.709876677682587,17.804365590242014,12.841038023092096,-200.41396839214735,19.890419868164827,13.542125637579375,15.794038711921075
2025-12-12 18:23:10.273230,Right,-38.63178204096948,-57.71403843366261,-52.680018279550495,-48.929317260522566,167.6642478122485,-43.39385832250218,-55.079858542030706,-51.6516442284269
2025-12-12 18:23:10.277214,Right,-29.14798435381681,-33.020352835168524,-28.11849360065571,-32.432607804576264,234.9624038873651,-26.70291855728601,-33.17740216553511,-28.260382200473032
2025-12-12 18:23:10.281237,Right,37.47519303779109,49.641558217618694,52.42581965503268,39.54759770385749,-133.43030166452513,44.78169206393659,46.306447205226505,49.247906435063214
2025-12-12 18:23:10.285273,Right,41.42600997559248,40.35843601022316,42.76676650713125,38.14363704151924,-261.6597285149071,41.51197863739799,40.4420336001499,40.47348047750256
2025-12-12 18:23:10.289251,Right,-24.92950922020964,-44.757015721089374,-39.47366215317561,-33.53887779138222,79.46800450074898,-30.069049079826073,-39.231437783108504,-38.65600308057674
2025-12-12 18:23:10.293221,Right,-41.06882545387725,-51.88402903822316,-44.511724295230124,-45.0920049229137,249.37256304948323,-38.414243102983164,-47.19638537587116,-44.35447448958257
2025-12-12 18:23:10.298294,Right,20.66993433917696,27.609863216663143,33.46501259229353,21.53092180893168,-63.07007144057138,30.302207795725735,27.812054004043603,30.172217329234172
2025-12-12 18:23:10.301296,Right,47.05962873784847,45.14083677177314,48.91150037098669,42.31162470697518,-262.9207362939992,48.87882499077068,45.231164977700246,45.42752291722718
2025-12-12 18:23:10.304307,Right,-3.821282720743511,-26.51802036191657,-22.387361522341962,-15.785393123237782,29.69664899171289,-12.958756044762595,-23.79174872152271,-23.173126207720543
2025-12-12 18:23:10.309304,Right,-27.52262746640963,-45.54793918762789,-40.94163336818747,-35.80786026054557,264.8051961101901,-34.48178768512571,-45.072105070641555,-42.30581938516025
2025-12-12 18:23:10.313332,Right,26.521160546377814,28.861785961044916,31.402556895205635,25.61573063498338,-5.6254516870073985,26.88629377682355,23.74245023435401,25.845792212727247
2025-12-12 18:23:10.317289,Right,57.586396351818166,57.54162873302357,58.00463678963024,54.030268079972075,-283.6325733094261,54.532548441447034,52.150190396397875,51.153868456761074
2025-12-12 18:23:10.321355,Right,2.7136163264876814,-17.702855667421318,-16.12648106503366,-8.489227171271523,-53.4087089276843,-8.070288326404807,-17.95194068158071,-19.560719939057208
2025-12-12 18:23:10.326375,Right,-42.97005748749507,-63.105103710512594,-59.30638571300551,-52.67039247052486,254.24005367991163,-49.64165020371547,-61.34655973941676,-60.43592653214296
2025-12-12 18:23:10.329380,Right,-1.3309212721437689,-0.7011926071418202,2.887266892818843,-3.4524656726612193,67.11224331975586,2.5721428298566025,-1.5349262581717085,0.3925920038257118
2025-12-12 18:23:10.332401,Right,44.71405524443162,47.9659250153245,50.43780233036614,42.052344876171304,-260.2297213462575,48.06287641617109,47.76310770804139,47.96142554428502
2025-12-12 18:23:10.337391,Right,6.176302580533502,-10.59051205662854,-6.425552321520627,-3.740927001894363,-113.21216042166816,0.8896425826187624,-5.044955674900052,-5.004998490943763
2025-12-12 18:23:10.341394,Right,-47.78964025494952,-68.95672399567138,-61.39851883575102,-57.41390748874259,231.62606301948176,-51.47403395839501,-60.53325432630976,-57.59799979413651
2025-12-12 18:23:10.345362,Right,-20.877037853224465,-21.446581917895855,-12.99673095711887,-22.51159861045403,125.92921605636707,-13.342857910561179,-16.262085751068128,-11.912200591678811
2025-12-12 18:23:10.349435,Right,31.245169724144034,39.11152090820724,45.91305893884601,30.73990504767835,-234.97550285817124,40.73959569145791,42.07637086601884,43.99541024381267
2025-12-12 18:23:10.353451,Right,7.782204980518145,-2.2683813457733777,4.054523290229099,-0.6042084247708885,-177.08205924021695,7.55514482342187,3.385680910736994,3.237053146949279
2025-12-12 18:23:10.356446,Right,-46.70602702660926,-65.85461706560181,-58.328412207670226,-57.60374146416916,190.09322457739063,-50.00704511930144,-58.93036581991828,-57.55375134873907
2025-12-12 18:23:10.360449,Right,-26.689761437977268,-27.901346534975346,-20.633767813160375,-30.56954371281006,177.98066574290567,-21.37825399102985,-25.004084442182034,-21.71100100528372
2025-12-12 18:23:10.365478,Right,33.312305057980666,43.58532788453613,48.92255650698735,32.17355328860003,-191.70199401155992,41.72742079607997,43.86194718020897,46.35093508670229
2025-12-12 18:23:10.369429,Right,20.726068746053897,13.272859264316594,18.537465337135245,12.073655503424106,-226.7559220213891,19.923098961057804,17.436335247261468,19.25502675845496
2025-12-12 18:23:10.372489,Right,-43.17540461516319,-66.41332856305507,-58.88090042178192,-56.45379353575436,140.11496791591685,-48.882531206188105,-58.278470853253566,-54.061578046866856
2025-12-12 18:23:10.376449,Right,-39.20490964399778,-48.52106494841428,-40.33961684135966,-46.20649557359343,224.88474044975987,-36.32983075269931,-42.940574349767076,-36.5628658189859
2025-12-12 18:23:10.381520,Right,29.382018891913503,36.66944084419674,42.615534215490925,27.910540543841307,-128.61677216682472,38.9751865952976,38.417412247149514,42.72041715861354
2025-12-12 18:23:10.385524,Right,42.007217802053674,37.06357604906407,41.85427804377716,36.1008973367766,-258.0349692967978,45.155773583898736,41.23340707852549,41.85163115242881
2025-12-12 18:23:10.389552,Right,-17.22972956122885,-40.95791366427875,-34.048278279889004,-27.193523423482475,76.89221157090921,-20.28478226507741,-31.9915295070291,-32.07643110996764
2025-12-12 18:23:10.393554,Right,-33.08276657224906,-48.086627095965014,-39.18462471300984,-36.65612404427429,246.20416720083978,-29.669781290984247,-39.93477830616939,-39.36973200155376
2025-12-12 18:23:10.397558,Right,24.438494953333702,28.088145059703038,36.135857404932494,28.046250498496192,-67.4745136688598,34.89280836983198,32.322659855845814,30.447544444227105
2025-12-12 18:23:10.400574,Right,46.09502101945827,42.49271752022696,49.53554755533105,45.80842163875968,-272.57202333003363,50.375025365728106,47.57591687252716,41.57884171986075
2025-12-12 18:23:10.404599,Right,-8.953117580428625,-32.69248528298294,-24.089242679835024,-16.394726686365175,22.132722549585765,-13.23548990702966,-23.66220412635903,-30.38863734867914
2025-12-12 18:23:10.409645,Right,-35.61512810747763,-55.25653328581393,-44.97856142260321,-40.49561717010829,270.91951937340514,-35.174476798866635,-46.98181255969121,-51.2836023040079
2025-12-12 18:23:10.413636,Right,18.849335081950812,19.219040065902163,28.43422015280612,20.71467696913851,10.29002480875306,28.85674004638895,23.111509898849363,19.65654372797576
2025-12-12 18:23:10.417594,Right,54.26835527544654,52.987853301865016,60.760371714711255,54.185558200226296,-272.93869510234754,62.05783165354933,56.926566310266026,52.264269681618316
2025-12-12 18:23:10.421659,Right,4.650708858277085,-15.908687434729472,-6.574310250342933,-1.8153444641011447,-51.76036589017144,4.343460614009018,-7.628934678449696,-11.587107982204543
2025-12-12 18:23:10.425676,Right,-37.69827176871058,-57.43080022952768,-45.286557775823894,-41.90337389982051,255.12067074979905,-35.49365017396212,-48.67471139290501,-49.84558392470581
2025-12-12 18:23:10.428697,Right,5.363725688860541,6.3909128092460605,19.016567046257478,8.773510982657172,68.0608001904975,16.169448750654738,10.764365084280143,10.281967694143987
2025-12-12 18:23:10.432700,Right,51.18893858074716,54.449898380102695,66.34838456493708,53.6132125295826,-266.47175157097263,59.52109525167998,57.64595864480725,55.41222141826847
2025-12-12 18:23:10.436703,Right,10.924891384877355,-6.818575226097153,6.465797069468863,5.22931987751781,-122.80674951459241,8.252948597708382,0.5629532225229923,-1.323060471224835
2025-12-12 18:23:10.441721,Right,-43.52356826298728,-67.11274928345907,-51.5382203340032,-50.12753984488336,232.5483506340288,-47.848562786482944,-57.915073043818666,-56.49694910162907
2025-12-12 18:23:10.445716,Right,-13.303242617772867,-17.429016202666816,-2.4491609274136863,-12.732970745398234,138.1249033178501,-9.342039649963226,-11.679361185915695,-9.029609270680794
2025-12-12 18:23:10.449880,Right,43.001715951338156,46.83568724693896,59.227539298783995,45.448735772607506,-226.59127548336028,48.60226026694909,51.82313560900366,51.48632977625948
2025-12-12 18:23:10.452855,Right,19.408348304078118,4.935459511136401,17.139684797064547,16.59138568677372,-179.1691568155693,18.251408967069437,16.098845490772874,13.29568759219228
2025-12-12 18:23:10.456769,Right,-39.60396253638464,-63.95477165272598,-49.51225233087371,-41.71649481850909,188.7519034675861,-39.77633796283317,-47.46353115944294,-48.765716942181825
2025-12-12 18:23:10.460832,Right,-23.341261919500994,-30.588572114426825,-15.987042360506166,-16.192773726832456,186.95372113836038,-12.84035835829036,-15.885692192554416,-15.201525287081495
2025-12-12 18:23:10.464795,Right,37.91109888593337,41.76161567258782,53.29752690208443,48.79046148166162,-177.13253250662,50.48478210761277,53.384943990578904,52.86305863315738
2025-12-12 18:23:10.469825,Right,30.664739603381804,16.750069719502562,25.846632555609176,34.50304776473422,-211.77254001050278,31.518683186965063,30.515735723212856,27.987215102723894
2025-12-12 18:23:10.473843,Right,-28.57697323426055,-58.32313497778955,-49.38278872466253,-29.04073080474791,161.63819823684116,-34.35822927826575,-41.76789620242562,-44.00847986044755
2025-12-12 18:23:10.476840,Right,-24.096674630978896,-39.72655678665615,-31.777372840285352,-18.512304726000366,257.93191361657773,-21.674731304782654,-26.155302796134492,-28.18071494697506
2025-12-12 18:23:10.480825,Right,42.19112979075862,44.3062811674431,49.00767909564729,52.15859122639358,-92.95441808686337,51.30630650569947,53.177163668897265,48.31793725436091
2025-12-12 18:23:10.484869,Right,53.1849548540265,45.26707899865687,47.832149631894026,57.008396559288485,-230.3902786397548,55.254454289876776,54.586753937330286,46.78259932399578
2025-12-12 18:23:10.488865,Right,-6.155396671634662,-30.3397499720204,-26.854232760116247,-7.84352855063662,100.13712219940044,-11.304636325821775,-18.64298577638874,-25.289308146119765
2025-12-12 18:23:10.492815,Right,-22.337506002440932,-35.69787551165291,-31.49620584785589,-18.287051372023598,273.2834014955688,-21.48288716870411,-26.62077966682409,-30.243750596092468
2025-12-12 18:23:10.496875,Right,33.42195066507611,40.247346478081,42.469622659638844,44.83247562255019,-41.590370872900166,42.18702835559452,44.7038862122572,40.9658703306186
2025-12-12 18:23:10.501906,Right,51.25929247417298,51.98456504650585,52.38892744068653,59.53689961841701,-258.3495136993388,55.85914355856585,57.60269140966557,51.664211820990204
2025-12-12 18:23:10.504897,Right,-10.59878872320769,-28.970503599462063,-27.5270419765111,-8.586842228261958,29.999665870719582,-12.62988490553289,-18.512502744031735,-23.75158139242012
2025-12-12 18:23:10.508909,Right,-45.12280266416133,-58.074341481450574,-55.41757487657378,-40.17982421243869,288.89744807533134,-42.18828369122912,-47.723326430299494,-49.640298030225495
2025-12-12 18:23:10.512921,Right,5.964036960249587,14.556181873735113,15.475690232469788,17.001474299382608,40.714220794548964,16.066557174713125,20.207878134326165,19.219303767019483
2025-12-12 18:23:10.517934,Right,45.06803973866158,52.72099986944431,51.235636551758944,52.58294996623772,-244.89743669324344,48.61713379530829,57.47796851142448,54.24478639217341
2025-12-12 18:23:10.521929,Right,1.5524238768498435,-10.761224080496504,-11.761589317535254,1.020558444208291,-34.27023741712583,-6.987744778945853,-2.002734184383371,-6.289618004295335
2025-12-12 18:23:10.524990,Right,-38.74723480089693,-50.94179925023491,-50.16221815165409,-37.75738708495737,269.8002398262306,-46.100695874404664,-40.72792828660204,-43.700384164156276
2025-12-12 18:23:10.529974,Right,1.3620349381849621,10.865725946518978,11.031654033877203,10.290730578972216,85.19587160459378,4.416611088417994,18.60728518902397,15.532132280762198
2025-12-12 18:23:10.532981,Right,42.88792615844173,56.547231956855285,54.60459490995527,51.23709983562367,-253.9989946835267,46.61219399675656,64.97213085169278,59.484534310670824
2025-12-12 18:23:10.537004,Right,-0.9180863014237275,-7.310889072787177,-9.344045769621516,-0.8884302883488999,-118.49134093154862,-5.60727327702125,6.219665084430744,0.2357718201337775
2025-12-12 18:23:10.541025,Right,-58.30232316482244,-70.73316223891652,-71.3103068312812,-59.28862044200832,239.08224315285042,-62.515832894945106,-55.55768474995966,-58.847777681277876
2025-12-12 18:23:10.544954,Right,-28.16839672022843,-20.94816368910415,-21.792958138064932,-21.380956743385468,154.81368993658543,-21.90376766533882,-10.218973916120376,-12.434889329691941
2025-12-12 18:23:10.549020,Right,33.75306242730812,49.78517685304632,47.38020072566178,42.46556339720337,-207.58519321226413,42.52017873302839,57.669622360866924,52.32732761883926
2025-12-12 18:23:10.553029,Right,17.96351429632375,15.625962591284406,13.667470295173189,19.17229635160038,-166.45175632599603,17.753547716970388,26.20418788952884,17.838317208945227
2025-12-12 18:23:10.558070,Right,-37.718728299325335,-51.36040928062721,-51.64080549612663,-39.84782873603581,201.14733468410122,-41.40091649071246,-39.76709228964319,-47.55085019987109
2025-12-12 18:23:10.561064,Right,-22.274744894628384,-19.36199578212654,-21.223672920019453,-18.532589575353995,205.73682661769453,-18.94118839891098,-13.631643772578173,-20.517470137804594
2025-12-12 18:23:10.564097,Right,39.79691874541595,56.20465016865455,49.21851673555648,46.31531979558349,-161.39740951898057,44.55188607191394,55.804033693200836,46.58077790423704
2025-12-12 18:23:10.569044,Right,35.47485833686278,38.31765530038683,27.754708269298135,36.16006854162515,-211.81457852724634,30.358151348621504,38.39558327912164,26.60954750246856
2025-12-12 18:23:10.573109,Right,-24.2967463109037,-34.306270632105225,-44.55911647177891,-25.925220752396854,149.19502917537284,-33.761674443240736,-31.54162326286496,-42.068111396527456
2025-12-12 18:23:10.577134,Right,-25.936058438267537,-21.389772449430893,-30.98321714517442,-19.732373771583298,244.00108771377018,-25.58195523327413,-20.15736837420991,-27.97967394351599
2025-12-12 18:23:10.581145,Right,32.24729784393503,53.72433264679057,42.623832295341344,44.186889352249636,-106.8577783974415,40.73259373006567,52.69064877283381,44.77432170039083
2025-12-12 18:23:10.585157,Right,36.587457713055755,47.6579964954999,35.35145043013108,43.232981975905204,-244.9910998494761,39.94524858047066,49.29834439032675,40.269194278539544
2025-12-12 18:23:10.589184,Right,-26.54945598418135,-31.41875175266432,-42.73854492418104,-25.342085095362563,94.3139439064671,-28.384051998084715,-26.36096095144603,-33.36060649008323
2025-12-12 18:23:10.592184,Right,-42.38861635003377,-36.39626831184978,-46.99450837344557,-36.396680408935936,283.48128424481,-37.251302377095726,-34.00045069529551,-37.45347335706356
2025-12-12 18:23:10.596223,Right,17.795498671531732,42.76837700148826,31.016369727476558,29.30990992070474,-26.67097159487639,29.919801018933185,40.25942917402426,37.27300201506205
2025-12-12 18:23:10.601222,Right,41.16028365714692,57.81904692919488,46.090708026562424,47.49306844751118,-254.99958142342257,46.62990042778404,56.31465547331209,51.72497441368432
2025-12-12 18:23:10.605227,Right,-17.49427159731522,-21.726662242230304,-30.035987117769764,-18.77646451255714,24.63616394555902,-21.429470157424475,-18.992898767553925,-22.445307600131855
2025-12-12 18:23:10.609262,Right,-51.38629204237668,-50.38331022946477,-55.33893314719717,-49.81853426746238,290.56369449064005,-51.985296475064615,-49.35701944852735,-49.3707351541907
2025-12-12 18:23:10.613248,Right,0.35201841475918627,23.763381557808316,18.261950006619372,8.987302084431576,51.99260796594717,7.039279337232529,18.089153438173526,18.648475822717955
2025-12-12 18:23:10.617199,Right,41.23835078051343,63.844146973753595,55.98470496220398,47.57218388292313,-235.42082122920692,42.442511795705855,56.07838948767858,53.76976346068113
2025-12-12 18:23:10.620212,Right,-1.0167295802129956,0.4212354624141881,-7.628727600822458,-1.9160168546386558,-27.728948627907812,-11.167066897302895,-3.753813565830569,-7.378615377605456
2025-12-12 18:23:10.624298,Right,-40.46466355616167,-39.964195366155764,-47.13086422314154,-39.470842292729685,287.22663281567475,-49.41783056482913,-43.878155088605126,-45.85915664912318
2025-12-12 18:23:10.629300,Right,3.5884851134751443,26.13794533689361,17.363745487302367,12.770613337363102,118.16431730090335,4.458744761378284,16.651768103525683,14.6446446178943
2025-12-12 18:23:10.633359,Right,53.019629764271485,80.41227365358463,68.5515522863061,61.97534305368481,-220.42366006486918,53.178898952189684,67.65900755423536,61.988979260719134
2025-12-12 18:23:10.637303,Right,15.820007265260301,22.47698077098721,10.096550809226756,17.02775663178363,-97.37452380155628,5.802866360583266,12.343902328359036,3.9157173175863136
2025-12-12 18:23:10.641279,Right,-41.36557338858438,-42.02759638923271,-52.44468700723155,-40.22751881866043,252.4810583710787,-51.41959778962644,-50.56672736238761,-57.74382637386225
2025-12-12 18:23:10.645331,Right,-16.52087882885553,3.0850287641114846,-6.6664680484027485,-6.293681494846169,169.0483936697783,-14.336932334077574,-8.62484750403928,-13.822212471928651
2025-12-12 18:23:10.648289,Right,38.23935097114827,69.41368219710057,58.50848315411349,51.514272285668994,-194.691470522519,45.617662261228816,56.219532425495345,50.843539578629134
2025-12-12 18:23:10.652396,Right,14.77994308399775,29.648841041303967,18.90781287768914,20.665627619923725,-158.29869501999474,14.406800508658307,20.57194299371804,15.537083218599946
2025-12-12 18:23:10.657360,Right,-48.27862299966728,-45.229455219490774,-54.30394589724892,-46.57213696247527,209.89777967647206,-52.65796142266208,-51.253135715922326,-53.30311286572396
2025-12-12 18:23:10.661431,Right,-36.68698039595165,-18.606577921562348,-27.976763012164156,-29.844278455314452,217.40925723618602,-34.01389245601513,-27.744838865013662,-27.65866710742739
2025-12-12 18:23:10.665398,Right,26.61983039921961,57.72387327483193,45.79383079020408,36.20592499743452,-156.89625634137974,32.88430266624937,45.41684882402842,44.03441478360401
2025-12-12 18:23:10.669436,Right,24.15527856990866,41.58321784674263,28.890598769376084,27.968720473674693,-221.42853813714646,23.3712392689622,32.4410710452521,29.663557329291507
2025-12-12 18:23:10.672370,Right,-37.55770678862791,-34.54371027604793,-44.95692758655423,-36.63667056610211,134.91174851622873,-41.68497823398775,-38.81936711918752,-39.222634849020324
2025-12-12 18:23:10.676483,Right,-41.987958744864954,-27.290045559006103,-36.23064041379985,-34.30912023396286,234.78422468688677,-37.739139968500695,-31.641773645249486,-29.069322657271186
2025-12-12 18:23:10.680437,Right,18.413900333240235,47.56524518374863,37.35344031571731,31.01803662556904,-119.58477683900583,28.26506115590564,41.68651174732986,43.41933301297286
2025-12-12 18:23:10.684477,Right,29.303232962531183,46.64710064559404,35.80970974417869,36.59499441258322,-275.8047772275431,32.10617870197257,44.16392679277851,43.47093532654799
2025-12-12 18:23:10.689446,Right,-30.300534448221697,-30.21024896482595,-38.766167123390915,-27.846868198612356,48.21307677502864,-33.21602523329102,-27.680157220747788,-27.687557529990954
2025-12-12 18:23:10.693414,Right,-49.550976107151655,-40.37941041587874,-46.95531672431389,-41.52945655926942,237.58674526644518,-44.601393023525816,-38.12035174459925,-35.59321829576402
2025-12-12 18:23:10.698478,Right,5.245675129871415,32.19345215691101,24.44589365842694,19.65404782353471,-67.41973737613262,19.200848137832054,31.62087727033395,33.990049466687196
2025-12-12 18:23:10.702484,Right,27.241688953419725,46.080022027887026,36.57231373790637,37.395065789871296,-297.1493484928892,36.881877980144054,47.39746323311738,47.622671701243235
2025-12-12 18:23:10.705516,Right,-29.497701596330444,-30.82693071365611,-39.86130783630142,-26.384654493236667,-17.646447968626035,-27.669662504918506,-25.29207159530779,-24.832541899420903
2025-12-12 18:23:10.708518,Right,-61.6017274620699,-58.00954563553205,-66.70269387919689,-56.11761334802486,257.8113039877021,-56.19175032016119,-54.24546283581003,-51.7088309363462
2025-12-12 18:23:10.712514,Right,-8.328276601476318,15.696761404020435,4.407471260456077,2.306333285094297,28.404030065776624,3.187802448518596,12.932335839837833,14.737123561448243
2025-12-12 18:23:10.716561,Right,34.98178774230655,55.175385656959406,41.07990065200647,40.49578976454268,-260.26815901423515,38.81823163014269,50.21616401983192,48.51413354358738
2025-12-12 18:23:10.721550,Right,-4.964481621088453,-8.751659022027525,-21.964577757229563,-9.05804357957004,-54.737800762949064,-14.584453429236419,-10.942049692930595,-13.952668978949077
2025-12-12 18:23:10.724505,Right,-43.21178099885765,-49.34259921469675,-59.781516043116426,-46.13022100807757,267.8157126482188,-52.45993455950702,-52.5353759951613,-53.766209762246945
2025-12-12 18:23:10.728559,Right,2.3739522739633685,18.695041260285507,8.745271383006184,8.651188117448328,105.97837996596036,3.684467109896559,8.976353146426845,7.7481931649545
2025-12-12 18:23:10.732569,Right,54.663776674574365,77.26723152162594,66.34616975866447,62.194334234250164,-238.87948319620023,56.8318303957617,64.08643157270853,59.357587082500686
2025-12-12 18:23:10.736601,Right,19.554257062342913,22.555937379976967,13.001330192713795,19.72778726382694,-126.0750395705038,12.540322315632693,12.219366236598944,5.14159997898787
2025-12-12 18:23:10.740611,Right,-37.8643553656284,-42.107422572369614,-48.560400572310755,-38.94445150163028,226.22409286919356,-45.92438997415684,-50.924726225002814,-56.39146728731066
2025-12-12 18:23:10.744553,Right,-13.056905920689132,2.1175993458291487,-3.4666434817445406,-6.957403282835912,151.9181144984443,-12.084256003454357,-10.547733487717778,-13.984772334639274
2025-12-12 18:23:10.749638,Right,44.61011248307659,70.05495258702467,63.12657674862203,52.35367418952592,-213.94227756229475,46.92601052156169,54.95245507124673,51.219513670797824
2025-12-12 18:23:10.752620,Right,25.194791246319255,33.2710893764488,26.63122824209131,25.371684126782384,-188.27012969271212,17.423179894698478,21.6536094242565,18.366809944072884
2025-12-12 18:23:10.756665,Right,-36.785420339921075,-40.537479112434085,-44.907430879291496,-39.73247618719142,179.56249927656154,-48.137158349075435,-48.901119015268705,-48.59816799146756
2025-12-12 18:23:10.760664,Right,-28.337487969717586,-16.03400090705327,-19.923390055188065,-24.414814253347686,199.78343599668355,-29.925507977304733,-26.176314152664418,-22.82259568570771
2025-12-12 18:23:10.764676,Right,30.346279249170948,56.40876011630462,50.619286325887515,38.50005800764575,-165.2974610731884,35.43273814100212,45.459822503971736,47.793828545936776
2025-12-12 18:23:10.768682,Right,25.376331378384748,37.19720048434465,31.076867598720128,28.116689766011405,-230.57748718040517,25.00959227081148,31.849885494713817,32.08684589208133
2025-12-12 18:23:10.772689,Right,-35.75749963868384,-39.11494964176745,-42.866600085057144,-36.82129523799176,127.64758495802084,-39.67535342810697,-38.80263076853589,-37.657831233877005
2025-12-12 18:23:10.777717,Right,-37.819888152211206,-28.392400224773155,-31.049494231308927,-33.50180068786631,238.7531321913998,-34.473602564909925,-30.105269979774675,-27.08732087752105
2025-12-12 18:23:10.780720,Right,25.585123012929216,52.071537346993864,47.459816345774016,33.77137323311399,-106.78641402655512,32.79971811492578,45.10409514562343,47.06951166001636
2025-12-12 18:23:10.783776,Right,38.921087528042335,54.60160391689715,48.85965579663025,40.891718333235985,-264.8061572516058,36.047605868321625,47.80508504352292,47.68357365409611
2025-12-12 18:23:10.788724,Right,-20.17233625897643,-23.532890752077947,-26.928827540559723,-24.03118498047388,57.15426282460362,-32.63894360862196,-26.735771148980348,-25.696493958972496
2025-12-12 18:23:10.792799,Right,-39.91175863911849,-35.35552930897575,-36.1952564684143,-38.461148572672755,253.70027310802766,-46.835532941522615,-39.0597263908312,-35.11255691318365
2025-12-12 18:23:10.796791,Right,16.32941434024451,41.326657571795295,40.01793968205675,25.35055408647395,-43.703754614760555,19.217374302337703,34.64257229026953,38.360824012988815
2025-12-12 18:23:10.800782,Right,41.8053491223809,62.71709693197772,60.32284460028313,48.10813161297801,-277.0114970659906,42.97498645173255,57.99918609267479,58.729662880734395
2025-12-12 18:23:10.805802,Right,-13.452432443602447,-12.444986925251214,-13.357479589518334,-13.95175754515094,-8.105861587439904,-17.999315860813113,-11.574837843871137,-12.05076867990283
2025-12-12 18:23:10.808864,Right,-48.71471874608869,-46.27490974563989,-45.22795429245525,-47.33565215203589,259.7992775809944,-47.98759017258817,-44.40692740110717,-44.15088133604149
2025-12-12 18:23:10.811797,Right,-0.7977497065148782,20.74659335791148,20.97015191607352,7.046386328751396,25.927123668261174,9.846197851327815,18.77594231954299,17.649590373936007
2025-12-12 18:23:10.816843,Right,37.910208842329666,60.14276636433169,58.74217414537634,44.627502738868316,-267.25434512943,47.801764459565675,57.31890929372821,52.770615744098905
2025-12-12 18:23:10.820843,Right,-7.299630315121249,-2.7532113980923896,-2.8530378682808077,-6.140699718026099,-61.824783786696116,-4.094304745474801,-2.2177188450668837,-7.628367941510078
2025-12-12 18:23:10.824852,Right,-53.18281830565775,-49.59397962016919,-46.84363179675711,-49.97860098381352,267.3000652815922,-47.46535767320802,-48.84147228944221,-51.93726628306831
2025-12-12 18:23:10.828876,Right,-13.690778474925537,8.17385468593784,11.598623728528764,-3.6388830197224706,109.60408368559638,-0.3826849322385897,4.157946027792605,1.8488935228579066
2025-12-12 18:23:10.832853,Right,39.74414576673098,63.90647703138893,66.84478077044332,48.494124626541634,-239.11362440376524,49.61923037454926,57.21070963009879,52.75482729144642
2025-12-12 18:23:10.836841,Right,11.780346748697411,16.823659347523062,21.867980094215454,12.694989944482586,-127.24281871712128,10.156580516677423,11.903823642624957,6.935246369699598
2025-12-12 18:23:10.839838,Right,-40.385893871722146,-40.09863288101769,-31.24643966882286,-40.08736740340464,236.38723395174338,-43.920010456664386,-45.59984284458096,-47.282835563342815
2025-12-12 18:23:10.843877,Right,-17.01313400548588,2.0823827089243423,12.017849032883532,-9.994883348910662,173.15832254863108,-13.146414153849946,-8.734879386498505,-7.641638777122353
2025-12-12 18:23:10.849001,Right,36.122569381020185,61.51093269891135,69.66549812483208,43.37313210442289,-198.03513493668333,39.033268968966695,48.37168417868634,48.83947346288187
2025-12-12 18:23:10.852962,Right,15.474816222706977,21.384633778052375,29.23481484882359,15.270515065413747,-184.47280697337055,7.614400970804127,12.568934072135562,12.92468230729537
2025-12-12 18:23:10.856853,Right,-42.16922884115138,-44.676205167263106,-34.63799263862529,-42.86042537027379,185.77703546683733,-52.33079848232774,-50.80609306605129,-46.67250074930416
2025-12-12 18:23:10.860960,Right,-26.60962250130069,-7.61709055080064,3.4104792122452636,-17.93242772055146,218.6197465130108,-27.012459067347663,-18.55513356179108,-10.629371944819468
2025-12-12 18:23:10.864936,Right,36.58062927351784,69.91152457484714,79.64065159659731,48.42665590409774,-147.21206618610722,38.79526551165873,54.31440176047636,61.4623266983308
2025-12-12 18:23:10.867963,Right,29.78284564898877,43.284968974041476,53.089199688671215,32.0064969624309,-228.04362419362405,20.832976947237512,31.51522154709528,35.995759349663786
2025-12-12 18:23:10.872966,Right,-37.50512967628765,-44.359062786767026,-31.53366977774931,-42.11704065809499,124.13642073584288,-51.33697230454709,-48.77538320277745,-43.87005782395681
2025-12-12 18:23:10.876912,Right,-44.35772476377679,-37.32651050573077,-21.987740180844412,-42.39531956974611,247.64238746121555,-45.07710954919821,-39.62036209704911,-32.44844299210217
2025-12-12 18:23:10.880981,Right,17.84706054759863,46.2950411368729,61.42676469561411,26.94179912952484,-88.38664243498988,29.725633988547997,43.330051980497046,50.151226373925965
2025-12-12 18:23:10.885040,Right,30.311491241139265,47.8470864433657,62.74151108861406,33.957715360995394,-256.06407608709196,36.78928199067377,48.47926685934226,52.88029173441919
2025-12-12 18:23:10.889033,Right,-31.260274194508384,-38.76103430142484,-22.107658524368162,-36.26932765926961,50.14809750264885,-35.85175868363058,-33.35453940062234,-29.50953150159785
2025-12-12 18:23:10.892046,Right,-51.15699689866233,-55.76919127779274,-37.961006854649895,-53.7873913619141,243.11575736903706,-54.028029535897076,-52.481424619919835,-47.678886468732344
2025-12-12 18:23:10.896048,Right,10.653482880735282,27.86407609789603,44.25014866123456,15.893814601810789,-49.12598019810957,15.452995073442253,24.636264175377164,28.17831379736981
2025-12-12 18:23:10.900012,Right,42.88147820351696,60.53057492719381,75.9117615338073,48.22127328066324,-280.98306342725846,45.33813951013417,56.20950402449034,56.57923718434995
2025-12-12 18:23:10.905040,Right,-12.331665996985976,-13.689463469114344,3.8929839047705173,-11.437449861970379,-13.360138520701184,-16.911428803402487,-13.079303729605726,-13.841614727545675
2025-12-12 18:23:10.909070,Right,-54.204911550225916,-57.4151509500507,-37.03733099938836,-50.57185196886729,257.5530439157237,-55.455991007787816,-54.58215966967737,-54.208681447503295
2025-12-12 18:23:10.913059,Right,-10.816223682673808,3.3234690155659337,23.686852247257775,0.056728682294135524,27.145472398916354,-2.6674047778633394,3.2963960877789305,3.441770586214261
2025-12-12 18:23:10.917104,Right,31.139185766985065,48.76158568077972,68.1333710876861,42.3300842266421,-268.6998025291059,39.689341356268415,47.544934474455886,45.94542380479015
2025-12-12 18:23:10.920106,Right,-7.371284058598576,-3.9315085230327895,16.946289889387117,-0.8848287926569185,-66.63313451895738,-4.969453283832991,-2.466841245007572,-3.498320030175819
2025-12-12 18:23:10.924105,Right,-50.693491673670906,-48.51968136873438,-25.026313674043195,-42.99921855272328,265.9646276124522,-47.207202646820406,-46.38980103412837,-44.3875101327003
2025-12-12 18:23:10.928065,Right,-14.050177885792436,3.435819887038633,26.98411334854245,-1.0769660198862425,112.87078793580622,-4.725114357695929,2.6190795251899317,5.5007122304105
2025-12-12 18:23:10.932140,Right,36.01715783604959,54.331742058820964,76.19636514077865,47.086818461520124,-238.29702107231424,42.024440806623716,53.05541886960873,53.53757848063651
2025-12-12 18:23:10.937139,Right,8.06078894633356,8.106398328335217,30.084455254229397,11.75913651186147,-129.99617487274736,4.338558688505145,10.234204113819715,9.717756775322414
2025-12-12 18:23:10.942188,Right,-40.798889176959165,-44.884841246788255,-21.746127536185668,-37.51020264561771,237.61366467562493,-44.80255658543956,-42.60086526689281,-40.758425839057054
2025-12-12 18:23:10.946172,Right,-12.096782671835172,1.7803898999932244,23.300860545263276,-2.955985681887114,178.73029014063377,-8.0905991131458,-1.4568866109183887,1.6274993329607241
2025-12-12 18:23:10.949199,Right,47.08240066874896,65.91600885728849,83.62667762902493,54.626702473074374,-199.5782029958964,50.033574900262465,59.15089819419046,59.76687474922892
2025-12-12 18:23:10.952192,Right,29.959876951611022,27.461822830259052,43.82758116105833,27.279570488276022,-198.50743824387428,21.740828034066,23.64359475311221,22.34448146961404
2025-12-12 18:23:10.956192,Right,-30.22192365140654,-44.84015937075719,-26.621134920245822,-37.02040333155901,170.23370817955038,-40.99358272385052,-45.741208774691586,-44.99865151391623
2025-12-12 18:23:10.960164,Right,-20.889541686882694,-18.4401008748747,0.5147408280863601,-21.49755975037624,212.6936799863288,-21.226217148522665,-21.8594068036482,-18.70519964689811
2025-12-12 18:23:10.965210,Right,40.53262772013386,56.185373694004056,73.15361009870685,42.36442267274833,-147.90497211426919,44.676934287013864,50.102512336866766,52.154570721808795
2025-12-12 18:23:10.969228,Right,40.04009244065128,39.439348392418594,55.253372687751835,34.29224348299044,-232.96725680944473,34.61255750551936,36.054647772422186,36.3124281582991
2025-12-12 18:23:10.973199,Right,-18.609997695925813,-35.80165483536314,-18.608311085750756,-28.593264252285053,114.79609432093275,-30.29381767988707,-36.19088427118959,-34.40359673696685
2025-12-12 18:23:10.976250,Right,-21.341932666538014,-25.9332842270976,-8.193766492124269,-24.103035019958043,235.43677431858487,-25.384383412217176,-29.40067558046485,-25.19504111822289
2025-12-12 18:23:10.980259,Right,39.94480627754183,52.11644193885627,67.54822330952811,43.15412142184596,-108.00297392979155,41.92556503277774,43.925858412461366,46.99221414481417
2025-12-12 18:23:10.984277,Right,49.830159070221725,50.57232957803717,64.09473158551191,47.285959041822935,-279.4500616805217,43.980888776762185,43.25722821008958,43.578884576576456
2025-12-12 18:23:10.988289,Right,-14.557286245219075,-32.191579751689005,-17.44390760391252,-23.720869294191743,42.42612093679236,-28.05167346607459,-36.2602950431542,-35.117216246505905
2025-12-12 18:23:10.992312,Right,-39.116957509573695,-47.387913038422084,-30.739133027585922,-43.90255781521,260.45119307347704,-46.19021838696426,-52.962362975623364,-48.18719549057141
2025-12-12 18:23:10.997294,Right,15.429040496954713,26.267791137147015,42.75154240283882,17.05118381494185,-28.75335099316544,16.272146393542698,17.59365776870527,23.647103357389142
2025-12-12 18:23:11.000304,Right,41.23818262172472,43.665200330975495,59.99630759720458,39.05526821955982,-283.2337797993514,36.12252898483621,38.25845367702732,42.97104447461447
2025-12-12 18:23:11.005329,Right,-13.766617046463125,-31.91688331461137,-13.095014053131308,-21.43058825643584,-27.4409745619796,-27.113819821492598,-30.610243150827955,-25.234097874224744
2025-12-12 18:23:11.008323,Right,-47.7440160032711,-56.91894841333851,-35.35702815105833,-48.792431552936705,263.2770311940858,-53.84046552145719,-55.41795751213158,-46.96565263210141
2025-12-12 18:23:11.012350,Right,3.5729483257514403,21.5028541698739,42.47491752021597,12.87669121522731,52.41703640911328,9.878879892827172,17.32266784611238,26.320753830693775
2025-12-12 18:23:11.018367,Right,44.437187268043544,59.0696537253707,77.76823689656158,50.10235879840502,-261.2569313217173,46.452347740636924,53.84522553783518,59.60179889501137
2025-12-12 18:23:11.021312,Right,-2.2909277025023584,-19.016867263166205,-0.3960528662209981,-9.343304622517735,-95.67298384735295,-15.045864261807765,-19.016995847268845,-15.198208469256201
2025-12-12 18:23:11.025379,Right,-48.142254574291655,-70.8280400351905,-50.88840766116482,-56.295281559036084,231.72297697218346,-60.94898797679798,-69.64609012976052,-63.537999009053934
2025-12-12 18:23:11.028387,Right,-2.254362358239632,6.011183103831172,25.076959322761468,1.1877626560717545,110.95394893081902,0.2667444501598766,0.8573804783127343,9.674275610199857
2025-12-12 18:23:11.032390,Right,56.34190778010134,79.73759933871497,96.16088805968866,63.49071587366507,-217.8947402743379,63.926209644799656,71.10341112592869,79.32698192599906
2025-12-12 18:23:11.036397,Right,21.173931874358004,16.505979675766866,31.941517327524707,16.807798800365163,-129.84964281386783,14.86428587657565,13.755857529902642,20.114910494894957
2025-12-12 18:23:11.040417,Right,-44.53674774073602,-76.50637366689261,-60.482243984222805,-58.03381836179324,203.19333585766617,-61.525680812030714,-72.55635144358257,-66.10879314065767
2025-12-12 18:23:11.044457,Right,-20.542635176554313,-38.20476709901595,-23.16411797420551,-27.77623777660392,144.6438443550578,-28.968671877440556,-35.72880235809134,-28.165090667525646
2025-12-12 18:23:11.048458,Right,52.711875939268566,64.37606029081326,76.84958069582171,56.18464538932767,-195.26746803410242,58.19351748297231,62.26665806593519,69.7240022957053
2025-12-12 18:23:11.053460,Right,47.53705400421427,58.16086076123429,69.44418940640571,50.83169038897813,-165.13607509782196,53.34063233825145,57.92523840501417,64.28785040973776
2025-12-12 18:23:11.056474,Right,-22.87373184042849,-38.33175351387035,-27.034524273882198,-28.55187968219252,185.68571262433215,-27.407600119487142,-31.65128890282358,-26.95500696497993
2025-12-12 18:23:11.059521,Right,-34.258341170777385,-64.05393851776716,-54.706311965492205,-45.902257465119874,184.2505943963679,-45.25513895388349,-53.99264300017239,-52.410197477991915
2025-12-12 18:23:11.064508,Right,25.166676697292132,4.28645305871396,10.094931030746011,15.6782968559246,-188.9563743633098,17.624753764399884,11.919075781135689,10.596040104456733
2025-12-12 18:23:11.068500,Right,45.152141345601194,40.687399815116805,45.43493306090568,43.50323842338821,-233.7620012597963,48.07353501457828,44.80688670906238,44.7794810368282
2025-12-12 18:23:19.830586,Left,2339.6284390529095,2766.283923548138,2753.4542885362994,2528.0907662286354,1453.7964216184905,2362.287498743367,2592.1261636807035,2839.102493172178
2025-12-12 18:23:19.846635,Left,12600.797966285176,14900.180109702707,14832.124183869244,13616.65347324537,7854.086871977624,12723.54619718126,13961.72327845525,15292.459563740817
2025-12-12 18:23:19.849701,Left,28883.8267857218,34160.12802781388,34008.033298233684,31215.154113364755,18030.1842701404,29168.188200557117,32007.42960818955,35058.64158059019
2025-12-12 18:23:19.852602,Left,36169.04204027867,42786.910635944936,42605.69822238841,39093.05467813944,22483.626411753154,36531.482674397455,40088.58920166969,43908.16998262616
2025-12-12 18:23:19.856604,Left,24613.139104185517,29126.291704235293,29019.92794732812,26606.576825908516,14950.327015028779,24866.204452781116,27287.561118746307,29880.393215341333
2025-12-12 18:23:19.860660,Left,3008.9603768419765,3560.9492800500593,3579.083701883472,3252.9980167550966,1266.0970293759892,3040.7273264932155,3334.439053537062,3640.029352315818
2025-12-12 18:23:19.864662,Left,-13356.809397681092,-15816.971389680868,-15708.88407560729,-14439.626515509211,-8563.08494430207,-13501.544428585272,-14820.769532045699,-16238.137355923536
2025-12-12 18:23:19.868673,Left,-17561.846689903177,-20791.446875635127,-20663.28369961481,-18980.441229533637,-10569.585441573407,-17750.450705197465,-19481.32543838932,-21331.10195520171
2025-12-12 18:23:19.873697,Left,-12565.695074734627,-14864.636236372637,-14768.832544399775,-13573.28642068198,-7404.597784639976,-12692.565766777261,-13926.496112588793,-15246.357241523452
2025-12-12 18:23:19.876724,Left,-5364.851128987444,-6341.188373385929,-6290.185663436772,-5791.269959279802,-3374.0116742764367,-5413.189474409912,-5936.637383969151,-6503.735353438067
2025-12-12 18:23:19.880714,Left,-1477.4409559735795,-1753.9684112591203,-1726.8882873259718,-1595.7084000342293,-1102.7693542913185,-1493.666872610338,-1636.7309281351045,-1795.7234902904602
2025-12-12 18:23:19.884763,Left,-2338.4698281467427,-2775.6118188994005,-2743.48265965085,-2526.3624134494457,-1328.9326147779357,-2368.3288625588175,-2596.8124553743983,-2840.0313218447845
2025-12-12 18:23:19.888735,Left,-5573.768230551272,-6590.529807031271,-6541.315290990635,-6018.487688024412,-3256.598098992952,-5630.309222543496,-6175.405787160853,-6757.501769116148
2025-12-12 18:23:19.892772,Left,-7597.65408306045,-8980.439759016153,-8923.954298937577,-8207.367382483324,-4837.972458055767,-7670.825814349577,-8415.695357952034,-9216.955171387759
2025-12-12 18:23:19.896725,Left,-6773.816201633657,-8017.793957511196,-7969.932432326488,-7323.5119390351465,-4407.29354251211,-6845.398735193419,-7512.651738967514,-8228.219915738213
2025-12-12 18:23:19.901790,Left,-4502.103699766216,-5334.712875296478,-5300.989581794478,-4868.4553815322,-2628.2585675594746,-4554.3855721999425,-4998.759123458993,-5467.299817697145
2025-12-12 18:23:19.904789,Left,-3288.6101146450965,-3884.9262055517174,-3859.109629015904,-3550.509068851359,-1731.0627355643082,-3319.243700442952,-3640.7287824180676,-3978.9829219980165
2025-12-12 18:23:19.908750,Left,-3956.026100400137,-4665.842485828791,-4639.69494768302,-4270.931426652009,-2516.237130965106,-3984.9569195256336,-4370.362370873918,-4788.250086591346
2025-12-12 18:23:19.912756,Left,-5044.786428368883,-5966.222976715071,-5937.654788499,-5454.5292404182255,-3398.630880421144,-5090.5116816998925,-5585.657597499201,-6125.06105883792
2025-12-12 18:23:19.916834,Left,-4871.658244274324,-5772.325276775518,-5745.730835273396,-5270.038127247477,-2931.017299523228,-4923.547399789561,-5403.356020759093,-5918.698529286776
2025-12-12 18:23:19.920877,Left,-3606.9898714026203,-4266.1375893438235,-4246.52546014823,-3897.1990431393497,-1867.6853795115603,-3640.3951031902106,-3993.272234470118,-4369.0256857369095
2025-12-12 18:23:19.924916,Left,-2845.0735319401138,-3353.178031089017,-3339.8349021517206,-3070.524122041883,-1719.7829861838836,-2861.1596607827814,-3137.264056708431,-3438.0056190751493
2025-12-12 18:23:19.928875,Left,-3374.3546277772402,-3988.854024308501,-3975.7093477651943,-3648.486350966152,-2396.9080136845587,-3399.9557708218927,-3730.968378569931,-4094.7183285851497
2025-12-12 18:23:19.932866,Left,-4150.505755670485,-4921.876287651947,-4905.56135336915,-4492.312281246064,-2620.273012176156,-4195.402900946443,-4605.794003997697,-5047.597942425171
2025-12-12 18:23:19.935825,Left,-3812.4076527125435,-4517.002995388815,-4502.260996524012,-4123.35241882666,-2018.1389440894127,-3854.028735159547,-4229.579047166044,-4628.774488834897
2025-12-12 18:23:19.940902,Left,-2600.5019170152955,-3070.2039598955307,-3063.3771997012664,-2810.1456595745403,-1447.412725646398,-2621.6127010743367,-2875.296628615586,-3150.163428912172
2025-12-12 18:23:19.944896,Left,-1993.234404658433,-2356.385305407224,-2355.2199454046786,-2158.7752662531566,-1480.670954480418,-2009.363850064925,-2204.628910196945,-2423.383721059654
2025-12-12 18:23:19.948887,Left,-2602.1095461797668,-3091.12568755704,-3087.0459730701987,-2822.2336097497027,-1756.218773347442,-2634.261137188645,-2891.714519290719,-3172.831574904034
2025-12-12 18:23:19.952945,Left,-3330.5248752200278,-3950.6288046012633,-3941.4337415485643,-3605.878006675979,-1816.2013840848813,-3371.14374528348,-3698.063212744193,-4048.3974927498493
2025-12-12 18:23:19.955925,Left,-2960.758041187073,-3498.365885550389,-3491.824644344859,-3200.138664920116,-1647.2875411479035,-2988.477089138003,-3274.771027703071,-3587.5044800853357
2025-12-12 18:23:19.959945,Left,-1852.7029209805187,-2186.5185466166586,-2188.540938939899,-2004.3708366169594,-1352.2186357822502,-1866.766628633486,-2043.9323455968406,-2248.2615775507875
2025-12-12 18:23:19.963963,Left,-1361.3288334101671,-1617.5878364611417,-1623.1923749474809,-1478.2529208674096,-1041.0646002122667,-1378.328626630595,-1510.1908146119677,-1663.1802934522275
2025-12-12 18:23:19.967981,Left,-1913.7092971700476,-2271.45138043561,-2272.6263276247773,-2072.912066768622,-1013.1853421365377,-1938.5869972737273,-2125.2271447998937,-2328.563478925498
2025-12-12 18:23:19.972985,Left,-2503.2881176200463,-2955.5529344058596,-2953.248528460972,-2704.14487835858,-1357.4612364985514,-2525.8348401467083,-2768.5671810586937,-3032.264224869199
2025-12-12 18:23:19.976941,Left,-2175.297722080606,-2565.4886234398,-2567.1137646087445,-2350.850044558174,-1519.046589956386,-2191.2303223462077,-2402.6679288197774,-2638.3442311233375
2025-12-12 18:23:19.980999,Left,-1290.3148224281613,-1531.9592134791892,-1539.6335126081249,-1400.266382526257,-1022.0607030666433,-1305.6315840935567,-1433.5532062228303,-1577.3578063657042
2025-12-12 18:23:19.984021,Left,-898.5374760444975,-1072.0599336684681,-1080.407716104528,-976.225664058351,-414.89056064438773,-914.7416055608774,-1004.641155977617,-1100.1452257318888
2025-12-12 18:23:19.988018,Left,-1291.700516509125,-1523.4905294760829,-1528.6554663254647,-1394.9353727907874,-571.5753324532416,-1304.677307992475,-1430.5352508871583,-1565.124729815754
2025-12-12 18:23:19.992019,Left,-1728.8563211158616,-2034.396568811615,-2038.9744820302585,-1866.7422414617613,-1207.3290828155004,-1741.246524618473,-1910.1386559124803,-2097.4083365889965
2025-12-12 18:23:19.996053,Left,-1510.180948611698,-1787.775194422924,-1795.598456795211,-1635.7939349432709,-1202.799398437899,-1528.0397987082833,-1679.3345962845488,-1845.9751045750454
2025-12-12 18:23:20.001052,Left,-844.3597081435146,-1007.3981031518197,-1018.1962220150745,-916.797172030434,-432.42375508358236,-862.9066681623226,-950.290137907723,-1038.8939087291947
2025-12-12 18:23:20.005074,Left,-476.39268854877446,-560.8567356312415,-571.8861906548264,-513.3601914679166,-27.159655006835237,-486.20156626496464,-534.0854987417115,-578.3817494866671
2025-12-12 18:23:20.009031,Left,-711.5064582081977,-830.4132303686347,-839.950684494921,-766.0138884830521,-517.7625149289961,-717.4246850486379,-785.8057538609719,-859.5180128210923
2025-12-12 18:23:20.012086,Left,-1083.8125425943872,-1280.7200597531628,-1288.396833561128,-1173.744165555574,-974.9056839271798,-1098.952257132274,-1205.4516913639382,-1321.534696970717
2025-12-12 18:23:20.016196,Left,-994.7413568570046,-1183.7017508884892,-1190.2120094801066,-1078.843235936365,-593.8194492917974,-1015.8822835653555,-1114.5975945583778,-1213.8050677217543
2025-12-12 18:23:20.021137,Left,-473.0230755143566,-554.8463808257366,-562.464655505959,-508.50029553088825,15.94749409839278,-482.73289981030393,-526.9921425386565,-564.2312985832104
2025-12-12 18:23:20.025155,Left,-110.72061604453484,-112.93367390008643,-123.63785488950089,-113.32364428904839,-33.9472582541639,-106.4289199631894,-112.27814734203275,-116.03107843571343
2025-12-12 18:23:20.028126,Left,-270.8709780393401,-309.39243656012695,-321.7793362173252,-291.23431954643456,-444.68358067417284,-269.92792148230365,-293.54940328595694,-321.06126673612744
2025-12-12 18:23:20.032084,Left,-607.4506892388454,-720.0415169406915,-731.0778821787098,-658.2396255140193,-406.2025632032892,-617.3144305717433,-677.1197066619061,-736.620869398932
2025-12-12 18:23:20.036166,Left,-550.737955115037,-647.0824583654758,-657.3110468431842,-591.5926208801102,-12.922325393679785,-556.2465708413511,-609.6718927633483,-657.0822966622072
2025-12-12 18:23:20.040182,Left,-95.37397972721374,-95.62697385909269,-108.7595370822819,-94.63008205743972,73.48950362115283,-85.67449418397155,-92.55557135422714,-96.69980419415515
2025-12-12 18:23:20.045172,Left,216.94345642073313,268.4736040397547,252.03862961934647,238.73072421178222,-130.51818279130384,229.59985571657307,251.16643410758115,270.5681762127788
2025-12-12 18:23:20.049209,Left,81.1681778698985,92.82106124429265,77.4767210969585,86.56426921545062,-97.27971827372676,83.38379034324316,87.97319988749223,93.8190882439958
2025-12-12 18:23:20.052255,Left,-170.39433107353398,-202.93683296442032,-214.97271871348494,-182.54189044391387,138.71904062500107,-170.5230598320777,-190.22727236212813,-203.67258139766636
2025-12-12 18:23:20.056208,Left,-99.15389587802929,-104.48637677932857,-117.0477740073984,-100.96195663383696,116.21229469426908,-88.20648661867017,-98.58156404440524,-105.72231769925565
2025-12-12 18:23:20.060171,Left,222.3419084424968,275.55426364715095,258.6242840841296,242.84584081059438,-67.36932466409053,239.08992771425983,258.6066186533717,277.3340137185005
2025-12-12 18:23:20.064230,Left,399.3458611041133,471.07810448654345,451.7410480039689,427.50010493863374,78.3411678265038,408.7613922224409,441.3648241692572,478.66736840789963
2025-12-12 18:23:20.068299,Left,318.49058891395543,374.1739977619436,356.21386219156557,341.3066387171566,423.03839872689787,322.7147021320998,346.92919395720673,383.73339373279305
2025-12-12 18:23:20.072330,Left,230.58835198689667,283.4463697736701,266.16344910623957,251.7305660285292,380.52878287138265,239.50164515751203,258.6128983870949,287.82636212619764
2025-12-12 18:23:20.077325,Left,310.0808710680067,379.21082360840956,359.56485330385476,336.25980036814144,30.908580296083528,319.69151426785174,348.2464292477234,379.26025486511935
2025-12-12 18:23:20.080306,Left,452.9829841201281,533.4623872791271,511.9874481791776,484.67255059292074,50.32872496834898,452.1488612810208,493.39112853583356,538.4670098964125
2025-12-12 18:23:20.084258,Left,529.1308362025302,618.0061166577216,597.8647624310834,567.4143964893592,478.9700510305556,521.8849138584919,571.0667770946748,631.8650745171326
2025-12-12 18:23:20.088304,Left,562.8471388363687,670.3853966086754,652.0976688796072,609.8402456777985,605.8999415001454,563.2303864552232,618.7262937168416,685.6520570264547
2025-12-12 18:23:20.092285,Left,595.6785287627717,715.610604391637,697.3832419690734,645.5547749492689,245.46970093328855,603.6611925677571,663.0355888672348,726.0520180943131
2025-12-12 18:23:20.096322,Left,591.9056062246091,699.9950342035736,682.3312681283278,635.5969522629457,78.27919257892063,595.0248795710213,651.7581682422315,710.8316167784506
2025-12-12 18:23:20.100344,Left,567.6699660372105,665.4024260401493,650.6322859841748,608.901517644932,418.32580101891654,565.3392671048932,620.3613992201863,684.2386402148404
2025-12-12 18:23:20.105292,Left,625.5801763983327,747.0669388538809,734.6004503368167,678.2419399998034,665.6046248029743,630.4480935780448,696.5571053688182,771.8980410856311
2025-12-12 18:23:20.108370,Left,764.945429834479,922.0900351466262,908.7827593309921,831.2852185025113,428.43472672236385,778.459503761318,862.1595605973271,946.4199102282291
2025-12-12 18:23:20.111356,Left,827.8896570984507,985.9446283961879,971.4289838892873,893.5984102227376,218.23552422359353,836.0703461579978,924.3714022975182,1009.665987690445
2025-12-12 18:23:20.116370,Left,743.262487142114,873.9011041774647,861.0162048140774,799.348651201406,456.3290901212895,741.4996677826857,818.9345470675617,900.2222174428753
2025-12-12 18:23:20.120376,Left,667.9174526429852,792.2330937976949,781.337442279153,723.6728490522946,690.4691218861844,669.2458275156678,740.0567744768341,818.999878345523
2025-12-12 18:23:20.124403,Left,754.8871554628713,906.1989455356961,893.5958899731049,822.0685786609538,484.85200574283954,766.6440805542516,846.7874892256223,929.9228539871983
2025-12-12 18:23:20.128418,Left,913.6834583834861,1087.0714735918446,1070.7258272542385,989.9702012680937,270.11548222007696,925.7822307933238,1018.6672736693872,1111.4939850477967
2025-12-12 18:23:20.133416,Left,951.8180706773419,1120.5290269938996,1103.1488559121499,1027.9451995481504,519.2651465499075,957.3448953991756,1051.1308189117117,1151.02815269446
2025-12-12 18:23:20.136371,Left,858.5783290655818,1016.7385293687694,1001.052708508214,931.6263745402684,809.4446153035387,867.1932662149193,953.2977091951761,1049.4499489062
2025-12-12 18:23:20.139443,Left,793.3527948762057,952.8035436883802,937.7752974985633,865.1761485732859,590.7637066454627,812.5175217058277,894.7074844426243,980.2732828769367
2025-12-12 18:23:20.144453,Left,848.9492446297081,1013.4597141210688,997.7423998870654,920.5255755244289,254.98252051643794,868.7677978856955,954.9508201783756,1038.7921381669585
2025-12-12 18:23:20.148450,Left,962.2466010445496,1132.061326110037,1117.4307599390158,1036.4480607482838,455.4386590985814,972.4950920202537,1066.84501535655,1164.9031638104934
2025-12-12 18:23:20.152467,Left,1027.6001641493058,1210.021349514951,1198.3095606472343,1108.063745695632,881.0035794550204,1034.689887136221,1136.089885295136,1248.6539686756441
2025-12-12 18:23:20.156427,Left,997.8250011431519,1187.5090308657382,1177.1624562537763,1078.8183394476073,780.3349484468927,1009.9717559058918,1110.6554535360774,1218.3376190382987
2025-12-12 18:23:20.161499,Left,907.3018317961833,1078.8860777153168,1067.571837439551,976.3822696098359,330.9120426166919,916.9307565373601,1007.0382059817202,1096.5446293629939
2025-12-12 18:23:20.164513,Left,865.0769061518367,1014.019653417985,1002.0676425491692,923.5176944707055,342.6645550511894,862.8842238559155,944.6882804908091,1029.3610444532242
2025-12-12 18:23:20.169508,Left,961.0500156758353,1125.4940640109126,1113.7868427706417,1027.7379345651716,806.3126028334373,955.24021748628,1045.8288606123533,1148.2914552320726
2025-12-12 18:23:20.172523,Left,1114.435013757553,1319.849154291558,1306.852782266098,1198.099644461996,915.6537880541291,1117.3515634756768,1225.5021336633945,1344.9473852532683
2025-12-12 18:23:20.176479,Left,1120.4648802862503,1328.6286350068403,1313.0013761984883,1202.5191780246096,510.4482798561803,1126.1657865907764,1234.6350896270014,1347.040807016776
2025-12-12 18:23:20.180568,Left,943.9832799130818,1104.9100499392953,1088.9063951469725,1005.5547357092146,325.7190448959591,939.2335765070748,1026.9363046216313,1119.292779274634
2025-12-12 18:23:20.184563,Left,831.8689182259841,966.7335187023273,953.3437578092562,885.5490879192948,650.6461805260042,821.8878670406993,897.6401226844173,986.3969654435059
2025-12-12 18:23:20.188570,Left,973.0958868216258,1146.720072434051,1135.3885871047387,1045.8608145676553,863.864045065362,974.6157417366048,1066.6504836002132,1173.7787791984156
2025-12-12 18:23:20.192569,Left,1178.2893243207363,1396.1730175216217,1385.3024016309064,1269.9775393438758,613.5307321400614,1191.2776243652916,1303.6219480698928,1425.751512520481
2025-12-12 18:23:20.195591,Left,1133.432594550075,1331.2880213651806,1323.0868772158865,1217.4077920140699,409.9725567670539,1142.1595970002236,1246.5887633345556,1360.9509470744524
2025-12-12 18:23:20.199595,Left,889.1485403419938,1034.7842250552494,1032.820614030119,954.0268161363201,611.0800750232302,890.1958078165771,969.2602396982256,1065.7378221671097
2025-12-12 18:23:20.204553,Left,803.9155651719775,945.7971952881198,948.7042858768255,869.3201015146915,781.379185204627,810.5249575912021,884.5988673466491,978.133106655674
2025-12-12 18:23:20.208640,Left,997.06653525203,1184.5565586611629,1187.2310754421633,1080.959834937472,585.2577337642433,1013.5993669681484,1109.4502478318755,1218.1648640304338
2025-12-12 18:23:20.212638,Left,1167.1671399830375,1376.7842195150442,1377.8167528798804,1259.4789879550226,436.22402976313606,1181.454094624496,1292.5341684364248,1413.7500786986202
2025-12-12 18:23:20.216660,Left,1059.5438497830182,1239.894072896568,1242.7701322212815,1140.534202447394,658.8799500755267,1066.1585873694858,1164.9454842749983,1279.656614724081
2025-12-12 18:23:20.219663,Left,840.583723380114,990.5247471551411,996.7693280354142,909.2023264539894,818.2693163442891,850.8440146101639,929.5841952017508,1026.611846044194
2025-12-12 18:23:20.223673,Left,816.823885849677,974.6136687542312,980.9700994142331,886.7822645285632,554.4031950157369,837.358832647209,914.5969445949886,1003.4938252831344
2025-12-12 18:23:20.227699,Left,981.576555945212,1161.8161761162337,1165.9488630730193,1059.8092157407664,328.87754634360317,1002.2336600486888,1092.4005103569943,1190.6912824229803
2025-12-12 18:23:20.232698,Left,1075.0506494669244,1258.35432946519,1262.4988044605125,1156.8312725396827,586.5941315941745,1088.2748305844143,1184.199855947867,1295.1503411247395
2025-12-12 18:23:20.236695,Left,983.8878687036922,1154.3564154843334,1160.7629277035594,1062.5865210434422,870.1536067889538,998.2101886013988,1085.7476576881018,1194.0283799227327
2025-12-12 18:23:20.240706,Left,851.3196091852151,1009.244683429366,1016.1020916169509,923.216596450191,620.8275897640269,873.8166438793996,949.3885874957778,1041.017753017135
2025-12-12 18:23:20.244732,Left,826.8597405595938,975.0159597245511,979.9323035543784,891.9326303997077,242.95627105690073,848.6756361221196,918.7852852360811,1000.3401681496762
2025-12-12 18:23:20.247814,Left,894.6931473471923,1040.389996540267,1044.549170782324,959.6142870953772,412.5840581606608,907.5319093345897,980.5855130110867,1071.006342470413
2025-12-12 18:23:20.251871,Left,954.241985305096,1112.511385934893,1118.0730954660103,1027.612625798909,835.0407306177076,966.5656868810765,1046.9643788901158,1151.2901862917934
2025-12-12 18:23:20.255708,Left,937.5493120638421,1106.942892119987,1113.151923994068,1016.3398411348462,747.58782060456,959.1642147211824,1042.3532881934661,1143.9951671424787
2025-12-12 18:23:20.260784,Left,844.0657958529191,996.4807343806606,1001.8251482313499,914.482227866305,293.36142039694823,867.7041946342215,942.5436100617517,1026.5457728437614
2025-12-12 18:23:20.264783,Left,751.3400536244735,873.6693078693934,879.4401755330618,810.3949481360614,264.6607915556524,766.647770966636,830.0345165065955,904.4813972073607
2025-12-12 18:23:20.268791,Left,763.1643587672152,887.892947656801,895.9835433471017,827.3021895242855,677.2724276073277,777.3875441030832,842.0477761651855,926.1904465181287
2025-12-12 18:23:20.272808,Left,865.1684964332962,1024.2601884310134,1033.5343917710707,946.3193955100141,767.4252355246572,890.504683776875,968.0815866019111,1064.7823451408185
2025-12-12 18:23:20.275822,Left,897.4378850829089,1066.40053769527,1074.8680004372727,982.6568071143702,385.00836930808146,927.1321677711094,1008.8130107887555,1101.8029420813546
2025-12-12 18:23:20.279770,Left,774.7277964937966,907.0922288312577,915.757678164402,845.1847996469587,226.63909582514316,792.999054668704,861.2435448314063,939.5835759409238
2025-12-12 18:23:20.283863,Left,646.5246989484876,749.3043024567887,760.0535363825038,706.7609373407904,535.1951636116719,655.708557791193,712.1361634882633,784.562785961898
2025-12-12 18:23:20.287848,Left,689.8511398300761,812.5544900184032,823.8571088672616,758.9096091461834,691.3382643854711,705.5507886181585,769.3235133874696,849.3437507895287
2025-12-12 18:23:20.292880,Left,822.1883147866465,975.1750281406567,984.0209441205952,901.696952928789,398.3541917189723,845.3629195151152,922.4457337872591,1009.2414261214435
2025-12-12 18:23:20.296868,Left,816.4681130663957,956.1687224367633,963.141431725584,889.0928415220696,212.25645788037218,833.1323621399933,906.5738848133478,988.8899647283833
2025-12-12 18:23:20.299891,Left,660.4608254835475,764.0551030356437,772.1024675681256,719.3516619086731,463.78807694336865,668.2942204996943,725.8780835939106,798.8552297891583
2025-12-12 18:23:20.303889,Left,573.1409382018028,673.4351114060264,682.281482859049,631.5425344351679,640.9932008117903,585.4441054209601,638.6109659643844,707.9816152439453
2025-12-12 18:23:20.307844,Left,649.1639927695505,775.2051261633169,781.7089074479882,716.6820036000572,383.56397259794176,669.8155229797121,733.603297928581,805.4637272094842
2025-12-12 18:23:20.311899,Left,723.4469340810319,855.1200279102195,859.166503823828,791.9536657535937,177.98875689681154,739.8849190582987,809.5580192876514,883.2017185078003
2025-12-12 18:23:20.315923,Left,661.0531192040071,770.9289598201867,776.0871974502224,721.3422276772326,425.82460350974,667.3813371479046,729.555817955872,800.4732267824002
2025-12-12 18:23:20.320873,Left,562.3853683694033,661.514317214489,669.1133163755294,618.327717927401,657.9158509832341,568.8641717651626,623.9568535895087,689.1359652278479
2025-12-12 18:23:20.324961,Left,561.3242084276862,670.3931618956849,677.6458431987558,618.4432515796507,406.94638241059147,573.3314640229801,630.9650201186305,690.7385144152213
2025-12-12 18:23:20.327896,Left,604.7201049516443,713.6791427927092,718.9258900382556,658.7063606936717,106.87785762560088,611.719182805391,672.1886682318291,729.7815782115795
2025-12-12 18:23:20.331963,Left,581.1664584443206,673.0600120387971,678.3636582014151,627.8876663979609,301.9010205202503,576.8345474556554,633.1125779659487,692.1255416639615
2025-12-12 18:23:20.335976,Left,522.0932681962149,609.1733125881292,615.9337367035914,567.0851083731977,622.2443649182096,517.5070014008088,570.0927140244748,630.2159674435388
2025-12-12 18:23:20.340012,Left,513.7491049090168,613.3778731212951,619.6502095465548,561.1997391269542,455.8272228911519,517.9915988051798,572.5964893272612,629.0507880917285
2025-12-12 18:23:20.344015,Left,523.4161499902839,621.4836047686404,626.1099503601436,566.470130820293,84.27451314846985,527.2665985699277,581.5879752497422,631.3172257903498
2025-12-12 18:23:20.348956,Left,477.15569012076594,553.0030539508443,558.5735329730669,510.3283472243929,165.04234754946083,470.5153900500154,517.9864642046159,564.4231753556523
2025-12-12 18:23:20.353031,Left,420.4631428234279,488.1579366942169,496.8055231581675,451.7388215219835,515.2175138446619,411.46484514081385,455.57241157710087,503.7247140050167
2025-12-12 18:23:20.356020,Left,435.51174992334563,520.8503834877629,530.4296357383719,473.87883609952405,457.52642035734607,436.00252395425923,486.10352282214444,534.9308479826432
2025-12-12 18:23:20.360055,Left,469.927160309162,562.6203897068044,570.5177582181059,509.8270702082664,79.21749313850887,474.62571776111145,528.7323888670653,572.9671437504003
2025-12-12 18:23:20.364044,Left,418.20935154275503,488.6774630334694,496.42654700239655,449.6595190729713,58.3646828031051,416.13608269102406,462.88131395936944,501.07181197800674
2025-12-12 18:23:20.368066,Left,319.83330490998924,372.09823134634644,382.3420366855571,346.2438003201969,394.68455007480225,315.87051794840954,353.80024246231187,389.5144125574734
2025-12-12 18:23:20.372081,Left,301.45454822178,365.78960093308706,377.24547306401655,332.9282674167771,421.42503012681846,307.40099400875624,346.9767791905906,382.5111273989314
2025-12-12 18:23:20.376096,Left,355.5017337744357,434.33586308313534,444.02940955746453,390.4821046985453,63.726142697327305,367.7064498726977,412.1680686232867,446.0970724740764
2025-12-12 18:23:20.381111,Left,354.1566086728126,419.60403254593257,428.0673944457667,383.03361985378433,-24.04176288144663,359.97623291320633,399.52335907588713,430.6794366145041
2025-12-12 18:23:20.384115,Left,273.3637389582582,318.4762980644591,328.27826770266984,296.2276638345793,303.3376918298309,274.27420189778786,303.42494565132074,332.44540046469774
2025-12-12 18:23:20.388109,Left,225.4251558976248,274.03596510144416,284.6142450593179,250.6419227810111,400.8391168527305,233.10525022854563,259.49323990230914,285.8486928542843
2025-12-12 18:23:20.392135,Left,254.63634800782893,315.0717532748822,323.53160376567394,282.08626274275593,46.77551920397673,267.3183960329043,297.37242471287027,319.7346878424287
2025-12-12 18:23:20.396151,Left,271.84517180081457,323.4580264069373,329.64945450471714,293.2341504005017,-126.99941584869521,275.81988636939786,304.9091765707126,325.2992352723377
2025-12-12 18:23:20.400100,Left,227.44512537296396,262.7443969998276,269.02730918850284,242.5486265142681,188.2406802281621,221.5531253379304,245.3849167439621,267.5829763727961
2025-12-12 18:23:20.404166,Left,188.28530399524607,227.13476109609473,233.3524331364315,205.14389576786198,388.9070010446012,185.7158700635191,208.987358407001,231.38941971457098
2025-12-12 18:23:20.409165,Left,192.58853985392489,240.98990558134392,244.3397612015251,210.90893425804097,73.92376962170238,196.49361599737313,221.99051386851352,238.11253521079198
2025-12-12 18:23:20.412179,Left,181.27167032985017,216.48452769767027,216.91269548388664,191.78296340757515,-203.93285898223985,179.66458860854618,200.73538887430914,209.39391649875324
2025-12-12 18:23:20.415194,Left,133.708829482086,148.15049892943352,149.36183737881947,136.4062069047941,42.91312090156134,122.97267141798511,136.19364620407578,144.83818367752247
2025-12-12 18:23:20.420206,Left,121.2068927102955,141.39471908321138,145.42203752533533,127.78583528881427,334.96153674129164,113.99050421593711,127.75188505800907,141.54023680114187
2025-12-12 18:23:20.424169,Left,155.368893689767,194.43036085832864,199.43301884259563,169.02512131270487,115.69525198673364,157.87192088388838,177.7689913007198,191.16328112967312
2025-12-12 18:23:20.428215,Left,136.87111215788173,166.97612512344494,171.77304131467827,146.15465398645028,-222.01330751535716,137.94355658441782,154.8239937640028,159.94900289166253
2025-12-12 18:23:20.432293,Left,40.14536223874893,41.026069269748405,47.47739794116933,39.79337788152043,-72.96028830931755,32.81618265679572,37.86813415505458,36.80063576286193
2025-12-12 18:23:20.436305,Left,-7.839322237530723,-9.410761004895903,-0.5731664653867483,-6.21558548277244,263.28067966218805,-12.540173339075409,-10.977653928508516,-9.622193711809814
2025-12-12 18:23:20.440299,Left,59.02138794696657,84.20307038817555,92.61354228388518,70.99290408293018,154.6382392589876,65.78347928012954,76.28619227255695,81.81035882863216
2025-12-12 18:23:20.443310,Left,108.51282875420293,139.93342946411576,145.94182484212797,119.9548504211707,-191.77006132301176,116.1021232684725,130.4560430603451,132.87493010167964
2025-12-12 18:23:20.448267,Left,24.367417235393077,26.207899024244398,31.812227489310317,22.338776807766408,-139.9617625598621,20.372152666328475,24.506108985689934,18.913723081175704
2025-12-12 18:23:20.452348,Left,-83.82866071799072,-101.15780591068324,-94.03407213668106,-93.14279418851947,179.25289569521556,-93.07530019816477,-97.37637061497662,-106.90210415387992
2025-12-12 18:23:20.456305,Left,-57.29768081306247,-56.600155298714526,-49.715181447099894,-59.659953558351845,132.30565321742324,-60.192875323758926,-57.72406343469629,-64.67358068207977
2025-12-12 18:23:20.460326,Left,39.97721780720167,58.49803883355344,63.4544835134875,43.74390314199263,-212.67959904653253,38.957051108183805,50.99522729893215,47.61611386347795
2025-12-12 18:23:20.464336,Left,26.86087491066428,29.662624956225045,35.145307205966674,25.171049298311118,-219.1082903947099,17.51601805438986,24.98477559001185,21.558460956148338
2025-12-12 18:23:20.468438,Left,-92.2791857625707,-111.96277126675704,-103.06358352472307,-100.64145490597002,106.75081130277249,-104.44442020659335,-109.06462076987373,-115.59329869615613
2025-12-12 18:23:20.471336,Left,-146.2286134099122,-160.7227088744403,-150.3967989773373,-152.17752049904084,123.25900023884606,-148.86750243848655,-156.05945559684187,-165.98318023217143
2025-12-12 18:23:20.476402,Left,-86.95512119212071,-86.2532610387425,-78.69097920611966,-89.07461026846431,-227.54482710626326,-84.10397122849827,-85.3876081588678,-96.72567989007803
2025-12-12 18:23:20.480381,Left,-46.96497348655248,-52.72236950683873,-48.159130726067815,-53.20676675150753,-297.06749169963587,-52.908577720838366,-53.39943726384081,-63.59153607621556
2025-12-12 18:23:20.484400,Left,-98.64817349374061,-120.71759097339236,-116.33808553041308,-111.14367605262669,45.24330402763735,-112.86399202843313,-119.1060434364772,-128.48038304771762
2025-12-12 18:23:20.488409,Left,-155.22983948528417,-176.70272699391353,-172.20266381374677,-168.34914215203025,145.49527134763775,-164.2768506272696,-173.2419575228414,-186.37914368853671
2025-12-12 18:23:20.492381,Left,-150.81373450512183,-165.48921607830562,-162.93151811361895,-164.09419470452121,-214.51969345776888,-153.07350528929965,-160.91761815812788,-181.04500840400578
2025-12-12 18:23:20.495455,Left,-142.03422901555314,-166.79623519504094,-165.62441310897702,-160.53428212663857,-388.43771474671667,-149.12182448164094,-159.35081505894777,-182.11793341636076
2025-12-12 18:23:20.499438,Left,-172.74536523007555,-210.77901483909227,-207.83755142614245,-194.13647673651576,-56.08338089712197,-186.06067780952435,-201.00864337489475,-218.9941868140013
2025-12-12 18:23:20.503448,Left,-193.85825334276888,-224.1225866842433,-218.80315765415435,-209.7805493309861,171.19724689784925,-201.34158701197885,-215.85891485253524,-229.4360564032686
2025-12-12 18:23:20.508409,Left,-181.7678622467647,-199.5836222220969,-194.50963710567157,-193.44033005423262,-128.57028826999885,-180.9720031277102,-192.66333868612128,-210.09315167962632
2025-12-12 18:23:20.512476,Left,-193.85909026151057,-223.91192289355968,-220.0348778237967,-211.63305407603912,-411.1870023366464,-197.4047723814001,-212.96087638863537,-237.92865091007843
2025-12-12 18:23:20.516429,Left,-241.37742966925725,-292.52095682652725,-287.9226143494525,-266.3343495611989,-174.31373487820565,-253.90001885990932,-276.73277896143554,-302.6541709149751
2025-12-12 18:23:20.520507,Left,-246.19897099188165,-291.4680661400016,-285.9350868890906,-267.5727257323706,120.75168261859471,-255.839430445958,-277.85181190997537,-298.5753676491149
2025-12-12 18:23:20.523450,Left,-194.34007461746023,-218.65031374807222,-215.03779063752154,-209.5366175976592,-83.92828155248753,-195.201745410355,-210.62566261606935,-230.4857542138261
2025-12-12 18:23:20.527542,Left,-190.5256440774465,-220.73118373632315,-220.15585463258685,-211.65470571234255,-410.41699669838636,-194.2912259720324,-211.41668769472562,-238.3815220184806
2025-12-12 18:23:20.531522,Left,-274.49625736149756,-332.88771344619454,-332.5906645995601,-307.63020469766343,-260.2566310372458,-288.91051004578185,-316.2563065639406,-349.53027221628145
2025-12-12 18:23:20.536542,Left,-326.55577644096047,-389.29245786211686,-387.3108497200883,-359.85454089107225,71.29999781971128,-340.4645979520428,-370.606942391285,-402.42493025387375
2025-12-12 18:23:20.540572,Left,-265.7561717138451,-303.2024328128173,-301.3000332743104,-288.42066869731934,-43.449208220656146,-268.81099225424987,-290.135483430131,-317.5043761503475
2025-12-12 18:23:20.544519,Left,-203.64957774859795,-231.99847940048494,-231.49305924537475,-222.8364547520032,-392.1261910265457,-204.36785671752295,-221.61212354630698,-248.74634999212867
2025-12-12 18:23:20.547569,Left,-261.08455450051406,-312.66955918430176,-311.1772272375674,-287.5503197942744,-330.0317573539505,-270.18734368549485,-297.0035823189828,-326.7566391261207
2025-12-12 18:23:20.551596,Left,-356.2299305440247,-422.35683746956056,-417.83399740682216,-385.3272455679544,9.863472075216123,-367.07777829525,-402.44368724693777,-432.5268630943028
2025-12-12 18:23:20.555595,Left,-343.9948919020535,-392.54409606111585,-387.20121559215477,-365.61233430265565,-24.626484970605816,-346.5584287859965,-376.0913018237916,-404.63399035975453
2025-12-12 18:23:20.559624,Left,-265.37316444475437,-298.6759888935194,-295.3491336493171,-283.25161191573716,-374.6166103412979,-266.62410137584084,-286.31985295392224,-315.0576948407688
2025-12-12 18:23:20.563632,Left,-267.09319902429706,-315.1403720587259,-312.7078503862431,-292.31446763913846,-385.58939910514164,-278.96518138799,-299.947162083874,-330.3848670011794
2025-12-12 18:23:20.568632,Left,-344.235413835966,-409.5304871479748,-405.7571473319549,-376.0889809404616,-46.76080152661598,-361.5054373718449,-389.48352220098604,-420.7543132296414
2025-12-12 18:23:20.572657,Left,-364.921408240305,-421.38024396880064,-417.7442075041181,-394.2900161742873,-14.995217055926332,-374.47305420733755,-401.75525761555764,-433.61806281562895
2025-12-12 18:23:20.575660,Left,-312.8392326310277,-357.005868627748,-356.463791818358,-340.17760292239836,-372.2717580590106,-317.5463321865536,-339.56156751164235,-373.2413229622762
2025-12-12 18:23:20.579678,Left,-302.2738989884965,-359.1423000643845,-361.0036179594463,-336.0169753128139,-457.3745787392545,-315.3833478471788,-339.04852562292945,-373.97535644541495
2025-12-12 18:23:20.583683,Left,-358.57546783369617,-432.98631939385086,-434.245636143256,-397.9564954000525,-102.72335874268902,-378.8590376335196,-408.4420695747831,-442.34418847883353
2025-12-12 18:23:20.587697,Left,-379.28165306389565,-446.3842591334833,-446.7453312012367,-414.8365945168189,39.54159080283716,-392.9364816916059,-421.8835496691754,-455.31154175737174
2025-12-12 18:23:20.591722,Left,-334.32210570247844,-386.7851140135317,-388.12214525870513,-365.0659254169441,-294.26479307736736,-339.89437320060097,-364.06287037592847,-400.49181298335316
2025-12-12 18:23:20.595656,Left,-320.1827450742712,-381.61097347846953,-383.32179138908396,-354.38549825706286,-488.3163241207367,-329.9966583714704,-356.1698288503685,-395.94296259171097
2025-12-12 18:23:20.600733,Left,-371.9217572939815,-450.47170778067084,-449.8050347571261,-409.79590284253936,-194.15285051631508,-387.89263534132624,-420.5900484047597,-459.22178758116206
2025-12-12 18:23:20.603736,Left,-396.26748050015885,-466.8819680652814,-463.80348454986233,-427.9721481972956,23.321193929208675,-405.94463323126547,-437.70280220813584,-472.60928059887374
2025-12-12 18:23:20.607748,Left,-352.99357116169995,-403.45560567075154,-400.8187143188552,-376.67709260614356,-254.38523059000727,-353.0295558961225,-377.7802986748284,-412.3309282368864
2025-12-12 18:23:20.611756,Left,-335.6362628953066,-390.3165196063346,-388.747133489931,-361.61009298532736,-516.0620458579215,-338.03625214047497,-363.1011813618243,-400.8908717285958
2025-12-12 18:23:20.615703,Left,-392.73384500975953,-468.05108441528864,-465.0306497383863,-425.1260037745815,-277.4885511120665,-401.9172745998367,-435.36874632089166,-474.6839569917647
2025-12-12 18:23:20.619786,Left,-427.67601249867585,-501.4476142752683,-496.4188196553732,-457.4181817789213,12.776427895849338,-431.83277466654545,-467.94909285224276,-505.7761401584721
2025-12-12 18:23:20.623825,Left,-374.8650219049305,-427.2972181139048,-423.2452323679463,-397.32966336532263,-187.53496469274978,-368.5840580749791,-398.41875879390864,-436.06535476638237
2025-12-12 18:23:20.628823,Left,-327.5997790534748,-378.29644941643346,-376.6167288479628,-352.079316088988,-501.3207468383189,-323.45970624452457,-351.15285278245574,-391.2105982657522
2025-12-12 18:23:20.631816,Left,-372.9147068888997,-444.90799974580295,-442.94911054323893,-405.8076234951732,-339.5938044375216,-379.4067781615304,-414.2174807191477,-455.0583627320011
2025-12-12 18:23:20.634818,Left,-433.278087476152,-510.65481630997965,-506.57044980919454,-465.8577139058616,-3.0996577650657855,-439.52963015821297,-478.4207169478759,-516.893387460208
2025-12-12 18:23:20.639826,Left,-407.67622213897994,-465.32787875365466,-461.3747782387072,-431.3427769622067,-116.38627120043384,-403.55414491862757,-436.45488712604856,-473.78565728559624
2025-12-12 18:23:20.643836,Left,-351.8425842002616,-401.6426669327193,-399.9497631053673,-373.0363318789168,-457.84410297393333,-346.16752603300847,-374.2272677933797,-413.8594955448061
2025-12-12 18:23:20.647856,Left,-368.1218135582167,-435.960317043704,-434.73521021951456,-395.95591676421463,-379.30942502617836,-371.36700538994046,-404.7771194516099,-445.9976948859403
2025-12-12 18:23:20.651853,Left,-417.1685617091716,-494.88934390991926,-492.0137582151219,-447.4224409550661,-26.21885855239816,-421.5725921911653,-461.44570955983363,-500.72856998769566
2025-12-12 18:23:20.656822,Left,-401.0542981613544,-463.22050388751086,-460.2623356790282,-425.8634586535627,-66.49476040253649,-395.4398422110826,-433.21086898091016,-470.8111197510734
2025-12-12 18:23:20.659931,Left,-351.8318499791785,-404.43712328816764,-403.5338927152334,-375.60111150721787,-433.59436864376767,-343.139173162519,-377.2552988365642,-416.6841135802679
2025-12-12 18:23:20.662893,Left,-367.12324961833656,-435.6729001374915,-435.4368445983855,-398.11189854319673,-442.27879341703374,-368.4615669429768,-405.9346549716429,-447.20434145012405
2025-12-12 18:23:20.667952,Left,-418.8996226330637,-498.6615691074403,-497.15884131519124,-452.7725567618618,-67.78507962921867,-426.51815976575017,-467.1006551068276,-506.4709789304761
2025-12-12 18:23:20.671924,Left,-403.1280203422066,-466.8392706270097,-466.13017229223624,-430.5580767185893,3.2711646145326085,-404.74008610704914,-439.70192787924316,-476.7584490920417
2025-12-12 18:23:20.675941,Left,-339.70598028582754,-389.8104291151976,-393.18832022242714,-364.4956120683346,-350.14683442766545,-337.62653443193994,-367.06724923371803,-406.00141519634053
2025-12-12 18:23:20.679939,Left,-340.7626860997407,-407.3220458702417,-413.8275257962523,-373.8432284948649,-461.6247776504606,-346.074672594259,-381.5896014840109,-423.82574773044325
2025-12-12 18:23:20.683955,Left,-399.9488278865465,-485.62892234686296,-491.64343009062577,-439.14794502418954,-121.81242596538505,-409.2011899293284,-454.5510528788436,-495.9120368496515
2025-12-12 18:23:20.687920,Left,-399.6242275274126,-473.59277905826457,-478.5605162765132,-432.689947258099,36.2645502036321,-399.2014001305215,-443.39845224970486,-481.1615732591599
2025-12-12 18:23:20.690989,Left,-329.8691090272041,-383.3015081179328,-389.3730196255492,-356.0636071896879,-276.7592073509586,-321.22778998472495,-357.2444586560596,-394.70923691720236
2025-12-12 18:23:20.695976,Left,-311.88816150376806,-373.320628019399,-380.1451396215707,-343.0153401735006,-471.4621255049715,-310.62756325828377,-346.41877264145296,-387.03647413058206
2025-12-12 18:23:20.699998,Left,-375.082469100249,-457.39311210950837,-462.16712290840223,-414.2676576130325,-188.47494830720825,-384.41849273326807,-426.871462183306,-468.4897319537122
2025-12-12 18:23:20.704010,Left,-398.15642892429605,-474.86559726449195,-477.56156492291484,-434.98636939167045,31.870194743503816,-404.77475230558775,-446.40714671358,-485.3857452046359
2025-12-12 18:23:20.708035,Left,-329.5012544991914,-383.50539303792175,-387.122756204335,-359.4457398575032,-230.35192445490975,-328.70843554404564,-361.2568352727685,-398.33117290679365
2025-12-12 18:23:20.712036,Left,-284.8781171650626,-339.2049626148073,-344.22781735868193,-316.6840443967376,-483.47171031101607,-288.3008068978088,-317.80613405734766,-355.5611024616519
2025-12-12 18:23:20.716060,Left,-339.83228913962375,-414.38001508056186,-417.78979060112033,-377.8524051926797,-247.03838011657353,-351.9953614050755,-387.7952152470825,-425.5984642902622
2025-12-12 18:23:20.719060,Left,-393.9219962694915,-469.0670755368192,-469.89334708545357,-428.73487716913223,44.26374016707996,-401.9339852819685,-440.23999937355984,-475.9540296450723
2025-12-12 18:23:20.723027,Left,-352.4866926954128,-406.022015896393,-407.2090375528205,-377.0810576911317,-146.08219160774024,-348.27317462069914,-380.2687393076485,-414.3066024699947
2025-12-12 18:23:20.728106,Left,-292.1996170175262,-339.7006989136571,-342.8180092355469,-313.6654774013441,-450.1580736512551,-286.1353345225798,-314.69445272150915,-348.3167050968623
2025-12-12 18:23:20.732110,Left,-314.5120692133205,-379.02673321508337,-381.44340135820676,-340.42948725586757,-286.2675820158329,-315.6668425541138,-349.5988571527414,-381.5834893179126
2025-12-12 18:23:20.736117,Left,-365.03350846644025,-434.63624324148986,-434.1726790530374,-390.79101288935635,46.113937162212096,-365.43599858123343,-402.7573871908244,-431.8093037978979
2025-12-12 18:23:20.740077,Left,-345.1322707950603,-397.3359102215618,-395.8453563126968,-365.1522327908315,-75.7035010412801,-337.16327223100234,-368.86652765783947,-397.14017084264196
2025-12-12 18:23:20.744142,Left,-294.37173723685555,-339.3064672584878,-339.0096499347128,-314.4113880407531,-426.616040027875,-287.60647561692167,-314.28566040925216,-344.2183695327258
2025-12-12 18:23:20.747150,Left,-305.32381725194864,-365.5383226943668,-365.4149428488454,-331.7377676939359,-347.2698437477229,-310.15800677088555,-340.0131529221544,-369.6771785954479
2025-12-12 18:23:20.752172,Left,-344.47828886832576,-410.67122213495895,-409.68149879935663,-371.33330905251205,23.216019442712422,-352.8330270878505,-385.4394006074872,-411.91295944340527
2025-12-12 18:23:20.756159,Left,-320.92479857208673,-368.9221088732593,-369.53722278715577,-340.7546557633905,1.9584445679211058,-320.62687339587137,-347.83991639269516,-373.47518860548735
2025-12-12 18:23:20.760188,Left,-265.07500169367995,-302.54817700828426,-307.2327717390144,-283.636631794041,-364.6696536807576,-261.8034309349023,-284.06480081006885,-313.6972266800003
2025-12-12 18:23:20.764135,Left,-271.52906779642217,-324.9396394036012,-331.7403828527313,-297.90456629823893,-386.1171800267184,-277.8939705536468,-304.2942901960341,-337.11827869387344
2025-12-12 18:23:20.768205,Left,-314.3867285597371,-379.0602833159501,-384.67503053369,-343.91465123929083,-14.227390493499115,-326.73151946347207,-357.8655525344657,-388.25100912421476
2025-12-12 18:23:20.771157,Left,-292.1158177413745,-339.818897309131,-344.78457197593525,-314.2194903078489,68.71633152017603,-297.88998158380855,-324.059447897831,-350.53637612145394
2025-12-12 18:23:20.775299,Left,-224.11330167704728,-255.9982794438256,-262.7516755356919,-241.34655883710366,-277.85458065447165,-225.14858906297013,-244.48953853349667,-271.60382722935174
2025-12-12 18:23:20.779302,Left,-223.17792599706445,-269.3614626942435,-277.17423748387955,-246.38459561311174,-395.82913497753907,-231.0088206178043,-253.9780446025543,-284.0576099365717
2025-12-12 18:23:20.784222,Left,-284.55765427905135,-349.2424890717957,-355.49695793993305,-312.68751276109833,-59.9838723828434,-297.06138069706503,-327.9819025492761,-357.2408133238787
2025-12-12 18:23:20.788279,Left,-287.581901539932,-340.81562278512865,-345.8893478474347,-309.28953077609185,107.3089520803187,-291.6427767709829,-320.917867796612,-346.06717947730795
2025-12-12 18:23:20.792291,Left,-216.49628430535085,-248.6205166837899,-254.9497203673236,-230.77825644996483,-193.60209395107813,-212.51262041099835,-234.0881499457173,-257.3431597171584
2025-12-12 18:23:20.795227,Left,-191.74833961611148,-230.4479726945283,-237.5390395851573,-209.78159372217488,-381.1594655752997,-193.9559504124336,-216.11065797368065,-240.48677807254717
2025-12-12 18:23:20.799271,Left,-248.51929032045882,-307.3227701926371,-312.24518988246564,-273.5007760077715,-87.60917417751625,-259.5872963347938,-289.35274165822193,-313.6023451652145
2025-12-12 18:23:20.803327,Left,-270.7970020629582,-324.4547485335497,-327.0600743603427,-292.885798593401,150.4700522350613,-277.49120077240514,-307.41585931158625,-329.41055405011866
2025-12-12 18:23:20.807312,Left,-204.96119481645292,-236.46662528673187,-239.63803680054843,-220.0112960439874,-99.9191394597874,-202.8430785794044,-224.30827099783346,-245.72188304329757
2025-12-12 18:23:20.811321,Left,-159.19974781642668,-190.41858278459404,-194.77439712290652,-176.06536062050145,-355.3201996709686,-160.44733569625532,-178.87335266522132,-202.2485491897678
2025-12-12 18:23:20.816404,Left,-205.06686587742297,-254.73048060992733,-257.45105077768676,-228.20079414232168,-124.10770739935106,-215.11259782046545,-239.30287877714727,-263.25505936471745
2025-12-12 18:23:20.820343,Left,-246.97215706761926,-295.299258074956,-295.2289511252893,-267.2344571838621,167.8303035700228,-253.6571772856405,-279.54623969248496,-301.2273781482363
2025-12-12 18:23:20.823357,Left,-198.32865739933914,-224.13136114994995,-223.87681658938527,-209.238265090622,-27.303826455201488,-193.65599848766578,-212.58289610093925,-232.6529111461714
2025-12-12 18:23:20.827364,Left,-137.54481008969015,-157.94475420529488,-159.30154264415614,-146.59037568734493,-350.8184594073682,-131.3164354042383,-146.8708031680435,-167.6217188128503
2025-12-12 18:23:20.831372,Left,-159.63138364604674,-198.41800590185449,-199.69676245795563,-173.84771824930795,-205.6143755785888,-159.95953221211676,-181.82075422198977,-202.44320019020233
2025-12-12 18:23:20.835399,Left,-204.05616514448775,-248.57402129122056,-248.66463852417655,-217.33677153429016,127.50420358538395,-202.08678792935098,-228.62723292422015,-247.00973382673692
2025-12-12 18:23:20.839412,Left,-174.86429013020825,-201.90580738999415,-203.21910682693124,-180.85466560861096,16.92214358842466,-162.78849139768863,-184.86402452609036,-202.32456257205922
2025-12-12 18:23:20.844406,Left,-120.61818801244954,-141.6262500017183,-146.1504513331456,-126.55944976117462,-334.28844993025996,-108.77081453701248,-127.0922963230405,-146.42761156859342
2025-12-12 18:23:20.848430,Left,-138.01916328596417,-177.91479933611117,-183.6656514890492,-152.77303451503394,-265.09648765891325,-137.93719633331057,-161.1912662376999,-181.27583315130323
2025-12-12 18:23:20.851493,Left,-186.43425556615693,-235.84248414286412,-240.40332829474937,-204.5474096449907,107.01442770374706,-190.72992444230476,-218.1813226431841,-235.54076451517176
2025-12-12 18:23:20.855450,Left,-164.30046205880353,-195.63163396681193,-200.22193922149017,-175.92184343468398,103.27328455151292,-160.74572142050602,-182.52894591807853,-197.57637703593355
2025-12-12 18:23:20.859470,Left,-102.0469251665636,-120.02386712946463,-126.56855399382766,-110.3273143687984,-250.36441977811046,-95.62827137869317,-110.64960085501662,-127.01056844915729
2025-12-12 18:23:20.863474,Left,-106.26546036481159,-138.21486239758087,-145.08054690039717,-119.98748422478093,-274.90482733922545,-108.29494951298693,-126.17536283226218,-143.875311812968
2025-12-12 18:23:20.867538,Left,-158.2969301531557,-202.08067826239858,-206.70722641044995,-174.02210563846165,90.30016204455751,-163.37541941489326,-186.59382727270713,-201.59400992514566
2025-12-12 18:23:20.871489,Left,-147.43368441198254,-174.61345882940805,-178.27315454906784,-155.01169386017136,174.84430472092936,-141.95153384067817,-161.47918208315969,-172.6623922176077
2025-12-12 18:23:20.876523,Left,-79.93355126475217,-88.7174819567008,-94.37193975230912,-81.20870449190261,-167.22033957214444,-67.07341933617136,-79.37772711057914,-90.27386235725135
2025-12-12 18:23:20.879528,Left,-70.595975100121,-89.64586702408269,-96.62919483263977,-76.22497345972806,-284.66732652450446,-65.52359310752945,-78.7970110293245,-91.03609995980514
2025-12-12 18:23:20.883538,Left,-128.67084318294656,-164.27243085438386,-169.60058383492287,-138.90292567684082,50.79250642907573,-132.31389943131944,-150.35310981504153,-161.0014491173206
2025-12-12 18:23:20.887471,Left,-138.20981731149368,-163.17855087085627,-167.08088758942904,-143.5148910441203,217.33853981955326,-137.44278636894887,-151.91126653418178,-159.36431178171188
2025-12-12 18:23:20.891559,Left,-72.21293864003383,-77.08536713663489,-82.54207766626496,-72.41741804988123,-91.24789450500975,-65.0519410930574,-71.28149594372371,-78.52848314947914
2025-12-12 18:23:20.895557,Left,-42.48466668545734,-53.2864460592391,-60.468787296907976,-48.23785203928128,-290.5007866966189,-40.98573999258224,-47.907002769818064,-57.09375291666947
2025-12-12 18:23:20.899602,Left,-91.76495372108184,-121.29856275412021,-127.07164138450753,-105.01018781145103,1.4628868052968755,-97.99597676447593,-112.91706485225586,-121.40266222984064
2025-12-12 18:23:20.904526,Left,-115.2662279062788,-139.16975143027958,-142.24244686338352,-124.83843690418871,248.3760692749347,-116.25031384604517,-131.85382470523473,-137.14041135500884
2025-12-12 18:23:20.907531,Left,-57.424069271888584,-59.72144442028366,-61.82690110121621,-58.26628248632187,-2.048291400045855,-48.88632119365502,-56.24449681886472,-60.54802306176862
2025-12-12 18:23:20.911595,Left,-15.281772068643477,-18.08937614329625,-19.603710229101125,-16.217393249447923,-273.49606931515154,-9.601881623559166,-13.448332434811164,-19.381881021894515
2025-12-12 18:23:20.915543,Left,-55.64382820361061,-77.58077286730986,-76.63040938985068,-62.11636167665711,-54.6369521820161,-58.85566523659509,-67.7045609470224,-73.34369486937067
2025-12-12 18:23:20.919632,Left,-89.60290589521173,-111.0043392816442,-108.12834685016423,-93.9973494457081,242.42468334539444,-90.30090257845586,-100.75430231750943,-103.54067165893503
2025-12-12 18:23:20.923630,Left,-39.734886254242156,-39.860821633716114,-39.02894102403661,-36.80377332441276,53.69360906787915,-30.50712559116073,-35.136171927442774,-37.2203022124595
2025-12-12 18:23:20.927655,Left,13.468892110628076,17.04477472783765,14.034565837413538,15.866495353926439,-279.0288747679442,22.19687820522813,19.080148793640547,14.460029268811923
2025-12-12 18:23:20.932663,Left,-18.796175646188203,-34.88511424517492,-38.74848777853185,-23.379566206247546,-144.46947661897866,-19.3007189927157,-29.891640808666125,-35.286061600083485
2025-12-12 18:23:20.935641,Left,-67.33618285832927,-88.56328846875113,-90.65215092734434,-71.61139784910483,198.0225519721571,-67.90849548828555,-82.55157363007311,-84.90503133734455
2025-12-12 18:23:20.938613,Left,-34.17401319934288,-35.44585244200425,-37.3674717770773,-30.744327419437468,107.45399822769105,-25.467607423081063,-33.70247029379243,-33.93756236281479
2025-12-12 18:23:20.943687,Left,24.060348876169883,30.931104277202394,27.195019069244154,28.33659785229247,-238.0289751473174,33.04374851018656,30.189932118402794,28.26703594776336
2025-12-12 18:23:20.947688,Left,2.7427055162843317,-9.324735274538398,-13.170470572425984,-0.9310393397463486,-177.35384037188487,0.603665909206029,-6.944579602626618,-10.030131414358038
2025-12-12 18:23:20.951666,Left,-53.30022718565306,-75.81481423409423,-77.44073538732482,-59.01091266452568,191.6879854844592,-59.024467200564686,-71.55358542670729,-71.46228003466967
2025-12-12 18:23:20.955674,Left,-32.36879959361977,-36.273878796666395,-36.87538098305231,-29.662009754916653,193.01335417112568,-28.336623792012688,-35.836543429933954,-31.761638741125353
2025-12-12 18:23:20.959730,Left,34.55422000706312,45.60942624823656,43.791217248130124,41.960140925308224,-162.20748516428284,43.80974034022074,43.334682984335814,47.50766912737163
2025-12-12 18:23:20.963732,Left,30.215453119046288,27.298401452309918,25.19824531872291,31.30114653974306,-196.2699963193736,31.360115646588383,29.016079074295703,31.313618620682973
2025-12-12 18:23:20.966756,Left,-29.594578353629913,-46.77937367273262,-47.11794186651241,-33.756759943964425,165.57836757734185,-34.60691542967106,-41.00886538246414,-38.2938453083043
2025-12-12 18:23:20.971764,Left,-23.23709814346512,-26.333092532586306,-26.038920232269447,-23.08160717182909,254.00421034421015,-22.80032870033756,-24.037046586105134,-19.61991776508512
2025-12-12 18:23:20.975783,Left,51.84212517077685,66.64904486917658,65.33901501738,55.6047621765465,-92.53651716723107,55.517807147611165,62.74147059337702,66.88995981332846
2025-12-12 18:23:20.979777,Left,73.47030134318629,78.52444651332917,77.21913854003651,71.37099356233375,-226.1281507351814,68.06353204874904,73.99080397424405,77.52543968334794
2025-12-12 18:23:20.983814,Left,17.947841023211367,5.682117905613268,8.120662145345705,10.09227390383603,98.92708331914037,4.849279818939976,3.2217172757082153,9.426794762868667
2025-12-12 18:23:20.987824,Left,-0.8135930701973848,-4.549184402887477,1.536633224110119,-4.603216057497775,270.2737616550876,-8.133425434090896,-10.190473895228934,0.19996345005347393
2025-12-12 18:23:20.990834,Left,56.111603556375485,71.09477959744981,77.24365870995098,57.639326546748634,-31.31914658966707,55.322595552774146,59.040213260188466,70.53603179290076
2025-12-12 18:23:20.994842,Left,85.98530318995472,95.43388101860182,100.57031633588485,83.52511031454196,-232.67298130033305,78.24107109903707,81.97133120056242,92.17669433410629
2025-12-12 18:23:20.998863,Left,41.90466201354866,33.585455438442295,40.088922163966345,33.799934855574975,55.88627082874882,24.68361729159369,23.219035913061816,34.09690441418206
2025-12-12 18:23:21.003872,Left,19.31416452981648,16.679203226143727,25.178029342729133,15.445288559043547,306.6559968045476,6.3876120019413065,6.4540710211440455,19.511318527103867
2025-12-12 18:23:21.007894,Left,72.11466938236845,90.23521998667275,98.26568858564133,75.73905781059875,60.5599478117947,69.12701974372612,77.18022945773555,89.32949193927925
2025-12-12 18:23:21.011892,Left,108.78338936457294,125.51315028464887,132.24429282039637,110.39983271076926,-211.8388503329188,104.48839419856085,113.40949349018047,121.73588300260599
2025-12-12 18:23:21.015923,Left,65.62430234169005,62.877991621004185,70.52001276187366,60.776876228977926,11.358716979346354,54.647378781141015,54.84755708859302,61.68111288911314
2025-12-12 18:23:21.018915,Left,30.338238499956788,28.350689719285583,37.33012848725775,28.235846742929425,326.3151468916185,24.261919917698833,19.639840598392766,28.197944638464833
2025-12-12 18:23:21.022915,Left,79.70383492819383,99.27316124734352,106.3899949878687,86.22141197728342,155.76852960416727,85.38307293628168,85.10348000688828,93.35839883421431
2025-12-12 18:23:21.026942,Left,133.94609563346603,156.51930186734535,160.06662621544092,140.3745066730189,-174.75471784207184,139.61270187156333,141.2983545876923,145.46189686856815
2025-12-12 18:23:21.030953,Left,103.45302900167007,103.9382428349054,106.664786949259,102.0223914442031,-47.38288201219257,98.89003893335757,94.60496271158627,96.23067240344244
2025-12-12 18:23:21.035945,Left,55.344027686078334,47.311126196567784,51.72062123143405,53.01133357893559,295.4743373379606,49.1687506428425,42.31584984100482,46.307280404289486
2025-12-12 18:23:21.039991,Left,87.63193736762332,97.35176016985497,101.87812600420148,92.95433965005213,210.6570110551329,90.41546693041164,90.75328824963071,97.9817688412586
2025-12-12 18:23:21.043981,Left,145.49151546266512,163.52313715111814,166.4506641971384,153.23696231054782,-140.21588135979255,150.73913982159866,156.18208222430258,163.71794139459962
2025-12-12 18:23:21.046996,Left,123.6153689090279,123.8056386893004,127.40098381701682,125.52651221143606,-97.26536515609041,121.70851621126349,121.29675546385988,128.83402437597397
2025-12-12 18:23:21.051005,Left,64.19606685466715,53.662664800925995,60.78432581410743,65.350528595387,258.17266136746184,62.35491210767941,55.6750998300995,65.88955290878948
2025-12-12 18:23:21.055040,Left,79.91873320244486,86.03361247862631,95.6078680720675,89.7491298471432,256.12257867556764,90.00867973473214,87.42127943514788,100.16835643225932
2025-12-12 18:23:21.059079,Left,144.0496803424976,162.96843073851778,172.5946515945834,158.66420744937204,-104.58001655896805,160.59831059529097,164.01880103137228,175.8607091469603
2025-12-12 18:23:21.064033,Left,139.2297068530679,142.88166635001835,153.3884801728127,148.25756447624735,-152.59927671929836,148.97919709761481,148.81417527347367,158.98243674521655
2025-12-12 18:23:21.068049,Left,74.72490268750698,63.58355983335059,76.96282016352052,80.18216756979382,197.83650354428391,80.3134055452465,73.8742046155894,85.42159337633348
2025-12-12 18:23:21.071047,Left,67.8921885894888,70.7610822014176,85.57579718228226,80.00303990741668,285.78128570581976,81.66188492061337,78.63788059163198,92.53667567249067
2025-12-12 18:23:21.075110,Left,126.21630972842104,147.2735746720209,160.46436015321524,144.15745435162535,-57.14067295548739,145.9199240957205,150.92644140740595,164.30377495466382
2025-12-12 18:23:21.079088,Left,136.43153596561024,148.2832392203636,160.24709983486537,149.9345281677488,-189.56639671076664,148.5423536665221,153.1784686892388,165.13389707194074
2025-12-12 18:23:21.083132,Left,78.09983602433567,73.31213752901022,86.76917074694575,86.48852884953158,138.5534565858734,82.67703537147099,81.37752382682447,95.19010633987637
2025-12-12 18:23:21.087106,Left,61.24368785527804,65.73513142226147,80.34808059714851,73.95580943200002,315.9725694931403,71.62245280027673,71.56655480331392,88.59952741426969
2025-12-12 18:23:21.092087,Left,119.37325930873885,143.01278526048918,155.71201852728336,137.10424111972952,13.426971870519765,136.96643081816137,144.04214666690132,160.52012514952366
2025-12-12 18:23:21.096126,Left,147.0570239491152,164.60124723344416,175.0324825074331,159.29386579735228,-199.54808560928632,158.25510698137236,165.96939151134052,178.97832533144856
2025-12-12 18:23:21.099145,Left,98.23817888679605,96.68358755964096,107.74426181368858,102.33641277936476,79.40669854427688,99.23529304173462,101.50190245348676,113.66192844377201
2025-12-12 18:23:21.103147,Left,71.93732638556139,75.45510557286616,88.04781700771218,78.28366047729651,331.5098862287159,75.47096750897254,78.7332259414361,93.32313095632526
2025-12-12 18:23:21.107151,Left,125.01473782549147,150.33774020810415,162.02289770636708,138.5603359351844,86.73193171496132,136.9230922906754,148.08498250135017,163.6525542246127
2025-12-12 18:23:21.111170,Left,164.33210262645662,189.8058613080757,199.55862809809332,176.7341210903869,-197.89287771857926,173.71247379897613,186.36280266752874,200.28017864314097
2025-12-12 18:23:21.115197,Left,120.83759098419978,126.94851774365816,136.91674593702555,127.23163222502262,5.496743541232718,121.52486560858597,126.85518526664964,140.48902119891136
2025-12-12 18:23:21.119216,Left,79.24145953706102,84.76913543997944,95.74704811401898,87.60523243818898,309.12260955188685,81.62109602821874,84.2345279892761,99.80259554769873
2025-12-12 18:23:21.124382,Left,119.71318919982878,145.93313929430587,155.15712631479983,135.2197043207052,138.68141437733357,130.5128213720236,139.76902770448942,155.06297945792903
2025-12-12 18:23:21.127272,Left,168.02428025050176,198.20507754419668,203.77893534573377,182.18255295625568,-189.42806936573834,176.42672562725784,189.35484419702698,200.89141815153562
2025-12-12 18:23:21.131252,Left,135.75495125084126,146.11018967602286,149.94147196999984,141.36038016564999,-61.05623777860092,132.5883424908534,140.00014998643746,149.39875640929677
2025-12-12 18:23:21.135275,Left,87.18929464045505,91.46954717748304,95.35691710446554,91.51805231604521,284.1216990371322,81.73787134815939,85.82087870979012,97.6295383937395
2025-12-12 18:23:21.139252,Left,118.36227633358067,142.42811766042723,144.74721617738396,129.96677005645324,201.15216637041158,121.38730741334439,131.83919366532064,146.35799600335304
2025-12-12 18:23:21.143212,Left,174.81043742052134,208.53453849547077,207.74122319834714,188.43667154037394,-151.2727082525089,179.19382684729499,195.43647702794988,209.20191979475203
2025-12-12 18:23:21.147265,Left,151.12983311478456,167.47202512258082,165.68991394845943,158.5361108303914,-106.96293041358149,145.9319707791874,158.86218479569652,171.31856389774475
2025-12-12 18:23:21.152286,Left,87.80098253775213,93.29368980380241,93.03427142828878,93.77509621357603,260.0225676552436,79.38857654920139,89.07080918719294,102.87675093091093
2025-12-12 18:23:21.155296,Left,97.24878716257808,119.55189728080586,119.58162215961784,110.7404276675079,272.7601563001517,98.06392134839552,113.84230708965333,128.7580986286921
2025-12-12 18:23:21.158325,Left,156.05162215164455,192.07373964476574,190.2143092030019,173.15470499945513,-82.27018593240064,162.00891305417463,184.68054739340732,197.14120613875275
2025-12-12 18:23:21.163255,Left,150.5355554439302,172.30362420408346,170.01793859932513,161.37395770817238,-130.8166757106228,149.3261301736202,168.82777049155266,178.2219955457258
2025-12-12 18:23:21.167326,Left,89.84776008618064,97.09717462488334,97.21297770024103,96.74572840724431,225.57940618127031,84.53890021174448,97.77508307674725,107.51901136567176
2025-12-12 18:23:21.171330,Left,87.77722315723076,108.6905705921672,110.37949472440232,100.88799478090368,324.4978803525155,91.37842801793886,107.22564574830176,118.52818490716163
2025-12-12 18:23:21.175355,Left,148.36729922053928,186.97072615890647,187.3192035020911,166.91703332474572,-17.104414047280443,159.58265587496862,181.96412980783498,191.9197950806847
2025-12-12 18:23:21.180351,Left,157.98320805211551,186.59577805554727,185.83700292928552,172.09114571951795,-160.18516540939163,163.77056115526648,184.42565036335145,191.84689892388997
2025-12-12 18:23:21.183376,Left,98.56699178698182,109.36292073430377,110.06981519758119,108.04887423697801,160.32032213867933,98.70077763685549,112.92950701332302,120.80772157500905
2025-12-12 18:23:21.186379,Left,82.06369555684796,101.36404747939378,103.2833066872845,96.80620505099068,340.66835806158633,89.36883126597968,105.04029326027376,114.8750053379481
2025-12-12 18:23:21.191380,Left,141.19238081009826,180.09779698683997,180.42964766071236,162.205251167994,39.950043256540084,156.62750041874824,179.4741728613444,188.05665125863743
2025-12-12 18:23:21.195395,Left,168.16365399450297,202.21544587027165,200.81053973917733,184.80767145715072,-182.05305821039656,177.35769314253412,200.1457048694574,205.05978722625878
2025-12-12 18:23:21.199425,Left,116.03959566712729,131.89527527350583,131.5564018721634,124.94460200892354,85.14621746346529,114.22615769554977,130.23060511265066,134.1694818121905
2025-12-12 18:23:21.203423,Left,85.00408893253189,106.23892451979918,107.58762223366648,95.67974442169361,333.5172407359496,84.49122064524272,100.09005828124646,106.1326585052011
2025-12-12 18:23:21.207432,Left,132.15869349395507,175.29846508873743,175.88170228156378,149.08742020529462,90.43476872309111,139.1500735564332,161.73909675359027,168.2964471768937
2025-12-12 18:23:21.211458,Left,163.31665184666053,206.18032473226776,205.4021640739229,178.0721588095912,-192.83905064500868,167.64985290257027,191.28391163921333,195.77615007775603
2025-12-12 18:23:21.214448,Left,111.12424020569597,133.0018575808208,133.41442274986184,119.07079269047244,14.258745027240366,107.4690309218131,123.29568462941097,127.34286928715301
2025-12-12 18:23:21.219483,Left,64.94502163049765,83.98984105078853,86.26510584639618,74.9940171999333,324.9302624980046,64.7796504364087,77.1932267670054,83.65209656889783
2025-12-12 18:23:21.223471,Left,106.30255318536365,144.6915690265596,145.64160073088715,125.13824565187679,155.6431593223242,117.51101946158451,136.11108364679967,143.81334504380357
2025-12-12 18:23:21.227501,Left,155.80127307021758,198.11869977525203,195.7813226203143,175.80442494875751,-181.99884083730285,167.90496649759007,190.24672898705467,196.489454151073
2025-12-12 18:23:21.231529,Left,118.78676334574993,141.36372553143883,138.0764178969257,132.13005999781308,-62.10051290648698,121.74288182641612,138.67953159564058,144.7052747911075
2025-12-12 18:23:21.235456,Left,59.83829915204842,75.68826295723557,73.60640526059433,72.44004874714301,287.5412508075242,61.60458595084492,74.7547427524405,83.56994665900129
2025-12-12 18:23:21.239512,Left,82.36697770963656,117.28580989659531,114.54452831251547,101.84041070539388,213.89488243270898,92.61781131720636,111.2811771548877,121.62475328161963
2025-12-12 18:23:21.242523,Left,138.30328450899106,182.7973832390271,177.14194643794326,158.7421283776057,-140.7518713445461,148.99757541588042,172.62130292883376,180.6570563968853
2025-12-12 18:23:21.246561,Left,120.20456194120925,147.28916673953063,140.18948791109142,132.50922512012767,-109.29478736378951,119.73201716301264,139.02909059310332,145.11760483079706
2025-12-12 18:23:21.251596,Left,61.33497108775191,76.94896182094817,70.58412726793904,69.89078863887698,248.87684264902782,56.15960339186131,70.79806033923524,78.84525393904187
2025-12-12 18:23:21.255496,Left,70.78721993716317,102.40707642934285,95.4244667844614,85.22824829330784,259.9482935722626,74.16581613154267,93.63333623859216,103.98149897070834
2025-12-12 18:23:21.259615,Left,127.48342473019147,172.365857953846,162.5338048239355,144.89517046991386,-100.19250156974886,136.06044333340833,161.88264303139294,170.67409293155652
2025-12-12 18:23:21.263599,Left,120.39209429218317,150.678578415449,139.41674369230168,131.25866400069208,-159.6697147302184,121.85776910861023,144.63429630355677,150.6429642982257
2025-12-12 18:23:21.266612,Left,59.134854465781245,74.25715094601037,64.39301268366398,65.62753807043191,189.93104051577393,55.76329216803424,72.83777964499313,79.15692671449506
2025-12-12 18:23:21.270609,Left,57.86015354515985,85.69123515748652,76.49360851862002,69.84789355192333,288.7726623531489,61.4325052156928,82.01276154135121,89.87414632635773
2025-12-12 18:23:21.274634,Left,120.99589759550872,165.28890950483037,154.04257789580151,137.24139056092827,-55.59132268742542,129.17248187883524,156.93543465039693,163.49377321143402
2025-12-12 18:23:21.278586,Left,133.08105362037895,165.74876595835667,153.07060066465056,143.11700072415988,-205.5674930196401,132.42796811647713,157.97349720163038,162.11744615292992
2025-12-12 18:23:21.283688,Left,73.47127950788126,86.67562499982887,75.76388848817442,76.89122973955818,115.8034926536493,64.02988284669118,81.503682680981,86.55290974359377
2025-12-12 18:23:21.287659,Left,54.79246102223988,75.8317771583097,66.93696305065532,61.93852910294663,307.7636999189708,50.08724154916126,67.35020390458521,75.3039666666009
2025-12-12 18:23:21.290665,Left,112.28410157645703,153.4179557671887,143.66324790980434,124.93587198748719,14.78606890111405,114.22169833784574,137.89602383458987,145.83612162899226
2025-12-12 18:23:21.294678,Left,137.1924019921571,173.86269015728612,162.72688332991675,145.25041770245298,-211.83273761815508,132.57003699522465,155.81000203560689,161.24863027918036
2025-12-12 18:23:21.298718,Left,79.52031999005703,97.21728242980316,87.65425995408441,79.99377519931295,50.44815241957258,64.95717775024241,80.43935018061893,85.88199266319862
2025-12-12 18:23:21.302691,Left,41.85432575386949,63.60768097770051,57.00273078022292,44.81328452794696,303.8408113955229,30.79578027356183,44.474863148876466,52.927633736340795
2025-12-12 18:23:21.306645,Left,88.74811743112514,131.75516077780048,126.09332319768146,99.0031667695439,64.32665383917629,87.37735812048777,107.41447693129885,117.15162929886719
2025-12-12 18:23:21.311718,Left,127.33931168337585,170.01267952521448,164.13338931981707,135.75913088698871,-229.84502193245862,123.98487571097212,145.73055087469402,153.78335908139707
2025-12-12 18:23:21.315759,Left,81.35207340470515,102.57048587893951,97.92635187128326,81.78575921533047,-37.39014134656463,68.60227255895734,83.72732575744158,91.28327443898888
2025-12-12 18:23:21.318741,Left,32.68236833901028,49.90063435016782,46.35736507808906,32.92886943297344,273.96640846977243,20.787681328103645,33.0918237278529,42.63011431560153
2025-12-12 18:23:21.322751,Left,66.87493066379102,102.00831643654965,96.08522748274845,73.59685906328377,118.58338020507654,63.91770160343731,81.78293462266447,91.61311491546803
2025-12-12 18:23:21.326711,Left,113.52597771259025,150.88978200423298,140.69767680947552,119.73821995468461,-208.49736557689903,109.98848474156694,129.8340711898636,136.69312066223938
2025-12-12 18:23:21.330766,Left,80.01790009441902,95.38123071898008,83.63351375306956,78.58234920474933,-84.94629624855588,66.73764962167479,79.12932354881195,84.11175594903762
2025-12-12 18:23:21.334784,Left,26.197493794752518,32.57815849836334,21.940534834197024,23.69822672236478,270.48419936952996,11.693824361020233,19.160125309572322,25.727007387496997
2025-12-12 18:23:21.339785,Left,52.96563542599324,77.28869147854857,66.30244818492793,57.73844953547814,204.375079079633,47.27250900914078,60.550738847232424,68.1790354217519
2025-12-12 18:23:21.343826,Left,113.88901525034453,147.90719593080576,134.67108564640512,120.71035384316929,-151.1557461519551,109.4569989136362,128.61422144892276,133.87026050727582
2025-12-12 18:23:21.346822,Left,101.09804430103395,117.97366056754254,104.46142842250993,101.44807440214208,-128.9654929527751,87.38591424369952,102.21342716304935,105.19484186673071
2025-12-12 18:23:21.350767,Left,43.99790555177606,49.137671520293225,38.10556148542673,42.936925092188176,222.76981905281718,29.022301281860564,37.57521716100746,41.76295479977853
2025-12-12 18:23:21.354830,Left,50.37203899116139,71.34970882008201,61.68970928169438,58.33075973467203,232.7910147774528,48.417092211864656,59.55720575948362,65.40578958194237
2025-12-12 18:23:21.358852,Left,102.18055569633725,136.91722000666778,126.05315536414855,116.47349792567547,-131.43222446969594,109.28155458913534,125.40708383882884,129.57139947413816
2025-12-12 18:23:21.362862,Left,89.99524852185277,110.50965185544919,99.22790796682239,100.18868809152627,-196.93069065925374,91.86305151719716,104.58439518389059,106.25662731635384
2025-12-12 18:23:21.366870,Left,21.936525950499345,26.666773798235226,17.343262668000534,28.847663178225048,158.1290166277031,19.303612373274518,25.789238199562533,28.378649783699075
2025-12-12 18:23:21.371881,Left,13.35413706523832,29.97835973391193,21.67365948369843,26.170003803359577,275.32000941036677,18.143146802147385,26.855285455094418,31.843811635073507
2025-12-12 18:23:21.374888,Left,73.1896632721182,106.65800390637014,96.49788037338294,90.4406728077156,-55.3680079758924,83.82965499219426,98.61068223210168,103.08268654113635
2025-12-12 18:23:21.378893,Left,86.89267313742312,110.07807561926893,98.46009098784998,97.32881382395863,-206.98234424072143,89.53360959730344,102.10852632959723,104.59720301927882
2025-12-12 18:23:21.382920,Left,29.505749349627877,34.0997343416966,23.994001613900764,31.618048668722622,107.49402953856043,22.729401949283783,28.119293080206262,31.765108194347704
2025-12-12 18:23:21.386934,Left,10.2801826751529,22.689287717133993,14.427374265651451,14.450653225998394,297.9517654209776,7.033723218279192,13.16180190461455,20.16633361420827
2025-12-12 18:23:21.390928,Left,66.02690748003079,98.49518817066564,89.90211655627354,75.748459516617,4.401965863580699,69.58807432744652,82.789348345279,90.45417695774813
2025-12-12 18:23:21.394974,Left,91.56508480665798,119.90372526453575,111.43107918932219,98.65979755460285,-228.11006203824945,90.79735031328164,103.98325624305289,109.68564536361373
2025-12-12 18:23:21.398924,Left,37.293777967468486,46.53794788583764,41.36740130337421,39.03816404263489,28.13466822473856,29.557447357132332,35.0770662415307,40.828106717497576
2025-12-12 18:23:21.402991,Left,2.5312008487817366,14.569314066960942,12.861959240195574,7.488563707927824,281.20644064787484,0.21073805318155792,3.503251043614,11.601952380500734
2025-12-12 18:23:21.406997,Left,49.04538592661265,80.37331209154218,78.07709563698154,60.42170105324476,42.6057847050979,56.63354089636414,65.48166740534361,73.51696489355527
2025-12-12 18:23:21.411015,Left,84.57420233327139,113.78417258607806,108.54943884880049,93.0927852003806,-253.6727585929184,89.40374485211214,99.28201411214832,103.93441150424769
2025-12-12 18:23:21.415037,Left,35.611403600880294,42.253922738309484,36.17625575372949,36.30125447027967,-60.37766569083033,30.365306606545346,33.442945549992146,36.084544478188036
2025-12-12 18:23:21.419042,Left,-13.816276187484618,-11.339192948304117,-16.589572460216004,-12.024059741728706,258.87521048405324,-18.284084711325704,-17.648318130188272,-13.88195746493875
2025-12-12 18:23:21.423054,Left,22.52138885129534,43.96526815020479,37.55471270134149,32.18355877439899,108.24581850506365,27.260178803335293,34.42005328810774,38.350744463765295
2025-12-12 18:23:21.428061,Left,73.22141871457279,98.78608932282077,89.61428797717963,82.94499942305265,-227.97183635157126,77.4791079088609,87.90791032010748,89.11961324175354
2025-12-12 18:23:21.431071,Left,42.27379855129402,47.32185771613149,37.43317907268647,43.79495678638341,-119.05100561169093,36.44730430812342,40.12767995939066,39.78039285897103
2025-12-12 18:23:21.435082,Left,-13.259803892171476,-17.001036017987644,-25.648221763331094,-14.11465099013003,232.59141725159134,-20.778199374006363,-22.677088634329266,-21.08256282302318
2025-12-12 18:23:21.439055,Left,8.628085327261942,22.034795426094206,13.030805258997134,13.726031764614163,172.50219704375922,9.95611326166545,12.239995143725537,15.175780822362867
2025-12-12 18:23:21.443111,Left,63.9333943620004,85.94586758778314,74.92485750898777,70.20140781301598,-179.83823514567484,66.83621884872264,73.67896774497058,74.08621499000583
2025-12-12 18:23:21.447115,Left,46.43131683795946,50.27923796666437,39.336064024595544,45.461605702730594,-157.10255299631535,39.056229675290524,41.64524506752787,39.23234667208453
2025-12-12 18:23:21.451257,Left,-11.668046224571299,-20.291484590648906,-28.604985494413995,-15.584084199013887,202.04476210557186,-24.03244809577882,-26.1803317398153,-27.638171161088394
2025-12-12 18:23:21.455160,Left,0.15034944638318848,6.983853395009646,-0.20366513216868043,2.328831234975951,222.2212541623885,-4.933777312136954,-2.5682034453056986,-1.8414025020902045
2025-12-12 18:23:21.459198,Left,61.830041162858834,81.9560824194923,73.01514614578628,66.3829157834407,-144.03636276772158,60.484499580052216,68.81771348824259,68.96871692378772
2025-12-12 18:23:21.462209,Left,57.503670737482025,62.28522075197543,52.445910597482,54.03537914234039,-224.27291575341224,47.6738346919301,52.435788357426645,51.391467808702146
2025-12-12 18:23:21.466277,Left,-8.785108422191115,-21.288238070803345,-29.143418525869492,-18.455993332710932,119.30561477987794,-24.725722174465773,-26.37742787710158,-25.323923955773353
2025-12-12 18:23:21.471264,Left,-19.21338816410571,-20.73486388703168,-26.917357993253972,-24.44965705316281,235.4645582547455,-28.87212092419213,-27.499730670606368,-23.26935851975577
2025-12-12 18:23:21.475278,Left,39.85902166701271,55.21334244584432,48.14239707484376,39.0974610549456,-95.28015055869037,35.116832066574716,43.891836371374666,47.81545828851813
2025-12-12 18:23:21.479235,Left,54.1042175332841,59.56587520800531,52.05100678080635,47.968891142561915,-250.89145745072892,41.35084868551348,48.59986975551874,50.26367449056124
2025-12-12 18:23:21.483216,Left,-5.188084077264648,-18.09603701128799,-22.917978937985026,-17.28818375650735,64.84137928709242,-25.85327354056062,-26.141767018998507,-23.93223122994823
2025-12-12 18:23:21.487262,Left,-29.535257341398392,-34.422064597689314,-36.05810484086396,-37.437770586431725,265.8242154533218,-44.16070742403099,-44.287508272129344,-39.55886349192588
2025-12-12 18:23:21.490206,Left,22.126054735854268,37.70116629813856,36.69764002154989,20.563553108484484,-19.596199080850056,16.346957046276657,23.477255287740263,28.04095375734323
2025-12-12 18:23:21.495255,Left,47.15195975951792,58.73112219545874,57.898944857151946,42.399386475706706,-253.80524471122772,37.441358089476125,45.64673555146146,47.860756856098305
2025-12-12 18:23:21.499278,Left,-7.478546805126825,-15.648805037635611,-13.913537102256669,-18.2570264681126,2.2592943905838183,-25.12028892626404,-23.20451102453808,-20.522450273056165
2025-12-12 18:23:21.503294,Left,-45.43684577119711,-51.63150573107123,-47.363800033330335,-52.47429182338237,267.3899728342367,-58.492095099667495,-57.71055638282269,-51.51504341796681
2025-12-12 18:23:21.507295,Left,-0.4217926435521804,12.812163753376808,15.731738774324185,0.6158051226957468,42.10387706272013,-3.245554059940332,3.7144661920901854,11.084248894359916
2025-12-12 18:23:21.511292,Left,41.250788389843365,53.11646607988223,52.46443603921216,40.58637189268484,-256.32962554196274,36.513079228723655,44.47026967565762,49.00681038138282
2025-12-12 18:23:21.514292,Left,2.840827273175819,-7.971360967872897,-10.063658807514003,-6.261821242143924,-76.19609457374463,-11.58915421810525,-11.348778580504586,-9.035411217613728
2025-12-12 18:23:21.518348,Left,-40.15083395318652,-56.316641418568906,-58.07154463099141,-49.74295851877832,235.0310985496326,-53.4717312143257,-57.18674229345197,-54.180273353122175
2025-12-12 18:23:21.522358,Left,-3.9817517363117076,-2.2450426371215144,-5.432408369895711,-6.522168862815306,82.42942012357526,-6.7625931831717025,-5.285602578238468,-2.326711068424629
2025-12-12 18:23:21.527369,Left,43.21431463480985,48.72227324392588,42.829752111196285,41.377709160173254,-259.205471915564,42.367340925986355,46.42039939534152,46.707438177094446
2025-12-12 18:23:21.531314,Left,7.251758178892487,-7.785156047728378,-13.813582230024622,-1.08447403160244,-156.238198101717,-0.8972832859071787,-3.792244793388818,-4.784837945953768
2025-12-12 18:23:21.535351,Left,-54.60468380407838,-78.05532356337062,-81.65408422783366,-62.91255459219974,199.64179518739547,-61.68759722624236,-70.16579967817961,-68.56764182261395
2025-12-12 18:23:21.539357,Left,-37.74075070290564,-42.49360155067552,-45.06171373674442,-37.30123425331112,150.47901917628042,-33.1931625828438,-37.54176606198598,-33.52643853236077
2025-12-12 18:23:21.543373,Left,17.518716994578426,24.011391724947316,20.345924600180297,21.534010675131867,-198.66996426054538,26.247996547273942,26.150175294438668,28.92981387781765
2025-12-12 18:23:21.546377,Left,4.01166320595803,-5.420657995142392,-8.763659084121173,2.0220542291208403,-181.48499092369457,4.290219716720458,-0.6388892605391447,0.47733638600766426
2025-12-12 18:23:21.550395,Left,-51.39135517222894,-72.62001283900463,-73.45746357522148,-56.31891265990271,177.7282356349533,-55.53373734222987,-65.82116777355986,-63.127409004358924
2025-12-12 18:23:21.554411,Left,-40.22998108508909,-46.31188125474,-46.2549630795329,-39.785194735537516,209.11417901896493,-37.95855145746464,-44.07356132160203,-39.3780425906516
2025-12-12 18:23:21.559429,Left,21.558749830321176,28.776675920984417,26.86322913858021,23.45863693688443,-145.70992939792632,25.45155765020172,25.432786283701716,28.632522774496465
2025-12-12 18:23:21.563450,Left,21.784830421587685,14.438249701401219,11.65216596092796,15.148337815699051,-222.03162446486385,14.897101865150034,11.692010866034252,12.376888778962893
2025-12-12 18:23:21.566459,Left,-37.96099189411325,-61.276745386901894,-61.6239099274535,-50.22452291420632,122.76276989211692,-51.60656968781768,-61.04580314474151,-59.469080108523485
2025-12-12 18:23:21.570479,Left,-45.42511905250285,-55.91956624543673,-53.85263907551416,-51.241951427637105,240.37051819497356,-50.66401827527079,-57.12208400369491,-52.85902861558861
2025-12-12 18:23:21.574511,Left,10.517489775913418,19.16156333813342,20.94838761633946,12.174524833928444,-94.17967616686656,14.306478687940398,15.511655437749141,19.89374682476773
2025-12-12 18:23:21.578490,Left,17.227164043029916,17.703241685256216,19.11786262733949,16.35079116938141,-258.2162187700087,17.197618585585587,17.49232528543871,20.384733339848026
2025-12-12 18:23:21.582520,Left,-50.3328745002691,-68.0168719787871,-64.45984614325062,-55.398250775160705,55.810559805755474,-55.09342525722241,-62.23224440871854,-58.42792524140532
2025-12-12 18:23:21.587510,Left,-79.28295457671265,-90.00323811847193,-84.1681659958158,-79.47007746223971,265.3155400514588,-75.78693360746911,-83.81423897134664,-77.7048881697956
2025-12-12 18:23:21.591532,Left,-25.59701696774573,-17.374914349624305,-11.924445238928456,-19.660216718246375,-13.388210818106018,-12.239121972466819,-14.688243048571167,-9.39361379179536
2025-12-12 18:23:21.594535,Left,6.6430578267681994,9.16303432901259,13.618348820007668,8.25679545361345,-250.61137112055803,15.11534093964292,12.519494383550409,14.311178178966657
2025-12-12 18:23:21.598547,Left,-39.71842663133066,-58.60457043304996,-52.91780573025244,-45.78561831179468,0.45312254066448077,-41.94909470345738,-50.95273126277243,-50.49777455192452
2025-12-12 18:23:21.602567,Left,-70.85779819360323,-88.63988945748679,-81.51999701181194,-74.35174334944895,265.0949446616796,-71.45141589385639,-80.74978846934209,-78.91496489178098
2025-12-12 18:23:21.606515,Left,-21.889535713818987,-19.849631942899578,-14.379219105951051,-17.154352361571,37.696405172722734,-13.468610525560507,-15.604330591310827,-14.098399723574403
2025-12-12 18:23:21.610566,Left,18.544092724638176,20.443117283460197,22.916378617243026,22.92878687391385,-267.5416405141914,26.165952098854177,25.250212229628232,23.870291855828327
2025-12-12 18:23:21.614594,Left,-26.762889498990262,-46.26379370255199,-44.22929061087234,-29.459774963601376,-88.06563333473969,-26.601989231125117,-35.96444014069948,-38.35604289524599
2025-12-12 18:23:21.619606,Left,-78.15323044193701,-101.8042951708444,-98.4366050118283,-81.3257622187457,235.9393947201188,-75.48299992780267,-89.67012372894351,-89.82537395730378
2025-12-12 18:23:21.622613,Left,-46.366346106532546,-50.429653392683235,-47.66650888896379,-44.03916560205016,97.86868901598427,-33.73251155092839,-42.635886861568565,-41.73172487749798
2025-12-12 18:23:21.626622,Left,2.1919739857603417,4.169279148645046,4.775587269166294,3.1003759129331456,-242.19466639370512,14.299597969893512,9.216729352674975,7.9715576586927455
2025-12-12 18:23:21.630627,Left,-28.524371650900775,-45.02271294338516,-44.44912996794392,-35.75672276513717,-147.57710985963968,-27.21151259833914,-37.737249711715776,-40.05222994317117
2025-12-12 18:23:21.634649,Left,-83.01703073633087,-106.74321780923583,-104.12055192518073,-91.1953066970832,201.35482712416342,-84.22932035778535,-99.27663601827408,-98.84577347345612
2025-12-12 18:23:21.638667,Left,-58.176902384468804,-62.97643979221539,-59.98365799745079,-58.48637984043671,146.5637554996665,-51.10814884371783,-61.12530546134985,-58.11974944729582
2025-12-12 18:23:21.642674,Left,2.226704438519846,7.920136589607864,9.170481552142519,4.086844713169739,-212.12632373958786,10.20694855393549,5.448268654370622,7.25148738830012
2025-12-12 18:23:21.647697,Left,-12.103215038567214,-23.964652215059687,-22.839631684317283,-18.07118819263087,-201.9918708791729,-15.323988629124415,-24.48450564376799,-24.685845566900753
2025-12-12 18:23:21.650751,Left,-72.33789193526172,-97.45109690969912,-93.93089847019291,-82.27015771205151,162.17559454356797,-80.69147410523328,-96.01009634779439,-95.4137958131032
2025-12-12 18:23:21.653712,Left,-64.15233544162584,-73.91580501371936,-69.11974551034473,-67.54655514739898,203.03005001264364,-63.56843123235285,-76.09810388201913,-74.36928164340316
2025-12-12 18:23:21.658737,Left,-0.7604435410121368,4.5524956740264315,8.111222897547123,0.4184119146248122,-154.16734545036024,6.233442872417072,-0.9389919417553756,-1.2127450252628478
2025-12-12 18:23:21.662736,Left,1.8219817863428034,-6.1953723380793235,-2.9258637053135317,-2.723944679222768,-243.32085303467989,2.306128128671844,-7.89226751071692,-10.641831362494486
2025-12-12 18:23:21.666678,Left,-59.673439216239785,-84.66224499876625,-78.92656805341903,-69.57703864624273,95.99808092381181,-64.22501626084886,-80.28171274247143,-81.68926953107803
2025-12-12 18:23:21.670754,Left,-71.34964667338318,-85.95893108203381,-78.38764772989089,-77.20652824305216,220.76817189463213,-68.150642404873,-81.03399209575218,-79.35741879075431
2025-12-12 18:23:21.675761,Left,-15.066318202139882,-12.498931319969415,-6.186231735788169,-16.83420353784095,-109.15929092733086,-4.768757397761874,-9.78889314260232,-8.194001769214083
2025-12-12 18:23:21.678776,Left,-0.05933224624641298,-6.555793955940317,-1.6668903898607823,-6.991296268635779,-281.1430638323104,3.689813250573934,-1.8861109427271003,-2.510656659687811
2025-12-12 18:23:21.681788,Left,-55.822944588744576,-80.80345712620692,-74.69178958035627,-67.98245524525191,22.14082734396152,-60.23827979905036,-72.78901919807686,-73.01244081573532
2025-12-12 18:23:21.686803,Left,-75.66484024173769,-93.30007981268864,-85.85715363515556,-82.28335449153747,228.2283312354566,-75.05875912155352,-87.95403921247998,-85.71878823412771
2025-12-12 18:23:21.690820,Left,-17.101467876360402,-14.312374278175412,-8.519287776114652,-15.626232482532942,-52.296500574501806,-8.04166770978918,-14.934932966265478,-13.103521023873327
2025-12-12 18:23:21.694823,Left,17.15750000972912,15.935455785562226,19.277642981298413,16.598574857402127,-295.78892905952125,22.344010450742644,15.069461247887375,13.439707683948654
2025-12-12 18:23:21.698850,Left,-29.34495143289314,-51.55206917542091,-48.039362248644466,-36.24584565967962,-46.718939072940884,-32.86410758778584,-47.72192687023198,-51.01721015022849
2025-12-12 18:23:21.702866,Left,-61.89914908599894,-83.83255379225011,-79.07443386199157,-66.49662372153398,228.1394688880755,-62.89854329027003,-79.57753687416698,-81.61703967882931
2025-12-12 18:23:21.706871,Left,-13.752084706797177,-16.604632818867685,-12.842932231316809,-11.63855675931336,14.048885846774283,-6.9663600096755545,-17.213250051812793,-19.20726257840579
2025-12-12 18:23:21.709885,Left,27.232031329145684,24.32557961680868,26.103572945336055,27.210799513210077,-286.51930752765657,30.30991134348733,22.12640189036756,17.73716063291795
2025-12-12 18:23:21.714881,Left,-17.054244992777967,-40.71489016205305,-38.597397467456176,-25.13067906804281,-107.18431171796692,-24.68697514530504,-39.03156034769927,-44.294834597698355
2025-12-12 18:23:21.718840,Left,-67.23547386418068,-94.03581929702341,-90.42680499175185,-75.34180052094234,220.72702820106315,-74.418996597753,-90.82483603637229,-94.06433352362365
2025-12-12 18:23:21.722909,Left,-32.43619317521734,-38.259209416522935,-35.74106934633892,-33.594290667671885,86.7631426543212,-29.74471778426596,-38.83872056616383,-41.337183748575626
2025-12-12 18:23:21.726915,Left,21.309229262100416,22.563224528821593,22.163171578809852,19.829121436312562,-256.9890694947353,24.762642597248487,20.222019279099186,15.123935379400791
2025-12-12 18:23:21.730937,Left,-6.3079372723987035,-24.052963181115047,-24.940752113870985,-16.356654745846754,-167.38019818562134,-12.256600741478906,-22.43485092775518,-29.334413489385042
2025-12-12 18:23:21.733948,Left,-64.59660901471943,-91.53883826267702,-90.17288883399306,-77.2387207847205,187.9310916192244,-71.8594159848326,-87.08395677916269,-91.98347480947268
2025-12-12 18:23:21.737949,Left,-48.86889590050487,-58.51476347273274,-56.07989314261795,-54.87381984462991,147.1482169904466,-45.78239972200754,-56.53040632709599,-59.099831274063035
2025-12-12 18:23:21.741994,Left,3.4158108995543444,4.2646347638146835,5.621977834802237,0.03900733685441082,-205.16280685945458,10.89903677993425,5.0335165299184155,1.7170381750838715
2025-12-12 18:23:21.746976,Left,-14.511878846642503,-30.227652279289032,-28.810226709487324,-23.959425447756075,-198.03862586820287,-14.611827200336847,-24.65585593711876,-28.965109450939053
2025-12-12 18:23:21.750981,Left,-74.99146268056938,-103.16953257916612,-99.71443348748289,-86.87616762732068,165.6787672268747,-78.51199576272847,-93.32344613315945,-95.53532052866649
2025-12-12 18:23:21.756021,Left,-65.32445517861197,-77.6035700624634,-73.56850918110285,-70.49160199202015,211.18451312346042,-60.83161214496067,-70.23825148639298,-70.06828129933274
2025-12-12 18:23:21.760039,Left,1.041425688068557,4.6712542684108485,6.662775009775942,-0.5831252621865133,-146.261049228724,9.52063437914694,8.25667288483237,7.294144104271254
2025-12-12 18:23:21.763046,Left,6.779749488916423,-1.9627839016538928,-0.9649853756491211,-1.7124392471596366,-242.01367383919023,6.56764257038958,3.8525700422396767,0.6684659020829713
2025-12-12 18:23:21.766042,Left,-54.091749178711325,-79.06553935189731,-75.9395468499788,-67.88293779079686,96.04924465593467,-60.181804700427165,-68.61319558446849,-70.8874516357464
2025-12-12 18:23:21.770058,Left,-68.3186765217688,-82.06558829190908,-76.76438164577121,-76.15714430285152,228.96290860281442,-65.73968822677125,-71.4326912507604,-71.54143386170472
2025-12-12 18:23:21.775055,Left,-15.214095527437166,-10.616108019807143,-5.391633288854791,-15.969895268142864,-94.23131138273675,-2.8872284611861687,-1.2319013855812955,-2.5046668207651237
2025-12-12 18:23:21.779074,Left,-1.7832697376652504,-5.43131735825591,0.1368395082099596,-5.3211951007760945,-266.8697276486746,7.622624394520244,7.816783626978577,3.2141592827101704
2025-12-12 18:23:21.783095,Left,-58.403087112390494,-80.65418674637476,-72.12843070299277,-66.39339346451743,37.177791371348576,-53.90002981256839,-62.11226516532042,-67.45972581048409
2025-12-12 18:23:21.786095,Left,-80.17123028230708,-95.55500894113356,-84.52599942257075,-82.93516247853404,251.14046725336084,-68.87727786479081,-78.77930902902153,-82.69966988682427
2025-12-12 18:23:21.790106,Left,-23.771292286241078,-18.467970987367153,-8.545659686591534,-18.800763679551892,-23.9736183434361,-4.217411511708633,-8.691916136791406,-13.553961157878803
2025-12-12 18:23:21.794061,Left,9.59330997273355,12.107705042719317,19.90046715207427,12.474391864874633,-272.0600905741776,23.30222825918463,18.564609961489623,10.604169386300782
2025-12-12 18:23:21.798136,Left,-38.157815929007484,-55.1442465477885,-46.57244445320248,-41.65032414560119,-27.724404269429215,-35.89078753524518,-48.045032813541184,-56.37111971683771
2025-12-12 18:23:21.803157,Left,-73.5094034005233,-88.80907285935973,-77.96317716601334,-74.76575922856136,251.83567893775398,-70.70795929637097,-84.67306273204304,-90.12974373509496
2025-12-12 18:23:21.807188,Left,-26.275810253930103,-20.943585252651246,-9.839739613707934,-20.68291192904144,41.770166494166915,-16.14497177420708,-23.424208420146897,-27.603019894297177
2025-12-12 18:23:21.811233,Left,17.744726010678278,24.287033190419606,34.87417878830456,21.48229005940084,-267.09225965285805,24.612005200273416,19.831968421181955,14.334736116790737
2025-12-12 18:23:21.814234,Left,-24.059714687697124,-38.12127764963225,-25.340556443712558,-28.1095747344516,-97.95095090911491,-27.584032191167353,-38.59254400598729,-43.15981908790127
2025-12-12 18:23:21.818221,Left,-76.52343536153057,-94.40427884540986,-77.98575253787567,-79.90133334202983,233.3164899871481,-79.51052888225968,-93.12611872587149,-92.87103421449137
2025-12-12 18:23:21.822168,Left,-46.07597871067992,-43.413555078426725,-25.95945232646045,-40.793042690173024,109.54744760920585,-38.69799076856725,-45.0138392423396,-40.92647667200799
2025-12-12 18:23:21.826209,Left,6.337497660359077,16.10035312389664,32.591534846273134,13.704635952912213,-233.35480746922622,15.637549076396681,14.828262512142828,18.87097554072534
2025-12-12 18:23:21.830218,Left,-18.713098713909858,-27.946179203870997,-10.223588612148887,-17.753375642118044,-150.40423276730507,-17.400706946238643,-22.731624003354227,-18.853260710959148
2025-12-12 18:23:21.835229,Left,-72.81748309515388,-90.97461233224749,-69.79391935610329,-72.89638238870975,202.4338257427371,-71.69743821275188,-81.41291421699862,-74.99166438757675
2025-12-12 18:23:21.839239,Left,-52.202825448483054,-51.869142862415174,-29.350016576747294,-44.514340656402055,160.1111491201882,-40.44921389701631,-45.01914489969204,-36.96793988551508
2025-12-12 18:23:21.842248,Left,5.816130735322076,18.069572034786688,38.73750116989686,16.500788297023973,-203.23279358055515,20.671265454286186,22.10494507500698,27.65631074050907
2025-12-12 18:23:21.846203,Left,-7.521227415629255,-11.776099159978912,7.613649222374079,-3.867584241583245,-209.29006451673195,-3.226781016419409,-5.092685733856342,-2.652449557877844
2025-12-12 18:23:21.850319,Left,-67.29072305076261,-85.72326929402334,-65.49653806061542,-67.96831371609005,156.29109455219077,-69.49917774616915,-76.80072838981869,-73.99980431843869
2025-12-12 18:23:21.854229,Left,-60.2826054486286,-65.24632451453363,-45.158839066672954,-55.91501867039187,216.78894458535797,-55.47137935288629,-60.03071048496349,-56.01680276027764
2025-12-12 18:23:21.858295,Left,3.2557065358923865,11.930197957000928,29.675349217955954,10.389589554550184,-130.7165605886148,13.565744399573305,13.519380742232897,15.364923055953113
2025-12-12 18:23:21.863261,Left,8.398268793673196,2.6019341749924934,19.345463838253636,8.493148395747994,-226.33952084228076,12.266783972365374,7.631841933194664,5.986041491829383
2025-12-12 18:23:21.867371,Left,-49.78623194908141,-73.71867729321093,-54.77680592364777,-55.25205046165502,113.42930064031316,-50.76107080261136,-63.0889506793319,-65.0549333514864
2025-12-12 18:23:21.870338,Left,-57.339143306911865,-71.3710203465671,-50.62678466077341,-57.75413884608133,250.13932801462943,-50.57882259447797,-60.92659154043213,-61.4143376021093
2025-12-12 18:23:21.874350,Left,4.849065433460055,8.279471749570803,27.66862062070868,9.65658538180287,-80.83057392054252,18.502589223258838,16.019698137883097,14.197828616088373
2025-12-12 18:23:21.878355,Left,24.320799864864966,18.21771165759128,36.0027840492985,23.676682039244042,-272.1030591171475,30.94347896391264,28.578865521740227,23.356495826599712
2025-12-12 18:23:21.882370,Left,-33.62585241018678,-60.188451427464315,-41.235962857965205,-41.23415913441568,22.318761277263548,-35.52614737810654,-44.40252585585404,-50.44310870967456
2025-12-12 18:23:21.886321,Left,-61.46687694010325,-82.52090557409247,-61.97107971664809,-64.99688109814451,242.5343838596491,-57.735615575147676,-66.81978764736414,-71.27397061593365
2025-12-12 18:23:21.890392,Left,-9.984563520483789,-10.645462166532525,8.92392364089028,-5.455957843485521,-27.028064924492355,3.572294538549613,0.7437583916762378,-4.299203958064027
2025-12-12 18:23:21.895433,Left,21.340237406737288,17.671447344742774,35.78246965834114,24.468592499797523,-279.2244747927507,31.58832716714096,28.80070996354334,20.738755212201795
2025-12-12 18:23:21.898415,Left,-27.73524118889327,-51.93776924890699,-32.59334335929452,-30.736945107928477,-34.78428810935657,-27.268173779266363,-37.338504227816884,-46.250206857446756
2025-12-12 18:23:21.902421,Left,-64.53123965767736,-88.17464635310898,-66.84314875287964,-65.24043604920735,258.3096130597951,-63.03597360394633,-74.5511693004155,-81.35190080325992
2025-12-12 18:23:21.906447,Left,-16.964365835832723,-20.069381084453198,0.2814132176354178,-10.58996302903688,60.81062357224437,-8.030720344475412,-12.164691919191682,-18.426495275547495
2025-12-12 18:23:21.910438,Left,30.264914008359483,28.999636554304743,46.6287633319007,34.93722328994045,-250.78509745508927,36.23321796961682,35.250599541053816,26.643687359894102
2025-12-12 18:23:21.914394,Left,-8.210994834349549,-29.97553117496136,-12.91619458040077,-11.501872543092759,-90.12165373390235,-11.90105471721472,-19.156008422120067,-28.533743079395208
2025-12-12 18:23:21.918479,Left,-60.801969269581605,-86.97131970286136,-68.89155271687196,-63.589536432635214,242.6296583782423,-62.44397069039405,-73.43636006010638,-80.07933708032942
2025-12-12 18:23:21.923479,Left,-32.88813742696948,-38.64266800577025,-21.796234309935244,-26.879128339351155,125.47079396218032,-22.135051500663394,-27.528267984176637,-32.11010565388278
2025-12-12 18:23:21.926467,Left,18.76785580861906,20.954292812893982,34.42608795633714,26.953811316896463,-219.39162563270656,32.39777793509711,31.49811353739642,25.804548211483052
2025-12-12 18:23:21.930491,Left,-3.9767699807853205,-20.082632641693635,-8.344083438045345,-2.7016497850054293,-143.04060470270997,-0.07490812291507609,-5.019003846253327,-11.336183831095695
2025-12-12 18:23:21.934467,Left,-55.156181661026494,-80.85631934130652,-68.89695425227546,-56.24462246238545,212.35901027827276,-55.57962502700684,-63.42223151286453,-67.15713392417092
2025-12-12 18:23:21.938513,Left,-33.07099315238884,-41.89316253988363,-31.24801742062118,-28.226972261225455,179.29333675327143,-27.109854724745674,-28.49634041261743,-29.875946041407587
2025-12-12 18:23:21.942524,Left,25.04154559384915,27.235295652557397,34.75755148366443,31.459973736717075,-182.8723377629467,32.292298660293454,37.28089219523099,34.8872912331135
2025-12-12 18:23:21.946575,Left,10.314241482534271,-3.3481052084025578,3.0146013123594457,9.617788368821493,-196.8117924883045,8.575607236758515,9.84294011034217,6.089169415892684
2025-12-12 18:23:21.951558,Left,-53.108902080006374,-79.15593687813089,-71.31073362550524,-56.75710422289558,164.75288815144813,-57.67455291124497,-62.16874381148227,-64.25288245344564
2025-12-12 18:23:21.954560,Left,-50.297431320934265,-60.362552322993,-52.43062066944549,-46.80429496491706,226.4811288263918,-44.504866040653724,-45.48552457327605,-45.63963899265218
2025-12-12 18:23:21.957580,Left,11.864092949195765,18.3300590420331,23.465267131141445,19.658750487004,-126.90889379386135,24.15329436679167,29.730561834701803,28.060772272961913
2025-12-12 18:23:21.962588,Left,17.92617710313789,12.325712003337685,15.671819408533338,18.66088368916826,-235.55704142483228,22.001840245931817,25.42418855572032,21.355567421604064
2025-12-12 18:23:21.966601,Left,-41.12324386495311,-63.257037000439595,-58.367376883623365,-47.05445734947716,100.38903309118541,-45.052854317604215,-47.39360496194422,-50.350341550023586
2025-12-12 18:23:21.970612,Left,-52.2963589243227,-62.512851560662966,-56.091105316481844,-53.61072792233608,247.27027378884668,-51.03304106769065,-49.968601743734325,-50.0866749658162
2025-12-12 18:23:21.974622,Left,7.290651308787346,18.069260279160517,23.078701902857574,12.603705534202163,-75.24944679212786,14.514925671552191,24.642771542727132,24.286133624482318
2025-12-12 18:23:21.978580,Left,28.314304567662475,33.66334007480327,36.855976096769155,30.88042149503599,-269.6438438617588,28.904157493747334,39.73793662247772,36.757089296930644
2025-12-12 18:23:21.982662,Left,-25.181716215534834,-37.59606639506819,-33.5737417044802,-26.96816096612747,20.179462981355755,-31.965532756417815,-28.31788257115113,-31.714243672911834
2025-12-12 18:23:21.985593,Left,-49.20600968915096,-55.30671265340061,-49.8092114700994,-45.40503839694429,243.1421101231499,-48.81382418946305,-47.04785520947189,-48.71748761583876
2025-12-12 18:23:21.990664,Left,3.7325926804624032,18.229131540603703,22.782087799925648,15.604153198670247,-24.699020297546667,15.364328369225404,22.041725322931597,19.823756816098467
2025-12-12 18:23:21.994671,Left,34.80867738368033,46.93937652458408,49.80903297193436,43.88278754956991,-284.6034333923126,43.70162138253363,50.50991787642124,45.20649176232837
2025-12-12 18:23:21.998703,Left,-15.689334243332269,-23.21107930375001,-19.651381664691144,-14.848373109656677,-49.03371685463935,-17.011886759883055,-16.125627321638603,-22.480742067411484
2025-12-12 18:23:22.002706,Left,-55.088558905972604,-61.4000322713473,-56.373248696028895,-53.7439301064951,243.97926203744282,-56.198957532837085,-55.130601814602414,-59.58011003668071
2025-12-12 18:23:22.006725,Left,-10.11769023917077,4.485020885047561,8.225274417578476,-2.5690364549445803,48.84482722872781,-4.19847977452082,5.182677263099322,1.2588517698386568
2025-12-12 18:23:22.010735,Left,36.56419526887112,53.06116601389658,53.97216752546956,42.36230058518049,-267.49242213935213,39.90522629899715,52.13564412103733,46.11879367134679
2025-12-12 18:23:22.013721,Left,0.7593645676060987,-3.6981711112021003,-3.2566995542074437,-1.0468158099429274,-113.37803060163424,-4.618710589067632,0.01768888554215664,-6.341311341115215
2025-12-12 18:23:22.018734,Left,-46.426950214456156,-56.07471695284039,-54.353101178916404,-47.41167144568681,218.75996143616067,-49.058063833410415,-49.49311030761237,-52.767927767679794
2025-12-12 18:23:22.022748,Left,-13.087945373987168,-3.020552761547151,-2.360659654288611,-5.399865998282621,99.84420431984836,-3.5553292482800316,1.0516025696342695,-0.45281968207564205
2025-12-12 18:23:22.026707,Left,39.75854426809019,57.04887712607888,54.19094808599766,48.71864592307247,-255.49865492380195,51.141189816269616,60.145919511625834,55.94007995364518
2025-12-12 18:23:22.030772,Left,11.555305396090262,9.542986969372578,4.6986519435595255,12.060333586396155,-186.71640228883916,12.236664823758474,16.897969292527705,9.263455764361424
2025-12-12 18:23:22.033791,Left,-48.83982239796751,-61.010045262293715,-65.54305961474893,-51.90379570649384,178.93643667495417,-52.61755181496119,-51.27946706844523,-59.1490501315493
2025-12-12 18:23:22.037798,Left,-32.180225326199434,-26.48409259057371,-31.98026708188263,-29.370308645200566,164.93297120249917,-28.938745908555575,-21.286055619693798,-28.345412295864662
2025-12-12 18:23:22.041826,Left,29.9869445075783,48.524856166950485,39.875968574750004,34.76231380266108,-190.90727244519803,34.69606495383414,48.70162944534604,40.42713924431155
2025-12-12 18:23:22.045818,Left,26.28692478200537,29.33756203827579,18.998674095513707,23.441636609837587,-212.25254266187767,20.41146938680322,30.27210423165525,20.918003464121284
2025-12-12 18:23:22.050889,Left,-27.08060327839121,-38.35256622668385,-47.40884014516632,-34.25122259869022,145.93195113015463,-38.679378507433285,-35.55751824300023,-42.95746284314009
2025-12-12 18:23:22.054854,Left,-20.456732618979004,-18.341919606267766,-26.53497563237761,-21.3918440941452,213.9449292820973,-23.64595640884363,-18.241260906666867,-23.301763778894383
2025-12-12 18:23:22.058903,Left,39.426477344164596,56.55013720831994,46.76538898975559,43.16294118404403,-134.51291686878903,43.27422635458788,54.1444766392342,47.99409618663776
2025-12-12 18:23:22.061846,Left,39.95067311672028,44.4859255827796,33.498297734091466,37.846952254811185,-242.65472304211653,37.83918712786544,45.7596963111464,37.307322746321006
2025-12-12 18:23:22.065866,Left,-24.6530144850949,-37.15573931952895,-46.86368435622717,-32.165414064762444,98.68638694094261,-32.46258927357849,-31.091711698554718,-38.614173485137144
2025-12-12 18:23:22.069888,Left,-38.371029158992314,-39.882601639608765,-48.49702830098249,-40.48001504061176,255.14628769968112,-39.20785619320668,-35.70927725110232,-40.573210186648794
2025-12-12 18:23:22.073904,Left,22.925631540731047,41.051381280631176,30.997300434406498,27.236110424120852,-67.55712905562177,29.132012393005425,39.96964297693921,34.76646236277156
2025-12-12 18:23:22.077853,Left,46.72746177960289,57.415858509939426,45.76476740150247,46.2243089248841,-273.17883462051395,45.4335354604882,55.73856216315107,47.92286249550307
2025-12-12 18:23:22.082905,Left,-8.741578812328953,-18.309371813375037,-29.299782898691774,-17.738898956646153,13.002844343944162,-21.279903053316957,-17.779724748626904,-25.769638580197352
2025-12-12 18:23:22.086912,Left,-39.966102361573576,-44.99532621481194,-55.492403494616156,-48.02280337160846,249.15389920021335,-50.96619700148585,-47.10654179818812,-52.73750588661642
2025-12-12 18:23:22.089951,Left,8.064893318211034,23.539659184978518,10.490129407618952,5.295889450400864,-5.332959609513637,3.4945507949851162,15.165295237538885,10.245325734584185
2025-12-12 18:23:22.093946,Left,42.6396044370249,56.45420703897253,40.13979233028658,37.054155300560524,-268.1680233406951,32.775016170849995,46.155964081466664,40.057067410358286
2025-12-12 18:23:22.097907,Left,1.380700227100533,-4.579543776955688,-21.14149659047689,-10.75604985494283,-44.84868073220423,-19.151394462003736,-12.547652783216108,-17.5879873585327
2025-12-12 18:23:22.101960,Left,-29.67358013120247,-35.390806296200026,-50.578245438897284,-39.372445055465505,239.24646158875112,-48.75615226887021,-44.567467816668795,-45.89538066296882
2025-12-12 18:23:22.105981,Left,18.39800534413189,32.983488015283,16.999657068488887,16.2284553563768,36.33704928736188,8.645868586478173,18.53480393384416,18.99264923566807
2025-12-12 18:23:22.110971,Left,61.26081048257038,77.72872587061829,59.458991895706276,57.51823578215408,-289.77344278987584,50.70031456719698,62.20512766477623,61.02983094283627
2025-12-12 18:23:22.115024,Left,15.874981026328896,11.250756811274186,-7.1982885363613605,3.5672638283722335,-135.82285006336315,-3.496387698367471,0.7965254229711718,-1.345512284340657
2025-12-12 18:23:22.118014,Left,-41.27960961723693,-51.348100099219664,-68.13948955131127,-53.756964957603486,215.14763497570675,-58.92717115089545,-58.64765557511055,-59.1453965165565
2025-12-12 18:23:22.122005,Left,-10.583531582874457,-0.4114689134621585,-17.208963290082465,-13.959231517066655,120.52808742899651,-15.79997988960531,-10.003620786856118,-10.008346840131708
2025-12-12 18:23:22.126033,Left,50.25663388149951,69.0627908622082,50.52838928531855,50.26081261954096,-226.8293970719751,49.0574853373073,58.39096650572537,55.63115067627041
2025-12-12 18:23:22.130041,Left,34.37612978811012,34.930571157290615,16.39664736440318,28.638831964730343,-166.87210173798303,25.22833605481719,27.886277737274213,23.29462686813713
2025-12-12 18:23:22.134058,Left,-19.58805447360828,-29.416973144781878,-45.95477973029483,-26.635093939421495,190.77391218438788,-30.964522356764064,-34.69534241643123,-37.01317336644752
2025-12-12 18:23:22.138992,Left,-5.757657082660444,1.2648112369324735,-15.09420337782285,-5.367580724265281,176.6886911901347,-8.521929935090157,-8.092048206677646,-7.783905909156601
2025-12-12 18:23:22.143080,Left,48.30382660908026,67.14848235069348,48.15429126482559,51.57486387345671,-179.1901704053853,48.08374148112853,54.66199540042453,53.94215773131327
2025-12-12 18:23:22.146089,Left,35.33819291882628,37.89589251678717,17.104551076863572,31.038596381813477,-201.31330754103328,25.28743528652012,28.563053941619728,25.990208015318785
2025-12-12 18:23:22.150090,Left,-25.62908792905,-37.613690175522606,-57.727804674450454,-35.101890505553456,163.6504639891573,-40.456440643065434,-43.60140871168642,-44.76413663398125
2025-12-12 18:23:22.154108,Left,-20.746086811041323,-18.281559387829475,-38.306812887723936,-25.03952227731679,240.8155641803678,-25.705674180791902,-26.977747006128084,-25.758050755266595
2025-12-12 18:23:22.158122,Left,45.26923935955938,64.91043952657401,42.88338751773699,45.320731066076405,-114.40587532223799,48.97480838003776,52.81818109127107,53.22668593482558
2025-12-12 18:23:22.162112,Left,54.294691697908775,63.14595729339237,40.389978147271904,49.31289793361884,-247.27972281998882,53.54755454195492,54.34490587620985,52.68559595770785
2025-12-12 18:23:22.166136,Left,-8.200152856477644,-16.129063632535605,-36.249311871455575,-16.970347632339326,72.27261949153763,-12.916395505865694,-18.819233452773005,-19.31550091047029
2025-12-12 18:23:22.171215,Left,-29.06700869289307,-26.865323086831722,-44.45377915049903,-30.794937374780602,224.53563230945656,-24.5489017726195,-28.48813125212928,-25.895402357231433
2025-12-12 18:23:22.174198,Left,20.124290105811838,41.04561155412625,22.624838978437765,25.89740594831801,-92.2954608105556,34.33539508857939,37.57028416857838,40.54592770702129
2025-12-12 18:23:22.177202,Left,32.75718712218372,45.51853094702801,25.281085595979675,34.65015476423196,-292.31935986988174,42.3267246553296,44.45590695039755,45.61019153969846
2025-12-12 18:23:22.182242,Left,-28.504055698775574,-36.8095450326864,-56.579100125418336,-33.4270635180319,1.087712534766979,-27.62545603610397,-33.20555950922699,-31.776799996978298
2025-12-12 18:23:22.186204,Left,-57.88745829315303,-62.49818694327132,-81.29553180081712,-59.65580916313047,247.20540555105617,-54.47376191637795,-59.96429680031997,-56.375063304646574
2025-12-12 18:23:22.190155,Left,-2.5502516460710467,12.480938790530672,-7.919605823666643,1.9936719799316052,-3.4043430100937258,5.869931118903878,9.103658496267144,12.454102655852694
2025-12-12 18:23:22.194218,Left,38.51382385789566,50.464757531029136,27.53615172028003,38.578196100333116,-271.43346247294176,38.53706416009345,44.7690609402664,45.47979797315111
2025-12-12 18:23:22.199247,Left,-2.454319007655158,-12.498248648186745,-35.567620394562255,-12.67038168714771,-49.1002066516121,-16.03272951244253,-16.136745266995604,-15.732762422990163
2025-12-12 18:23:22.202253,Left,-38.51994404574725,-50.30715076086199,-72.33166937597707,-49.68473386800747,248.99787937121255,-51.94624594365587,-55.08029752296949,-51.89372325365184
2025-12-12 18:23:22.206244,Left,6.683737599493725,14.942328874319173,-7.995237117534998,2.023378529259162,63.97008864196687,3.056596424974259,4.783558751082182,8.90213536326064
2025-12-12 18:23:22.210273,Left,54.54053491700688,66.2139466513172,41.77963427693976,49.61686788015368,-258.37393441073255,51.27250397015882,54.08892377878499,55.482602711183745
2025-12-12 18:23:22.214213,Left,18.487438107228627,10.928774672378495,-11.880141256122442,6.916047173267998,-112.76929948464567,6.85063905611878,1.9397450941303305,1.4755257430307438
2025-12-12 18:23:22.218299,Left,-32.709091213258034,-44.52749041030984,-63.609183698856214,-43.691626248414764,232.78963321120318,-43.85571268281075,-53.283167512964155,-52.20528789261098
2025-12-12 18:23:22.222258,Left,-2.843746484411895,6.255070183531643,-11.441847500856966,-5.722119908690047,138.16132330723303,-4.430170803951455,-8.113531488504577,-5.87768223909643
2025-12-12 18:23:22.227326,Left,51.71453934571127,69.72058756429215,50.70297731166647,50.04069974695926,-211.66838361665123,50.72301260857148,51.791059225065055,52.192093240085796
2025-12-12 18:23:22.230334,Left,28.059407534422462,27.383892393794667,8.202079902077458,18.386831953454475,-155.44970206459584,16.555028077684256,12.549828746692583,11.661343228831583
2025-12-12 18:23:22.233285,Left,-29.693883718991856,-41.60008197749812,-58.91029004257325,-42.10512154356593,203.72508523293254,-44.405517354055746,-53.44254326791406,-52.229879372138384
2025-12-12 18:23:22.238342,Left,-12.348107736999737,-7.729587408795851,-24.43792139876132,-17.588803400569304,191.29339770149363,-18.00456075509146,-22.033378822904524,-18.736124696216393
2025-12-12 18:23:22.242339,Left,50.05503856423093,67.01917962648804,48.807109525565465,48.46099576817414,-173.51354044841173,48.10289083542966,50.64585129425632,52.66211329444923
2025-12-12 18:23:22.246397,Left,44.00969612239169,45.20770231311144,26.68235598631327,36.33791551368722,-211.1511957402372,32.95335296624944,32.81327255136512,33.222787509113914
2025-12-12 18:23:22.250425,Left,-16.05136249867246,-29.76091559346969,-46.41384920926066,-27.11261092060795,147.3583383947407,-32.76075800837725,-37.63661006200982,-35.357839250955294
2025-12-12 18:23:22.255378,Left,-16.082453822551543,-16.412570457172478,-32.47188902800008,-20.543602278415165,231.55373086239433,-25.50844489762585,-25.776724705590823,-20.72959292710948
2025-12-12 18:23:22.258417,Left,43.39772158901724,58.98114858317604,40.761294995952994,43.50062553925909,-114.29568623248178,39.506764341305825,46.717033379957684,51.194133480363234
2025-12-12 18:23:22.261404,Left,48.070696835335184,51.237597915192964,31.696411920200262,41.55233505141587,-241.5048041345408,37.28190235164584,41.90428430797965,44.34289119133973
2025-12-12 18:23:22.266440,Left,-16.239178924488442,-31.844763208502627,-49.46715238023171,-29.420487859935747,87.74697926529348,-32.34866297694316,-35.76467684330237,-32.55413253945699
2025-12-12 18:23:22.270452,Left,-36.33620270643769,-43.043539667178266,-58.55026520049705,-44.86511231448003,256.3976749401279,-43.685482548381515,-46.586250074022246,-41.26017177136964
2025-12-12 18:23:22.274477,Left,18.002795753887767,30.52657915549571,14.322545918851574,16.365747007021128,-49.838884591043495,20.17527576626162,24.307794020194706,28.572358375142358
2025-12-12 18:23:22.278408,Left,39.34148484614525,45.33598567297304,27.75203119174148,34.36011312280607,-252.69789568513713,36.45286200554892,40.396024748883065,41.368402090205564
2025-12-12 18:23:22.282471,Left,-14.567345340652537,-28.156334439136117,-44.90591803109601,-26.049386710512408,34.708350560515555,-26.182606989939814,-29.443378485859284,-29.152474488286316
2025-12-12 18:23:22.286492,Left,-40.867342642653966,-49.6060041077144,-65.07606350995547,-49.19273784921643,280.4994975799789,-47.751625126321414,-51.85762834049456,-49.77060681958392
2025-12-12 18:23:22.289500,Left,15.074948412977392,27.390256884111295,10.845042600123406,13.812494762327333,27.115676808408352,18.279358809524638,21.05889787522574,22.641771802664152
2025-12-12 18:23:22.293535,Left,55.01985907305789,65.80275360517408,47.77369175841409,51.412564665351965,-252.96343731955312,55.713686059971224,60.29577824157059,58.715687093799716
2025-12-12 18:23:22.298527,Left,9.397788949845562,-0.7187075304937025,-17.138417545570068,-1.419121602360974,-40.798189002436175,0.28522327888640575,-0.8277527073241799,-3.205390125338454
2025-12-12 18:23:22.302518,Left,-32.954802144317,-43.919087507201766,-57.017814969688516,-41.65506379648468,259.1938756717991,-41.28080130169474,-42.89409399136275,-42.29990972150517
2025-12-12 18:23:22.306549,Left,9.77177132100769,20.087744024694985,8.17006702801882,9.71177979629465,78.01248846416547,9.576055647148678,16.12944059549227,18.872577592133894
2025-12-12 18:23:22.309576,Left,59.86282445683537,74.45166557900666,62.154932624718185,60.031163972756985,-251.13873371305726,57.28803274666279,67.48154544068348,69.28161210201142
2025-12-12 18:23:22.313575,Left,25.629741416059915,20.25736945405879,9.590260465101892,18.048205881474132,-115.58711723879424,11.76800019980692,15.309875661610931,16.608493250800166
2025-12-12 18:23:22.317526,Left,-26.898848241664382,-38.39778445164848,-45.91719743477461,-35.47712830273122,230.3368908556149,-42.583781545117745,-43.429258261949144,-40.11268233140436
2025-12-12 18:23:22.321591,Left,2.7384524088956823,10.920282667761057,4.131979396263887,1.3789544957217004,141.91876576043978,-4.633174295391655,0.34327962727547856,4.87284601169813
2025-12-12 18:23:22.325611,Left,62.439367560913524,79.6477879881204,71.06007913228314,62.267684368382106,-209.5191126365462,55.159936765850944,65.12419468604276,68.09370074903563
2025-12-12 18:23:22.330557,Left,46.74714175846748,45.95917810857645,37.08846445092422,38.93248997096816,-160.56899277368757,28.692950578562886,33.456299184355885,35.836024756441475
2025-12-12 18:23:22.334630,Left,-6.030937599320168,-17.516992501510686,-24.29803712809735,-16.15177927707191,198.6050522254427,-27.02642470612227,-28.2204030900175,-22.92171170987058
2025-12-12 18:23:22.337639,Left,11.190665993697621,16.62136860874307,10.548821859740201,8.5753146148636,192.96880697981214,0.49474072888915543,2.8414478208687797,10.586940592955216
2025-12-12 18:23:22.341643,Left,70.61982598514078,88.48846853161376,80.44212151640386,71.3689358736774,-170.64681804529937,65.12817108074341,72.6359867398387,78.63122592509171
2025-12-12 18:23:22.345656,Left,60.63726610704907,61.96140675130664,52.74155662520934,54.00549592596144,-213.73569995641992,46.638814105486745,50.303606732126354,53.46894473077191
2025-12-12 18:23:22.349670,Left,-4.65574318670042,-19.6212361571379,-27.475145807180525,-16.316160106420284,144.70067280752846,-24.328335728785532,-26.467858159801835,-22.987783230826608
2025-12-12 18:23:22.353691,Left,-10.291082863466727,-12.306230065063573,-19.198165114448784,-15.680904159380589,236.22680653537282,-21.807440533790214,-20.017080742982216,-15.179866428454261
2025-12-12 18:23:22.358733,Left,46.11110005932642,61.618894999523036,53.691043262326275,47.37426998114097,-107.52732166745773,42.53037352037609,52.25634983746204,55.4383647388604
2025-12-12 18:23:22.362706,Left,50.37054459482533,56.094418550579576,48.17255061407741,48.7821857306044,-241.50240557026336,42.553294190596716,51.300748784371535,51.5803157698756
2025-12-12 18:23:22.365715,Left,-14.930716508293699,-26.32521932090458,-31.46735127557622,-19.911082640112,85.72849557700101,-26.812941963460617,-24.520731136559334,-24.10345534166845
2025-12-12 18:23:22.369658,Left,-37.20973481537658,-39.67879883472415,-42.70484737055813,-36.49548205093015,263.6111113272764,-40.43211200780024,-37.31746553938501,-34.978304290743836
2025-12-12 18:23:22.373684,Left,16.942184489733336,32.913663316146994,28.70404895340471,23.494781451412564,-35.406642771416955,23.339994887279317,32.316319506375294,33.947041282277496
2025-12-12 18:23:22.377745,Left,40.49119996973968,48.81792255599066,43.229190140056744,41.930195636534336,-242.66895714555176,42.8154382845496,49.57216773116306,48.75665493382621
2025-12-12 18:23:22.381782,Left,-12.904796748924127,-25.636674378070893,-29.341019336094178,-19.262326314958045,39.426672863693966,-18.54605331318453,-21.141342694641935,-21.340024766785064
2025-12-12 18:23:22.386755,Left,-42.22064722669893,-51.11105712906283,-51.790843371742085,-45.56193960642122,289.20638599678205,-43.558707932166726,-48.60004913613011,-45.29831401709089
2025-12-12 18:23:22.391788,Left,10.550679809741268,23.490003521190374,23.45305417835334,15.506105290562118,40.00085606477296,18.406708992228232,19.515024697448098,24.14474199232791
2025-12-12 18:23:22.395734,Left,50.504542440488876,64.30789768628165,63.92300754483222,54.95885492265006,-246.5146466614351,55.80193776172382,58.204156672949466,61.00408379218061
2025-12-12 18:23:22.398793,Left,6.866228400460386,2.0173979831452016,3.5365352692642773,5.1129607054026565,-43.676648959994054,3.4769310955198307,-1.315744082810852,0.9249440542553202
2025-12-12 18:23:22.401811,Left,-35.405713584164914,-40.35866678819366,-35.928517241529335,-35.58844603172838,257.4885989033464,-36.3635985329056,-44.34956458072702,-39.967032801858295
2025-12-12 18:23:22.405808,Left,4.54092902177581,20.450690239715186,25.392277179642406,11.67379965791406,85.61260481847057,13.331684322663932,11.047582397215592,16.331618413361866
2025-12-12 18:23:22.409769,Left,52.49871927599088,72.23214881041349,76.22331538901926,59.080850391423155,-238.02078182626065,60.31691526312716,61.026563197985524,64.43959192229522
2025-12-12 18:23:22.413842,Left,19.219663697687793,18.92801891817362,24.04860011844721,18.325027271421277,-101.88008237328904,16.5489731597263,12.007140222838643,14.665414142444206
2025-12-12 18:23:22.418859,Left,-31.361727350718866,-37.72489576821681,-30.13014811245739,-32.41020205738096,247.23288076285098,-35.92238113273561,-42.48298141268606,-37.6526299747311
2025-12-12 18:23:22.421866,Left,-1.332566115353984,12.022867828771268,19.415941576131445,5.543981489419821,162.31939371212866,2.187692254603462,3.3808818613324547,9.259048487605469
2025-12-12 18:23:22.425876,Left,57.172737064876856,79.30150475318078,83.78762554103014,65.20320821857604,-194.574339549039,61.22950727823263,67.99924043556894,71.37633488849679
2025-12-12 18:23:22.429827,Left,38.37118913624363,41.25781524238482,44.26663489898783,37.61755806777364,-155.62102347232576,32.526981422175595,33.23965874329224,34.76311991725379
2025-12-12 18:23:22.433904,Left,-20.16472791701017,-30.165331803913432,-26.20885390350668,-24.97119752787694,204.0619487213262,-28.268250611945405,-35.26986510613642,-31.45522656560206
2025-12-12 18:23:22.437912,Left,-8.393947345120978,-3.199925185457687,0.5488588082771457,-6.701877854477061,209.36581815704267,-5.539546781183162,-10.740599082397239,-4.189456144598807
2025-12-12 18:23:22.441917,Left,50.56685659444702,68.03871519943641,69.27356609226263,56.15352541728498,-149.40761970615858,59.54149862077975,58.713678449148574,63.922331750050944
2025-12-12 18:23:22.446935,Left,44.801954299351564,46.48878608557425,46.65114796633134,44.46558455669583,-199.24909461723655,45.85513926598651,41.76379500191251,43.8590352842657
2025-12-12 18:23:22.449981,Left,-15.896352380186727,-30.040587615872937,-27.54923614051586,-19.960445629883907,153.3641474353608,-21.04091091702503,-29.33910134398684,-27.61467390656253
2025-12-12 18:23:22.453945,Left,-18.18890789416764,-19.441616811243875,-14.544053512661776,-15.35286013661971,246.4909231875754,-16.70081655841932,-19.330012491242087,-16.394907957666874
2025-12-12 18:23:22.457969,Left,41.89117346500825,57.96828957413891,62.81740621953213,51.32520139669941,-96.53951813304957,49.7184073303506,55.86243239227042,57.844103462477506
2025-12-12 18:23:22.461986,Left,50.74353441772473,56.83604413896319,61.680692787755106,56.90609865051738,-234.3318982133751,53.607515309457085,58.08552547779982,58.133322856087034
2025-12-12 18:23:22.466010,Left,-10.01696242619073,-21.02097877514825,-13.950390925736428,-7.289080790913431,92.23440338439832,-10.84031629522724,-14.526193983161647,-13.78871915018317
2025-12-12 18:23:22.470011,Left,-28.24165842464936,-29.537587198006804,-20.628106711781584,-18.856734369510377,273.75845780434975,-19.615897749637952,-23.73773152938884,-21.09819000072821
2025-12-12 18:23:22.475009,Left,29.619208253330726,48.305938772125955,56.32945480346825,46.59067561568736,-28.255104457482958,48.01159316671692,50.194894329364615,51.95965044354671
2025-12-12 18:23:22.478010,Left,55.848434777020884,68.34261421268457,75.66522139578956,69.46929223031111,-248.99442078609718,69.32050802242884,71.52659450933061,71.02839893173223
2025-12-12 18:23:22.480958,Left,2.3689207106599497,-5.50819675072853,4.5407818666317326,9.466893128959782,21.614968555193627,6.780150136703014,2.7605319912545383,3.3753394785817363
2025-12-12 18:23:22.486053,Left,-30.858562042099948,-34.78563475133706,-21.013636682608194,-20.145448651521292,272.7041583809623,-22.617831033090624,-26.31351847050246,-21.83857658989291
2025-12-12 18:23:22.490062,Left,15.78104483316747,33.47513109917054,47.87435992778774,34.45281895430162,32.25187928211017,33.191384615984134,37.10261013582203,42.93769456642622
2025-12-12 18:23:22.494066,Left,50.33904804386657,67.92585586127461,80.98527974878016,67.1365866213091,-246.725377244049,64.66926888061789,69.89801235146297,73.95817066563177
2025-12-12 18:23:22.498070,Left,2.92403674502566,-0.18198682534057298,13.396896559333982,11.773499899285525,-34.503194440043444,7.507933403867355,4.901758462343423,8.819619796064217
2025-12-12 18:23:22.503093,Left,-41.98209892466912,-47.38157491059974,-31.88700926286765,-32.542160674667684,281.1682614118763,-35.072880825940956,-41.39517756866553,-34.909610379399965
2025-12-12 18:23:22.506086,Left,-2.7764617625271057,11.549006259814632,26.92143415332248,14.043492220345797,117.93800539509903,15.561168408137746,14.654881187932915,21.68563944143898
2025-12-12 18:23:22.509105,Left,46.482453730814086,64.39859848432025,77.86789013943417,62.7953364953828,-213.23071248082852,65.80405448604506,67.56106575244121,71.27905496966196
2025-12-12 18:23:22.514123,Left,14.002215588941908,11.488791766154463,24.482153905555606,21.70502450926506,-91.22390336788521,23.262616531508684,18.98817422389766,19.985020868123684
2025-12-12 18:23:22.518188,Left,-38.577455989470764,-48.100318383425474,-34.50790228812912,-33.207677192545816,253.32556415410363,-32.10877647504822,-39.80717347382233,-38.1985806488301
2025-12-12 18:23:22.522132,Left,-12.123435292221984,-2.703859730911063,9.119815474630741,-0.7476441951766901,172.58024775900049,1.5545366831065621,0.17799118194670882,2.3035607769998023
2025-12-12 18:23:22.526198,Left,43.73356561876062,61.781688000064605,69.77130837800723,55.804261597986624,-182.68635544764766,57.83478249018299,61.390761557831866,61.363586876668705
2025-12-12 18:23:22.530193,Left,23.19029221395249,21.95395937899957,28.271801232538564,27.509424164851225,-144.33301408256375,27.72255315584698,25.430397986605385,23.89733662261642
2025-12-12 18:23:22.534202,Left,-37.23777868913385,-51.72519344351531,-43.98425982786284,-35.440988767295494,220.9780019493228,-34.96225741074886,-44.18832598631343,-43.78753069964296
2025-12-12 18:23:22.537190,Left,-26.32054895485271,-25.73598180466979,-17.221286660496844,-17.12997908451507,234.32589534354338,-13.85672387550585,-19.952434651026124,-17.59005848365632
2025-12-12 18:23:22.541206,Left,34.22068644507817,47.75537904997691,54.993721300779725,47.128228594756365,-126.46172675349226,51.698500746941136,51.56594605615828,52.322922965449834
2025-12-12 18:23:22.546201,Left,30.32144746666745,29.32069235014569,36.54763035700307,36.674413532768085,-186.7496348133136,39.60758015276588,37.13243401251384,35.65718590389588
2025-12-12 18:23:22.550213,Left,-31.896575781061983,-47.23289754997313,-37.31640656114905,-29.41584500936733,161.62638861822052,-27.39530424133045,-34.54377850135643,-34.640755473861645
2025-12-12 18:23:22.554251,Left,-38.997897563444894,-39.87650812296488,-28.003936464494473,-29.31897499600018,259.5825511161529,-25.620897591063112,-28.492163152084686,-25.812029288608755
2025-12-12 18:23:22.557235,Left,16.95958037082437,34.446032072097296,45.57899690529666,32.799649133365165,-82.51414891398963,37.272449084393884,42.095601296543464,44.33323102781287
2025-12-12 18:23:22.561242,Left,24.731230326321565,31.92119192654536,42.85446524532745,35.18280132536165,-228.20869245506765,37.18673666160248,40.30191621589256,40.310959536935115
2025-12-12 18:23:22.565276,Left,-35.52740901059951,-46.85522373930871,-33.09609155416911,-31.770152257024165,93.24196028275037,-32.27848151177204,-36.53071205473316,-35.80048254169378
2025-12-12 18:23:22.569288,Left,-52.929555274404265,-55.53139219527657,-38.795449335353624,-45.37960849825686,278.9457551084088,-45.56527891595397,-49.15495690256648,-45.55753109138095
2025-12-12 18:23:22.574308,Left,6.991038637845122,24.892151520047264,41.7084483840008,20.480061311838654,-19.841966135263647,21.080294172048525,24.528749350512953,28.332363289478963
2025-12-12 18:23:22.578303,Left,36.031191745669275,48.89891391439414,65.00996387176201,45.21043597973403,-245.29012958666135,44.521986734900565,47.512830865744036,48.99555936905017
2025-12-12 18:23:22.582300,Left,-16.82223636615163,-24.11538308604031,-6.487984601924836,-15.147375087904948,23.00898340772619,-16.77625587978946,-21.961083395461173,-20.614693687370163
2025-12-12 18:23:22.585362,Left,-51.656622653659724,-56.00228825651902,-36.50311936180151,-47.249392782408904,282.38084712305863,-46.856373000820895,-53.99038968870809,-50.07898620981723
2025-12-12 18:23:22.589322,Left,-4.233025357969382,11.819446173154574,30.23231816313637,7.873473829213253,49.68603427054404,10.353471220685606,9.967710975788577,14.683587380655808
2025-12-12 18:23:22.593321,Left,36.30080082773429,51.43990422468232,67.10656982922228,46.85664471885684,-234.5942396500359,47.51936002560069,49.566963875695365,52.25243328573379
2025-12-12 18:23:22.597294,Left,-2.6357651405301112,-8.754628286040315,5.783057743814425,0.12288257681939285,-34.1431859907716,-3.166105028203674,-6.722477646835614,-4.884116508032093
2025-12-12 18:23:22.601359,Left,-40.39585841641201,-49.10545884908606,-34.91642745154968,-37.58317878789785,275.48216659751415,-42.62997512374386,-47.36488102882504,-44.0064337734766
2025-12-12 18:23:22.606373,Left,2.902317350924932,14.260762951437755,26.055393245620508,12.32064357559284,108.9950287031279,7.279897285177867,10.553323189891671,13.88175918952038
2025-12-12 18:23:22.610390,Left,52.18779596373179,67.68833778398493,76.50282518708991,60.86356241724752,-230.34280945575665,54.27871779063571,62.19450448522548,62.68306296114497
2025-12-12 18:23:22.614341,Left,15.604176126007133,10.487683500024104,19.743029061864945,16.37866025881158,-114.91640194264619,7.714279939627886,10.046244830216892,9.135061240500363
2025-12-12 18:23:22.617359,Left,-42.526899215582944,-55.29807921082556,-42.73768801718688,-42.23989180824174,234.70692230957866,-49.530817588010905,-51.53251294578513,-50.444577441830916
2025-12-12 18:23:22.621411,Left,-19.18890009220877,-12.825189881750703,1.2763388591447438,-10.200279785356543,163.9064147283243,-13.312878085333068,-10.038383126166082,-7.863226366911476
2025-12-12 18:23:22.625416,Left,38.04799327110413,54.36807090904222,67.11211209692192,50.013675041980605,-191.45496666631698,49.18933076398935,57.133245152852396,56.39290718427219
2025-12-12 18:23:22.629435,Left,22.068166695816103,20.463942818691976,32.49813738755984,26.666063697783102,-162.94335579547078,25.598307176425806,28.023112685516026,23.954250831971876
2025-12-12 18:23:22.634440,Left,-34.241802929146445,-48.573060400193754,-35.38132390464307,-33.9053812102884,195.61787167682814,-33.840781339236855,-38.1636337764412,-42.12215953413943
2025-12-12 18:23:22.638399,Left,-21.53272126790185,-20.698078171919406,-7.698682134847331,-16.20559619742744,207.8320506784312,-13.415730517981501,-14.614733252061342,-17.349652068203795
2025-12-12 18:23:22.641473,Left,39.779683015274145,53.823603900454145,64.02488046872168,47.301207903463364,-157.97290316862563,49.7437944948997,54.811896338989754,51.02161078575409
2025-12-12 18:23:22.645424,Left,36.50899087974727,35.86047562488329,43.935852032467665,36.556098404791555,-227.24304053469677,34.71038633486569,37.88672852550371,32.92638537290077
2025-12-12 18:23:22.649514,Left,-25.8669601346312,-42.23676652062977,-33.85061780222168,-31.35750026290225,120.67378380833907,-36.12350280628925,-37.595417092261414,-40.57080725906235
2025-12-12 18:23:22.653500,Left,-32.985664268449455,-36.749680664209336,-28.40998845803915,-33.71708300176033,229.28790307661984,-37.24706675255584,-34.661673662791145,-35.074345787226775
2025-12-12 18:23:22.657525,Left,25.25303944000052,39.05536753430215,45.338086026356905,28.9783018546932,-104.56406161387713,27.045145111343118,37.416401097789276,35.75907156446556
2025-12-12 18:23:22.661535,Left,37.009699447962475,40.72173468537062,45.91594000455734,35.39662451936783,-251.63881909607971,32.57256751552268,41.41489945440844,36.394536857342246
2025-12-12 18:23:22.666552,Left,-21.127105733027292,-36.13252054682857,-28.96096864939682,-28.10287285049344,68.19042754356451,-31.32629413291943,-30.335492791640718,-35.95367408513994
2025-12-12 18:23:22.669552,Left,-40.71335915699683,-48.096750511861615,-38.98471438498382,-42.21909065972159,258.8984271245881,-42.831832840840434,-42.36020272168025,-46.27430834294864
2025-12-12 18:23:22.673546,Left,13.977176633320141,26.01779275181022,33.792325681450166,20.09682488451199,-35.439327677637266,21.94986539774436,28.59982159649553,24.226573559690223
2025-12-12 18:23:22.677572,Left,38.40763139068031,45.014290130058015,50.08903246513364,41.854455355456594,-262.47513396234126,42.5173153701644,49.21401490709468,42.344371287375
2025-12-12 18:23:22.681580,Left,-15.473688790428241,-29.280726564848806,-25.286904744803905,-18.459633327581287,5.032240648147763,-20.646602626293316,-20.35416223737775,-27.335020356232235
2025-12-12 18:23:22.685550,Left,-47.545692723142565,-59.09766497805413,-56.194614218558854,-47.94693123988782,268.3983919081088,-51.10310869943987,-50.87585700556701,-55.555850227276096
2025-12-12 18:23:22.689595,Left,4.211477138046575,12.203886606114338,11.228261277759884,10.295384137581095,34.87294493468744,7.021040824221018,14.907907957280258,10.05287571361714
2025-12-12 18:23:22.694621,Left,47.066512360174784,53.5063437415954,48.03171803584337,50.38693252028679,-261.1583931685702,45.18394643531701,55.05780224643331,46.78198520434307
2025-12-12 18:23:22.697641,Left,5.052958863474487,-10.254814557084046,-16.645501063168922,0.5816463448163631,-71.44936143085971,-6.631678554967948,-4.127393536285126,-13.96351394602425
2025-12-12 18:23:22.701639,Left,-40.7851461759692,-58.8030923222791,-63.09095844739568,-43.39817999607112,240.7246317882748,-49.38769174092158,-50.745290974235104,-58.31781734471406
2025-12-12 18:23:22.706593,Left,-5.180379073405675,-2.3598842738479107,-5.177864229011902,1.9446391009782928,82.60658743859119,-1.4052818729328465,2.6560791084139055,-3.2479290656292505
2025-12-12 18:23:22.709601,Left,41.690467361186165,49.997749534409195,48.042281256086426,51.28531192327864,-255.85844072415466,47.4561219927873,54.764427255737246,47.44012902854638
2025-12-12 18:23:22.713671,Left,6.838828693165851,-4.8695589261387795,-3.6771209769249253,10.483359888097311,-143.44434294047733,3.778252261770831,5.492644284626294,-2.6002753569337074
2025-12-12 18:23:22.717686,Left,-49.69312515153797,-70.0003364451004,-64.2216319638137,-46.7291019882482,210.0880778539531,-53.668674268973746,-55.635083966566526,-61.231539179965694
2025-12-12 18:23:22.721693,Left,-25.728382727568714,-28.6017033202952,-20.922508162846498,-16.26482329938449,144.89060497928403,-19.91058382866254,-16.032443267136387,-19.334862405233253
2025-12-12 18:23:22.725701,Left,32.8710930119978,38.81171655334492,45.46459431081712,42.466336707094456,-215.9773022058248,41.438428164730794,50.136273832217285,45.972516157632526
2025-12-12 18:23:22.729652,Left,17.826874760844476,5.759972276879125,12.642880231296658,18.52789697668544,-198.88227638034186,17.848512803807353,20.816695398400043,15.661242960630034
2025-12-12 18:23:22.733715,Left,-40.838708741855044,-64.66410988943335,-55.12672793353522,-43.2898759751565,159.1408740633051,-42.894916261854405,-46.965679099947465,-50.3081768394768
2025-12-12 18:23:22.737711,Left,-33.42373011263771,-40.21413476174348,-29.366235953379146,-27.71127258583107,182.32051207143286,-24.642877037152573,-26.10281426462643,-27.959216278879808
2025-12-12 18:23:22.740745,Left,22.96770106115946,31.22852593736843,40.38985227581907,33.92282155659177,-174.7250809114621,37.7829749739325,41.19646974256125,37.09310070293867
2025-12-12 18:23:22.745755,Left,17.565249594616034,11.612265666776693,19.570421907674245,22.401691871561525,-239.8006499155972,23.849600023862934,23.021627451907307,16.131094698407423
2025-12-12 18:23:22.749775,Left,-44.24219468938463,-66.84408002943019,-57.379847894828345,-44.83093139870152,117.16629428997567,-45.193553170005885,-53.13459980229379,-58.76550540602466
2025-12-12 18:23:22.753775,Left,-49.171753931765124,-60.05682068053011,-49.14819214230556,-44.98868417237827,237.1927957094831,-43.996205658652116,-49.849904669571856,-52.183493401219835
2025-12-12 18:23:22.757794,Left,11.896469134977451,18.68827589810462,28.918754620512118,20.520058513815002,-97.3003007629386,23.330367213610316,23.723475832644283,21.91571214686337
2025-12-12 18:23:22.761806,Left,25.197232316717418,22.341068772158906,32.520564614333125,27.66046510772594,-256.61314929219407,30.493331283017596,28.259423204321166,25.006602676367265
2025-12-12 18:23:22.764807,Left,-34.509826908211835,-56.283856426469356,-43.364742375722926,-39.277359742573026,57.86985534915584,-35.613309578641974,-46.13770483733134,-48.712765762036724
2025-12-12 18:23:22.768829,Left,-56.5794575882137,-71.35758255217297,-55.98723660419819,-58.12187898441016,256.32948696222775,-50.74588892875954,-61.684833777165295,-62.23096807217894
2025-12-12 18:23:22.772832,Left,-0.21446449742325058,4.0006241476294235,18.35180586876595,3.786179693444865,-33.602105242023754,14.427176668277298,9.798567053992656,8.519147910441916
2025-12-12 18:23:22.777815,Left,30.521471148917044,28.71456331274203,40.91056924069562,29.751920766269905,-269.30333126149344,39.77266480513845,34.75963276632501,30.706691179948848
2025-12-12 18:23:22.781845,Left,-18.20944592379601,-41.623779406463655,-29.241238114846055,-27.431119737258086,-9.508930465794037,-19.450109837343007,-32.102043724794385,-36.332942945447485
2025-12-12 18:23:22.785853,Left,-49.5509084388832,-71.61014407623952,-58.47226477790355,-57.09782133554381,259.14559593701233,-48.65093145675064,-62.939649212170025,-64.81387776029214
2025-12-12 18:23:22.789893,Left,2.4310657043424726,0.4047624987197196,11.28143274469221,2.2279552535028415,32.75264293758664,12.093208268742728,4.361463546874347,2.594101109280018
2025-12-12 18:23:22.793884,Left,48.03545151941216,45.64483330869734,52.75398104886517,46.7048517538351,-266.30229448223145,55.08199628142347,49.01976923835264,44.59102143337577
2025-12-12 18:23:22.796890,Left,8.059151521376407,-15.769110586466923,-9.833639122301975,-0.28221426082018297,-78.89138752193139,4.836067269416162,-8.34813148827834,-13.179508409071786
2025-12-12 18:23:22.800865,Left,-38.83046787340754,-65.98254459734744,-59.183659785045165,-45.920948545859574,245.45731474906825,-41.694253276966265,-58.039937145304975,-59.502320475005945
2025-12-12 18:23:22.805903,Left,-3.834114988319925,-10.23944040333663,-4.273080044618837,-2.463683575429968,103.84597371065502,2.9787597831746098,-6.790747354747964,-5.84920751728805
2025-12-12 18:23:22.809924,Left,45.82855967481919,46.11625665419524,49.872721487839954,48.74391750959512,-231.98715241288483,53.85389233847491,48.54269776025785,48.50201238739692
2025-12-12 18:23:22.813935,Left,13.730054595253023,-4.150142298021819,-0.2568101873912383,10.812499665148607,-127.57587135565154,14.275951762919249,4.064310500912143,3.5145603292980923
2025-12-12 18:23:22.817948,Left,-44.595287498097605,-69.31376418987384,-62.93490076098078,-46.802705141210936,223.7192782955699,-42.64179194261396,-56.289751197001806,-54.425050490212925
2025-12-12 18:23:22.820980,Left,-25.43819478883961,-30.963792266378732,-23.63025300594927,-18.87112702145714,163.55498456396708,-11.945473134934218,-19.212110137244053,-15.65566664535072
2025-12-12 18:23:22.824973,Left,29.620357157893523,34.6819550372129,40.73042831454404,38.32640561419976,-195.89130288886372,45.88943551644388,44.74167345549722,46.551708850816794
2025-12-12 18:23:22.828913,Left,12.993746761865623,1.1768660853194888,7.298301015874131,13.27258894193983,-180.56397672932872,18.878369746656062,13.717807552982777,13.973215139040803
2025-12-12 18:23:22.833990,Left,-46.11685315093018,-69.43185239400373,-60.847478759290425,-50.266533494792384,181.61551603824773,-45.101448262125814,-55.62019826287451,-53.25368440438433
2025-12-12 18:23:22.837995,Left,-36.726256826998,-42.68710397167342,-32.860350328520326,-34.58141936562242,209.99650439703328,-27.347993316085194,-33.45600940073746,-28.441591016767234
2025-12-12 18:23:22.842051,Left,24.309446313985973,34.561121136965085,42.7723118842996,30.544703955138175,-155.80840395292398,38.372750799085225,39.27943375364339,43.331079367589155
2025-12-12 18:23:22.846030,Left,22.766866405179826,20.21980827151674,27.170094511997377,22.564437700744747,-242.4097636853112,28.21526452462149,26.82685783843226,28.44605490136928
2025-12-12 18:23:22.849053,Left,-38.98813321721718,-57.505001686729884,-49.621938669737574,-44.91071777792058,98.76908449486291,-39.936291973443076,-47.46574208396305,-45.66278428695841
2025-12-12 18:23:22.854589,Left,-46.032123468410646,-52.69249700579894,-44.71009354403759,-47.75370712541553,217.33668337549534,-39.7133785618571,-44.972081433319545,-41.96640501654201
2025-12-12 18:23:22.857079,Left,14.170050553657347,25.760449963876454,31.00098240080206,16.67568366845444,-114.79398911461976,27.5115193493275,28.88159184306187,30.216938952024066
2025-12-12 18:23:22.861050,Left,27.584407009253482,30.832079246545618,33.70324094121679,24.80295944351201,-275.30375629627815,34.66703179086835,34.54340168493218,33.03885709475071
2025-12-12 18:23:22.866082,Left,-34.18720511448191,-48.16239137596858,-44.44061445794796,-42.12153269840019,42.5337387850268,-34.7284680590019,-41.320069213910756,-42.22979273498004
2025-12-12 18:23:22.870076,Left,-60.494581303864834,-65.44061563704417,-60.44040051388765,-62.60009730495403,253.60139144359346,-56.29816801494417,-60.861592931124505,-58.79927352507275
2025-12-12 18:23:22.874146,Left,-5.829287036776805,10.560180808695804,13.649963082450085,-0.3909006839094218,-27.164318473325693,4.676801474292006,9.119488647821527,11.321084498033997
2025-12-12 18:23:22.877120,Left,28.610588581346747,40.791368818785486,40.62816603630017,30.01448298484138,-269.03923390081764,32.237486456862825,38.115763021062776,37.38536663801824
2025-12-12 18:23:22.881159,Left,-15.134342275085146,-24.261508468656757,-25.202489672536103,-22.40825717685948,-23.130982862705423,-21.350577038845586,-23.205351295487162,-24.953249308729937
2025-12-12 18:23:22.885134,Left,-47.26297454192718,-55.91291204161371,-55.98857422019864,-53.377584644093076,238.61585691444998,-48.83140495353473,-54.0624932427645,-53.626862761381744
2025-12-12 18:23:22.889172,Left,-3.928656177211451,6.8555192411840835,6.13088167540991,-3.1730881829153077,14.379834435374505,5.950898665316345,5.409248560294145,7.03019323598437
2025-12-12 18:23:22.894163,Left,30.844285985511306,41.82567314679636,39.781798720568986,30.104671741923084,-279.88427990002674,39.35735911632037,40.053838167175854,40.329359359406226
2025-12-12 18:23:22.898174,Left,-14.218032458857124,-23.417336815157796,-24.55253290006476,-22.16944160991261,-86.96073589910156,-16.476078330737437,-21.551106364542647,-21.512847713222982
2025-12-12 18:23:22.902182,Left,-58.0060992545732,-69.4265166061623,-68.77124634412758,-64.7738801625892,243.23421543244694,-61.36000503979267,-67.58114510725318,-65.43038229394915
2025-12-12 18:23:22.905187,Left,-15.177833304111118,-5.115634228007366,-5.583123026399335,-13.733723061801356,100.8007476891471,-10.469271403972016,-8.906185949919745,-6.212424773415478
2025-12-12 18:23:22.909198,Left,42.480723892029346,59.63930275108123,55.80412729469572,44.43195251076031,-247.24876853408932,46.59693265575697,52.35246998000184,52.49768820907593
2025-12-12 18:23:22.913204,Left,15.354385429029207,14.122260724510852,8.925071694828148,9.306769865408569,-156.1417716537144,9.608832608118973,8.990471494171288,7.752118819380485
2025-12-12 18:23:22.917230,Left,-41.78250658272191,-50.64074678221186,-54.70224612546099,-49.6936976645884,194.47672497413078,-48.55243916078507,-54.49094790158233,-53.55145400279889
2025-12-12 18:23:22.921240,Left,-22.984348933990987,-13.201313709610076,-17.48149355028636,-23.61028713351152,141.83490102967335,-19.20869930751178,-20.18067416577742,-17.540133591607628
2025-12-12 18:23:22.926250,Left,32.7613810301209,53.13430220515693,46.117140934024064,34.69948374269734,-217.8597314243052,40.509453916716666,45.150189774357386,45.775589886527996
2025-12-12 18:23:22.930261,Left,17.242460448571364,20.28179084207568,11.27752650320781,12.22354681251818,-212.1575783244043,16.77273680991857,17.50669291320355,15.911338075966341
2025-12-12 18:23:22.934281,Left,-43.25222785546612,-53.70280249800453,-62.598792433457675,-52.044328800540825,146.00161538840257,-47.5532766081451,-52.15256690181195,-52.17162018943691
2025-12-12 18:23:22.937287,Left,-37.739676850929754,-33.85614217865623,-43.324632903940255,-41.277109006929095,183.63701485252022,-34.61031252844077,-35.20420435532378,-32.36295990129929
2025-12-12 18:23:22.941298,Left,21.655403920867684,39.28325608978139,27.70401357577248,20.393524395267377,-168.91730632769395,27.344518339257775,33.144352478580004,36.08694500932597
2025-12-12 18:23:22.945304,Left,24.072755096382025,27.697481582787532,15.957983181027885,15.15212951958165,-246.37055069469352,18.76580580451082,21.70477683912486,23.84511006075354
2025-12-12 18:23:22.949256,Left,-31.26765318325488,-44.03851923136381,-52.47585094102942,-46.03830076356644,103.9085578111808,-45.09171358938511,-48.67888264596968,-44.47991189281129
2025-12-12 18:23:22.954326,Left,-34.3526577959492,-35.22580895183228,-40.745096208527684,-44.04576578040178,232.64463300968782,-41.99681694729043,-43.239526011865564,-36.07872997349932
2025-12-12 18:23:22.957336,Left,27.22022245838525,45.14067286664431,39.10701323249668,23.388802242157908,-98.70329045186736,27.32216624161083,33.36118033763523,40.01065197805019
2025-12-12 18:23:22.961337,Left,41.978010146687666,51.81220611909066,44.23921059757322,34.36988655484856,-271.8951453779082,38.11413494898443,43.10345419982059,47.0577142417651
2025-12-12 18:23:22.965347,Left,-18.207089003130022,-26.898849930077176,-34.221302367359385,-30.847339979834942,32.81153392334454,-26.894517400085533,-29.321795614263465,-25.642545441440234
2025-12-12 18:23:22.969352,Left,-44.079864103323416,-46.512912867931846,-53.65642380336794,-52.19915833389496,241.4132862429251,-45.45964489542166,-48.0754646035748,-42.7519256995829
2025-12-12 18:23:22.973373,Left,8.792653721353417,25.15325743305698,15.785179355774744,7.147091224711403,-36.351220770979126,15.961331187621909,20.58602119985153,25.153251491062292
2025-12-12 18:23:22.977326,Left,37.85672047617845,49.1291595957764,37.49542542274048,32.723828086547655,-275.38337788031276,39.7270555260111,45.92553970305653,47.743494989465034
2025-12-12 18:23:22.981405,Left,-14.299912397984372,-23.490242606384527,-34.38556750353473,-26.471932595706676,-20.130774710425612,-22.319680241826063,-21.89503425726707,-20.15552235269115
2025-12-12 18:23:22.985414,Left,-51.996099670834155,-58.807826159614365,-68.06122601438437,-61.7176756388435,258.9177806413463,-57.60965230396505,-57.744230720323685,-53.33525129872578
2025-12-12 18:23:22.988367,Left,-4.605807275747793,10.148377298128594,-0.23094195237263193,-7.270068686158993,43.35972231577398,-2.453283316708621,4.730379503693257,9.555175264680656
2025-12-12 18:23:22.993442,Left,42.54557756164468,58.74552616763066,45.946330742853206,37.479822468580096,-263.35414956074965,39.67541523044201,49.448146871570316,51.46707292314841
2025-12-12 18:23:22.997469,Left,8.180594739171283,3.6271196478535614,-8.839296422620464,-5.781882832507108,-90.7794890593068,-7.902396467663493,-4.506118250724285,-3.660152908478267
2025-12-12 18:23:23.001498,Left,-35.48066870019102,-44.28203513405131,-54.23806073214382,-49.93620308758909,232.8028958433424,-53.17450060127885,-52.834853148025104,-49.867148546968565
2025-12-12 18:23:23.005457,Left,-2.338078031787518,8.333332885661719,-0.7704762881076022,-9.11483036262689,98.91145294116723,-10.290838536553565,-3.8331489510856045,-0.09897329266004817
2025-12-12 18:23:23.009423,Left,44.251348428912024,60.85019354347378,50.948655681359924,39.07888236498184,-239.75898602592497,39.09218719016826,49.02503266598069,49.81006029426953
2025-12-12 18:23:23.013495,Left,12.421736555708776,9.920283358834013,0.9314057948877235,1.203215952422397,-144.68289322645796,0.9648866348943557,4.044246486075281,2.531191327484521
2025-12-12 18:23:23.016501,Left,-41.20610925746951,-51.84675372134552,-58.433370580264636,-52.926478560513715,208.38921450493217,-52.16082410137278,-55.36303827298252,-55.24689277103789
2025-12-12 18:23:23.020521,Left,-13.89814897690303,-5.77153623689469,-12.310349550807587,-18.44407246211813,155.6008680299783,-16.29301495582331,-15.490697890814772,-13.26192818574691
2025-12-12 18:23:23.025525,Left,50.0743591922419,69.69289749478867,60.5852257341985,47.05371021801329,-210.87505919548494,47.007284964860446,53.40058710527501,54.71989398318692
2025-12-12 18:23:23.029544,Left,37.3837441828382,40.75389434665931,30.76380299072025,27.043054974979896,-210.59623694619586,21.767143496845165,25.133724866302146,25.243756740977915
2025-12-12 18:23:23.033552,Left,-27.61230137225357,-36.72412363019157,-44.46773898713036,-40.10035295019043,156.894367535544,-48.13303013832774,-49.24963887730337,-47.40278480395864
2025-12-12 18:23:23.037544,Left,-30.05560086067453,-23.380702222088985,-29.52829225401183,-33.83320090042798,214.38640172519808,-40.18744158586014,-37.010819310627085,-33.36707455792748
2025-12-12 18:23:23.040504,Left,24.219667134908377,46.589939823297755,39.366983694452756,26.442834227902495,-127.13686255062203,21.795835364762752,31.427904153410964,33.216233138175085
2025-12-12 18:23:23.044573,Left,26.182910704650567,35.89001698529091,28.037484752778255,23.287418145455376,-209.07102359633427,17.31300329977057,24.375876310769854,23.552893184748427
2025-12-12 18:23:23.048608,Left,-28.11180519723166,-35.07938474753155,-41.13006416398366,-35.65572135519142,133.46862929918643,-43.11695405688988,-42.160670483970534,-41.6654172644412
2025-12-12 18:23:23.053575,Left,-31.270171642958303,-28.043760678668605,-32.91048991484058,-33.53314673371642,259.19860003326903,-39.921051709914536,-36.552266672748374,-32.88341045982634
2025-12-12 18:23:23.057603,Left,29.422311822938354,49.0647899859141,42.51642168768194,31.884527878906738,-75.69609190075062,26.72568860422507,36.95608681478643,40.37925519989949
2025-12-12 18:23:23.061611,Left,43.34941069179422,52.49312097144593,44.49051994465208,39.36232734728401,-254.11578878892033,33.141013491609556,42.03080414695614,42.52939448750294
2025-12-12 18:23:23.065629,Left,-17.312190208540414,-28.102695555126957,-34.307368148643945,-29.246126085150536,52.02950102903196,-36.430227264887435,-34.31567717860162,-34.44056772881777
2025-12-12 18:23:23.068612,Left,-42.54990537872982,-46.19775405058817,-49.789428544976545,-51.20960575002391,267.9500743392491,-56.83769229334757,-53.42650536234578,-51.71542848877698
2025-12-12 18:23:23.072640,Left,12.805623018952247,31.063501670891583,27.60187302146005,11.581092365320728,-11.623665137991338,7.366124658436092,19.218616307062803,20.861589254707724
2025-12-12 18:23:23.076716,Left,44.889077818655096,61.34077441955833,57.33875819593959,42.27196242614991,-267.6462881076186,36.38577958977112,49.666815272098574,49.09688911180001
2025-12-12 18:23:23.081616,Left,-7.625525122295585,-10.334812236614198,-12.366036972402071,-15.230330603009861,-28.588563727440487,-23.1834075783936,-17.165737331374658,-17.622811572950013
2025-12-12 18:23:23.085684,Left,-51.82041876542189,-52.649005729312194,-51.96138350806905,-55.00697390714686,250.63893111024663,-61.539619672348636,-57.88863858945115,-55.39591744917334
2025-12-12 18:23:23.089688,Left,-14.700458572530806,5.847321853694666,6.342416432253231,-8.204868623457514,44.04501354417516,-11.778531686979477,-1.7505305754320943,1.58173725204324
2025-12-12 18:23:23.093736,Left,23.177342433631566,46.403827138931774,44.975820073006616,30.573795409827653,-260.49732945441065,27.08784633567484,39.92631094951594,40.405352543079516
2025-12-12 18:23:23.096740,Left,-16.573082909189907,-12.451290237351714,-13.720389138081373,-15.397439753510298,-90.97247823717044,-20.793274428546283,-13.737263013828851,-15.307646003020636
2025-12-12 18:23:23.100740,Left,-59.632441115029906,-58.83275764656264,-58.4097679671122,-58.16959976371891,233.36613049232255,-63.2920035265106,-59.211214585786365,-59.87884581501703
2025-12-12 18:23:23.104742,Left,-18.602426205345182,1.9227932684216285,1.9321985680999205,-10.466989516699869,98.51616873746389,-13.401040596105304,-3.5738983746832673,-4.298667697618384
2025-12-12 18:23:23.110747,Left,38.92373398663585,65.12757616431372,62.88452984151991,46.82711625488173,-251.46783593695363,44.13226535474678,57.43047351675432,53.50172659888676
2025-12-12 18:23:23.114764,Left,11.701528189715646,17.685054536696043,15.081734599716583,11.67648471607572,-166.7012493270595,7.368800594071217,14.63701161698873,8.372816578463699
2025-12-12 18:23:23.117768,Left,-48.41736046108417,-52.40977841338554,-53.28221193650097,-50.177031610433005,194.523340398262,-53.99849942595392,-51.83999969683009,-56.591180408436685
2025-12-12 18:23:23.121792,Left,-32.7719557329292,-19.54909980818411,-20.32959111839773,-27.414735267303513,161.78526490976947,-28.47062093277782,-21.717442078668682,-24.573744229574913
2025-12-12 18:23:23.124816,Left,23.750808533767668,47.502423507151434,44.461239355485304,31.021730993383244,-194.86747272914909,30.75387697771839,42.52303717739824,38.42021182328381
2025-12-12 18:23:23.128835,Left,11.350058328095656,17.516642239404973,13.419173916472573,10.342296895351865,-199.50474740138998,7.889430872653975,15.216429998974945,9.3294908943667
2025-12-12 18:23:23.132767,Left,-46.798551802899055,-55.1993294035974,-58.050171600179965,-52.79854408107076,161.50935683298667,-56.565369768875826,-54.80202098649306,-59.582008829968345
2025-12-12 18:23:23.136832,Left,-37.16630381928644,-31.40312403756161,-34.100631343251735,-37.43018513899733,212.836666403422,-40.47661663126382,-34.088615868089164,-37.102956770563196
2025-12-12 18:23:23.141841,Left,30.51356249264427,51.70279215842584,46.675267867352886,34.986152075709924,-145.54461697773877,30.86906356580039,45.341945152161315,41.38349835157214
2025-12-12 18:23:23.145857,Left,38.49334051362439,47.289468759058764,40.97920009944755,38.05976561889929,-250.3732304810128,29.862556168109222,43.333163913818225,37.99347203784214
2025-12-12 18:23:23.149875,Left,-22.505705889783712,-30.306129950002287,-34.6622291385811,-27.10009521304437,85.18629457969473,-37.62151708842066,-30.115652183148995,-33.50087610865921
2025-12-12 18:23:23.152869,Left,-38.86916786667962,-35.65676807053387,-37.95411391518974,-37.37188804278185,225.18378057143127,-45.37303436658658,-36.726345447482345,-37.15843098219034
2025-12-12 18:23:23.156827,Left,12.942942706836675,35.00250120476176,32.12790695019612,21.295772626081998,-95.44738070754283,16.868267775413187,30.884042326214967,29.494128735981576
2025-12-12 18:23:23.160895,Left,25.535447049724553,39.91457303963489,36.27963901946714,30.726463549058735,-274.72124832247755,26.745954014319068,38.50508131217907,33.493035869271694
2025-12-12 18:23:23.164903,Left,-32.74142225372361,-37.21039197297978,-39.10655864677028,-32.83436547196925,25.649570889936513,-37.79319207443041,-33.45577405975223,-39.4757530634796
2025-12-12 18:23:23.168922,Left,-54.24306658245678,-52.7268807452956,-52.678074802788615,-50.631562405597606,242.87559130856243,-55.14584145118533,-50.37022543326407,-54.610700053121604
2025-12-12 18:23:23.173933,Left,6.2699952557945835,27.412477735474567,26.71441461554423,15.447465726041287,-34.03608737992727,11.015369252183518,23.27381837527355,19.12561594508054
2025-12-12 18:23:23.177894,Left,43.08755878038028,59.975853116960934,57.91853557844843,47.78197247844139,-292.344513754706,40.815034943285355,53.79060692338112,47.59652283374999
2025-12-12 18:23:23.180950,Left,-6.957424861917161,-11.478918692145271,-12.343417353589757,-10.30936812181426,-52.11434125278538,-19.628049571718293,-14.306613193932208,-20.531189568967157
2025-12-12 18:23:23.184963,Left,-48.65449475419973,-52.88857893118529,-51.86056353848289,-49.83760269470329,237.82283972251935,-57.69203278155055,-55.110971113383584,-58.864791140059424
2025-12-12 18:23:23.188972,Left,-5.919817400069633,10.339634467909491,10.455227754462612,1.0775619923068689,40.742093119039055,-3.4251555624714456,4.64225142993223,1.456021674214071
2025-12-12 18:23:23.192994,Left,39.08439675378236,56.900011269566676,54.84345346479131,45.6589173803643,-265.40624475082404,42.250433318785326,51.50846502653121,46.0260316240051
2025-12-12 18:23:23.196999,Left,2.919138276672811,-0.37149150431378075,-1.8880772362917924,2.0622834065279676,-99.84099823593988,-1.8615452115463995,-0.06030209443770218,-6.099963246356992
2025-12-12 18:23:23.202021,Left,-42.54420955743177,-50.896970207812956,-50.04651351285793,-43.579249008513216,230.47388330976992,-46.23339438833773,-48.05776664210413,-51.17654367851628
2025-12-12 18:23:23.205006,Left,-6.564399883678874,5.050959035499545,5.869936068658717,-0.41862150040878987,105.60890281621323,-0.8814441983449797,3.6935530904022755,2.459138176265924
2025-12-12 18:23:23.208968,Left,48.611984123269394,68.0023573078006,66.33925562297918,55.2918039663391,-243.82352734272717,53.998880940065646,63.26555731805111,60.23940985734407
2025-12-12 18:23:23.213028,Left,23.273696826652667,24.50429980526951,21.743705568622318,22.363791603826485,-165.09683479052,17.46928539341843,21.734982377923814,17.19029363078971
2025-12-12 18:23:23.217052,Left,-33.48325437924814,-41.45307703387152,-43.41636292566545,-35.98522137971122,196.91646736970506,-42.88821789343365,-43.05601288633045,-45.6608505732072
2025-12-12 18:23:23.221058,Left,-15.741525889504828,-6.5269632910149085,-9.175661119646975,-10.529921474603725,172.10026655262118,-16.749541336384937,-11.95194103410472,-12.455291341388602
2025-12-12 18:23:23.225085,Left,41.63029477488362,61.44529239408075,56.223603223123064,49.96305467237562,-181.19184514558947,43.74346273548463,53.405783913631694,51.77635119634169
2025-12-12 18:23:23.230035,Left,29.47701361135637,31.907703895869417,25.920902821584605,30.873370383535985,-188.4108897695769,22.87219078287626,27.172892191293613,24.08741251225638
2025-12-12 18:23:23.233153,Left,-29.92269460382522,-42.16599343904454,-46.20339118903394,-32.65979361306381,174.69210794976607,-41.264593677800804,-43.89637663102667,-45.214998480844315
2025-12-12 18:23:23.236170,Left,-23.77863380685676,-22.207878338058435,-25.433052802207385,-20.642836929865553,234.03699869730497,-27.751400443255534,-26.93561849728917,-26.120516816069085
2025-12-12 18:23:23.241153,Left,38.38360431871479,55.07569280363532,49.861765081635895,45.98818047954319,-120.68374031421526,39.493788765130375,47.367655091164124,46.425173319317764
2025-12-12 18:23:23.245141,Left,39.23050658291868,43.15243794928392,36.77190091313787,41.82408221463447,-226.40932258855872,34.136581255957935,39.72030069635275,35.46653010086129
2025-12-12 18:23:23.249179,Left,-28.10148760364018,-41.22369308139969,-45.64021181388671,-29.386342961354785,114.93295324952987,-36.74299881204479,-37.958824741174794,-42.07555215325374
2025-12-12 18:23:23.253167,Left,-45.60768021683316,-47.67374203219697,-50.1400501212338,-40.5898393774487,266.5306764261154,-44.7780632364927,-43.807056582221776,-45.35807037780705
2025-12-12 18:23:23.257124,Left,12.060146959749545,29.520368614856125,26.22341533317376,23.288712999260497,-52.04444589952027,21.19976364697129,30.36920832249166,29.13882708059964
2025-12-12 18:23:23.261172,Left,34.07310728365519,44.184453641208165,39.73608236731161,40.36648775057256,-242.7525965146233,36.663674746957895,46.106690259184916,43.31048120192645
2025-12-12 18:23:23.264202,Left,-17.715453931838965,-27.402094638302515,-30.547516903627184,-18.86816649024422,48.64070294111616,-24.5269240761086,-22.21298496176314,-24.11425775414773
2025-12-12 18:23:23.269233,Left,-40.068659778583424,-45.4191424726323,-46.95779690108429,-38.80733173369754,270.7635705949133,-43.252547471374754,-42.34813066094148,-41.05391646224143
2025-12-12 18:23:23.273206,Left,14.387632023086553,27.76879934605313,25.317367184479735,21.394670135343404,3.8290063681070023,18.97148213251205,25.05843079134138,27.31161364935997
2025-12-12 18:23:23.277251,Left,46.54347799007519,55.9305215759141,52.2100939265747,50.04741484643455,-250.1713031500558,46.910324016428376,52.32149457813148,52.89001566742445
2025-12-12 18:23:23.281194,Left,-2.7651419884405186,-14.198148213730747,-16.178213353805404,-6.610213304425997,-7.25958120901214,-11.350387701737873,-13.982810119153783,-13.294737466759216
2025-12-12 18:23:23.285241,Left,-40.082185902667334,-50.68000276557905,-49.70162947728204,-41.575680674710384,288.17058678093053,-45.1972446949203,-50.39260941132443,-46.99744252425535
2025-12-12 18:23:23.289342,Left,6.411252720538869,17.430838428605057,18.626483020561864,13.417067596581546,90.53445888875103,12.194578952120537,12.881272671094393,17.103929597761635
2025-12-12 18:23:23.292300,Left,51.510695490041144,65.93274307123284,65.42707885376876,59.046089611050775,-227.1242004138221,57.80964310376021,59.79086221146645,61.724495378275606
2025-12-12 18:23:23.296220,Left,11.063001634818647,5.718412859723685,5.297992185733165,12.363422339902172,-69.47121672414323,9.797887257489947,3.5802827609791166,4.626519321886917
2025-12-12 18:23:23.301298,Left,-40.52034321833253,-51.38037169117888,-50.39912867816747,-38.78403654910653,269.78878824911044,-40.12975509469152,-51.4040864014878,-47.98970372144231
2025-12-12 18:23:23.305244,Left,-7.305303154133071,-0.23614856365657033,-0.1356736795296456,1.4202787703961803,159.0205122358002,3.102847601564008,-3.004661755745474,1.491786708957079
2025-12-12 18:23:23.309305,Left,50.86901529572606,63.20068785188505,60.486899329102016,59.60177009204199,-190.39810368763756,61.85051806710908,59.85335377384308,61.419554265213264
2025-12-12 18:23:23.313312,Left,29.802231418412703,21.711079615413837,18.227648375392164,30.41763063338294,-121.95741909129356,30.64741124495049,23.120327415378142,22.034482860614844
2025-12-12 18:23:23.317287,Left,-26.82384817195816,-45.415260872002364,-47.22586836076516,-28.262422680300006,236.41862603074333,-28.576774662434218,-41.45542597065878,-41.13427438765211
2025-12-12 18:23:23.320346,Left,-11.346364656537844,-12.020568773371451,-13.484774114123866,-5.181520077765526,212.9849170656962,-4.064204787987364,-12.449831513340996,-9.835340766685476
2025-12-12 18:23:23.324301,Left,46.27721944296718,58.84824267161184,55.616681940402486,55.963992529330426,-148.84772617732233,56.51134004041705,53.996702348148574,55.94922179048808
2025-12-12 18:23:23.329371,Left,36.53424555179845,34.322064896358825,30.88639690605487,39.62852085026498,-171.7449367394438,36.9344688187266,31.170272420078618,31.820152434819647
2025-12-12 18:23:23.333374,Left,-22.10026396286412,-38.122333489051016,-39.00409253430189,-23.63396858422493,185.94359730906763,-27.785145807177287,-38.6907619021531,-36.78461298101047
2025-12-12 18:23:23.337367,Left,-17.692496127483537,-20.577131779644333,-19.83777670872587,-14.845109616118862,251.44191761597722,-16.73260158518042,-23.696447418007665,-20.65193709151299
2025-12-12 18:23:23.341413,Left,42.5491483964488,53.602018735608,53.10634243332606,47.79615735118932,-100.90942188785812,48.2768445549973,47.684714616679685,48.16851343123744
2025-12-12 18:23:23.344408,Left,43.260416013883514,40.20876006729486,38.86327534796874,41.37358699676224,-211.4157907329536,41.929771615046775,37.852904146635865,34.92949747262173
2025-12-12 18:23:23.348366,Left,-22.1702433779501,-43.787678304512156,-43.295075147274474,-29.549410627629186,130.6242030138219,-28.529539959171416,-40.75509849845321,-43.11978978364732
2025-12-12 18:23:23.352420,Left,-36.22399040615892,-47.88924580411367,-45.643883931130404,-37.68313878812842,290.6178324067496,-33.93635743161121,-45.59643624823093,-45.08602769832669
2025-12-12 18:23:23.356416,Left,25.48383998072495,33.488652480806195,35.064050816021336,31.450567739817416,-26.00209327486482,36.86063152611587,31.684722914098984,32.36823224574073
2025-12-12 18:23:23.361466,Left,49.84346655648187,51.6350832031203,52.79287752419623,52.9477423960343,-224.9082117242997,56.01087161620762,50.13784076808224,48.87628898640196
2025-12-12 18:23:23.365410,Left,-3.3538057340610976,-20.23640347158107,-16.76322764843644,-6.086184329325988,63.58565261255717,-6.324420570397706,-18.83156483716766,-19.528270953935134
2025-12-12 18:23:23.369469,Left,-29.78711053351435,-41.47797382824683,-35.86585212793216,-29.519218031126,294.82725242166816,-29.717767473497588,-41.90088423662428,-39.75795992987969
2025-12-12 18:23:23.372485,Left,21.23012265631951,29.21215861935525,33.41613391763531,27.0719976458131,33.50096614657923,29.018104922004568,23.97719800989762,26.586219317154246
2025-12-12 18:23:23.376485,Left,51.697583412411404,56.451233778028836,58.13110232375038,53.392408397456165,-229.47896648789538,56.00587718585666,51.61291730076891,52.08337319502243
2025-12-12 18:23:23.380507,Left,-0.11433123057759076,-16.197091134567927,-13.980436573740008,-6.505809617909108,2.591822475065783,-4.049670772517857,-15.792563623053411,-15.328925851770691
2025-12-12 18:23:23.384523,Left,-41.86332240622687,-57.753524903934704,-53.16614464351733,-46.06846841113111,299.0155030017777,-42.150254509855586,-55.50303679585613,-52.075561755886156
2025-12-12 18:23:23.389477,Left,2.2595244098793046,7.227596594476381,12.065593429313594,7.052597709056499,104.59329199994318,12.17271871302546,6.9898049615717355,11.532652391935699
2025-12-12 18:23:23.393530,Left,50.43624983546215,57.70345846667442,61.17677304933022,55.85497432556076,-222.32320616212382,58.5278006575918,58.23240877263561,60.28661332180491
2025-12-12 18:23:23.397564,Left,15.751844975120548,1.5318712407315616,5.407750865033449,13.616148731540306,-78.67774080966956,12.171567752344345,7.056166489365751,7.463412595916452
2025-12-12 18:23:23.400561,Left,-32.073986018174764,-53.083047792436446,-47.560891010474734,-35.89500759861585,258.32270388709003,-38.38021552676037,-46.72657884565251,-44.57789215016419
2025-12-12 18:23:23.404574,Left,1.4304047537316364,-0.9797441110604268,4.130173680012376,3.3463467081874114,153.658530880919,2.374633301382346,-0.2466067128270879,3.4280595334821555
2025-12-12 18:23:23.408582,Left,56.72795245996349,62.0233943003941,65.422525709826,59.08908784646155,-195.6525843879581,57.71793206600523,59.52531014228089,62.00011893525516
2025-12-12 18:23:23.412587,Left,30.435604787991906,17.86241659874395,22.333555296205304,26.232085394502064,-131.63636969685012,22.542885845869023,19.28430081116403,21.254404567453093
2025-12-12 18:23:23.416614,Left,-30.990786565074814,-52.56863213766519,-44.30718181847624,-35.66487309332115,229.11420019159596,-39.112044344954484,-47.36581528185252,-42.633070663983744
2025-12-12 18:23:23.421621,Left,-16.760788109291752,-19.98057674167012,-9.786004866657095,-13.08653312185379,211.38445650686117,-13.11239709657275,-16.902982388766304,-9.91680752168395
2025-12-12 18:23:23.425636,Left,42.965907511290425,52.69312845404329,61.650060923453566,49.81596220714164,-155.10040967524583,51.766597245119556,53.41643410015649,58.523665428567256
2025-12-12 18:23:23.428597,Left,34.71327176536033,28.969522641994445,37.36505209604911,34.312082640517474,-190.96137134958371,34.841055689807035,32.61429330672536,34.90505860454323
2025-12-12 18:23:23.432655,Left,-26.673233449999316,-46.32004241289087,-36.11652466095984,-31.241540823448304,162.32912608489096,-32.06124267319137,-39.92212335808608,-36.99707489787215
2025-12-12 18:23:23.436666,Left,-27.470804497894278,-32.22284823483915,-21.28883837158901,-25.370706568401147,235.23188923226917,-25.445809050006574,-29.139623481892613,-24.222522898913667
2025-12-12 18:23:23.440685,Left,31.04146778566792,43.69148944632434,52.399103160185405,38.724709389072814,-114.00630257255898,38.6649913999172,42.824817246850216,46.81327080430492
2025-12-12 18:23:23.444681,Left,35.534132123772,37.29778558095268,44.20460909913709,38.37953364202622,-232.61248285480906,36.013453150215355,38.98301812418504,40.709224906901
2025-12-12 18:23:23.449756,Left,-24.695290052637574,-40.18714232038519,-32.199748532390004,-26.87580167419037,103.46916794450544,-30.64247363344839,-33.94850672800658,-31.57342686866832
2025-12-12 18:23:23.452761,Left,-35.25035867864244,-41.19033551311395,-32.02287474259174,-32.435165332615725,266.42834581241095,-34.60768471135634,-36.48571607517897,-31.86439332563714
2025-12-12 18:23:23.456718,Left,28.645087590386538,41.121267293259734,49.138332133556105,37.43261085679114,-51.2906397767083,36.55792999309779,41.242050685608774,45.188477816833256
2025-12-12 18:23:23.460716,Left,53.03073243340077,57.354210183008036,64.49905485145428,57.570485724383616,-262.1358199686256,54.871980962847374,58.28097736029713,59.42961189823109
2025-12-12 18:23:23.464738,Left,-4.22511812254379,-20.966618487414962,-11.955582614407831,-6.378609199249695,17.549976807521887,-11.018615981623952,-15.27781436251962,-14.292769858328029
2025-12-12 18:23:23.468734,Left,-36.30831907055472,-49.525473364332356,-38.75769361498169,-35.4276004376934,251.94661820089448,-38.5619099321284,-43.12222492956107,-39.73834066084237
2025-12-12 18:23:23.472798,Left,13.544858548515549,20.083231488462616,29.20325888517982,20.98618067399184,-8.633927495721537,20.381926961996214,23.60276280047674,27.27760731517992
2025-12-12 18:23:23.476757,Left,48.690397235784985,53.190597148014376,59.57338482092564,53.44348670762702,-285.67315060096644,52.25617926794985,57.59997951379046,58.98024433509727
2025-12-12 18:23:23.480795,Left,1.3767977646784857,-14.31236188203411,-7.847935243991742,-1.1165012192232098,-68.59494169890013,-4.414050175677403,-5.68525261240984,-4.737952000624318
2025-12-12 18:23:23.483803,Left,-41.53953635490325,-57.528702071904036,-49.49690515482871,-42.683567072348524,231.01687236423277,-45.335712776775836,-49.34385036738695,-46.25115001068207
2025-12-12 18:23:23.488747,Left,-2.960498262900728,1.0756406982525277,8.40680512212748,2.3412961733465636,52.80133651265032,2.2632556405060313,3.6820276917260344,6.970951707911809
2025-12-12 18:23:23.492828,Left,40.21180103698134,46.05774777707961,51.450054660181195,43.12301943338025,-262.30151263916287,43.34462784771131,46.486943956109144,46.968741689090166
2025-12-12 18:23:23.496829,Left,3.860019307150651,-11.902235298772212,-5.534536493889391,-2.4627486456520273,-113.30859552818856,-4.064362691669885,-7.962145217312127,-8.178564600790196
2025-12-12 18:23:23.500843,Left,-42.58395653648404,-64.64879610902915,-54.52608168331062,-49.8819554945876,230.298459391307,-51.506946900861294,-59.339779826634185,-55.63307382577386
2025-12-12 18:23:23.505801,Left,-5.201001106599506,-7.182311260147799,5.417358958153272,-4.315095247609861,128.86647434393308,-3.9547662184886576,-5.909363587865755,1.6835731596074766
2025-12-12 18:23:23.508858,Left,56.504527283808784,64.02365449481354,76.9944332448249,60.011810695819804,-231.0438816255155,60.526633836161636,63.03709628313959,70.53603490675141
2025-12-12 18:23:23.511889,Left,37.33376042377131,27.52404479053635,41.818225945928134,34.50662382984774,-184.3059032002884,32.80995522911326,29.856826175200922,36.06531721231204
2025-12-12 18:23:23.515837,Left,-19.855795843714077,-39.761850098622546,-22.863141704467125,-24.707002915143676,170.90373342291423,-27.03382926462109,-35.546966771616326,-28.619808876003844
2025-12-12 18:23:23.521893,Left,-5.455345059506726,-8.179453784652821,9.162333105166908,-3.681264818753334,160.63008635260576,-3.9185063870663726,-8.314447144824499,-1.1353125782698044
2025-12-12 18:23:23.524922,Left,52.66671834594672,62.91528746255051,77.95280963683945,56.91580863798481,-200.70917447302054,57.84944053248364,58.72843154035513,63.07445203928819
2025-12-12 18:23:23.528916,Left,42.64609535590898,37.844210824660195,51.73839011375094,39.685685553928124,-237.06197391181377,39.632017891950454,35.88411350595288,37.60160007323975
2025-12-12 18:23:23.532870,Left,-21.004256351496224,-40.32580800079961,-24.848228915436266,-28.193101597022178,122.22211692287965,-27.717474981971463,-39.11326885142694,-36.16821402052483
2025-12-12 18:23:23.536948,Left,-23.56587460400806,-29.547482591290873,-13.272341870579112,-24.467345501971067,208.38213196920697,-20.66939942488716,-30.65325582018511,-25.539898696478303
2025-12-12 18:23:23.539942,Left,35.845749620422794,45.7825623788342,59.99812589697285,40.0740522328324,-135.62786072412564,45.58258246010155,41.23257362151759,44.97517810545287
2025-12-12 18:23:23.543909,Left,42.98473087356615,40.76712248619447,53.107161765217825,41.826521672434865,-260.9020226087796,44.84652528068,38.16342711535867,38.992854433589855
2025-12-12 18:23:23.548974,Left,-16.970405211113757,-38.01200064380146,-25.131326434714538,-24.05293860556867,72.8700959332291,-23.777705575992513,-37.282511228837336,-36.13239337216601
2025-12-12 18:23:23.552967,Left,-30.873462251276578,-44.0435918611106,-31.058349530027954,-34.20022379965576,246.5789999007593,-33.20688479997807,-45.66015800426476,-42.01416538725516
2025-12-12 18:23:23.556939,Left,30.235335970653978,34.28282156312025,44.47687083662095,31.487064530458156,-61.269327635891386,34.249639613100044,28.237491079311667,31.851651895709438
2025-12-12 18:23:23.561005,Left,54.992882406941135,49.830744463448355,57.30735286491745,50.49810728288685,-274.02838751272975,52.82367338726908,45.50809823815257,46.86006251698291
2025-12-12 18:23:23.564035,Left,-1.9710513357731543,-29.706761239187927,-21.313469648055616,-14.46965920650291,4.126205465810926,-12.752517136210372,-28.343239083181288,-27.03700735011853
2025-12-12 18:23:23.568022,Left,-35.85232113345319,-61.19579046122317,-50.006228020731214,-45.56571058209374,249.00635134715412,-41.675290781176045,-58.96431743417702,-55.31410705200142
2025-12-12 18:23:23.572050,Left,12.961886792617406,7.833458405994861,20.232168795184407,11.194400876483087,-0.7411811775637034,17.706340138603082,6.608205531840895,10.708087537810115
2025-12-12 18:23:23.577079,Left,48.920156951180616,43.10772109666868,56.028740785715854,46.77027083399571,-279.6593858233573,52.76070108726799,42.60964780461518,44.752534153868964
2025-12-12 18:23:23.581056,Left,1.7196870450115966,-23.80059101814004,-8.405257871082085,-5.721305715927883,-67.36781034893829,-1.537734152032499,-18.790811700048152,-16.683796156241442
2025-12-12 18:23:23.585078,Left,-41.647194735360245,-67.88432729979468,-49.617763330509206,-46.42951345799611,237.661782047815,-41.43292869707966,-61.10650143140765,-56.10257445727848
2025-12-12 18:23:23.589150,Left,-0.46863737971125374,-6.32368582809795,11.761639046696928,2.527642043288324,65.91108348681155,9.672145528902547,-3.5741506065139674,2.800477290854815
2025-12-12 18:23:23.592147,Left,48.10746370030756,45.790047747719655,61.62696810481543,50.30733467519349,-256.42065388766423,56.91690347738222,46.60017442064259,50.8871574923578
2025-12-12 18:23:23.596121,Left,13.82585870056846,-8.361945466784164,6.83342706457438,7.901947126391406,-120.71107114875304,12.128025293071005,-4.42398951512223,-1.6266971895122424
2025-12-12 18:23:23.600143,Left,-37.66404059572778,-65.63846087476122,-49.85376907112857,-44.70223636957917,221.34037695735242,-40.532216265291936,-60.593592442010504,-56.1261507658694
2025-12-12 18:23:23.604141,Left,-8.459705135982404,-16.744060485445516,-2.563257010046783,-8.548334015438286,128.3117526574697,-2.4517742594953233,-15.663187887310869,-9.83101947433147
2025-12-12 18:23:23.610158,Left,47.716930898299324,48.43999854083904,59.30949230256056,48.74366962265822,-228.22600263090135,54.420364602616246,47.87051223180697,52.09616429475557
2025-12-12 18:23:23.613144,Left,26.31062942470271,9.315265619934507,19.298682138833783,19.984139550581403,-183.4865502935554,22.672590712107194,13.535574497362177,16.552284288720102
2025-12-12 18:23:23.617166,Left,-32.05663276723408,-59.28691863688982,-47.26162517419539,-40.45299075614594,175.49241289230667,-38.751195620107865,-51.03373179867049,-45.74252864291486
2025-12-12 18:23:23.620176,Left,-17.720368155713913,-27.1209904671432,-14.185517168697515,-18.383318886517372,171.5385843693166,-14.399681968788173,-21.253359798877227,-13.332605728750764
2025-12-12 18:23:23.626154,Left,42.68822221124219,47.66971078382994,58.88455520420666,46.29762825822854,-195.7244348405693,51.62835330892358,50.55045206722343,57.809032094016814
2025-12-12 18:23:23.629151,Left,35.386337417055984,26.513122888683938,36.574874927578094,33.24891079111853,-248.09488089640035,36.88154083297741,31.794055166072212,37.56885548065816
2025-12-12 18:23:23.633211,Left,-28.721744513374688,-51.595767638596044,-40.74969571581096,-34.66445132348127,105.28560253397882,-32.44084885659777,-43.67078952823613,-36.51517337119935
2025-12-12 18:23:23.637200,Left,-33.944732445769205,-42.67072303641544,-32.414662135515755,-34.0446407883392,201.1618009647973,-30.893147111713006,-38.34124238602635,-29.35706726810531
2025-12-12 18:23:23.641255,Left,25.39332946236709,34.55167461336896,41.0985936102652,29.818210317075568,-136.5168713073781,33.10325379989308,33.75355303911738,40.633690999060036
2025-12-12 18:23:23.645253,Left,35.369470654926545,34.872721336770155,38.10463125880506,34.413437972061274,-270.2425663205413,34.99071563512598,35.06455900434321,37.87059166344034
2025-12-12 18:23:23.648271,Left,-24.138320932226634,-41.37421103520228,-38.25432365607412,-29.87767215226677,54.14448549904773,-31.39464954604273,-37.18695579493806,-35.10055975400428
2025-12-12 18:23:23.652303,Left,-42.99237470852199,-50.480166498549806,-46.821349708938214,-42.740739190141085,230.99133785868253,-42.793852377788426,-46.81591840260353,-42.51108603584589
2025-12-12 18:23:23.656275,Left,10.52485093557857,22.60668908417938,24.787246114225127,18.13335898121568,-67.94201880265427,20.205550327040328,23.579361889458596,28.21949232319548
2025-12-12 18:23:23.660248,Left,29.517577595847,35.062982523254504,36.05110246182994,34.07789107830922,-275.1354859233943,35.53897520948021,38.728528901085156,41.41500106360354
2025-12-12 18:23:23.664311,Left,-28.802144650978647,-43.606537029404535,-41.01757102411102,-30.12630327294937,9.730841213755411,-29.806026743217444,-33.91857551097564,-31.69384832948799
2025-12-12 18:23:23.669324,Left,-59.681478632241124,-70.60645754220786,-66.31816333196002,-57.07893965651556,265.97036364620726,-55.03930320756206,-60.142708718483846,-56.983043156449185
2025-12-12 18:23:23.672356,Left,-5.557935618048816,4.832206124304321,7.608769576190753,5.0170519374391915,22.88271952895957,9.54192293538756,11.257711786197888,12.73553315284289
2025-12-12 18:23:23.676329,Left,35.755906343836955,46.36687247015561,46.670355323778494,45.07835764474021,-260.1402637184183,48.84124501494475,52.29882181395351,49.62459105611288
2025-12-12 18:23:23.680363,Left,-7.549380564138346,-16.069201977106786,-15.290503779602659,-4.8033823563268925,-52.76051780322268,-3.631249876078641,-6.490307139911238,-10.800570921436247
2025-12-12 18:23:23.684419,Left,-49.01602510949533,-57.71973573496871,-54.87949783708973,-44.54546870994727,255.16134603433784,-43.516658744636175,-48.37125316167203,-50.55715282452911
2025-12-12 18:23:23.688378,Left,-6.9915958513086025,5.7486428062393315,8.218512988400107,5.372254151833658,84.62194986944269,8.060074408670289,9.89993246422182,8.805540229656799
2025-12-12 18:23:23.692427,Left,42.03489985810643,59.52949330403135,59.6841959936537,54.574505267457425,-248.2024683141608,56.762920252734375,62.025576033057405,58.59202801543688
2025-12-12 18:23:23.697409,Left,6.236822311287597,4.09506937425158,3.5937111915136484,11.531582102141329,-123.40841139746044,11.565433706210115,11.062853873177573,5.825733469236184
2025-12-12 18:23:23.700435,Left,-49.56298791910194,-58.241520886343096,-58.02874195568256,-45.101996682547,222.85891154315868,-44.74454626203283,-48.89575608697396,-52.6726606622824
2025-12-12 18:23:23.704431,Left,-24.4418156737147,-13.848595660340834,-15.120263595235883,-13.098604420137235,140.6523463736121,-9.959294535314257,-8.225166499099942,-10.750229855412726
2025-12-12 18:23:23.708382,Left,30.42257480800299,50.298068660139506,45.518921358881926,42.55015023555825,-217.56274074397697,46.638073149308184,53.49121245669994,49.102343132415626
2025-12-12 18:23:23.712440,Left,8.000905671181044,9.866432517715111,3.5457779335374653,11.802151865563246,-182.83619184244162,14.154666757432096,16.884611173871235,10.660162002759535
2025-12-12 18:23:23.716483,Left,-53.19365757718606,-63.040575162701316,-68.38061236407884,-53.21471149725767,177.6487611326993,-51.48186287796625,-52.588798978712475,-57.55165152040445
2025-12-12 18:23:23.720485,Left,-39.99474147110186,-33.6679842155354,-39.41861880287979,-34.49029318938847,186.04598076353068,-31.1581033901266,-26.161951270800273,-29.639903892397342
2025-12-12 18:23:23.725486,Left,23.93092404449999,43.490533639595924,34.79685513618824,31.24361374088585,-177.77498486387776,34.80857510105125,47.053222741104946,42.12197190429106
2025-12-12 18:23:23.728498,Left,21.732036152847286,26.082849948585135,15.684412315276859,20.503813179644567,-239.28231879510895,21.736333490190646,30.908654722682513,24.51213359907979
2025-12-12 18:23:23.731506,Left,-39.733911743270255,-51.50723713825664,-60.63892190558545,-47.57751459069823,108.8062950497615,-47.341391230234876,-44.75426445582798,-48.94691974556281
2025-12-12 18:23:23.736521,Left,-44.71971689411839,-44.488138313066884,-52.909724017157714,-48.67104592390206,208.8621236308054,-46.044467770398114,-41.2624608444894,-42.57212286136655
2025-12-12 18:23:23.740530,Left,14.504077673263055,31.360208416396745,20.792202174052363,14.43395465541471,-127.9008917607025,19.285834031293234,30.269290710760288,27.471060686556484
2025-12-12 18:23:23.744535,Left,24.333733530174868,30.790139094188817,18.332631953609962,18.90265250729317,-268.4758006545253,23.048955650990138,31.897513057413562,24.96710003068347
2025-12-12 18:23:23.748567,Left,-36.16478483852188,-47.46814345759776,-58.949890161064104,-46.53762744368396,54.46042757155101,-43.436115443793824,-41.521486813715455,-49.62656098530715
2025-12-12 18:23:23.752560,Left,-55.054732491065806,-57.467167047654584,-67.91383245184988,-59.83015289154355,240.25979149606883,-55.773059278767505,-52.653597246877325,-58.938986698637564
2025-12-12 18:23:23.756575,Left,2.8716218422096063,20.290053156147223,8.021572281624685,5.026848077477553,-55.19320113559661,9.192288256024767,19.72840789179645,13.782775846875666
2025-12-12 18:23:23.759610,Left,29.956352883501495,41.91114640665273,27.38543034876784,28.36198494589189,-275.0489909624812,29.066299787460594,39.856376604166144,32.672156027101664
2025-12-12 18:23:23.765615,Left,-22.03149511609172,-29.581966404406558,-43.67369149986553,-30.52564084442929,-5.731551294448764,-33.65699876672352,-29.88020397712353,-35.845294024018585
2025-12-12 18:23:23.768644,Left,-51.378336742387546,-54.53628611851855,-67.53409318003105,-56.62554015062051,247.13090978618948,-59.69401186047071,-57.323589283635556,-59.88837990272805
2025-12-12 18:23:23.772636,Left,2.1126779934093065,20.91367704514323,6.457608472741413,4.862997758658821,6.572771673364514,3.9763505826649634,11.942021810361439,10.269316372976391
2025-12-12 18:23:23.776643,Left,43.189305232103834,62.493063097264894,45.91619650413122,44.86061116905148,-279.77747638138953,43.93592971837097,51.99617210338329,48.25432300355351
2025-12-12 18:23:23.780651,Left,-1.4436427858590832,-2.3235572744042656,-18.04784752104024,-6.687213742205131,-75.88536604162687,-9.069555524311,-8.615890238581414,-12.660160827392247
2025-12-12 18:23:23.784644,Left,-45.978601380671535,-49.059358706600506,-62.41651307779102,-50.36653695302266,238.4246707073479,-51.92912964178777,-53.573204417318266,-55.09663596853534
2025-12-12 18:23:23.787663,Left,-5.292067815598784,11.460817383140238,-2.0578047747294477,-2.96288271661615,76.33263150733364,-2.3845853576322042,3.708764768814035,2.774693584169654
2025-12-12 18:23:23.791621,Left,46.06312090521078,66.51474956083075,50.9996580074876,47.01341796961242,-258.3547856661745,47.10238210139687,57.54731178176189,53.56591095713884
2025-12-12 18:23:23.796692,Left,12.394915372806281,11.53856362454735,-3.7699548697164573,4.162661302512788,-138.6451059771506,1.8435158324873555,6.146177740341955,0.3623576617883373
2025-12-12 18:23:23.800705,Left,-45.36277179843,-55.216355952339654,-68.210392614983,-56.17492138837406,213.51424647193016,-58.37192005235738,-59.07822358990779,-62.510430407273816
2025-12-12 18:23:23.804651,Left,-23.760101541294716,-16.14143399364457,-28.731004404075065,-28.48940340376612,142.65346772935573,-27.776336551753047,-23.594881184470978,-24.68821095669591
2025-12-12 18:23:23.808707,Left,31.52129965815584,48.29550671547713,33.55348471405159,27.935592778980208,-214.8869231709955,30.089880507619455,39.15905895713149,36.68789417038897
2025-12-12 18:23:23.812731,Left,13.934771419560093,13.550842668984842,-2.3635168549044465,3.1849546410157927,-187.80739444913934,4.2396624906004945,8.505300119730236,3.9628283821057266
2025-12-12 18:23:23.815742,Left,-43.34610962735405,-54.7293330577977,-70.02714559502783,-56.32741505262129,173.7930644659159,-55.47216075648521,-57.14024887121832,-60.81690795302711
2025-12-12 18:23:23.819754,Left,-30.724889577597423,-25.48603194516818,-41.74440554283865,-36.273737633377095,194.1553635276523,-33.974279977444894,-32.115700169631964,-34.48610983011167
2025-12-12 18:23:23.823773,Left,30.190977430359453,49.01354147661368,29.470809117949102,28.492804075580352,-161.473013769134,30.181017083927145,37.855639634276486,33.74039918403287
2025-12-12 18:23:23.828776,Left,25.230305992286958,28.576802709822005,7.362145016744762,16.76513117963259,-221.29681671734033,14.968995651604928,19.537502189145926,13.172916029225235
2025-12-12 18:23:23.832743,Left,-38.45016095420215,-52.31269105923366,-71.7903329564615,-52.05933406175245,135.2991688462016,-55.509456177504035,-57.161617330029,-62.27017528378201
2025-12-12 18:23:23.836795,Left,-44.54397082526884,-47.15393435023361,-64.87452952239619,-52.4100521989767,251.78294579870635,-53.10749518432385,-52.57192236467836,-54.969210154717075
2025-12-12 18:23:23.839813,Left,16.07791281696973,30.829262723425018,12.622141636911692,14.79143925635617,-77.90661950964022,17.21313298709174,23.630498492763763,21.0586416664446
2025-12-12 18:23:23.843837,Left,29.978620313142528,35.98628264479066,17.712609174974205,25.96483120197263,-227.88593982340535,28.115714351646602,32.17733441781638,27.803063969642608
2025-12-12 18:23:23.847840,Left,-25.564625037943188,-36.24068336828532,-52.19967580158482,-33.58458905545558,83.37565572295716,-32.73284569219868,-35.38698784782355,-38.99539468061994
2025-12-12 18:23:23.852785,Left,-40.882648977669305,-42.55089216689794,-56.77568723171498,-44.41952099138507,265.53393744983987,-42.8006096825211,-43.405033443063076,-44.52007154052444
2025-12-12 18:23:23.856863,Left,18.83930907080685,36.88409987983778,21.25732044531469,20.348217787002795,-34.75354889393748,22.777118153151605,30.904475150906364,29.81410566130762
2025-12-12 18:23:23.860857,Left,46.071028841231964,58.42574952697896,41.111036152084125,42.3691251285818,-267.86689055587703,42.93892288869574,52.51996125698133,49.53430488887716
2025-12-12 18:23:23.863870,Left,-10.091264363693881,-18.142969276497297,-33.96543466970979,-21.47368618712062,-6.990286875590755,-23.12804017084818,-19.875874031872627,-22.181998585141628
2025-12-12 18:23:23.867921,Left,-49.477666594922994,-54.42830596083422,-67.48953902527865,-57.55968984739775,254.9162317808241,-58.51714037047168,-56.042584873644955,-55.10953916409744
2025-12-12 18:23:23.871898,Left,-6.471212891114192,9.905142113067996,-2.796347047944437,-5.419704595349685,29.154527427690482,-4.6835935170593075,4.719929222112569,6.513234415697298
2025-12-12 18:23:23.875967,Left,30.49700439996559,47.48367545276051,33.76660688266202,32.202308142010224,-254.36826305769318,31.934072587433548,43.271105308357164,42.394241246465754
2025-12-12 18:23:23.879925,Left,-12.66605892291227,-15.963457178578665,-28.86745255801725,-16.529109236669683,-54.90663181539094,-19.053024652676868,-14.221019420346693,-16.725883773055102
2025-12-12 18:23:23.884926,Left,-55.698971444518065,-61.769825240638966,-73.07258979576363,-58.06390122804987,262.5638178545687,-59.916074605054746,-57.75299628815446,-58.971797972146305
2025-12-12 18:23:23.888941,Left,-15.602866618292865,-2.0442411082685794,-14.233621910861984,-10.856530584716893,108.33033600305316,-9.586299331965165,-1.4631805868966694,-2.496698276072493
2025-12-12 18:23:23.892968,Left,34.547083059018405,52.5341283479861,38.01979065985506,38.40456977269605,-226.39786651094983,41.23770147664709,52.109918921045846,48.07010422017629
2025-12-12 18:23:23.895963,Left,0.14574850255212368,-2.0250120849277664,-16.51101831133201,-4.774383868179939,-111.43827690006219,-2.1307975981562777,2.0155419717616496,-4.341356882163382
2025-12-12 18:23:23.899982,Left,-57.10424478971618,-67.40021485049647,-80.06603760243888,-64.5408046168759,244.00870904705516,-60.39550367114498,-61.174111759883544,-66.5460812230358
2025-12-12 18:23:23.903982,Left,-31.928337097839176,-24.17009253862261,-37.56067891407292,-33.43891089436147,182.0020255044219,-26.297140034659606,-22.256259493664857,-26.789205616554682
2025-12-12 18:23:23.907964,Left,30.688434839482397,47.90566485557838,30.676943163642136,30.104914072027896,-175.1876842413767,37.38411045236353,45.87732858643949,39.25375166062349
2025-12-12 18:23:23.913008,Left,21.02004886274699,20.52149754856373,0.48743890916375676,12.74023848023171,-157.16250849247444,16.481952561070102,19.93172458899653,11.578180914111726
2025-12-12 18:23:23.917010,Left,-32.26099681557662,-45.23687888365339,-65.42456089585903,-43.787334354745326,198.49923923704046,-42.68813173666513,-44.725976175937376,-51.38098161650214
2025-12-12 18:23:23.921017,Left,-20.096647263124396,-17.496581062142923,-38.104779401670385,-25.085933514650606,218.66334272841414,-23.570926331172814,-21.059752337070677,-25.755664455482474
2025-12-12 18:23:23.924045,Left,39.07783903308973,55.94998607322145,33.78616504944512,38.04407493210056,-141.59275628035175,39.5184898907728,49.08666214928212,43.05056720573157
2025-12-12 18:23:23.928000,Left,33.025172899311656,36.38308394951855,14.971062334672752,26.41867107087637,-212.46712447366008,25.41204034673956,32.985158731181855,25.170414298043397
2025-12-12 18:23:23.932109,Left,-31.825991718123987,-43.8423108356028,-61.06257285193715,-42.15242819222476,136.6002456686765,-44.60985034481746,-42.525586751892206,-48.37403757636275
2025-12-12 18:23:23.936112,Left,-39.02418573222258,-38.69446010414708,-52.48170118236885,-43.00585849669187,251.46831120086063,-43.64670789978845,-38.96983314932072,-41.44770094240084
2025-12-12 18:23:23.940129,Left,22.688467379528902,40.61426400362757,26.607881904761598,24.46859304389818,-82.99392218345383,25.54132118809048,36.26132073265603,33.522164157188854
2025-12-12 18:23:23.945124,Left,39.40347160986039,47.43555695824034,32.48746025595028,36.454215417030355,-241.0878065678262,36.37655461331997,44.354856476863574,38.78270184647499
2025-12-12 18:23:23.948135,Left,-15.861579854011325,-26.9615144127971,-40.441395357109286,-24.817328317815736,71.8211855553418,-26.1217253395007,-26.1047106931519,-32.0676875897434
2025-12-12 18:23:23.952121,Left,-34.66874860826738,-38.71494032200508,-50.31579989251986,-39.72516842443201,267.74748231621925,-39.53892389109296,-39.25376229989308,-43.23599721795472
2025-12-12 18:23:23.956068,Left,22.23814378512725,38.126816022467096,26.215080126836256,23.455761603619976,-22.726054241858947,25.223296637144813,32.620742504855116,28.625044372453885
2025-12-12 18:23:23.960134,Left,50.18738591743613,61.849572089698825,49.69170842782114,48.17306903795816,-257.09502222306037,48.39301417590195,56.07687030486255,50.15782068572753
2025-12-12 18:23:23.964154,Left,-4.124564281796211,-12.465263415148684,-21.867426946500927,-12.578582319547422,6.445650284833391,-14.848294090208583,-14.303333984501819,-19.624868148531277
2025-12-12 18:23:23.968161,Left,-42.312758215252416,-48.59763243518199,-54.60205837055764,-47.50094496898237,283.23101134424724,-49.5672050329631,-50.11494749887234,-52.221954795126294
2025-12-12 18:23:23.973188,Left,3.1373048216328243,17.207035786030872,11.357945566043782,6.261599184102124,66.47476321551585,5.672741953015247,12.4105244100272,11.32627513982061
2025-12-12 18:23:23.976121,Left,44.495561216536316,59.027045682618876,51.525735621715285,47.25919282427003,-230.33135293776286,45.970977727467925,55.12234656976054,52.039753219541126
2025-12-12 18:23:23.980187,Left,4.226782784735406,-1.5301496024086703,-8.498173021111143,0.5468232357543457,-52.40646150642351,-2.3287917723791907,-0.024361583514973972,-3.342000054343771
2025-12-12 18:23:23.984204,Left,-40.72639872222908,-49.493166181215706,-54.4777859869173,-43.26797414529483,259.0729101141915,-44.98208095924565,-46.500408957781076,-46.82085656347954
2025-12-12 18:23:23.988213,Left,-5.347959800985336,5.667787018207605,0.2726837271475233,-0.2081137814975591,112.14579204576512,0.6557351690134965,4.42230236027541,5.589702344489069
2025-12-12 18:23:23.992224,Left,42.93859595885033,59.345712936266494,51.50060348404804,48.74499189229027,-222.88357208361776,48.91383886328731,56.36603452358861,55.23037637990137
2025-12-12 18:23:23.996253,Left,11.454757322718251,8.989805345803973,0.5420767545074341,10.568438993992459,-119.93320907913949,6.769686437128257,9.755259353662154,6.899129735014867
2025-12-12 18:23:24.001255,Left,-41.912360392146184,-51.54943939833703,-58.57480128762836,-43.45579657703183,228.5671230055159,-49.933660029123075,-49.510861897100085,-50.517063093270735
2025-12-12 18:23:24.004259,Left,-15.56246451428592,-6.800350417606751,-14.09340802803672,-10.310952169224947,172.23701128449102,-16.879222319069413,-10.137698353560381,-9.413727826824925
2025-12-12 18:23:24.007232,Left,44.68078968789132,62.42195675264384,52.748695115662485,50.35774047472205,-178.1072604191795,43.22719676733959,54.71282553838864,53.8438532827513
2025-12-12 18:23:24.012233,Left,29.282915716284833,27.988988508434204,17.67776102242533,25.86608262357413,-159.61826515759458,17.109490676388987,22.866664546825405,20.426534219331643
2025-12-12 18:23:24.016305,Left,-31.231432372948575,-46.37840676994949,-54.57789240002239,-39.01798220900446,196.80812318412063,-47.260824194604766,-47.87430306194551,-48.27041277807393
2025-12-12 18:23:24.021312,Left,-24.246263174880823,-24.27518220917841,-31.287227279124636,-25.478153526812093,223.10273721565682,-30.63011738607497,-27.246196944997337,-24.90313076171242
2025-12-12 18:23:24.025321,Left,33.83986655078138,48.41065100987157,40.22733174993482,37.598958838229464,-129.6730202638173,34.04046577688155,43.72572002215975,45.39950823272693
2025-12-12 18:23:24.029353,Left,29.455966591304104,30.674570407808005,22.443332926435687,28.99724891573851,-193.90180117955242,23.808006536933135,29.790175677913112,29.48577212912255
2025-12-12 18:23:24.032354,Left,-33.29861892853364,-47.510831775109295,-52.88135878806861,-36.27851134724597,162.75297075274284,-42.724416718998896,-44.33960505444588,-43.830708961485016
2025-12-12 18:23:24.035351,Left,-38.11957161885016,-39.11723691091868,-42.13419606800926,-33.789616998062684,281.19805383781204,-38.797685784469195,-38.71933006828249,-36.20378379703652
2025-12-12 18:23:24.040367,Left,26.56891272602502,45.314584249395466,41.78730401780558,37.24227312798712,-60.95282184617099,33.3636776881238,40.549766652581866,42.270035346891746
2025-12-12 18:23:24.045395,Left,44.44024778883045,55.2322401219476,51.40303628100992,50.150370966985975,-230.31123975249284,44.77647764700947,51.244344141602596,50.9386195736015
2025-12-12 18:23:24.048341,Left,-13.634340701583596,-21.649102894817702,-22.83800396758852,-15.086056522065064,83.48658714090561,-21.581146089217256,-21.527214924922646,-20.64882286069792
2025-12-12 18:23:24.052378,Left,-36.58587684373788,-38.318455373758184,-36.70243391805707,-35.4768279337668,289.20622823593294,-40.05198417250591,-38.988659612202355,-34.99708280952211
2025-12-12 18:23:24.056403,Left,19.147484211339247,36.823089842969466,38.27068896502351,25.91650303824963,-2.797623031594412,23.35370859497209,32.060402413505926,35.90464460318026
2025-12-12 18:23:24.060466,Left,48.398618107826906,61.730245386121396,62.420720599620836,52.12053028120704,-253.3401982736941,48.38092886522395,57.95473143231993,58.60620325354881
2025-12-12 18:23:24.063437,Left,-6.171355336609622,-13.275296440548686,-10.457693536061925,-8.50367409125488,0.7790256686312205,-14.070880043154602,-11.55146188822846,-11.807272225506438
2025-12-12 18:23:24.067495,Left,-46.28714304124799,-52.00452303533416,-46.14993911941019,-45.23411630423561,285.5271890926051,-49.414832050593986,-48.88297519662092,-46.7642122523425
2025-12-12 18:23:24.072442,Left,0.10421887226152649,14.613380511613968,20.51132269721529,9.228231449587952,75.015292763037,7.930989798069049,14.20839519601941,17.236791565101683
2025-12-12 18:23:24.076462,Left,46.41893126171493,61.606961188466585,65.70436742943639,54.62961691366792,-234.0513054592957,53.634875441908434,60.95422431647603,61.81198655069409
2025-12-12 18:23:24.080428,Left,9.5221400806509,3.842394244118168,8.044970861637921,10.462440980560245,-71.75729402381694,7.906583592534616,7.853727451515624,7.613910155274198
2025-12-12 18:23:24.084497,Left,-37.89450415584497,-48.109316671645956,-42.58958679596526,-36.84006198485014,243.9894909696268,-39.302851960443604,-42.61284176677509,-41.03760516398211
2025-12-12 18:23:24.087500,Left,-6.707907699117129,1.6407466383636802,6.198746974208916,0.9656806117083114,114.98569822715217,-0.3478710013791897,2.738293055127542,5.241899587701823
2025-12-12 18:23:24.091561,Left,41.85839169008716,55.39776597719276,57.494421131977106,49.17630760926167,-212.9702750957331,46.8450225351753,53.96531155452294,54.548576014077184
2025-12-12 18:23:24.095525,Left,14.294919227088641,9.099313232688473,11.216978012092113,13.997998243217012,-118.07184338516527,9.642404631349564,10.911500464744677,10.39138636854966
2025-12-12 18:23:24.099573,Left,-36.83364597813075,-49.20211782902504,-44.73381191969838,-38.15184333994125,223.66800223436076,-41.204878910195475,-45.14567508762093,-43.76328349226878
2025-12-12 18:23:24.104561,Left,-12.23581082699566,-5.6856997673976934,-0.5849728156272249,-5.898528899420285,167.52360482647782,-4.5656970244872355,-4.503340646866036,-1.8620201516271209
2025-12-12 18:23:24.108586,Left,43.82499047134409,60.81008198833922,64.33556421113826,52.54337191509194,-185.98433396009204,56.55037743006096,60.619836759449754,61.218645737287375
2025-12-12 18:23:24.111583,Left,23.539850632140137,23.020506556985282,26.57259205781338,25.030241839521295,-176.0094065159101,28.60568353547933,27.535542590936984,26.363330404941735
2025-12-12 18:23:24.115601,Left,-41.757276098366376,-55.461648345958395,-49.422851416623416,-43.87119772738981,177.78711957694395,-40.340416899807224,-47.05447868366764,-46.312060318911676
2025-12-12 18:23:24.119587,Left,-37.3235607240471,-35.859805710380115,-28.611679559740423,-33.198770243095055,209.32859765837202,-28.183759208574884,-30.54622528617392,-27.31901328501283
2025-12-12 18:23:24.123557,Left,23.12648295745481,39.26540161642187,45.0511698612836,31.210515162848424,-143.7109171160737,35.821720115588505,40.17122408779278,42.357245052645226
2025-12-12 18:23:24.128599,Left,24.61621118393606,27.430260184562144,32.59384825490906,26.857130850902195,-219.38073523388812,28.042558446083603,29.35022223178794,29.318145326539934
2025-12-12 18:23:24.132624,Left,-34.18644608084787,-47.22025923053161,-39.94712268865851,-36.42638785822987,127.23531433752578,-37.58948890566444,-43.4421552846261,-42.46076457849881
2025-12-12 18:23:24.136637,Left,-40.167520578033475,-40.83160952634404,-31.79524431740674,-36.79520944907631,247.12570128336301,-36.66938639161526,-41.00338114331544,-37.39083518559664
2025-12-12 18:23:24.139650,Left,20.391585458305826,38.438161693342636,46.93088170783676,29.245958073907104,-88.87744352415757,30.989424399041127,33.24326643295308,36.63286445064227
2025-12-12 18:23:24.143650,Left,34.835797881110125,43.83291178132583,52.50358987126674,39.003234054839595,-255.81916307796564,39.62793228592909,40.84913853115086,42.10139578027406
2025-12-12 18:23:24.147604,Left,-24.677243156202508,-35.356151571747944,-23.64285638461979,-26.330281761691595,60.65037264833518,-26.93457471390684,-32.078810840922415,-30.630134564174114
2025-12-12 18:23:24.151656,Left,-47.525132067107165,-52.05511425684858,-37.805676458935295,-44.835699021048185,274.3155271555297,-43.66064280321916,-47.74894569639537,-44.48968653025736
2025-12-12 18:23:24.155695,Left,9.421116022057163,24.937996943266967,37.856428654458,19.07328894164698,-10.43048689384159,22.579971871140515,25.667446943156392,27.91215613660961
2025-12-12 18:23:24.160691,Left,40.41721156030337,52.308554454596106,62.45840187542376,47.37318947810627,-260.5844802374231,50.24445163787004,53.00554998386224,51.82587568167514
2025-12-12 18:23:24.164665,Left,-12.60608731675552,-20.937179017728113,-11.197618058095827,-12.016092859765195,-7.479872623051051,-10.71229625425076,-16.510725761686444,-18.46994636452291
2025-12-12 18:23:24.167669,Left,-51.0700128238409,-58.05208086370942,-47.65607216118451,-47.405149729595905,281.843928539427,-44.86943792776947,-53.51996454476193,-52.906794514797184
2025-12-12 18:23:24.171732,Left,-2.100763389330723,11.305678162875438,20.177718724795184,9.512649569212499,78.19600781132976,14.454539056279827,11.961781225063532,13.63364273160937
2025-12-12 18:23:24.175760,Left,47.116538009205215,61.071958310771834,67.50015204072452,57.05752648775797,-226.40397540782578,61.69762250909753,61.40999372133092,61.02014686025905
2025-12-12 18:23:24.179764,Left,12.635612092190968,4.554629354211329,11.020028840579016,13.21441812683679,-59.77780858598999,15.939858452531553,9.073871559490726,7.6937173620624435
2025-12-12 18:23:24.183759,Left,-31.799429025660856,-45.89022952976279,-37.945919708112456,-33.55868271180998,258.2911811970298,-30.50350332647122,-40.58466508961055,-40.11057062762097
2025-12-12 18:23:24.187785,Left,3.3384020556984524,7.527894183603394,14.707072283216121,7.05233761845102,119.97630727161595,12.0415989013145,8.209684438345448,9.38270622912296
2025-12-12 18:23:24.192803,Left,53.99278198593447,64.10803195607355,68.93181040190439,57.63558900521184,-227.05170650485888,62.30718757731938,62.755951879789336,61.508069736597236
2025-12-12 18:23:24.195737,Left,23.726017452881933,15.256694355664422,20.075530845103003,20.138196505214182,-141.90046090900796,22.525325958364192,17.76407764875603,15.178270292132083
2025-12-12 18:23:24.199805,Left,-33.568117653122044,-50.04239655235847,-43.06152767800177,-38.55557064070763,208.35314120738258,-36.35737874044753,-45.52951967391846,-45.55250889920899
2025-12-12 18:23:24.203812,Left,-13.489761810022173,-11.605276097676324,-4.518935784810765,-11.603930003629102,160.9702998173525,-7.348458405108431,-11.563341493651478,-8.971638171229415
2025-12-12 18:23:24.207837,Left,43.26158114752161,55.95988246750562,60.4722773410042,47.1197883565369,-200.15171264367564,51.17934649959716,52.1116006033717,53.726573776993746
2025-12-12 18:23:24.211834,Left,26.368637148496873,22.014986517053103,25.40846079695757,23.331250692490812,-198.58217238353063,23.874615427021126,20.652547201478683,20.653448668309466
2025-12-12 18:23:24.215868,Left,-37.24172532972648,-54.943564820983056,-49.750890229422566,-43.09344609052823,170.1357949508074,-44.79555097825323,-53.31054911338356,-51.84021397165429
2025-12-12 18:23:24.220895,Left,-31.24508312964508,-33.77196379486713,-27.464846058250714,-30.27039257200431,226.67748975002723,-30.65926642479917,-35.07584192101422,-31.634356229173136
2025-12-12 18:23:24.223873,Left,35.17492995669818,48.30512416234728,53.182550751927465,39.95245417985052,-129.15544882540598,40.733814099067786,42.714171083943484,44.661980969797696
2025-12-12 18:23:24.226833,Left,44.45351199984316,45.07989938960918,49.106948009517964,42.3408951206593,-237.40620644401315,41.51993751483769,40.362503496564386,39.646786612506276
2025-12-12 18:23:24.231912,Left,-13.066147032368917,-29.487817237966738,-23.78894475156676,-21.1459214926208,90.82388477648419,-23.542387092468744,-31.90080765529183,-31.8550076032393
2025-12-12 18:23:24.235921,Left,-25.85367043954966,-32.74327069057381,-25.852355540240296,-29.23149561705577,232.87408430730102,-31.030081508007243,-37.792220011515155,-34.872483418860384
2025-12-12 18:23:24.239934,Left,28.594808113408362,38.47059220656729,43.79473960326368,31.080134462082697,-71.46742607440865,29.206633520531796,29.51185443791428,32.84245686598638
2025-12-12 18:23:24.243950,Left,45.26773771061289,46.555815769846504,50.26593141901776,44.31357049222834,-239.5931481455209,39.644257083209595,39.532173534175854,41.2862801327542
2025-12-12 18:23:24.248961,Left,-6.8912902266056335,-23.594204743372302,-19.04609195100511,-12.667176220127658,48.971615831556846,-19.397077910522057,-25.8656305488862,-23.584705464694935
2025-12-12 18:23:24.251973,Left,-26.47661468825254,-36.44039700206258,-31.119403006788616,-27.862779381480323,248.68142599258135,-32.678543798650026,-38.927380495563284,-34.43045885569518
2025-12-12 18:23:24.255958,Left,25.855183046963703,34.357086408153464,37.59121560937092,30.62147557751814,-19.57656948865224,28.97019465809535,28.77184987363762,32.9534069711998
2025-12-12 18:23:24.260109,Left,49.71292741764819,51.78624022833992,52.49449127224216,50.62262628544431,-247.92792653342258,49.61649250262872,48.39770875220984,49.91269085486408
2025-12-12 18:23:24.263999,Left,-5.948935285302923,-26.17937542658092,-24.822573692162223,-12.466227729114507,3.8712216109779547,-13.692528940909142,-23.32516370023791,-22.195771686853618
2025-12-12 18:23:24.268054,Left,-42.905358227914576,-61.9790504846078,-58.16057182046643,-47.17093355945963,272.4861736447574,-46.20975133423144,-57.78436008544111,-54.11911342087831
2025-12-12 18:23:24.271968,Left,4.935934618233205,7.431240321507175,12.168823732785768,8.11995583153157,56.2303176046089,11.876529174627649,7.562284783907785,12.262003588923676
2025-12-12 18:23:24.276085,Left,45.99570232406222,50.388223239226136,55.48423980704365,47.87552536606427,-235.1805089583504,51.274180861436434,49.811421674819485,52.94804899891085
2025-12-12 18:23:24.280101,Left,-0.1353999377188302,-16.384313395003574,-8.53452177889767,-5.705487771735079,-40.82162365269505,-4.420448296931681,-12.325037972623704,-9.192655468208727
2025-12-12 18:23:24.283125,Left,-50.790119884605474,-70.65958064161032,-59.251788685820884,-55.40312130866823,291.2437538300792,-53.783145423804854,-64.6115192022803,-58.864831582021225
2025-12-12 18:23:24.287113,Left,-11.412252708466212,-9.712619129957147,1.9889066455516513,-7.068253722802183,140.08074112831946,-3.166800766372944,-6.968782525405345,-0.7488665684294347
2025-12-12 18:23:24.292047,Left,48.25441074171408,57.99314112336515,67.47372154008917,54.86125647124891,-224.62176977073796,59.01825476290378,59.835932452267,62.35550394227323
2025-12-12 18:23:24.296090,Left,22.006303563219262,12.465937147376735,21.710683301214885,22.201864632242177,-130.15352190493013,24.555076440220546,19.10722147405926,18.613744699601682
2025-12-12 18:23:24.300100,Left,-37.39384818310441,-56.77737846483524,-45.33344742596228,-38.32982307014299,250.14030559917,-36.11003720623739,-47.58805552763903,-46.79367216560942
2025-12-12 18:23:24.304123,Left,-17.598396340866884,-18.09747991403765,-5.9765176262694695,-10.775119352819274,210.19221474899496,-6.592585387771578,-13.631606726773043,-10.777346308185287
2025-12-12 18:23:24.308113,Left,44.99530419917846,58.710443435589696,69.18520612959765,55.06253150800694,-185.28936439575364,59.75800963068468,58.310305919137704,60.057908345144654
2025-12-12 18:23:24.311127,Left,33.71691679227024,32.92860833730356,43.18067386971097,37.17147645351088,-221.37500233020228,40.19107229562451,34.030604965665106,33.997223100189416
2025-12-12 18:23:24.315140,Left,-32.445873362628845,-47.95422019012585,-35.30960470106538,-32.928849325018746,150.5253927905451,-30.338302112782912,-44.25986353520838,-43.12393112708736
2025-12-12 18:23:24.320143,Left,-35.28572454307732,-39.30241300326634,-25.19696925586186,-30.086125399286175,237.27791134866828,-25.68000647012832,-38.24222590702064,-35.31591699613699
2025-12-12 18:23:24.324188,Left,24.808746534949023,34.08499524701983,47.05237873166925,34.042952951202096,-109.82848203451181,39.02378988304008,31.946417799436425,33.48078308116976
2025-12-12 18:23:24.328159,Left,34.00260607919199,30.483517913813557,42.860479430319174,37.56811056298284,-239.21345025370965,40.41648004345825,31.055948377226514,30.174272690080556
2025-12-12 18:23:24.332187,Left,-21.098994288824088,-42.04814921889283,-27.871906057873275,-22.777630640728603,78.80170289974558,-21.33869912859973,-37.13383024660314,-37.18208584375873
2025-12-12 18:23:24.336178,Left,-31.281452173886805,-44.40770279038679,-29.0496779229843,-28.713445882349106,242.36222376300884,-25.900826210784544,-40.588303674353085,-38.16560321024599
2025-12-12 18:23:24.339196,Left,28.015598829135115,29.756576206815225,43.57355288910412,35.394235612180864,-42.220734462460314,39.31034002599972,30.545335944658348,32.57257082204728
2025-12-12 18:23:24.343227,Left,51.01630742343184,43.30127352262207,55.83032335313328,54.02823364560777,-225.983170404902,56.60426181605544,46.60221217662041,46.398341628092794
2025-12-12 18:23:24.348222,Left,0.9280147156013072,-24.883004058534425,-10.699142464046417,-1.4540830737691977,30.027483513721563,0.5815524330828339,-16.212468908056394,-15.882298352743419
2025-12-12 18:23:24.352234,Left,-23.548180014574655,-42.615154428755886,-26.393159399666047,-21.741519910867282,220.20408743158168,-16.659319978950407,-33.510524863562296,-30.374390736167697
2025-12-12 18:23:24.356260,Left,21.90244800326991,21.504204837901852,37.0106959455527,30.009753116270304,-31.801494758684385,38.37439160078338,28.018421482687017,31.431758263315714
2025-12-12 18:23:24.359253,Left,43.30109338795302,37.32626218709538,51.30467725644871,48.04800763409298,-249.72382883148566,55.769669759300086,46.32853515829163,47.22010704798436
2025-12-12 18:23:24.363269,Left,-9.574959537443249,-36.34839052697134,-21.449455718909576,-11.382526151231104,-11.269277128712929,-6.1880647743273585,-21.038424236305218,-20.551336681735393
2025-12-12 18:23:24.367224,Left,-42.15125673162609,-66.30516420442655,-49.555792497266566,-40.68517888454198,233.20937408674945,-35.57683445526345,-49.814362412950345,-46.28835495017688
2025-12-12 18:23:24.371288,Left,8.405141644738578,6.302537895186106,22.425733775553454,17.875169521127873,0.3664766658039298,24.3448469173818,18.461750852990235,23.950430481142803
2025-12-12 18:23:24.376302,Left,49.84245796342685,48.85596693875232,62.97337310813214,57.52085069411828,-296.36843898786174,62.95088114423106,60.06163718482185,64.2832002245948
2025-12-12 18:23:24.380306,Left,2.5564198570818917,-20.20110620124433,-6.023294820261299,1.376902870706033,-100.9232635860626,4.176252344855129,-4.820582461590675,-1.3876742047245898
2025-12-12 18:23:24.384328,Left,-50.42109645047452,-76.83281025098222,-61.36312504331431,-52.12006476385257,234.82424881662155,-49.68612072412452,-60.72781114293002,-55.44372952158119
2025-12-12 18:23:24.387341,Left,-14.618629871969233,-17.965439910580244,-3.5426537558780637,-8.124422138696673,86.85788229116224,-4.396971087325255,-7.350116540528688,-1.0351697190817504
2025-12-12 18:23:24.391348,Left,40.47024204729746,47.00474376381226,58.640826963595885,49.12430385474988,-277.26626058669535,51.774907743804306,54.44421049430116,58.8212129739004
2025-12-12 18:23:24.395303,Left,8.897485207186378,-3.136581260641833,7.837975725632344,10.856823555119945,-181.32673068021722,10.504040584329232,7.583406474012008,10.682992406133508
2025-12-12 18:23:24.399371,Left,-55.68268975539013,-78.17534277901996,-65.80527182804252,-56.17304043469494,207.65137520202916,-56.69556436806397,-65.78174010412886,-60.67118959718982
2025-12-12 18:23:24.403376,Left,-38.401664195548165,-43.066548851140396,-31.20723063242366,-33.59988986323992,182.20626341444404,-30.765282265037058,-36.22757759608089,-29.354467283716076
2025-12-12 18:23:24.408415,Left,26.355612152449112,35.087224126776164,44.073678638057686,31.416406694830584,-202.54429960037123,36.376391821172774,36.07271408913675,41.273050608037465
2025-12-12 18:23:24.412405,Left,20.612296444855247,14.545088763206877,22.437120799588,16.477769237626717,-238.1058767830691,20.310189688029823,16.17252479081094,19.482575276908847
2025-12-12 18:23:24.415410,Left,-39.95189371339211,-59.89047347511678,-49.97534572065581,-49.39628003369717,125.8077100917908,-46.181876548364016,-56.121120888986525,-51.25425003634609
2025-12-12 18:23:24.419421,Left,-39.46536448153665,-45.48029547609622,-34.33041838245208,-43.156706875582586,201.68786470871055,-37.589571369712985,-44.40218439872433,-37.42602552619019
2025-12-12 18:23:24.423439,Left,19.950965313941197,30.12023294862047,39.52284835036244,21.175626614314297,-150.8879459299751,29.254450924858247,28.281324680420312,33.51408814769502
2025-12-12 18:23:24.427443,Left,23.277144241840006,22.203154264185287,30.00039908840745,19.58917103351996,-273.2807417665099,28.042430165475594,23.82661886054757,25.462617625893472
2025-12-12 18:23:24.431465,Left,-39.86226125207395,-57.960279263120356,-49.43915524986119,-48.42721774949132,56.02769685144449,-39.53081851633658,-50.83204117826199,-50.042538440746284
2025-12-12 18:23:24.436424,Left,-54.03297623808476,-63.058720215608446,-54.4806117903895,-57.97329840210023,213.94125552809055,-47.06784795011032,-56.035405581645136,-54.50988082199274
2025-12-12 18:23:24.440483,Left,6.451293718560237,14.81321165119698,20.36638704025063,7.8280371628789,-94.17486080262825,19.333232912531983,19.006459178577188,18.622840679340698
2025-12-12 18:23:24.443494,Left,29.531405300549068,30.054478212486174,32.53902330064284,26.788161530086654,-285.4101873454201,35.5564729114505,36.28244835500777,32.619613610349916
2025-12-12 18:23:24.447487,Left,-25.59024086153113,-43.82520952568393,-41.18360482136359,-33.812076322964,2.2341071344671946,-27.677090112211204,-32.87008885762452,-36.351610281589274
2025-12-12 18:23:24.451493,Left,-54.18593769033441,-66.4632124648142,-62.618537536201075,-58.0479892788253,229.51649875053045,-51.22978485572662,-56.10888566616859,-56.62162938959227
2025-12-12 18:23:24.455512,Left,-3.3213367607197597,5.045084541273809,7.799455216341357,-0.15528792748318665,-31.303890909592155,8.040910554182119,10.50929104481429,10.426448464419082
2025-12-12 18:23:24.461552,Left,30.23709455904759,36.57735605373637,37.65829860974236,30.46356729424724,-291.30803716319497,36.91782739752648,41.09528213497356,38.39050276049784
2025-12-12 18:23:24.464542,Left,-17.080066927456528,-30.580090298878986,-28.385323833231723,-24.374854552828765,-56.987896910421114,-21.054104252528987,-22.722692168368212,-26.170324193322813
2025-12-12 18:23:24.468566,Left,-56.129083133010454,-69.44320491701365,-64.89701617601304,-62.04607289197975,246.24049903561172,-59.13445133048458,-61.806463640347374,-63.026491098072256
2025-12-12 18:23:24.471530,Left,-11.70559800525325,-4.447436087355982,-0.2206268929480757,-10.700941896359382,63.69121394346439,-6.109226573045362,-1.815659728408491,-2.561629916696802
2025-12-12 18:23:24.475577,Left,37.46210086154201,48.48044331365077,50.372472694493354,37.20169385305917,-262.5412659652502,42.135115918144265,48.9399840891017,45.132537449054325
2025-12-12 18:23:24.479607,Left,5.84145572146349,-1.314870713849814,-0.1449277200895267,-2.379816487089556,-138.37784716952592,2.1717591186393292,1.9301397252374954,-4.145033364280607
2025-12-12 18:23:24.483603,Left,-41.28494428700765,-52.904041900322,-51.152747007758535,-50.381194380313445,183.85382728650438,-44.027378095534914,-49.158569806992546,-54.237133137253295
2025-12-12 18:23:24.487640,Left,-12.647127653292955,-6.21866692294202,-5.967835841228862,-15.011297499581815,96.6193316537865,-6.379298911975184,-7.039158482206403,-11.3565744982061
2025-12-12 18:23:24.491628,Left,38.69455078849387,51.57273309537004,48.57618794776863,37.58402592919629,-226.3998538386477,44.645110503602154,48.106431034389175,41.91768040041552
2025-12-12 18:23:24.496642,Left,18.441117176344733,14.656976729082373,10.373697622136206,11.419568444311608,-178.03780623020793,14.25619432387657,13.851076227316298,6.500463867205326
2025-12-12 18:23:24.499655,Left,-30.237660333310032,-40.244023642179144,-43.659863493209286,-37.689855982385325,131.49898686864617,-36.11950864105074,-39.89579091210999,-45.221075920561816
2025-12-12 18:23:24.503657,Left,-11.20968582344949,-2.531539235075229,-6.663221271251587,-11.397013570005583,99.0222741249454,-7.341715682713584,-6.537002315088671,-10.332741794616595
2025-12-12 18:23:24.507669,Left,38.9104964660869,57.298026824869,50.099187904741484,40.259074195724224,-212.78844754143938,45.54406554589059,50.22411031553173,44.01799703545066
2025-12-12 18:23:24.511616,Left,19.57292995328021,19.624803873702604,10.62403060204133,12.875695818146141,-194.03600876550627,16.240868554715234,15.768868806003297,6.484413876905364
2025-12-12 18:23:24.515679,Left,-39.02399051563941,-51.991803980154145,-60.146109941194936,-49.30998274890817,135.92575118869354,-47.07516042355701,-52.70416172977957,-61.38164415939309
2025-12-12 18:23:24.519701,Left,-28.349319713670866,-24.223729712939303,-32.09373080543264,-31.187951548137335,144.42528060720724,-27.438384703233623,-27.77782924938782,-34.254138501268244
2025-12-12 18:23:24.523708,Left,31.995903760408623,52.207589679761895,42.35131532170362,34.3704971907523,-203.472516975904,38.459901571800856,45.60025923010288,38.57423207712054
2025-12-12 18:23:24.527716,Left,25.71756616977791,30.512192850996144,19.206102222659865,22.193782969878157,-239.56341756298934,23.236385563803196,27.39547522262012,18.25909629746775
2025-12-12 18:23:24.530738,Left,-40.85652396652881,-55.228919356593906,-65.75644756288602,-49.279683419672665,151.41987728109598,-50.993094200437554,-53.661689507110964,-62.56718017801404
2025-12-12 18:23:24.535731,Left,-42.54013564380347,-43.07740634414222,-53.43729647581404,-43.768236424049974,264.9970023613969,-45.21770836501855,-43.908292746062045,-51.21564436332119
2025-12-12 18:23:24.539695,Left,34.11753566205161,58.5806336843516,45.95213898035854,41.69383214974641,-135.6641398388565,40.210053651142516,52.30248334988147,44.12998210792966
2025-12-12 18:23:24.543761,Left,58.0483551442578,76.46124913470476,62.36107816407275,62.51598869239592,-342.96941665655686,57.683788980310055,71.33902915975693,60.78855287112356
2025-12-12 18:23:24.547769,Left,-12.061052256932829,-18.19921963264369,-30.33907680410266,-15.440841226391285,27.196894291962963,-23.428455374933037,-17.22758232503236,-27.39215817475815
2025-12-12 18:23:24.551791,Left,-51.24343087118278,-56.854194573321365,-66.83496364536904,-53.16568833696192,319.3674365409679,-59.649902113908865,-54.639652955760994,-62.148467131342386
2025-12-12 18:23:24.555791,Left,7.888482537486453,24.828982065073433,13.403298202257702,12.573986276009919,8.854992833663346,9.98706817891798,22.704439504130164,15.515015622981991
2025-12-12 18:23:24.558814,Left,55.55676176379109,76.16986646748137,62.03290438708473,58.7066424014879,-353.34176325509725,57.12245250950491,72.59832246386316,63.32728233871376
2025-12-12 18:23:24.563827,Left,4.211122130755484,5.779686073350604,-8.024699094979042,-0.02351226841847165,-133.331797371211,-3.4527559825719436,5.21471046083775,-3.5931432436891555
2025-12-12 18:23:24.567824,Left,-56.56367153041231,-60.15799071292531,-71.95637986605107,-61.42254567929194,265.0797132683765,-65.55354883053951,-60.96127362876382,-65.91067158023588
2025-12-12 18:23:24.571833,Left,-24.555546741960768,-11.51249183969503,-24.00355425624366,-24.059221470719194,158.1722848793761,-27.410347636790902,-17.965082423232616,-20.821591437199913
2025-12-12 18:23:24.575863,Left,37.303235777815644,56.58018008200088,41.276117912289465,37.51715654639804,-207.61508693981887,33.375128721753754,46.28393212866513,41.71530372371353
2025-12-12 18:23:24.579818,Left,25.04953609637778,30.6506374990704,14.72897365693916,19.557694987363107,-166.8420188738546,13.20916175788443,21.535106066525714,15.957893866162067
2025-12-12 18:23:24.582819,Left,-22.458251375917143,-21.556626871573826,-35.601985017287234,-27.804693490198474,156.7991261046427,-34.72354159380393,-30.132477720112092,-33.43943940377403
2025-12-12 18:23:24.586884,Left,-11.775743846087266,2.533018479081875,-10.963231008788398,-10.975463625429995,156.07088139756343,-17.117321657324283,-8.739538461344864,-10.440909988976728
2025-12-12 18:23:24.590920,Left,29.37157969652651,46.955226366128045,31.868741242105216,30.701925220586133,-113.70491954745194,23.58811130383856,35.29964235150942,31.60263391429271
2025-12-12 18:23:24.595913,Left,18.881753638366376,20.54757604515453,4.972837646451808,14.158551882688016,-106.85275418235688,4.805253889058804,13.013955069472331,7.309613605095592
2025-12-12 18:23:24.599956,Left,-15.03035057014813,-18.591970410324393,-32.59525430990698,-20.40413254514951,137.4456828346938,-29.70822908556147,-23.98531042715217,-28.099266815792816
2025-12-12 18:23:24.603992,Left,5.301526693895994,18.23587801889971,5.078419024020377,6.490422160793813,102.4251211992223,-0.7848221922504308,9.758352006750783,8.145612263794874
2025-12-12 18:23:24.606952,Left,44.42992240702665,63.445690518613446,49.67111834922798,46.742096922696334,-163.2655980526397,39.26329836103105,53.21050892960716,51.400826956524725
2025-12-12 18:23:24.610923,Left,15.558189942071976,15.139804740933869,2.076453478102394,10.716263753146364,-118.99538943654534,0.40656496433621214,8.692636218813504,6.083030999678044
2025-12-12 18:23:24.614988,Left,-44.41887868342678,-55.525580824003555,-66.08043463773993,-50.77055230566435,198.23547598338973,-61.739685464395734,-59.238087305117006,-59.99682605160956
2025-12-12 18:23:24.619013,Left,-30.544330690915558,-21.37309781775639,-31.165236072860353,-27.640112270922828,192.154975023308,-35.274426305342786,-29.039268603554774,-27.589159849024327
2025-12-12 18:23:24.623029,Left,33.81920742351258,60.62986803030071,48.60474795435562,41.89374825876126,-157.59506985843018,37.15705607177733,48.45681508093526,48.796983433387595
2025-12-12 18:23:24.628078,Left,32.134622140574265,43.04147919428942,29.415159286464586,32.00606836734721,-204.57687493685626,26.737033076139596,32.95930922018124,30.959854002560064
2025-12-12 18:23:24.632045,Left,-30.496703086066418,-40.82059605448012,-53.19453832240765,-39.251101907671455,165.5109185001147,-45.303748582146,-47.108356218022436,-48.4434539683578
2025-12-12 18:23:24.635093,Left,-32.39746712771739,-32.27367976693495,-43.38494536783719,-37.792747658624535,280.4794050765763,-42.14433762698627,-40.962928774549255,-40.098072551823805
2025-12-12 18:23:24.639070,Left,39.31044973963412,60.86699526998382,48.766538550661494,39.99736394122385,-92.7621412306853,36.95569356972919,47.53973573126291,47.56242497717655
2025-12-12 18:23:24.643098,Left,59.01462414953744,73.43540632734403,60.75492369088602,55.93721134008592,-296.1963947837148,51.25053029125411,62.17195292632482,59.06703633836796
2025-12-12 18:23:24.647095,Left,-10.289102483899796,-17.752260067514726,-28.114251925807537,-19.6812253756641,27.065370053447168,-25.811664684150855,-22.628197053530585,-26.210530480719598
2025-12-12 18:23:24.651150,Left,-49.26674705524965,-53.22640924599182,-61.04949513964334,-54.95171626814545,282.8589173193668,-59.069243577646375,-56.9193856308334,-57.88138447608566
2025-12-12 18:23:24.656122,Left,0.7283792904277107,17.421834827202474,9.172652559654637,2.3765385740177862,24.86081539739257,0.8595798154865406,9.928971823931306,10.219043665960783
2025-12-12 18:23:24.660149,Left,35.5874182450973,50.062440839610645,40.52665916477653,34.54927355562711,-233.85394138837398,32.095957527083556,42.359742901106756,41.4160461514291
2025-12-12 18:23:24.663257,Left,-12.275166023021939,-18.786458307869907,-27.103583519316345,-21.206460436543466,0.2771298230894672,-26.339118958137078,-22.733454950608802,-23.686277496715206
2025-12-12 18:23:24.667092,Left,-47.23938721423133,-52.651712791270256,-59.04160022301017,-54.673187615215966,271.61101353985487,-60.0259133501595,-57.239165663324,-56.12772006296791
2025-12-12 18:23:24.671135,Left,5.114138426048839,22.906782630485395,15.509728295077778,5.6471467157209645,46.8249575247367,1.5563392655267307,12.582047770019017,13.964298733187661
2025-12-12 18:23:24.675173,Left,50.469719552186916,70.6119426015066,60.66077250873934,50.120120760393775,-249.85341251450734,44.85914626967315,58.63184874950957,57.524301806137146
2025-12-12 18:23:24.679188,Left,0.3039169070548269,-4.24759791050019,-14.419658086157654,-8.871547138524875,-19.66415481322349,-16.834439413995824,-11.566206492957917,-13.722314934308088
2025-12-12 18:23:24.683220,Left,-53.672096822484036,-65.2973176399264,-74.21418230264362,-63.38013029131503,342.8617855286568,-71.14946873747067,-70.94589990243935,-71.16588547198648
2025-12-12 18:23:24.688193,Left,-1.3151620197679676,12.713680963084698,2.7120754263623894,-0.9447502697837535,130.04252503547173,-5.806848627190448,1.922481228812785,2.465035452331449
2025-12-12 18:23:24.691170,Left,74.94007117442379,103.67120946543764,91.15162628360929,80.11329939455845,-335.016679342707,76.109960050263,90.37256055371768,88.57036520413158
2025-12-12 18:23:24.695200,Left,35.52426756793511,41.92463264680373,30.054940401800195,34.35209116678948,-204.81094373770702,28.016439542024273,35.11035661629944,32.19434814311512
2025-12-12 18:23:24.699222,Left,-64.14866798781327,-79.61756103024163,-87.85093284705522,-68.88353984284731,358.41711876821046,-76.72702669673527,-79.3554677309246,-79.42723441003454
2025-12-12 18:23:24.703233,Left,-58.930451829750155,-59.632282636472155,-66.57005924499526,-55.754113715247286,396.0260770148707,-62.541917021258996,-61.08253500083265,-58.74425815345785
2025-12-12 18:23:24.707252,Left,44.54912029806496,70.21032966585881,60.78695224745434,56.04791009390328,-188.9094273371138,49.64454822738571,62.886403131244606,63.04874118140333
2025-12-12 18:23:24.712225,Left,78.95427044717098,102.019998902726,91.3810627790524,88.23058243164041,-435.69528819514744,79.63914770591964,94.42294248095504,91.22368779535827
2025-12-12 18:23:24.716264,Left,-4.905565429366334,-4.489052245249695,-12.094538038259316,-2.170590420407734,57.02361875381712,-12.680401627218998,-7.4172556122261994,-10.223648494368263
2025-12-12 18:23:24.719284,Left,-67.9722657658333,-75.1224957902923,-79.54789009969409,-66.08277811796643,489.0305798337099,-75.68404850880961,-76.02421521705537,-76.80692041141083
2025-12-12 18:23:24.723280,Left,-17.096281021127652,-12.37759023541912,-17.701884522315368,-12.185821185408258,207.30439218407855,-19.575553431419394,-15.486086394128051,-17.38204907509953
2025-12-12 18:23:24.727285,Left,63.424145068355756,79.11956833602198,71.26604852105038,69.78986101641885,-309.9666424817001,63.70695258241449,73.9950107860127,69.6349303631664
2025-12-12 18:23:24.731313,Left,65.09094552865986,83.3784939064044,76.0453789250646,72.54289711676802,-331.87701775339883,66.94949359652674,78.4583036187621,75.59177883345728
2025-12-12 18:23:24.735326,Left,1.402294008549461,15.917810149469005,11.786731868628067,9.781903299448459,59.049130232407606,3.7340275798678704,12.630305241894803,14.436285465213587
2025-12-12 18:23:24.739290,Left,-52.11435040770198,-51.14222411738501,-53.19538385178839,-47.69956806164146,313.8279380758336,-56.31762018335121,-51.354679521292155,-47.309621079391945
2025-12-12 18:23:24.744351,Left,-54.74178489949395,-66.66297406123067,-68.98334755397218,-56.19998150282481,221.5015588959459,-67.63826303422684,-64.42639343988571,-61.64342759307419
2025-12-12 18:23:24.747371,Left,-3.0762975633913356,-0.7671486075732901,-3.9414012403540255,-0.7671902391157346,-74.35209271502299,-10.823938179954894,-1.6728718144861432,0.5050112823987547
2025-12-12 18:23:33.507611,Idle,2363.7068884818805,2788.1224249484817,2775.133941975065,2552.281441416942,1493.5962423057213,2385.6304641498145,2613.849761679723,2861.3493436637264
2025-12-12 18:23:33.520664,Idle,12724.63753004963,15009.92244201374,14940.296096898288,13740.540927134716,8091.936195581672,12842.800369876704,14071.566629955898,15405.012693192208
2025-12-12 18:23:33.523657,Idle,29144.409718133982,34382.3212667206,34223.89977761849,31474.525286054493,18680.5766308958,29416.957600295864,32232.29771161794,35289.66523593594
2025-12-12 18:23:33.526653,Idle,36445.05028050991,43006.87229893819,42810.83607605543,39367.04841580929,23545.30503783522,36793.128560988676,40316.405762674636,44144.44069012093
2025-12-12 18:23:33.530662,Idle,24737.890045387103,29212.938296615335,29082.432066694295,26734.13031986318,15998.581530381962,24988.583884242093,27384.369186606113,29985.42485806867
2025-12-12 18:23:33.533666,Idle,2968.2735414916533,3531.9359147547802,3519.241682296415,3224.4371442002885,1667.113729217599,3018.206451490434,3310.4582334180304,3621.65991039059
2025-12-12 18:23:33.536678,Idle,-13464.570190856408,-15876.405377304647,-15801.180014048528,-14532.381860942289,-9011.006438125769,-13582.717473982077,-14883.09726964531,-16298.919023660477
2025-12-12 18:23:33.541642,Idle,-17678.79136104777,-20867.05135394272,-20768.347281865485,-19090.60444495984,-11311.442889779893,-17852.480825596373,-19563.6016737115,-21414.423908983008
2025-12-12 18:23:33.545693,Idle,-12676.29204949044,-14959.455013338476,-14886.34386566456,-13685.239616289036,-7768.416623719793,-12802.946879703319,-14029.010016367654,-15348.53921668313
2025-12-12 18:23:33.548715,Idle,-5427.763413377339,-6394.219566172338,-6360.604889627313,-5853.857246591826,-3365.9397391035454,-5477.259471412632,-6000.208638883429,-6564.11379306647
2025-12-12 18:23:33.552661,Idle,-1471.2712638574885,-1729.3961605962832,-1718.2051946803695,-1584.5997928834986,-1163.5043699534726,-1483.4078349822666,-1624.6296059851302,-1780.6298597051064
2025-12-12 18:23:33.556718,Idle,-2330.0488574902993,-2752.147309874301,-2735.1725241679233,-2514.8176136584952,-1544.4230463973945,-2356.429010676802,-2581.5139857504983,-2824.4958030949347
2025-12-12 18:23:33.560676,Idle,-5638.038221074385,-6649.496022960637,-6612.185473833,-6082.64510958537,-3362.1804119229782,-5693.042084044195,-6235.300888233585,-6818.240696483874
2025-12-12 18:23:33.564757,Idle,-7699.256617209874,-9070.40387744992,-9021.693397188443,-8304.714810975827,-4842.354685397411,-7765.535735168727,-8504.505293817609,-9305.613488208968
2025-12-12 18:23:33.568762,Idle,-6822.457802489749,-8041.845180828823,-7999.903540750616,-7362.57376729243,-4584.945606978552,-6882.596209764713,-7538.753993405378,-8254.475047834101
2025-12-12 18:23:33.573779,Idle,-4496.3885600228095,-5311.498710231739,-5283.228774046991,-4856.433896736475,-2928.1824991762405,-4544.574514636071,-4979.160353663028,-5449.555940572172
2025-12-12 18:23:33.576789,Idle,-3301.853073616163,-3899.333652457921,-3877.191213604994,-3563.9225066810613,-1808.138582648011,-3338.7983147044433,-3657.061800794443,-3996.632810644107
2025-12-12 18:23:33.580779,Idle,-3999.3001223827014,-4708.736077994108,-4684.0450242238585,-4312.525000774651,-2390.9123322499217,-4032.797192721395,-4415.307082248735,-4831.4733774825
2025-12-12 18:23:33.584803,Idle,-5056.903116739937,-5959.699652432697,-5932.641786373686,-5458.272352909786,-3481.8155597626464,-5099.034147369326,-5583.713859553216,-6120.213937300956
2025-12-12 18:23:33.588811,Idle,-4844.363213356584,-5726.275721324608,-5702.5326143261045,-5235.177515779389,-3290.5149687636876,-4894.8125633238815,-5361.094569340581,-5875.694551676279
2025-12-12 18:23:33.592828,Idle,-3607.09804645658,-4268.734723636415,-4251.226796242176,-3896.5374964084476,-2075.3246148587205,-3648.67326964112,-3994.7178135302383,-4371.296938657761
2025-12-12 18:23:33.596831,Idle,-2894.089078054414,-3411.6434028858785,-3397.7009635749273,-3118.7924680232536,-1606.8079321248224,-2917.6303162256954,-3192.150435409043,-3492.5808552659582
2025-12-12 18:23:33.601836,Idle,-3412.570633591269,-4018.2794150863774,-4002.9917812177446,-3678.551692603156,-2360.631538719288,-3433.880318807671,-3759.2986244275235,-4122.114139836049
2025-12-12 18:23:33.604802,Idle,-4150.571696676314,-4902.544171576621,-4883.854427889455,-4481.8038891132455,-2910.3852630386828,-4185.876044081058,-4586.308103490621,-5029.064059075201
2025-12-12 18:23:33.608866,Idle,-3826.8881592003163,-4525.899628575426,-4506.960171459243,-4132.2640743695665,-2292.8675176829565,-3864.496671698522,-4233.96256654826,-4635.380669127218
2025-12-12 18:23:33.612880,Idle,-2656.889928273391,-3131.160703785019,-3116.7880059264135,-2861.9549034428783,-1401.0379793284228,-2675.739791658125,-2928.150289009558,-3203.703737128526
2025-12-12 18:23:33.616901,Idle,-2038.9455597597407,-2393.619683330413,-2383.6125544351526,-2193.7217809378635,-1389.572773927357,-2045.6430521432776,-2236.4529917652253,-2454.6863013079856
2025-12-12 18:23:33.620899,Idle,-2603.6069540107856,-3072.5492001909297,-3061.001429922413,-2811.1724134443793,-1958.9896706170402,-2624.1111909400206,-2872.343236525776,-3154.6738493363373
2025-12-12 18:23:33.624865,Idle,-3336.7593358320883,-3948.8792556014378,-3932.3523314988706,-3606.9955804662313,-2101.5743826290127,-3374.7757073909743,-3696.094269791618,-4048.988171787234
2025-12-12 18:23:33.628924,Idle,-3010.050807359861,-3554.554088545032,-3537.722765892977,-3249.580810709391,-1660.0200166918803,-3041.7081601559184,-3329.637251911452,-3642.162147511961
2025-12-12 18:23:33.631896,Idle,-1899.7988743438618,-2233.572680424899,-2222.435926594073,-2047.1172431446612,-1237.6292535106186,-1912.3685621966142,-2091.196419573156,-2291.3504884557333
2025-12-12 18:23:33.635940,Idle,-1363.5957292047096,-1607.0498123511206,-1599.1336216293275,-1471.118237010087,-1147.666632719105,-1372.7115674323868,-1501.0993857071735,-1649.8394515383989
2025-12-12 18:23:33.640956,Idle,-1914.6193346022628,-2265.319149827352,-2252.787618004717,-2067.5277432979783,-1244.7321135121165,-1934.8569767839508,-2117.374767078669,-2319.069093150785
2025-12-12 18:23:33.644954,Idle,-2553.5560179853346,-3009.9386071141344,-2991.6640518459026,-2752.5137011681218,-1381.2604790907353,-2576.062077448936,-2817.6724050227785,-3079.967732787598
2025-12-12 18:23:33.648979,Idle,-2235.8991364046233,-2622.8599009213503,-2606.470222070813,-2407.049441223382,-1402.9791686320677,-2248.0457889190875,-2456.7396213476313,-2688.745252603665
2025-12-12 18:23:33.652935,Idle,-1300.2874081499176,-1525.0637256389018,-1515.5591370600741,-1402.4795963255456,-1090.5571079911897,-1307.5402516209288,-1427.854005609057,-1567.4231009401847
2025-12-12 18:23:33.657023,Idle,-885.6331078510266,-1047.9915855271975,-1040.9608816923574,-959.2971775622573,-618.391847967403,-898.6477679201635,-981.5502176592126,-1074.6625250614015
2025-12-12 18:23:33.660005,Idle,-1321.1291899726493,-1556.696685584262,-1546.2765895340126,-1425.1644113305956,-581.6783519992605,-1336.812960524694,-1460.4973471564008,-1593.675713596982
2025-12-12 18:23:33.664022,Idle,-1784.2601902912138,-2090.24719340133,-2078.3234012980247,-1920.1593689393485,-1055.3771945837652,-1795.0393209650647,-1961.1316760522313,-2146.63204984786
2025-12-12 18:23:33.669022,Idle,-1526.4259125312092,-1789.9955130849266,-1782.6717872436857,-1645.3494158133399,-1234.1647870122688,-1535.5487997756572,-1678.4207363639725,-1844.6953776177252
2025-12-12 18:23:33.672980,Idle,-828.9400279398542,-981.3610125395935,-980.0179221485741,-898.2858214977896,-646.9863716342952,-841.8923167970497,-921.0537005258957,-1012.889374386752
2025-12-12 18:23:33.677049,Idle,-492.7716668023495,-584.2678339207778,-585.2998097946402,-534.4417991433293,-61.45400089799659,-504.9315215065144,-552.1898204943864,-602.2702281445963
2025-12-12 18:23:33.681062,Idle,-757.1079982587835,-884.9887714796932,-886.281535944785,-817.4708751331782,-328.1839139992371,-764.3240672645625,-836.0923095608596,-916.3519653438125
2025-12-12 18:23:33.684068,Idle,-1092.1991421359126,-1284.4180693111848,-1287.186120705912,-1184.9803660474718,-939.2185637526563,-1102.6011187700788,-1209.0280370324617,-1333.6252206441713
2025-12-12 18:23:33.688077,Idle,-958.0314497954678,-1143.659780274029,-1148.7793910825858,-1048.5881130768685,-815.1042300129193,-978.2675168311689,-1075.6838167355163,-1186.9020717983367
2025-12-12 18:23:33.692089,Idle,-454.9011565182591,-553.1160684991628,-559.7684341770364,-505.17333677154966,-88.82337151194224,-475.22690858424176,-523.8295954111964,-574.0845388929592
2025-12-12 18:23:33.696113,Idle,-126.53800702292938,-151.1893189784605,-158.67338073276915,-144.86764810688328,140.5312663273071,-135.8770805344102,-149.09458133217413,-162.99172047176398
2025-12-12 18:23:33.701106,Idle,-261.13838925177697,-305.33192196208984,-312.87560898123775,-290.22890359850135,-349.3327052476816,-266.9545209076023,-292.34258594282437,-327.48374927951954
2025-12-12 18:23:33.705124,Idle,-554.9211992628407,-664.5237658148981,-670.0353436658042,-611.6582186267478,-618.2698651627288,-569.7495528777945,-626.3177583348006,-694.0877184349811
2025-12-12 18:23:33.709142,Idle,-520.8376765539288,-628.4178683840437,-630.6002126935055,-571.9982990649296,-213.26534016706864,-537.7424806898343,-591.8056301068282,-647.9671135585522
2025-12-12 18:23:33.712152,Idle,-121.46233814861625,-142.56278631126042,-143.40981881780317,-131.7226659010048,168.23646893666591,-124.07663984125247,-136.94359740352957,-146.85711288353195
2025-12-12 18:23:33.716156,Idle,192.5534630009788,236.54295606084634,234.4824768450926,209.89955547644058,2.534449921542546,201.09611167036928,219.20034849317744,236.72787012025947
2025-12-12 18:23:33.720179,Idle,101.78600802991423,117.82152249052888,115.59194927936187,105.87629819050198,-228.11070702702273,102.75038714476977,108.833171332255,113.90243835386354
2025-12-12 18:23:33.724201,Idle,-150.04708534118254,-188.83586166749592,-188.73768295560149,-168.86573555212817,-44.12982786272187,-160.11996853342862,-180.07779465799103,-194.5162535549607
2025-12-12 18:23:33.729176,Idle,-120.82980128124473,-144.67153872575727,-143.5447141546756,-133.05791322904406,196.4887266237929,-126.43177593778819,-140.76436676760204,-147.159146230435
2025-12-12 18:23:33.733207,Idle,202.54899353944347,246.3965351442166,244.7277848412923,217.01281389401993,96.43124918235117,207.17906123193097,226.60043446574127,248.47450752850273
2025-12-12 18:23:33.737218,Idle,427.43136336391035,502.31159415419097,497.80758334819984,452.8717748239578,-13.954549725080142,429.2412345699122,468.91497307649115,509.19216367424815
2025-12-12 18:23:33.740239,Idle,350.95154483551596,401.03508070234966,397.82249275648064,365.68999535595503,208.5722266568846,343.13117766055075,373.8611305851882,411.98497102886904
2025-12-12 18:23:33.744227,Idle,209.64277541220326,242.57332975037207,242.32087386104104,216.99507510336116,396.37753398910354,203.6970526007408,222.88164037129536,253.4810861858714
2025-12-12 18:23:33.748266,Idle,267.6488553165873,323.89888452070227,323.36064561828243,283.0790490476029,188.31483621400912,271.744306334931,298.6350227757139,331.7648701841208
2025-12-12 18:23:33.752263,Idle,450.14469792974705,533.8797171054321,530.4805680412537,476.18373911954404,-6.767706721366267,455.3050218441349,497.6720283444738,542.7900516243972
2025-12-12 18:23:33.757274,Idle,544.7794774319336,633.3683124609524,628.8080529640429,574.7975801905704,260.3317285184239,543.6751505803986,591.8277386897535,648.7705063624308
2025-12-12 18:23:33.761275,Idle,539.0879290609737,631.1068656350253,627.1071277601586,572.6866234956833,592.7240430989477,540.4794777046773,587.9360351323558,649.6087613061536
2025-12-12 18:23:33.765326,Idle,553.4381361410487,659.6399265090004,654.1551523528178,592.0263047421467,429.44801635413023,564.4722600081586,613.7590653588413,672.815677603794
2025-12-12 18:23:33.768305,Idle,598.600089232059,706.4643763785716,697.1939490035293,635.595635696227,87.25578733734437,608.8070886414207,659.0985396406031,714.0171958435676
2025-12-12 18:23:33.772311,Idle,615.3429865990765,708.4311380141298,696.6917198455776,646.1988428224577,211.29611880061566,613.7761149546714,661.3755495927762,718.4325879745302
2025-12-12 18:23:33.776269,Idle,646.0293357981718,742.9542002445087,730.6804057104746,679.9578115266631,611.0558683228737,640.467065139208,691.2693584537483,758.4521302609355
2025-12-12 18:23:33.780345,Idle,753.2506027595373,882.3903378569521,868.3804350154242,799.9591613216326,618.1692337774148,755.5865596575895,819.7158042911324,897.3152186382795
2025-12-12 18:23:33.784367,Idle,844.6195473810076,991.5847713161493,974.5394626409397,896.5765424211859,298.8225310462294,849.403749160585,922.3458106047474,1002.0835140277632
2025-12-12 18:23:33.789305,Idle,794.4462059596553,920.9009467556607,903.522856464202,838.2956401559641,290.473399297538,790.3483497661655,856.5246370249661,931.4951942921616
2025-12-12 18:23:33.793366,Idle,690.1910963704577,798.6972400263185,784.5403075245558,730.2448385707103,609.2527896735701,682.6445848532603,740.7515202826471,813.9274752460187
2025-12-12 18:23:33.796356,Idle,733.7584942661924,866.0967260739999,854.3041264152853,786.8750700811506,662.3109257019241,736.1929181127925,803.8553354092874,884.6602464369498
2025-12-12 18:23:33.800392,Idle,912.1041746140108,1081.4331861785613,1068.8453822693555,981.5388720198534,395.0520043654833,921.9266519730445,1009.0256658073049,1102.3270854325965
2025-12-12 18:23:33.804409,Idle,994.2878502361709,1165.2369210312609,1152.1782986567123,1065.359917832655,378.02691415161826,998.1819861800177,1091.2306152104866,1191.1902685818495
2025-12-12 18:23:33.808414,Idle,886.8093200328294,1032.5486817128258,1022.0241290467093,949.1541378659895,685.3730159725528,885.0910151101416,967.4310607064981,1062.8605825958075
2025-12-12 18:23:33.812433,Idle,776.0533924233168,913.9691550518619,905.9957093008561,835.453981971601,732.1818728537764,780.7876756874612,855.9103215055075,942.4840722677764
2025-12-12 18:23:33.816453,Idle,839.7429216329474,995.9142347319284,987.3027435275726,905.7452015671879,411.1743350548204,851.1695401512552,934.992823835928,1021.8107867768267
2025-12-12 18:23:33.821455,Idle,997.0729564205976,1170.0578823701944,1159.7291311662411,1071.3356292843819,351.17760806466686,1003.1544281191891,1101.4973278921098,1202.0099764923798
2025-12-12 18:23:33.824460,Idle,1055.312283839332,1230.9042484667152,1220.9165074225748,1134.5441334187053,736.5824083886109,1054.7355990739306,1158.7724497909658,1273.0636451527243
2025-12-12 18:23:33.828490,Idle,975.6471399274888,1148.2921409122646,1139.1728714475175,1055.466575693572,896.9591595936217,980.167504269979,1079.153670306434,1190.6086930398596
2025-12-12 18:23:33.832482,Idle,881.736903696903,1047.970276807202,1037.4357640871312,956.5412147230236,519.0222956270445,893.2186776413582,984.1682423698949,1080.068068106193
2025-12-12 18:23:33.836480,Idle,885.5892562742811,1043.7885788033018,1031.079994432861,954.906344445888,272.1418816888472,891.511009602109,980.4318389084656,1071.0602839936037
2025-12-12 18:23:33.840466,Idle,988.064290059614,1154.5286177108064,1141.8892481940566,1062.3011211600387,628.1864119459642,984.6538432686357,1082.4816974931164,1188.767133419984
2025-12-12 18:23:33.844522,Idle,1094.2343318448402,1288.4261190863326,1276.8991595581174,1181.7570935414406,987.6751104685827,1093.7944310080493,1204.8709109495394,1327.8410815923708
2025-12-12 18:23:33.849573,Idle,1087.8137855611276,1292.326447926578,1279.8910147732822,1177.610094905831,731.9251172671211,1095.8978444265667,1207.8756887121126,1324.2376060150564
2025-12-12 18:23:33.852499,Idle,961.3568023020634,1134.384891130263,1119.7041429654928,1034.650852958206,322.26557264104486,966.3440799328964,1061.7293499839725,1155.520406504278
2025-12-12 18:23:33.856542,Idle,877.2936608011369,1019.1479388887528,1003.4761342304992,937.2622520385776,467.78854519489687,872.3384366290411,953.9308355833637,1039.7092133442638
2025-12-12 18:23:33.860576,Idle,982.8714070104761,1145.9123928885674,1129.8082373676589,1053.2004166402621,880.4286998023745,979.2753268291708,1070.1320995989954,1172.6232924712822
2025-12-12 18:23:33.864622,Idle,1163.2510538384086,1370.9027491810266,1352.847534759203,1251.513181206421,839.2462675306015,1169.5285125240916,1279.390386014944,1398.339829384815
2025-12-12 18:23:33.868621,Idle,1153.2498937202618,1355.6344173359685,1335.8450687443838,1237.0264417520957,474.838111954974,1158.5984588651918,1266.1600297746481,1377.724505007267
2025-12-12 18:23:33.873641,Idle,936.6610231942032,1086.239664325025,1068.2094940231182,998.3660940338159,458.86312707152683,930.4892112131929,1014.1430084739113,1106.1195972228888
2025-12-12 18:23:33.876614,Idle,818.8772708297474,948.9582911727484,934.7955951595213,874.6336838386487,769.6389537998475,810.9346658429131,883.4282382259844,972.4865925502963
2025-12-12 18:23:33.880647,Idle,982.6218557711691,1156.8951037048828,1144.531576557085,1057.5488081056392,811.1018353694817,986.0408933083527,1076.7750902848784,1184.228615483269
2025-12-12 18:23:33.884576,Idle,1187.920658193063,1400.311164041981,1388.1833025882952,1277.3111561690457,552.0081807111856,1195.666031458648,1306.198101467453,1428.9021661663428
2025-12-12 18:23:33.889641,Idle,1122.2528919016477,1309.5316258505918,1300.7577349976636,1200.503081962699,518.0859292115783,1120.0513121478725,1222.7670694931876,1339.1717102692928
2025-12-12 18:23:33.892664,Idle,879.2355172615498,1021.6602028885391,1019.8085119284224,939.7987507877406,741.5186486609746,871.4641929094214,952.8180919636507,1052.4150051344186
2025-12-12 18:23:33.895648,Idle,810.8802107131341,956.518582747085,959.7602427620441,873.464804407442,725.4544718241086,812.8170380267547,892.3353328376543,987.4763113486115
2025-12-12 18:23:33.900686,Idle,988.8530709753977,1172.6225458958652,1176.4891523150727,1067.6391451878008,457.8801230099052,1000.3910812737886,1098.4044542689808,1205.9370175015647
2025-12-12 18:23:33.904664,Idle,1119.6196257134434,1315.4965708421078,1319.710498286644,1205.6098510555457,466.3608038253151,1127.8055754606612,1235.7871744527947,1355.3547430813778
2025-12-12 18:23:33.908685,Idle,1009.6684378578793,1181.0050687643234,1188.7051397936884,1088.625739831943,771.9744915745687,1013.0545082533499,1109.6351598850451,1225.2275229913648
2025-12-12 18:23:33.912716,Idle,828.4316045780433,979.3988336154725,990.5494287405163,899.2291213599965,782.8841456304071,837.536689103581,918.9069911960978,1019.1811365103349
2025-12-12 18:23:33.916726,Idle,810.6825697341701,964.5492225922644,975.3288246637676,879.7452337343711,416.24683105107397,825.7446822440252,905.2048215107061,997.0317891181912
2025-12-12 18:23:33.920731,Idle,926.3561155670322,1088.226777075557,1096.935382995056,996.8284557852894,324.08780188055243,935.9491702362429,1022.3775180242956,1121.5112095749937
2025-12-12 18:23:33.923751,Idle,988.4369544852525,1152.065873121377,1160.6389697755221,1060.5604840815067,700.8722216922324,991.4293719008565,1081.487954203505,1191.5770612042397
2025-12-12 18:23:33.927755,Idle,931.0424963223049,1094.384361765813,1103.4707789418753,1003.3631957031321,869.5673639390152,939.3393400530331,1026.0424463790841,1132.5697243406903
2025-12-12 18:23:33.932707,Idle,837.7747390561271,993.6416333748493,1000.8910933148582,904.6917672946583,492.3642825628631,854.0769298691303,933.05176554434,1021.7657921786886
2025-12-12 18:23:33.936761,Idle,792.5882155020954,930.1786597841419,934.5856288990472,850.3336849415209,215.45706753211562,805.4397846830543,876.3180846166797,952.8573530763388
2025-12-12 18:23:33.940783,Idle,814.4992480914807,944.1865835471544,947.8974295689259,870.6590142536443,522.117201995221,820.2689024969004,888.6512578001712,971.5010638055392
2025-12-12 18:23:33.944797,Idle,871.6830102039967,1019.0429479212034,1023.2580179243814,937.0337404676247,857.6384910653578,881.6374807832763,954.4481514554936,1049.5550332427956
2025-12-12 18:23:33.947819,Idle,887.5894831395708,1049.1226854005363,1052.0796133598778,957.6238118798938,627.6916894015158,906.191301849205,979.7177219924051,1072.8213442966808
2025-12-12 18:23:33.951803,Idle,806.2492147348821,945.1454598281998,946.1173185152002,865.471114548156,255.59632932732347,822.0070693995804,882.9850946401712,960.9458617856726
2025-12-12 18:23:33.955829,Idle,698.7169557503657,802.9574002164882,804.6558858463541,746.1027665287256,388.1217073863372,706.1220846885117,751.6027803057805,821.1040984475985
2025-12-12 18:23:33.960837,Idle,702.5800626841374,809.727928644279,814.4431235333905,755.784622981213,731.6746340385871,714.3753165859962,759.8870041852351,836.4137469122652
2025-12-12 18:23:33.964838,Idle,806.8852342081955,944.3567424216308,950.9554118320812,874.4356301105581,632.8505116599845,832.2814858821221,889.9842300096061,975.1357674817555
2025-12-12 18:23:33.968868,Idle,831.8649182268418,969.8748366802465,977.0678896410391,898.6010170544032,280.39827217627317,859.7155012466246,919.2000909298658,1000.3060106930789
2025-12-12 18:23:33.972871,Idle,700.6690916175721,801.5475552179851,810.8622964276001,752.1178426258266,314.093629525858,718.9286823332077,763.8143841649871,833.9352934020571
2025-12-12 18:23:33.975874,Idle,579.666662682197,661.7469492147211,674.239130053902,625.1770569379441,625.8257647601422,596.2994572202442,630.9910730568226,697.8385433675721
2025-12-12 18:23:33.979895,Idle,624.1476405143039,730.7546669985168,743.7537818013225,680.5815548596438,596.0665332905483,651.8348435364896,694.1271582299378,767.0529685697984
2025-12-12 18:23:33.983905,Idle,728.5622109734686,856.6315680420958,867.3010734433774,793.450740218861,274.33235399622936,761.6780943751801,813.8528710508253,891.4277391408104
2025-12-12 18:23:33.988909,Idle,700.9329176624306,811.2454408542253,820.9929418060929,759.5533132008277,266.6437808019109,726.3862277498702,773.2962311990559,848.1595243539196
2025-12-12 18:23:33.992926,Idle,571.563353305799,656.8506590675097,668.5103921995033,622.090563486563,569.3909660716308,591.9924074070295,627.5342160328291,696.7458044241648
2025-12-12 18:23:33.996940,Idle,522.7626818533754,613.5616314080544,626.3000039383769,575.6366191138513,574.4750664216699,548.9715544704814,585.0365407979116,650.7432904678863
2025-12-12 18:23:33.999956,Idle,581.4300529554021,687.8935041937511,698.994641701458,638.6059934089426,235.54279905324802,609.7077265060507,654.9707208822947,719.4429675943684
2025-12-12 18:23:34.003958,Idle,602.4292616959428,701.0133842411451,711.007289621979,655.9063038498862,174.62744793249294,620.5682803877862,668.0224013443803,732.3845978355967
2025-12-12 18:23:34.007968,Idle,535.0162916909903,617.2863588340115,628.7500590744894,584.1776596355485,506.4181070231134,545.8790775880916,588.1647262785118,652.7868357172702
2025-12-12 18:23:34.011976,Idle,487.3917351955315,574.4089683571365,586.6794548318721,540.0333510421915,597.8205041341716,504.9205174286617,546.5606606879737,609.3344844330568
2025-12-12 18:23:34.015994,Idle,508.23862743831705,606.273743135971,616.0479768341174,564.1275797468843,242.64771927183028,532.6093826660654,578.3893422530964,635.4756525605917
2025-12-12 18:23:34.021000,Idle,508.18939841433894,594.5872552182991,601.4733733516186,558.442551742075,59.938019480672665,526.5823130976642,571.206210718723,622.1667029701639
2025-12-12 18:23:34.025025,Idle,446.8247934378451,514.4820368312066,521.327091993182,491.2169735771604,353.49009997793473,458.3478239449905,497.4704827090027,546.5526463374263
2025-12-12 18:23:34.028030,Idle,410.93851517140865,484.86394471803214,492.3198915278772,459.36733169143554,549.8227768758079,428.6718222897034,468.40058306988794,518.0857705613598
2025-12-12 18:23:34.032033,Idle,437.17942791688256,528.173154743854,533.4873149704654,490.7590158507228,265.14946165226866,463.0460018396843,507.8713961666217,554.6977044543019
2025-12-12 18:23:34.035984,Idle,430.2937519438565,512.0878110234626,514.0703415538883,477.1884429270867,14.466828908538446,449.65982862072997,491.63931404741015,531.7811024101684
2025-12-12 18:23:34.040057,Idle,345.8211286950391,401.3803722858429,402.203400455066,380.95481436280534,244.79989439394558,352.52042868884746,384.02508241334,419.56851526675746
2025-12-12 18:23:34.044068,Idle,290.93236103560776,344.0547660299344,344.8505715006031,324.27371150255203,503.89469497825485,297.02080887940247,324.8017828214215,360.421694317949
2025-12-12 18:23:34.049026,Idle,336.09472998359706,409.13088358554523,408.0456822491251,374.4839474504115,293.2906837100163,348.93622620915994,383.0616242955439,419.27172416541725
2025-12-12 18:23:34.053090,Idle,377.06689044623636,451.1208920328645,447.69136429042555,412.63490681292024,-1.4280709978193045,386.5611070757732,423.4222205589758,457.27046502090525
2025-12-12 18:23:34.056059,Idle,310.75655068596825,360.25321587198414,357.7650790665066,336.31412959762383,155.0276450026431,309.9292087496724,339.659547190764,369.79317564482335
2025-12-12 18:23:34.060092,Idle,215.46362163231242,253.08563766407315,254.0092871034285,238.0036384135019,437.18563889799407,215.2750363004161,239.80691216466948,266.763515412109
2025-12-12 18:23:34.064119,Idle,213.47069324960466,264.99828674062155,267.5967817605706,241.70822062413208,275.8964971555979,223.69735256710555,253.22339391277637,276.79922793235164
2025-12-12 18:23:34.068140,Idle,264.5947556819301,323.077732049278,325.3747365286108,294.5269312878372,-59.37935077532893,276.27539885707665,311.55710670212284,332.0704814249184
2025-12-12 18:23:34.072177,Idle,250.53603260498494,293.30396262183785,297.0092818343546,274.87061378755607,41.0154649525648,252.79489892639685,284.98292262339965,305.1357903936878
2025-12-12 18:23:34.076167,Idle,179.29882068035658,211.28567291086074,218.45396933716256,201.14315768762026,373.47356466407655,179.2373617902631,205.36875737039372,226.47782435431145
2025-12-12 18:23:34.081173,Idle,146.93730580317788,188.0385546858888,196.8272009525681,171.94007068674546,287.6363007129403,155.85997036623303,181.08547200402245,199.63433563918807
2025-12-12 18:23:34.084186,Idle,158.8515888104448,203.44769848475698,210.91860514739528,182.82375915464945,-94.34378484991612,171.22886195511092,196.5390060080681,209.42548133677337
2025-12-12 18:23:34.088198,Idle,145.9911180875497,174.96787574933842,181.77006864885334,163.33774897025432,-90.88949116627919,150.61989426170476,171.71367127250414,182.65980001690332
2025-12-12 18:23:34.092215,Idle,111.29207367775962,132.38926922832616,140.83801710268017,127.69422380370088,272.0612437687232,113.19187051407062,131.43251418718137,145.9781030054437
2025-12-12 18:23:34.096218,Idle,107.29243040451547,142.25968266895507,151.67036724183708,130.1358192783082,300.23409440310206,118.69312038097996,139.76316134794615,155.34496889298316
2025-12-12 18:23:34.100174,Idle,107.57744753261795,147.75391443748958,155.70118885405827,130.78640036610886,-84.68254080915358,124.6489974015858,145.72377171192784,154.1828888541786
2025-12-12 18:23:34.104233,Idle,53.41750067664543,71.52149498416111,78.25627994840033,66.86125651671318,-197.88075815339107,62.564054515678436,74.64457823720295,74.93345090316143
2025-12-12 18:23:34.109256,Idle,-5.65054573956877,-3.701659159269184,3.705161395133473,2.717308110615704,145.25137323857052,-3.3158386813593097,1.3652644508401863,1.757060480536893
2025-12-12 18:23:34.112258,Idle,21.113618876144756,40.05758312344551,47.14181411161553,36.768893339438364,296.0111468670657,29.51019668887602,38.772576370392926,43.83776780194603
2025-12-12 18:23:34.116271,Idle,82.72546953952406,119.64504522038624,123.25199804827571,103.0894571421668,-26.4082601031987,96.93057901243446,112.62061039562104,115.64404893812025
2025-12-12 18:23:34.120276,Idle,46.53679343860131,64.84651571477298,64.48106774059124,56.7725151500199,-234.05698599794414,53.01602394907968,62.04877190152183,55.22636206931202
2025-12-12 18:23:34.124293,Idle,-64.5629055298632,-75.75676347705303,-77.8462965862127,-66.45949885452865,23.75616713569616,-67.3086349479272,-70.89785263576778,-84.84365443547722
2025-12-12 18:23:34.128301,Idle,-88.23547321051592,-93.89072803000454,-97.27491704368731,-87.90345653088298,225.61220276137465,-86.00181893300032,-89.95435162988724,-102.499039195769
2025-12-12 18:23:34.132316,Idle,-0.19523949088761583,19.862585733877495,13.45061458874261,8.349166817904916,-24.250150838168338,11.72702464152826,17.276493306912016,8.21499736449914
2025-12-12 18:23:34.137338,Idle,29.831022654718254,46.26453607372241,37.63175201887498,34.661188531666994,-260.89176029441296,38.99932079948485,44.47556111658923,33.63942720752675
2025-12-12 18:23:34.140376,Idle,-76.96281931368867,-90.70281914673978,-97.57221707381541,-83.82408964954084,-53.26154490010231,-76.56634175777435,-83.70562622585567,-99.46995739266276
2025-12-12 18:23:34.143351,Idle,-171.00799825321883,-193.33935627748724,-196.69961849990068,-179.53844808839494,180.42575902320095,-168.19925973197678,-182.05145591689507,-199.68575887865154
2025-12-12 18:23:34.148302,Idle,-126.71962407956016,-127.63396261376329,-130.11187212105142,-126.35398748534499,-25.81169756644522,-114.66448139571003,-121.02833242621273,-136.5925162609783
2025-12-12 18:23:34.152367,Idle,-48.425376339582726,-39.70378405216616,-43.404819065122865,-44.85495347561664,-295.0694144810259,-37.924445426120656,-37.058898694696836,-50.44136147410609
2025-12-12 18:23:34.156387,Idle,-83.3584716731566,-92.37242030585185,-95.76134343276499,-86.71902179173776,-121.6044851957704,-83.37801187386503,-86.66017293071491,-100.48908977891551
2025-12-12 18:23:34.160401,Idle,-180.05515641736565,-201.1818220760615,-203.0403175377287,-188.5947679760866,158.5012844829762,-182.3199915647565,-191.74981175223365,-208.75445185697754
2025-12-12 18:23:34.165412,Idle,-198.29524731857236,-209.09411436572555,-211.69951177205076,-205.6052326419449,-10.152838751600939,-194.3924037956458,-201.38783930559293,-222.5454457908054
2025-12-12 18:23:34.168434,Idle,-147.50981807263452,-152.01074548385805,-157.28513293594006,-155.56715482383152,-343.2775670627889,-145.39601682752254,-147.43287581042387,-170.3258090094023
2025-12-12 18:23:34.171426,Idle,-141.41549530146585,-158.35918754054,-164.08294235006906,-154.18607512835297,-230.05077759026608,-149.8203262952593,-153.26795850865892,-173.65741691883886
2025-12-12 18:23:34.176429,Idle,-191.55284361712984,-215.74039160873508,-219.02343412759365,-204.4458782834554,117.67895666432742,-202.10431060347764,-209.0080852539395,-226.52934448377346
2025-12-12 18:23:34.180465,Idle,-216.531671939636,-230.38345166404906,-232.2728333408595,-224.52095177714364,40.60945768513193,-218.0931896877155,-223.84749072387058,-243.77044286525052
2025-12-12 18:23:34.184473,Idle,-207.2808091187253,-218.12035337612906,-221.21879978096695,-215.81004294019658,-342.28231090201007,-206.0511393154302,-210.59120164779597,-236.49490092475025
2025-12-12 18:23:34.188477,Idle,-222.18546172476636,-249.29558321881632,-253.09699129084038,-237.59034137173876,-341.9867081072298,-229.6682241382441,-237.9652700194638,-265.5070896052421
2025-12-12 18:23:34.192460,Idle,-250.92084183145198,-285.5927424056863,-288.07415903703804,-267.3123438796938,27.92439474456114,-261.9171966571448,-272.5726677127168,-295.7392883440989
2025-12-12 18:23:34.196520,Idle,-236.94339191593428,-255.79724317139699,-257.86194175092896,-246.15221036069488,73.928931811226,-238.88715174356014,-245.33583259123043,-266.87924362787635
2025-12-12 18:23:34.199549,Idle,-210.73348542290478,-221.82298391028417,-226.06016751113384,-218.67691809609641,-297.2129616989523,-207.37726473292423,-211.7949106440301,-240.61319872278546
2025-12-12 18:23:34.203612,Idle,-246.57494989660336,-279.30572528013727,-285.59057323900925,-264.43658117032464,-413.41697840751294,-251.74409904260392,-264.0642840610926,-302.21428842843306
2025-12-12 18:23:34.208605,Idle,-306.9172312985829,-358.74781124987203,-365.133900326975,-331.09161398863944,-84.76617306658954,-319.4961527849955,-340.1174209550154,-379.7753384565076
2025-12-12 18:23:34.212616,Idle,-290.9842874011665,-329.37028940493474,-336.3951322712528,-308.59698713809485,57.89818391409062,-297.46844725836127,-315.2432297582709,-350.54254393823794
2025-12-12 18:23:34.216603,Idle,-226.33556218205194,-246.62917312185164,-256.4927260798722,-237.8885483397462,-254.319748492504,-226.07721991313156,-237.6877343533415,-272.3868484860286
2025-12-12 18:23:34.220550,Idle,-239.88748855542508,-274.66064048990665,-286.4853005147743,-258.54808754316764,-439.68253570269735,-245.9302376008709,-262.53645644622156,-302.0620235751703
2025-12-12 18:23:34.224595,Idle,-332.1115356708906,-392.929582443845,-403.1256404820015,-360.5775015883264,-165.96431089825637,-346.3186791467888,-374.1479780990776,-416.35641108528944
2025-12-12 18:23:34.227607,Idle,-362.4519518019224,-418.6989195480419,-426.34306972663035,-388.75245587312384,33.802102243033005,-371.7118047133554,-400.3608979925921,-439.6427156755817
2025-12-12 18:23:34.231618,Idle,-292.82156483773724,-325.97668166819494,-333.62948269210756,-311.9146379037702,-227.00128769231378,-293.44895214471035,-313.12412510381546,-349.10648519473034
2025-12-12 18:23:34.236633,Idle,-258.59538381392485,-293.64484387935954,-302.11003324508783,-280.26370131073054,-461.6743798476673,-263.1931804502383,-280.56183135457104,-316.92751185636735
2025-12-12 18:23:34.240650,Idle,-331.89042329142103,-390.3692800872086,-397.0584050269681,-361.5196609077393,-231.49031980449217,-345.8190579347429,-370.75584517625975,-408.41789053112734
2025-12-12 18:23:34.244598,Idle,-396.44989844897646,-458.3110556517786,-462.1788051358599,-424.780418411392,24.560289659624686,-407.937972545973,-435.71052965545096,-472.6515596524405
2025-12-12 18:23:34.248694,Idle,-355.1236490216688,-397.4323856513947,-401.1310828041751,-375.34648225991987,-184.50669424419175,-357.517244192597,-377.92750034478377,-413.88498875283403
2025-12-12 18:23:34.251637,Idle,-294.8192923886236,-333.31395952461753,-338.47997278434923,-314.8315624098759,-474.2795723848394,-299.33834844394005,-314.90502859666594,-351.16922963777324
2025-12-12 18:23:34.255697,Idle,-322.01227501779795,-379.83362800173927,-384.296124263783,-349.698184614419,-304.3274203107576,-337.1712250246492,-357.56171561946394,-393.4047841683496
2025-12-12 18:23:34.259703,Idle,-378.9667943207314,-443.6733439192176,-445.6556751418393,-408.5684031153214,3.8269086248474196,-395.10427525575506,-419.6948251675349,-453.6175151283387
2025-12-12 18:23:34.263707,Idle,-365.84015352244023,-414.7276021844591,-416.0465204170905,-390.1193640065612,-133.57513637648663,-373.370411637763,-394.3328172347974,-427.7996296598576
2025-12-12 18:23:34.268723,Idle,-325.22413038031664,-368.8705197435338,-371.2586264475249,-349.27583938575117,-464.30083324565203,-332.121060358244,-350.64033680793364,-386.1498291437747
2025-12-12 18:23:34.272758,Idle,-349.0299325667438,-410.15509511803975,-411.8918430597405,-379.60364698997,-367.1827910715947,-364.9536773149157,-389.0821828121552,-425.5322347366018
2025-12-12 18:23:34.275733,Idle,-398.22751220996724,-466.88823750737356,-466.2117033339455,-429.7053796823602,-17.52736218253267,-415.6044260992203,-444.1772856581956,-478.7663652371848
2025-12-12 18:23:34.279751,Idle,-380.40561604622053,-431.7738452053745,-430.649197941937,-405.033041652001,-65.84907918897807,-388.50533255917253,-412.5264704365982,-446.5381190792541
2025-12-12 18:23:34.283766,Idle,-331.74863229406765,-373.7437709897058,-374.91501044435427,-355.1903567511472,-423.25760777376126,-337.4112190628657,-357.151624823804,-394.8581673997687
2025-12-12 18:23:34.287777,Idle,-351.41617190960096,-411.48741489852546,-414.27692054462386,-383.5308673923719,-424.9703537434398,-367.0336693250574,-392.4984793207841,-434.34558672702406
2025-12-12 18:23:34.291789,Idle,-410.6443871110678,-484.9337286815862,-487.44057157140924,-447.6342157201143,-69.34200367153971,-431.4132218430168,-464.43970948056085,-506.3782810746925
2025-12-12 18:23:34.296794,Idle,-401.5254481479642,-461.5169093008735,-464.82195264077745,-432.55922450654907,-17.916959194786614,-414.36648534063715,-445.403355548915,-485.5820715522859
2025-12-12 18:23:34.300814,Idle,-339.5664729249547,-384.69148308149306,-390.87137073627673,-365.9131081450614,-359.8090501996048,-347.0739404091728,-372.65198945847806,-413.5887827448896
2025-12-12 18:23:34.303813,Idle,-339.7852293860051,-398.3247735405457,-405.69953925843583,-371.33226817002287,-451.4131918565836,-354.7694617767702,-383.1861226493493,-425.9322142858291
2025-12-12 18:23:34.307831,Idle,-405.25660919531947,-481.8189315057243,-486.4704298003344,-441.4332518540323,-124.80615807464346,-426.4875430246466,-461.4052470686147,-502.801605326531
2025-12-12 18:23:34.311842,Idle,-419.3181754386751,-486.4278339025914,-487.84657824150054,-450.17870894476073,0.8118908841861412,-433.90019459999166,-466.75362237147056,-504.7888034028001
2025-12-12 18:23:34.315858,Idle,-358.2939030803973,-407.2699996608426,-408.3163570613251,-383.4097406687797,-315.993588556943,-365.91066067729844,-391.44956566405017,-428.56496022065403
2025-12-12 18:23:34.319872,Idle,-333.09589375031646,-389.2965508638299,-390.8635310350801,-362.5822944624233,-484.4611486454378,-346.3094793057535,-372.3791490374715,-410.76301699632313
2025-12-12 18:23:34.324902,Idle,-384.8321888978244,-459.57738681993214,-459.7442210268928,-420.50400368578266,-190.43322885764064,-404.7316253015888,-438.03688350797165,-476.12704933586065
2025-12-12 18:23:34.328936,Idle,-413.5261764245224,-483.14061701495666,-481.85101617407054,-445.41930298123043,11.583583061408717,-426.7051149600884,-460.8742562182015,-497.53616001433693
2025-12-12 18:23:34.331884,Idle,-367.13603583112126,-417.74521063885186,-417.64249915455,-391.76948696916224,-262.96645216294564,-370.37103410984855,-397.98809877049644,-435.680988532491
2025-12-12 18:23:34.335898,Idle,-334.48545805638423,-387.670695871464,-389.2542788165156,-360.6164593662252,-504.3946762927226,-341.29812161193695,-366.93683008110384,-407.01812476327177
2025-12-12 18:23:34.339921,Idle,-373.52356592420256,-444.76218367624097,-445.1543403302785,-404.89745270850835,-260.3332080200198,-389.91337264858885,-420.32001844153274,-459.3506449738052
2025-12-12 18:23:34.343917,Idle,-404.16053965548053,-473.0958136895206,-471.11283931473736,-432.1506220634328,15.45919348206371,-418.13251051615225,-449.0494965000544,-484.113843628671
2025-12-12 18:23:34.347949,Idle,-365.52175825904123,-414.7626303889556,-412.98025636782404,-385.82011961971875,-191.24950089480262,-369.48816515289946,-394.17610988602974,-428.3235796347726
2025-12-12 18:23:34.351968,Idle,-334.2530849103932,-383.4525439834688,-383.3543467258569,-355.97486420627683,-493.6240739361965,-338.3302169520175,-361.1395420607878,-398.7256417487515
2025-12-12 18:23:34.356973,Idle,-376.59137844014913,-446.3003922998905,-445.4901246264344,-405.9646795472363,-324.62464883289067,-388.4474342323956,-417.11347353924066,-456.72000839107204
2025-12-12 18:23:34.359980,Idle,-415.7029278635746,-487.98539328342304,-484.73804505879525,-444.7170079264324,5.638701259857044,-425.5622182029765,-456.6205721289152,-494.08219736116007
2025-12-12 18:23:34.363964,Idle,-372.4995101786335,-423.3464184278855,-420.21882623562124,-394.5002072205534,-110.44671916437801,-372.06393739487976,-397.67042974033393,-433.87813243689016
2025-12-12 18:23:34.367992,Idle,-319.2849716146011,-363.8093996833777,-363.6754863415845,-342.9213850069791,-447.2223264761269,-319.2526811120333,-343.319227500353,-382.7527589824749
2025-12-12 18:23:34.372015,Idle,-350.0936489464948,-415.73299482127186,-417.4801200388465,-384.922466646065,-373.81902536319103,-362.7148594079772,-395.35653677769005,-437.8984667415498
2025-12-12 18:23:34.375961,Idle,-402.24421333905775,-478.4420311903814,-479.9626526932698,-441.6124301875243,-32.65408191335155,-420.305898538325,-459.40765539428685,-500.0236720016692
2025-12-12 18:23:34.380027,Idle,-367.72664166393224,-425.3340917250607,-427.7550432931166,-400.2503148057731,-64.0325204282999,-378.35585229098797,-412.18943957961164,-448.8763430475956
2025-12-12 18:23:34.385046,Idle,-295.99364573683124,-340.8913282066351,-346.0401270898292,-324.75687629857566,-402.51063419133425,-303.3572479983559,-330.41454777121544,-366.55880089092534
2025-12-12 18:23:34.388040,Idle,-309.06537976150867,-370.9567662226036,-377.1457831328735,-343.96121182932984,-404.29581364651676,-324.2510486508254,-354.7470126429107,-392.72337669925764
2025-12-12 18:23:34.391064,Idle,-378.35088897356763,-455.6720261310693,-460.0234418925829,-416.6230979647953,-60.045653791807126,-396.40435929677915,-433.17139448050875,-470.97462322353385
2025-12-12 18:23:34.396062,Idle,-373.7198934851913,-436.3302195549477,-439.4631035764469,-404.7392623537453,-12.203331519500352,-381.575226757559,-415.21099453256465,-450.9765390661778
2025-12-12 18:23:34.400031,Idle,-297.8459246576531,-341.6830338133732,-345.9940709263319,-322.606638666708,-346.27912243647734,-298.5530788942706,-324.8606952672126,-359.82531340036076
2025-12-12 18:23:34.404098,Idle,-279.0357286708895,-331.74994543439243,-336.3534676351119,-307.9830720209284,-429.47707497590454,-286.7082892085891,-313.86765529750846,-348.7038835090352
2025-12-12 18:23:34.408106,Idle,-339.0918660563184,-408.0938192156609,-409.89751660556067,-372.89838778960984,-101.34432076435769,-353.65328130614944,-386.5405915203737,-419.2056971944403
2025-12-12 18:23:34.413115,Idle,-359.9620668507414,-420.1733920068946,-419.3634531542193,-389.21053681115154,21.336877672583796,-368.4713257465046,-399.85089816048276,-429.51535727712326
2025-12-12 18:23:34.416138,Idle,-301.13512622227427,-343.2908987865085,-343.14008026977535,-324.5654540975811,-297.2361682673218,-302.5241937167011,-327.0586252885405,-356.07348107057624
2025-12-12 18:23:34.419147,Idle,-265.4698077031644,-313.14442345965654,-314.29978313832544,-291.96608522033785,-463.3390663511818,-272.12168737186585,-296.35161721438635,-325.79828175145667
2025-12-12 18:23:34.424163,Idle,-303.9843135874253,-368.5745875952998,-368.1568501255242,-335.0938302258728,-162.84875558828935,-317.7773804808967,-347.6144558903761,-374.9208644926548
2025-12-12 18:23:34.428144,Idle,-328.9588028485887,-388.71816100541037,-385.68846306647174,-355.48626931058243,47.22627355431905,-337.2050107906107,-367.07406287209596,-390.86704980768263
2025-12-12 18:23:34.432172,Idle,-286.89127707714215,-329.2151570521528,-326.0266721161315,-306.064495620667,-221.3215664383024,-285.7547636083327,-309.84843929926865,-333.0953487729421
2025-12-12 18:23:34.436182,Idle,-255.98750209610444,-301.94519987807143,-299.80070875468664,-276.7004131448921,-458.6230637431727,-257.35337663965765,-281.2998314714059,-306.23254577990156
2025-12-12 18:23:34.440200,Idle,-288.5341920393985,-352.3851109931711,-349.3057814707281,-314.59779074403923,-207.18820552359102,-297.4131597848609,-327.95980626740493,-351.95483808068093
2025-12-12 18:23:34.444205,Idle,-307.49945084541105,-368.002766476362,-363.10306156636216,-330.54490628198255,80.76927094440907,-312.4662804667605,-344.68975603731815,-365.3651973003289
2025-12-12 18:23:34.447222,Idle,-258.0590994815575,-297.4409860201413,-292.9431186839938,-273.8682792596519,-115.6761210829136,-252.85828262439463,-279.5244068581378,-300.14741558930837
2025-12-12 18:23:34.451201,Idle,-220.44474965939298,-258.4082357415464,-255.50126128143165,-237.855261572171,-415.722488612344,-216.21901683835313,-241.85542263963725,-266.6076525427634
2025-12-12 18:23:34.456235,Idle,-260.0625789851183,-317.51295548537746,-314.13269399967976,-285.0021758241346,-249.3202164102113,-265.23934601037763,-297.69956184283365,-324.5181010403903
2025-12-12 18:23:34.460270,Idle,-296.61029615532607,-355.9466153832618,-351.0326562760165,-321.02426994557027,80.4385781083256,-302.2097053449834,-336.9462795421714,-360.7502047555754
2025-12-12 18:23:34.464254,Idle,-248.57929102610797,-285.8028973772889,-282.2043906353647,-265.65355588914827,-32.217197287245654,-246.39842847385444,-273.57591612136457,-294.633099511615
2025-12-12 18:23:34.470279,Idle,-188.98005934630055,-219.07575222232845,-219.44238868134562,-206.7688972769538,-364.781863267126,-188.31687190697994,-210.58758900105022,-233.59655562078115
2025-12-12 18:23:34.473291,Idle,-215.3480620160699,-266.0885401587002,-268.81791230279487,-242.92678211303428,-288.07863821380306,-226.35156221850775,-254.306547985645,-280.0751287412131
2025-12-12 18:23:34.477252,Idle,-268.58522298856406,-330.15397129103076,-332.2976637480315,-299.44926434056833,56.70349951990647,-282.7491235565394,-315.76490287622437,-340.05111178732477
2025-12-12 18:23:34.480300,Idle,-239.17389631300466,-282.4118373973761,-283.9064972755732,-262.262522532139,29.245978338178247,-243.61388331931084,-271.0113984623458,-291.77271574013866
2025-12-12 18:23:34.484309,Idle,-169.3701187366387,-198.84016659180634,-200.54249561135657,-187.7618776425952,-306.53308779606596,-169.17066993349,-189.4484296075534,-209.15001370431855
2025-12-12 18:23:34.488322,Idle,-177.18324337137165,-221.31785611901432,-221.27062208228745,-200.80580725334585,-305.3964485107572,-184.9793687716592,-207.83183406456374,-227.6105689717224
2025-12-12 18:23:34.492350,Idle,-239.4158647217555,-297.0348667904036,-292.7979380856268,-266.0929512231378,44.397469795134384,-252.00069176201941,-279.87072936899494,-297.18421068938915
2025-12-12 18:23:34.496347,Idle,-233.97175669530407,-276.6977273018565,-269.85596559231635,-253.84584047319368,96.87295417801943,-239.12247294507688,-262.6491558504058,-276.4875794205582
2025-12-12 18:23:34.499368,Idle,-163.6871418778901,-188.8152569073718,-182.95410110545345,-177.82070859195665,-238.78295073425397,-163.26161686668638,-178.72038025630172,-192.05624415667262
2025-12-12 18:23:34.503306,Idle,-148.1435315287672,-182.94545509992167,-178.19885210331995,-166.04879023355898,-326.36571507464396,-153.51684852014296,-169.54094035725575,-184.35606440668926
2025-12-12 18:23:34.507392,Idle,-202.02856911876006,-252.36640112486202,-246.18720280495472,-223.185332548921,2.4711091126082465,-211.0139453248703,-232.3710903832689,-246.7707796934992
2025-12-12 18:23:34.511393,Idle,-212.49258640041808,-252.60817328398116,-245.03927909594495,-227.115947645274,129.86961830448126,-212.31145340687362,-231.35964560345747,-243.9703577553155
2025-12-12 18:23:34.516392,Idle,-151.7369904021034,-173.69409824511968,-167.34168581815902,-159.46221375104506,-188.30278513766825,-143.31763122748816,-154.9057428855449,-167.70690714777447
2025-12-12 18:23:34.520378,Idle,-125.02071728900773,-154.109813989955,-149.2271117004566,-136.21156105352566,-359.5344859454781,-122.90021943754982,-134.42055475822417,-148.53250618022867
2025-12-12 18:23:34.524440,Idle,-169.8295227373601,-216.94352367334068,-211.05197483394295,-186.922717041336,-61.634196190629154,-177.003483032051,-194.73556874954375,-207.65131781075615
2025-12-12 18:23:34.527436,Idle,-187.16845404857304,-228.11015811702237,-220.801373877679,-201.11916649353225,152.4719447537209,-191.19772556138923,-208.8231204658514,-219.02834976790473
2025-12-12 18:23:34.531387,Idle,-130.835724274104,-151.7532078375807,-145.51576700469013,-139.25221237324877,-112.312408158381,-128.13829936657567,-139.01971185853472,-149.48777960345615
2025-12-12 18:23:34.535440,Idle,-95.09109313262161,-118.56146816106047,-113.88443378731608,-107.60217562888283,-354.23561867303215,-98.00805155892158,-107.88572870276403,-121.18465686868876
2025-12-12 18:23:34.539457,Idle,-136.1632475903025,-178.56871596205747,-172.4563675232348,-156.51933914230904,-113.02513130777515,-149.70922236697515,-165.8446088041528,-179.2311865533702
2025-12-12 18:23:34.544469,Idle,-164.9420213351841,-205.00042643077904,-195.9918441827176,-183.3629371333518,169.93279872956919,-176.71885459299665,-194.15475373354275,-203.86115184472874
2025-12-12 18:23:34.548484,Idle,-114.32007484190399,-132.17122600303264,-122.9199870309676,-124.79393024998717,-21.59736052219523,-116.52666923962533,-127.57268410164397,-134.92269468097948
2025-12-12 18:23:34.551455,Idle,-66.91649070841959,-80.91363984846976,-73.85255316336406,-77.60925137397135,-313.80901251354953,-69.77087534958264,-78.76960446912562,-87.31892171740765
2025-12-12 18:23:34.555517,Idle,-100.48581364174606,-132.75676208728692,-127.02202017104719,-118.16016817471245,-145.85284266190138,-112.72074708761647,-127.86210234474856,-137.06462594715413
2025-12-12 18:23:34.559586,Idle,-139.7219132235041,-174.88108291989192,-169.776566019631,-157.33279685553862,177.87178747460712,-152.95549273164943,-170.26820087485248,-177.09472704515792
2025-12-12 18:23:34.563587,Idle,-95.11433479073457,-109.55878451868193,-107.15039814892225,-105.51032811636105,58.10730019782204,-100.69264937803382,-110.69254684564658,-115.57090330589563
2025-12-12 18:23:34.567583,Idle,-31.312255958735477,-38.35608660680009,-39.477153741929214,-40.978275120141916,-275.82953988565714,-36.88611777505139,-42.14315864891978,-47.82970720430603
2025-12-12 18:23:34.572582,Idle,-49.28627755685011,-75.35007129021687,-76.2912205181201,-66.01240202464396,-195.38590906379977,-63.23254512040876,-74.26203546475153,-79.986666733108
2025-12-12 18:23:34.576592,Idle,-100.7123709701118,-136.63064764731098,-133.4387103925692,-118.17425071424805,150.18913989324938,-113.89193815732142,-130.58198498899583,-132.95809083775384
2025-12-12 18:23:34.579582,Idle,-79.84275419113692,-98.1243972008233,-91.70372484740801,-88.28681695216801,115.35406218690332,-80.27383665216621,-92.64242136327084,-92.00349318003282
2025-12-12 18:23:34.583620,Idle,-19.8067244720296,-25.498707333696075,-18.93122459424194,-23.33458774711471,-230.1586572381202,-14.08801805973053,-20.426453507097904,-20.6161710760789
2025-12-12 18:23:34.587601,Idle,-27.04949682886945,-47.24745806789724,-40.54650296777254,-35.55704160453752,-231.82512137797312,-28.67671869258629,-37.49035106622614,-39.123961693025194
2025-12-12 18:23:34.591596,Idle,-79.63286654354306,-111.86436052172212,-103.34880629187683,-90.6903836154961,121.43656520554214,-85.48825182259316,-98.41704032215057,-97.91512770217378
2025-12-12 18:23:34.595592,Idle,-68.61095116258366,-85.1653598533594,-75.89354279334657,-72.89010574127315,174.34155007480877,-66.64949439460179,-74.97445068706293,-71.08336491329828
2025-12-12 18:23:34.599642,Idle,-3.892268752795644,-3.807741013064515,3.7898101112805307,-3.1976104906061664,-167.5922623037186,3.3929586722515523,2.0667974580428563,6.275911029719282
2025-12-12 18:23:34.604646,Idle,2.709653748141136,-8.142550886492245,-1.5082387696602382,-0.7983252113335766,-259.2272178689891,3.5334813945228234,0.08948351518483832,3.1924240519292653
2025-12-12 18:23:34.607658,Idle,-53.52574605430709,-79.45968197874026,-71.10443567798939,-59.34551557491068,78.31338468083413,-56.40354160772404,-66.11150300799636,-61.311667703150306
2025-12-12 18:23:34.611651,Idle,-60.48612754640635,-74.1278527592658,-64.39952628593892,-57.96976339619141,223.19979919842444,-53.08051385747967,-60.736978169414215,-53.06881750636967
2025-12-12 18:23:34.615626,Idle,2.337957217823714,8.395037563634105,16.467572553432547,12.692595914239064,-85.03399807654205,19.748982065997552,19.163736745365895,25.723568463115953
2025-12-12 18:23:34.619690,Idle,26.45544960600091,24.741937438724563,30.550999414292164,32.3342750784941,-261.11585042634397,38.87805940984981,37.076312500052154,39.06549495912623
2025-12-12 18:23:34.623708,Idle,-22.269053811731283,-44.110856906394474,-38.23580116266385,-24.398811246675905,29.58064761364949,-18.646628873830196,-28.903465413313825,-29.48080266301986
2025-12-12 18:23:34.627738,Idle,-39.77634788578143,-56.88548557908507,-50.51982999272877,-40.012283853720874,248.11475528668961,-32.654151555208955,-45.283032302570064,-45.2616921265726
2025-12-12 18:23:34.632749,Idle,20.65252763047465,23.677534476330038,28.009975876600947,26.41935624508187,-4.86355753990938,35.36355334639666,27.489977153891232,27.20293313928414
2025-12-12 18:23:34.635748,Idle,59.15339098236291,59.97861943038879,61.5309431803762,61.89988586376421,-241.54973928810796,69.19117983977776,60.85257872514194,58.531695600715466
2025-12-12 18:23:34.639756,Idle,14.973178769869264,-3.9233984471065924,-2.6086216995026916,9.984582735341974,-4.501237963617314,14.109936549328268,-1.4583041948499158,-3.3915426519233733
2025-12-12 18:23:34.643697,Idle,-18.724268120888155,-36.688197495706845,-34.615756274200976,-23.04930797679117,273.4695399882912,-20.396285416238243,-36.95392988983076,-35.054737363767345
2025-12-12 18:23:34.647774,Idle,32.92882268183166,36.264147582347505,36.24264384212438,34.446509079338284,80.35373092707596,36.085314910509624,28.27586612929008,32.81577343516983
2025-12-12 18:23:34.651797,Idle,86.70462915487587,93.01714849757263,88.93571714300197,85.74142923695035,-213.68969308683882,84.23651731290738,81.85507610530476,85.49193886271678
2025-12-12 18:23:34.655801,Idle,54.94190235072165,40.875232688908,34.932958811550634,45.307210329105146,-49.17687436690903,40.88940393080702,34.28264471067814,37.16997569942032
2025-12-12 18:23:34.660815,Idle,7.02428495613276,-12.727049504057504,-18.143249547079904,-2.7704601818986703,272.37316060019657,-5.726526567537803,-15.10606606589863,-10.349561780312797
2025-12-12 18:23:34.663842,Idle,38.51175260893069,38.234534939110745,32.296226056845626,37.50474515292444,151.47394424882077,38.69272547084256,35.27524006788735,41.35690766427433
2025-12-12 18:23:34.666825,Idle,93.56025703169871,102.13822583894944,94.60550369916018,95.62724678521045,-185.0735065254994,98.2710011494928,99.78588006363134,104.6136409858882
2025-12-12 18:23:34.671830,Idle,71.44568301044637,63.762827567290515,57.213058661756804,67.86944047626457,-106.5775969276292,68.80569972060039,66.6367865105567,71.33205588825513
2025-12-12 18:23:34.675863,Idle,15.709227289713454,0.10265105127473362,-2.7183930052560754,11.087687260878738,240.8663904121786,11.407554838922806,6.383670415671077,14.646308896742994
2025-12-12 18:23:34.681860,Idle,32.36380729152006,34.783495635172585,34.088211475580465,35.18851537106093,207.01321034169814,36.873643930855906,38.54411363028339,50.033152977906866
2025-12-12 18:23:34.684814,Idle,92.3947848250973,106.74845239749993,105.04168012339505,97.97839590965305,-144.9910461906984,99.31994967110222,108.50088909061742,118.90919001254952
2025-12-12 18:23:34.688894,Idle,88.47251831472386,87.12306539108977,84.76738523654058,86.76077749044634,-155.85073302873934,85.17278406929108,92.4295290352893,100.4594378087786
2025-12-12 18:23:34.691893,Idle,36.62593606245355,21.894860109081492,21.007774652302032,30.624957846535835,195.87937865448475,27.624957351275953,30.34628218470607,38.99827124469448
2025-12-12 18:23:34.694838,Idle,42.63826962444,42.47563206180348,42.25402525946265,42.922353652335005,253.49895515029493,42.05536635487806,48.03856827385607,58.08431732558529
2025-12-12 18:23:34.698918,Idle,99.14638015437231,114.77547137250076,112.9709061231697,104.70019006461371,-88.46374613458465,106.06813305721153,117.30512745483429,125.26332473318325
2025-12-12 18:23:34.703920,Idle,99.3005177994346,103.19366970553529,100.87233871375793,100.67308559338562,-187.75381034346356,101.83400582098693,109.55768377795175,113.86455976509023
2025-12-12 18:23:34.707879,Idle,41.61227536444494,29.787160432111705,30.05510346754454,40.174506158800796,141.66819450451294,41.301505739975255,42.02625362397521,45.67538042910746
2025-12-12 18:23:34.711945,Idle,36.93042900934233,37.24896116487798,39.821725964866346,43.315636475599604,281.0666837537283,46.82251287224062,49.16302573327266,53.84290216115187
2025-12-12 18:23:34.715963,Idle,100.66251155614736,120.91893219745543,122.4235204448778,114.4785663941002,-33.7490729620331,120.16727031898336,128.93019386474043,131.71256964110944
2025-12-12 18:23:34.719962,Idle,120.3090344122611,132.9987551994418,132.56200978221023,129.05379789022845,-216.75024677194597,134.2580596726766,141.15202415977546,140.06990898985532
2025-12-12 18:23:34.722984,Idle,63.54604960886354,56.38443370745517,56.37715568651038,63.68949879783031,72.80426074237766,67.90667485985614,66.67516566408449,64.94508850922284
2025-12-12 18:23:34.726979,Idle,40.51329504039313,39.128892495442415,39.986230598107795,42.59119068244763,294.7138720889343,47.38061254132481,45.657332878545276,46.673532021348365
2025-12-12 18:23:34.732022,Idle,101.37367588811321,122.11789438207052,121.08743042820424,110.32510286070465,39.83033736033394,114.54967488173861,120.31937741109869,122.52208471314225
2025-12-12 18:23:34.736008,Idle,143.43001084946445,164.0492428935686,160.22947148121602,150.64420374641486,-206.8332984685694,150.54363252150506,158.02326502773212,158.93388698840863
2025-12-12 18:23:34.740024,Idle,100.54967654572101,102.6143727847375,98.86317198636243,101.40921667795192,21.470401745435083,96.37534669347224,97.1589586019254,98.94073672324157
2025-12-12 18:23:34.744044,Idle,63.336973614459566,66.4992092998582,64.55340896466805,66.54419106992282,298.0731636689452,60.5299171126826,59.10251447729388,65.3007393080261
2025-12-12 18:23:34.748051,Idle,108.36674498334469,132.50024208997638,130.14892595490528,119.46903892468254,104.93513397288189,115.28127798301284,120.34881800822768,129.7803342073821
2025-12-12 18:23:34.751061,Idle,156.01874732639408,182.55834802783647,177.82924510304292,166.3282852622724,-193.68569768308953,162.68194450232477,170.9552633021667,179.7620482293787
2025-12-12 18:23:34.755104,Idle,120.69698223040905,126.03693553550693,120.49419212187058,122.75549373061585,-33.56066834415469,118.82554842616082,121.47000428133106,129.34409335167584
2025-12-12 18:23:34.760076,Idle,71.00342174525758,69.84723091889464,65.20889886752411,71.8544136673845,289.4081292372066,70.45620162245814,69.65866748481858,79.08764253387926
2025-12-12 18:23:34.764089,Idle,100.67119011603972,118.45703577427776,113.4597389675946,108.23962702750214,171.26971363810844,111.4557545846244,116.01161636586949,126.69482944603078
2025-12-12 18:23:34.768104,Idle,152.94373061197348,179.15810749376033,172.86615452363185,161.43519651241058,-166.96982748605114,166.49255303118753,175.20641534938295,184.60397774903322
2025-12-12 18:23:34.772125,Idle,127.23381757600191,136.80895922552008,131.93153544737288,129.26908970389968,-89.41945763393778,132.1837695502636,136.670833958216,145.62384422758532
2025-12-12 18:23:34.775111,Idle,68.06050880676594,69.99376622583168,69.25512307672398,70.59903695810499,265.7806038708045,71.15386033049435,72.6653330324225,84.87159481664867
2025-12-12 18:23:34.779144,Idle,82.661048288026,104.01205748564325,105.60715900887851,96.0861846877724,243.63337821485266,95.7607001274555,103.82648998092372,119.41969500352207
2025-12-12 18:23:34.783154,Idle,141.9337635894044,176.97668008806795,177.3796664472011,161.7184946260022,-104.74571445153833,159.5121565401132,174.24766035751236,189.36769019039275
2025-12-12 18:23:34.788168,Idle,137.3266121884335,157.4162326354599,156.66650707889312,151.95733626468427,-121.58715493597447,146.43659769737133,157.5250183082062,170.8921102378299
2025-12-12 18:23:34.792181,Idle,84.68704811028874,90.67673577003734,90.97680583890906,95.21811891119069,224.04380515244702,88.53829311978916,93.23358704296334,107.5659791969083
2025-12-12 18:23:34.796204,Idle,91.16780755940272,110.43376018864728,111.29471971762541,106.8140521321402,280.67533182445914,102.25302490120521,109.25293611218513,125.00563096629048
2025-12-12 18:23:34.799220,Idle,150.08306485103822,184.25246712733497,183.30665078297898,169.39453876020707,-60.83882175777762,166.2830642110639,178.60467462863744,191.9460657469317
2025-12-12 18:23:34.803221,Idle,151.83607451173884,173.6911435499278,171.23023085619934,165.40117545561952,-159.97674978348005,160.82562089266867,169.85358869014453,178.95930578705884
2025-12-12 18:23:34.807231,Idle,90.49273705182713,95.88187107455451,94.3338925485732,99.72628659885231,174.00294980067338,94.11549855720659,95.88154264178593,104.10718164792343
2025-12-12 18:23:34.811230,Idle,77.51345518730523,94.51923490093759,93.89748690526903,93.27319682539382,323.43577555697993,89.63839571469725,92.73202998351917,102.83531347155804
2025-12-12 18:23:34.815258,Idle,134.9142869454954,172.34452465277718,170.44956487530726,157.52206225992995,17.195500538382475,155.85175657609943,165.93964379089448,175.95327527173504
2025-12-12 18:23:34.820259,Idle,153.98346640857926,185.09998660987912,182.27316330340545,171.75572114095849,-163.0292883582515,168.97947744039993,178.6179704126116,186.76880452410842
2025-12-12 18:23:34.824267,Idle,98.34964040043997,110.26771143911174,109.51406517338182,107.86753729300108,126.73806603257253,103.15490285573469,105.82082840209478,114.95216145335871
2025-12-12 18:23:34.827283,Idle,73.06226295730448,89.68776123877615,91.3307478864881,83.97520898781659,347.39084765387815,79.33205058253952,81.4624871093256,94.47000994088012
2025-12-12 18:23:34.831232,Idle,129.8402762393962,165.9240824853332,166.45189423378906,145.7632648593717,85.40427570625616,141.12737300148,149.8665531026927,164.61358069432026
2025-12-12 18:23:34.835299,Idle,171.0860829338053,203.80840269173495,201.22486470465083,182.51976861649018,-172.94002726417966,174.98158950348443,184.97251676456654,198.11508213503112
2025-12-12 18:23:34.839312,Idle,131.34805452788714,142.69909660809208,138.85797875648132,133.62759302229097,48.31736042713601,122.5930183717137,126.70826122393191,139.3070802743605
2025-12-12 18:23:34.843326,Idle,96.65104521463218,107.07423874926462,103.30913630270516,98.97858133533737,325.29805518424837,87.76412036447437,91.32817199018609,106.05268229736248
2025-12-12 18:23:34.847356,Idle,139.24950713133148,169.36275479766482,164.16111690584512,147.92555610410636,131.79485259576904,138.57689268744434,149.9522918088478,165.49425979504304
2025-12-12 18:23:34.852361,Idle,179.87567205616506,212.0137307944242,205.127663142659,187.46653839691135,-171.96887502046593,178.02838002334465,193.00675767498615,206.3625366157503
2025-12-12 18:23:34.855353,Idle,137.60458648508938,149.4471224797162,144.23563813892542,138.54339355314733,-14.397679230343783,127.49040440325916,136.82463005842874,149.13780341437086
2025-12-12 18:23:34.859320,Idle,85.22585692442954,92.55249116731284,91.40478671011806,88.4084408779454,313.0121023746324,77.82734348667145,83.9563463293598,98.7509004685271
2025-12-12 18:23:34.863382,Idle,115.79118031734833,143.89904973149532,144.64372413513775,129.810176241328,197.40391416884086,121.68970876901585,133.36007037284435,150.17700151145982
2025-12-12 18:23:34.867395,Idle,168.552248446038,205.32861818079255,205.14076706969354,186.24071616819128,-149.24683333931898,179.3612153234426,194.17255973411375,209.33254894218408
2025-12-12 18:23:34.871406,Idle,140.83216715909657,159.09619588438363,158.84095769442501,151.64192406833172,-85.16761120848241,145.02245255820162,152.7736843945604,165.7543959656905
2025-12-12 18:23:34.875413,Idle,78.41825152139063,85.86198749295727,87.21552504332794,86.01029488726635,264.0690124700923,81.84812397477799,82.90370797029755,96.43460335297277
2025-12-12 18:23:34.880423,Idle,90.27749667185708,113.92567739955848,115.12353691803582,103.44028022550629,245.296105864094,103.19245358326589,107.84141581585573,121.82174414026667
2025-12-12 18:23:34.883438,Idle,147.68900549880345,182.40188567887526,180.8697209692764,162.44987667098758,-98.91847278906789,163.105986807117,172.97078481072094,184.01639536957373
2025-12-12 18:23:34.886447,Idle,141.2107547766209,158.84380186873022,155.918503631372,147.99344785517314,-115.22779807769984,146.08890583817265,151.78399645278114,159.53642472470528
2025-12-12 18:23:34.891459,Idle,85.51558229436341,87.55666872920119,86.49476050148951,87.73175996585633,230.92747410267475,84.6548163544503,83.51133925342583,91.9372502937913
2025-12-12 18:23:34.895471,Idle,88.17309586693591,103.24981090606889,104.22156622810871,96.9387434424425,289.0652485670871,96.31134509117692,97.05656680167885,108.18699550663587
2025-12-12 18:23:34.899484,Idle,143.64815310330596,174.49917173979338,175.7119804059039,158.02951903853682,-54.50549222124391,159.7379827349796,166.0561997621844,177.6322261482128
2025-12-12 18:23:34.903434,Idle,141.9871321467799,161.00225237203995,163.33376320151729,151.27802807322587,-159.27414639315975,152.33079244336113,156.70536148484098,167.6606439325551
2025-12-12 18:23:34.907567,Idle,77.1659723908524,78.59543895922252,84.51557355825207,80.61606076307362,170.79666156304302,80.54451961495215,79.86320777164656,92.88162290272885
2025-12-12 18:23:34.911580,Idle,63.030953466077335,73.90651906465064,82.39981555729173,70.13859395420877,317.4124900894385,70.9117317845521,73.88644003515947,90.03025552624604
2025-12-12 18:23:34.914564,Idle,123.89278990967432,153.21690560836578,160.33829587535,135.15204224534682,3.264169220055919,136.4380578623677,148.0371957453608,163.58348097739508
2025-12-12 18:23:34.919554,Idle,149.12241393627482,170.70103776585893,175.3227229937329,154.0513694639376,-188.03675402213412,153.3116094582656,165.0035896919435,176.75602670112858
2025-12-12 18:23:34.923571,Idle,97.18381887025316,98.4872271734639,103.09260825242382,93.95146603602916,98.09504599211505,91.0745431475807,95.61380830168491,105.29613126834738
2025-12-12 18:23:34.927550,Idle,70.73980605890392,76.34946276718983,81.56057758751558,70.51697847785545,325.1338457536622,67.83849002764327,71.56669516768306,81.57227121372125
2025-12-12 18:23:34.931558,Idle,124.10041797239683,149.74515825492563,152.63996295211837,131.26824259894784,69.61542982945684,128.84832048462704,138.81690556913964,147.50904999431805
2025-12-12 18:23:34.935575,Idle,162.3925946004747,185.54746917524608,184.7604841524153,167.05392626638059,-187.72351970472664,162.32773527732934,172.48963277606526,177.84806288179243
2025-12-12 18:23:34.939592,Idle,119.6390471100458,121.6299973083078,119.81115033314563,116.36286818937515,35.91898254852276,109.20217503653839,111.54215783230029,116.04131954358309
2025-12-12 18:23:34.942618,Idle,80.68969480029773,81.35189835124766,80.66568826290313,78.71751286168,320.9161864722264,72.68077736897976,72.30504896474304,79.37597792665474
2025-12-12 18:23:34.947604,Idle,118.98941728414502,139.10826751662535,138.33505554756266,125.24151057199924,133.15531323231698,122.39674310537521,128.22978471050737,136.60025279631373
2025-12-12 18:23:34.951560,Idle,157.4487823152158,179.60605786152883,178.01940860107425,164.28143792884657,-173.48959174692573,162.63637833073153,171.07547736976994,177.57880293836934
2025-12-12 18:23:34.955632,Idle,114.74460340922815,115.94261798166553,116.14187986345496,115.01200995928957,-20.262465817810153,112.96350572866504,114.76417903552647,120.40641543679521
2025-12-12 18:23:34.959645,Idle,60.92532320172177,55.70542280713562,59.64984890384949,61.789742890774505,310.4674872299365,61.30064836595557,58.4295469110657,66.30547984762234
2025-12-12 18:23:34.963659,Idle,88.39560085345875,101.5391495533986,107.16565017940593,98.1475669980573,202.47073273146816,100.85038456329494,101.7951720841229,110.73372357460903
2025-12-12 18:23:34.967675,Idle,139.10458613644005,159.04117727442645,163.98926816054154,151.90579259642982,-140.26182914394303,155.52501594365458,158.22625221146154,164.24126289819833
2025-12-12 18:23:34.970660,Idle,112.74348281297716,113.13740896832314,118.71124338102527,119.66297152193147,-74.58951949136099,121.59475744672818,116.47843102322076,119.64857960448717
2025-12-12 18:23:34.974641,Idle,54.935235203651246,44.24553841055604,52.18710182560608,60.115676137123955,277.8615447952616,61.63891439489089,49.57419094274519,53.807101384270936
2025-12-12 18:23:34.979702,Idle,72.33970911428332,78.48345239137416,86.64823234360665,83.80469358706614,258.13380435921135,87.27303577814018,78.90868346547359,85.0729330771428
2025-12-12 18:23:34.984725,Idle,132.13982854553615,150.7611116564076,156.01696497562807,144.89156440625084,-96.91138152331405,149.4227707113896,146.65812217802159,151.614298147324
2025-12-12 18:23:34.987730,Idle,121.96776223173947,125.02329399425071,128.3435793981189,125.9140050955757,-124.99487631992088,129.62780642008875,123.25769244859111,126.32989638895378
2025-12-12 18:23:34.991733,Idle,59.38789633885608,47.894226271571824,52.46041416769731,57.95351837328053,220.5574976252392,62.117758451844566,49.65641934974701,54.44598100887379
2025-12-12 18:23:34.995739,Idle,58.77902947482653,60.993257719877874,66.8007291930553,63.291776729543926,284.92708146272344,69.89762613415951,60.368075902340934,68.58881246484816
2025-12-12 18:23:34.998764,Idle,117.43841040960979,136.06660441262648,140.61655649158638,126.99286131956615,-59.2865428757068,133.86265350910253,131.22234115516767,140.00944884502678
2025-12-12 18:23:35.002775,Idle,121.03804598510033,128.49704900331562,131.7516919351765,124.73158382027759,-172.6318275777012,127.6996340364567,124.38280392374145,131.931098288449
2025-12-12 18:23:35.006797,Idle,57.338736037607305,47.828115766402334,52.05194749418297,54.54087396984687,153.31626441441767,53.49094082033844,45.9798663019028,54.92591053477372
2025-12-12 18:23:35.011808,Idle,38.79676007269882,39.42626610890147,44.48040579663939,39.908890345308464,306.3597658798244,38.08497345959768,34.70429329830222,47.03957931086188
2025-12-12 18:23:35.015761,Idle,93.30105224787258,113.50065159323276,116.69891195980017,100.18987784319324,1.0623064214887563,98.30901977425674,103.9966903195309,117.11756234144559
2025-12-12 18:23:35.018820,Idle,113.63446352549363,127.74010479345452,128.69155948061962,116.69820547918789,-187.58919067046372,112.51223607861903,118.95179851871217,130.23599332864978
2025-12-12 18:23:35.022772,Idle,58.230760633799946,53.75953583038063,55.082830275641754,55.25120648680604,97.07028687384445,48.8136180441943,48.866380719671724,60.105619776266394
2025-12-12 18:23:35.026841,Idle,27.66875295349746,28.783305834047496,31.128050532133784,28.614505951933097,324.2357929398422,23.09553567189141,23.112299568892922,36.47298144889646
2025-12-12 18:23:35.030846,Idle,75.31172796845203,97.5191077045165,98.03532491781516,83.99383104770095,69.59772181166045,80.37645409986726,87.71851710509509,100.99761539130122
2025-12-12 18:23:35.034878,Idle,108.0549832098477,128.9196785975946,126.07464474975131,115.10979174938984,-190.17140203768213,110.57249637611676,119.85209432177362,130.12180588874617
2025-12-12 18:23:35.039877,Idle,62.84038362978026,63.59251138122636,59.529902505659265,63.18966961369733,28.70669465282117,56.1558406004915,59.831959515286144,68.6594879750628
2025-12-12 18:23:35.043893,Idle,26.02794012791128,26.288982508413028,22.58797969095758,28.150381317478605,309.81114468911255,20.66697695569019,23.746231791039463,34.044021299894666
2025-12-12 18:23:35.046899,Idle,70.06297705718316,90.78063071719953,85.80027416590019,79.91043812950375,116.84535269114713,73.25933641320444,84.11812871243455,94.37079858980724
2025-12-12 18:23:35.050940,Idle,114.52909357124008,138.66521261259913,131.51683928634156,124.4878180786036,-199.80714025172347,116.70645734461141,130.93849985132692,137.6301938945253
2025-12-12 18:23:35.054922,Idle,74.76737445782055,79.45935617835494,72.9411846458388,78.5492724883079,-57.57165159507713,68.78826647211099,76.281147493748,79.98566461421433
2025-12-12 18:23:35.058942,Idle,20.43962310515053,20.276470607990632,16.907917156873737,25.840521994017763,267.6328647384944,17.31133048963966,19.54892103560269,23.350357259711018
2025-12-12 18:23:35.062965,Idle,46.01720556431974,66.10401670576539,64.33839937034645,60.99441500133253,158.28922683936253,56.441129760220065,62.23349120595958,65.67147004470462
2025-12-12 18:23:35.067953,Idle,95.0074471066473,124.07087238217355,121.53091070899973,112.49996916262899,-188.22271327208728,110.03446792931936,118.3927931569051,118.36990032027825
2025-12-12 18:23:35.071973,Idle,66.2132123891497,77.52871306356974,75.20307015857543,76.04470578875043,-129.55228336593427,72.88784215797205,75.50503758204286,72.46121447181213
2025-12-12 18:23:35.074938,Idle,3.308038231669343,4.342257566808257,4.068199583765818,9.443988122540759,219.10642542548885,6.6199964139959775,5.103076012601377,2.9905594932788517
2025-12-12 18:23:35.078992,Idle,14.3287220425118,32.27005667606136,32.49521409973386,25.95244718453614,201.45460622553946,25.381971957613132,30.169983089115703,30.196998210216407
2025-12-12 18:23:35.082996,Idle,71.49206858169055,101.93343115254538,100.07035697996616,85.17502513944055,-151.63564728715573,85.01962917554192,97.07892780913971,96.57813655040809
2025-12-12 18:23:35.087021,Idle,64.10615951340878,79.13252462047967,76.3658722685359,70.50603310298175,-181.9341598651081,67.78863753513724,76.90774578604032,75.05980929304496
2025-12-12 18:23:35.091023,Idle,4.945625076288707,5.4543267711414956,4.9910087618627585,6.991591042416985,162.26596641543438,2.5940512942470377,5.779503742814995,5.224765070423018
2025-12-12 18:23:35.094997,Idle,4.631445485982113,18.68320860757376,20.494407607795438,12.610018417224637,230.02939257913386,9.238939297269098,15.513820713706082,16.8677461349871
2025-12-12 18:23:35.100052,Idle,62.93826418968092,93.04507461900357,94.55830360596883,75.47222825072822,-111.08398877327272,72.53974308246688,85.6601239710435,85.6139476846729
2025-12-12 18:23:35.103054,Idle,68.60130957732326,86.66723235495738,87.70066941218101,75.12929212805466,-225.30185111807077,70.33834258653224,81.73688684240915,78.7749123609974
2025-12-12 18:23:35.107133,Idle,7.928983835910913,7.439594325405778,9.980939989574836,8.147987879463471,100.41608651237038,2.8075460711406777,7.6366636916209245,4.744194852304645
2025-12-12 18:23:35.111078,Idle,-9.583859187056078,-1.572848089330364,1.9445366703439504,-5.424160067515913,256.05142838442407,-7.686409555884893,-1.597057041755761,-2.5246164338605013
2025-12-12 18:23:35.115090,Idle,43.09359255369054,69.88006784388563,71.44157637718308,52.88457241174183,-49.08871951905894,53.57986280601472,66.72180174350797,65.08341779543844
2025-12-12 18:23:35.119044,Idle,59.73991147171182,80.26609382413153,79.52990160525951,65.51879973661562,-240.40836966167262,65.38028768479126,78.64641576050781,74.34824888891308
2025-12-12 18:23:35.123121,Idle,0.6039063682255801,1.9838138535997132,1.6382356227841228,-0.14607979431457352,47.25615268404363,-2.5174774883053033,4.492369954372407,0.5671150890557328
2025-12-12 18:23:35.128132,Idle,-31.426150477534975,-25.683485839908826,-25.121826988484827,-29.235647377339774,285.4078171652145,-31.670125156044378,-24.448183420245186,-24.854696172158583
2025-12-12 18:23:35.131133,Idle,18.82597329755663,44.54198328433267,43.08308615045098,27.487955564982258,38.73607401459594,25.512525384663604,40.57208245682705,41.68901149935846
2025-12-12 18:23:35.135135,Idle,57.03760948953277,80.79629633006698,76.12939290361828,62.898325367757934,-224.6138332133487,58.91151937079849,76.67906755546574,75.9538903805078
2025-12-12 18:23:35.139118,Idle,15.523759676332702,18.620917441003257,13.50732157760649,14.066859932034276,-14.063751754634723,7.758403569605434,20.023198583483463,18.301165112963645
2025-12-12 18:23:35.143168,Idle,-22.240473740152083,-20.396710277331294,-24.05637648717675,-21.5721224550216,264.09564634571143,-26.658776187847252,-16.282448507714435,-16.856464843192953
2025-12-12 18:23:35.147181,Idle,18.889630638761446,40.42719388385012,36.36297964240657,28.155775483246543,71.47896612263867,26.184105877342517,42.227412995140185,40.75264487748791
2025-12-12 18:23:35.151216,Idle,61.88323985032912,85.9657442310563,80.12123002477165,71.30120998527855,-247.96080592151702,69.77682572221966,87.35043720506656,81.6272737927211
2025-12-12 18:23:35.156222,Idle,20.580952343691024,23.84836548352905,18.49447678469005,22.066767155367415,-107.22311841195187,18.53887965893955,28.369667779639713,20.14199774764711
2025-12-12 18:23:35.159247,Idle,-37.19878978317138,-40.27255890319066,-43.21325661042647,-37.185275241863565,225.90215956093016,-41.41117224059417,-36.6835008362832,-42.62315369406133
2025-12-12 18:23:35.162230,Idle,-13.17512324785639,3.412936733700917,0.791297444520751,-6.668750022974564,128.94028969400824,-10.321988972020335,-0.3683773492957698,-3.397908208920853
2025-12-12 18:23:35.167176,Idle,40.62695129078929,66.77972291820333,61.97311413020361,47.61782708509418,-212.89315682252345,42.31740905196057,57.6942563282646,54.292346287853434
2025-12-12 18:23:35.171254,Idle,20.6953415828757,30.08374304937024,24.475890264540794,19.323931132195867,-157.9965051366671,10.404792965760862,22.583323501967243,18.30825949742575
2025-12-12 18:23:35.175259,Idle,-35.96882549994916,-36.24825595605944,-40.21853146996,-40.75953024766932,187.27689176616695,-50.8791300602461,-42.15890993953508,-44.410935579348006
2025-12-12 18:23:35.179286,Idle,-25.129382539060316,-8.26577543753956,-11.634890916422592,-23.80633185087936,169.31066164185177,-31.78476176624099,-17.92216352924879,-17.959188349035685
2025-12-12 18:23:35.184286,Idle,27.093421848396247,56.69328318987391,51.59563258253911,31.005318598778103,-184.67659608948452,24.293845878863067,43.96221487452567,42.74541627384315
2025-12-12 18:23:35.187307,Idle,14.41420305086649,28.955633483143174,23.06730441408581,11.409158999704232,-215.38330388240865,3.200629270329955,19.44840354003827,16.193360818579094
2025-12-12 18:23:35.190309,Idle,-47.65556605063466,-47.28775162209058,-51.645760568164405,-54.69488588332024,133.3549953014226,-63.75289587894076,-53.14745707338443,-55.2893656528031
2025-12-12 18:23:35.195315,Idle,-49.41710640654492,-35.18684308558295,-39.17958827406983,-50.29630694765365,208.7197432680041,-57.465280095115304,-43.85343515923887,-43.885349179268815
2025-12-12 18:23:35.199346,Idle,6.935055289133743,37.469912469387054,30.725786657523713,10.503747800845304,-128.02313764816063,4.861816788208671,24.356850041425787,23.01751205419714
2025-12-12 18:23:35.204369,Idle,10.252871427728678,28.530962861070293,19.43853771686554,7.519498927795212,-240.95727086440456,0.468671262038697,17.112151581401122,12.770003679717775
2025-12-12 18:23:35.208344,Idle,-51.469266952546604,-52.545320105564315,-60.653281053302635,-60.09309668458445,89.72252351794305,-69.0898738739852,-59.37003052223008,-63.3670962922115
2025-12-12 18:23:35.211305,Idle,-66.52664510296017,-59.713885146717075,-66.24228444728942,-69.4361827665416,254.57579615946452,-78.48983124710503,-66.98571897931106,-67.97951045715308
2025-12-12 18:23:35.215359,Idle,-5.987744828584255,19.839157291004085,12.18456912280817,-0.9828416403979645,-47.58383813691398,-10.271368757068558,8.911026687455887,8.477369732521765
2025-12-12 18:23:35.218410,Idle,22.088385677539918,42.248635879397625,32.728376579034375,24.421152325492585,-249.74323456046477,12.819963250854926,32.01945923676976,29.42259110271698
2025-12-12 18:23:35.222382,Idle,-28.197056463788613,-27.014021285292984,-35.88381838074565,-32.09535651641636,20.315530784151633,-45.23467443334084,-33.25900735992036,-36.07853485007945
2025-12-12 18:23:35.227396,Idle,-58.427752167528524,-53.06287679790694,-60.37264066430362,-58.86033108014817,245.81709853818393,-69.98257365046811,-59.187839822043316,-59.711056327607366
2025-12-12 18:23:35.231354,Idle,-12.129219981248752,13.060708609271387,4.874587758888083,-4.5409851566000725,-6.653584015351953,-12.919620968033996,4.288318472186802,3.882264735722856
2025-12-12 18:23:35.235413,Idle,20.14415906071372,43.10326528904261,32.98410772178613,26.78351347669377,-272.870722651096,17.92569585462479,36.58451616628736,33.000276385995676
2025-12-12 18:23:35.239440,Idle,-27.373699865482195,-25.701436348586867,-35.10879107739311,-27.284576721151097,-61.08703586700358,-37.98972625029637,-25.76225666540995,-31.20856909648137
2025-12-12 18:23:35.243451,Idle,-70.50752823424045,-70.6004114924508,-77.49141403320391,-69.16417332640776,225.01156709770657,-78.7778014919204,-68.88689570059796,-73.07613139295427
2025-12-12 18:23:35.246454,Idle,-32.54746925305881,-12.697623871259566,-19.07716391240683,-24.409167453803093,42.12258220838703,-30.997243999296188,-15.397299877498881,-19.140384702637675
2025-12-12 18:23:35.250540,Idle,10.983897478192375,34.12301340790873,26.549729096645024,17.594743124023807,-272.9770352513733,11.522623853064943,28.99997870859079,23.27891413364705
2025-12-12 18:23:35.255469,Idle,-26.40836135988684,-23.82195373884315,-30.63378764135996,-28.716015506361146,-132.12994468947363,-36.86131567906614,-26.717559149252338,-32.66634008089386
2025-12-12 18:23:35.259509,Idle,-78.85209466668675,-83.26642663447274,-87.47420982592666,-82.83072518116387,202.599966543954,-91.80680486374786,-86.5483417705218,-88.8407417024755
2025-12-12 18:23:35.263542,Idle,-50.15654967217779,-36.13837760716706,-39.80694396681429,-47.29193427767677,108.28058386843986,-55.30519482413547,-45.154385025587544,-44.24922566837631
2025-12-12 18:23:35.266560,Idle,6.381986342192249,28.347739520912,22.644526393170963,10.060522156676598,-233.9556485953508,1.7132707829136962,16.04183318188734,16.244062163692433
2025-12-12 18:23:35.270544,Idle,-12.542562155487758,-9.541758940758882,-15.990586453921424,-17.269439346817308,-180.1802775524593,-27.415605476613337,-18.320035524764535,-19.595133656137477
2025-12-12 18:23:35.274557,Idle,-67.68567691915632,-76.6781702528715,-81.39499426251132,-75.69968911051365,168.51654605721524,-85.79200233915662,-82.1334519335287,-82.25345514534274
2025-12-12 18:23:35.278559,Idle,-52.51896947311843,-45.595016240127734,-49.59197682579543,-53.30965462561471,155.3452605479979,-61.221280517811465,-53.544725015171935,-52.47954099058552
2025-12-12 18:23:35.282596,Idle,5.264255145859352,25.20964381757949,19.357020166871735,8.905195736895621,-200.26467911308282,1.6827602135363122,14.597560994146988,13.648473027369619
2025-12-12 18:23:35.287554,Idle,-5.748532794128437,-0.22704443737893598,-7.340666620630145,-7.5877582466591775,-237.0234354614904,-16.170729343290077,-7.833017923674561,-11.12521577977077
2025-12-12 18:23:35.291584,Idle,-72.59114102482272,-81.47831461108763,-87.44667643138291,-78.14411403662962,111.68709808254971,-86.06490229451265,-85.45997615135366,-87.20477392533212
2025-12-12 18:23:35.294583,Idle,-80.9943097496216,-76.8655413896322,-82.1976504311142,-80.90398200883573,195.1211526803022,-84.87626153991368,-82.97346267326384,-81.3307804276028
2025-12-12 18:23:35.298592,Idle,-25.34465781220024,-5.304754346208938,-12.540231788183519,-21.569904085606822,-136.15975090959182,-22.761011329943358,-14.956169913750031,-12.889437325711697
2025-12-12 18:23:35.302630,Idle,-14.316008483521728,-6.208614539529663,-15.163007036820886,-17.819993796586004,-253.94680376333054,-20.24594804885419,-14.131246416262456,-13.932398109093242
2025-12-12 18:23:35.306657,Idle,-65.20535365932847,-76.14325577681302,-84.33047329073156,-76.25728688682011,67.15511275469078,-80.61543417366192,-80.92963480420894,-80.76762309728792
2025-12-12 18:23:35.310667,Idle,-73.28208817613267,-76.75328196035389,-84.3020066946483,-80.96400971491857,226.74206184942318,-84.6937688537364,-84.17280458384448,-82.77040201746149
2025-12-12 18:23:35.315659,Idle,-12.39396107239736,1.8628422565884648,-7.96998923269166,-14.321823454803962,-74.6239255450696,-17.20167620573193,-10.406591796378052,-10.483145469168448
2025-12-12 18:23:35.320676,Idle,11.772078137786593,18.64529952294447,5.8834076106195425,6.090801506637945,-271.8248761093482,1.405454095594905,7.757150044311857,4.244161780234208
2025-12-12 18:23:35.323687,Idle,-41.52186041131972,-54.92166117896522,-67.94789482626584,-53.44136819096457,6.862467517490586,-60.2291512928532,-60.29765260019485,-64.35745318983209
2025-12-12 18:23:35.327697,Idle,-70.34596331951616,-79.80494219352204,-91.89853850279542,-78.54376149562086,241.86719962559073,-84.6759803748464,-84.62249952573984,-86.1352872495736
2025-12-12 18:23:35.330700,Idle,-19.57069459606646,-8.620175923638271,-21.634054842557816,-19.944299951175708,-5.934587319067759,-24.9557348001872,-17.68821515467789,-18.508002382257473
2025-12-12 18:23:35.334697,Idle,16.192504873044527,25.569234450543263,11.230928371172922,14.358208126806858,-272.53512011488874,7.564872817874857,15.907969987394608,12.726594081559597
2025-12-12 18:23:35.338717,Idle,-30.400796060810535,-41.94158055846674,-54.615858711167675,-38.75013022088024,-58.90422317586399,-48.06374608365513,-47.68257705045107,-51.788961688853306
2025-12-12 18:23:35.343746,Idle,-72.96509461126698,-85.8232282574354,-94.96669365534399,-78.74590375630578,234.59789354936038,-87.29826368037538,-91.09560023722588,-92.99243822260905
2025-12-12 18:23:35.347750,Idle,-32.440039686531236,-24.28877790344086,-31.838386220671964,-28.944870355298917,57.22873618945778,-34.78813211417946,-33.89149389434897,-34.60787405335577
2025-12-12 18:23:35.350752,Idle,14.993850269547693,28.149056758058578,20.541090835966315,19.85420229376905,-262.0255861790047,14.526379568575067,17.695125111931702,15.03226874414031
2025-12-12 18:23:35.354760,Idle,-20.324150234915578,-25.917079234841367,-31.83019020615029,-21.730172064959334,-131.4772890006716,-28.237367557194375,-30.996618557135662,-34.839504756058886
2025-12-12 18:23:35.358767,Idle,-75.14091590639146,-86.49778087021696,-89.21667961977437,-76.11531013989224,196.2755315305767,-81.7296800878903,-87.89259464291536,-89.65685377440604
2025-12-12 18:23:35.362730,Idle,-52.44439196239546,-44.95612552261446,-46.663284879832645,-45.24299927942775,100.63605435120917,-48.333101886972145,-48.57399534940487,-48.57343895295344
2025-12-12 18:23:35.366795,Idle,-1.7981098021809885,13.422189614415402,10.194353737770143,6.55658357266293,-242.3446394166731,3.5292996760981623,8.22478935545223,6.8547818298284255
2025-12-12 18:23:35.370799,Idle,-24.304926397137024,-28.537756052905024,-32.24653708344704,-25.12432020108463,-190.18241795173344,-30.503519173136738,-30.30289034748057,-32.91587552467536
2025-12-12 18:23:35.375840,Idle,-81.99728634751955,-98.60631448352433,-100.92880907225845,-87.75161270639364,160.76617327762142,-93.35637011886138,-97.89766684118513,-98.57426191827108
2025-12-12 18:23:35.378828,Idle,-68.84256617309438,-69.5754901792061,-72.01330136308752,-69.20729461374867,154.19511722272364,-72.05317192892107,-71.77132448919292,-70.56887247934355
2025-12-12 18:23:35.382830,Idle,-10.723717256834789,1.4924215982427995,-3.546078396459052,-8.030273919772299,-196.95419036045132,-9.601811233893386,-2.8228231791217695,-3.4339656097145053
2025-12-12 18:23:35.386819,Idle,-19.14406576949841,-22.142311073330347,-28.52996481006994,-22.725326965046406,-233.06968553645856,-26.223387134625227,-22.36116357294668,-25.469023665515124
2025-12-12 18:23:35.390841,Idle,-82.86210893152747,-101.55805063075968,-106.15080727200984,-90.35987444593047,118.21439952693981,-94.96799465014192,-97.24581440511975,-99.16710691949993
2025-12-12 18:23:35.394878,Idle,-87.42333994406363,-93.74961301279836,-96.83841217830923,-88.63863241554645,206.45747145181667,-91.17051923292456,-91.12298248471052,-90.45937080895965
2025-12-12 18:23:35.398889,Idle,-27.229320953105344,-17.07353734192293,-21.598913563910173,-23.291702600101416,-125.12927904297612,-23.9150366271424,-17.844889336767665,-17.894727550294192
2025-12-12 18:23:35.403839,Idle,-13.667903470995952,-14.229357065545628,-20.51721687715326,-15.182939406142395,-249.64580186523017,-16.8233758660499,-13.111645243698149,-15.719426253454003
2025-12-12 18:23:35.406854,Idle,-65.88000832509715,-84.42945703934674,-90.13828985911096,-73.20266091675148,66.02827737826738,-76.05995813337358,-79.55344365943165,-81.9707556587091
2025-12-12 18:23:35.409911,Idle,-77.28565609552606,-87.77686708279361,-92.75058266007545,-79.83503950540035,224.66317269815409,-81.05433957280184,-84.10392425799364,-84.63237859586661
2025-12-12 18:23:35.414931,Idle,-19.284117751602025,-11.854010438502883,-18.48759362124838,-15.212821870525659,-79.17871242286128,-13.88633032044163,-11.086514471004193,-12.883399841208302
2025-12-12 18:23:35.418931,Idle,1.9696717119950335,1.8634660808456829,-6.525483057288511,2.571897506779351,-282.8329594281058,4.4672915779810864,5.627939852915006,-0.2194706960581243
2025-12-12 18:23:35.422943,Idle,-55.76552103659196,-76.56713715647493,-83.69092440933309,-61.487958861136576,-7.574206143566698,-59.63367855245451,-66.72339394305163,-74.1873660853671
2025-12-12 18:23:35.426901,Idle,-88.60554271021101,-105.69269448576961,-110.44322585535701,-90.87044872862316,230.7144136565621,-87.61386902674712,-96.04808579895325,-101.64291061438416
2025-12-12 18:23:35.431989,Idle,-37.184649883362,-33.55008752937283,-38.354181721500936,-32.36596351128537,-14.964391787783825,-28.476708026384586,-30.05311052533216,-34.56877378872014
2025-12-12 18:23:35.434922,Idle,3.527734857525502,5.781611672144209,-0.14492731000791537,5.065699573242455,-287.32645424526345,6.242041706413147,6.432841028596158,0.9261553157339222
2025-12-12 18:23:35.437999,Idle,-40.20968723267288,-59.78034906122775,-64.17011655159149,-48.04721567928209,-80.4925402791232,-50.1106945271531,-56.58043627484585,-61.45089084924257
2025-12-12 18:23:35.443002,Idle,-86.75504121815902,-109.5001946517441,-110.59102815845108,-94.90448877667222,215.9468175348302,-96.30806815282995,-105.41244675590133,-107.17928664432111
2025-12-12 18:23:35.447032,Idle,-53.8771591732002,-57.09514980714448,-57.14712986857194,-54.47085478372901,50.0242888914363,-52.59113828185946,-55.55698957392451,-56.20765968336491
2025-12-12 18:23:35.451056,Idle,-10.094606393540744,-8.292508834361797,-9.433901259348204,-9.52459409803123,-259.1377206520956,-6.763439522772387,-6.458752367463603,-9.598693895241013
2025-12-12 18:23:35.455016,Idle,-41.06917489927582,-56.57344241804094,-57.07394583851419,-46.112099955789745,-123.33236936429603,-45.895850431217696,-50.996492751793994,-55.28493798852287
2025-12-12 18:23:35.459091,Idle,-85.86251086630364,-105.00113274823525,-102.84266174244112,-89.91126855687617,208.85175402213645,-92.21452313077316,-100.29334837401984,-101.10360848229902
2025-12-12 18:23:35.463078,Idle,-52.22787105871248,-50.23541127412318,-47.14624417309096,-47.89665167345811,117.01638895423821,-51.11575381707371,-52.79672332856717,-49.578283884860866
2025-12-12 18:23:35.466101,Idle,6.401573273986287,18.066251531192393,19.727733319414256,12.245934750026208,-226.91282901625527,8.24377067387104,11.47453312457219,14.945081624064187
2025-12-12 18:23:35.470141,Idle,-12.734561072909855,-19.756961878832954,-18.227936407325615,-15.169383605170879,-179.15952865208965,-19.357561100223393,-21.69740778121195,-19.337935161966016
2025-12-12 18:23:35.475111,Idle,-69.96611985113123,-90.31633276484354,-86.69500711771252,-76.40082050510682,169.27497893719192,-77.72578880551737,-86.64629161863559,-83.10282859703875
2025-12-12 18:23:35.479127,Idle,-55.6629560938527,-62.19519159478659,-58.00826970225171,-56.55648168291373,161.00472175142932,-53.2305844891016,-59.15695572819823,-54.40797860632301
2025-12-12 18:23:35.483153,Idle,6.167246219658409,10.926010361341469,12.557824022274872,7.630073868371255,-197.21957037824177,12.653734306710248,11.92634427498706,14.307894358127669
2025-12-12 18:23:35.487157,Idle,2.7893270265267347,-7.848624329250015,-8.370042702568753,-2.753756474281545,-245.20082541994998,0.1808199395527481,-4.056445480186085,-5.2261329228422255
2025-12-12 18:23:35.491221,Idle,-57.433053126282175,-82.63615140764159,-82.65572133663954,-66.75378376855952,98.22420960375894,-65.046841080788,-75.48967189922405,-77.1596394868684
2025-12-12 18:23:35.494109,Idle,-61.684234523549094,-72.9727256291153,-72.68334358328866,-63.519870531905326,187.3800030050479,-59.65233658479701,-67.87057375488803,-68.65038268445642
2025-12-12 18:23:35.498186,Idle,-3.5305991626082687,2.6927023880707566,0.8833299774632906,1.3705374711425975,-139.06541410030695,7.498526214258163,4.721307366533438,2.0698322048410773
2025-12-12 18:23:35.503135,Idle,6.616392731717497,1.9764734936252353,-1.528512047516415,6.915969323577883,-258.05372388505566,12.68523040729633,6.667785422105226,0.8015981040880433
2025-12-12 18:23:35.507226,Idle,-50.26090258920158,-73.99546164416097,-76.16384554516844,-56.3237999929479,65.69566614506766,-51.018192973089754,-64.82093799541326,-70.73027525660291
2025-12-12 18:23:35.511210,Idle,-66.23511777911335,-82.54784876375197,-82.84937076693313,-69.10585777667438,233.95398342295448,-61.91816015483346,-75.054745370202,-78.43846130160091
2025-12-12 18:23:35.514233,Idle,-9.880808508794871,-7.186086563182471,-8.055350288057525,-7.772896279071574,-66.80669967968788,1.0384308478533057,-5.1120663315668935,-7.7022247029526625
2025-12-12 18:23:35.518242,Idle,13.793285856459988,11.12917229426239,9.343191761348862,11.223025925210095,-277.46447585441274,18.61671154135547,12.450534414259891,9.065805155871203
2025-12-12 18:23:35.522262,Idle,-40.56077465858834,-62.41223907536914,-62.31870645249728,-50.43607175638317,-10.325102229722688,-44.92754280788358,-58.0483193338805,-59.75672631170892
2025-12-12 18:23:35.526260,Idle,-73.44775328393735,-91.28583582270949,-88.32201935023477,-80.65101205492101,229.11226089752745,-74.11467144375638,-88.06396933260112,-85.83087680905737
2025-12-12 18:23:35.531210,Idle,-25.641167855501408,-22.5834700356354,-19.32114630911383,-25.713914140724228,-7.911329327031126,-17.355430226118187,-24.327998937747907,-20.651037942974654
2025-12-12 18:23:35.535277,Idle,11.979492235848738,14.546830669103656,16.664221331549925,9.993911074467178,-272.6409988659434,17.28196469113027,12.4096858639532,14.195273332341458
2025-12-12 18:23:35.539283,Idle,-30.69866233803623,-48.70893899148359,-45.681011772714555,-39.90922532234981,-61.99178757591653,-34.832098345592385,-45.8544014921863,-44.69717863915139
2025-12-12 18:23:35.542294,Idle,-71.4311536456953,-91.69454075754766,-86.56659345206572,-79.1728785715386,235.37975090204782,-73.37666273050854,-86.86055927858979,-83.43839515399304
2025-12-12 18:23:35.546305,Idle,-30.166198475155397,-30.738709094068327,-26.033796252777393,-29.791027879306057,64.95190124463261,-21.6694474840333,-29.191065799983335,-24.638857123187336
2025-12-12 18:23:35.550375,Idle,20.22124978712236,23.584326650867297,25.701331902149832,20.752634439479152,-254.5265467118843,28.088766446046066,23.92406727598427,26.710063199650904
2025-12-12 18:23:35.554343,Idle,-10.083409420250973,-26.62837516858417,-25.51343228960468,-17.63889097662468,-126.1330942263885,-14.009280160651542,-22.93413516178407,-20.880539657540794
2025-12-12 18:23:35.558342,Idle,-60.172707923899,-83.72970322273613,-81.77901898553682,-69.72799416379712,209.58776896892596,-68.05953531839623,-79.1804581176475,-74.84370352553378
2025-12-12 18:23:35.563364,Idle,-33.19983553663769,-38.28947425082151,-37.095842125949275,-36.269230505786254,127.40539284871193,-33.8725103441102,-38.16089590572665,-32.713793575756426
2025-12-12 18:23:35.567358,Idle,21.963967386873264,25.54870809993008,23.966076644443092,20.559395338219474,-210.6547407238213,22.637068361393176,23.373959345641197,25.913622696061793
2025-12-12 18:23:35.570383,Idle,2.5860822403992643,-11.985560425346193,-14.864091615461803,-5.402441390084277,-159.76189810616415,-5.542228858357703,-10.36678287984978,-10.728867579491634
2025-12-12 18:23:35.574401,Idle,-54.525185129619786,-80.88346777449624,-82.75958756582259,-64.34304001840792,198.0228337160297,-64.86215464233828,-76.42574623739347,-75.77425765660155
2025-12-12 18:23:35.578402,Idle,-40.54393424693262,-50.99559418104036,-53.16269149395521,-42.84605829404609,205.47559355420162,-40.734426583912864,-49.79262541980279,-47.326231173210545
2025-12-12 18:23:35.582354,Idle,22.419432381153456,25.061747324951284,19.904121970648703,23.87496827611176,-140.69157163440104,27.833858249505283,23.256063469467335,24.024931047191785
2025-12-12 18:23:35.586422,Idle,22.596129309655225,10.245415184610465,2.909730838786345,17.442686967900954,-185.51301214476553,20.566554171178723,11.876056844412233,9.57423743417894
2025-12-12 18:23:35.591472,Idle,-33.48212701213197,-61.63572847874457,-68.20248219650966,-43.252019782674324,156.71473912874717,-40.39492092526052,-55.44864602653979,-58.04256533234002
2025-12-12 18:23:35.595464,Idle,-35.400190370652126,-51.24954312410409,-56.92869448825513,-39.21414256740536,243.4172480900561,-34.17626310491323,-46.42463518880686,-48.018115687547834
2025-12-12 18:23:35.598470,Idle,22.851530174026266,24.181955648651638,17.485726054597762,24.821671897421766,-90.02559819403177,31.08586861731601,25.80414567481057,22.8621815186998
2025-12-12 18:23:35.602474,Idle,31.467283586556732,23.289207485046063,16.48223657937342,29.5186943040826,-220.35707536698465,33.77091970092442,27.210707642501802,22.367509439623973
2025-12-12 18:23:35.606481,Idle,-28.325141986344534,-53.539386887379806,-57.38543903852769,-34.30679026112193,95.74435377251211,-31.84890675283532,-44.99243794683571,-48.12100508477306
2025-12-12 18:23:35.610530,Idle,-47.16492059308803,-63.39610597697174,-64.33841139448123,-47.01631165699655,264.39477457430985,-42.969811642393324,-55.60163499785267,-55.11992994577304
2025-12-12 18:23:35.614550,Idle,8.634079724128242,11.94055900235253,10.55054914802895,15.95142725855112,-33.79584095238533,22.348133021729154,15.772718198757502,16.424454110070656
2025-12-12 18:23:35.618531,Idle,33.87553313628814,31.483133830392035,28.503982345460827,37.25302125905728,-244.64781887217032,43.25784634109368,35.95406323856878,33.676334650750505
2025-12-12 18:23:35.624479,Idle,-18.852448539484612,-41.12054851767607,-43.21678592269018,-23.120285634020547,23.067888223758928,-18.632973077572387,-32.74235100491933,-35.47726332240563
2025-12-12 18:23:35.627535,Idle,-51.074813239159994,-69.8917959170285,-69.88906472153394,-53.23468229606078,266.7142886027905,-48.23281141722691,-62.19825793211203,-61.65511304872052
2025-12-12 18:23:35.631556,Idle,-3.2378277212374087,-1.3234022179967724,-1.1601974291043007,1.427526732408296,32.927229187573175,7.702547967364808,1.8421532779320842,4.662136131708394
2025-12-12 18:23:35.634570,Idle,34.67611779219078,36.38229028767819,35.97819245846404,37.28406840936805,-233.60406309560858,42.73838996403356,39.55096778568259,41.59177705402544
2025-12-12 18:23:35.638561,Idle,-6.920714633510215,-25.466166236030404,-24.10036349216898,-11.977262661795976,-26.111425435738056,-7.818785032388405,-17.31164465177426,-15.549970561973169
2025-12-12 18:23:35.642570,Idle,-46.35986165131908,-67.389084240378,-63.46844647804028,-51.09658560777825,271.33974306390337,-45.21144487161291,-57.70337829471828,-54.22124972360325
2025-12-12 18:23:35.646561,Idle,-4.340233178852941,-6.51428985142411,-3.185071811592934,-2.5518405148941383,101.43783289701423,6.692753944240394,-0.4361140554829035,2.985023264976917
2025-12-12 18:23:35.651643,Idle,46.339108003077854,47.20788014293794,47.672635128685215,47.34599023231931,-221.76853449984992,57.22545745689786,52.632461358280125,52.50713846682265
2025-12-12 18:23:35.654625,Idle,15.904494776568754,-3.6120336232779664,-3.8723180171800777,9.440349376625818,-98.90864004992545,17.435266589909588,6.649825446747855,3.5896716722309066
2025-12-12 18:23:35.658641,Idle,-35.38288579100117,-61.86149219937215,-60.33491285767377,-42.11174063197541,234.87034041563857,-34.41418657753093,-49.29869024954678,-51.9789058060378
2025-12-12 18:23:35.662650,Idle,-10.668274811392621,-18.19445743223332,-16.168457767009386,-9.515858250826568,153.0964684250539,-0.10409587200047099,-9.674743093328289,-12.101695960838697
2025-12-12 18:23:35.666642,Idle,42.60271484234181,44.32927419192856,44.8088129564876,45.37637214721326,-187.3322713199068,54.82807855065039,49.84609060233197,44.60932003308335
2025-12-12 18:23:35.670653,Idle,23.019963118669693,6.770985690403904,7.02071418099149,17.785033561387536,-141.26119067892614,25.235977311993338,15.036854233017948,7.293115197313455
2025-12-12 18:23:35.674608,Idle,-32.797868652411125,-61.08874831540015,-59.015120878557354,-41.826672993571265,212.99193405588085,-34.17739532541964,-50.9325185331254,-57.26488360749863
2025-12-12 18:23:35.678686,Idle,-17.213478686546296,-29.765218724984152,-27.259586923411916,-20.404208842854132,216.4982681901056,-9.155951609785916,-23.76909654326664,-27.72934249696118
2025-12-12 18:23:35.682726,Idle,45.97854313479911,46.74998036896068,47.46385838306014,45.534419050814904,-137.95145985652198,59.34391893650536,48.970971382143034,44.11291959082155
2025-12-12 18:23:35.685709,Idle,42.79021889271826,29.053994174231775,29.803179439973974,35.53152810332904,-190.95213303906348,48.26213823024773,34.51767493503576,27.633484154874168
2025-12-12 18:23:35.690702,Idle,-20.724998338369915,-49.40328235178458,-44.85149876095966,-31.806992612451722,151.73015226694224,-20.59795549422597,-38.80330505552047,-44.54137031595383
2025-12-12 18:23:35.694665,Idle,-30.613642550233635,-45.36998626214336,-36.941210472552484,-34.06345250326558,245.58564382896475,-22.378317865097415,-35.17475762419053,-38.06691203319497
2025-12-12 18:23:35.698738,Idle,23.69464382475053,28.221559454948874,37.71832400489802,27.684065519461,-84.87968254198677,39.19588412434132,35.81893161823609,33.37552179513659
2025-12-12 18:23:35.702736,Idle,33.36506244981865,30.0492172660488,40.32316929924059,33.86098124995078,-220.12365447055345,42.88406235339244,39.68953814238557,36.446351529226376
2025-12-12 18:23:35.706775,Idle,-23.127749912060608,-42.77957574935499,-29.40080273350509,-27.86703071723241,89.81860146317558,-19.9836050042868,-29.40786716002549,-30.766697837188985
2025-12-12 18:23:35.710778,Idle,-40.0420311540347,-50.7933645283847,-34.329405445447264,-40.7046984188255,255.2637430271061,-29.890163687032327,-38.866477982453944,-37.08733429075437
2025-12-12 18:23:35.713770,Idle,14.632779443463733,22.920083281216648,39.55770838951207,19.421172713902706,-46.469290608347364,33.6681552900518,30.90091311132346,32.04777530019783
2025-12-12 18:23:35.717776,Idle,37.022613826031375,39.1168187953881,55.05568482147919,37.218176490743645,-262.75993855915294,51.12383297109773,47.95322796515211,45.06211815472125
2025-12-12 18:23:35.722790,Idle,-17.352017816685475,-35.02222709576017,-17.51176780381138,-24.35936320930159,2.1977623432430846,-13.043711750708098,-22.912769088818095,-27.641056459149695
2025-12-12 18:23:35.726833,Idle,-47.58416863263665,-60.69644006987073,-41.112429060583054,-51.33557544506402,247.10703955681674,-41.33769075246073,-51.29182411060174,-53.99162991675985
2025-12-12 18:23:35.730823,Idle,5.409278639201148,14.657463878404087,33.31968252838851,9.840185925721016,11.757998167096957,18.858971480762193,16.782121102334713,15.766800142599095
2025-12-12 18:23:35.733830,Idle,47.59127633562093,57.63000697168172,73.64823003619495,51.03631720779413,-262.65413027749673,56.80811924519594,57.695617307184875,55.955219708721415
2025-12-12 18:23:35.737843,Idle,5.933067502359336,-4.425820104832383,10.929291019181619,2.2799984495868557,-61.37198855406314,4.517571891286934,0.14898791374980647,-1.8434850872181414
2025-12-12 18:23:35.741844,Idle,-36.472924194533334,-49.76405050836547,-33.70755268725952,-39.47614764264654,239.28195284032336,-37.08984464031437,-43.04545979389695,-43.90670100884927
2025-12-12 18:23:35.745805,Idle,3.93748128695006,9.76669834713175,24.44697338075821,7.728503062314303,77.03522210486699,12.836375932591864,13.134231116233423,11.174200189903786
2025-12-12 18:23:35.750880,Idle,55.785833714810906,65.3906355790059,77.2647135043353,58.61373609821567,-243.5394987111722,64.45518948169638,67.03179668316443,60.89653731967701
2025-12-12 18:23:35.754874,Idle,26.116077359427436,15.513130229248418,27.170446673522747,20.71120137331036,-122.37317182129482,24.968757369354194,20.156336919761998,11.841822919010156
2025-12-12 18:23:35.758857,Idle,-27.55274363065928,-45.68249419005042,-31.521694456803743,-33.725535874822526,212.43011507423216,-29.654116946257574,-39.860068019096616,-45.396960214551655
2025-12-12 18:23:35.761913,Idle,-6.115153506012575,-5.640476872984436,9.608501603146578,-3.7502218988879577,133.2611033199173,1.786315554695534,-3.574220799800969,-5.688484047839665
2025-12-12 18:23:35.765858,Idle,46.67680562458099,57.0722912070396,70.9109973024606,52.357457081046505,-210.662814972693,57.10978518894444,57.27764505167124,54.964310459718035
2025-12-12 18:23:35.769926,Idle,28.70347878669736,22.553632739954992,36.023724808088446,28.316415492880196,-173.48438658368832,29.403700460822165,26.818106646100205,23.27546786214407
2025-12-12 18:23:35.773938,Idle,-26.982884463386654,-43.60665540882292,-28.09309713284165,-29.441534153129624,176.07155988504746,-30.74392433861658,-36.18293269116066,-38.14072588958061
2025-12-12 18:23:35.778963,Idle,-13.727870495693423,-13.013713316544454,3.9164235302014276,-8.813058580076358,182.48795973742017,-9.615589073348474,-8.816665747155639,-8.34521565978639
2025-12-12 18:23:35.782972,Idle,46.868690998299826,62.5789371361152,79.0717586658684,55.69725508860532,-168.02039855603653,54.78126050154833,62.88180901774194,63.276572072585395
2025-12-12 18:23:35.786972,Idle,43.15057731891011,45.47580137875411,62.71408452996184,45.12044767578823,-220.14167630395968,41.692667847220946,47.153286088512914,46.98032378492155
2025-12-12 18:23:35.789984,Idle,-17.871666325864794,-30.859798262197728,-10.506428256507206,-21.70982050001453,124.00766123114954,-26.714581966480182,-27.59491217989978,-25.516336365033112
2025-12-12 18:23:35.793983,Idle,-22.76319953697748,-23.715982630020335,-1.4244826857830049,-22.231964673969287,221.76902640518165,-25.834497711859512,-24.75280768112586,-19.828133384243074
2025-12-12 18:23:35.798013,Idle,37.11091918730227,53.11187851957675,74.05017927739755,42.3881952475067,-106.99853739935133,39.82100575334425,47.21689417774587,51.59520379154242
2025-12-12 18:23:35.802041,Idle,50.31600556808576,56.63383489458738,76.07371547349976,51.21576728147829,-244.59485339019375,46.67580831353371,53.06407926435713,55.23828589652476
2025-12-12 18:23:35.806010,Idle,-5.884942964189804,-17.050620534670543,3.3771562390684267,-9.707675988995106,65.20839701243312,-16.378424010949857,-15.2894250960735,-12.471669531455063
2025-12-12 18:23:35.811042,Idle,-23.446411101382182,-25.99598870679847,-4.8189815554105735,-22.43784306442285,236.49727765130956,-28.65427382850612,-24.987807956004417,-19.64935517906315
2025-12-12 18:23:35.815044,Idle,33.425233852077326,50.645160652665936,69.24362386957728,40.27421492305439,-59.62418580362282,34.488177543168604,46.56985572095846,51.547794943106965
2025-12-12 18:23:35.818067,Idle,60.58989945594067,72.47254639881567,87.33986392765291,62.858043285798885,-275.4016399636603,54.62644691876994,67.53276847467077,69.44687129060912
2025-12-12 18:23:35.822081,Idle,8.661874604459172,0.1804127581038415,13.5471766193441,3.4132028428803096,-9.071764392600016,-7.427036646222405,-1.8701687629300068,-0.9792102774445084
2025-12-12 18:23:35.826071,Idle,-24.52779621614627,-30.822233369866865,-18.1797766435011,-27.08804479729406,243.93298543856145,-36.87527285920987,-33.97256886948708,-31.647867950401633
2025-12-12 18:23:35.830098,Idle,23.30473933050871,36.67463172249745,46.383727886201086,28.33156275031706,18.15140664484352,21.517094633900342,28.869566362429396,30.419983736420363
2025-12-12 18:23:35.834121,Idle,63.256961474552554,75.77454143815908,82.16236444503011,66.95825916314061,-252.7322211140854,60.865433197348466,68.12863132473649,65.94855157006259
2025-12-12 18:23:35.839122,Idle,22.449547253215314,13.997960514756414,20.471366701280203,19.199350630751724,-51.84626216003744,12.11750199200651,12.013939059025688,8.154772124495139
2025-12-12 18:23:35.843159,Idle,-20.11624505227337,-31.530912374954823,-22.793133614919498,-21.851276572064307,250.2550760400809,-28.10336411552089,-30.90512793691687,-32.65505296579249
2025-12-12 18:23:35.846157,Idle,16.50454981421808,24.610502895829086,33.519807513665,23.280018811070477,89.87166639587304,19.2963534311657,22.568597208257415,22.068493761056743
2025-12-12 18:23:35.850222,Idle,62.05495493456965,74.83472067899038,82.02490865247819,69.96121031132316,-232.10420257810983,66.38354514836283,72.48047849374052,69.9947092759212
2025-12-12 18:23:35.854163,Idle,27.50294161068632,21.385230417579805,28.878406929026823,28.491323136138817,-112.77221079684023,23.88886308840847,23.519997815017632,20.041235314489313
2025-12-12 18:23:35.858215,Idle,-26.04246745839373,-38.06251142145538,-28.023647257658013,-26.04308303068683,222.97019050758172,-29.490171260214993,-34.36935282367631,-35.00921286126504
2025-12-12 18:23:35.862200,Idle,-0.6810341516993503,7.582751103235751,18.755664423391863,6.642934332794539,143.1825720780289,6.496736553857772,6.741066584683722,8.888758235503701
2025-12-12 18:23:35.866228,Idle,54.444048439106155,73.61052475684119,84.09597917013889,63.886159882111315,-207.3522414589679,65.17728880375944,70.14495091997378,71.65964453008746
2025-12-12 18:23:35.871171,Idle,33.57369335877411,35.693480708758216,47.428990414096916,36.056517048744354,-177.66068668529988,35.87999532322647,36.3579457470878,37.15703275501437
2025-12-12 18:23:35.874209,Idle,-28.945155293953576,-39.13909790542675,-23.299210540615604,-29.261814629982837,171.72786300965163,-30.431851593551983,-34.6656544932157,-30.987661502435003
2025-12-12 18:23:35.878255,Idle,-22.242739230718144,-17.19283628971698,1.7870899666595506,-15.658111433916929,183.93288277912507,-16.169240291990718,-15.256990975074586,-8.143550174196207
2025-12-12 18:23:35.882273,Idle,35.91444667924952,54.64094619915704,73.96097451177775,46.43332651933633,-163.45349024830648,45.138040621412074,53.313659989660664,59.991028228219875
2025-12-12 18:23:35.886282,Idle,34.859264799246375,40.02823498416183,59.92628078526468,39.246052452363074,-217.85025711397248,34.81551349992333,40.84139295060777,45.3521581792229
2025-12-12 18:23:35.890299,Idle,-20.746137158272177,-30.04445417482748,-7.551747429279203,-20.711382472551122,123.75776928781124,-26.74848744853989,-26.748380253631694,-21.437379980103287
2025-12-12 18:23:35.894240,Idle,-20.856225832936616,-16.760788835843414,7.317148997419281,-14.988956485469316,220.94280205924224,-18.967751187026806,-17.233386461331975,-9.424055801089708
2025-12-12 18:23:35.899305,Idle,41.27497084592869,63.28354057581055,85.8227811439283,51.99355027053207,-109.86591782920368,50.422689695047666,57.4261802576184,64.9138627397042
2025-12-12 18:23:35.902325,Idle,53.96559043844354,65.95838367680517,86.8435884674036,58.464975512171804,-250.50795431084043,56.823481026334775,60.82945194250715,66.01331149055659
2025-12-12 18:23:35.906321,Idle,-4.996360328608716,-12.181224781141282,9.718698963886709,-7.831467106499986,61.71224205992257,-9.76203299250119,-13.582313257295027,-8.282327676381101
2025-12-12 18:23:35.910341,Idle,-26.31354243284295,-27.0701759524527,-3.9932253202132415,-25.85287435182545,242.5283895875873,-25.962344596999174,-29.680113447737313,-22.556301464672288
2025-12-12 18:23:35.914353,Idle,27.850295648475367,44.96514949672928,66.16783040369774,34.171033227938096,-44.80444601169074,35.606233140293625,37.945125601610926,43.70201469845051
2025-12-12 18:23:35.918357,Idle,54.909693886676905,65.02330602398615,83.12176480260678,56.91607658064822,-259.6677177743986,57.339560492426244,57.89568595747005,59.023602862005646
2025-12-12 18:23:35.922362,Idle,4.518496712231354,-7.408202745442395,9.676433427950542,-1.7743533215088974,2.3338598352784174,-1.8743507633516856,-11.459131717665514,-12.951727977553674
2025-12-12 18:23:35.927382,Idle,-28.09487072832053,-39.120488326852865,-22.15608303836052,-33.13153434915694,251.88024307364867,-29.86251924084172,-44.14424390518798,-44.62662228727277
2025-12-12 18:23:35.930397,Idle,18.447002197237452,26.719009221076703,41.43264247835759,20.320110611561176,22.569854264609603,28.066556207850226,17.86576826885539,17.81497370539364
2025-12-12 18:23:35.933404,Idle,56.16405660553755,63.81775401611412,75.47701587252959,57.20567526101331,-256.17974181618956,65.67947451989858,56.48926359969482,54.53321450683143
2025-12-12 18:23:35.938412,Idle,12.92136986810874,-0.285234385604781,11.118712914576463,7.687187983827243,-64.9302182588599,13.972607466144837,-0.9465985442875535,-3.272545824631379
2025-12-12 18:23:35.942390,Idle,-31.478011528732168,-47.663060774097175,-34.3208352501606,-35.34562153456136,231.8980249834476,-29.79330170617868,-45.64069731003656,-44.96084263038574
2025-12-12 18:23:35.946441,Idle,5.145304371622842,8.856045501475819,22.809657509700628,8.790892089255067,70.06075046566184,15.352570985525745,7.670349390393312,10.783966001163208
2025-12-12 18:23:35.950460,Idle,52.67837032616444,61.650769640807994,75.02818553683028,56.35675397896921,-254.60393000986915,62.4454394882614,59.88714210710896,62.45684712903676
2025-12-12 18:23:35.954519,Idle,19.798695244398914,9.629735318119856,24.395040667899593,16.124097489067935,-138.2302665879797,20.235190971949123,13.172407288544491,15.745051050140319
2025-12-12 18:23:35.959507,Idle,-34.96190914806721,-52.701455395472294,-35.111507808331226,-39.330059434221766,200.68491166250897,-35.653378063068885,-45.80835684705016,-40.17245099422507
2025-12-12 18:23:35.962462,Idle,-12.18527786877894,-11.94660378556182,5.840596681111492,-8.767168107029647,130.29826105201755,-4.371022773659206,-8.08215105882482,0.12354705361212837
2025-12-12 18:23:35.966532,Idle,43.478233517664194,53.00353570882726,67.99748936084143,49.35920797902327,-212.55802466083514,51.88410691313038,54.45060598827331,61.62403530579104
2025-12-12 18:23:35.970509,Idle,27.582017003454894,19.684300414299287,33.2142344877102,27.09662895733163,-180.80474360949484,25.45018526224885,24.7485903654524,30.52687511964541
2025-12-12 18:23:35.974530,Idle,-28.634222708460584,-48.27649180532353,-33.305773722935555,-30.779533248472944,169.10656541122262,-33.81203298381661,-39.28161661338163,-31.549770355090004
2025-12-12 18:23:35.978532,Idle,-17.545648785138837,-20.85374615155706,-5.112359566806845,-11.31825952940926,182.28478784863364,-11.370852191155791,-13.109261771031015,-2.722595677452773
2025-12-12 18:23:35.981531,Idle,42.04834664013288,53.53652229712134,67.4548476724558,53.51188296925102,-167.23203325806935,56.23676183614043,59.9740718657049,69.61830357464714
2025-12-12 18:23:35.985546,Idle,39.45504907157374,37.77757465153991,50.267216591946635,45.37479640458332,-226.8407064470739,47.78931466618451,48.30995867291858,55.80323609639163
2025-12-12 18:23:35.989561,Idle,-20.786687628971777,-37.54238835957767,-24.21900755653769,-19.48694381550922,112.68684763315105,-17.45686028256023,-22.87498188306563,-14.753334973811434
2025-12-12 18:23:35.993525,Idle,-27.78644842340509,-31.890758840052513,-18.399378615889873,-21.05232573594003,213.22144819266396,-17.117144726573315,-19.736165648118913,-9.930362759394484
2025-12-12 18:23:35.998608,Idle,28.14817560135816,42.182292535982924,53.006636348491156,40.373488626019025,-114.60164176804574,45.325440038068336,49.64775344998998,57.420134942429286
2025-12-12 18:23:36.002602,Idle,38.51430394293129,43.774690732090676,51.86107154201818,46.56974125324086,-256.45955612428224,48.70201769213418,51.870284355940385,54.713607778085134
2025-12-12 18:23:36.006619,Idle,-18.464020378922214,-30.820191919312492,-23.01445708483152,-15.388639005548612,54.77008127474983,-16.975236585136372,-20.171051904799242,-20.25005147990305
2025-12-12 18:23:36.009611,Idle,-35.766706820122636,-40.00931423111979,-32.558497673751845,-28.302771408965782,238.9169679887964,-30.659509694381995,-32.93486068071434,-33.5581441781178
2025-12-12 18:23:36.013654,Idle,21.416094745083683,37.279093117747834,41.39627522862793,34.302296461941296,-43.630590647018835,32.68519696723524,37.13711003844219,34.4929747488859
2025-12-12 18:23:36.017641,Idle,48.47654453385621,60.11889609984428,60.240211455355166,56.400120372974925,-254.78368795350434,54.17351142354346,58.29024462321104,52.234590764066525
2025-12-12 18:23:36.021668,Idle,-3.8522864849092002,-11.629342244665168,-12.591286712206056,-3.781647502850319,12.56390104786442,-6.4685886577372,-9.790925322413386,-16.291252193495893
2025-12-12 18:23:36.025713,Idle,-36.710687732500446,-41.71346329544758,-42.30678121956953,-34.108650996162396,269.18921443559884,-34.788190438815946,-39.30323577268791,-42.87362108920206
2025-12-12 18:23:36.030672,Idle,12.613508341071793,28.023758055613143,25.79721103117845,22.749684766387873,42.733799631123475,24.04143098507302,26.93471174055594,24.945061103488115
2025-12-12 18:23:36.034641,Idle,53.42457425691646,68.87028266963898,64.21618448207664,61.82148493308341,-239.23763389894702,61.428722621578345,67.71431708982345,64.47975126469828
2025-12-12 18:23:36.037645,Idle,11.317002888432398,6.4204544031272235,2.2028070823216694,11.711285579516698,-50.27396870287885,7.923468146718733,9.62516448934548,6.454135568874335
2025-12-12 18:23:36.041717,Idle,-32.6735396346503,-39.81541058039511,-41.48425506840431,-31.966037388916448,249.19798313266074,-36.28822544666036,-35.470833624814986,-35.62866761461919
2025-12-12 18:23:36.045705,Idle,5.660582152715506,19.579508669223287,18.78143215532691,14.311479957745178,87.40805072682724,11.929291909664244,20.38989704287451,22.022588606727368
2025-12-12 18:23:36.049797,Idle,54.87027171815498,75.35571022579097,73.86443633399176,64.8548309201542,-246.72763909973946,62.96661505389602,76.00483260655164,76.07709643819544
2025-12-12 18:23:36.053766,Idle,20.264693013277792,22.596158953598206,22.265275665791705,23.76755764030895,-142.1975366987599,20.85892596137819,28.83251568220294,28.20924820250366
2025-12-12 18:23:36.058728,Idle,-39.326345021610905,-43.77938814855224,-41.341715958009445,-36.63657881479776,193.80002806588163,-38.668234590517386,-34.635240469338896,-32.20887842507727
2025-12-12 18:23:36.062784,Idle,-21.2117319709032,-6.898382379749819,-4.017069303561584,-11.53778250362302,128.4677641935532,-10.86751496709985,-1.5585969703679439,3.6633742755548155
2025-12-12 18:23:36.065732,Idle,30.603525043374248,54.431664791733056,54.94150910634198,41.439700147391704,-209.25091015952603,42.811578047756484,57.08582197834403,60.98754084081884
2025-12-12 18:23:36.069802,Idle,10.99837698185911,16.5041945771045,15.705782649278262,13.584804966470983,-173.23989599226024,13.070117586966262,22.940285067601508,24.298725477881817
2025-12-12 18:23:36.073844,Idle,-46.96905090645305,-54.61829613273949,-54.47891551130124,-48.21682195296671,183.3170306775637,-49.49951671251165,-44.8661536472664,-43.36901444237992
2025-12-12 18:23:36.077829,Idle,-33.936027832183754,-25.90865745330302,-26.12948489687369,-28.661369362342157,202.9901709474616,-28.744180979936573,-19.99166731905825,-17.763575833916548
2025-12-12 18:23:36.081845,Idle,29.836942340116366,53.15152783731901,49.584510248563674,39.120901505950314,-145.7029098174403,38.30504528986603,53.22424741756731,53.22095853431165
2025-12-12 18:23:36.086790,Idle,30.636486243995023,41.50036873126737,34.72639267188606,33.594652539764866,-208.18156170828433,28.902853368122123,40.65619049768247,37.40832841848169
2025-12-12 18:23:36.090872,Idle,-28.33616692567375,-32.73233520210488,-40.60885761729514,-30.59270250372174,132.7790446575068,-37.73871920793772,-33.012682690163274,-36.96807463223195
2025-12-12 18:23:36.093863,Idle,-34.5967656212797,-27.464297263792105,-37.048943640171274,-31.945915054478974,239.682972024847,-37.25972695952896,-31.545668401806324,-35.61673187144697
2025-12-12 18:23:36.097893,Idle,23.4139865137995,47.3218954066615,33.73506128114241,30.733673044138413,-85.65485526714883,28.016241921823166,38.97231118399577,31.72752778830909
2025-12-12 18:23:36.101897,Idle,36.307544029481505,50.11305549723329,33.63570373601942,37.72652373912388,-232.56984943467478,34.959493745542204,43.61108024114219,32.68976169426787
2025-12-12 18:23:36.105897,Idle,-19.70887669873173,-24.949126515351963,-40.36655020923354,-25.688058597832423,72.94987008441592,-28.94293699422451,-27.17194182339881,-36.86388636915035
2025-12-12 18:23:36.109891,Idle,-37.480210084525424,-36.102349365908594,-49.425923753013194,-40.840737676104254,254.48404584977857,-42.53631351855802,-39.58131616985338,-44.205966767103746
2025-12-12 18:23:36.114923,Idle,19.81668928079398,39.66144375044678,25.70680202710082,21.584034125808103,-34.704778531715334,20.853050800921665,31.599383671364194,29.79525779164942
2025-12-12 18:23:36.118907,Idle,47.58014474034735,60.9978800132958,45.2799604185866,44.89170942277633,-261.54167313221944,41.82973440444721,53.614204130031794,51.10811167857719
2025-12-12 18:23:36.121965,Idle,-7.194507433223407,-15.952445661143429,-31.189264914344676,-17.428281580874682,-10.167933433830171,-23.133409808652686,-17.90138712996304,-20.148928322943902
2025-12-12 18:23:36.125976,Idle,-47.86412447519342,-56.03864093147058,-69.81481361510896,-55.46553693385522,241.78906253109653,-60.41337819992714,-56.31940356208179,-55.96530714576329
2025-12-12 18:23:36.129986,Idle,-7.3886146855275,4.539073728177755,-10.067809094757195,-6.854780774885512,20.398763872420204,-9.998590873107787,1.1251127705672843,2.5793300518780597
2025-12-12 18:23:36.133983,Idle,29.73884874552641,43.220758378996834,26.698898314115468,29.945866620487323,-256.3262954406266,25.3526386411761,39.541930852592486,39.47732250734771
2025-12-12 18:23:36.137987,Idle,-10.572149294085648,-15.549093161047495,-31.51012370966737,-16.7218266162472,-63.90468097772191,-24.47595054095882,-15.132669789974898,-15.335015491787999
2025-12-12 18:23:36.142014,Idle,-51.866445007026414,-58.16721869385947,-72.05327656646102,-56.814138144524804,242.17344495121324,-64.74284424084863,-56.709084998938124,-54.46710461968905
2025-12-12 18:23:36.147027,Idle,-12.401514749602939,2.19216752345892,-12.146193153033437,-9.791332207226333,90.07996678308973,-15.298926926431022,-0.3273581818193634,2.4272294714683085
2025-12-12 18:23:36.150037,Idle,38.579601947908486,59.012968405368156,41.92400130585321,41.251517020915344,-236.4794228600149,36.40313461025971,55.012250618507096,54.39199478646697
2025-12-12 18:23:36.153048,Idle,8.704377509456208,9.902492659181007,-8.122750894999172,3.538539723602298,-127.63282732271409,-2.6919036422198133,9.830795359053809,6.77974109576644
2025-12-12 18:23:36.158037,Idle,-45.05528653127567,-51.99148671776857,-68.6517894021049,-51.87154715120323,212.02772850685324,-57.652511613871525,-50.0588597695878,-51.11462116058283
2025-12-12 18:23:36.162063,Idle,-22.54694957200718,-11.618068408955878,-28.51782060826872,-22.341770182118125,147.46990189400822,-25.348163815584464,-13.477104772928215,-11.960457127121117
2025-12-12 18:23:36.166073,Idle,33.43204189168682,54.15624829100125,34.41193915165513,35.71847560561946,-198.0365961283569,34.09749220212538,49.72648281794682,50.07847010824662
2025-12-12 18:23:36.170090,Idle,18.57896638463353,21.916214954888346,0.38676852251001037,13.874935766737508,-176.0611162355308,11.448160319709075,20.986369331729293,18.73253224349901
2025-12-12 18:23:36.175122,Idle,-36.93613924368856,-46.443781692105404,-67.23423122665281,-44.54743240903463,170.10772937095226,-46.40959042087354,-44.29695585269474,-46.90665924408131
2025-12-12 18:23:36.178048,Idle,-25.255390115093178,-19.770785457323655,-40.51530407919108,-25.910291562831844,186.18988658193211,-24.790929766227805,-20.82148258784946,-23.645623063165658
2025-12-12 18:23:36.182115,Idle,35.281988604886465,55.073978380911285,32.22217514399654,38.90523739349737,-164.90006316262952,41.72096370783697,50.0231111843259,43.641608973523944
2025-12-12 18:23:36.186129,Idle,32.1544115434981,38.85856866773247,14.999027641611974,29.767795765319534,-228.98577201446187,31.16016694776863,35.1349946504597,24.479709177612676
2025-12-12 18:23:36.190151,Idle,-30.682791801169515,-39.38349366190778,-61.45561205796912,-38.16906097167703,117.64379057555561,-38.0970369096583,-41.48374490439528,-52.34828740996545
2025-12-12 18:23:36.194144,Idle,-37.788717723522495,-34.70936127776804,-55.699054016001355,-40.742721391541636,236.82026679725095,-39.81053117001534,-41.563750825729585,-49.93077734576673
2025-12-12 18:23:36.198110,Idle,24.118498087386797,44.38559025975701,21.095899761562578,25.245531605778524,-79.22330593758306,26.186144309863266,31.224167243616648,23.323800587499136
2025-12-12 18:23:36.203173,Idle,42.106770883720856,52.599945215630214,26.44570704776561,37.2080220201392,-223.52348707990132,35.16167686449194,39.786276483062466,30.76280544618021
2025-12-12 18:23:36.206193,Idle,-12.749606912189847,-21.00052641000184,-47.43618344863353,-24.330306566011586,84.71095026308649,-28.923340989701728,-29.88993372067216,-37.497434760444776
2025-12-12 18:23:36.209194,Idle,-33.21897155164879,-34.01669540359035,-60.036855510641544,-40.630880536054065,272.62553163648226,-44.25899775342077,-43.89598207567178,-48.0843989213472
2025-12-12 18:23:36.214195,Idle,22.226564311898073,41.83575606554405,14.242921793756977,22.23948230621454,-12.68504583250251,20.138980260245262,27.69708738981626,24.462404882377996
2025-12-12 18:23:36.218208,Idle,51.9797534922036,67.87490045438426,38.87660914738444,50.153955341729215,-241.69098145682983,46.535342921751635,54.59214891483771,49.90676914638607
2025-12-12 18:23:36.222222,Idle,2.31051396629573,-1.6211294615786755,-28.667890149576124,-5.050922374796755,6.923229654565148,-11.05940588754629,-9.503814538890765,-13.34459782444901
2025-12-12 18:23:36.226250,Idle,-32.869804352919346,-35.08700350244908,-58.8519928303358,-36.97196244119232,258.6583544235764,-42.56791703412364,-41.431305951997274,-41.42920385266916
2025-12-12 18:23:36.230242,Idle,9.8797482963746,27.57978601672403,4.408507869164168,13.016305741592532,35.11606975317591,9.056689455996093,18.143122948931705,20.36747332818868
2025-12-12 18:23:36.233259,Idle,44.09095652895667,62.09994846599693,37.82696741192922,44.868118811137265,-246.8127877693987,40.24314102171047,52.777339466133526,54.038236626463004
2025-12-12 18:23:36.237273,Idle,-2.662350122986936,-5.019422373779889,-28.19775941404805,-10.577999613295106,-55.28030853506789,-16.725597430086054,-9.602944849976666,-8.4439763692435
2025-12-12 18:23:36.242283,Idle,-49.91655889427875,-55.41849720200844,-75.75954326221836,-58.16732745111358,257.97144395499345,-62.88150265390368,-58.3443813805261,-54.60784007043503
2025-12-12 18:23:36.246284,Idle,-12.25595222885022,2.199085850324991,-17.356572785793105,-12.962703555255985,112.5087407750143,-14.47443271956081,-4.276892604394561,0.7469358792018284
2025-12-12 18:23:36.250457,Idle,41.11420702417672,61.336549777444816,40.52596380015166,41.70610143294334,-216.65006880089277,40.62698899002589,53.85273933135886,56.51363998568331
2025-12-12 18:23:36.254323,Idle,13.447495491644077,14.45535286293125,-5.95354631860755,7.75466497820662,-114.03695205311305,4.264761124949473,11.62359971416572,12.063281979994827
2025-12-12 18:23:36.258364,Idle,-41.63588277125109,-49.059372631170845,-67.03826008063515,-47.797912630303244,226.56259004474123,-52.32088724258847,-49.17481857395251,-47.748947797772416
2025-12-12 18:23:36.261354,Idle,-21.855559528438334,-11.71845001960537,-28.861364062036955,-20.418355767924822,168.68683259140016,-23.61418384668923,-15.410262864815195,-12.979618898018089
2025-12-12 18:23:36.265356,Idle,33.64755345239928,53.517539810216476,34.835620100024244,36.98964294594066,-173.43410429440337,34.14083266760008,46.70261003348605,46.81746830236443
2025-12-12 18:23:36.269380,Idle,20.47498207799481,22.92984798750149,3.7777028742148104,15.769756237577553,-150.94308437702966,11.525272614007918,18.40605905343864,15.635369410500061
2025-12-12 18:23:36.274377,Idle,-33.27053346549246,-43.796845029091855,-61.31621387097948,-42.605432635974466,200.5236053787994,-46.492166650799845,-46.73196196393792,-49.46332659171071
2025-12-12 18:23:36.278378,Idle,-19.74950845507965,-15.358489099022336,-32.53193053536597,-23.835167310374118,225.05690813482943,-24.774375462465287,-22.869386479605055,-25.07019837845678
2025-12-12 18:23:36.282415,Idle,44.1564027368172,62.86518822589642,43.45503664120406,43.38669516505195,-124.91132605986422,43.708257759702065,50.46825426469604,45.71137274101284
2025-12-12 18:23:36.285394,Idle,45.40387438048401,50.79641569888736,30.17836614999942,38.689484541660136,-198.22432915165336,36.465265143818215,39.95511343567364,32.01957857236471
2025-12-12 18:23:36.289409,Idle,-16.093838390167548,-26.719758788898616,-45.31944201426995,-26.92720452545163,136.8635257731621,-31.553183471261036,-34.08809113860093,-41.40104934998624
2025-12-12 18:23:36.293459,Idle,-28.57219785871439,-27.853476870621307,-44.354237943574844,-33.218961312948,247.9344397638488,-36.94872793550621,-37.13497456945038,-41.56546339674901
2025-12-12 18:23:36.297494,Idle,23.773779228758485,42.09593647020665,24.93747111851917,25.035491110140185,-75.52740470470235,22.631214398164047,28.660629900955314,24.77611871537789
2025-12-12 18:23:36.301455,Idle,34.91989801158752,44.4162427033898,26.247516252245987,31.381301939106663,-228.19084324428695,27.64808045459722,31.73830154470943,26.888698108635992
2025-12-12 18:23:36.306488,Idle,-20.983443869984967,-29.65656765579297,-46.14983099020537,-30.943240035131396,75.56719945096484,-36.22951649395145,-39.132819936002306,-41.86240442241186
2025-12-12 18:23:36.310492,Idle,-40.348162349417635,-41.58445193903026,-55.49871066387641,-46.38612343891123,265.3548589643178,-50.415348843322136,-52.46857498863895,-50.491181257299445
2025-12-12 18:23:36.313520,Idle,13.507685172071433,32.558813417961574,19.217173169297894,14.682073240902696,-16.59778725853539,12.559157314754884,18.093662841372947,22.095368211723724
2025-12-12 18:23:36.317492,Idle,38.4348066717107,53.87389492687271,40.70763792419348,37.503553730403155,-244.3177598818147,34.896111606543855,41.58868182299233,43.94670754111701
2025-12-12 18:23:36.321513,Idle,-16.318589383051858,-20.506902832154083,-31.01075791404037,-23.384200401633734,7.156336325115262,-26.910615720709757,-26.50692633970391,-24.961904837937368
2025-12-12 18:23:36.325509,Idle,-53.57084896616266,-55.93298099540425,-63.10686971188079,-57.997041107853875,265.85881898425214,-59.715044921009394,-60.46517740069385,-57.46171675416895
2025-12-12 18:23:36.330534,Idle,-7.898154872317264,9.62465524714753,2.896022980030466,-4.946143003405496,47.255533033556276,-3.947712307400252,1.6082240029948025,4.663851347215768
2025-12-12 18:23:36.334572,Idle,33.16162507685226,50.70724866738419,42.89040461487821,35.11432285876799,-237.60546243429417,35.93476766621279,43.02841282010695,43.91262997203103
2025-12-12 18:23:36.338550,Idle,-7.162100436779156,-10.485900767111161,-16.973347866112817,-11.557192043171653,-51.41195153924127,-13.020592162935827,-12.587979097204425,-11.72401036520705
2025-12-12 18:23:36.341566,Idle,-51.67444593496134,-58.42022179655214,-61.84272443390728,-53.79919358730285,263.08714002347915,-56.19512003929685,-58.28009195791219,-53.91364734077479
2025-12-12 18:23:36.345517,Idle,-13.586184225450552,-0.13938105916895438,-2.862128071150437,-6.214743477081356,123.69868634376326,-8.647723925728314,-3.8514182959852405,2.573983042351074
2025-12-12 18:23:36.349589,Idle,40.94834910547911,60.434348236664846,55.91781970012562,50.261584123342345,-203.37470313063386,45.64763715903973,54.756485215565135,58.76116464148845
2025-12-12 18:23:36.353594,Idle,15.479331390129573,15.290596616510811,10.250300777956,17.853219666112636,-104.1517481678602,10.036474651950812,13.460290434716171,14.392463613046402
2025-12-12 18:23:36.357625,Idle,-37.92771575421011,-47.75120080345732,-51.468449124193285,-37.339397929011284,233.45043312282723,-45.13414904849287,-46.877823645706485,-46.24014086599027
2025-12-12 18:23:36.361612,Idle,-17.520914010085335,-10.82531623744353,-14.691689967829006,-10.435723483384209,174.23580313404818,-15.215656440121165,-12.823423685450507,-12.381678809013465
2025-12-12 18:23:36.366643,Idle,37.876084544309606,54.13811779706384,48.15081340244615,46.4698590902899,-172.04609748176154,42.83220082478874,49.867791519264756,47.58884131602554
2025-12-12 18:23:36.369643,Idle,23.539791477877202,22.830819899255403,16.28337913037467,24.12137563137503,-156.71792866702162,18.38344736480667,21.34939223757874,17.155038991410038
2025-12-12 18:23:36.374652,Idle,-33.183490775786595,-46.46975439307653,-51.1227996735106,-37.38319994311723,190.0335153811866,-44.37502980534737,-46.3946511832487,-48.19526976337875
2025-12-12 18:23:36.377668,Idle,-23.998760305902465,-22.26870247745319,-26.24407851986325,-23.56757112184232,213.62463965931238,-29.019183445564522,-27.121303762013213,-25.364200053759305
2025-12-12 18:23:36.381672,Idle,35.92888066124681,51.665424710664865,45.57080923997091,38.689382178863525,-138.5904734270771,34.22299664566799,41.74418257679645,43.51081083403096
2025-12-12 18:23:36.385628,Idle,34.82096688303602,36.30667188455391,28.783902364084497,30.40221827171945,-216.9137939773118,24.480369379469266,28.2016537444415,28.194601721461368
2025-12-12 18:23:36.389696,Idle,-26.46549158318129,-42.27219082624197,-48.227275179840944,-36.279034132811375,115.83637411790369,-42.88468232118066,-46.38503543861134,-45.302761276723686
2025-12-12 18:23:36.394698,Idle,-35.27147927802804,-40.57268097466897,-44.87115109867045,-39.82323114342671,229.3056970512789,-44.329884845617016,-46.00158532369824,-41.844638265510184
2025-12-12 18:23:36.397706,Idle,22.459950155998513,34.49047814664789,29.30989890874298,23.462496412932524,-92.22690980460175,20.557467975311738,25.735744242099827,30.764843797043795
2025-12-12 18:23:36.401732,Idle,36.12136379842855,38.94035543697214,32.752914084014265,32.48714668178263,-245.82287108935634,28.216575804299282,32.189366376477665,36.43688840406685
2025-12-12 18:23:36.405743,Idle,-22.097390130449014,-38.314751630696605,-42.91451099447113,-31.602687870514274,58.67767800063666,-37.04190263737746,-40.27090984784354,-34.73905952882433
2025-12-12 18:23:36.409743,Idle,-44.34905849507814,-54.02195243263441,-56.617912913854525,-49.27686262825273,252.08280923019993,-52.77180296112874,-55.87448516996301,-47.98691005869841
2025-12-12 18:23:36.413707,Idle,11.77107292282868,21.951317904515236,18.87858760178824,14.397337597149999,-30.495371482620612,12.810185940361407,17.167998058283956,24.046662162576467
2025-12-12 18:23:36.417779,Idle,43.6865293616745,49.972773969481295,45.932799915266514,43.97530019934129,-266.751200786377,40.44515286850492,46.58041278169094,49.73161699298271
2025-12-12 18:23:36.422785,Idle,-5.624912226310585,-19.642863514400233,-21.944237773186615,-12.13607441762042,-23.073133792511726,-18.873210415333233,-18.64483163186469,-16.476511612832837
2025-12-12 18:23:36.425803,Idle,-42.85535258127965,-55.79948717547677,-55.3176886964593,-47.2554927356573,237.93343356247533,-53.70595558258947,-55.28567665368064,-50.38823840097302
2025-12-12 18:23:36.428794,Idle,0.02565177818576103,7.088047792003181,7.9442284383039805,3.271390424544734,27.717383253626394,-0.47614067929043813,2.8521074743403005,9.016973251023046
2025-12-12 18:23:36.433813,Idle,39.831464001360985,48.30025600110912,48.27793227866823,43.14820192545676,-253.4857843556456,40.16659914323691,43.536780091843866,47.282671953924364
2025-12-12 18:23:36.437772,Idle,1.1863763626733999,-9.191266835674014,-7.944216741414493,-0.9992547456454304,-71.6632085753281,-4.79772842151624,-9.668844493625329,-7.99148092935684
2025-12-12 18:23:36.441843,Idle,-40.71884095251926,-52.96468437300791,-49.234999183210675,-41.300699158446605,234.71074439079166,-43.79764383260408,-53.0890148429562,-50.80961004612618
2025-12-12 18:23:36.445858,Idle,-2.952458055119564,5.289610168159015,9.07753850066365,3.48371061072703,87.82036498996786,3.906161688233169,-0.46276814918655873,1.6598126329281513
2025-12-12 18:23:36.449931,Idle,46.885285384553185,60.27785426113496,62.18150851509745,51.931387144743894,-243.055131970641,53.00206474809511,51.471117607083215,50.5850672251654
2025-12-12 18:23:36.453863,Idle,15.713419524401615,8.193647479836727,10.117652856910354,11.033553319145085,-140.9217369165326,10.68930719031323,2.6421040562308917,-0.4011860093769428
2025-12-12 18:23:36.456890,Idle,-40.309528021032065,-58.08837919325288,-54.17496850850148,-48.096203783324654,206.1908246358562,-47.927156244594244,-61.464110379794874,-62.985954171947924
2025-12-12 18:23:36.461889,Idle,-18.52608148679542,-19.390865046616454,-15.591085756892426,-19.606277369316558,156.6920657189603,-16.900145232153136,-26.108870316033972,-25.763713296541027
2025-12-12 18:23:36.465919,Idle,40.43172229327888,50.02485015740149,50.70296679052808,42.08240661441596,-186.5920188737946,45.145319908634065,41.13913243828665,40.27692898211444
2025-12-12 18:23:36.469919,Idle,28.905316616615437,21.889906104314832,20.350473921853336,24.276170292248025,-172.96276297173972,24.870713017692196,17.195070426013444,14.732007946245176
2025-12-12 18:23:36.473945,Idle,-28.233515144186867,-48.324667076782134,-49.358957116055535,-35.54715234273135,175.619851210884,-35.84672623871711,-48.52515308589864,-49.38397289441218
2025-12-12 18:23:36.476945,Idle,-22.639667927126993,-28.240527048750664,-28.94148290771591,-22.88716534559171,206.1515696619099,-20.817672177026907,-29.571912060067916,-27.950156647344556
2025-12-12 18:23:36.480948,Idle,33.034718086527164,41.74648314258775,39.864896802835574,37.58609529450678,-141.0713739294224,41.507501900833404,39.13422586687648,40.153974830896914
2025-12-12 18:23:36.484964,Idle,28.457041246885183,23.918505131548955,22.532054185305242,27.87109575294835,-219.47411522519542,31.043184966791387,26.627294839478964,25.880605913696854
2025-12-12 18:23:36.488951,Idle,-36.39906965901514,-57.08398916002079,-54.75249176488978,-40.993739709824695,113.54902782724821,-37.889707768891185,-47.41705493652353,-46.63323670118734
2025-12-12 18:23:36.493983,Idle,-48.51704331746669,-57.431943850202515,-51.85505498418388,-47.00659881350566,230.0615312460177,-41.09396276711573,-47.39289750832722,-43.05717117202494
2025-12-12 18:23:36.497997,Idle,8.541689674808822,18.594297073430425,24.162647195054888,16.294881054664074,-91.60967619934308,24.69915842830551,25.429914898255447,30.373986709272685
2025-12-12 18:23:36.502004,Idle,24.257815753884643,26.862767269903998,31.989674400179865,28.26622608687012,-251.05547539845247,36.07128696336645,35.05145391424048,37.67980112381974
2025-12-12 18:23:36.505015,Idle,-32.41020005102473,-47.601759970451894,-40.41312727135846,-33.29100997749083,49.62521611496231,-26.67542100388482,-35.20499863009354,-33.50385932877907
2025-12-12 18:23:36.508969,Idle,-55.81445564122532,-64.15533165672787,-54.83085874669632,-51.5869632578524,247.47424944757586,-44.15869079581614,-52.25034326957757,-49.837360133085895
2025-12-12 18:23:36.513041,Idle,-2.528351962025681,8.236722782290599,16.60488263105617,8.853654827431455,-26.887233672414368,16.59506637905099,16.278518645902295,17.178011915716525
2025-12-12 18:23:36.517054,Idle,27.09514647363858,32.21269027319431,38.641242023122686,34.82450624065223,-257.3951949845232,39.67071799696964,40.66711649984609,37.98536053439693
2025-12-12 18:23:36.522051,Idle,-22.190710337316432,-39.530542689079084,-32.39043511216914,-22.938025626898707,-9.817760448349873,-21.198686115025055,-27.2365942030101,-30.852270784156644
2025-12-12 18:23:36.526019,Idle,-56.288999239129225,-73.88872310003535,-64.68558859991026,-56.34572338686394,254.30178190857077,-53.68829395251902,-62.52004710710207,-63.65018019956369
2025-12-12 18:23:36.530132,Idle,-8.16160325587498,-5.452101731430957,3.658480383344795,-1.7147225286853427,42.0149931698852,4.092817477719763,-0.1178832306577533,-0.1605477440643881
2025-12-12 18:23:36.533085,Idle,35.84237508222668,41.12330460007615,48.909277649359865,40.85247067882938,-248.24406945224473,47.24559424252013,43.667089753682376,41.496592185721966
2025-12-12 18:23:36.537107,Idle,-3.6466350026989858,-16.88122929388919,-8.187783303523247,-6.252935276344942,-73.55559949073358,-1.6845009405568874,-11.950100719748662,-15.244062671896245
2025-12-12 18:23:36.541114,Idle,-51.76767793079625,-67.61812340059078,-56.60647768097442,-54.401753248397654,237.4457506711533,-50.26943730314281,-62.690510629061464,-63.879684092906245
2025-12-12 18:23:36.545135,Idle,-19.928309173703383,-15.532442929576064,-4.76755313040303,-15.411325795611447,102.58985468785613,-10.449862650039393,-15.685925593877982,-15.331032956821218
2025-12-12 18:23:36.550079,Idle,29.626077571710084,40.32957868317499,48.31399292909009,34.37552837856765,-221.55021779816343,37.90325418439738,37.22977869073475,36.1542079490755
2025-12-12 18:23:36.554137,Idle,3.0688867898479657,-5.572308245686145,1.0097056847916974,-0.2037360973254181,-121.6757618169886,0.13618205842396947,-5.749524073889916,-7.606771695800489
2025-12-12 18:23:36.558176,Idle,-47.03828594195443,-65.24437281043174,-58.131094583619415,-52.602970412628565,219.205447208873,-52.71938521864831,-62.93023971154071,-62.245062346656596
2025-12-12 18:23:36.561180,Idle,-20.664730766986395,-22.4975873850708,-16.49145682512608,-19.767843211810032,161.16561972525233,-17.069046448210656,-22.108388100588854,-19.182986165668808
2025-12-12 18:23:36.565185,Idle,39.26214193094188,46.446438793722336,49.10757865855703,41.81363235100707,-193.76368532222114,46.089611169313685,46.39845448832148,47.89065224658498
2025-12-12 18:23:36.569216,Idle,24.036443174972874,12.98514585301018,13.885086884480188,18.91297525263417,-189.1309318662279,21.799774173481637,17.95037952032635,17.41740254659271
2025-12-12 18:23:36.573200,Idle,-38.27103708472782,-63.35324834617859,-61.33485863059104,-47.17513046063277,161.17619423048927,-45.2064929156561,-54.58119095643633,-53.96576568036835
2025-12-12 18:23:36.577219,Idle,-33.43511209032704,-43.82798785230261,-41.26045437785797,-35.79441957365134,202.09461912405095,-32.68754416077536,-38.01681519600152,-35.53667760784356
2025-12-12 18:23:36.582234,Idle,28.392721399450465,33.368502399143836,34.27304189298593,30.643452001034802,-136.61807167858387,33.735742398617276,35.52633252324085,36.72153973392324
2025-12-12 18:23:36.586221,Idle,33.65126578407671,26.468488883905593,26.63253455856102,30.524563393541484,-213.47071132078509,31.035873040035767,31.133629069280687,30.0849328981667
2025-12-12 18:23:36.589240,Idle,-23.00206820139192,-45.801954105751065,-43.57295025968597,-30.3828089574572,118.83228930663245,-31.22621583439377,-37.20066748184581,-37.08967619412397
2025-12-12 18:23:36.593248,Idle,-31.456262691653365,-42.541153775488056,-38.54390136908296,-32.60504973137995,237.2499210366177,-31.128279006692082,-35.79980942556995,-32.78005181874596
2025-12-12 18:23:36.597221,Idle,26.578295297817135,33.95802370452293,36.84172310287795,31.972856536547624,-81.98196203255247,36.13920180466084,36.756365845533765,39.38574612054981
2025-12-12 18:23:36.601301,Idle,45.26171251489757,44.15404789463355,45.5818009097693,46.46482305291647,-243.33380685778593,50.554718230870094,48.3788218033842,47.71419367838462
2025-12-12 18:23:36.605286,Idle,-5.108149455762714,-25.616618082132845,-23.084176098334865,-10.520643364420721,50.92783844627047,-6.995176106248891,-17.672168406462333,-19.637665606739574
2025-12-12 18:23:36.609294,Idle,-23.051076868333894,-38.24380075334557,-33.97401585635453,-25.765298510699722,242.38399115715856,-20.575568072701117,-32.5662310473017,-33.21492911744281
2025-12-12 18:23:36.614312,Idle,30.79641854988597,34.53838758381062,38.520888111355816,33.573689039872534,-35.17648999557605,40.13240509738171,33.77916604429356,33.07603188459416
2025-12-12 18:23:36.617285,Idle,56.13831245698805,56.281698400955065,60.09901838432779,55.62028692850254,-265.5677689480981,59.849844993297665,53.746477848229915,51.28326446055871
2025-12-12 18:23:36.621284,Idle,0.052395217492005486,-18.66415872300604,-11.799292753159534,-6.76179681571648,-14.335152201552773,-6.3844780883346175,-18.416523388994392,-20.252461247801875
2025-12-12 18:23:36.625353,Idle,-40.43551674876767,-56.19128718982756,-45.37140281418942,-44.434358983952734,255.7043318234828,-45.069831558657825,-56.800617183754184,-55.39790173005804
2025-12-12 18:23:36.629360,Idle,4.367095222245894,9.944725374909467,21.191202233238073,7.1299396471340515,45.92194577338523,7.7085917372405675,4.459469174171318,6.816023180796037
2025-12-12 18:23:36.633382,Idle,48.00518010969171,54.58197156465758,63.509380649816194,47.889706872452734,-248.94116694331933,48.18406542507364,48.5352835625099,48.38306620963067
2025-12-12 18:23:36.637400,Idle,8.132060924569203,-6.686522786108981,1.4183291051112974,-0.8912310941850592,-80.52636017177156,-2.301266087404656,-7.7074215203974745,-8.716864022624577
2025-12-12 18:23:36.642394,Idle,-42.02621876009829,-61.6852019324524,-52.6692635638492,-50.64557788965203,230.39722032611462,-52.24409335767268,-60.51957197563206,-58.27032763580428
2025-12-12 18:23:36.645403,Idle,-11.418864776097053,-11.175744117024806,-2.918648685430526,-10.605323752039112,100.05658053866682,-11.449290843583185,-13.309041518818049,-8.24221639301868
2025-12-12 18:23:36.649515,Idle,40.33628810417878,48.07700123356153,53.81022422022397,44.44437588202709,-223.4240021897549,42.190466326738715,44.98601359407439,48.9351962674009
2025-12-12 18:23:36.653482,Idle,16.53478906527738,6.184092432724356,11.121452133631465,15.056062771482175,-127.77550465254717,10.285054564182246,8.098919085941816,10.27519867006231
2025-12-12 18:23:36.657482,Idle,-35.73101092483654,-55.22240126014367,-49.02263963058704,-38.35610634060504,212.802100619896,-42.260094897568706,-49.51907564787962,-46.52295276277255
2025-12-12 18:23:36.661481,Idle,-15.971268951361822,-18.841091228672667,-12.912098166925716,-11.722319859904928,162.97873867177987,-11.18385330174442,-15.029982943492541,-11.549093197932962
2025-12-12 18:23:36.665496,Idle,39.21834515646327,46.45012249413958,49.97003021463752,45.79197007465018,-181.85048797137733,49.4173826569031,49.02995360566092,49.669063372264645
2025-12-12 18:23:36.670468,Idle,24.397017138934643,15.335294383465225,18.202093961807805,24.6483755034933,-173.05456343443984,27.87649210370091,22.17149507629165,20.081703010162528
2025-12-12 18:23:36.673426,Idle,-35.92135237448224,-56.845699856074134,-51.57310289637098,-37.67690618015831,175.17416613983914,-34.91264962299829,-46.21588408890511,-46.93194120027874
2025-12-12 18:23:36.677499,Idle,-32.003135323385834,-36.32944659241548,-29.533459971672528,-25.525160474048334,210.99056746216502,-21.213530742923467,-27.725067807461528,-25.958944095650622
2025-12-12 18:23:36.681488,Idle,25.921964541938564,38.236210828559706,43.38414599486714,38.26206986519378,-134.28276872069455,43.30685090949737,44.85528692840762,45.36642510371075
2025-12-12 18:23:36.685502,Idle,26.911827717647043,27.16441653613947,30.74690386120801,34.57123930235707,-217.1639344924988,37.891292273720865,38.496307543822695,35.958099960936124
2025-12-12 18:23:36.689520,Idle,-32.06865077997702,-48.841063254138135,-44.125066158899244,-28.692630224942604,112.3946740669735,-26.252101156186654,-31.129724207923573,-33.56342379540547
2025-12-12 18:23:36.693544,Idle,-39.43803644729621,-46.90061930462252,-41.05172776282143,-30.87400739558325,229.41474845346056,-26.229254305213544,-29.275820384506005,-29.617793681057265
2025-12-12 18:23:36.698546,Idle,21.508589888550944,30.18508433732859,34.56854057607234,34.63277164337319,-94.640137192775,41.32012152290554,43.99870688831106,42.81817294309076
2025-12-12 18:23:36.701552,Idle,39.40931838630718,38.07926849520118,40.96904783748505,46.0893211659054,-261.1444213921495,51.61250805108466,51.821070176683406,47.35125447636892
2025-12-12 18:23:36.704553,Idle,-18.188474733570416,-39.33403037398966,-35.082727928184795,-19.687558820619415,37.50636481770016,-16.105199071498646,-23.95690868946258,-29.30388485309686
2025-12-12 18:23:36.709570,Idle,-44.38623835414705,-59.29149540614526,-53.07702385273842,-43.36958888980712,243.37290075046894,-39.32068449054168,-47.54695017492395,-51.031323548600085
2025-12-12 18:23:36.713589,Idle,7.939164661823497,13.845369687998755,19.46026345152859,15.115020942060937,-23.19863078232538,20.32734477181748,19.08078037219957,15.880775607715805
2025-12-12 18:23:36.717609,Idle,39.89060622122187,43.6582283730404,47.89405727564326,43.545475153513735,-256.8193693060434,47.719820120915756,47.69871956412317,42.8727794179249
2025-12-12 18:23:36.721574,Idle,-7.527648529092488,-22.707661238571745,-17.38333436136554,-12.12510950541855,-18.44005924574003,-9.661317209361187,-15.675643171435695,-19.480780606214466
2025-12-12 18:23:36.725615,Idle,-44.914957007417854,-58.39384774071186,-51.07382254116146,-48.96095796069653,241.7436172598609,-46.00255139224191,-52.69657238829495,-52.14046015293752
2025-12-12 18:23:36.728630,Idle,-4.017901445733145,2.73730365958545,9.268214170233023,-1.9999360841534326,32.00945665735708,2.191615511453165,2.7692767308567454,5.798928538472865
2025-12-12 18:23:36.732587,Idle,34.91203423908018,42.449167672801195,46.244679415212886,34.95888640375733,-254.69014717141727,38.068738349067644,41.316872152780434,42.63609755895868
2025-12-12 18:23:36.737639,Idle,-3.7586293949179,-17.427329505982925,-14.71023091185998,-11.712420441582253,-75.89713505879854,-10.485027558669572,-13.709096265150038,-13.900030748548488
2025-12-12 18:23:36.741655,Idle,-46.49705552461438,-65.38429776703742,-62.54814039700659,-54.65026756751172,240.1171129437348,-52.540853007543774,-59.49794890756948,-58.06835502882768
2025-12-12 18:23:36.745617,Idle,-8.308236487050962,-8.770586129841831,-8.15780950575845,-9.25313329928008,105.00913213057083,-4.871203208850602,-6.623678842624031,-3.9841937617211443
2025-12-12 18:23:36.749676,Idle,45.36041861267904,50.349440185957064,46.813223732594,45.23731507122443,-227.7318170037479,48.85227427009704,50.43422850714751,50.927882297362885
2025-12-12 18:23:36.752644,Idle,18.656223539211084,4.282883454970943,-1.0001323036512986,11.851166934037337,-135.03232948993627,12.023376450631986,7.940729471366467,6.338755049888732
2025-12-12 18:23:36.756705,Idle,-36.223689046666095,-59.32896764817815,-62.89495293075106,-43.431019413856575,210.8016097186396,-44.58092958269572,-53.07367761548949,-53.15594285320185
2025-12-12 18:23:36.760747,Idle,-16.58988956289801,-21.32569883299766,-23.154561490527385,-15.13639960303317,164.86331258161226,-14.260577127933175,-17.472803764598666,-15.120621535095324
2025-12-12 18:23:36.765744,Idle,39.29491785273319,46.59592618933493,45.145247636802196,44.7149393857253,-184.52826270899595,47.07293395264605,49.53407135178168,51.52182129719313
2025-12-12 18:23:36.769740,Idle,24.39291042828546,16.318375511855265,16.43442770465856,24.105996461180666,-183.62183381573868,25.637563789719934,24.39598903290198,25.18392642907429
2025-12-12 18:23:36.773828,Idle,-36.42998740036927,-57.02701305199844,-53.701056018886106,-39.27572735254034,162.206376480548,-37.93137092125835,-44.52686423091586,-42.65217472120412
2025-12-12 18:23:36.777777,Idle,-32.268770925813556,-37.993603972332494,-33.33346118148921,-28.0036181902276,201.36683062511202,-25.100587624071522,-28.210366513854524,-25.29952858821798
2025-12-12 18:23:36.780790,Idle,27.217361908069506,36.436875789320766,39.49856243428924,36.232091415169634,-139.79510764620863,39.037780514709084,41.900766477228444,42.36524702844417
2025-12-12 18:23:36.784744,Idle,30.987808568928017,27.31453354171208,29.992326042254206,34.257235544411515,-217.66512950376682,34.057966546635726,34.23271354640406,31.457481629478025
2025-12-12 18:23:36.788820,Idle,-24.90489134873951,-45.14278458861736,-38.97565057804161,-26.8764836721557,121.16813080233806,-29.04728729634735,-35.16050965024647,-37.085868544852474
2025-12-12 18:23:36.792806,Idle,-30.58730353423823,-39.59214593707111,-29.251602132780704,-27.56549759191489,249.13736872837308,-28.351238184618524,-32.47022199591834,-30.86520507029809
2025-12-12 18:23:36.797777,Idle,30.143581629586265,40.25308379721173,52.1440406753004,38.8714993886681,-69.79439710272709,39.450601484440085,42.003998227039574,44.53056485449997
2025-12-12 18:23:36.801844,Idle,47.501184294330756,50.43399297769429,63.070833360892266,51.75153916969862,-239.42922396906897,50.96970886361942,52.30037476649261,53.070783205316275
2025-12-12 18:23:36.805845,Idle,-9.903319289330625,-25.300470151472837,-10.22976149512624,-12.35209029115481,52.68285476775509,-14.054363473568628,-20.027041448930163,-19.21204289419711
2025-12-12 18:23:36.808870,Idle,-36.648638814243554,-45.9256827641575,-28.764500227815915,-36.32201045857937,252.87958545522724,-35.09785815268697,-41.634074608459514,-38.65288397472659
2025-12-12 18:23:36.812874,Idle,12.440529658818946,22.792674820427237,38.97815205793586,18.51670308901089,-17.920058839744797,23.993468680926526,23.46965148356344,26.551203629599513
2025-12-12 18:23:36.816889,Idle,39.29538107685585,45.84464806719825,59.84469301879244,41.8783304801093,-252.6177561424097,49.10980216936423,48.17626814989137,48.790081076182105
2025-12-12 18:23:36.820892,Idle,-11.49217782927576,-25.665413730101136,-12.034801029388746,-16.23657215197136,-9.236887854600809,-8.227950030411193,-17.63675073045897,-17.96342935243547
2025-12-12 18:23:36.824921,Idle,-47.216438104369104,-61.10419780476877,-47.49829179683593,-50.029247522623564,259.0881946163204,-38.967724609477045,-52.149677100711585,-51.24060370210873
2025-12-12 18:23:36.829932,Idle,-0.2174225253941131,5.505333595881893,16.3443635366134,4.140203871997983,52.12913555901923,18.69165593566595,9.86573935864567,9.952433393003048
2025-12-12 18:23:36.833929,Idle,44.50902761768998,50.97269012462857,57.85347837976997,47.1224398408242,-239.878562884159,61.498684424735075,53.335887435725255,49.69549824877822
2025-12-12 18:23:36.836976,Idle,6.888373862264416,-7.999765099692922,-2.2368596213123055,0.6276470289649296,-66.15910791232841,12.244944801407655,-3.2917065514367323,-8.639926045804714
2025-12-12 18:23:36.840965,Idle,-39.489055254618734,-59.991470190681866,-52.875376963567305,-47.36376997629873,253.56932511063405,-36.400663859687484,-55.8685179148444,-58.65414633296518
2025-12-12 18:23:36.844973,Idle,-5.022476758500034,-7.132592664002914,0.04882036292246994,-6.69633665745846,126.96755493499427,6.0802377611762495,-8.117694689081912,-8.448915417492117
2025-12-12 18:23:36.848978,Idle,49.18568591848634,53.10840671261212,58.94009305053896,48.02467399604029,-204.73915127943405,61.11852458583053,50.579159232346626,49.36179531043035
2025-12-12 18:23:36.852997,Idle,26.174884977277088,11.287650288598343,17.874264991097334,18.240097075102994,-122.55609640593923,29.454674124819576,13.740969613146518,11.463507845685854
2025-12-12 18:23:36.858079,Idle,-26.13569586130552,-49.76487947588703,-40.08938959843272,-34.7473695166093,209.51223604803147,-24.038512591957442,-44.072100546090155,-44.670288908657085
2025-12-12 18:23:36.862018,Idle,-6.58522228143147,-12.259820461682466,-1.0166076353261815,-6.935038787309168,154.9213097033936,5.495948127990232,-9.976994987759042,-9.307682117606873
2025-12-12 18:23:36.865003,Idle,47.82727931080808,53.48754166359004,63.73565818406496,51.00055732966689,-196.93053128553822,64.0850787774425,52.911730142271495,51.2204448544785
2025-12-12 18:23:36.869047,Idle,30.90299743510809,20.05719809025004,30.152135632039062,27.77970601890638,-193.5733434222018,39.654658099405424,23.25409423093572,18.796837324039416
2025-12-12 18:23:36.874052,Idle,-32.27330045704525,-56.855350573602664,-44.86246018462316,-38.56471998710185,159.08526037160752,-26.441760239201358,-49.059134138022046,-52.409938349241884
2025-12-12 18:23:36.877058,Idle,-29.415059806480258,-39.58512219846716,-26.996764070834615,-28.792290447561072,205.5466469550412,-14.388100961355121,-32.895923626985905,-33.45546787272133
2025-12-12 18:23:36.881062,Idle,31.82790138174198,37.173743267288955,47.51602872157855,37.595309786413736,-135.7832697258246,52.118515556015154,41.603728108564496,41.02788425525796
2025-12-12 18:23:36.885064,Idle,39.310369352954694,32.58946843380909,41.26071980713186,39.93846698546622,-224.19868616708084,50.99883201040939,39.906795420027606,37.72362706136005
2025-12-12 18:23:36.889112,Idle,-15.360867940068829,-38.59234106229678,-28.739785602723714,-19.83384582628446,101.5675435478388,-11.170151049745982,-27.704363562239678,-29.106154547861706
2025-12-12 18:23:36.893097,Idle,-24.240324649126592,-37.200934365267585,-26.191889287058984,-24.516140413064022,223.25484554895752,-14.2599731175942,-29.23708999592168,-28.589177936427177
2025-12-12 18:23:36.897102,Idle,31.955226434266706,36.938229834374624,46.633845078581544,36.0158472582591,-94.71907881723541,48.01392165239122,39.167179372907185,39.3455537558558
2025-12-12 18:23:36.902101,Idle,46.736035704616256,44.442225334870045,53.043525917274565,45.680399451393896,-260.666959864506,55.86455724363168,46.21686772859698,44.92550581729995
2025-12-12 18:23:36.905142,Idle,-11.848324242409603,-30.94660793424373,-20.433083426280064,-18.423130074911114,36.40255917119521,-10.976069971438847,-26.34495925692363,-25.383055663019036
2025-12-12 18:23:36.909122,Idle,-40.71631763353065,-51.360781514673135,-38.40236422594444,-41.93867431554554,243.3653322431294,-34.49764951019006,-48.17269880692038,-42.17303179892656
2025-12-12 18:23:36.913147,Idle,5.38615922147909,16.196858913657366,28.65439922104906,12.308652643831465,-21.152958824302914,20.74335594806371,15.488436286512751,23.47570201048211
2025-12-12 18:23:36.917151,Idle,30.761446504780338,38.48853202994934,48.94530621223839,35.121200748041474,-253.5580792182384,42.432682977908826,39.36084485860101,45.05385723489576
2025-12-12 18:23:36.921192,Idle,-19.005596298359876,-32.068924482402885,-21.942808023279213,-22.679511834222012,-11.50657902796047,-16.97195628291547,-25.35503352760975,-21.452911672112123
2025-12-12 18:23:36.925189,Idle,-52.38183692934952,-65.16977235017447,-54.92076329729389,-55.655966484551755,254.63793019778723,-49.15039558011813,-57.548008538499516,-52.940585515436624
2025-12-12 18:23:36.930201,Idle,-2.838073026680121,4.89352202594921,12.631931586568498,-0.017912065040036396,44.39766741557287,7.55895082745883,7.387839980578974,11.620354166505194
2025-12-12 18:23:36.933203,Idle,43.299721622733884,53.86071414232447,57.90829022140224,44.81042313707849,-253.22812473259,50.024226580726236,53.75219459008076,55.182114576289734
2025-12-12 18:23:36.936216,Idle,4.0403718553582735,-3.9676936554183158,-0.8030098155977612,-1.2995431034009925,-84.35566453146794,0.15528772674520042,-1.5741832804433216,-1.45119532245144
2025-12-12 18:23:36.941216,Idle,-46.84264568217554,-57.746484874827956,-53.099801935059986,-51.291821914581305,235.12108477863967,-49.79269136562448,-54.955654579645625,-53.10238014103044
2025-12-12 18:23:36.945221,Idle,-17.026420891481735,-7.414617815345082,-2.7743021836085973,-13.71656706570593,111.103504913895,-8.6253185798505,-8.8099073668634,-6.548215843435798
2025-12-12 18:23:36.949188,Idle,34.4786172967986,51.526321661940074,54.503999716729595,38.19855194186175,-219.16643218240642,45.24093559167834,48.48521913674949,47.4152705199902
2025-12-12 18:23:36.953252,Idle,10.169257855503673,9.170875301213982,12.353536537825676,5.522578754548704,-135.62487969475933,11.313087455766322,9.779507245583773,5.920439410276117
2025-12-12 18:23:36.958268,Idle,-44.10590356355917,-53.59131878298467,-48.0574626406833,-51.686270040659565,202.37610298257277,-46.906982614615686,-51.57178289887315,-54.10402110776687
2025-12-12 18:23:36.961303,Idle,-27.403902865540772,-18.847022679616657,-12.58897659451759,-28.583517474452947,158.12439396286663,-23.35231811290987,-21.686986167188024,-22.133224492091983
2025-12-12 18:23:36.964300,Idle,26.373961811812876,46.665391896601705,51.07133471405359,27.813323411212423,-185.73815885089834,32.106712013919605,39.87255001213953,38.20600274779093
2025-12-12 18:23:36.969287,Idle,13.683424460905712,18.32373578994884,21.943047369150918,8.674544862997664,-181.75039946827883,10.155114759229718,13.874637545274709,10.163559165918016
2025-12-12 18:23:36.973252,Idle,-41.764262949022964,-49.8800827769719,-44.34409755121669,-49.821301032263364,165.642581873763,-49.391345514173736,-51.72081664297184,-54.12684648871393
2025-12-12 18:23:36.977319,Idle,-31.926171910411995,-24.96644669743182,-17.951382837558413,-32.973655917220185,203.95952021965968,-30.84649085791125,-29.857217412619775,-29.514115951885096
2025-12-12 18:23:36.981331,Idle,30.8535835586581,53.37301111943634,59.52562062861307,34.94930039968904,-145.9052251340404,37.5206476359358,45.19073868328951,45.502527735723476
2025-12-12 18:23:36.986333,Idle,32.36229895633858,42.27963853270194,47.987257193429286,31.428949790999923,-238.26521545428977,31.329669508735606,37.37378435503297,36.28864178484173
2025-12-12 18:23:36.989338,Idle,-31.720497275347213,-38.785398190862,-31.312451289820274,-37.07760252755634,91.54424487760843,-39.14014857343045,-38.445251859636755,-38.258444120045795
2025-12-12 18:23:36.992367,Idle,-45.95181411697831,-42.44593185134272,-34.1132049375783,-45.89259951946951,220.1090910745229,-46.41264349642597,-42.80885435592336,-40.2135554053624
2025-12-12 18:23:36.998376,Idle,11.87997974469181,33.98925173989119,39.783489460702185,16.958223479502976,-96.9519846663361,18.497878835504707,29.83740950809306,31.256762089134554
2025-12-12 18:23:37.001334,Idle,31.671880598381108,45.976639169311966,48.72833430611536,30.522490435373584,-268.7375899509634,31.407153211063815,42.678840371803744,40.21713228993622
2025-12-12 18:23:37.005417,Idle,-21.95123463667875,-27.052570242097318,-24.666980890904597,-31.474832526962928,23.480962174934575,-32.05658174016935,-26.821960793317885,-30.56521210858773
2025-12-12 18:23:37.009457,Idle,-44.794388158661064,-44.93272757637078,-42.26806104321804,-51.865562216215494,231.12547845655263,-52.0325611703347,-45.933101028724195,-47.76949765759275
2025-12-12 18:23:37.013454,Idle,9.496843295507816,28.555695184109936,29.20666766332033,9.74558351741689,-31.449065534676265,10.021065391110824,23.48005377906884,22.14680512224527
2025-12-12 18:23:37.017477,Idle,41.54926002956887,57.24782272741868,55.63078213809695,41.195839371459215,-264.7712443237933,39.40529917785352,53.503852104663565,50.18808519820459
2025-12-12 18:23:37.020464,Idle,-7.808658576914496,-12.241462222216796,-13.012602515476829,-12.864418342921908,-22.866873214585212,-16.98728108398427,-10.344036310095362,-14.067883668808236
2025-12-12 18:23:37.024471,Idle,-46.53733572956217,-50.37418026726482,-48.96455130993854,-48.825768836779844,248.61714509618832,-52.22204559503189,-47.87917316662788,-49.41342664824788
2025-12-12 18:23:37.029463,Idle,-2.7065609667733668,13.494357265190047,14.341048945360853,1.0144437840010596,46.18965238828105,-0.3149398648411079,10.356106893333163,9.318103743606798
2025-12-12 18:23:37.033506,Idle,42.21572746513769,60.003044000541195,58.32940002351279,42.19363017678461,-248.23765650989753,40.5403724403468,53.664909951352456,49.99902960292957
2025-12-12 18:23:37.037492,Idle,6.509792649193571,3.979762883973308,1.819029006238452,-3.73014021792892,-82.39566315966931,-7.146370882818701,-0.49584451883220027,-5.417408109821054
2025-12-12 18:23:37.041515,Idle,-39.700074571126606,-46.58911946024091,-47.281710742210635,-51.444094017697125,232.35747647674316,-54.6319969636761,-51.53121270825977,-54.091443890389655
2025-12-12 18:23:37.045539,Idle,-7.376800189096855,6.111458270517687,5.319082121895917,-11.548858672629422,105.3293470286012,-13.719090866279657,-4.30428673793449,-5.065827194260692
2025-12-12 18:23:37.048620,Idle,44.031781079664654,66.2071789284073,63.75413135109375,42.152079392107,-226.05202764891055,37.5493655516666,52.826701381694875,50.375308366634044
2025-12-12 18:23:37.052542,Idle,18.686084334767088,24.383821209648886,22.214562332060268,11.34079769594166,-141.13346974048363,1.46293270176011,14.262166234450888,10.191689505807517
2025-12-12 18:23:37.057578,Idle,-34.78420511912168,-36.438068365276195,-36.34832703469965,-42.200369508836616,200.28039218217964,-55.159053724031764,-44.21562538429771,-46.63956608579019
2025-12-12 18:23:37.061548,Idle,-13.903600846392123,3.496259247223861,3.72587189969272,-12.662949797866304,156.59304044893133,-25.350024749397562,-7.602475433848667,-8.326272148527096
2025-12-12 18:23:37.065575,Idle,44.230301585565144,74.60405134291796,71.84408837583396,49.71426763489967,-192.9830004038049,36.70174383856465,60.838045799568135,58.3680285397013
2025-12-12 18:23:37.069587,Idle,30.356839216972844,46.061394525639116,41.09971843181302,30.601334840043876,-195.26706274569324,15.369076866873002,35.60084364098111,30.99188722028248
2025-12-12 18:23:37.072601,Idle,-32.741395502337014,-29.751397723881382,-34.23224657582432,-34.71211819311361,154.2242075858071,-50.46766787248271,-36.591385935927065,-39.55954298551205
2025-12-12 18:23:37.076613,Idle,-31.66238854471817,-14.385911521523667,-18.798503860864002,-26.3692490000426,202.86361834316585,-39.62691068920503,-23.15604306477053,-23.125038775257053
2025-12-12 18:23:37.080599,Idle,27.118827941221753,59.10426109602304,52.540356089930356,37.08424216446258,-137.4687873595558,25.499546634044236,47.824049209074474,47.633961207203356
2025-12-12 18:23:37.084631,Idle,31.293991423404123,50.285100578821584,42.38698359872524,35.18150689741693,-227.2971262084966,22.20868665209673,42.13653026443626,40.05743652542151
2025-12-12 18:23:37.089635,Idle,-26.112485839091846,-24.160186606255593,-30.591208869735055,-27.74411347991976,100.98120512714104,-42.042851602576775,-28.295087355517353,-29.494356930391405
2025-12-12 18:23:37.093643,Idle,-34.74337256790113,-22.23917828349113,-27.639447827054482,-31.2229177979315,230.1312042880354,-44.481238809546994,-28.81940674227917,-27.549386393231543
2025-12-12 18:23:37.096660,Idle,24.704382338059304,55.79138433682601,48.13887813789597,34.530706917531916,-82.73667569653207,21.802169789283653,44.17179956918699,44.88776086840926
2025-12-12 18:23:37.100655,Idle,43.70942143232992,67.01971659149604,56.498401433131676,49.995084826867526,-249.33427095198977,34.915862016356186,56.22252215039316,54.013069572369204
2025-12-12 18:23:37.104664,Idle,-10.815121041305702,-6.930173811451823,-17.57005277357075,-9.863526330468119,47.33713341228986,-27.078266458143844,-13.060629498512753,-15.74946501804061
2025-12-12 18:23:37.108636,Idle,-34.84805484520666,-26.168907170887906,-35.94085127322933,-29.36162806495679,257.78558343935447,-45.2946891116826,-31.990205553668602,-32.57813022552182
2025-12-12 18:23:37.112714,Idle,17.51027555579799,45.054460270179334,34.02993645991137,30.454345572165494,-5.809201534878184,16.65017149490086,36.128081060358454,35.5635894241791
2025-12-12 18:23:37.117712,Idle,47.91276739934551,71.61240105441357,58.809959464135545,58.39634745584351,-243.87654602917496,43.836115716456334,63.886693173784806,60.58276916074465
2025-12-12 18:23:37.121725,Idle,-0.9576290701436392,2.135869922052734,-9.836925772851373,2.237311697621749,-6.302777306412054,-14.220795604782325,-0.8813121253833742,-5.087204168034532
2025-12-12 18:23:37.124730,Idle,-35.978499198175314,-32.554291864067636,-42.718430833942875,-31.600669342537685,262.800175941073,-47.368449114630494,-35.78151408501344,-37.70670698748654
2025-12-12 18:23:37.128710,Idle,12.347988665656203,35.590647973387604,24.538063538309984,22.92314861809382,56.477803493648025,9.218331948573905,26.926097399678838,26.059454326639298
2025-12-12 18:23:37.132759,Idle,57.51283334083337,81.87762937665502,68.34149807950973,65.88975998914225,-243.67987273938786,51.90074998025011,71.44041380436829,68.46529488477063
2025-12-12 18:23:37.136775,Idle,16.102578453890146,19.558488609482083,5.90352982532238,16.331074905661126,-79.08212629607237,0.44923088169707626,13.085744064796017,8.929592052679709
2025-12-12 18:23:37.140803,Idle,-37.710619217166936,-39.12064165112315,-50.95936869613354,-37.24248807935453,242.88613251261546,-53.00769144217338,-44.18575145595787,-46.24071570702472
2025-12-12 18:23:37.144828,Idle,-10.06766812156468,8.200320470794395,-3.7785097087921713,-1.4795189784904323,125.89723588224615,-15.441699648050417,-1.148597389709721,-1.756995237794854
2025-12-12 18:23:37.149887,Idle,40.28135012482505,65.9249897621703,51.88830522259843,50.02061855370869,-201.42511833940029,36.202256699814825,54.42214072880779,51.607895159769214
2025-12-12 18:23:37.152825,Idle,14.88937811078199,22.252915879824286,8.211382526663328,16.7243738906335,-119.68249041602428,1.7067918616994575,14.872348705852346,9.651187119493898
2025-12-12 18:23:37.156848,Idle,-39.88087015712176,-41.60090934682012,-53.030539857882104,-40.86344797167868,217.22596394193238,-54.911791233962504,-45.857795990317754,-50.0660206281118
2025-12-12 18:23:37.160864,Idle,-21.48040162776101,-5.419565227886778,-15.366978521338297,-16.054760528762188,171.73655262926945,-27.334157278102793,-12.731247337232162,-14.828656557886461
2025-12-12 18:23:37.164879,Idle,34.927868705965125,63.051817808700434,52.42705475146613,43.156408114876314,-177.95256476287176,31.908867709576953,52.84962362068836,50.812494243232095
2025-12-12 18:23:37.168825,Idle,21.796855148456643,34.3933894354559,24.234726679408595,24.079632412042287,-179.52368879045872,9.383639074350867,27.18771402697348,25.261119651800982
2025-12-12 18:23:37.172890,Idle,-38.35528324347126,-39.26471387669517,-46.897969715248564,-38.57120470287795,173.01386173379115,-55.2170160564001,-43.120501901771604,-42.247724400947845
2025-12-12 18:23:37.177952,Idle,-33.156478783731245,-20.15853536061877,-26.948486689411766,-26.325806880156726,225.75230269257827,-40.887318863502514,-26.394662786074605,-23.24164801394113
2025-12-12 18:23:37.180946,Idle,30.28159430807284,57.9558776074864,48.5388070557774,41.27136787168024,-114.73670658342385,29.177423985323912,48.45332648594194,49.151289749337366
2025-12-12 18:23:37.183938,Idle,37.451217331396606,51.651630576910975,39.59046784548718,41.13928821616429,-209.96147873158694,29.168948792392257,44.39294083038885,40.48251897887985
2025-12-12 18:23:37.188952,Idle,-21.209617809378187,-25.56022903882149,-37.77125849398453,-25.163307189013324,114.0170037446562,-36.66444059792775,-29.467691501548416,-34.62023479117079
2025-12-12 18:23:37.192958,Idle,-33.55257784029237,-29.401081057061674,-41.9292050491249,-34.962892044156774,243.29568363939273,-43.51002096177035,-35.88050868544042,-39.39771145025816
2025-12-12 18:23:37.196914,Idle,24.33336051078527,45.518291772184966,30.19791549400543,27.03620459651654,-70.32340630886878,20.87845835961707,34.54320339688775,30.938916556668346
2025-12-12 18:23:37.201000,Idle,44.46273123339057,57.309532239842156,39.606886229005795,42.60223756962432,-242.7079429469557,35.500209697502214,48.324497546951534,42.854341194156405
2025-12-12 18:23:37.206002,Idle,-10.302687474474396,-16.702585669992914,-33.32882884812079,-17.310657774654487,47.37558445073762,-25.89090211313487,-19.503506200263928,-24.78983310046158
2025-12-12 18:23:37.209049,Idle,-38.090959737073575,-39.15150738601551,-53.646651274281794,-39.84266827953866,255.03089966539358,-47.025941337917175,-40.48634522223665,-43.79032819741968
2025-12-12 18:23:37.212035,Idle,9.622447095163778,28.159480232819988,13.258763767973505,15.744602893816705,-10.192532570438118,10.657020827140514,23.53825905084659,20.01335447550946
2025-12-12 18:23:37.217028,Idle,37.7800594913582,53.28370933799306,36.99978716269743,41.3068602636356,-252.5523874929438,35.40986734465514,48.146906344542,42.38556732627546
2025-12-12 18:23:37.221027,Idle,-11.68009212419463,-15.927143687324133,-31.01680430588658,-15.508793166616215,-19.50815122348331,-23.27424316174256,-18.269471092841968,-23.708905376829804
2025-12-12 18:23:37.225034,Idle,-49.23252798635345,-52.06043603017133,-64.4246836767179,-51.063225240416614,249.07151621434605,-57.670153370516346,-54.930123581094904,-56.93633703165628
2025-12-12 18:23:37.229058,Idle,-6.002171529278556,12.46727438893231,0.8615637352359045,0.10277823248202367,44.317920047190114,-3.4465602868913265,5.773511250268484,5.392855846022599
2025-12-12 18:23:37.233070,Idle,34.70287286234738,55.62564574038515,43.460414173408935,40.30318846459295,-256.73052647490863,37.32862817527166,49.31456931969967,47.02930972491032
2025-12-12 18:23:37.237073,Idle,-8.53957564448109,-8.336128594602087,-19.072443308787115,-10.632114727574617,-93.74782605139671,-15.385710103764723,-9.441716590401256,-12.71383810616976
2025-12-12 18:23:37.240109,Idle,-61.848702016025015,-67.55907630721322,-75.62050625377015,-64.72853386806992,230.67791486357623,-69.57912933455191,-67.11027015931757,-68.19624569215398
2025-12-12 18:23:37.244089,Idle,-31.329722468578012,-18.56230438683997,-26.435336784290485,-27.551946897774997,118.56778058125656,-30.44918050106753,-22.64442261534475,-22.477281258863513
2025-12-12 18:23:37.249130,Idle,24.622718373295868,44.324736966121236,34.54411585490925,28.952895426199348,-207.13709719796793,26.44334671699289,37.90168359882996,35.70704190081324
2025-12-12 18:23:37.253129,Idle,6.7246064553091145,8.33356804385221,-1.2627326937927137,3.7739354181094313,-127.78633461346203,-0.20201589475618675,5.966719985285437,1.7462046625614676
2025-12-12 18:23:37.257150,Idle,-40.98765797056693,-48.27238562096318,-55.058896860493405,-45.528356105040984,206.2685567078222,-48.91558948112106,-47.18782541229672,-49.59054823191673
2025-12-12 18:23:37.261169,Idle,-18.177162947361907,-7.847124955215804,-13.233417416913653,-15.406823095298478,158.11679740241584,-15.569201576179694,-8.891115750320296,-8.821462017678186
2025-12-12 18:23:37.265151,Idle,40.00266811266201,61.85937868076144,55.051801998177325,45.500991995857476,-196.56855156464826,46.64511803815549,58.77974376910379,58.21881819006967
2025-12-12 18:23:37.268161,Idle,27.784729314044938,33.340184541461895,25.568792528845734,26.31609388966649,-204.95735571804062,24.873362604424983,33.0000959971901,31.283459339700585
2025-12-12 18:23:37.272169,Idle,-31.22268358511002,-39.978182121544705,-46.83296693516604,-36.606052386707916,143.01830735994668,-40.738870585119,-38.574560457154575,-38.35091646354476
2025-12-12 18:23:37.277190,Idle,-25.547193343632145,-21.07727882293193,-28.29678788723868,-25.21781824814434,195.29416724826547,-29.662336694477744,-24.381101455225235,-21.742354440938698
2025-12-12 18:23:37.281203,Idle,36.430313375711904,55.03422423062693,44.614009946270016,40.03025949083485,-142.55908628256407,34.84821022228061,46.32147772977055,47.651913126719364
2025-12-12 18:23:37.285229,Idle,41.0743949208759,45.87173772849928,32.87998719909956,37.52618119304225,-231.36912759869233,29.33889058481691,38.27819123728136,36.65393441082756
2025-12-12 18:23:37.289234,Idle,-19.050985503940836,-32.582579966482626,-44.966832816267924,-28.396880010914174,103.99089507905273,-38.676501047139936,-36.63206253104022,-38.265611631517004
2025-12-12 18:23:37.293255,Idle,-30.96684401864391,-34.93914458275435,-46.20435625987557,-34.302554806288754,245.53909816627174,-43.64950199717259,-40.72799343663564,-40.65446235588797
2025-12-12 18:23:37.296241,Idle,28.582889715457895,42.92899025270026,30.70148926739239,33.09356179126962,-62.27481589945728,24.379207994415083,32.945837821472196,32.01555258033363
2025-12-12 18:23:37.300247,Idle,50.41908881512052,56.64001587181883,43.767416512779164,52.44032248509984,-236.27547234553958,41.48424331415026,47.88550049534206,44.244591740006626
2025-12-12 18:23:37.305269,Idle,-3.1362806634585354,-17.36111229064778,-27.81659296793623,-6.632800568469975,51.626345399881984,-19.374179177872975,-21.319714583785753,-24.391642403449623
2025-12-12 18:23:37.309285,Idle,-29.472842032093183,-39.68520355652619,-47.084960922085884,-29.513153489559954,260.67896313531674,-40.306821302821845,-43.39260566605208,-42.68436187235784
2025-12-12 18:23:37.313324,Idle,20.179465354163767,29.357040575203882,22.10925250291075,26.393687123237214,-3.0618858707186973,18.396021292502155,22.009516812278434,24.55817599733291
2025-12-12 18:23:37.317321,Idle,49.24717483973072,55.918044589066426,47.598091976084106,52.11194886379826,-246.35378834667154,43.82005930963078,48.796453931761334,50.201812191897716
2025-12-12 18:23:37.320354,Idle,-1.4896626523772056,-14.600403109903482,-21.451313213443427,-6.323120224019476,-11.900149702456929,-16.093004364101034,-17.7000999958359,-15.876559120348702
2025-12-12 18:23:37.324309,Idle,-40.9923037248373,-53.62082369033169,-57.50398321103421,-44.29694690336646,264.71830114178783,-52.593299677563664,-56.56649170177434,-51.49865331532874
2025-12-12 18:23:37.328373,Idle,2.5487143951068028,10.3896693456918,7.280820324051092,6.778951953931028,69.6946742484406,2.0498686482978883,3.4845240110125815,10.109471759808457
2025-12-12 18:23:37.332451,Idle,46.70450162985044,57.33299996209871,53.54609123325463,50.60121192967563,-228.67319848234865,47.737110414186645,50.74530971670811,55.40276794394913
2025-12-12 18:23:37.337452,Idle,7.17512279267126,-1.4706736176872255,-3.600832656096827,4.220833169731122,-71.5933829976716,1.8074211765579093,-1.8143160795334552,1.646134570533377
2025-12-12 18:23:37.341460,Idle,-46.23098399613798,-59.07526667364209,-57.713177311936306,-48.75177628692745,243.14476769610428,-48.88406023232528,-55.7423098095951,-50.203050998682556
2025-12-12 18:23:37.345444,Idle,-20.390777401047757,-13.610110045951842,-11.236409617431491,-15.198317290090472,119.97280184544798,-11.87396367495694,-12.710670714745902,-5.564636035413969
2025-12-12 18:23:37.348463,Idle,29.009986921499205,42.551691148058126,42.87960695894617,34.77689258380087,-217.2389531919771,38.79802814185996,42.02116567495705,47.56637991122125
2025-12-12 18:23:37.352387,Idle,5.2170152532515885,-1.230996959589902,-2.049720199232979,2.0943278722970717,-143.69450184252946,4.017802144087,1.7209848453385348,6.029682151150155
2025-12-12 18:23:37.356450,Idle,-46.29806419351797,-64.51129498425962,-64.32211556049333,-53.630815041753976,195.5700042346357,-52.37262609707204,-59.55837173461714,-52.95924886951934
2025-12-12 18:23:37.360454,Idle,-23.97755870300233,-26.923848677986825,-26.817736905146376,-26.190057029091804,156.8390557008811,-23.002555338589445,-25.390333581296545,-16.34788776167443
2025-12-12 18:23:37.365422,Idle,36.283957554767596,43.74803818131022,41.571001975078616,35.82969437779866,-196.18519031954793,40.02266117860336,43.12763652122521,50.92321193219459
2025-12-12 18:23:37.369500,Idle,24.92621347682217,15.727953411279486,12.36117463161645,17.47097388089378,-210.41294677083988,20.46506363483377,19.35210164827913,24.854505060316114
2025-12-12 18:23:37.372455,Idle,-37.37300021858505,-60.9931866926745,-63.168314985308825,-48.22589789895301,135.1880208486009,-45.21561950833848,-53.00527892134505,-46.87649352753078
2025-12-12 18:23:37.376520,Idle,-36.904800705704304,-46.90443478486941,-48.96871703447323,-40.78495512931477,191.22337733600034,-34.90920910531622,-40.86009398784063,-33.472243287209494
2025-12-12 18:23:37.380518,Idle,22.75736878460549,28.185934852698665,23.37455510455038,24.397336472924508,-146.9603308703522,32.71607572174639,31.223789298614065,36.22739777420611
2025-12-12 18:23:37.384538,Idle,29.02419177850595,22.39284221962589,15.549660702214169,26.25262329641737,-245.91182754972215,34.50689300316208,28.73050785419673,29.641127803816744
2025-12-12 18:23:37.388539,Idle,-28.995192108058973,-52.94349510721622,-58.30600870333001,-35.60836432726046,77.61988460125622,-27.013319036482926,-40.90439113391585,-40.82108217736186
2025-12-12 18:23:37.392589,Idle,-41.37234322346933,-56.16993700362218,-59.30855250559034,-41.94435221134427,213.88201214633818,-30.34006132281627,-44.01510447940109,-42.19777340091696
2025-12-12 18:23:37.397576,Idle,15.329366209123293,17.673648829040758,14.35100393826724,20.64518387787757,-95.84793718894207,34.980275361663644,26.383885522189303,27.879726537645183
2025-12-12 18:23:37.400635,Idle,33.84709697864815,27.343812608804,23.29050792381895,33.71278325084131,-273.24444793126804,47.49623842247951,36.06051390700031,35.33522424598323
2025-12-12 18:23:37.404621,Idle,-21.351670741838007,-47.993695332266725,-50.638878297588235,-29.76388843796667,13.519071162899309,-17.462012430166908,-37.76766351526385,-38.34659190342336
2025-12-12 18:23:37.408626,Idle,-45.82836263074711,-67.4187308446908,-68.44066980769276,-52.5351429852999,227.44681271212403,-39.45191439846877,-61.06940330449106,-59.22672052003418
2025-12-12 18:23:37.412612,Idle,8.559737259400436,7.433134331860856,5.429610405553831,7.626460618977944,-30.591635813078483,21.74905433683091,7.021250731478176,9.062385451122282
2025-12-12 18:23:37.416573,Idle,41.565030327166994,38.57786775988279,34.9464577330873,37.711392691786386,-272.82258645710226,49.896207395622014,37.10749995682272,36.8235697544942
2025-12-12 18:23:37.420636,Idle,-8.269764922584613,-30.612089292995734,-33.09000665926578,-19.328158570596315,-38.95947382465374,-10.094318157766793,-28.4519875461001,-28.738815607075594
2025-12-12 18:23:37.425687,Idle,-47.78603127408152,-69.01190284632685,-68.93167888602693,-57.57605275167134,239.30165762517026,-48.54074602729361,-67.68995258848645,-64.50227830518907
2025-12-12 18:23:37.428663,Idle,-2.5545066486435246,-2.722872350774196,-2.381763465797121,-6.067797081460412,45.27752721078559,4.31836683297297,-7.302324924228742,-1.9476502070147035
2025-12-12 18:23:37.431666,Idle,44.26874195996098,46.609602292335694,45.61875991438501,38.714839416294126,-255.37354293361705,48.40964133206944,40.49900139741658,44.579471987359284
2025-12-12 18:23:37.436636,Idle,6.051270318644967,-12.31439564709217,-12.627210910886788,-7.522682200587951,-99.07296159579982,0.5774380453117374,-12.541949647054935,-9.22168324557424
2025-12-12 18:23:37.440719,Idle,-47.84707430510382,-72.18320525454692,-70.25448436216902,-60.96500533826202,221.52977542647022,-51.29224433045283,-67.09500529937122,-61.88095397507823
2025-12-12 18:23:37.444732,Idle,-22.662125210804007,-28.238826388860616,-26.323347840012502,-26.94331620149569,107.50543882445254,-13.349610693333034,-22.90689504650254,-16.869012529310567
2025-12-12 18:23:37.448731,Idle,26.838366170159798,28.65449171986438,28.241736357773334,24.94353035650647,-223.4251342740256,39.771950931380616,34.646110555734595,38.30256079438459
2025-12-12 18:23:37.453687,Idle,2.9601466649790638,-13.49528609536901,-14.633475754289975,-5.536937780778771,-145.29282693121627,6.935504625504109,-3.340694883496326,-1.1988337755319662
2025-12-12 18:23:37.456684,Idle,-49.255713974988424,-75.52463762642583,-75.01602544100388,-59.46086141382375,201.30135083438563,-48.72076939734279,-63.870987121309554,-59.356487765523525
2025-12-12 18:23:37.459746,Idle,-26.731543265174594,-36.12055032638273,-35.16484255076284,-29.671854809649176,169.99127282933625,-18.438450618404204,-28.96940078033913,-22.09888375169703
2025-12-12 18:23:37.464805,Idle,36.01760034844676,38.15964246454496,37.27310151113488,36.16824899878702,-181.85659062195498,47.12839927379673,42.22514095616407,47.106285626603494
2025-12-12 18:23:37.468768,Idle,28.31920717222016,14.406305368764151,12.771893510585869,21.981984348762126,-199.58181875319235,31.215399150689336,22.587591206892284,23.76896157298961
2025-12-12 18:23:37.472785,Idle,-31.888030494932195,-59.95345812361302,-59.935133367866,-41.591814045459614,145.32642159931765,-31.87077786334794,-46.75195089578574,-46.31352058299399
2025-12-12 18:23:37.476735,Idle,-32.218659246639504,-46.294090574205256,-45.65071901914416,-34.9878300298501,204.26709516416122,-21.813457668135015,-34.44378872661218,-33.178401007389766
2025-12-12 18:23:37.480800,Idle,25.173133382435594,27.10230941003465,25.676725403574892,27.876464560485147,-133.0890787975699,42.490524809290946,35.40097563278505,35.139566966384336
2025-12-12 18:23:37.484753,Idle,30.006453622070012,20.300082483330698,17.683857634310698,27.912447739610343,-233.0564537805679,39.20318128694544,29.65761481822483,27.059673098464373
2025-12-12 18:23:37.487772,Idle,-28.003358374844197,-54.63136384048812,-55.06038334426921,-34.687447940803395,94.64400586125993,-27.200752609208394,-43.11549701349122,-44.74349210916307
2025-12-12 18:23:37.492817,Idle,-39.86606086794586,-56.13896675833712,-54.09243450925533,-40.96751038293314,241.17067652226228,-33.690796749318906,-48.013340840254386,-46.868245971173565
2025-12-12 18:23:37.497853,Idle,17.69436222653644,20.921594908015322,22.652547766856514,22.995438213100897,-61.29195433178734,31.129868120059655,23.733086805284074,24.70677966023868
2025-12-12 18:23:37.500864,Idle,37.54736729601791,34.505763984143414,35.42096851333736,38.902695408700765,-240.62818544813513,45.33352033527899,38.01676119131389,36.651209784059574
2025-12-12 18:23:37.504857,Idle,-18.1497732596099,-39.89254022316163,-37.22439772014877,-23.122721305536288,40.91908139875818,-19.00516963339396,-31.85886261057476,-32.85513551471695
2025-12-12 18:23:37.508823,Idle,-47.4597566727582,-64.17567021111063,-59.088910392349135,-48.96008772087316,254.8870316255111,-44.419348224485475,-56.06929871679313,-54.18622517640915
2025-12-12 18:23:37.512892,Idle,0.6994828159834015,3.8306204073633126,8.84359677381326,6.0536891242288675,0.3403154823290606,12.019578755205657,8.180204578443409,10.404916971487182
2025-12-12 18:23:37.515843,Idle,32.08958359422377,32.78196083757393,36.75275994611002,34.64908514166393,-242.1796329663598,39.7435584655168,37.06770247537952,36.47731558905116
2025-12-12 18:23:37.519922,Idle,-14.425723978447195,-33.8796415386023,-28.71612126483342,-19.55170722478988,-11.857340693615697,-16.119863586302927,-26.358262777290292,-27.931381208620678
2025-12-12 18:23:37.524935,Idle,-50.9229393514438,-70.22452477739716,-62.9423175021293,-54.8762843639783,265.3459710671091,-50.741688447519664,-63.943625277273895,-63.04426003821027
2025-12-12 18:23:37.528880,Idle,-4.932663200363095,-3.4837750043152482,3.304107707741423,-1.7521590715542033,71.2287178786828,3.729761668244464,-3.127206712192674,-0.6860686967520451
2025-12-12 18:23:37.532943,Idle,43.600096209979256,48.268049517946565,52.69928627932131,45.73616801290666,-235.1607160461067,49.49825132733349,46.49894581904027,47.37596261810677
2025-12-12 18:23:37.536952,Idle,10.175713515131065,-4.761787461862696,-0.9509432183504032,4.153386183219311,-89.7613412213741,4.650078139380639,-2.8823689993405424,-2.945253794223845
2025-12-12 18:23:37.539969,Idle,-37.35798901219141,-57.286837046483924,-52.6565901285112,-44.22908391037106,220.72878501526475,-43.86832358486572,-53.93819157107828,-52.16454489718694
2025-12-12 18:23:37.543961,Idle,-7.212154000422743,-7.482893166628855,-4.146677319115042,-6.5426770828800045,98.35667904546153,-3.3073212882191,-7.91169673665263,-5.286085746447952
2025-12-12 18:23:37.547996,Idle,42.62699858430915,50.38923432689808,50.47906029378464,45.29253125739979,-240.6062971883166,50.03473680468778,48.46535876731559,48.412898707922295
2025-12-12 18:23:37.551997,Idle,12.43837510607591,1.856854312150972,0.8529369703592238,9.006118520739392,-165.31927917334906,13.084837901662468,4.942766131414828,2.4905168434613643
2025-12-12 18:23:37.557022,Idle,-50.5778790120321,-71.52223850592782,-70.58768269945904,-54.59142673673023,189.14360063188906,-49.88142372406219,-63.758000010925116,-64.93366697604915
2025-12-12 18:23:37.561031,Idle,-37.185017165400495,-41.42864240153176,-39.265234147889714,-32.55484602458682,171.02186079994135,-25.64106777379675,-34.800993095672766,-34.256626425133845
2025-12-12 18:23:37.565039,Idle,22.537847820837214,30.151250955945216,31.32216494552449,30.960685139354155,-173.12694461355295,37.51417178894917,34.87266028272779,33.696739302166975
2025-12-12 18:23:37.568062,Idle,16.663285660249585,8.408286227329882,9.504497621002429,17.813649105578406,-189.48110755206653,20.577682241928414,15.309125579434294,11.622781693800846
2025-12-12 18:23:37.572070,Idle,-39.877674011630006,-62.32426616506018,-58.78882992774015,-43.912040855826945,158.1624192565805,-43.72663556556472,-54.191827515969635,-56.92708841751474
2025-12-12 18:23:37.576035,Idle,-35.09807335227197,-43.14527101133535,-37.670903809551646,-33.853913150169774,222.2807860541743,-32.42074966270047,-39.638864523506754,-39.949858468668126
2025-12-12 18:23:37.580083,Idle,28.506290379566053,37.573553891946176,42.5581851873917,34.31444653699964,-114.53637876940502,37.77372417487459,36.49577366521703,35.71721920940905
2025-12-12 18:23:37.585108,Idle,37.68923103997167,36.226466963040366,41.047601786360815,38.291216728616746,-220.92039146812567,42.03404874072476,37.58039809742172,34.92926051532493
2025-12-12 18:23:37.589133,Idle,-20.16095554345793,-38.238875064457716,-31.240277915706372,-24.47551701040993,98.96496878354174,-20.25351767587381,-32.31025447972729,-33.72235972354542
2025-12-12 18:23:37.593131,Idle,-34.56066276039928,-42.78351414955523,-34.17833474150581,-33.773963056000866,239.66027052599748,-27.717049787093856,-38.70841128944073,-36.72378489650805
2025-12-12 18:23:37.596144,Idle,21.012407274403813,31.361839889985276,38.41362652699854,27.28524115774144,-68.37181806742774,33.360243751047165,29.788337653191718,32.600625521588654
2025-12-12 18:23:37.600085,Idle,41.151331979197494,44.034461562700926,49.142597507144046,41.81871739195503,-251.9607698438749,44.29493671605451,41.52769808927586,42.79303684779438
2025-12-12 18:23:37.604160,Idle,-12.001398031782628,-28.872798382062683,-22.676784661709917,-19.68126020141608,30.532331219351363,-20.44955804082747,-28.49866885521351,-26.58290120494803
2025-12-12 18:23:37.608171,Idle,-36.94396763565965,-48.81991891467078,-40.295805900875166,-42.321062696835725,246.97685009660927,-42.1999271070199,-49.21988729213945,-44.276221830288705
2025-12-12 18:23:37.613178,Idle,16.32204546378216,25.50335516724772,34.23883028112914,18.248545292206472,-13.834997699579617,20.777707986526366,21.412380156876907,27.01092086810786
2025-12-12 18:23:37.617132,Idle,50.71086577897404,58.88653708644233,66.94125818453495,51.37819240412773,-271.67786665394124,53.52776992035433,55.7085591181758,58.67790188714753
2025-12-12 18:23:37.620145,Idle,1.9720711402687812,-9.389185207655828,0.16502679025052203,-3.4759286396638345,-51.293555136762734,-3.2410075531934126,-7.582141545629611,-5.878734713717222
2025-12-12 18:23:37.624205,Idle,-41.467146295443854,-52.838158640797246,-40.96087340124177,-44.746166365720455,231.41897932356187,-44.08309175451177,-50.50477905034836,-47.0261083153282
2025-12-12 18:23:37.628212,Idle,-2.3986031104304857,6.585852445376531,17.912430274218423,1.7201385268581362,50.25950571310932,4.264231173861845,3.8232028632992296,7.92108695364368
2025-12-12 18:23:37.632240,Idle,43.505713228163586,55.09826075486262,63.589516423649,46.24287256409025,-247.1311107076599,48.10715615992194,49.85104129190586,51.27382942520035
2025-12-12 18:23:37.636254,Idle,11.895685214403784,2.8553753621358737,9.78780647235726,5.960223148848854,-93.71266497531906,4.894609597649833,0.17105224683382403,-0.6686055830159603
2025-12-12 18:23:37.640267,Idle,-31.738079844895765,-46.94948543992723,-40.57069692562982,-38.93225267480375,232.201703028848,-41.117357709326825,-49.36879447238425,-49.71076975662072
2025-12-12 18:23:37.645298,Idle,3.2504488793128985,6.808262742044462,10.215517494363667,3.0189067684550537,127.38394533038445,2.019795938043899,-0.24839151402329662,-0.6963187049905173
2025-12-12 18:23:37.648278,Idle,59.80745830898741,70.79497296890122,69.34364634387839,60.33901803684603,-207.00662323347933,59.50909726010104,61.80056681311498,58.27407150066665
2025-12-12 18:23:37.652254,Idle,37.87695964003433,29.823564882820847,26.264453144342042,30.24608782984251,-143.46528831279647,28.278558484569658,25.335847991323135,19.453582292052488
2025-12-12 18:23:37.656292,Idle,-18.801101001427014,-38.049800998928504,-39.694292737329306,-29.473802202364823,196.7679334104705,-30.700338005975937,-38.92658156330799,-43.0404319464933
2025-12-12 18:23:37.660264,Idle,-4.282501317922652,-7.225624049731437,-6.6650659152219305,-8.012847852003688,174.57332616299936,-6.7639974468365835,-10.468597068544113,-11.770417894842467
2025-12-12 18:23:37.664322,Idle,51.899770026000624,61.27819908916837,62.43218343330045,52.206849799978954,-165.31446672505444,53.53417944939429,56.00189070233955,54.55727647311505
2025-12-12 18:23:37.668346,Idle,41.39162311497057,35.77332317887243,38.33322173552915,36.683505981445705,-178.0024343565765,34.863910902975476,34.458206387361315,31.99807734350634
2025-12-12 18:23:37.673310,Idle,-18.77667074099918,-38.16398507852632,-32.578911192935266,-25.522961531141846,169.02238563754327,-29.46718573491671,-35.166953096811994,-35.90808860275047
2025-12-12 18:23:37.676379,Idle,-17.447002184237135,-22.74511028935575,-15.818590189255701,-16.159069776285833,231.33400230076222,-19.09711212682305,-21.501061909662894,-19.972091897332575
2025-12-12 18:23:37.679430,Idle,42.72771073965487,53.85919242993009,59.104846271833594,50.236026512255194,-105.084877294943,48.26371182661205,52.11161168995841,52.39408341022863
2025-12-12 18:23:37.684424,Idle,49.77929288873747,49.66752915519373,54.02405014689248,52.54918996126435,-208.83219105053468,49.514435555962336,50.912691552151045,48.42250574305217
2025-12-12 18:23:37.688426,Idle,-8.870360543423885,-26.137248451467485,-19.138241682689113,-11.317889326057411,113.03156255976137,-14.32347102893982,-19.535334998335202,-21.34632764838716
2025-12-12 18:23:37.692430,Idle,-23.93885136820427,-31.358901204250742,-21.132435176512445,-21.57152875486645,250.57074142152305,-21.243500491355007,-24.61374902706666,-23.02049155259192
2025-12-12 18:23:37.696435,Idle,29.535147706325006,41.401080734406605,52.18367942262921,37.87090581801931,-65.48146910298965,41.38107068003046,45.42738884616483,48.406736308857944
2025-12-12 18:23:37.700435,Idle,44.482988121953895,49.742526446504826,60.38498084778803,48.63814857506259,-251.60170529020434,51.66284621340856,55.37934072717053,57.693353854467205
2025-12-12 18:23:37.704380,Idle,-16.219738499139567,-30.54696901470811,-17.742261557114034,-18.629380713124192,43.22183390617283,-17.46911839508175,-21.046233709786975,-17.33840182739914
2025-12-12 18:23:37.707460,Idle,-46.43239342738525,-56.31593073761496,-40.84199057764636,-45.283629531133556,278.9630688366451,-43.86040628095725,-48.292136014044445,-41.35208159745525
2025-12-12 18:23:37.712464,Idle,8.107175755032586,18.58945159214818,34.13421455439857,16.71156961736051,27.143444061997798,18.8713580749245,21.367076403966166,28.703588806925836
2025-12-12 18:23:37.716476,Idle,48.56972841983588,57.435999718282346,72.07694948589051,55.0709115544887,-233.18615098427472,55.219567413516415,59.722782252978504,64.1176948074899
2025-12-12 18:23:37.720483,Idle,4.955661237039749,-6.228733289507545,9.783109081228758,4.440024419596739,-10.24516038731781,1.5170517591668613,0.27893406785369734,3.158084224871345
2025-12-12 18:23:37.724458,Idle,-36.70963608211969,-47.83451653663633,-29.836759714939035,-34.72039876689814,286.07508351912475,-38.03348953480054,-41.012065265716046,-36.99864908269592
2025-12-12 18:23:37.728511,Idle,3.063023342470842,13.475524521397801,30.063320674296847,14.50865242548025,113.74780375095361,12.672490984250544,15.284132231884541,18.394719276049727
2025-12-12 18:23:37.732477,Idle,50.36968964508196,65.38060685560686,78.0226875277931,63.27913659112346,-191.76046318804947,61.442684018846194,64.9729796870979,63.29458657139003
2025-12-12 18:23:37.735541,Idle,18.894269262653324,15.117226252541968,25.651507071343076,25.34067397454055,-51.883906391391065,22.710370775012052,17.723506730995723,12.20935315011775
2025-12-12 18:23:37.740537,Idle,-28.906229899981554,-37.68830197616853,-26.908443223845097,-22.56265974256712,272.82964737899965,-23.6240703756539,-34.25552100138884,-39.30445600510029
2025-12-12 18:23:37.744561,Idle,-1.121743860377137,9.608122178465692,19.663691674302754,13.038610378162048,177.14535005679136,14.726512854165776,8.985650091881325,5.246203044627691
2025-12-12 18:23:37.748574,Idle,50.486018888939725,69.10114374944396,77.16350066197083,66.52086033817613,-153.77739355289123,67.94958572487849,67.18170802439818,62.253632022624515
2025-12-12 18:23:37.752520,Idle,28.243601004228367,27.54662805423459,35.7858985056173,36.97536806915923,-97.01907753734486,35.76695103997372,30.877479484321157,25.087048429692004
2025-12-12 18:23:37.756610,Idle,-26.978723719403206,-40.04497327196805,-28.933009779719214,-21.595200957095585,236.3543225704925,-22.73442168163274,-32.49833083973499,-35.7278271383766
2025-12-12 18:23:37.759591,Idle,-11.49335815419272,-9.915140075288491,2.9426639264365804,-1.1241087982307363,211.8906992599368,1.3333278650679858,-4.679990352125969,-5.079354176265042
2025-12-12 18:23:37.763611,Idle,46.35366651364893,58.3083275014269,70.2627241230839,57.2834813609461,-132.91490802647058,61.89184369928262,60.934666191766155,59.5262542892342
2025-12-12 18:23:37.767628,Idle,38.94574742896475,33.48152200677987,45.100938954174126,40.567447525127136,-156.39055321726119,43.49905709054474,39.048152378565646,35.14026944237412
2025-12-12 18:23:37.772572,Idle,-17.83115668611663,-39.65749601757807,-26.047682667402114,-22.267838197147285,180.6794499220905,-21.19282654423114,-31.17831719728747,-34.51301800520923
2025-12-12 18:23:37.776639,Idle,-13.983214528608187,-23.455270767103684,-8.339677764306543,-13.065856047318448,237.38295727739023,-11.194437381500393,-18.167721701060145,-19.08822787590543
2025-12-12 18:23:37.780660,Idle,46.29655794742848,52.93590653316187,67.35421316069369,52.50715099066838,-103.84448024557605,55.5645904150515,54.50632453079561,53.74329645872422
2025-12-12 18:23:37.784689,Idle,49.53965107988461,45.37407516617668,59.742387489272005,51.348034294371246,-211.1043301576192,53.95012339738241,50.13686487065752,48.23474300516136
2025-12-12 18:23:37.787671,Idle,-15.613136063036109,-36.60413060986093,-19.666626822263424,-17.967888725786906,113.96425576074398,-15.202105271284381,-26.035142149281455,-26.45756859028006
2025-12-12 18:23:37.791690,Idle,-35.99169345361679,-46.87958136046973,-27.827295245406276,-31.73387724408167,260.0713443017885,-26.57436282380513,-36.161033469003996,-33.50293162216258
2025-12-12 18:23:37.795727,Idle,16.905104267693787,25.965623325634624,43.77497741376828,29.491729870005656,-51.31683492290904,36.30476070079203,33.491658575792826,36.455921113317345
2025-12-12 18:23:37.800702,Idle,36.39511531080734,39.757231614846205,55.40752318370323,46.66175013084103,-241.5340009068732,52.18550106861585,48.45270603840436,49.43155603473588
2025-12-12 18:23:37.804721,Idle,-18.29566006006644,-34.23368479783949,-18.381714874376485,-14.45302115251252,45.27606659525736,-9.878822642325758,-21.550625861102162,-20.408433420067922
2025-12-12 18:23:37.808739,Idle,-45.9974031926522,-58.26374543033535,-41.59981496825094,-40.30748809972283,274.7873943963841,-33.02392795369997,-46.37300206582768,-43.08419992372637
2025-12-12 18:23:37.812754,Idle,5.93060149050234,12.99736000613666,27.93652606553769,16.768769095830066,17.645936948889357,27.656516000744887,20.271699278006054,22.961753880990727
2025-12-12 18:23:37.815779,Idle,42.14031429483475,47.430049493598744,59.79001485230219,49.397680789767946,-250.83338633664607,60.436101274741304,54.03570223649149,53.00847477797652
2025-12-12 18:23:37.819761,Idle,-2.210106972163885,-16.227963489992362,-3.6788694362312526,-2.5909750461823933,-39.817097825891324,6.27415911344724,-6.8066841292675235,-9.36728231217694
2025-12-12 18:23:37.823839,Idle,-40.07408716348118,-53.35367284683616,-39.004993151938834,-39.064550925013464,242.6108172405684,-30.98767174553359,-46.15542602810274,-46.05987795707915
2025-12-12 18:23:37.827777,Idle,3.5765581273444695,11.704136201540678,25.523377146755593,11.379996050995942,57.247999488874484,19.425639471170143,10.898380511868709,13.401919596040898
2025-12-12 18:23:37.832808,Idle,50.12296215594188,61.957781246252125,73.32072813964078,55.6861431181178,-256.8876627547279,61.402461400230095,56.65821499203139,58.62351270678937
2025-12-12 18:23:37.836809,Idle,13.103899604475828,5.050932982834638,15.794241744935789,9.04620982920278,-118.83818862620774,11.379787304036654,2.2069888796831947,4.119836665011462
2025-12-12 18:23:37.840820,Idle,-41.26487219812225,-54.878537674862855,-42.953891076456785,-46.86052245128667,208.17108585778533,-44.8440513504238,-55.87496409632604,-51.21342025209833
2025-12-12 18:23:37.843828,Idle,-17.54392881294052,-10.97351932604488,0.1993389093404403,-15.164608053648408,112.87215531051879,-10.715405412028304,-14.85331044173472,-8.338573188021655
2025-12-12 18:23:37.847783,Idle,32.74414899211206,49.251457869334445,57.41515955858995,37.903328177440926,-220.08162361102404,43.02787098402405,44.00118726005621,48.69071651024842
2025-12-12 18:23:37.851878,Idle,10.15125582217479,10.21309523657601,16.99688906979827,9.288204841810511,-161.40996853747583,12.306892978839642,8.915741633514699,11.784986706774362
2025-12-12 18:23:37.855854,Idle,-45.10758880237768,-54.52743857861424,-46.40113022850892,-47.33969683359555,178.97971184212474,-45.43775030562392,-52.88660541217905,-48.34960383256475
2025-12-12 18:23:37.860867,Idle,-29.10574334904277,-21.333477615327865,-12.61507737015927,-23.418659782985742,157.37402137013873,-20.328067904475574,-22.226828071487944,-15.697160888465078
2025-12-12 18:23:37.864826,Idle,28.888517580600364,49.415852164620446,56.561164307802756,38.678416041374476,-194.23092257361327,41.822973301755155,46.69493948074614,51.6956483987351
2025-12-12 18:23:37.867853,Idle,19.67209881177132,25.190394293424106,31.671930598638937,23.618222722418068,-224.11442878412754,24.140945391465266,26.727301557130886,29.250873228279488
2025-12-12 18:23:37.871888,Idle,-41.285440348219254,-49.86605754107495,-41.83400478788553,-40.56639863156579,119.81762600502111,-42.11369926563111,-43.71869009474722,-40.66477511131416
2025-12-12 18:23:37.875914,Idle,-42.22186116343653,-36.69944234868035,-28.240491193019807,-34.32361188548839,191.79090567500202,-35.62121017870686,-32.16926639817029,-27.740960079845536
2025-12-12 18:23:37.879950,Idle,16.049261268364887,38.765208426089885,44.83315394018973,29.979848407432655,-143.61182894666183,28.264270981436766,39.96029946598628,42.5245226972811
2025-12-12 18:23:37.883929,Idle,21.499572578591824,33.905439422205745,38.519187796785445,31.16852101034283,-258.0375878497082,26.66379622491104,37.15790008063777,36.655261964318015
2025-12-12 18:23:37.887966,Idle,-39.91694140174609,-44.30984056893885,-37.21477032117491,-34.31935194875132,65.85904905792495,-40.61288204256516,-37.02982517169494,-37.00054905075149
2025-12-12 18:23:37.892953,Idle,-57.716833088180444,-52.35113095035922,-41.85478512715417,-45.6320116251768,229.83006635438733,-50.27333567330288,-46.359335887712405,-43.53589307927996
2025-12-12 18:23:37.895965,Idle,-2.3187712007189987,22.209687736018168,33.209250540512585,17.12420867328251,-60.14781823843418,14.418898288084677,24.34774619452037,26.710840545541032
2025-12-12 18:23:37.899969,Idle,21.33433964803521,38.86888785250267,49.02387816209466,36.60804973608674,-248.29717692968097,32.938313355307024,42.308128472810495,40.77301086906118
2025-12-12 18:23:37.903976,Idle,-29.180516136800065,-32.10552594205183,-20.973603598259615,-21.923230482379495,24.193538952640665,-27.11366254051694,-24.11988080145511,-27.78311642664721
2025-12-12 18:23:37.908002,Idle,-55.89685547537306,-55.017021488178216,-42.43227984914665,-46.74315446603964,246.85185605139168,-50.8223399214163,-47.43629960913404,-49.960572828443674
2025-12-12 18:23:37.912004,Idle,-6.337459557919601,15.411917186980645,26.938656383904345,9.647918832837831,1.6958099011526429,7.247821606087427,18.415581598706012,16.34296520289263
2025-12-12 18:23:37.915960,Idle,26.955093651104903,48.299512325533215,57.68312147577353,41.14506572828566,-249.75665716641424,37.498620552086095,51.04017934710555,47.315851773060785
2025-12-12 18:23:37.921040,Idle,-19.211033522101616,-17.520006746599392,-8.062464262820413,-12.153662791262036,-34.287128236302124,-18.244012106437367,-10.266914629918574,-14.259502467514267
2025-12-12 18:23:37.924063,Idle,-58.09637036719823,-57.36043174196311,-46.88621033811205,-50.38291173984962,240.90652341631812,-56.088407983280376,-49.53596272198229,-51.37308462821284
2025-12-12 18:23:37.928063,Idle,-14.658375241093836,6.074365058560943,14.737277436848899,-1.1555574454241544,53.204951882940804,-4.653090832668113,8.28093371632167,7.0077768613962235
2025-12-12 18:23:37.932054,Idle,33.041968396836296,56.9741924313621,61.702850455180396,43.638275852862535,-246.67272603857782,39.82179316757083,55.11041926718826,51.189284993749425
2025-12-12 18:23:37.936007,Idle,-0.5664201008191867,3.025076472105866,5.642776485020249,-0.16474354611608533,-87.16301108665084,-6.828661293161531,1.7517547236802784,-3.907486199469531
2025-12-12 18:23:37.940094,Idle,-47.52917648913069,-50.66089188875867,-48.26906368745562,-49.64449930753403,244.42560980798135,-57.57497774662261,-52.983347130650145,-57.07534846497333
2025-12-12 18:23:37.944097,Idle,-12.914314220772894,2.203278034658979,2.7629543942341,-8.664284807767103,126.61805909098439,-15.372716257608772,-4.861324185952071,-7.767799952891437
2025-12-12 18:23:37.949123,Idle,45.40943710958709,67.68443212722923,64.82105444820513,50.10322694983165,-233.09423923456507,44.00568029771421,59.685507078147566,54.986800524879186
2025-12-12 18:23:37.952118,Idle,21.24635157180819,23.50562945995989,19.56879547822996,16.919954456433516,-173.2289792531992,10.227328210517953,21.54640635680107,15.89250761763958
2025-12-12 18:23:37.956114,Idle,-42.728945700068834,-53.336212072922535,-55.354394328700664,-51.487872098678054,194.02077228933194,-57.08848398340069,-50.44816974236346,-52.95782677728755
2025-12-12 18:23:37.960178,Idle,-32.445801028413484,-27.651604721414515,-28.928304361834762,-35.457387467195076,188.48294702706244,-38.31427764835098,-26.856123753329484,-26.0529473540675
2025-12-12 18:23:37.964151,Idle,28.372667974121327,46.07515131676064,42.48998967133139,28.79170749539753,-176.48394051253308,26.265936232671265,44.13468362854201,43.667494413510724
2025-12-12 18:23:37.968159,Idle,25.210165203652252,28.895533226050247,23.131504438016236,20.457725799285527,-221.59502564976083,14.904624548686115,29.908734560866378,26.10187952076017
2025-12-12 18:23:37.972170,Idle,-33.84150608010543,-43.63891206417338,-49.588268609554234,-40.524725625886276,137.19908167150152,-48.13188185393119,-39.04465895709518,-43.32407487235929
2025-12-12 18:23:37.977187,Idle,-35.49005758676316,-31.141941255829806,-38.17096992309689,-33.96687795418757,239.6638078775768,-40.44926520349327,-29.030246263765775,-32.200765370449005
2025-12-12 18:23:37.980146,Idle,26.35049577462115,47.629990381647985,36.766714687666536,33.83013285306333,-90.97129175722512,28.1630654155706,45.2372413556493,40.435991411477744
2025-12-12 18:23:37.983211,Idle,40.51165504747934,50.923072191291794,36.67309536974972,42.15804174939649,-233.38147413497063,34.65677765610417,48.935291675045846,40.91051952557291
2025-12-12 18:23:37.988224,Idle,-13.7002336812198,-20.826489631185723,-35.131457450349444,-18.690438019655176,66.69567993052988,-27.32941246363316,-20.644335180055805,-28.84254242842951
2025-12-12 18:23:37.992231,Idle,-31.05836032193207,-28.81764250372089,-42.19881867796903,-32.050055612596225,237.65711171056682,-38.27189663946774,-31.620637652851883,-37.21743894539077
2025-12-12 18:23:37.996243,Idle,20.2585939774076,41.98213319953629,27.48236070893836,24.95036398308548,-34.176265934793264,21.670066234930346,33.93212956201796,29.326134515741842
2025-12-12 18:23:38.000198,Idle,41.11207920503483,56.45768332143234,40.562918212986006,40.808775412765044,-227.17768322021584,37.358358631901865,48.68869639775835,43.21232209818754
2025-12-12 18:23:38.004261,Idle,-9.01407457216338,-14.031684661831605,-28.74143137244755,-17.61910593217226,18.33487136891563,-22.48302237257849,-17.763668118060195,-21.924258532706517
2025-12-12 18:23:38.008276,Idle,-35.04763881043988,-36.840807035982834,-49.53931213217584,-41.70461512727343,224.1870473521176,-45.86432110471651,-40.94947677082803,-41.44792642371863
2025-12-12 18:23:38.011289,Idle,12.863124074734444,31.32481890359668,18.092700162684196,13.308424009144801,-10.51994648933578,10.648733194484521,22.895471172068767,23.737433967317884
2025-12-12 18:23:38.016295,Idle,43.14366998180714,60.933870403948276,45.60396659656726,41.94457904826049,-243.18440910792924,38.55278063558217,52.02130833649272,50.86399119583848
2025-12-12 18:23:38.020308,Idle,-4.625376208254849,-6.7782527479830605,-22.670271684657564,-13.290668364104022,-25.544870508789245,-18.45729426187245,-12.440388385354353,-14.270259746261672
2025-12-12 18:23:38.024330,Idle,-42.523985300612146,-46.22216554257466,-61.89625197944406,-51.020431403472685,236.9521203527711,-56.03248189508122,-53.111995450743336,-52.43660936887818
2025-12-12 18:23:38.028283,Idle,3.16748358722122,18.982885299377813,1.4810225231249206,0.8306167045357142,41.90373431777516,-3.2479606860106287,5.647945195441082,7.801831922824931
2025-12-12 18:23:38.032418,Idle,51.878577205794315,70.82661066623041,50.627300707799805,48.38202507218102,-251.1685176226074,42.922308775965575,54.85961729448786,55.169328307330034
2025-12-12 18:23:38.035429,Idle,16.265049947005707,14.761897108137418,-5.374835753802472,5.091290209408726,-81.72526072512665,-2.7175970862626855,3.1689065861662584,2.0051469650652507
2025-12-12 18:23:38.039408,Idle,-35.137113129413365,-43.92273952922187,-61.84355838756346,-46.35371313707765,250.3948656187622,-53.54435577938784,-51.71569693418871,-51.563780234973365
2025-12-12 18:23:38.043415,Idle,-4.499393741440805,4.548541203805144,-13.137599967716596,-6.988009471861005,125.79987462833196,-11.306313340961424,-4.0763983142112465,-3.239673081525325
2025-12-12 18:23:38.048354,Idle,53.18954008356684,69.96871869874121,50.042044420119055,53.62932838311008,-236.30683128076998,50.00895282203783,61.935228138368984,60.284214022423384
2025-12-12 18:23:38.052425,Idle,32.228142005766486,30.269558767238777,9.37625695510178,25.864305707536914,-169.0972595604926,20.355488361761672,27.529178883753048,23.551083193324757
2025-12-12 18:23:38.056437,Idle,-26.271196504848,-40.24878838976656,-59.90986310563858,-35.998185923810524,207.5604633443254,-41.932048381351706,-39.967205664480616,-43.17956229030369
2025-12-12 18:23:38.060456,Idle,-10.313857256305397,-9.030730240890989,-28.83031423252214,-14.867687104053402,202.45865386789228,-18.842803358857054,-12.843015009181727,-15.210120254077083
2025-12-12 18:23:38.063451,Idle,54.21991934779612,67.5445219258645,45.03567901605675,51.01824461879369,-172.18168129706282,47.46451307858115,58.93430306799792,54.39745004539782
2025-12-12 18:23:38.067445,Idle,51.109937372793894,49.16217864451664,25.164834870261984,39.550029697898026,-228.69789151895566,33.469972958608196,41.33152971714435,34.77738310910718
2025-12-12 18:23:38.071451,Idle,-11.624104133806156,-28.36696628383106,-50.487715599087096,-28.827635653707148,122.34208780460904,-36.42028628485605,-34.58412894708863,-38.90509285320604
2025-12-12 18:23:38.075467,Idle,-19.55263553141907,-23.038599606657044,-43.134134976040514,-31.888412094241176,217.99568291516152,-37.65682734335678,-32.849161141113655,-33.184767970124085
2025-12-12 18:23:38.080430,Idle,33.74158884897622,46.88644131264391,26.385389666786068,25.29081716233941,-119.42258902786853,21.543837776689543,33.003869192274124,33.44746426021629
2025-12-12 18:23:38.084495,Idle,37.06159514445744,39.299959987484726,18.56095248327256,22.354022559800796,-262.2838188700298,18.574865776423394,28.08749856476925,27.172377127626532
2025-12-12 18:23:38.087511,Idle,-27.46182978570289,-42.78474961581105,-61.01204852437513,-47.81821511390626,44.906352361684185,-50.77319596654888,-48.26203006396281,-48.06194051696093
2025-12-12 18:23:38.091523,Idle,-49.51452644335768,-55.37621358263095,-70.86750182970718,-64.03311410585775,218.88802689436488,-63.12225234984726,-60.17821074225503,-57.04131158556174
2025-12-12 18:23:38.095523,Idle,4.131296036693357,18.048523859721172,2.325228127239825,-2.5113465299746167,-61.5911666552056,1.9539330435436568,10.696249439485655,13.764269205851633
2025-12-12 18:23:38.099528,Idle,29.411747890222387,37.28314821096956,20.0676418685689,19.916260299110945,-261.9929914291333,24.214246036395707,31.542425606834513,31.490092883183024
2025-12-12 18:23:38.103549,Idle,-19.220809153816845,-31.518029393299912,-48.427921805803635,-35.5165319603002,-7.182000606895599,-32.75012430174684,-33.29146330797266,-34.553630325001905
2025-12-12 18:23:38.108556,Idle,-45.04866420539838,-54.10896472636978,-70.22199338082646,-59.15279846570411,213.33073586089813,-55.731353783648956,-57.61171036429005,-57.08650937868242
2025-12-12 18:23:38.112571,Idle,6.332164477562628,17.217835624520376,-0.4134357434923004,-1.7324464935663855,-26.878114248367638,2.660312189205797,7.241248981900753,8.357322409037806
2025-12-12 18:23:38.115585,Idle,42.21042111801421,51.66606970485009,31.756224072149053,30.8177320804607,-280.98636441291274,32.747223828553615,39.05869162745603,38.65529475828771
2025-12-12 18:23:38.119581,Idle,-3.956943972293402,-15.321089665968884,-34.801873035954486,-24.125754729237087,-64.24122758969679,-26.601771529825783,-26.119398657712736,-25.721361452870042
2025-12-12 18:23:38.123613,Idle,-46.486231526756,-59.809578007414075,-77.23121887003072,-66.75797798247368,232.19008992740964,-71.26704238669845,-72.26328636787821,-67.6521499370765
2025-12-12 18:23:38.127611,Idle,-6.060652017871689,0.2969207497471871,-17.360057479501847,-19.56449999034521,67.63242758537308,-23.862828616251136,-18.035797358673335,-11.046040197734328
2025-12-12 18:23:38.131581,Idle,43.28986694280138,53.23020804238104,33.274828473127855,29.40592240609476,-239.68355329631595,24.284176542492787,33.61213495354423,38.44554021203112
2025-12-12 18:23:38.136637,Idle,12.825991692139723,3.097838440050964,-17.442882282201026,-8.159705497024333,-110.38192568717932,-14.693920443334719,-10.568420526092268,-8.017445915573262
2025-12-12 18:23:38.140669,Idle,-36.63198505174023,-52.1408241213735,-71.25238681717383,-57.1209661941939,213.8587070042613,-62.311360350477116,-61.12518367107259,-57.654837387644875
2025-12-12 18:23:38.143658,Idle,-10.49176178341986,-6.205818339804409,-25.3855342837669,-21.609299768644632,128.41910606688725,-23.351948126359275,-16.378027567988283,-12.365688615607723
2025-12-12 18:23:38.147665,Idle,42.877933670626135,56.29292477005811,34.98694939397319,35.48815320423273,-201.7381453436119,34.9269940852173,45.65827209957024,46.280646753832116
2025-12-12 18:23:38.151660,Idle,24.889855340454233,19.884287576659517,-2.1032324518055248,12.01479272089091,-157.99417542301853,9.57748836958308,13.70330458016997,10.007651037194591
2025-12-12 18:23:38.155634,Idle,-27.389272775690642,-44.26895883783891,-64.40439864026848,-41.17695540975183,169.9998249883556,-44.74565912429898,-47.83671910714929,-52.80376465343761
2025-12-12 18:23:38.159695,Idle,-11.63911554845663,-11.756215657364237,-30.668828663867316,-16.342516320066352,161.05325183451532,-18.9712866882237,-19.647924084509214,-24.703947768381113
2025-12-12 18:23:38.163706,Idle,45.897968820348524,60.83167199578543,41.214372191010625,47.27311988909423,-162.88288054694385,44.383933618260926,48.24950901410921,41.07278875606062
2025-12-12 18:23:38.168721,Idle,38.22020353547032,40.58778845667621,21.312033356902248,35.268497212589864,-181.89908558082243,29.655234324727644,29.72866935586171,20.625595630503085
2025-12-12 18:23:38.171733,Idle,-21.366951721363876,-32.90636476441591,-49.35599522420307,-27.498372840884258,142.42653162284296,-34.87845394640499,-40.514405592519324,-47.69424836502549
2025-12-12 18:23:38.175742,Idle,-23.252145686748463,-21.687735041197584,-35.836507361906115,-22.86670634254733,186.8677406902625,-29.359365163982147,-31.580465706316318,-35.155896006706826
2025-12-12 18:23:38.179761,Idle,31.91994608921732,50.5797067500755,36.374860856427404,38.06700530354101,-147.9867045203937,31.948893979559216,36.73417984593925,33.862131691415925
2025-12-12 18:23:38.183710,Idle,32.83874134975122,41.59287458470783,27.832641715547652,34.215941506316085,-227.18337552769663,26.092649718295434,29.369059621249107,25.294843771904198
2025-12-12 18:23:38.187764,Idle,-31.877925993320787,-40.72302522499342,-51.51878638066046,-36.85410657649663,125.33479421236552,-46.21587959228418,-48.91034085677984,-51.80981554346181
2025-12-12 18:23:38.191772,Idle,-46.92583289431241,-47.90082203462228,-56.32407873375996,-49.42996581875923,264.51842090009995,-56.89351108957635,-57.189053846631396,-57.213183617621326
2025-12-12 18:23:38.196755,Idle,16.72238542868945,33.645322476732915,24.13739829423139,17.842387546568716,-87.60954588754612,12.48128821841783,20.5183587520969,20.79119190963138
2025-12-12 18:23:38.199812,Idle,43.81731260371362,53.690188584482144,42.38901255597739,39.14698631284409,-299.37588943782976,33.13258570297512,41.90891771684528,40.37048130846415
2025-12-12 18:23:38.202826,Idle,-15.545363923294644,-25.987478068115024,-36.24196611105435,-27.899300825642058,24.860217961744638,-34.91821432447614,-32.774322340283106,-33.69055524190844
2025-12-12 18:23:38.207774,Idle,-53.555114022123234,-60.39656551797691,-68.82821373514162,-63.414737884668284,305.3652324488303,-68.70368859364862,-67.0312318178394,-65.00037288404747
2025-12-12 18:23:38.211852,Idle,-1.5458755254330754,12.362329474317221,2.7412834228343854,-5.046080895435807,33.87588551696717,-8.101246823525798,1.241831552099029,3.6253174974808644
2025-12-12 18:23:38.215851,Idle,45.787008657000115,59.308560738143115,47.16945737568676,39.35397975995693,-301.6841230250193,35.688782808754695,47.92644971441223,47.60369514008198
2025-12-12 18:23:38.219866,Idle,5.305958018318961,-1.0796734858633954,-12.67621194687672,-8.212313725649437,-106.75347462975515,-13.35566876723533,-6.704596148406381,-7.3466443547749805
2025-12-12 18:23:38.223870,Idle,-45.38371289018505,-53.01467527941986,-61.6802205099375,-55.48800408014722,251.9069782480401,-59.37857887016435,-54.71003859902794,-51.602408704877234
2025-12-12 18:23:38.227832,Idle,-15.022067712538956,-2.357457330618672,-10.11818224853414,-14.279042848460449,137.10480723662477,-15.97886490826022,-4.7086263747251,0.717363035057133
2025-12-12 18:23:38.230890,Idle,36.136720658170816,52.66115139880458,43.47631523452583,39.400091080213315,-211.55002218184745,36.4391447445596,51.60894105436364,54.548212117910225
2025-12-12 18:23:38.235906,Idle,14.791859512921292,11.230915790978997,2.2345202455289837,12.22202238880709,-160.57518295628506,5.358501064400116,15.503422254665566,15.488566730016828
2025-12-12 18:23:38.239901,Idle,-33.269347171686604,-43.50380009982291,-49.940422116971604,-35.010646212478605,158.2973726266173,-43.51929675659085,-37.35493056710129,-36.57349348234311
2025-12-12 18:23:38.243945,Idle,-16.744169930841053,-7.807315564931741,-12.981031794988667,-9.273876125926108,149.3523660959945,-16.28216404183695,-6.5913658034533,-4.083547813070254
2025-12-12 18:23:38.247981,Idle,28.457809988003646,46.60901371515456,40.045968096208526,38.61900826479359,-125.14159903708969,32.32134323464743,43.38192355890624,44.65590209924267
2025-12-12 18:23:38.251945,Idle,13.813608449277126,14.149634155855892,6.593012799316057,16.275798506243518,-115.27027604451723,8.554613018985037,11.742496535403916,11.067119705208825
2025-12-12 18:23:38.255902,Idle,-29.49078677307807,-40.32842836192913,-46.825708629232395,-30.70843059314211,144.4530593176314,-38.86956134080174,-42.52282196125907,-42.063842618023045
2025-12-12 18:23:38.258930,Idle,-11.90802962734233,-5.778747576887326,-11.316402597274646,-6.5281371001710795,125.47357014921727,-13.110454444095012,-12.644928297946535,-9.78200260333324
2025-12-12 18:23:38.262982,Idle,37.54875056061792,57.791586506054955,52.11872228247921,46.935932292839425,-148.10594004602717,40.82872728375514,48.00254139959361,50.71115534228829
2025-12-12 18:23:38.267993,Idle,21.4487452770627,27.168361761778215,22.579162265306877,24.72913605327085,-135.4741005022188,17.09262133561606,22.170188308560682,23.40788475755471
2025-12-12 18:23:38.271990,Idle,-37.966296946462535,-48.03216310828793,-49.64712448952923,-39.17374967611249,158.11275223597477,-46.63000354074575,-46.480627935158736,-44.5610456916902
2025-12-12 18:23:38.275975,Idle,-33.84928791385664,-31.716693081894846,-31.57429177394988,-29.30704639229225,154.08372441696702,-33.23284200114813,-29.716131173654503,-26.13252981637106
2025-12-12 18:23:38.280039,Idle,24.01499067741497,43.014417432927985,42.28958617051285,33.76089059758306,-185.9661313974284,32.74892447360071,42.66123208094541,45.54712279940304
2025-12-12 18:23:38.284037,Idle,22.454300606954348,31.112943692875888,30.126839447353632,27.0659425701906,-231.69224914333972,25.220847106499605,32.661633035289015,33.81855121446824
2025-12-12 18:23:38.287074,Idle,-43.63496911647053,-53.33998726074242,-51.78132625764192,-44.7328279025005,141.42824746313636,-48.37283702943478,-48.15471961651474,-46.100965994251055
2025-12-12 18:23:38.291074,Idle,-56.744764482084975,-58.917995277251975,-54.943925894174754,-53.060239561091294,267.062654570851,-55.849296187025175,-54.81930161586297,-50.625052114200116
2025-12-12 18:23:38.296031,Idle,6.91280027292396,23.16455143550229,26.572202806566565,17.500102153582702,-103.85892313300428,16.95359338979415,24.39720130891692,27.55766085859159
2025-12-12 18:23:38.300082,Idle,30.53005185924485,40.6317462628931,42.77879043048051,37.92762613702689,-314.9823233100833,38.49683838486726,44.68263712782846,44.44423440872379
2025-12-12 18:23:38.304094,Idle,-29.628258654191086,-39.45762323010058,-36.274882436375265,-29.107229347078828,15.97640622127983,-27.361679979455403,-29.32689731971641,-30.356902683576664
2025-12-12 18:23:38.307121,Idle,-63.2217331498523,-70.08802187478886,-65.57401280322665,-60.86963739210114,294.13020390026395,-56.39983843729988,-59.5118628834507,-58.49027839666542
2025-12-12 18:23:38.311102,Idle,-8.308386326230902,4.22460072724607,7.171120891767714,-0.5538628320018688,27.41082191190253,5.546664668630001,9.900391551496796,11.155650796241389
2025-12-12 18:23:38.315124,Idle,35.70890254986807,46.611174298080186,47.10129676460019,39.854852760243375,-283.78404301343835,43.99962301946016,50.781570305996865,49.838291535874305
2025-12-12 18:23:38.319139,Idle,-7.881195349853442,-17.451200977013286,-16.319726319063193,-11.720937270600189,-76.5558737136289,-10.066846274625277,-9.870642663358012,-10.92828724865467
2025-12-12 18:23:38.324152,Idle,-53.29965999723572,-63.95440237123876,-60.39850183682029,-55.350674890975824,248.7619794932998,-52.524717169288124,-55.59045337813495,-53.902887616247426
2025-12-12 18:23:38.328156,Idle,-13.539723909001623,-3.3976091268559685,-0.02660275195921713,-6.72740447248907,91.00935504568042,-0.8109436352879129,1.2054639388989017,3.601614855480875
2025-12-12 18:23:38.332167,Idle,38.560332446690154,52.634436987205845,53.55741688475973,46.08741963466946,-236.38467914091234,52.331714893938624,56.001207954592246,55.36807009703807
2025-12-12 18:23:38.335163,Idle,7.806843309981559,0.8548350984146964,1.3062957502952486,7.725016719368796,-108.06924893859014,11.844981120424563,7.629991609262106,4.828914727391748
2025-12-12 18:23:38.339199,Idle,-45.006641623671385,-60.16800996323036,-57.81834588520178,-46.372705935456,232.54337582049357,-42.71060774017769,-52.61458748046698,-54.310181732411365
2025-12-12 18:23:38.343186,Idle,-17.34476008292586,-14.404041924964986,-11.583928032921904,-11.67172190790643,128.5020794658658,-6.577890228840943,-11.586194395996245,-12.93539145714567
2025-12-12 18:23:38.347158,Idle,41.33058308118234,53.379718590613265,54.701579877368204,48.33804785112534,-245.98194826651707,53.18393170136801,53.526050603117255,49.249558442758826
2025-12-12 18:23:38.351230,Idle,19.63979717154416,14.26682762159362,15.99293126667726,18.938196554671777,-187.10763686884093,21.962886317983475,18.2819560857979,12.20102441202107
2025-12-12 18:23:38.356245,Idle,-47.47461645333988,-64.06876901985015,-59.1962898936672,-51.34040302322319,225.26855227961005,-47.48971924093212,-56.53782813275848,-59.64768017885217
2025-12-12 18:23:38.360206,Idle,-40.123522769034935,-40.940066002158346,-34.49868201888239,-38.04212307247053,239.9652744903624,-30.19718302252238,-35.95624198245241,-35.50297266918733
2025-12-12 18:23:38.363272,Idle,27.138523395629818,38.49563522691642,43.00766085194664,31.091814058610908,-202.49766543767691,41.45825680198157,40.663115526682304,40.1292184904687
2025-12-12 18:23:38.367224,Idle,30.985469447138712,26.682487087264235,29.951653828582494,27.377093741127283,-340.43805812846676,36.859442534078426,32.22186845640317,29.06221815639765
2025-12-12 18:23:38.371280,Idle,-39.04488131529433,-58.26381521928306,-52.3558984103629,-45.62709677550265,63.379130679818445,-36.82448820208856,-47.87012452745148,-49.57123882403175
2025-12-12 18:23:38.375291,Idle,-65.25627518320016,-70.19452719476612,-61.07859409887442,-62.529108059412465,319.29204823246437,-52.208209742061854,-60.50704638983916,-58.55598040418499
2025-12-12 18:23:38.379293,Idle,-10.975512971772332,2.0486985379156977,10.828113676910107,-1.073531928867851,25.738958880887367,9.663733193953021,8.810059778081268,10.275005435610183
2025-12-12 18:23:38.384309,Idle,25.570748458722846,27.524125875264872,34.33226198776174,28.989551156406378,-292.3887764744818,37.01217005294211,35.9937297262868,33.34920909502398
2025-12-12 18:23:38.388349,Idle,-8.717774015304713,-25.658408396775485,-18.144927082388676,-12.822096594548384,-153.13449195617613,-7.067675184167911,-13.580289385641663,-17.202872533222944
2025-12-12 18:23:38.391346,Idle,-45.06667672592175,-52.390752705319755,-41.91694681555964,-42.915877686361455,132.85935968608783,-36.136653156408556,-41.68462379581524,-41.45915325209444
2025-12-12 18:23:38.395392,Idle,-34.996280557131286,-20.1867103792556,-8.283782009274546,-21.987631668027916,137.07493783582913,-14.239057077707457,-13.240241693094504,-10.155738493180252
2025-12-12 18:23:38.399388,Idle,-23.442730828341155,-13.187661843343449,-2.313231402709789,-11.643872220296544,-6.117241978178072,-6.614651357893763,-4.620125633309726,-3.3123552415263475
2025-12-12 18:23:38.403383,Idle,-34.25348581275102,-45.59000009066949,-35.9655882363395,-30.912590624055156,-50.13395572373929,-29.131427781811453,-31.688206809935764,-33.38055660223472
2025-12-12 18:23:38.407390,Idle,-22.969570876921352,-32.50935444988136,-23.151684445952014,-19.05500201988798,-90.58054722949441,-15.773787899167473,-18.096255707614546,-20.08143193488013
2025-12-12 18:23:38.412333,Idle,7.896528039044824,20.49984794572447,30.231787928424637,20.010221960562376,-144.32139513732602,28.32718055904661,30.582776686938814,29.997972670624222
2025-12-12 18:23:38.416399,Idle,-10.188563591541424,4.934507518570172,15.60177212338158,2.737083533653731,37.45407658826798,14.025144931166324,14.074866809640298,13.730833145170436
2025-12-12 18:23:38.419352,Idle,-62.76546962386237,-68.08420058194315,-56.85625097072807,-57.721842377192615,322.4985914457662,-47.07434530081446,-55.473373093335795,-57.52839501512062
2025-12-12 18:23:38.423414,Idle,-40.643612933621625,-51.86170464399402,-42.566041156344,-39.14437784484744,140.98789722492802,-29.59106528845041,-39.295714075356045,-44.26933246247245
