timestamp,label,FC3,C3,CP3,Cz,FCz,FC4,C4,CP4
2025-12-12 17:58:07.530206,Right,1621.0059630957676,1955.4348545376724,1946.9536454009237,1940.7273607809993,1077.0657754934275,1785.3076889416968,1793.1665452041316,2025.6124297926197
2025-12-12 17:58:07.547268,Right,8736.932080188271,10539.75292483139,10493.997740861509,10460.383464344253,5785.020152988476,9623.831215340753,9665.370406536415,10917.258904974069
2025-12-12 17:58:07.550260,Right,20053.70923916271,24189.965528044784,24084.58224085875,24007.903046752606,13191.02873458672,22092.558637375532,22184.787434924612,25053.187991316416
2025-12-12 17:58:07.553263,Right,25168.817486483746,30349.20692779495,30215.330732101684,30122.641193484975,16358.034431401633,27729.834490860205,27838.553320064973,31425.236779968764
2025-12-12 17:58:07.558297,Right,17191.34498016313,20703.00441582079,20607.048061949332,20555.004698386547,10927.165397759734,18936.18871586961,18999.266045949444,21429.159946324173
2025-12-12 17:58:07.561284,Right,2135.2221389702026,2527.9875460106123,2506.353406836657,2524.6521707073407,1176.7317173810225,2340.4129840441747,2331.0419712151634,2612.812864636857
2025-12-12 17:58:07.565293,Right,-9341.510361627035,-11298.013309113769,-11261.157970646658,-11194.457253600034,-5980.649345834696,-10299.221192115161,-10358.80256440927,-11691.832897407352
2025-12-12 17:58:07.569320,Right,-12285.0240369268,-14819.457167959306,-14764.603401541593,-14693.94878682273,-7778.5208093786205,-13525.726541101118,-13596.927512797294,-15335.814439786132
2025-12-12 17:58:07.573309,Right,-8735.362016161496,-10534.070999849704,-10494.492534514226,-10445.984341519652,-5677.882955644745,-9609.041518194834,-9664.139252989204,-10908.291580668418
2025-12-12 17:58:07.577345,Right,-3694.784495044092,-4471.118198373355,-4457.587151863729,-4428.503549042973,-2527.312194949918,-4066.9575049772975,-4097.0456559827435,-4634.7764593992615
2025-12-12 17:58:07.581341,Right,-1051.298324321513,-1285.2928879238898,-1287.2479658522643,-1264.5490627136314,-649.3622834118432,-1161.8045251218136,-1175.8074344565393,-1328.1922498331987
2025-12-12 17:58:07.586291,Right,-1686.1918176524923,-2036.3763451291015,-2035.5772813601652,-2011.3650960756931,-956.3453542219941,-1853.112598698528,-1868.9962304778164,-2101.2921270414954
2025-12-12 17:58:07.589367,Right,-3886.0786454311456,-4687.631841639173,-4674.8007264781045,-4645.575197167927,-2552.364092688076,-4270.888340787147,-4298.960184414056,-4853.667967532994
2025-12-12 17:58:07.593371,Right,-5258.955035685911,-6357.806287527899,-6338.088967096759,-6303.262973592849,-3563.42105179833,-5792.332943101064,-5826.047888440429,-6588.024099504808
2025-12-12 17:58:07.597324,Right,-4731.802061393973,-5723.035460951272,-5706.638404329075,-5672.752863340662,-3050.703644496796,-5219.165476150229,-5245.732919391943,-5923.958352634334
2025-12-12 17:58:07.601396,Right,-3181.1826619013445,-3834.9137423448265,-3825.513460043934,-3802.097359062289,-1896.6644879466621,-3503.450545111671,-3520.24127454916,-3963.5991811625427
2025-12-12 17:58:07.605399,Right,-2280.0015094465343,-2742.078905959381,-2735.498139031348,-2721.730882592383,-1476.040755329479,-2503.6249070496997,-2518.463329284219,-2839.332491267356
2025-12-12 17:58:07.609508,Right,-2700.592250287533,-3265.182961806073,-3256.313865024131,-3240.3204044479644,-1931.9878748258343,-2976.125191889587,-2994.388832845725,-3388.26533734682
2025-12-12 17:58:07.614460,Right,-3515.3031465606764,-4254.58862179087,-4242.70828030305,-4218.783746646717,-2317.9186230654013,-3884.671684621135,-3903.8140487492783,-4406.912550310139
2025-12-12 17:58:07.617531,Right,-3455.5733555110637,-4166.371862629196,-4154.502564444207,-4131.509893152281,-2064.151990400511,-3813.0834891679697,-3829.590685551055,-4308.159802069189
2025-12-12 17:58:07.621391,Right,-2526.595585215953,-3037.05780860316,-3028.2014354084386,-3014.225283169537,-1572.0498706036597,-2778.700367885409,-2793.2731761117466,-3145.1526925623184
2025-12-12 17:58:07.625451,Right,-1917.0435608668486,-2318.9901879953686,-2313.13865326182,-2301.5729467255296,-1419.3540314483107,-2111.650684763328,-2125.9492919105105,-2412.0354584546294
2025-12-12 17:58:07.629412,Right,-2308.098339813412,-2804.559902805602,-2798.71648360556,-2779.424105303129,-1609.7984459793079,-2553.668614124763,-2567.3185551624047,-2911.416351106949
2025-12-12 17:58:07.633487,Right,-2922.0514041640563,-3530.5842852991773,-3522.2758022117196,-3498.604485014803,-1756.6572285497678,-3225.8805587312672,-3238.356328330352,-3651.962735108682
2025-12-12 17:58:07.637505,Right,-2674.720928385388,-3214.16590120655,-3205.020270755631,-3187.635709399474,-1611.789714268234,-2939.5551886954345,-2950.9683696585707,-3324.0188802982448
2025-12-12 17:58:07.642607,Right,-1761.3315840021241,-2120.8463328456273,-2114.7172192112776,-2103.679128774442,-1261.5092324471334,-1933.2471488895826,-1942.4133476552088,-2200.187553147669
2025-12-12 17:58:07.645595,Right,-1348.4076547741424,-1639.2546338955872,-1636.3146643016953,-1622.0780526209855,-1012.0467543434352,-1490.3062256593257,-1495.955527052749,-1700.1470018120017
2025-12-12 17:58:07.648593,Right,-1853.7787929875776,-2241.434967186302,-2237.3210795986233,-2217.1155659187352,-1106.3169662414002,-2047.3760243498255,-2051.693528074771,-2312.715689921053
2025-12-12 17:58:07.652595,Right,-2376.4207561778603,-2853.308458593907,-2845.75358319073,-2826.694686965551,-1393.0206480354536,-2609.810063639772,-2616.3386922817444,-2943.827604537364
2025-12-12 17:58:07.657583,Right,-2052.6521929608425,-2465.66767078673,-2458.392023186665,-2444.6718382781837,-1398.9064947403385,-2249.3516348218545,-2256.864763272344,-2551.173833589768
2025-12-12 17:58:07.661583,Right,-1260.1348039471777,-1526.5746800216148,-1523.5562355571892,-1511.8038392537273,-962.536615934805,-1388.0927243891638,-1391.6958832730306,-1581.6706823552959
2025-12-12 17:58:07.665604,Right,-971.437594244373,-1177.3487143368693,-1176.2787159887375,-1164.7811294154963,-582.8552342730109,-1076.3776696213754,-1075.7560017976211,-1212.5488473722944
2025-12-12 17:58:07.669628,Right,-1365.8158605636563,-1637.6742375358008,-1633.31061493163,-1625.5843898562016,-755.3846176788211,-1503.3965430804528,-1504.0742906014202,-1687.2012321568327
2025-12-12 17:58:07.673565,Right,-1707.4350119935116,-2050.248727030237,-2042.4875052721472,-2039.3652634973405,-1168.3120253945817,-1877.4653557352722,-1881.6525564190233,-2123.676892530988
2025-12-12 17:58:07.676622,Right,-1450.2611480478663,-1755.0217540613376,-1748.9250688938191,-1746.0951040401123,-1106.9038462179597,-1605.8644805665826,-1608.309436024516,-1822.986229888862
2025-12-12 17:58:07.680587,Right,-894.705437349854,-1084.0945473551983,-1082.1684495953377,-1078.2431934451452,-564.4570752792642,-1000.4022000661353,-997.2109555674251,-1121.3077855226584
2025-12-12 17:58:07.685656,Right,-657.8069787278073,-780.795727736433,-779.779665318667,-778.4839759884635,-284.38405352801783,-729.2100205983734,-725.0851957031991,-802.7594527890906
2025-12-12 17:58:07.689667,Right,-878.4425724261673,-1043.766848354484,-1040.1514783833409,-1041.7238087928854,-599.935500968073,-963.0390331310919,-964.4672123446362,-1082.2380127180368
2025-12-12 17:58:07.693684,Right,-1147.5210094174836,-1384.1153484726092,-1378.8995860108407,-1377.8972160754493,-925.5777600468136,-1265.3561468378175,-1271.0399184258422,-1439.9742639409378
2025-12-12 17:58:07.697687,Right,-1056.1058186013834,-1277.1434162493097,-1273.064011967741,-1268.3551216094056,-710.1898331746343,-1170.1382866159547,-1174.196562975645,-1321.7342068242142
2025-12-12 17:58:07.701707,Right,-649.8541328178835,-769.3967571302783,-766.47037964419,-764.6638338619377,-275.3008562431787,-712.3415861416142,-713.8335901373066,-788.193926230655
2025-12-12 17:58:07.704713,Right,-350.9898919768748,-401.57332549092826,-397.8848632731242,-402.05730203236453,-225.0348670911044,-371.6444083037786,-374.439238221501,-412.07637130562216
2025-12-12 17:58:07.708796,Right,-454.87119940051343,-543.3735720815603,-538.2693310963223,-542.0082580909366,-496.967493400909,-491.3677164889523,-496.2411650386057,-565.399469583761
2025-12-12 17:58:07.713734,Right,-742.8372474033386,-901.2908641689573,-895.5540939567145,-894.2591611441458,-576.2800558086601,-818.6457145169261,-821.988422010385,-930.0195346274995
2025-12-12 17:58:07.717749,Right,-730.953214317211,-873.5676288306131,-867.8662957987399,-867.4833170631318,-351.5274942504766,-800.7568028609385,-800.9254703374463,-892.1117861890816
2025-12-12 17:58:07.721763,Right,-328.4799663174781,-377.64046238409355,-372.5316566673573,-379.3503008390544,-168.17170177109074,-347.107609079394,-346.2009089810308,-382.14794875041116
2025-12-12 17:58:07.724792,Right,-4.540173077082727,-0.7971896695671603,3.1037436519400217,-6.20896954316413,-184.8709010516759,4.624215714109596,5.735486679186579,-1.4985401701997034
2025-12-12 17:58:07.728775,Right,-135.56802151916781,-172.57120269932784,-169.27285413478967,-173.36836370173842,-219.6447121699457,-153.18461676087463,-150.28664311824832,-178.23626155528473
2025-12-12 17:58:07.732734,Right,-444.10808869136963,-532.9385610782192,-528.4815186915221,-529.8434409920592,-178.30207083385903,-492.0642327220412,-487.842373309948,-544.036643510568
2025-12-12 17:58:07.736726,Right,-403.63993045224925,-467.915099651902,-462.05308289220557,-468.51441047556,-159.02704359786003,-435.34414193267,-432.6305653145537,-480.26302382996073
2025-12-12 17:58:07.740820,Right,-23.139354578626808,-17.240843923587818,-12.062399579881458,-23.327748475887347,-146.70514402893605,-16.3263458434958,-15.032935140305199,-25.560066410747822
2025-12-12 17:58:07.745818,Right,196.4867383215751,231.0405127122358,234.4513705985737,224.97210546364659,-27.82904575453722,212.71687113321968,215.94485014514066,229.18619832172408
2025-12-12 17:58:07.749835,Right,41.841393526497995,50.028665466903476,53.69605925818905,46.55753859283868,99.68458508409094,39.518658475833945,44.99776933560497,49.65419110181392
2025-12-12 17:58:07.752820,Right,-136.7179301046708,-149.0878653266118,-143.32286458957242,-153.46514617095818,37.610630861861864,-146.1684680537146,-142.4329313520575,-155.6715747176786
2025-12-12 17:58:07.756794,Right,-24.78543733699189,-17.66624503568164,-11.5645054498018,-24.798055573104648,-103.04190596182889,-19.39249110748642,-18.73161298490595,-28.451148901338456
2025-12-12 17:58:07.760859,Right,204.12946440372616,243.44170768938784,247.12159665577929,236.33583398300107,-24.267859354804386,222.59700385936594,224.46177509172412,239.97346764993563
2025-12-12 17:58:07.764869,Right,250.68347798640752,304.9413398555407,306.93380117784545,298.5724570320599,221.75210393377347,270.05041361290205,276.3138307862173,312.7174725955847
2025-12-12 17:58:07.768893,Right,162.26499045276796,218.66839910949784,221.93888005942063,209.27614918362087,270.57261545341316,182.66090814987547,190.77049897364122,226.6334255281472
2025-12-12 17:58:07.773850,Right,163.11821030363808,220.7980022458537,225.8131743601134,207.3406302343783,72.44243480635737,187.66697742057113,194.66422447676928,219.8993031743446
2025-12-12 17:58:07.777901,Right,259.32537944121214,317.85174224912043,322.4501891031905,304.95464418726624,0.907381781600634,281.9915747974446,289.78895297350755,315.88653957415954
2025-12-12 17:58:07.780915,Right,310.5800869603845,374.42416869178123,377.883330020195,364.7323712561556,210.58261353931448,330.51516826181614,341.6191611874092,383.7508339171909
2025-12-12 17:58:07.784873,Right,325.4532682681456,407.2337300397194,411.0211846227612,397.13243191014044,373.0103855371126,355.7183763979119,367.8908797317563,425.74293787365605
2025-12-12 17:58:07.788937,Right,396.6799963091471,496.9268909644161,501.3392476682493,483.7522763450834,261.59317132728756,442.11505885796214,452.2765424288955,513.6068497806264
2025-12-12 17:58:07.792956,Right,464.44343179819407,562.0689863145817,565.4789872108668,549.3678734707355,133.9775989899208,508.2125679644523,518.2205824108096,575.6048495905707
2025-12-12 17:58:07.796974,Right,421.3743629917735,503.1026106107165,505.21043650602223,494.07696997319,243.71154631930403,451.28026826595305,464.49544402601896,521.3414680658025
2025-12-12 17:58:07.800975,Right,360.15637868564227,444.3784733771172,447.13927178180893,435.8840127691219,394.89638765629206,391.5005704309442,406.3031896597822,468.80464832263533
2025-12-12 17:58:07.805990,Right,442.78747160054627,552.8591362627049,557.0707842998672,541.313705231034,336.9457750247675,494.85336352846934,507.15979333606083,577.5539311267203
2025-12-12 17:58:07.809056,Right,591.7808195064426,719.5123765484896,723.327520615363,707.6709255285095,232.336958984175,656.4271182967932,666.7439943340723,744.1666566445492
2025-12-12 17:58:07.813010,Right,590.599627789692,710.226008100959,712.5083121867501,702.0090124289272,326.25087267011986,646.5466878296575,658.7048458322533,740.0717840231373
2025-12-12 17:58:07.817029,Right,455.6378480475396,563.155268354516,565.5789509407477,555.9901781480876,464.60133828475955,501.92919359041844,515.9368070439086,595.3729783024173
2025-12-12 17:58:07.821016,Right,423.70256432675524,536.895439695043,540.865798417828,525.7900582501898,387.56051197991474,475.10933782346547,487.2512907696073,561.3379782166448
2025-12-12 17:58:07.826047,Right,565.0614504657569,691.8774396940134,695.9106240214896,677.7744625266641,245.95185108465375,623.2770652053296,632.9457490373752,708.0107380299014
2025-12-12 17:58:07.829053,Right,688.260025956668,820.4847819372662,822.9007337350049,807.7513242553105,341.6432666128676,742.5856418901822,752.9840604602941,839.78090216493
2025-12-12 17:58:07.833064,Right,669.7710973278154,803.0612169769593,805.1669084536843,791.3794138376834,549.0650192014291,720.570775503933,732.1282128510647,830.2021035657963
2025-12-12 17:58:07.837085,Right,614.4374651467078,750.2362164227525,754.3225996367983,736.1885058098123,512.5725367383566,671.1025114606018,680.1462030658149,775.6235027095536
2025-12-12 17:58:07.841090,Right,622.8772519041668,755.1235764526646,760.8896264232462,739.8779059096123,295.43629775446607,682.2400681001018,687.826846602431,772.6040257264394
2025-12-12 17:58:07.846042,Right,643.6091239758534,768.3173733922886,773.9124245780986,756.1955447336077,289.24216479359893,695.3093340147752,701.831295273907,787.2293954988709
2025-12-12 17:58:07.849055,Right,637.228311930201,770.0454109493876,775.4360757861286,760.411732007633,519.7291993659455,687.9690779129742,698.4778763276408,800.1514418815495
2025-12-12 17:58:07.852117,Right,661.2349391225725,817.5298927450785,824.0078327943338,805.6502172347391,596.7765521527035,726.9226004109369,738.9069285946898,852.8736569706816
2025-12-12 17:58:07.857135,Right,706.0908917617053,867.861738783191,874.9661113375332,853.6191843675915,402.21897197392536,780.2013070788234,790.922803584137,896.9492356708506
2025-12-12 17:58:07.861153,Right,668.977674200607,804.8582624045666,810.6377789614489,792.8185776579194,284.41049905936234,728.2916974755935,739.2664226272609,828.5369978754316
2025-12-12 17:58:07.865179,Right,579.5329173443606,697.8181835312862,701.9568817587569,687.9734080106718,434.1378071103245,625.1062871405156,637.510484805447,724.8955876583932
2025-12-12 17:58:07.869153,Right,615.0645910312887,758.114266820834,762.1673659738153,744.7560179155553,576.1509978005197,675.6134838617872,686.0056770673255,789.0666847173125
2025-12-12 17:58:07.874175,Right,780.6554874902358,957.8496913150884,962.3042573813582,939.7405638153432,489.2048520541284,865.4059560277965,870.6235066928202,985.1655212778132
2025-12-12 17:58:07.877134,Right,830.2209097283194,997.7329004438361,1001.4968134950614,981.4266307556536,372.92027827643324,910.6728178467602,913.2587666346226,1019.3280939462129
2025-12-12 17:58:07.880200,Right,664.7020518808858,792.3304825838422,795.3988511875505,781.802791477181,436.5009043047321,720.1420160875423,724.5086575880414,813.495342483162
2025-12-12 17:58:07.885204,Right,545.95900544303,665.4755485109054,669.2223901919788,655.736666554003,529.2321891293395,597.1388899642043,603.4334143964807,689.0741821908159
2025-12-12 17:58:07.889218,Right,686.6873144439887,841.6093030929333,845.8523281581001,827.3921275866451,474.4533731008996,760.4390517583815,766.4785592867993,866.2527980792802
2025-12-12 17:58:07.893244,Right,872.7004428175278,1050.4096571062692,1053.1168131143786,1034.6344805089757,411.34655963775003,957.9933605619008,964.4640319168102,1076.9997493509436
2025-12-12 17:58:07.897192,Right,795.4213100570487,949.5889173644828,950.3805060377344,937.2929539793404,489.15386304899585,863.8677062747302,872.5995891920757,979.9046308062971
2025-12-12 17:58:07.901281,Right,565.8493897680892,688.047003263724,689.1610964551801,677.5552800389705,547.0087273348472,618.3923464142717,627.3727857553167,718.0793017854448
2025-12-12 17:58:07.905272,Right,537.9118100140477,664.4351923008217,667.0965315635549,651.3867505891249,434.2005908098072,599.6487504332326,605.1970680014929,689.1706724364776
2025-12-12 17:58:07.908338,Right,735.0226585313212,888.2950483170571,890.8802482575411,873.9781778774923,346.7929837872507,813.166027272935,816.0892196372151,911.7172853937373
2025-12-12 17:58:07.913298,Right,835.6305631289724,997.3633734883042,998.6690025746357,985.8479975574883,478.1127989725792,912.8422468187055,917.0112762267236,1026.832984817098
2025-12-12 17:58:07.917334,Right,704.6021029864205,850.7004552945727,852.3988640886964,841.0002864984563,613.9231584290974,770.6620130398078,776.1639357191743,882.8301612403011
2025-12-12 17:58:07.921322,Right,569.7003738915082,700.9595271445578,704.7004633592442,689.1502295460086,487.3707372082281,632.6519521696027,636.229283208726,725.6489087665686
2025-12-12 17:58:07.925345,Right,613.5621270446572,744.1400965471985,748.4505603789585,730.8559413265903,290.3101525409729,679.475555138546,681.5792062008986,762.6951937060803
2025-12-12 17:58:07.929321,Right,715.5035253780661,853.6716049697716,856.3460737579735,842.5557622018969,366.4064792452846,781.0745130117284,786.0538078960963,878.9049832276069
2025-12-12 17:58:07.933348,Right,711.5674500642344,858.1908301139483,859.9807127772365,848.5778313543415,589.2574292728677,777.7426938111894,786.1985422563739,893.559893211117
2025-12-12 17:58:07.936359,Right,644.109634786495,792.48419367522,795.499234423507,780.6771231866442,562.170658398245,715.2784749870189,722.5229883398861,825.3218707315391
2025-12-12 17:58:07.940361,Right,615.8678693552501,751.1278365078615,754.8714915099554,738.050991401542,318.11746353964554,685.0024205872323,688.7951449662214,772.7379710205132
2025-12-12 17:58:07.945368,Right,611.7132412892533,728.1972019288223,730.2459825478727,718.4609634816879,268.34701787744416,668.0523211748805,671.9789813874522,747.3943995003356
2025-12-12 17:58:07.949346,Right,600.3180211451836,717.5494131137384,717.4905865038745,710.9988102621865,480.8723851244431,652.070730097359,658.8639620747417,745.2346868333407
2025-12-12 17:58:07.953396,Right,625.5765586842317,764.8494078905787,764.5568943319377,756.5162097085267,573.6050519945566,691.2715362499002,698.3594882277539,796.6575040395837
2025-12-12 17:58:07.956407,Right,673.267965858453,821.0480653649429,821.2680953984382,810.133786224178,395.9549547082279,748.9257255819393,753.9035542558413,846.7042478405638
2025-12-12 17:58:07.960416,Right,632.4732711497927,755.6912286413135,755.3304500899976,747.0302741411142,269.73116013308754,694.0689870875794,699.4755519008031,776.7565710025374
2025-12-12 17:58:07.964413,Right,510.89599491504487,609.7805467915023,608.7006543707103,604.8617690504761,392.0504014691687,554.7842346131802,563.2132481695153,635.4059603841743
2025-12-12 17:58:07.968448,Right,487.57934160286095,598.9634213445242,598.5287830437301,593.0828004587675,506.85577629780164,539.5007194256177,548.3620950552868,629.957021170645
2025-12-12 17:58:07.973436,Right,613.4011449051322,752.1920997269917,752.6565467525506,743.2439670730382,403.69526292028604,686.3566861862782,692.3096446570707,782.1115761708934
2025-12-12 17:58:07.977457,Right,675.9417892938945,809.6085777132539,809.7324931729818,802.3802096368745,286.3527079799096,748.2890137569048,753.1871713170549,838.0077013224363
2025-12-12 17:58:07.981479,Right,538.2239732134622,638.9092353981687,638.6569549188716,636.7143668351928,357.912112713675,590.9168145661242,598.2474016617052,671.0745272814529
2025-12-12 17:58:07.984489,Right,394.04168996494263,482.6285779130412,483.53382792312186,481.4506486894097,443.0578247110825,442.60357543546706,451.08126753312536,518.0020785579691
2025-12-12 17:58:07.988506,Right,458.6094130112324,568.5329262139276,570.7022396534448,564.3088376754895,348.96949942730134,524.7080993036507,530.7246585540706,600.9341775702778
2025-12-12 17:58:07.992570,Right,601.3446708696429,725.3362291904632,726.7643485217122,720.8869457017863,245.88995789043838,674.9833798401523,679.0768133866368,753.8753961301409
2025-12-12 17:58:07.996596,Right,566.3346587502165,673.4803895759396,673.290915150079,672.5063295962755,332.440827175451,623.8410268621519,629.2089814761421,702.2847510069842
2025-12-12 17:58:08.000523,Right,405.83064506133087,493.25382408162113,493.0215321817668,492.7422397827031,436.184052493365,448.84174814319704,454.9885918556247,520.7010890976526
2025-12-12 17:58:08.005570,Right,375.22583969449624,466.2799789843848,466.89965738216415,461.37165233609267,332.3688891529455,422.5305926046567,426.22870470257476,485.96012068609707
2025-12-12 17:58:08.009660,Right,489.9185162113281,591.0615183503833,590.8830108824186,583.4116700692102,185.82066471979488,541.8586269142106,543.7868797160918,604.2516330045182
2025-12-12 17:58:08.012599,Right,522.5791794133838,617.5940941723529,615.3636545209447,612.1531052184291,258.8870540430071,563.5597681917716,567.8928460985189,633.1139529419597
2025-12-12 17:58:08.016607,Right,412.00798858725466,495.59423458226956,492.758961456595,492.2064891254995,411.5872932833736,442.2147236430319,449.35860520019196,515.2045062668622
2025-12-12 17:58:08.020637,Right,344.61227093148045,428.8509042490041,426.7249870246742,424.00015616836026,343.47919433383504,379.7994671200868,385.6391020404408,444.45970713323914
2025-12-12 17:58:08.024582,Right,400.3566986176884,487.11766926723067,483.98510628193617,481.55049595737364,151.7075202690321,442.1929678225424,445.37617726204917,495.73261675587855
2025-12-12 17:58:08.028633,Right,428.85541920596734,506.02466869854834,499.70480918267276,503.24757874244824,165.0048962777364,463.56526594923344,467.4195601211395,515.5928835527739
2025-12-12 17:58:08.032636,Right,352.9314256901853,421.08165256970096,412.62184811756015,419.78191736806184,342.68189308652654,379.82489326864015,385.5555287998868,436.414501511259
2025-12-12 17:58:08.037664,Right,307.44497241731733,381.5917133932235,373.64258118590806,377.0751040043542,346.2813851538813,341.2122380696237,345.17277905647643,395.9270492719952
2025-12-12 17:58:08.040668,Right,365.85445757582784,445.85136813204736,438.8469065541867,438.6275822869502,158.01996280800086,407.52675713354256,407.6875077364966,453.52136808936484
2025-12-12 17:58:08.044613,Right,392.8535754403565,460.1424654208822,452.996734328568,455.78566419763956,108.31913417909527,425.782142984448,425.44291813031305,467.3948070696788
2025-12-12 17:58:08.048688,Right,307.4087594295852,358.4134151856415,351.7506822695723,358.40015047893394,266.2548820830998,327.9938000742113,329.95387481036596,372.6526452989783
2025-12-12 17:58:08.052696,Right,249.73142504750285,304.3664447607007,299.85091797378846,304.2871204079129,321.24764369177865,275.237856670632,277.32730249129236,321.3111512805335
2025-12-12 17:58:08.056700,Right,320.5844623182202,386.98262473288924,384.05155068298336,385.13022753072437,164.99062965682242,357.3133719948819,357.329955836758,398.8087577415863
2025-12-12 17:58:08.060732,Right,378.6144169388572,437.3710811957717,433.7640863462584,437.6194660703186,85.35796353325713,408.72157942596823,409.1255288399989,446.3095085074892
2025-12-12 17:58:08.066707,Right,291.9725380312884,330.1636161877541,325.6481717946008,333.9104431933956,219.54461814201204,304.72537084296346,308.1976815353846,342.8171760493424
2025-12-12 17:58:08.070745,Right,186.42302035947796,220.6181651976658,217.22970855527092,223.25713855260983,297.0508565797354,197.63469835103024,201.8895018605981,234.8969023473328
2025-12-12 17:58:08.073772,Right,222.2591465417063,269.3318679773947,267.69255886715837,268.1850352677284,151.90604973206064,246.64308901852928,248.27842187380884,278.9991157754557
2025-12-12 17:58:08.076766,Right,305.46754613128724,354.84667519130744,353.3723303930601,353.7763054793468,39.00723412790103,332.4562313912902,332.77546238235664,362.38275522575714
2025-12-12 17:58:08.080770,Right,262.27276612224523,298.41530776873697,296.85683392966166,300.48691167263314,156.74519089836394,278.0280931314919,280.06567249342334,310.92322845128365
2025-12-12 17:58:08.084798,Right,151.75316359690623,182.5888765194686,183.25049603090156,184.4363889003871,269.10764181189006,164.73909813677892,167.10145625600126,197.8944673173828
2025-12-12 17:58:08.088806,Right,146.55107446474722,185.84618258301634,190.12890286452603,184.07976479351055,141.9858739345218,169.77736798371188,168.8456244992558,195.36081384622958
2025-12-12 17:58:08.093835,Right,216.07574055570876,256.11403137270827,262.5265399450436,253.6429117625812,-14.952099451213144,241.50192027463345,237.8852020658087,260.1142785359407
2025-12-12 17:58:08.096857,Right,199.25209566159174,226.77308471035212,233.65206764813047,227.13046443881467,69.43096628016792,213.30749441991793,210.45295641070697,233.79624251578934
2025-12-12 17:58:08.099847,Right,112.19238995749038,135.587401529192,143.30199988587992,135.82884272158844,224.25203152105678,121.94600676296977,119.52438438509125,146.36906601279043
2025-12-12 17:58:08.104781,Right,105.81737622077344,138.91937796323327,147.71801763755502,134.5211221149657,147.95622907200595,124.65621144819306,119.25612235197332,144.19101927388692
2025-12-12 17:58:08.108905,Right,166.86501300393138,199.12812255736208,207.11191413877532,192.05275816109497,-37.940629864810035,186.46964248717995,178.36709952179808,195.6615871253889
2025-12-12 17:58:08.112876,Right,142.40092422056478,155.27199530479265,160.7285681736539,150.45427199627738,-14.655192213976989,146.23316600348335,139.24303359223995,151.27178028866183
2025-12-12 17:58:08.116968,Right,43.616716452583205,46.51012015435845,50.41237504425226,43.49078734894283,150.01204435594263,39.46481703571044,33.65896841417998,46.95994202903239
2025-12-12 17:58:08.121879,Right,38.792499822273385,56.01750575652113,59.8886915690382,51.281801385921426,136.0987586135161,48.74296280997805,39.447108128806576,54.74097598204389
2025-12-12 17:58:08.124890,Right,129.75604322145227,157.30016411846736,160.25663509726292,152.56552355794702,-37.538596997066634,152.41837710741675,137.71900637296494,149.25195181422168
2025-12-12 17:58:08.127916,Right,128.07292908866657,138.37408417568076,138.75588015961694,138.63609811564675,-61.264415424870094,141.04023986670654,124.602564888075,128.85117776639527
2025-12-12 17:58:08.132933,Right,2.7701722435303964,-7.815400295774452,-9.233377922384534,-3.330853615247179,85.3510609207442,2.292217367736157,-13.19118020334281,-13.047723605763167
2025-12-12 17:58:08.136937,Right,-44.194376568601,-48.800548526400235,-49.810405361058656,-45.6248498003697,107.65266661878559,-36.901699587877374,-53.72017811832484,-52.762863697775174
2025-12-12 17:58:08.140879,Right,60.13065024401294,72.21801122487523,72.01374989497708,73.72260617569555,-44.14339884533547,83.58039471710799,63.321759877027944,66.02560085558798
2025-12-12 17:58:08.144956,Right,114.22418692836072,119.65837322600419,119.233702801459,125.22508753353031,-88.97326376300771,135.6412257044576,114.18297717702808,115.89554564119317
2025-12-12 17:58:08.147968,Right,-4.143978412845172,-21.604315073229373,-21.80255493655568,-9.990234944911208,44.94404798411415,4.228505281207617,-16.32198072859319,-18.608565939066466
2025-12-12 17:58:08.151956,Right,-114.63383291420178,-137.39226051123114,-135.8686650598538,-124.54372153553413,82.99935948124039,-104.06701309076743,-125.84646903286921,-133.08737846527947
2025-12-12 17:58:08.155990,Right,-49.85532876997604,-58.92831244308036,-56.159004501765594,-47.74634021212114,-69.39319029636681,-24.66393440263346,-49.548346301104175,-59.85717287781881
2025-12-12 17:58:08.160005,Right,52.77840943398769,46.54448553232942,48.54290356882848,59.49002628761809,-137.9787937955698,79.65181513456628,54.60498018018552,44.32342445902759
2025-12-12 17:58:08.165012,Right,1.6111495059740264,-19.49339334500837,-18.34022960148286,-2.3067270951578394,3.046403758591623,16.100239965715446,-5.969865493971156,-16.01375341686071
2025-12-12 17:58:08.169012,Right,-114.9643128933385,-144.67475782101974,-142.50082386983559,-126.58513250481337,81.46337797942397,-103.79858193354448,-125.19786104207742,-138.77992029843153
2025-12-12 17:58:08.173036,Right,-103.35855700835236,-127.07739637204213,-123.91397256404161,-110.84537560798344,-68.34376098710345,-83.20035323762568,-107.56762788665947,-126.75971767431474
2025-12-12 17:58:08.176044,Right,-10.969502130406909,-32.959055382496445,-31.42629423859762,-15.627405688283034,-183.81998443440534,9.465921736817108,-15.948181200568797,-36.22955688161892
2025-12-12 17:58:08.180046,Right,-20.82296885474352,-51.763204987946665,-53.02321143928566,-30.626766382541973,-53.113448667063494,-12.875840500200866,-34.53999505742104,-50.07965512573719
2025-12-12 17:58:08.184035,Right,-116.20096544813714,-149.69360313451034,-151.65958022102132,-128.014891107101,84.18155696100439,-113.31521832590806,-131.02211180113954,-143.77384766147588
2025-12-12 17:58:08.188025,Right,-132.77856126739061,-158.3832019007532,-159.26914570084773,-139.86568073244416,-30.64007276200573,-122.4854947948188,-139.73882044879429,-157.33864672057098
2025-12-12 17:58:08.193078,Right,-71.80458711029496,-97.58881923524314,-98.58338417731284,-80.11545641331759,-197.942325073971,-61.50296902189439,-78.74202021067322,-102.68916586061823
2025-12-12 17:58:08.197097,Right,-80.04489551874576,-117.48797977481445,-120.26572076023149,-98.29397239536047,-122.5755776179576,-83.23144520935602,-97.92224918257853,-120.484683775765
2025-12-12 17:58:08.201047,Right,-157.14422074050526,-196.19919782373472,-200.1346116927598,-178.63254292623606,46.22901797740633,-166.92644857650157,-179.59061819130147,-195.34385633841157
2025-12-12 17:58:08.204120,Right,-161.97635305600124,-187.55359421791218,-191.36883078183746,-175.8693632176728,-9.12088306996884,-163.27465427332208,-177.3257465412171,-191.55535769199196
2025-12-12 17:58:08.208117,Right,-98.12302242041187,-120.35438401356078,-124.47339655445103,-111.45315729813592,-194.08614537326503,-96.4459814250149,-111.81893604319339,-132.57814790811972
2025-12-12 17:58:08.212088,Right,-114.9177804193896,-153.98281152710115,-159.01101055071922,-141.53574106562155,-183.4843760384574,-126.29490796266327,-138.929975622239,-165.51078741096717
2025-12-12 17:58:08.216156,Right,-211.04577074348344,-260.00265456933266,-264.64273275654887,-244.2069618832029,-18.5368032583674,-230.25121287623188,-238.80913789998885,-264.1807777062022
2025-12-12 17:58:08.221156,Right,-216.80618516468894,-251.26454348300376,-254.16640846427117,-237.15731848673022,-16.990045087847875,-224.08843514875844,-231.74839343644453,-253.6495406924887
2025-12-12 17:58:08.225179,Right,-113.76488965610133,-134.79920467980992,-137.04766756674508,-122.65383124293385,-180.0083540939213,-110.13572362099103,-118.33518271271168,-141.58820998378724
2025-12-12 17:58:08.229188,Right,-90.04993343093156,-123.72616889661003,-127.04962332212017,-109.04277831694708,-201.9221594646624,-96.43151914784903,-102.3286909218732,-130.8616701329338
2025-12-12 17:58:08.232205,Right,-201.55271365384397,-254.04663841766887,-257.7560627241328,-236.66770728651318,-48.503683763945446,-221.87667309067547,-224.12361743910878,-256.19292585474614
2025-12-12 17:58:08.236146,Right,-258.9650973313255,-306.4770084469492,-308.82067391135206,-291.68164365967823,-15.325596202012093,-274.01373116201285,-275.67173250950145,-307.6003304041951
2025-12-12 17:58:08.240209,Right,-166.51200525850436,-197.41075324172562,-199.10489354578021,-187.00067137170117,-167.08705362604087,-169.75840042169875,-172.69960711902968,-203.0840947127872
2025-12-12 17:58:08.244222,Right,-100.76773417991353,-134.43107372212398,-137.9189138191141,-124.35937132893014,-218.30004578628723,-110.80877414665883,-112.19742223042704,-141.35597085306654
2025-12-12 17:58:08.250252,Right,-194.04661683409358,-244.4100457312161,-249.93850062249112,-232.99357735112426,-76.1075757697763,-221.2903581467108,-218.95424945413833,-247.5788432729314
2025-12-12 17:58:08.253200,Right,-293.32034214118903,-344.6222880133282,-349.908504199062,-335.54207609687,-17.821226135391043,-321.87842292821733,-318.7259373789566,-348.20904637251806
2025-12-12 17:58:08.257269,Right,-235.74172895564698,-272.9608786039171,-276.6791525131557,-267.4261302015075,-166.0770825274667,-252.48208102735225,-251.76348420679278,-283.21227038273355
2025-12-12 17:58:08.260267,Right,-139.55626590226893,-175.71490996630746,-178.4601073442027,-168.9645964812662,-251.3633390119794,-156.15719601673482,-156.2357759475999,-188.51050189786474
2025-12-12 17:58:08.264283,Right,-184.05937599978643,-235.23074503839598,-236.85276192397578,-224.56468113715528,-116.37958186630567,-212.94792318917462,-211.06977083632955,-242.36103648974677
2025-12-12 17:58:08.268316,Right,-288.921718491707,-345.1249743285589,-344.16836293943925,-334.8147457781306,-18.507891384360846,-319.57223514840007,-317.30433427990647,-348.65074895639555
2025-12-12 17:58:08.272298,Right,-274.3148481435783,-319.3300709921168,-315.96027851846884,-313.0983710454602,-153.96920933490037,-293.58948442243855,-293.4543599850731,-327.3717847847147
2025-12-12 17:58:08.276353,Right,-190.15133048183634,-230.89817418981693,-227.6178055900673,-225.55679534730734,-286.201012127538,-207.07622032842482,-206.77470505383098,-242.45040106549277
2025-12-12 17:58:08.281317,Right,-207.35534167804872,-258.14568280117237,-256.4412239092053,-249.94374887671438,-178.9099329237506,-235.61268596808077,-231.36817842003074,-265.3745159471291
2025-12-12 17:58:08.285351,Right,-292.7533187902882,-346.8350593234063,-345.60646662692307,-338.6331265348417,-34.7948068673868,-324.8092546494445,-318.3804936397064,-350.7091861749068
2025-12-12 17:58:08.288349,Right,-281.1588110944722,-324.7984519903839,-323.39870435753255,-320.780090401764,-122.15718555430067,-303.1280913624214,-299.68801900174003,-334.61720952228643
2025-12-12 17:58:08.292359,Right,-196.5765785224212,-237.76013009288,-237.9640107524756,-235.5552926043165,-280.0779726608889,-214.78773002975504,-215.15788594449987,-254.70093711215304
2025-12-12 17:58:08.296403,Right,-208.63551045872737,-263.42897978125256,-266.49995306658093,-258.1547920436715,-220.05407088267384,-236.45198346721008,-237.1557267412427,-277.9180460511707
2025-12-12 17:58:08.300393,Right,-307.9090755361249,-368.69248238706496,-372.8532661629142,-361.3011860893748,-61.29370906416443,-337.4913256628206,-337.6918297543307,-376.5207136772806
2025-12-12 17:58:08.304345,Right,-316.8352120689815,-363.5878790541901,-366.6625299984007,-358.27692693826975,-104.89179701110697,-330.9868522975885,-333.10416732760496,-371.82080537301954
2025-12-12 17:58:08.308508,Right,-220.41388303929125,-256.7062008858775,-259.31601102201967,-252.68942620028974,-271.4888572881173,-225.06131216685753,-228.23728455160744,-269.53992444695905
2025-12-12 17:58:08.313415,Right,-196.31444617031957,-243.6725664458354,-247.40242622460937,-236.85444224462844,-251.02002302423352,-213.16453616064973,-212.6564012520248,-254.8917455804185
2025-12-12 17:58:08.316495,Right,-284.6250345330045,-344.3070570314885,-348.38111372932326,-335.5280092820176,-81.97467073737062,-315.1202268121997,-309.7049984399928,-349.6092773420387
2025-12-12 17:58:08.320443,Right,-313.92881411808776,-365.5339252462727,-368.03316316305427,-359.6313142715371,-78.28477666591061,-338.8998598520411,-332.9669675594778,-370.9087683171383
2025-12-12 17:58:08.324456,Right,-224.09791742492234,-263.18203376670135,-264.30865972995525,-260.4762383462512,-243.17138110889937,-239.0736739761196,-235.43675297370646,-273.85058357188245
2025-12-12 17:58:08.328410,Right,-184.0448824481573,-229.62412199453684,-230.88388593390118,-225.93777119077276,-266.2369994784531,-206.1096544106258,-202.287318028335,-240.74586846790044
2025-12-12 17:58:08.332479,Right,-280.13626863615355,-339.17437558982056,-340.3091255958425,-334.5550192949013,-106.86642586323433,-315.7947952054092,-309.801524775743,-345.92031609331025
2025-12-12 17:58:08.336496,Right,-351.17255195841426,-406.3583361778874,-406.1792156464653,-406.0546789114014,-70.29600012031733,-385.79794608283555,-380.17013361596037,-414.4325054442743
2025-12-12 17:58:08.339567,Right,-279.2135143200285,-321.9388884852524,-321.52686052263016,-327.3899373068707,-233.42066975060152,-306.4168741112808,-303.10075213579694,-338.34639508026885
2025-12-12 17:58:08.343562,Right,-199.71500173566164,-245.78485587704927,-247.55004817340523,-252.00240506359842,-296.0853953998303,-233.85331609036075,-229.93770939862588,-266.27581614698283
2025-12-12 17:58:08.348513,Right,-245.0443182575982,-303.89380102575524,-307.5396627607988,-307.8270198429236,-139.30805033197976,-292.69161288801115,-285.34317809087224,-320.0857404177077
2025-12-12 17:58:08.352559,Right,-303.98394361237297,-359.9965500216349,-362.5672949589789,-364.3856801080401,-48.88602534410893,-348.641481316532,-340.14430860389257,-373.14743235177593
2025-12-12 17:58:08.356559,Right,-243.38332247943617,-285.03042396815727,-285.2917305638548,-291.20567143987864,-185.19274743305868,-273.73810542176943,-267.1348730418249,-301.5977960713208
2025-12-12 17:58:08.360555,Right,-169.02199098397978,-211.03571828716667,-210.83864856592845,-214.9767781609553,-286.9644779957889,-198.81693671969697,-192.32691552635515,-229.24851432198193
2025-12-12 17:58:08.364571,Right,-229.99530475959182,-286.1128238135716,-286.9006605213508,-285.79521075694356,-160.73546363183414,-272.20629360654857,-262.9907903331914,-299.33013354684226
2025-12-12 17:58:08.368586,Right,-331.82631203212077,-388.5910725663998,-389.6322846672265,-388.916365789657,-41.94757653179113,-374.9922120056581,-365.21921785752056,-399.1920103812008
2025-12-12 17:58:08.371591,Right,-301.81490523717366,-343.1000520818052,-344.05317507579457,-348.3847039521788,-154.70467584815924,-332.28580336627783,-325.95241255837027,-359.8007985018776
2025-12-12 17:58:08.375611,Right,-204.41925467649708,-241.75554327608552,-243.87557869206648,-248.76139641477494,-292.97435539844446,-232.5820420635864,-228.60522381204646,-263.89224135223776
2025-12-12 17:58:08.380612,Right,-219.99514570384054,-271.93984222371364,-275.31374029803555,-275.89298704476096,-204.07572191843065,-261.2287044597324,-255.29876858665375,-289.51878127164673
2025-12-12 17:58:08.384625,Right,-311.8034775148262,-369.8597032582038,-372.22057431715075,-372.36118412495125,-57.570810461300425,-357.34009071456967,-349.12831990479026,-379.83036689826986
2025-12-12 17:58:08.388659,Right,-299.79289207980037,-344.02669380028965,-344.11045935814036,-348.8286635293043,-126.21175785784726,-332.05512772494694,-324.7919356872444,-353.77523111901246
2025-12-12 17:58:08.392651,Right,-202.7690354126389,-238.77622012089705,-238.4402567934594,-244.03916737018153,-278.2657593502663,-227.50575759378262,-221.25329994689673,-251.69358565466246
2025-12-12 17:58:08.395666,Right,-207.33907730603823,-256.3160388386459,-257.35413441917626,-257.9728671616176,-228.67194838650175,-243.02321866503917,-234.55960072012385,-266.59457702125655
2025-12-12 17:58:08.399681,Right,-315.20116485626204,-375.10270862001926,-376.23469402542105,-374.76550045155454,-73.90490707496065,-358.9360380731523,-348.36965321324533,-380.34054894035216
2025-12-12 17:58:08.403677,Right,-328.7154883822659,-377.8255335642607,-377.1670440543676,-380.081853743759,-107.69683924445417,-361.5497731316136,-352.8183557485463,-384.4592396551161
2025-12-12 17:58:08.408720,Right,-211.1833694151719,-247.1375687791151,-245.65137886611046,-251.12063490913715,-266.0243838337774,-232.75686362246051,-226.70626303669997,-258.17370395432226
2025-12-12 17:58:08.412705,Right,-156.80586795753334,-199.49663136177696,-199.28849993698532,-200.63613458781037,-245.19853256596252,-185.52598008845234,-178.44007629377302,-208.35053362493636
2025-12-12 17:58:08.416716,Right,-240.75103272177512,-295.3829421653645,-296.1678249777178,-294.194255319424,-74.02236727357376,-280.22262586758006,-270.670305603242,-298.2752739050775
2025-12-12 17:58:08.420741,Right,-293.01620416593505,-342.214668931847,-342.41576308890944,-343.5695874163648,-65.81107511237497,-327.046287286561,-318.48775974375894,-346.01713723142166
2025-12-12 17:58:08.423751,Right,-218.43589133571368,-256.15311425260734,-256.1925610686303,-260.26796717901016,-234.2253213954391,-242.4433670155704,-236.84864291746635,-266.3734579287702
2025-12-12 17:58:08.427751,Right,-165.5035192509531,-207.9344201948843,-209.28922405967023,-209.99871564493515,-264.8497377554886,-194.78689008043148,-189.0255469821277,-218.73832704784581
2025-12-12 17:58:08.431775,Right,-240.2146340343752,-293.9965880457312,-296.04179489740636,-293.2917021411704,-100.56466612953227,-280.1509541707346,-271.7541931258165,-299.1603476857417
2025-12-12 17:58:08.435800,Right,-306.42090256809024,-355.2084733780357,-356.2448348260368,-356.65997599525144,-49.14191485091578,-341.467078773072,-333.0341651401832,-360.0384675572859
2025-12-12 17:58:08.440783,Right,-241.93099533283385,-276.9948424890172,-277.7283374600229,-282.06210266181733,-209.0265571665368,-264.6159975050832,-258.6782264911453,-288.77811703353655
2025-12-12 17:58:08.444788,Right,-164.96048596227774,-201.69132939138217,-204.49763760203496,-205.47574607405113,-283.09300464671105,-190.2938721893588,-184.37562261451967,-215.97092875587987
2025-12-12 17:58:08.448801,Right,-209.95402882160852,-258.80440972337965,-263.75456695229514,-258.76078823494026,-130.24759243347216,-247.59562790294876,-238.96800672105746,-266.73405665758764
2025-12-12 17:58:08.451794,Right,-278.65141046990175,-325.5336293395376,-330.2055823332048,-325.6415165651706,-28.887490875844378,-314.69645892328117,-306.0101552345441,-328.7929528304958
2025-12-12 17:58:08.455826,Right,-230.42234681075206,-264.06327096925816,-267.5130833989242,-266.9521353979362,-160.69157980574528,-253.3119677726645,-248.32379936095094,-270.4424220736255
2025-12-12 17:58:08.459837,Right,-149.21107673255028,-183.86863169068238,-187.82383522071177,-185.7758112141746,-274.74834342411486,-171.53939103754237,-168.48695551150013,-192.50536689936416
2025-12-12 17:58:08.463797,Right,-182.798326942313,-232.18448764487403,-237.7225336760166,-230.07763355481438,-155.39592459326377,-217.7160977848107,-212.43323315511225,-235.9046404331457
2025-12-12 17:58:08.468877,Right,-257.50934021169087,-307.7495376273873,-313.73935599747347,-305.19279836746864,-20.904589476645924,-293.51516920520226,-286.66277467185864,-307.7195257979329
2025-12-12 17:58:08.472870,Right,-213.00450765510323,-246.3857963483315,-252.25444400607375,-247.21311574795982,-113.39620099129388,-234.76215072220657,-230.22664009715663,-251.3733908656286
2025-12-12 17:58:08.476916,Right,-109.72449907293776,-136.77067640982568,-144.02354798297165,-138.420352576999,-248.8193708990002,-126.52133329422213,-124.4269822872011,-147.98530741687864
2025-12-12 17:58:08.479925,Right,-125.50318839406827,-165.9490967556485,-175.4191119580064,-164.7800698694191,-164.52190153172705,-154.09515875362558,-151.3362941305386,-175.148383288295
2025-12-12 17:58:08.483901,Right,-225.22485834208783,-272.28276829165407,-282.3156371486839,-270.6912304589059,-10.677576745685656,-258.69120801630197,-255.18991025263676,-276.1473035957315
2025-12-12 17:58:08.487915,Right,-221.37445499084424,-254.9187502138666,-264.06981552025536,-256.7741954291123,-67.86469300003955,-241.8087443553377,-240.31198059848975,-259.18567896814784
2025-12-12 17:58:08.491925,Right,-120.42573044879828,-144.68308934819652,-153.9669316065847,-147.66182305314578,-222.63468921679305,-131.93651896656957,-132.1913069532602,-151.70980906218756
2025-12-12 17:58:08.495883,Right,-111.93590636568842,-148.03748823446222,-158.46012139960658,-147.54388398927404,-182.1404741810111,-132.94962405861588,-131.87130338448333,-152.25707760301884
2025-12-12 17:58:08.500960,Right,-216.56494994927198,-263.8001298320596,-273.76899367163423,-261.5368881680188,-22.96058025682578,-246.02074414119124,-243.83440267224796,-263.37330096401274
2025-12-12 17:58:08.504967,Right,-245.93909701233497,-283.1398281636066,-290.77833885210566,-284.29633834649576,-45.53692370504723,-265.8767158645205,-266.4582734516589,-284.7600604099571
2025-12-12 17:58:08.508002,Right,-149.12129167001694,-172.92559497995535,-179.23777049791533,-176.89846435008803,-208.32217596602277,-158.14313057641266,-162.16705907566939,-179.71817608061247
2025-12-12 17:58:08.512001,Right,-102.56293080752948,-131.79427741101244,-138.8830688277958,-133.55573952349368,-203.59964080527425,-117.92012640391476,-121.05013671767665,-137.00477911607595
2025-12-12 17:58:08.516007,Right,-180.08822606375907,-219.6012878479669,-227.13076388719492,-219.24724320013775,-34.85707152445684,-205.49118077976163,-205.18692513398128,-219.01231110066874
2025-12-12 17:58:08.520019,Right,-218.48592378286412,-250.55316353758099,-256.7798993126489,-253.4563510941225,-13.529681554908166,-238.39834361273097,-237.27199663879583,-251.2181459229323
2025-12-12 17:58:08.524031,Right,-125.09365743357921,-143.40204047138104,-148.63174785324372,-150.80592107231496,-177.14887933121645,-135.61447521450464,-135.6374452439486,-151.78094053675886
2025-12-12 17:58:08.528988,Right,-51.46344058768591,-72.97043264354579,-78.97670058958465,-80.31277475843672,-216.2410188865033,-68.67604649852728,-67.37752007890958,-83.42975490220124
2025-12-12 17:58:08.532048,Right,-111.38897021731827,-143.82254243345233,-150.49094210355543,-149.43612723698607,-50.36768548673717,-140.63420717656845,-136.31113201449625,-148.48480494919932
2025-12-12 17:58:08.536049,Right,-171.83261034765746,-198.58706502319546,-204.19691464514472,-206.32317624602,20.509472437464865,-195.80908621801063,-191.59990213811398,-200.67742994782748
2025-12-12 17:58:08.540069,Right,-105.54780704691075,-117.05923580174567,-121.61785145680187,-128.14195666619344,-126.39457334618783,-114.76589493994834,-113.60060669272207,-123.79800006054575
2025-12-12 17:58:08.544111,Right,-30.176006541063543,-42.96207175665768,-48.17296062345849,-52.67497799813282,-209.01488372925087,-39.791285259183496,-39.47573883226141,-51.86598042759579
2025-12-12 17:58:08.548095,Right,-86.96400552615523,-113.96090908668702,-119.78837623586878,-119.69573996140389,-67.1619309001835,-108.8022356320289,-106.37277494138107,-117.95491813879926
2025-12-12 17:58:08.552139,Right,-175.24153763457434,-202.42916720442008,-206.8596119498834,-208.16844653966837,38.88072684945655,-197.02021087118192,-194.22351307381177,-203.55802832654445
2025-12-12 17:58:08.556117,Right,-139.26416007673834,-152.32036797737237,-155.11255157436244,-161.02045127662132,-85.50251343828859,-149.11616378702456,-148.80444761132821,-158.0145713966922
2025-12-12 17:58:08.560066,Right,-56.35090947494609,-67.56805208936566,-71.14450019062497,-75.4523689277703,-205.82678341743303,-66.01291041006334,-66.32032110635191,-76.60850425122771
2025-12-12 17:58:08.564162,Right,-86.86992655601352,-111.86788994952803,-117.51571830851026,-115.17897282313788,-95.43107064149808,-109.69054366333876,-107.1520021141041,-116.73923757742159
2025-12-12 17:58:08.568165,Right,-168.76800059550442,-196.51595557795372,-202.6642151559936,-198.17762638087152,43.38012200573576,-193.68697340833023,-189.72543133364525,-197.94761037523858
2025-12-12 17:58:08.572155,Right,-132.6630883072503,-145.30161229043733,-150.73331218538806,-149.23467288620304,-41.08134094715933,-143.4796858918271,-142.03596730262507,-151.25512546504615
2025-12-12 17:58:08.576180,Right,-23.965136023820378,-29.992215437348932,-35.7639810104738,-33.79832627432188,-180.49863007836393,-28.54983114055358,-28.962295310222544,-39.95231571153272
2025-12-12 17:58:08.580174,Right,-25.3653166522854,-44.236592490575276,-50.87456112151267,-43.86590480792802,-103.68939842560212,-40.295000374899246,-38.58933990332298,-47.97276636661263
2025-12-12 17:58:08.584189,Right,-119.1240907550673,-145.51891735219397,-151.17065620893845,-143.18295649299398,54.754318450111896,-138.30511865054723,-134.58536216022912,-139.8127238554298
2025-12-12 17:58:08.588185,Right,-119.2869650819921,-133.34957400133135,-136.75002010166645,-133.94181093299994,6.021686251042411,-125.31744173716288,-123.64445202826755,-126.98632884770632
2025-12-12 17:58:08.591214,Right,-17.030893392220605,-21.41701128828572,-24.357761399121955,-24.110352968564257,-152.35424696977134,-14.445759423426352,-15.443158309964929,-19.997940234607086
2025-12-12 17:58:08.596227,Right,3.523108315275749,-11.125252480444033,-15.762491690402385,-11.746262534928974,-118.513501129637,-4.79255143343471,-4.6091266484581865,-9.658318146422971
2025-12-12 17:58:08.600216,Right,-90.91495522877085,-115.35035742190666,-120.96781696652761,-114.88468392164214,49.44333898150944,-109.71270403370727,-107.16540617018472,-110.78327660262585
2025-12-12 17:58:08.604249,Right,-120.33102274863631,-133.86078832420753,-138.59301592240809,-136.91858939564554,42.368238290946465,-130.66384337929776,-129.22951597021893,-132.54317307518795
2025-12-12 17:58:08.608260,Right,-26.55883398820879,-26.04565151204588,-30.13809528411366,-32.06943954224698,-121.31339475011919,-25.81324362521991,-26.853805730410386,-31.881210885941982
2025-12-12 17:58:08.612273,Right,18.92855371834594,13.886283015657682,9.085558265040163,10.02059679228114,-129.48881264450029,13.058152339188382,13.136854966112878,7.7698477348312736
2025-12-12 17:58:08.617337,Right,-64.79772061103722,-81.16914849414025,-86.14544415444834,-82.41705896932399,39.92013634639443,-82.01134243607521,-78.6602656856412,-81.50514739891514
2025-12-12 17:58:08.620283,Right,-117.47522540239152,-127.21849959430983,-130.7753249152447,-130.8539011980174,76.44309346066439,-129.4945909055241,-126.05143144988688,-126.88979194755666
2025-12-12 17:58:08.623262,Right,-36.97907775209751,-33.08273676678073,-35.59474195801886,-40.31703231064603,-83.7512459840218,-37.26608550970559,-36.46959711550153,-38.172941656957846
2025-12-12 17:58:08.628317,Right,30.923020876885857,30.82641969237011,27.733755072578788,24.885805524303578,-138.21027156998753,27.260573128965916,27.997378649102757,25.255732427875046
2025-12-12 17:58:08.632331,Right,-33.61158107611118,-46.73870788051863,-49.92633285501506,-49.08280731004197,18.118506042199442,-47.67460658989148,-44.020192763302475,-45.39040251210099
2025-12-12 17:58:08.636348,Right,-99.07838053134037,-107.83164993539685,-109.02560330281267,-110.35099970191368,97.91399440346868,-107.59683918877272,-103.21879785496276,-103.14713932489394
2025-12-12 17:58:08.640359,Right,-28.024256344535388,-20.18838243134087,-19.611128952004947,-24.94786306511378,-41.55802231494454,-20.87683681436465,-19.09811458326294,-20.307463648059638
2025-12-12 17:58:08.643357,Right,63.94362675512093,72.59126593775,72.18921856282395,69.2383996854478,-132.97844704426825,71.54125902053784,72.21370881592156,69.17440424396773
2025-12-12 17:58:08.647359,Right,20.620289824379142,14.864648662827676,12.354909987945575,14.952781002502888,0.07141698386112694,14.505497660138644,17.204217931750463,15.203134430514183
2025-12-12 17:58:08.651379,Right,-65.39064168607001,-72.92211085083545,-75.67020551822498,-73.4391977172636,113.08100312305032,-74.21919154343777,-70.70053362555336,-70.00834870195831
2025-12-12 17:58:08.656371,Right,-25.162320300529245,-18.32556564162951,-19.906704834342236,-22.167707060929388,-1.4557236422406277,-22.677080164517974,-21.195102917932672,-19.380696794425603
2025-12-12 17:58:08.660436,Right,73.87165861224639,84.26035056379624,82.885797071649,81.34913683641935,-124.79089181180461,78.28868538083043,79.30460644204868,81.07717094093096
2025-12-12 17:58:08.664428,Right,56.79660813722876,52.956678217306035,51.11809089803137,55.16164499154547,-20.063514277571812,48.959443400934106,53.08382269600406,55.89178497926332
2025-12-12 17:58:08.668421,Right,-31.606676754978253,-41.48445804134826,-42.40881656043348,-37.23052277270472,124.63097977430152,-42.56988504520268,-36.36219227415859,-32.47421664916328
2025-12-12 17:58:08.671437,Right,-14.01864538132213,-11.124958661122946,-10.230852736160159,-9.569297707232181,46.839529432792915,-11.509978048299672,-7.202856577641796,-4.5934503447206225
2025-12-12 17:58:08.675476,Right,83.59699963597814,94.22613050349173,95.43886846583337,94.42541611613706,-100.78387950046454,92.89594619011041,95.25967029709136,95.95889422419714
2025-12-12 17:58:08.679473,Right,78.5880107365956,78.63692123192595,78.75037202445674,80.83266543183709,-36.81478891133156,76.43380580435041,80.06245664399466,82.03286020521773
2025-12-12 17:58:08.683502,Right,-26.161072884802707,-33.32367284479551,-33.20488420772017,-31.305816888896516,122.20731433485344,-36.832064500893466,-32.423217005387414,-26.88341888433206
2025-12-12 17:58:08.688544,Right,-43.9309335113212,-39.6173518403084,-37.93820519023575,-41.83700861723628,79.92510491884605,-45.43688372991164,-44.47849022629089,-37.44835780412541
2025-12-12 17:58:08.692559,Right,52.57297995701083,67.07887188883615,69.63694161563762,62.8263145366509,-83.99379404744832,59.97649225269561,56.795360618882114,62.97180868923897
2025-12-12 17:58:08.695554,Right,85.35790250092396,91.38450830816873,93.59863056396716,90.586651682097,-59.99288287392119,85.6002250527963,82.47580345958704,89.4248864366964
2025-12-12 17:58:08.699541,Right,5.101856556881103,2.4336782223545015,5.3151421756483614,4.496414668188663,114.42267428660125,-1.8063400257960893,-2.864934924422414,7.027856844622875
2025-12-12 17:58:08.703564,Right,-21.157095777773065,-12.951493724423926,-7.745845651021227,-13.603222295438172,123.63052471427363,-18.359852951209177,-20.26853140250023,-9.423721025028499
2025-12-12 17:58:08.707571,Right,71.67978417377162,93.60634889290668,100.23648114062962,89.22433094162261,-39.129906802139885,85.74675003021548,81.0544870110316,89.59478963725269
2025-12-12 17:58:08.711576,Right,122.6454956063244,138.32779229508014,144.2002898490755,134.59893907529477,-60.95282137637696,130.32798262231518,124.9008789222571,132.15088444809953
2025-12-12 17:58:08.716621,Right,45.86648496436828,48.88117009308189,54.2434963042615,46.90632788510993,106.18602780453512,43.142845326510724,37.808198621700285,47.37602184903517
2025-12-12 17:58:08.720587,Right,-8.682130931018037,0.1438986001885496,7.069114213736611,-4.046464814455248,156.44576329173287,-3.990154477854958,-12.360984321712749,-0.08871115850342903
2025-12-12 17:58:08.723589,Right,63.981900521335774,87.04338287754217,95.58583056001225,79.70505137876899,1.3517586805901374,82.92642178515962,70.07322055204713,82.40967019430536
2025-12-12 17:58:08.727613,Right,128.01367225706053,147.43451157264644,155.550628328303,141.38721665514458,-66.01505563410319,143.74354230701283,130.18398421406164,141.99545076629147
2025-12-12 17:58:08.731635,Right,64.2433283860446,68.79754739219788,75.95757383266755,65.72530752449529,81.10626606130973,66.34371926361928,55.35125245527888,68.39239957122481
2025-12-12 17:58:08.735560,Right,-1.4311954773511388,4.603128907299833,12.327738190171658,0.2244664889149135,167.9987415045689,2.190207775660383,-8.440321176414727,5.294056286496925
2025-12-12 17:58:08.739633,Right,69.29711223988124,90.48305822341354,99.13884201836481,82.75670568439818,34.284289130526304,86.96932869070588,73.82128222975007,85.12762239079166
2025-12-12 17:58:08.743645,Right,163.44500797974615,185.45592567049607,193.62633423010993,179.10868377335282,-65.38339754476328,182.55078182385478,169.21737623825902,177.43305966969638
2025-12-12 17:58:08.748610,Right,116.7816966378814,123.93780480381974,131.47494027920766,122.64898990121583,61.294867827506096,123.98237662263273,114.31243770275614,122.30565526805003
2025-12-12 17:58:08.751656,Right,12.219632981366885,16.477115277055418,25.197717584349448,16.844334062705457,182.1706242600667,18.601342521105835,11.648078028083546,20.776692707760958
2025-12-12 17:58:08.755606,Right,25.249443881541083,43.814721017944976,54.20141395707469,41.85694363597577,72.71321345321121,45.01153720347793,37.73912689816643,45.77981785385782
2025-12-12 17:58:08.759686,Right,104.76702060614844,128.42434188653715,138.36039398307184,126.29821585668105,-64.19480326421944,127.47979522454261,121.25423329028854,126.83584658919426
2025-12-12 17:58:08.763706,Right,80.46753189473748,91.51713837091665,99.61801199951879,92.20231695209077,24.141928046314206,89.03240952104534,87.66450037336836,92.97007762682188
2025-12-12 17:58:08.767734,Right,-9.363385135169665,-3.6101741375496204,3.9943539559717465,-3.245965638652706,169.71615761524208,-8.267413008739823,-5.495343630773277,1.4867111322964774
2025-12-12 17:58:08.771733,Right,14.441999367511016,33.39970983267267,41.68888887924186,29.068911375492462,99.17622490683289,25.142257516296013,27.654534558689193,34.94531154677679
2025-12-12 17:58:08.775745,Right,133.01871533958183,159.6418197619496,167.4096384854456,152.8706219883552,-54.522531418765084,148.94488895249287,150.41671531677093,156.5175945149349
2025-12-12 17:58:08.779692,Right,153.19840218943546,167.51471846306595,173.72394696510673,163.2962408666208,-1.3760231568539893,157.46592655790437,161.35875832275997,167.77661604513196
2025-12-12 17:58:08.783776,Right,55.84044283736148,60.480949360554405,66.5697067071269,57.889951492610635,160.93920130954302,51.503639861479314,58.724582111573,66.95886883779713
2025-12-12 17:58:08.787775,Right,25.7865477923624,41.46242993504529,48.765621553922756,36.1016141318737,127.02085601583894,30.67356979575561,38.05221382770827,46.199967474127334
2025-12-12 17:58:08.791782,Right,109.96891165913621,137.59943682382072,144.48949022868305,130.4161602442,-45.232165250721664,123.43216029608084,129.95224588271503,135.6761960808867
2025-12-12 17:58:08.795797,Right,138.61882085291654,158.39646355373043,162.58255428140728,154.4606849720949,-40.14789075527369,142.6157377164127,151.4324986444335,156.07052661016587
2025-12-12 17:58:08.799832,Right,50.022887436207384,58.72777386429152,60.8117235378686,58.29705030432888,127.52686101100335,42.96931298816344,55.32061488115869,61.41204942597142
2025-12-12 17:58:08.805826,Right,7.51952621791861,24.283983783701842,26.393249114516948,22.723199466352526,139.4113656534464,7.923147047204111,20.461641618967406,27.124899953312706
2025-12-12 17:58:08.808858,Right,90.96401099833383,121.03042236874535,123.33028195020597,117.57741421385435,-32.92269734644651,104.01100722437695,114.72033875639681,119.5809808981976
2025-12-12 17:58:08.811871,Right,143.97338817450145,168.58724875801272,169.93113067941886,167.4400682167543,-74.70694749925678,153.27112550004676,164.6899687776604,168.83483474674722
2025-12-12 17:58:08.815860,Right,66.86184721229802,78.34109347418416,79.25749417730185,80.06231479332928,85.75113255573888,66.26662294601556,79.68033634795574,86.20199877030973
2025-12-12 17:58:08.820901,Right,7.060715500520018,23.20606692424917,25.235649598667806,22.948972632228106,145.77529980602412,12.55938929443073,24.116889152952353,32.790892546545365
2025-12-12 17:58:08.823921,Right,86.02940939555265,116.48290205784724,119.0364586164942,112.82889612663712,-4.42396070441464,105.32866339360044,111.79136430332437,119.72188015801657
2025-12-12 17:58:08.827896,Right,170.2155427694379,197.59236765953392,198.47740072922898,195.4854163284108,-76.97437029354478,187.27069321663294,191.21180573870515,198.11406209567212
2025-12-12 17:58:08.831883,Right,115.94224553003733,127.52605324878095,126.66722301361733,129.5129871685931,73.97396616296464,120.13048563912162,125.27411495574779,133.61035966654163
2025-12-12 17:58:08.835900,Right,33.33617467476142,44.59474532154127,44.26896884460439,46.36545134444168,177.78559991228394,39.338521972582384,44.58310043052188,54.501238333243236
2025-12-12 17:58:08.838928,Right,78.4607199417078,104.45950820113649,105.47831462424074,102.75815242472163,51.58680204502889,99.59692104665737,102.17047090306005,110.70920459681656
2025-12-12 17:58:08.843929,Right,163.85967789688584,191.69040065825538,192.44049464937416,190.07438661194465,-58.829519430531946,188.22193540299486,189.43073458617437,195.47258468578366
2025-12-12 17:58:08.847940,Right,126.26538687655557,139.517109448876,139.45938158330682,141.75568418228067,61.2207181040867,139.66535753224161,142.35344528682617,148.1869303026906
2025-12-12 17:58:08.851965,Right,34.00850118388189,43.31926769117126,44.194152333177044,46.8445997472445,193.4901173686594,46.47154491627589,49.15561185957631,55.79170534844161
2025-12-12 17:58:08.855966,Right,58.66129518917296,81.56064514387981,83.92102613132738,82.786057278121,94.2501086659031,85.13484468824754,84.16440614608291,89.17373276900616
2025-12-12 17:58:08.859915,Right,152.00424029189162,180.12296800264448,181.73189545277273,181.19739656700403,-49.75432802555588,183.77700375595305,179.87940635955601,181.75879940745654
2025-12-12 17:58:08.865016,Right,134.7077696317865,149.8906524625345,149.17411554171122,154.00408906271332,30.495517242241476,155.2857687270298,152.4010871067003,153.2895004345046
2025-12-12 17:58:08.867998,Right,33.65999629924772,42.777456840791274,41.14209050867066,47.01685941587493,183.8726470102265,49.436859469802584,47.82567027036566,49.630571742527536
2025-12-12 17:58:08.872001,Right,35.462160968687385,58.25895099052286,57.18691841387772,57.94065069280623,121.6150480430806,63.41521755422582,59.54767052695388,60.880589924854576
2025-12-12 17:58:08.876024,Right,138.16749848613108,170.26192483131308,168.73255509120645,167.14834154292475,-42.60724144837877,173.1886493072525,166.36753867240623,166.06420779935434
2025-12-12 17:58:08.880033,Right,150.8396789434628,171.03952414695232,168.03881312531303,170.29614146602398,-4.623067557666218,173.9892393971677,167.42973135549983,167.99719089170685
2025-12-12 17:58:08.884040,Right,45.87767246302974,54.75823561947618,52.03883923809917,56.1741482977086,161.26674982182158,58.740160990681034,53.50827390377526,57.727690784377046
2025-12-12 17:58:08.887042,Right,11.084751410744502,29.424600227182964,29.216249748918926,28.810148074669996,139.66740586613014,32.35991090693278,25.95531668928743,32.502909674469265
2025-12-12 17:58:08.891067,Right,104.51858082623221,134.70340231983573,136.46023275348125,132.36242791224504,-37.057255878084106,135.07122713860008,127.3039413637307,133.2664706846699
2025-12-12 17:58:08.895058,Right,152.295523810928,174.3981522803806,176.4265203414834,174.72455615433864,-48.02087130154541,173.70374466790236,168.27297339370125,173.900314453771
2025-12-12 17:58:08.899068,Right,75.14281985721027,84.36067732627271,87.13908161444124,87.54063570259314,118.08386282755237,84.35876166363596,82.48311118059792,89.69765221289708
2025-12-12 17:58:08.903103,Right,31.67700461084314,46.83572799322428,51.77355964612798,48.43176899071841,142.42379608709598,47.03525550484483,44.84233820383088,52.74912005737133
2025-12-12 17:58:08.908116,Right,114.2586246796709,141.71367905336956,147.71725746203447,141.03220954464632,-27.871942204408697,141.52411727627623,136.4912385092466,142.45332217578834
2025-12-12 17:58:08.912111,Right,171.93529412336648,192.85552966370597,197.330971420859,194.40190179376805,-80.11771576025058,193.6798551655811,188.6391914103151,192.90158225494088
2025-12-12 17:58:08.915106,Right,93.99139024956094,99.19026374648092,101.91059343377128,104.3946788636531,80.18052292054927,102.226751971888,99.57653592166025,104.72524128475925
2025-12-12 17:58:08.919124,Right,21.57226463840925,28.73401783494046,31.591404271341162,33.496635648436495,152.60551593702985,33.01657727104612,29.669349463103572,35.79871424402518
2025-12-12 17:58:08.923163,Right,87.590885976766,108.31655795466213,111.4547395502741,111.08642409452295,3.1371329562098254,113.25345214482513,105.60313341552683,110.05455438625359
2025-12-12 17:58:08.927164,Right,168.20168101167656,186.17748472811945,187.56402697552403,191.37853898340836,-85.07014064685791,193.89192331321829,183.7756572423241,185.7752269943885
2025-12-12 17:58:08.932183,Right,111.16518042633834,112.24716644687578,111.39366138329206,122.41795807112067,59.45066007820424,124.84889101449517,115.6929535230156,117.25862022813817
2025-12-12 17:58:08.936183,Right,18.614457342482638,16.934319987602066,15.869903493789025,28.09532052068971,175.97081830145908,33.189304391577025,23.567702122047194,25.388502484958735
2025-12-12 17:58:08.940202,Right,57.720328356852406,69.34269729870721,69.07212663427345,78.20629875463783,58.242853448115056,86.67820578048122,72.97743119238294,73.44798791603534
2025-12-12 17:58:08.943146,Right,150.2372906380333,163.40807904182293,162.5141139528423,173.02772580456804,-61.269718595183804,181.8681863489328,164.52748361202248,163.86202980689995
2025-12-12 17:58:08.947216,Right,118.71264351664286,115.90585014176031,113.93686762580182,129.39827128330944,52.54091534312465,137.3271908442257,118.87716314286808,120.34921619891247
2025-12-12 17:58:08.951211,Right,17.4407968174055,7.8743232361157425,6.984791251103161,22.191891214723,196.63563748990418,32.0255670392944,11.371996159141418,16.82197600933432
2025-12-12 17:58:08.955238,Right,32.31525270227576,34.20343588605465,35.64354392916721,45.7619565903442,108.74942843118333,58.74613932290231,33.30190054496052,40.72066966989951
2025-12-12 17:58:08.959289,Right,137.01126162029686,142.91069338290254,144.79849385093257,154.59143041618518,-41.73669589104247,166.87055717394105,138.7309712703427,146.33577076946676
2025-12-12 17:58:08.964207,Right,144.4960525508941,134.9305200848612,135.50781606933742,151.1998253953061,31.43263862472668,159.0581704970682,133.1518707187788,142.5915448704618
2025-12-12 17:58:08.968304,Right,54.12861318522482,34.36429069736914,34.81139666205854,53.30094246438239,197.99368735322787,58.05534086021362,34.78612740132667,47.549801484972704
2025-12-12 17:58:08.971272,Right,46.29530916768999,37.58650787836814,39.400062420623726,54.470275626226794,154.3775007838558,58.93697561393492,34.31664042219927,48.08842751974589
2025-12-12 17:58:08.978315,Right,139.2999076150154,140.88463533071626,142.7912115471554,156.58231460864772,-11.185703841401846,160.29660684085684,133.38024534574652,145.34497587772785
2025-12-12 17:58:08.981321,Right,154.94131802408083,147.42097620754794,147.48175331416132,166.0061782685225,14.40582947486837,167.7116302178183,142.03219588169304,153.2201500319352
2025-12-12 17:58:08.984327,Right,55.93004273547558,38.913593278834014,37.81361277164251,59.247553941910155,184.2596469484124,60.924941377481446,37.78564529209689,50.705700450751465
2025-12-12 17:58:08.987341,Right,18.779054128710413,11.922005725718918,11.317692062511924,29.258674387529027,180.87418233694916,33.098067202896345,9.478197786316741,23.708856357989134
2025-12-12 17:58:08.991342,Right,104.2727008258953,109.95969913766021,109.10612647139351,124.67693114775466,10.377101925958414,128.28408175124787,103.13884598236473,116.89364210134954
2025-12-12 17:58:08.996371,Right,143.64778327103704,141.66944492478797,138.69217820667836,158.5421005464159,-9.443547467657481,157.84866987084388,134.84015433296736,148.9809772579756
2025-12-12 17:58:08.999366,Right,55.188586041214876,40.050972393597476,35.33153054793365,59.077008938998915,156.52265094112954,54.504346539091785,35.922812805263675,52.35418782697525
2025-12-12 17:58:09.003359,Right,-0.4790064251428703,-9.090787425782764,-13.890187549826805,6.783890175662236,195.6748619461141,2.139678455918329,-14.912913277075859,2.254232994397171
2025-12-12 17:58:09.007386,Right,81.13749237722368,87.58458043672726,82.21034408101696,99.0934036836552,32.747351042198716,95.5777024536219,77.36638955629314,91.43885448525543
2025-12-12 17:58:09.011394,Right,152.12758483369544,155.30117991784937,147.55721840930346,167.52870554162655,-29.378374337218702,163.22002920438536,146.1590420681896,156.56383740718593
2025-12-12 17:58:09.015359,Right,85.75588713253092,74.50429462714237,65.17657697598042,89.9324996805517,124.0047499529901,84.4784111170593,71.50678104706458,81.59438754987787
2025-12-12 17:58:09.019422,Right,11.407302431311109,2.0503836561838398,-5.937744016235229,16.82272973601357,205.16674840825726,11.954529379116138,1.3434171705011977,13.251716408442007
2025-12-12 17:58:09.024467,Right,73.10263461443537,78.52430757561524,72.49469772566226,90.27724380535074,62.27392689764383,85.41802684099821,74.09376763959881,86.75868962801178
2025-12-12 17:58:09.027450,Right,160.5681762445165,166.18068112814217,159.74007625642116,178.5292220414849,-36.5095766656741,170.59752522791678,159.41549456452776,172.2966939730395
2025-12-12 17:58:09.032469,Right,112.99340742238564,104.26544214937894,96.14637063817645,119.72733765144949,95.19609481137013,108.50224578926282,99.41239251062507,113.80496782257978
2025-12-12 17:58:09.035426,Right,15.133159155695466,4.902796205919003,-3.540038826671662,19.91066049685469,212.13006879913155,9.180795421125367,-0.02150389351299964,15.238533059935435
2025-12-12 17:58:09.039545,Right,35.99342737096595,40.459288926955196,32.47629137520562,52.077862787031336,94.16984755502199,43.85821910513914,31.164604885168956,43.877937090263
2025-12-12 17:58:09.043552,Right,116.19112741728895,124.56371250498341,115.68506909103598,136.1889469769376,-42.642693986344966,128.17524080285511,113.59046945947921,122.31976509679225
2025-12-12 17:58:09.047547,Right,87.17466762188997,81.71974516879709,71.17030574700038,96.63605396852654,51.38515392062254,87.3877969920286,75.12503398800618,82.27747010276653
2025-12-12 17:58:09.051545,Right,-7.426675924289157,-18.479174606327433,-29.346528366600978,-3.8085524819907732,194.78971102229843,-11.612545650728862,-21.736112891230732,-14.458625853658305
2025-12-12 17:58:09.055558,Right,6.866714967065491,8.802762202176382,-1.5198957473039627,18.76299907534849,115.47853875708824,14.544102541767643,2.9518223412014777,8.637757961158059
2025-12-12 17:58:09.058572,Right,104.35606228972028,113.49353535189584,102.29416545855929,121.2556940108334,-40.37531069878605,118.2698564913153,105.05995619573514,107.89937289489899
2025-12-12 17:58:09.063559,Right,101.94832727503672,99.25828873265709,86.15169474897266,109.65870284791163,17.666724856666406,104.96605916370754,93.44231561022752,95.75707549059007
2025-12-12 17:58:09.067568,Right,1.2800034933316056,-9.46159894806624,-22.75813259302231,1.9883504875324434,180.18352895214048,-3.461712160613388,-13.106701786266058,-8.911925078908098
2025-12-12 17:58:09.071594,Right,-10.32934631711396,-9.318316670454806,-20.959839020171785,-1.8663518029934494,141.55648121934792,-6.237358566882904,-17.437035714116064,-12.64078841675655
2025-12-12 17:58:09.075608,Right,91.86144457614864,103.12382465401606,92.03975218541746,107.05420795857208,-29.048640444729244,102.03891649615252,88.84269651895738,92.11557235621149
2025-12-12 17:58:09.078624,Right,121.24065942387097,121.89063642808469,109.5486330302374,126.8860115086427,-16.701076082899817,118.84236265918298,107.4167820635339,110.31502977169293
2025-12-12 17:58:09.082618,Right,24.9767217226472,13.061688471207162,0.5638451717240969,19.067183842271334,151.41802913331776,9.918658010137733,1.5617077366478043,6.4078522981581045
2025-12-12 17:58:09.086576,Right,-19.489015859988285,-23.28355539412587,-33.40384335120325,-20.507278351287823,157.45464162694407,-27.279790683329338,-35.8805850786448,-29.567541122291004
2025-12-12 17:58:09.091644,Right,63.43567584732955,73.3717897200695,65.79085350477544,73.0566459435504,-13.338863185694208,67.68209041864611,57.45916175808816,63.626112146972446
2025-12-12 17:58:09.095652,Right,107.79384053396643,112.92222923881491,106.33120383477944,114.09254684692132,-45.882379392001894,106.33005766967835,98.20682804859825,105.2505058326642
2025-12-12 17:58:09.099608,Right,18.36633510761021,11.8119940005854,6.3902501750708325,14.628477994017885,115.30581269113463,4.327641002717428,0.9289992112026084,10.836420994761284
2025-12-12 17:58:09.103659,Right,-50.06104599685932,-50.23558778956067,-53.03656700871943,-50.95910517471202,162.07318780754576,-60.59454226001981,-61.99929397807864,-50.49851984983252
2025-12-12 17:58:09.106693,Right,20.04002981011581,35.29093333684432,34.38356062985258,29.78383719889098,-1.672376619579154,21.385021667170804,19.19379050009593,29.166655683293357
2025-12-12 17:58:09.110736,Right,91.60542682856612,104.85020714336133,103.24885785578226,99.80959474167321,-80.17741985357134,90.145867717496,89.09915284116869,97.70992011362978
2025-12-12 17:58:09.114686,Right,29.47178781007824,28.69595670659328,25.921114482014673,26.853469042660436,61.66066178130859,15.837415625952417,18.036960055003874,28.504557338383165
2025-12-12 17:58:09.118818,Right,-48.67808845377294,-48.17641592283326,-49.869683555021766,-50.856595107514295,145.68779891176382,-60.1998243854614,-57.4802086851123,-44.18190767242049
2025-12-12 17:58:09.123726,Right,5.239790495150373,20.616091110772686,21.255211819923716,14.206730412653997,0.7237313486257335,7.127719853582676,6.9883843433635775,20.86901308117376
2025-12-12 17:58:09.127736,Right,90.56449520465685,106.8382553661504,108.72603601208539,100.17443597267265,-116.0145029869891,92.2778278029291,90.85260526930506,104.48320726663223
2025-12-12 17:58:09.131790,Right,44.54763991983782,45.72397507861024,48.48222962775617,41.75336686016817,1.893139226580388,32.04175678975298,32.38163846761745,47.62153085132013
2025-12-12 17:58:09.134780,Right,-53.076848879645695,-55.63156871696992,-50.546831417465,-60.38228949251061,124.93691246872186,-68.75994747785444,-67.99182493206172,-51.01793328401982
2025-12-12 17:58:09.138745,Right,-26.9862704698171,-15.91755069035571,-8.353823540441226,-25.144278505220427,16.72755719264387,-30.79540391365299,-32.19755517230078,-16.612902082997607
2025-12-12 17:58:09.142748,Right,68.26252930724877,84.36389524147671,91.96561033274338,73.57298276580696,-124.48232043506141,66.96443515083229,66.0948326565267,78.57962928857887
2025-12-12 17:58:09.146757,Right,51.57134258691076,55.22995032944891,61.26057596466853,47.20781836200331,-36.875066466556746,36.34983659030695,41.390367188170785,52.95630753398291
2025-12-12 17:58:09.151801,Right,-45.73483933223906,-47.238960209389916,-41.43321588874096,-54.180006243506796,115.17520333693392,-67.4193761634524,-56.44830440390797,-44.01764705772803
2025-12-12 17:58:09.155817,Right,-38.89542729334062,-26.838269282583497,-19.943276280828286,-36.24004975738353,47.90694504485873,-48.71136377476796,-36.65993703829008,-25.332289666563156
2025-12-12 17:58:09.159835,Right,62.80993186227715,82.95056351431413,89.60560549667571,73.3708023531508,-112.16488406111603,61.12597303165239,72.52616731097805,80.64749068097444
2025-12-12 17:58:09.162840,Right,69.3751750861411,76.97666227736045,81.85641566988488,71.76003621063137,-65.38557614923047,58.01722596160107,71.64520821110636,78.1998019443854
2025-12-12 17:58:09.166843,Right,-38.01892408632557,-41.18789867196756,-37.040918813523604,-43.51786366383021,100.84223941473465,-57.395209302936564,-40.76933035609545,-33.446673124388326
2025-12-12 17:58:09.170865,Right,-71.57007926070219,-64.94519795537053,-60.03717207633599,-69.30336573385284,75.73804897865921,-81.16787835089781,-64.93781887989462,-58.08638637125841
2025-12-12 17:58:09.174813,Right,15.654591703765618,33.578841755748726,38.17137412838929,27.567868839978473,-93.86835523705668,16.47427936778695,30.765057301432535,34.82037399741239
2025-12-12 17:58:09.179878,Right,46.715203367617505,56.60798780209734,59.13593046730966,53.346250091999536,-91.3146822573326,40.75988487907307,55.75228924828116,58.080544947777526
2025-12-12 17:58:09.183981,Right,-45.181095583313436,-46.5134690260893,-45.04040837706998,-47.41151937338873,77.69781221760786,-60.06639122685738,-43.15114276195527,-40.01872880193696
2025-12-12 17:58:09.187920,Right,-91.7200600793658,-85.10619366713945,-82.33670950851229,-88.7353414480167,95.3805522559851,-98.54580803103454,-82.31438914300816,-78.8509728125282
2025-12-12 17:58:09.190916,Right,-6.143672643142054,13.707579677189642,17.69456206195173,6.517296511468885,-74.44230252726265,-1.605043732932245,13.071951261495997,14.879028319301142
2025-12-12 17:58:09.195931,Right,53.41458107576182,67.13203901803354,70.30858101203921,61.12195553292986,-118.27147181348118,50.93701713777409,67.49462526507705,68.50323360897892
2025-12-12 17:58:09.199942,Right,-20.579906136241334,-21.816094384084863,-20.054184332344448,-25.110179568218882,42.312702388633625,-37.51147076093912,-17.31793215295329,-14.772609684740019
2025-12-12 17:58:09.204900,Right,-85.10954579255485,-83.79737933148135,-82.6503386639015,-88.6315553704917,105.01847569080564,-99.98448345816723,-79.78633265572716,-76.68719326531573
2025-12-12 17:58:09.207964,Right,-14.947563929097669,-0.17840345751756104,-0.19539923893171363,-8.347424069797853,-48.11104346331922,-18.062719032997848,-1.0818401355936658,-0.8394471295250696
2025-12-12 17:58:09.211918,Right,62.9983769024293,75.31335952921654,72.80511232595018,68.07441637836018,-130.54471064063182,56.989616965685855,73.19509797671344,70.18261440254719
2025-12-12 17:58:09.216018,Right,5.444285652625695,2.4430514592750114,-1.3123318747529993,-1.266351156446035,12.921407226705924,-14.476419105074456,4.343181161704706,0.9584264817240182
2025-12-12 17:58:09.218995,Right,-81.53356723520119,-85.65873428753548,-87.41482813753828,-89.49075849600922,115.47108482095427,-101.42775807759608,-81.89127711969923,-84.8998436848342
2025-12-12 17:58:09.222999,Right,-40.43611867607251,-30.903615708499274,-29.970296811421576,-37.77479238336673,-13.937909497199144,-46.346386748929945,-29.861993449732836,-35.132678688372835
2025-12-12 17:58:09.227006,Right,47.07786053367818,58.52073117544205,59.306580834709166,51.63308044691803,-133.8344566862761,44.33668052756184,58.75942402642977,50.409853955789
2025-12-12 17:58:09.231038,Right,17.20799302530577,15.26238097363239,13.964683491307369,10.964239709472167,-20.833561714647658,3.086705620655266,19.06043926582788,10.807621395608294
2025-12-12 17:58:09.235044,Right,-68.45969285345564,-72.89445651602728,-74.90901599870995,-78.04505211218566,114.06711223969614,-85.19682690572881,-67.98177299574309,-73.84379232284118
2025-12-12 17:58:09.240054,Right,-40.08946920647577,-29.594979121240613,-30.83778239100502,-38.99497561017051,20.64896815261818,-44.78443545137634,-29.406715831704787,-34.595956758807006
2025-12-12 17:58:09.243004,Right,58.01837633368086,74.63698662535899,73.35618268464896,64.32562212360426,-123.22584996605292,57.34464342903084,71.21325372376305,64.98507399110531
2025-12-12 17:58:09.247055,Right,44.270308182420194,47.62465513351344,45.727735798493086,41.06783069917219,-45.580804136714505,31.698126193250573,46.970207566551835,41.33246096059884
2025-12-12 17:58:09.251057,Right,-62.22622387980846,-66.51108806683624,-67.41237945258763,-71.37111560418998,109.83101570315739,-79.59049205369956,-63.634002386403154,-67.26916837994577
2025-12-12 17:58:09.255093,Right,-72.98578377997728,-64.78315749943431,-63.75698862346326,-72.82340052389554,51.79155425681074,-76.62504691941649,-63.65962260112792,-67.44748557941057
2025-12-12 17:58:09.259109,Right,22.804862161587153,40.90520609864325,41.76056265953957,30.77689857891164,-113.65039022010842,29.036563101126376,39.33493950936827,33.23761477698281
2025-12-12 17:58:09.263054,Right,41.161366394246215,48.93139311799314,47.48120761624159,41.5642888759794,-80.63035171086631,37.64314098459363,49.817289256046934,43.1083746565746
2025-12-12 17:58:09.268130,Right,-52.70216079860347,-55.68747283772609,-58.29782110181259,-60.484499774804135,85.70176057809954,-66.29631619971042,-51.08015068502573,-56.0277168069224
2025-12-12 17:58:09.271118,Right,-82.21298522708776,-76.68078698751196,-78.17670979642571,-83.26685008692402,71.4114661164911,-87.89326122270313,-73.6866031906502,-78.16779059972396
2025-12-12 17:58:09.275156,Right,7.791019106998874,23.948886984973797,23.334928445146943,15.491790175714414,-99.57722494346467,12.081363241361487,23.27322114173512,16.828836339245754
2025-12-12 17:58:09.279177,Right,48.401146588900474,56.03066648921231,54.765493143459025,49.78327609153894,-110.36364798032446,45.42757452029048,56.763448914200126,49.496255613565154
2025-12-12 17:58:09.283174,Right,-35.08636887689045,-39.91612456318035,-41.40058103794581,-44.04861063811222,56.79023095202592,-48.66270998630921,-35.238790113737195,-40.556522965121985
2025-12-12 17:58:09.287119,Right,-83.27220527621739,-80.89763067489548,-81.22258505244099,-87.60726024020732,87.40500908915692,-89.89617673210978,-77.33924275293248,-81.57503595200251
2025-12-12 17:58:09.291187,Right,-5.018415493155771,11.837205481730052,11.72802070355101,1.928652426827739,-77.95601832202374,1.408566800780136,10.944407881472216,4.241894423394115
2025-12-12 17:58:09.295201,Right,47.422967214049095,60.54559596916624,58.34731383682447,52.20146439254745,-133.4068628081841,50.602420609867295,59.93956967650411,50.115885910192446
2025-12-12 17:58:09.299216,Right,-36.55411614469813,-36.427552836257746,-40.523851152986026,-41.99776022327046,20.184426352901937,-44.628152159007186,-32.71853126543283,-42.87531532990579
2025-12-12 17:58:09.302221,Right,-113.76548638505301,-109.38579756349463,-112.84461144517627,-117.14429395610614,90.08322969593064,-118.51352384286656,-105.88286989927565,-114.77232696719875
2025-12-12 17:58:09.306259,Right,-48.61807277366279,-28.49250911200761,-30.420292225615412,-40.8236324890413,-60.570048711422714,-42.10762048322795,-30.719802322832948,-39.06724901390044
2025-12-12 17:58:09.311236,Right,36.198778059562756,55.87614283255334,53.97585889298716,43.25906011324878,-155.9353663559632,37.372970645099485,50.43882637724437,43.09840240540916
2025-12-12 17:58:09.315211,Right,-13.740499634197477,-8.99724852984491,-11.231492610357236,-18.821450572824688,-22.27099465599167,-30.887350336486634,-12.70099539956118,-16.90384326258436
2025-12-12 17:58:09.319282,Right,-101.62980542171135,-98.40532211421032,-99.10795688833787,-108.61092372852545,86.98147372947278,-123.03318969458087,-102.0478533922394,-103.31412570520945
2025-12-12 17:58:09.323273,Right,-64.1488756737017,-46.57826800533354,-44.91031805708735,-59.60088853361776,-36.26777635940016,-72.80638252824065,-53.881241735760426,-55.34177760064222
2025-12-12 17:58:09.327288,Right,23.613564434894215,44.43441102154611,46.9816602463834,32.43173391758137,-166.57903747196178,19.991686491859582,36.76227776048995,33.92510043492075
2025-12-12 17:58:09.330292,Right,-9.068727997593669,-1.6788134395596899,1.004614704843334,-9.234078486348153,-66.06330169550347,-21.875562292028917,-3.6500510139735525,-5.328349241590331
2025-12-12 17:58:09.334296,Right,-107.58323853209004,-103.97455072607409,-99.64504905343165,-110.658550491793,71.85719568818604,-122.20917087528505,-101.71841693181614,-100.77851438848938
2025-12-12 17:58:09.339327,Right,-93.13909852540746,-74.80143764148943,-68.09972096482397,-85.23098287699395,-15.28568853622346,-95.66124799806494,-74.77184106795357,-73.54835127742444
2025-12-12 17:58:09.343354,Right,2.1579621984565165,28.171592176819104,35.36772429732082,16.19085866552996,-168.4201911362543,3.4699027157694218,25.58848063905407,25.176568109842265
2025-12-12 17:58:09.347344,Right,-6.880907105663937,7.182506374305376,13.40816315157008,-1.8065977565420326,-105.22196450809133,-18.824226551732863,7.370657749613201,7.0723545234432095
2025-12-12 17:58:09.351343,Right,-112.73721293607014,-106.4106801258531,-99.77120470331374,-113.86661375582116,50.86058119757945,-132.36309599590822,-102.96799798332358,-101.2073127267613
2025-12-12 17:58:09.354361,Right,-128.04115972994623,-109.39693685614657,-100.66170662199193,-119.60986400314141,0.5905971977772424,-136.87493236417504,-108.22308289235116,-105.62037385720214
2025-12-12 17:58:09.358377,Right,-35.285549248997995,-5.833178388906163,4.110627477701257,-17.455892719433905,-171.45837701731944,-35.600060052755,-8.025959214897739,-5.947981108185559
2025-12-12 17:58:09.362388,Right,-19.646803573890793,0.5749099476415722,10.208787229726795,-7.759515745834506,-153.8052813845643,-29.51531351322774,0.6863303938371246,4.03861359792063
2025-12-12 17:58:09.367405,Right,-123.33418941145646,-113.28010626906325,-103.1327594566635,-118.93653740538139,11.066253814547963,-141.9795782483161,-108.58467958939582,-102.08898732042508
2025-12-12 17:58:09.371402,Right,-165.831899545512,-145.97976332874896,-133.81007980555205,-153.47834610212158,7.045053530229779,-173.60637721523744,-141.6092138214317,-133.90023947440932
2025-12-12 17:58:09.375455,Right,-77.37170000644255,-44.32267962282276,-31.174011589921065,-53.299853147833346,-164.05994280551386,-70.9313001489354,-43.02820297413564,-36.99855096335523
2025-12-12 17:58:09.381441,Right,-25.314017382210295,0.8297202509711497,12.782737615815677,-4.935922672124434,-185.40563658980682,-23.58877284225673,3.2785902334762795,8.394428105999395
2025-12-12 17:58:09.384444,Right,-100.4879103511339,-88.3706113653243,-77.1953928919529,-91.05948052958774,-17.45440218449221,-111.14893400067376,-82.22934191356762,-75.59282521351633
2025-12-12 17:58:09.387458,Right,-150.47337362769758,-134.4978171817529,-121.87970517352369,-139.65918555738608,27.127471790881827,-158.72622301035153,-129.4174628555411,-122.117037187385
2025-12-12 17:58:09.390460,Right,-70.49960382733843,-42.052027340236236,-27.82747270595155,-51.03869406093145,-133.7142277830717,-68.99230785787222,-41.641779094519734,-36.62494622642771
2025-12-12 17:58:09.397701,Right,-4.548221466407995,19.76725989264014,33.899686979173566,12.334530281419575,-199.24997045104828,-6.815097930000775,19.93672683303521,22.941800468499423
2025-12-12 17:58:09.401571,Right,-77.7187879709818,-67.19428776952918,-52.97145013860063,-70.11391213801835,-48.01924875545228,-90.10116520900556,-62.53193623324478,-58.25397081672054
2025-12-12 17:58:09.404527,Right,-159.1556691921869,-145.5794577470224,-129.17843839795023,-147.95205223729863,36.18140299847437,-165.430044843637,-139.76979283622495,-133.4014603751457
2025-12-12 17:58:09.407542,Right,-99.71675470827176,-70.20440474194038,-51.63243759851139,-75.35994399897754,-103.9950642505355,-89.32257946333993,-68.3561702666666,-62.6069476631601
2025-12-12 17:58:09.411527,Right,-4.938908289499523,25.168215565277933,43.20960133892004,19.732235184666933,-204.48643726201408,6.994841625990375,25.606049815902225,29.415067957761494
2025-12-12 17:58:09.414521,Right,-37.12470736146497,-22.731248190910264,-6.531616458880308,-26.355258172254253,-73.35395204651286,-38.1733501935596,-18.1321579849282,-14.478476756841701
2025-12-12 17:58:09.418561,Right,-116.53203372137068,-106.63644037260383,-90.72095634656216,-111.68092044684454,49.56997945577314,-119.61193111123066,-99.09846796637066,-94.94998067548659
2025-12-12 17:58:09.422551,Right,-77.79619085101149,-56.38896964018568,-39.8465208238722,-65.15612797495123,-60.30426079942845,-68.6363162991729,-50.891657831663906,-48.3673465867505
2025-12-12 17:58:09.427505,Right,15.907335245334252,38.81176794035491,54.422578869049175,30.337531549339474,-193.19196682704205,27.18360809830483,42.987239278500056,43.298934847898636
2025-12-12 17:58:09.431511,Right,-8.131747522689693,-0.8794512183922052,12.825258533735905,-5.201366838868125,-96.66657518591092,-10.944618484489183,6.127700323388126,6.957095046531322
2025-12-12 17:58:09.434592,Right,-105.03693195194501,-104.8691405305799,-91.51431597236297,-108.26448020267708,53.35828934959136,-114.18982071916253,-96.86152171811409,-94.1099784831058
2025-12-12 17:58:09.438592,Right,-92.77726653192803,-80.6338812701797,-66.40403125218836,-87.90074027062656,-18.147834649324068,-90.87970430938367,-77.48972910106022,-75.33582619567096
2025-12-12 17:58:09.442607,Right,9.195729852501245,27.641519224438525,41.43710178742731,18.367727352881047,-171.5118464026673,17.431917022193375,26.598171146393724,26.142214081388374
2025-12-12 17:58:09.446617,Right,16.06056831531896,20.91542587619915,33.150400205931874,14.512073286052328,-113.90672784300114,13.867098160630121,22.455102501411602,21.438359027659317
2025-12-12 17:58:09.450567,Right,-78.51659952518821,-84.65960866749447,-72.37155783100206,-88.76746826917952,52.97529744924395,-87.5050359142333,-79.05029492640097,-78.1734499492195
2025-12-12 17:58:09.454622,Right,-91.39946901189614,-88.890090604953,-74.7712686907289,-94.64143474565208,22.943801657027507,-89.37449028846822,-84.87897041323595,-83.5122347089673
2025-12-12 17:58:09.459661,Right,7.658184181207616,18.472463719874213,33.22109197019745,11.839511061494704,-142.12341884341004,19.441838023652963,18.809616297305183,18.057651961808006
2025-12-12 17:58:09.462665,Right,38.704840064270684,38.38619088528503,51.54613197795152,34.78987859170593,-127.52180777258764,41.92500172801738,39.831077369031846,37.56830306654592
2025-12-12 17:58:09.467677,Right,-52.133707183489605,-64.8571918193702,-53.1366102894317,-66.6464984254344,46.623448689955694,-59.24101917065855,-60.6774585333369,-62.646102315949975
2025-12-12 17:58:09.470703,Right,-90.24424180225833,-94.88618601263806,-83.28709686182629,-100.1892471048559,63.46601679283776,-90.29876720615721,-93.56864786607548,-96.48545439550799
2025-12-12 17:58:09.474714,Right,2.1893744985609374,10.39215282522855,21.24837504588868,1.3289259690936888,-98.81763041185332,12.608678965498257,5.953440832552587,-0.15742383766701096
2025-12-12 17:58:09.478645,Right,59.36585157736408,60.48721377419861,69.06194812207104,52.862625780457165,-127.97175436533144,62.95558291851921,55.58762543231205,47.62890783662806
2025-12-12 17:58:09.482716,Right,-20.7252148163534,-34.71072570108299,-27.666030562244487,-39.57458041584323,36.88388168303209,-29.683704908344225,-36.05636482270711,-42.65687971805164
2025-12-12 17:58:09.487733,Right,-86.64334924408467,-97.38025461403231,-89.65756662247804,-103.94592549120716,90.89952143820847,-91.24402588437442,-99.43806132604004,-104.7149015159921
2025-12-12 17:58:09.490755,Right,-15.216718305277027,-12.307463670385914,-3.863453810929059,-22.036278049243265,-65.77368543478224,-6.861151149341822,-19.113057304650283,-25.522802662482718
2025-12-12 17:58:09.494740,Right,60.35657396562965,60.212840268253785,67.38560913275069,51.8047791171266,-139.49915415467694,66.76715443840294,53.047513755820546,45.62512973959747
2025-12-12 17:58:09.498767,Right,0.755623837478197,-14.75116789380263,-9.298204906568571,-19.689401948802697,9.926527313895349,-4.373070235411433,-16.845272912745713,-22.899398302903137
2025-12-12 17:58:09.502768,Right,-79.42679506849163,-95.25979463789918,-89.96389222768266,-100.7592575562885,108.0300942777576,-81.80918234002456,-95.11011602005601,-100.20501958760724
2025-12-12 17:58:09.506810,Right,-27.795716837310465,-30.081158347125893,-24.70630435289786,-38.48990072499146,-22.354939867083885,-16.022114343035355,-33.00827076184942,-40.44342406173382
2025-12-12 17:58:09.510742,Right,60.24334381529843,57.87709240445838,61.50241482293495,50.78912787659647,-131.83553421731995,72.64856564273032,53.747235678212746,43.25793677744514
2025-12-12 17:58:09.515816,Right,21.69119126059377,3.4474007664466626,4.773208544975205,1.2281097215054615,-11.472965623932396,20.522213546484636,2.7684502874362806,-7.778191474586492
2025-12-12 17:58:09.518822,Right,-68.03877546545118,-90.72056603450983,-89.8966050905401,-91.23464285259615,117.3439664730322,-71.78556366801604,-90.1233222059891,-99.52686313635786
2025-12-12 17:58:09.521818,Right,-37.45861637595226,-47.699174891386065,-46.545466308383766,-50.107787236531294,17.963346065498627,-27.924971915521382,-50.89312493694888,-61.94417259064721
2025-12-12 17:58:09.526828,Right,58.08530060808698,50.492283485335065,50.4659416899849,48.99510485915016,-118.33053698378353,72.98438985248231,45.979297476285865,31.676993680928717
2025-12-12 17:58:09.530848,Right,39.112386310724105,15.737581987024896,13.937902034871513,19.009598736927728,-29.93288823905459,43.79002145492632,16.926697961080208,2.0093031646611053
2025-12-12 17:58:09.534846,Right,-59.8865771681958,-91.2543189360913,-92.8458125463003,-85.8839597090373,125.31059695119257,-58.340307964610474,-84.49255275841278,-97.75577256456745
2025-12-12 17:58:09.538872,Right,-49.35700951407853,-68.28674577543643,-68.4845283551258,-65.53945167191341,64.71279741996113,-33.54621297287349,-62.416068244185226,-75.91016867121289
2025-12-12 17:58:09.542889,Right,65.16515866124973,54.460703415934404,53.725004055082536,56.220581317593314,-90.3795477886415,90.66834149075021,58.33956174470404,42.32426525279152
2025-12-12 17:58:09.546898,Right,90.9394932413561,67.68088942883332,64.49076846641401,73.12241294057094,-40.90472907647563,107.50058696325232,74.88333208813856,57.84183275392206
2025-12-12 17:58:09.549895,Right,-0.2665078892114252,-35.09302961675712,-39.62032858747625,-27.232733257671498,130.35419752910093,8.153644178510632,-23.77400138788471,-39.49628647164354
2025-12-12 17:58:09.553903,Right,-27.294993171643,-53.380246971883025,-57.50588805046573,-48.20847197565672,111.93932939048682,-9.742310963711134,-43.77905786015799,-59.31012999014274
2025-12-12 17:58:09.558926,Right,61.735890648404165,46.06024091790823,41.4131709277317,48.84226387462695,-55.543705744916224,88.83780737516236,52.04876456923557,34.37231706615421
2025-12-12 17:58:09.562925,Right,100.22923424573855,75.50551843500944,68.46593074394696,80.79335557002196,-55.24848951325475,119.3779884090668,83.30462453202017,64.30871332858806
2025-12-12 17:58:09.566940,Right,21.381601373410376,-15.911798267283302,-24.794987999586738,-7.85327978825444,115.2176919100566,30.32080611652873,-3.5742290481412056,-21.566939938031283
2025-12-12 17:58:09.570939,Right,-17.529157534298065,-48.01934064413217,-56.82662685172181,-41.9614048301155,140.66600346439918,-0.8397240631247769,-35.788452987331766,-53.34905940628232
2025-12-12 17:58:09.574973,Right,64.81120607138837,47.34025431118425,38.67783188636531,50.557488042282785,-22.722836680784894,94.37069078447803,56.578364948301896,37.314375830217614
2025-12-12 17:58:09.577977,Right,115.48135431451647,92.57950955621345,82.95439459211775,97.60531316834386,-66.9489234847897,140.84758738367964,103.41642670550027,83.41584598946429
2025-12-12 17:58:09.583018,Right,31.894590241919104,-4.906862520827417,-14.659729644707113,3.6465936402310035,90.78600601389007,46.127281772027345,11.404427572659188,-6.285017828169657
2025-12-12 17:58:09.586988,Right,-41.34712044736352,-74.59368364593684,-82.3496257006882,-66.18452743927992,153.29691720627852,-21.42602081664336,-56.33408381823392,-71.81538931009345
2025-12-12 17:58:09.591004,Right,23.401319634236643,4.239251572096691,-1.7574723976758833,11.246160474700446,0.1428720693620562,58.505553269822485,20.731980660353656,4.270641893366701
2025-12-12 17:58:09.595022,Right,100.15425995307578,78.55213564451333,71.76433888093743,88.29886276696925,-85.49311391113588,134.46798702411525,96.86718910744639,78.4075164514943
2025-12-12 17:58:09.599051,Right,43.42998118916876,6.658265490921622,-1.852457865843462,20.82872156735175,55.3260773985312,64.2186240960691,31.0062212355042,12.833668939107156
2025-12-12 17:58:09.603053,Right,-40.62889192555667,-76.9633386831556,-85.72253622871722,-63.30533326933801,160.58970126988788,-20.618916540960527,-50.652530020632184,-67.39416388758036
2025-12-12 17:58:09.606053,Right,8.07980521544323,-11.977754263833049,-20.697239541997988,-2.5815932206314756,36.1451124024552,40.35955046307117,9.723524071634529,-7.110940932921949
2025-12-12 17:58:09.610071,Right,104.95887297616764,88.19653542353262,77.5740917397452,96.76468164626931,-82.98135481528152,137.67258153795046,106.70908688477903,89.46389749007722
2025-12-12 17:58:09.615024,Right,77.38176378048865,45.97042708027584,32.892420997523004,57.710665242921095,26.90352496441119,95.43776832115054,66.91277652708231,51.59351451277689
2025-12-12 17:58:09.619027,Right,-16.545647883213405,-52.954289189096016,-66.03069228610912,-40.538984430389974,159.6014870770441,-3.7001765295062796,-30.49198809715199,-42.92110807983772
2025-12-12 17:58:09.623104,Right,-0.28666401579585,-22.955151479764027,-34.00017366490283,-13.710638069776905,64.72664227692167,23.629020586995466,-4.176536293118261,-16.005832680897583
2025-12-12 17:58:09.626139,Right,90.21008727570597,74.86292368782233,65.03743649367607,82.94829005439897,-83.60433719271168,118.52292023439168,90.85547488873817,78.20555808907739
2025-12-12 17:58:09.630120,Right,75.98232959101551,50.01540609930453,40.24000978024196,60.43253382401235,-11.740451233846215,92.71271445393268,68.73186188181535,57.29275788525774
2025-12-12 17:58:09.634147,Right,-25.37278200361561,-56.4821157413171,-65.51262326133292,-46.18573315955291,142.36789352403775,-14.629905929142296,-35.694318790061516,-44.42770514793665
2025-12-12 17:58:09.638092,Right,-28.81889159374714,-46.16111199990337,-54.07639194552394,-40.43449977343698,87.43835089585082,-7.301495676229024,-29.826071698824308,-38.12310152079954
2025-12-12 17:58:09.643144,Right,71.12747108172061,63.52560187154813,54.75791457736341,66.32481345557244,-76.69301242644906,98.74996644054136,74.19422727957863,64.01675061979768
2025-12-12 17:58:09.647164,Right,87.00840135313501,68.13635520983007,56.81247681747482,72.71067399754611,-46.004295226902286,101.18487473538426,78.83020104746538,68.28275649254647
2025-12-12 17:58:09.651178,Right,-13.36012779262046,-43.44072918472011,-55.92829808456372,-37.86721056134047,119.19372746045428,-12.439839968445085,-30.748701222382806,-39.44314157127155
2025-12-12 17:58:09.654192,Right,-47.229487211703145,-67.88252999790711,-79.28764480772588,-65.73113611106237,106.62897037708444,-40.53143309979987,-58.0117536004509,-66.17321610076033
2025-12-12 17:58:09.659146,Right,43.29881890942261,35.11735050918651,24.45192341037182,34.45910661106427,-64.49081619373283,59.13611326375303,40.33075095208005,30.371414191507938
2025-12-12 17:58:09.662206,Right,84.91990246477826,69.85360927067086,58.5006226186124,71.3883598167231,-79.07917804866884,93.49687856234323,75.65428794108266,65.08290084017426
2025-12-12 17:58:09.668228,Right,-2.958640167102658,-29.44263833606965,-40.60452678303409,-25.127098840119288,85.5311582485856,-4.65229032085972,-20.01811685794928,-28.556914414333733
2025-12-12 17:58:09.671236,Right,-58.552950426981624,-76.7121787215583,-85.66566392750974,-74.121202429822,117.77311494623336,-52.674096814356744,-68.16470677412144,-75.43312367590988
2025-12-12 17:58:09.675241,Right,18.24976395283511,16.23549655026727,9.236993145726956,16.190550169123526,-45.74463906805886,37.653053263228685,20.531896936006888,11.863528777448664
2025-12-12 17:58:09.679247,Right,77.0143234513871,72.61546984880988,65.83969462724781,74.43734880388729,-102.43523865316092,92.22246680024728,76.80537843414095,67.35887238349278
2025-12-12 17:58:09.683272,Right,-1.7216650782256693,-19.1732188886308,-25.543203829885897,-14.04485915951409,49.673832974490324,-0.4380201477695209,-11.452127431311965,-18.571080411960793
2025-12-12 17:58:09.687222,Right,-80.2031982695953,-94.4340350036291,-98.76392283101268,-90.47351934100152,120.90101765498366,-77.88492382677418,-87.39773492590393,-92.11743959923115
2025-12-12 17:58:09.690228,Right,-17.04201584387374,-16.21814040987738,-18.93897275270683,-15.601153569421513,-27.821705919664964,-2.8932875236327504,-14.54595385952598,-20.033671136085104
2025-12-12 17:58:09.694284,Right,71.18799568732811,71.52597006860742,67.97457682125605,72.91401827836489,-123.20199498268266,83.49352935182642,71.27476779501376,64.05148165175524
2025-12-12 17:58:09.698315,Right,26.700451899060226,12.093596281116334,7.0507513211359765,16.974204591411763,11.033738373246706,24.86911248178569,15.313610838309614,8.82728294280787
2025-12-12 17:58:09.702320,Right,-59.516119072671245,-75.75471660403673,-80.47458946077495,-71.11470793824992,124.35053168018203,-63.19499418071155,-71.29233411274981,-76.07047803335809
2025-12-12 17:58:09.707315,Right,-21.78998375782612,-23.564409065244035,-27.37848272348856,-22.32299706048252,6.102502936865676,-13.323707101352738,-23.122679389209225,-28.65552567456689
2025-12-12 17:58:09.710345,Right,71.335568345512,72.83618477675554,67.94751346307021,74.21402588959245,-121.60588385745814,81.79061835416542,71.07066824168942,63.34075887935978
2025-12-12 17:58:09.714336,Right,48.68873434762645,35.927484126115814,28.887901103465992,41.56421896186839,-18.42364341663051,46.5705289946477,37.80011867957728,29.9471779418418
2025-12-12 17:58:09.718312,Right,-42.0540316660863,-60.30424844920162,-67.81771692093571,-52.65497152689568,125.93185801877098,-47.468623515831496,-55.26973709454069,-61.58885927958545
2025-12-12 17:58:09.722387,Right,-24.781576293667968,-30.124988668358128,-36.718346570449285,-24.183270250101486,46.4369102673827,-16.965347797264258,-27.255920104229517,-33.59193968728141
2025-12-12 17:58:09.726408,Right,73.143661733503,74.02009142959469,67.39680477719412,80.19907384974977,-102.70044273006806,86.92890778720175,74.57745534559035,67.13380809400587
2025-12-12 17:58:09.730406,Right,68.65261754473795,56.20545018498524,49.03569720066844,66.0492938345451,-37.949276106603975,69.6378231686349,59.02607751886717,52.9541210975658
2025-12-12 17:58:09.735411,Right,-35.8572711884035,-57.591371176518805,-63.15405062355421,-46.564791728575074,122.03786821908034,-44.7677436107233,-53.02490917956129,-55.26563157052624
2025-12-12 17:58:09.738364,Right,-52.818262846917605,-63.452126677273554,-65.43275804589939,-55.826900902638954,77.928270514637,-53.96445301586573,-62.91072854996128,-62.768519527953686
2025-12-12 17:58:09.742429,Right,46.504987441033336,46.34981618918755,46.69514015277491,52.179256338198684,-89.79134992675426,52.16755378822745,42.17398803483957,42.245210138409675
2025-12-12 17:58:09.746440,Right,81.4867746623504,72.19943736661844,72.57020856804411,81.1704089046325,-69.7899225779629,76.78170205016613,69.18536422331454,70.02606596974692
2025-12-12 17:58:09.750459,Right,-2.7234325858489683,-22.52320579463776,-22.011708913325492,-11.367022359350813,99.29945704838337,-18.32817068410077,-22.656196451693177,-19.023775184081387
2025-12-12 17:58:09.754523,Right,-38.538787081675764,-49.38975095144451,-47.546229360988946,-41.6770035751033,101.35934686997734,-47.71528025904081,-52.47898913791323,-47.10321269148881
2025-12-12 17:58:09.758476,Right,45.10979358199256,46.64918062517063,48.88012854106455,50.172222995464836,-67.12688231175161,44.90109809079331,37.721806656600165,42.464897490363
2025-12-12 17:58:09.763463,Right,89.05226884583863,83.32814280460298,84.09070819183216,87.46605029721286,-91.54904384722977,80.76510574076383,74.01754748798703,78.82681619610048
2025-12-12 17:58:09.766531,Right,6.59455880083442,-12.86726812985762,-12.872117492306643,-6.588239888276803,72.92785631504375,-13.800255004563951,-18.186397275443596,-10.811903879270176
2025-12-12 17:58:09.770519,Right,-49.27527124142034,-63.886295526943286,-62.297718282889036,-58.905600128577134,118.67515778685447,-63.84673310953622,-68.65328419517937,-59.04479454232387
2025-12-12 17:58:09.774524,Right,28.514111001507445,27.699083878782403,31.045611271087182,31.005486110037964,-38.94989154390532,27.46109561866433,20.079958546788475,29.346129947132795
2025-12-12 17:58:09.779473,Right,97.32459701558219,93.00659186469784,96.18097036634936,99.3173654316688,-104.14258435385909,93.34859793599753,86.36498142358141,95.14102722429197
2025-12-12 17:58:09.784555,Right,26.234002614550263,7.144034654236748,9.819133800085183,18.01373308473012,45.143194499579295,9.087034196632885,5.6561961308816535,16.20558826693741
2025-12-12 17:58:09.787559,Right,-61.96690510076405,-80.010864879152,-76.16879600780885,-69.31290767189603,127.93479710640167,-77.74791326816921,-79.74952225418747,-67.41302943588016
2025-12-12 17:58:09.790571,Right,-17.396345015744373,-20.515651017785785,-15.348702730487275,-12.960879465525068,-14.855175636195781,-19.46921575376473,-23.50614401011626,-12.010525276462431
2025-12-12 17:58:09.793565,Right,63.44121978740441,62.40140224088282,66.90910674060251,70.31501767555892,-122.05676706805752,63.3176520990055,58.336562691616564,68.45801791273516
2025-12-12 17:58:09.797583,Right,23.1152605360312,9.87676719323099,13.177152340298562,21.006750216925866,1.443129641480482,12.417982656097593,9.206477503361384,20.48995740157443
2025-12-12 17:58:09.802603,Right,-62.860965921587194,-76.61626943358169,-72.55048855186214,-65.63568011733332,121.5184735439052,-73.52870660868575,-76.41240003066014,-63.002625213948704
2025-12-12 17:58:09.806605,Right,-32.37783584114186,-31.081174788771023,-25.327583873704498,-23.491771987361062,12.601909380910001,-29.961119938194315,-35.41483357233483,-22.19159795483756
2025-12-12 17:58:09.810566,Right,54.5774961240204,60.417164741256784,66.01433397692745,67.76326515170331,-121.94606151427615,59.556208894082374,53.403656609967584,65.0854035135635
2025-12-12 17:58:09.814665,Right,27.06743280687442,19.801295172565005,23.831604584735032,30.61790772506538,-31.45506624331574,18.836465261247213,16.32440199491066,28.317009314190727
2025-12-12 17:58:09.817644,Right,-72.40226964750946,-84.55454445775104,-80.97563538046597,-73.3275546762361,113.38707516978684,-85.90950268900997,-85.08371368440021,-71.54759488764375
2025-12-12 17:58:09.821646,Right,-61.55092009451255,-59.225089225883494,-55.262809236774046,-52.63422979060306,40.97509924192673,-63.490484791567724,-63.420732897175185,-50.31635975480367
2025-12-12 17:58:09.825671,Right,42.3999391809939,54.249411776332636,56.983629589143675,57.41082504898441,-112.12210505369512,46.34349358769032,44.88779904671901,56.120275975420554
2025-12-12 17:58:09.829676,Right,52.03098105569552,53.76625707979838,54.060963093212195,57.79767708839063,-56.24914410508063,44.00103135768586,44.19769176175032,55.82134440642858
2025-12-12 17:58:09.834697,Right,-43.62392213838757,-49.78085581527375,-50.09802643146941,-45.61056647310579,108.90365801806911,-60.69882210910873,-58.08560052658504,-43.76966320245174
2025-12-12 17:58:09.838702,Right,-60.91526372577937,-55.726089944484556,-54.44936187247913,-54.97540031764038,79.1612700572332,-69.00816468602716,-66.81576017744374,-51.53140721573345
2025-12-12 17:58:09.842707,Right,34.217305078616846,50.039605629506696,52.19894316737009,48.90247848171202,-86.92410655168169,34.60288363986183,35.992426761975366,49.514463032501226
2025-12-12 17:58:09.845719,Right,63.19837683543119,69.29085181393748,70.54786035277175,70.91221260190468,-78.26392676397154,54.105519594271755,58.25072486524732,70.84899643987319
2025-12-12 17:58:09.849721,Right,-29.89755678786969,-36.33817603466741,-35.59131305587107,-32.92335390720655,87.4125649955713,-50.33848442238741,-42.33282708565093,-28.418975828186376
2025-12-12 17:58:09.853690,Right,-72.79948391727885,-72.1917826678,-70.6996091866622,-72.61309352012722,97.44483779041366,-87.08990752729733,-78.92594268866014,-64.66950840327081
2025-12-12 17:58:09.858753,Right,13.615978580837691,26.95071789035137,28.335683029548818,21.942608488523547,-70.30616955343794,9.474409621740051,15.809309182430297,27.901557851282632
2025-12-12 17:58:09.862705,Right,67.55723716411376,75.74618528381325,75.38206018344135,71.38797905934189,-105.05921595065047,56.79537120881287,64.5864098424463,75.28242875880824
2025-12-12 17:58:09.866776,Right,-12.754796879929927,-16.596974708738344,-17.907333034781914,-18.139765564419577,56.46447160491516,-35.627026239169936,-23.90731905429857,-11.783251842487516
2025-12-12 17:58:09.870796,Right,-80.22277391123134,-78.36901444319847,-78.50775494667141,-80.71060995432708,111.5774909185493,-98.19718393860967,-85.4240313031296,-72.18325395637748
2025-12-12 17:58:09.873814,Right,-13.1212389268876,3.565603078010099,4.292312727431636,-1.0663610184237768,-43.20487923971268,-17.91327614857437,-6.836842103046365,4.50060241266965
2025-12-12 17:58:09.877810,Right,58.97655071824556,72.97655530611883,72.35816028344016,69.82227730907107,-119.53901091103216,51.046881140784535,63.11926255388971,72.12493780397563
2025-12-12 17:58:09.881828,Right,-1.5379722187499283,-3.0183228591504303,-5.087817486228232,-3.1988319401116314,23.246221370523926,-24.277244322933257,-7.797076277045562,1.5266658449900206
2025-12-12 17:58:09.885849,Right,-83.76334719037914,-85.74738874931245,-86.91422148091806,-87.2584477636392,115.01287947317905,-107.76174175443884,-88.59683209213836,-78.09940218115662
2025-12-12 17:58:09.889846,Right,-38.123802973113925,-25.603522681927643,-24.84287150973796,-30.840090102097747,-20.561113209772884,-50.15863487462775,-31.416379404425243,-21.550489322548856
2025-12-12 17:58:09.894853,Right,42.17205452059716,57.52777296995191,58.8278710542163,52.6757184976741,-136.60342303919788,31.31835755085922,50.97156135932164,60.35510209600125
2025-12-12 17:58:09.898880,Right,-3.8548932174089714,-0.5173762806989544,0.7742674386608996,-1.8328555745974882,-24.047165341758955,-26.721563939237967,-3.5057916084806493,8.48908603444761
2025-12-12 17:58:09.901879,Right,-100.7198528568806,-98.61795059998803,-95.72813114821201,-100.0648833097548,98.74268232622308,-125.93623076138465,-101.01465978165652,-85.34317208064022
2025-12-12 17:58:09.905892,Right,-73.48664249987269,-56.47958048391956,-51.28829082642096,-61.85811430457943,-4.234786340182836,-87.30841316002625,-64.30623375370124,-47.852547404166216
2025-12-12 17:58:09.909887,Right,27.631691273145407,49.80020728615273,55.46336264773345,43.42222773652975,-143.91998481293376,15.932499654241838,37.90360360153136,52.97492264383891
2025-12-12 17:58:09.913903,Right,20.91618762971484,29.713165161199868,34.40964198989059,26.23182657887628,-58.69220326685718,-4.5681694823506405,19.79200632453285,34.923902333765
2025-12-12 17:58:09.917881,Right,-69.75885960149753,-67.36229559722415,-62.60534714154983,-70.7356671575235,96.40763080146462,-101.556956051616,-75.51861383982032,-59.063340162035274
2025-12-12 17:58:09.922937,Right,-62.22443574620411,-46.24619097631694,-40.56612074210989,-54.202360710860376,38.28086225307379,-82.18869073392125,-58.17354258516207,-42.44259502784189
2025-12-12 17:58:09.926957,Right,43.205549611433526,69.27210622868733,74.28056213568198,58.55789383611591,-116.5686835795168,31.162278146191966,53.52075614827481,66.53789156992661
2025-12-12 17:58:09.929963,Right,63.74761666797713,79.77075876156141,82.69010257714399,71.28020046061465,-71.09166356033711,41.183359031841974,66.16069991231961,78.15362632545839
2025-12-12 17:58:09.933956,Right,-28.497473746600008,-22.30812389887251,-19.94794060825552,-29.159948976106534,95.99200624992591,-60.741140401580196,-32.371960226671945,-19.02816715573681
2025-12-12 17:58:09.937928,Right,-59.58955069046351,-44.07930658218447,-40.28101791076915,-53.50828360219202,76.36324784723729,-83.43499867471837,-55.68504690483678,-42.228473046533054
2025-12-12 17:58:09.942002,Right,20.056016432325123,46.76492656456685,51.09056043536566,35.56992217529114,-92.26715852984853,6.949932913004886,32.29004427464315,43.28868923368964
2025-12-12 17:58:09.946000,Right,47.06158541869081,66.60502899716721,69.49860145541425,58.62102202209098,-96.48771596285223,29.13660372749291,54.98179808301393,64.23599148794392
2025-12-12 17:58:09.950014,Right,-42.91592355592729,-33.81860277920532,-31.73751994911072,-38.13817590295548,68.21499375241183,-67.54263313403499,-39.69254003736933,-29.701402127903293
2025-12-12 17:58:09.955032,Right,-89.5488068196064,-72.53639296575511,-69.26947887742062,-77.57074868189738,90.62826079562728,-104.30839748097787,-77.38214396233161,-67.03266036125797
2025-12-12 17:58:09.958030,Right,-6.629750968317239,23.312659455131325,27.525702960068884,16.768717037441093,-73.64556625909245,-8.09775074942445,16.201286740757496,24.531135066756633
2025-12-12 17:58:09.962038,Right,53.21663627500311,77.0916386719573,80.54543581948474,73.03061423530562,-119.53614857193315,47.07130104020325,71.82225948076848,78.2709719036693
2025-12-12 17:58:09.966078,Right,-20.782904222058278,-11.536059135962205,-8.38995479280402,-12.588220388350237,36.605406468948786,-39.36470828515303,-11.724484691038015,-4.853284870082007
2025-12-12 17:58:09.970066,Right,-92.47648832996128,-80.21670715193522,-75.27677137202136,-83.20658026142519,100.55796418191312,-107.93638993757486,-80.0412771843985,-72.69743988223263
2025-12-12 17:58:09.974091,Right,-31.817397751634417,-5.099301483683121,1.4946688776963128,-11.864070457515481,-49.21909052599585,-34.811941914878844,-9.56872959136308,-3.964453065400903
2025-12-12 17:58:09.978109,Right,44.5187309640969,70.32964607647045,76.121134367997,64.69147942459676,-133.5473595012154,40.088401315471856,64.53328874515137,68.43295770104305
2025-12-12 17:58:09.982142,Right,-7.216455191406567,4.58758558712816,8.799693945009494,3.460011362141813,6.120377010156517,-23.475041717065324,2.7133687794212165,7.537851057187254
2025-12-12 17:58:09.985158,Right,-88.67575670689257,-77.48672007879304,-73.07127484896137,-77.63038800143477,111.13501917731992,-103.84180210171326,-77.96236155382394,-71.86822667130309
2025-12-12 17:58:09.990088,Right,-44.75497789897781,-20.066506452931208,-14.6737427576536,-22.73774136101929,-11.793109595218993,-47.184374979107815,-24.53404993163531,-20.078275648037106
2025-12-12 17:58:09.994161,Right,43.78707637323532,69.52623901228435,74.39106793921019,66.95456843578904,-130.47000043597654,41.54562336187519,63.03401288468922,64.96493195515086
2025-12-12 17:58:09.998182,Right,10.459568005153415,20.82710455488541,24.507673128646275,21.213021920579195,-21.632118246554455,-6.21992593377945,17.941530294236145,20.555049239154414
2025-12-12 17:58:10.002197,Right,-83.94897097862122,-78.71195501288639,-74.70484170339932,-78.78107743383589,112.44897753141777,-105.24286402398866,-79.42031464253705,-73.88959761620436
2025-12-12 17:58:10.006196,Right,-62.91466211419538,-44.285902022785194,-39.370123327787496,-48.989632870952846,22.95308421363916,-72.65548812933412,-48.83586813390866,-42.400778830903164
2025-12-12 17:58:10.009213,Right,35.98664572297275,61.47280856294037,65.36860447826302,54.74490642127603,-120.21285568201165,31.353948057956586,53.87412574058544,58.78000155989366
2025-12-12 17:58:10.013230,Right,30.0843810380793,44.16840589290496,45.768698202189626,40.382425782046994,-46.58255519124759,15.28490906501247,40.44214459584509,44.37753302182523
2025-12-12 17:58:10.018238,Right,-67.26628551629983,-60.098825950110495,-59.241775609059914,-61.90945785080294,108.59825768052542,-86.15857759543724,-58.58087176433946,-54.90562320116578
2025-12-12 17:58:10.022250,Right,-70.14608310366384,-51.69443219419372,-50.11021027983952,-55.45489181978792,57.0152870568636,-76.10784090453672,-50.64846498744737,-49.09623514055329
2025-12-12 17:58:10.026246,Right,34.64780648229498,61.00845408293617,62.048950400613194,56.50290470296295,-103.2651869982401,37.52730580094794,59.47657601113133,57.94560811701331
2025-12-12 17:58:10.030229,Right,63.28623026126297,77.9090525469469,76.96017049208876,76.61571957441993,-70.33675519597818,56.10579519026214,77.96153905924257,76.6231451147305
2025-12-12 17:58:10.034306,Right,-25.131629766347032,-21.432387178859244,-22.892200768607836,-21.087919425544897,97.52431349235849,-42.22639847995015,-19.0449744079815,-16.662082674091607
2025-12-12 17:58:10.038290,Right,-58.609372065297066,-45.170403135314245,-44.90865326402036,-48.391872819977834,90.06501328241575,-67.35685670830571,-45.86112629003401,-41.049176112302575
2025-12-12 17:58:10.041307,Right,21.42770917414964,47.514905670564985,48.848168080326104,41.03944170495561,-76.5613373353699,23.548894675812335,42.21397301502293,45.88704556313178
2025-12-12 17:58:10.045319,Right,51.55041100418384,70.37481978568621,70.66133937988707,66.06385225885697,-91.16848027798005,47.42891218774457,66.79386987783982,68.87772398486413
2025-12-12 17:58:10.050317,Right,-41.43388971106833,-35.80258037657768,-36.35002541362064,-36.70805933860811,70.97394510200684,-55.653415794920875,-33.73950454423357,-31.524545659424348
2025-12-12 17:58:10.054348,Right,-95.04371691653068,-84.20522545992526,-83.67969441618425,-85.8110075356517,103.21213673697821,-102.17846863903833,-81.19837018111866,-79.28135745095642
2025-12-12 17:58:10.058300,Right,-10.270171758958895,13.559631356536556,15.245677826886094,10.480973544882545,-57.88850120889765,-4.1671508292420185,13.202777144403626,13.162921129289543
2025-12-12 17:58:10.062367,Right,60.463838679472246,79.68850159512385,81.06912687241129,79.60077619665662,-113.2679074660573,63.103830527434184,79.66478487442782,78.9204593184702
2025-12-12 17:58:10.065383,Right,-8.733464871555043,-4.168925264172344,-2.870649418075118,-0.24190527177961485,39.377715293851,-18.32761017022858,0.3915072053187032,1.9885451311405404
2025-12-12 17:58:10.069393,Right,-86.12792749601431,-79.8187745888863,-76.98197744334038,-77.29580285342854,113.54461082656053,-92.87203750272602,-74.17893500631999,-70.56407401091496
2025-12-12 17:58:10.073409,Right,-27.63625082114595,-7.235835272343252,-3.3006726968787916,-9.33878540020396,-31.13285596079004,-21.359084213912865,-5.613735088222711,-3.6518994168271774
2025-12-12 17:58:10.078355,Right,57.005346657657356,76.87588627755588,79.56021873975806,73.8144100652953,-126.34704856210374,61.82209639733628,76.74043570341837,75.67148245362966
2025-12-12 17:58:10.082420,Right,10.232286707199819,15.417642689602076,16.474363017791802,14.40754602425659,3.8846544988264213,0.6713295741283218,18.221184589519908,16.60180858047613
2025-12-12 17:58:10.086419,Right,-81.59745901932911,-78.41107618201654,-76.96967684859419,-80.58277320297293,114.37882350055224,-93.4531376221239,-74.90657392363937,-75.65069281527553
2025-12-12 17:58:10.090523,Right,-51.89838023656739,-35.09052488258979,-32.85879639263294,-41.246733480367766,-3.2759965105615265,-51.6510008247169,-36.095463992956866,-37.85844647380134
2025-12-12 17:58:10.093511,Right,37.147092071138104,56.806122758097274,57.47399025665709,50.33650218584626,-131.28353812504974,39.985271855177416,53.02116422392646,49.10391380371573
2025-12-12 17:58:10.097520,Right,16.08793236568272,21.607435754481457,19.415510383417768,18.810951310822475,-32.192339385828745,7.036144142482954,20.82639316292625,16.66487415643087
2025-12-12 17:58:10.101523,Right,-71.62428156182978,-71.47486838688405,-74.76542490066367,-73.47345472415873,108.18649794125304,-83.82792072136726,-69.92597878823835,-73.21800204194676
2025-12-12 17:58:10.105545,Right,-51.642600338498596,-38.4646081708928,-41.24052273961752,-44.21367964615047,28.711770656960653,-50.785656644879055,-40.37345610847933,-44.95419818471095
2025-12-12 17:58:10.110479,Right,51.91482582215576,71.85349296539562,68.61956994608681,64.10179173181223,-119.03553390598609,59.04791691089122,66.21110554373081,58.86628665186305
2025-12-12 17:58:10.114539,Right,58.46489106384615,65.84582047426511,61.202139891903016,60.285841692043505,-54.65748743330187,54.133379840404814,61.896069835203434,54.24990343472706
2025-12-12 17:58:10.118544,Right,-32.76836443651155,-34.34544899863272,-38.849540798872795,-39.04920293228042,106.19726351816098,-44.47466930865994,-35.66289622867362,-40.895068423710256
2025-12-12 17:58:10.121540,Right,-41.29803621582323,-32.029816090978784,-34.74276377434512,-39.556686404280754,67.21053247225063,-41.48627300963199,-35.37752324469329,-39.35489180556485
2025-12-12 17:58:10.125557,Right,56.13188086255286,75.46108941829539,73.5389807701822,67.36059588890566,-95.64592857960997,67.35811946836111,69.72985179544048,64.82849575814612
2025-12-12 17:58:10.129572,Right,78.85365701847331,88.6405037328791,85.88230427908024,85.4076932122623,-77.04635914392384,83.90782537869745,86.20870272157208,81.46840899612212
2025-12-12 17:58:10.133592,Right,-21.335717323096105,-22.653179172173168,-25.46980716142525,-21.819441928654896,86.6908089978242,-24.8948024999263,-20.46732064869002,-23.083902819978476
2025-12-12 17:58:10.137600,Right,-66.54830753806709,-59.546751212501476,-60.717938923653946,-60.634432164233885,86.35391324436205,-63.928603700649546,-59.1258091724244,-60.98146656675176
2025-12-12 17:58:10.142620,Right,20.275024610347828,39.479253172580684,39.42904244335159,35.09422526826893,-80.69662953729676,29.638639791744936,34.504188155479824,31.20687836661149
2025-12-12 17:58:10.145648,Right,75.15819860111515,87.21095441889793,86.48796070990306,83.72041215791182,-104.48210179183661,73.45917853661558,81.58177210396843,78.47629223106307
2025-12-12 17:58:10.149629,Right,-0.9898828025725379,-3.126353703339646,-4.4356196524950064,-4.839433319799468,58.271414078020825,-17.4336621865732,-5.341801441665893,-5.084689383916469
2025-12-12 17:58:10.153634,Right,-63.01309907994073,-61.60907819602062,-62.158887105564645,-65.65708317801534,102.16058447543764,-75.16556075183689,-63.68028755418595,-60.92206084077296
2025-12-12 17:58:10.157650,Right,1.1290827285738487,14.955042454842442,14.586860398823319,7.95585068025639,-57.48551291561489,2.678521164390986,10.18023816330333,11.615827249147415
2025-12-12 17:58:10.161673,Right,61.759825495780206,71.51737821293773,69.18730831724997,66.6682856604998,-126.52698363333184,62.38011651027227,68.44046639631824,67.51054625484204
2025-12-12 17:58:10.165674,Right,-2.6740405334603565,-7.4300574615417645,-12.04383445749545,-8.007352029054232,19.960336764950625,-12.555096658108596,-4.6731121431093925,-5.808069929667454
2025-12-12 17:58:10.170693,Right,-70.9560518855642,-74.44667288755863,-79.62961136215563,-75.14083849239228,106.64992209393131,-78.06460172104016,-69.80960756064155,-70.64034028407528
2025-12-12 17:58:10.173717,Right,-4.448715672339858,6.062640826678489,0.6740960856081983,2.553767815477613,-26.260292987451976,1.0126506576143584,7.262077742924021,4.768096056245236
2025-12-12 17:58:10.177725,Right,88.16860891277429,98.31897185127582,90.9379871336505,95.65151535446077,-125.30626165825925,92.30111902623139,98.29189675977182,94.03889259050106
2025-12-12 17:58:10.181721,Right,46.375931958177716,41.20288185757272,31.237511859422284,42.05446434121355,0.2931066558649036,36.40224604310606,44.44733727906839,41.05278002362962
2025-12-12 17:58:10.185671,Right,-47.54424950120119,-55.62911460486657,-66.13850895096903,-54.93905342342271,119.82935069181622,-59.188137116530925,-51.588195211382526,-53.42279720287139
2025-12-12 17:58:10.189730,Right,-23.392253552511647,-17.212525321259363,-26.716361006440366,-20.059878364072006,11.124529889280893,-21.035550450086703,-17.687033282251605,-20.723060396420692
2025-12-12 17:58:10.193705,Right,61.83684179061083,73.0713543897541,63.69837449024908,69.85029675174812,-123.886695698111,69.0798764688725,69.78557735680789,64.12788755658528
2025-12-12 17:58:10.198763,Right,34.431162153520745,33.11493999625009,23.26376404017128,33.34800261691041,-35.52307400155951,30.058737262223985,32.883646007360085,27.276201596979547
2025-12-12 17:58:10.201767,Right,-67.49916352716355,-74.21888105136941,-82.92223160104959,-73.19763095839295,107.88629861925165,-77.1042616228815,-71.86407739341206,-74.97458467365539
2025-12-12 17:58:10.204778,Right,-60.43650938635437,-54.29813769612065,-60.591656869976305,-56.820996307125824,35.472886666842896,-58.771316000110346,-55.0023493638372,-57.070250806946206
2025-12-12 17:58:10.209829,Right,44.443039582529764,58.06931253882067,52.86519739823734,53.82339075368702,-119.07398892042875,52.78904343314025,54.16085411491525,51.158879158370155
2025-12-12 17:58:10.213811,Right,60.42131548627799,61.83543645695045,56.19101678084144,60.03940805380631,-67.15567287944577,58.65570238388409,60.517522884685405,57.812520279055775
2025-12-12 17:58:10.217852,Right,-30.58759680669641,-39.349832075628,-44.69454114139762,-40.41424615738754,94.67866995551594,-39.664397265207526,-36.92218485047334,-37.88522225837767
2025-12-12 17:58:10.221826,Right,-49.665836621134076,-49.47930630029805,-53.535951091157585,-54.41089386871795,64.06621066196021,-49.190152637997016,-48.63177782552381,-49.98715719982147
2025-12-12 17:58:10.225844,Right,40.9076317414615,49.5625009026312,45.54689163492685,42.18387351100489,-102.9397766378761,49.284497692243704,47.34196574644642,42.92242006287074
2025-12-12 17:58:10.229850,Right,66.8022976780507,63.965167316981024,58.58380872394264,59.71093288278473,-96.66074532806215,65.06397125174385,64.1610311128667,58.13347910793436
2025-12-12 17:58:10.234854,Right,-30.01465013088344,-46.61431103581481,-52.00776619434191,-47.48976150599469,68.42020941155351,-42.44441888461256,-41.57146661299784,-45.862619391602266
2025-12-12 17:58:10.237886,Right,-79.71511633979298,-89.69557647273086,-92.91623205004407,-92.04949471494797,82.02446640119888,-83.56470377921414,-85.0439120725645,-87.52873770327938
2025-12-12 17:58:10.241879,Right,0.7756092409453004,3.7378750971283807,2.0546807359828563,-0.7818166336076047,-81.49623626431458,10.560645386227407,4.575521707476923,1.64905680703896
2025-12-12 17:58:10.245830,Right,54.93578794574455,52.80094243156191,50.28030105673315,50.74425101637587,-115.70993368154814,61.503480633399704,54.345011117675384,51.030056760436764
2025-12-12 17:58:10.249911,Right,-19.225025142954564,-34.11923728372517,-37.83464812245029,-32.58063502639243,44.51225549745914,-22.192566017256468,-27.999065896223385,-29.895395235137357
2025-12-12 17:58:10.253919,Right,-77.57985968406547,-88.05908199616692,-91.56975679464585,-87.40068531801012,101.3179391905428,-73.97401628911757,-81.47234653584192,-82.75036195597409
2025-12-12 17:58:10.258877,Right,-0.1986922148666963,2.891781591333938,-0.47054899734484934,1.0554165638627637,-48.899053923394604,17.788600433535976,5.411416298178551,1.958683606420209
2025-12-12 17:58:10.262924,Right,80.58378038276169,80.10413441384298,75.62311659267289,80.00439413462254,-121.69306603641735,96.50298522534013,81.7145718779455,76.38240792413876
2025-12-12 17:58:10.266949,Right,22.422246007738522,6.054869419751867,1.082113396710156,9.491195934969255,23.309575715974006,24.355720473713518,11.022959096722161,7.3373517788700156
2025-12-12 17:58:10.269962,Right,-65.21382953714783,-82.19972403043039,-85.50704349110129,-79.89071994999154,118.96029171891269,-64.19480764820582,-77.188663728552,-78.12914743098827
2025-12-12 17:58:10.273968,Right,-25.593738038217452,-28.30626041647747,-29.95290120970276,-30.262968359672413,-11.290943631300706,-12.589431208067253,-28.448710202791517,-29.548884910485413
2025-12-12 17:58:10.277984,Right,58.192121755618246,57.55437519169391,55.09001309022551,55.07073204378048,-123.6832613810634,72.50282575164783,54.647721834270214,51.69568149498127
2025-12-12 17:58:10.282033,Right,25.415740004988947,11.441911046048062,7.237669946658116,11.891225823019795,-8.93573508939511,28.331953248800346,11.307346868748937,8.524960881171864
2025-12-12 17:58:10.285021,Right,-58.63906300790131,-75.0215215105759,-78.86060265345213,-74.9079392296394,117.73880587205589,-56.61002080025537,-73.80627934345489,-74.98788416505477
2025-12-12 17:58:10.289031,Right,-27.598328718167977,-29.215463778729372,-31.123606128860047,-33.37795504959922,19.422243016192738,-11.893074134270137,-32.06383520276381,-33.27517607123605
2025-12-12 17:58:10.293041,Right,66.23410390136269,70.59963609028682,69.37858866517581,64.76901474602164,-120.57346414860979,86.35361859553632,64.71248604568336,62.729613808180375
2025-12-12 17:58:10.299074,Right,41.66766147157614,33.34525667649223,31.413146893905378,30.10337454187902,-43.107537152793384,49.342521561635294,30.285595236154222,29.92807201964729
2025-12-12 17:58:10.302065,Right,-72.73353835763464,-87.84437924675967,-89.7906102548036,-90.23712932523995,101.48149578317384,-71.24822971231151,-88.12409889670607,-85.74840305392559
2025-12-12 17:58:10.306079,Right,-83.36937419431888,-86.41099024578898,-87.70688026739481,-91.71925815309851,35.44527555531067,-70.82713279931522,-89.79148036334709,-87.7573300887185
2025-12-12 17:58:10.310041,Right,18.982869810732154,23.891029887304285,22.098952892252328,17.946130075627025,-124.35363051284185,38.43589303392946,16.73596369632378,16.038286387902417
2025-12-12 17:58:10.313095,Right,50.144159625173415,42.989910944551866,40.24433498760163,41.493933780318,-81.89052401809295,58.845031754884985,38.299129207949136,37.62300913059994
2025-12-12 17:58:10.317185,Right,-25.47535950450947,-43.69452884772727,-45.176565036909324,-41.723549008316695,85.70221747779169,-25.4133257438516,-43.62853434539056,-40.59928567577663
2025-12-12 17:58:10.321113,Right,-40.26708627697917,-49.7613195476074,-48.0651836496736,-49.45279712883348,70.5889750626884,-30.6575717235537,-50.04951555024991,-44.62853115548364
2025-12-12 17:58:10.326123,Right,50.126646594409976,50.911058527817204,54.20400115325765,49.47585047799657,-93.58481324440254,69.56490349793967,47.57078870827081,51.394244760633555
2025-12-12 17:58:10.330147,Right,79.00975179729357,70.74254958527627,72.8097370464427,72.06543747121668,-97.0715216971048,89.76536612703785,68.37559676379487,69.9046163891881
2025-12-12 17:58:10.334159,Right,-13.91730550641114,-34.97284134469328,-34.25357825047854,-30.70946533543247,66.66127184940069,-15.18451634689336,-34.47943774265559,-33.31537974632545
2025-12-12 17:58:10.337159,Right,-59.41823053310691,-74.10690836526601,-73.12465549618673,-71.51834428352504,90.22291089163991,-55.0287812937604,-75.53612922336151,-74.9428359613064
2025-12-12 17:58:10.341184,Right,31.058722259795104,29.239985122786493,30.224091732822558,29.484794208193307,-71.18598402234329,47.226179718119965,23.32688299000347,21.719363385499378
2025-12-12 17:58:10.345180,Right,97.67820088576991,90.65799334989515,89.96344295216625,93.12994501718458,-115.1550854445004,109.99304100790323,85.50466344111737,83.05451568852038
2025-12-12 17:58:10.349194,Right,23.913475932477013,3.1655760559051487,1.049939646665166,8.888655153547916,41.85876756911421,25.492514365039824,3.022257133914536,2.9448597337648152
2025-12-12 17:58:10.353207,Right,-50.725259858145364,-67.65182264421583,-69.26176881418843,-63.63857609120987,106.83735107648681,-44.52794452139642,-66.97675556395643,-64.86663112269343
2025-12-12 17:58:10.358230,Right,8.977240455476931,7.3669195785996635,6.372402259988974,7.281245446243702,-42.58507349394313,28.282542243701755,3.7589898252417697,4.794106158483373
2025-12-12 17:58:10.362243,Right,84.97458914684285,82.99036033518951,80.75295836913858,82.746061200236,-128.24778656052695,101.83923937854706,77.84452084138866,77.0418347729576
2025-12-12 17:58:10.365238,Right,29.43088978701053,13.290719048118262,9.52003334766286,15.42164128794866,10.155349536313224,31.76831148804922,11.423214658021607,11.343942293637838
2025-12-12 17:58:10.369253,Right,-59.225744763038165,-76.457145562792,-79.84479216357516,-75.29325988458368,115.79823418436717,-58.486804951047816,-77.21612228334743,-75.79105016792028
2025-12-12 17:58:10.373272,Right,-21.231991812743217,-25.029806334731802,-27.32529621640333,-26.869612650036288,-6.201006311892343,-8.288870558058989,-29.194576311107085,-28.647993766677473
2025-12-12 17:58:10.377275,Right,67.52729919874218,65.51160057951347,62.767342851410945,64.96747505041822,-125.62302432801152,82.64874651384525,60.48570518572251,59.39808770373702
2025-12-12 17:58:10.381266,Right,40.15662842176425,24.052189650281434,20.255444275066452,28.22675916481967,-17.702825678543377,43.816735756881826,23.915140069263543,23.949664157138614
2025-12-12 17:58:10.386290,Right,-47.91103393616322,-67.95606712951303,-71.1617622324195,-63.00766855538859,117.27756905149181,-46.49619894366333,-64.55379260870177,-61.942107076697994
2025-12-12 17:58:10.390317,Right,-23.18063764004546,-29.484878223235683,-31.22589641406921,-28.52887280678442,28.984397562267986,-9.055887426522531,-28.48461576445152,-26.13319304762399
2025-12-12 17:58:10.393325,Right,78.00499449684685,77.59184563962208,75.84755202110432,77.04662624821322,-114.75782815353341,97.05792350408228,76.55675573052031,75.78745065084877
2025-12-12 17:58:10.397323,Right,72.36357475336627,58.82309243632426,56.25160657116044,61.67327601318357,-41.72408895917397,79.90084191890128,61.59107376933662,58.84475919734541
2025-12-12 17:58:10.401331,Right,-30.28631690302791,-51.646334473486604,-53.22642755223728,-46.71895667933131,115.712102789661,-28.539598169121746,-44.682804528252746,-47.09286704923488
2025-12-12 17:58:10.405346,Right,-44.85005115548847,-53.991049549367744,-53.15531406438822,-51.282410758116384,67.72617466670636,-31.392813095113524,-48.6610846845424,-50.9735676740238
2025-12-12 17:58:10.409417,Right,45.33281564717254,46.14036037376445,47.65585506987327,47.78376952561848,-91.91283950306024,66.80753700975401,48.332303014460194,45.38995996026506
2025-12-12 17:58:10.413399,Right,60.34411322750748,50.84145592622008,50.78149585066694,55.73585869935596,-61.940880840455065,70.68354039460974,54.8463317337646,52.97478648264723
2025-12-12 17:58:10.418394,Right,-37.98959816004208,-58.69025004270043,-59.721174167351364,-51.440679298997566,102.97972645459959,-39.20679092414866,-51.462880107954334,-50.7651275504827
2025-12-12 17:58:10.421393,Right,-73.2130976702465,-85.66564163989187,-85.96586754306054,-80.58421217545583,94.99412615292385,-67.84902481676545,-80.43701197752671,-79.28604909155683
2025-12-12 17:58:10.425356,Right,18.283265454054344,17.235983541615497,17.144248100845743,20.667113426688957,-70.18974792732479,33.43119848156857,18.40592041713535,17.105379873116817
2025-12-12 17:58:10.429416,Right,69.85169784432219,61.45144608663213,59.96471535588262,67.97482395500629,-81.1727990459367,78.32339632511503,63.77518693273487,61.023456213272766
2025-12-12 17:58:10.435453,Right,-4.207379551437043,-24.93637382508041,-27.3765383349064,-15.706143840787263,87.90783852035383,-6.934459121421241,-18.963013344535284,-20.017224302300747
2025-12-12 17:58:10.438496,Right,-50.129427948999364,-64.3011681639282,-65.96716868525664,-58.38016221291036,128.71027774288086,-48.58397373999833,-60.72775901148816,-59.941677802628874
2025-12-12 17:58:10.441541,Right,34.13159444060511,34.68418568957986,33.89202141500482,35.540537751725424,-26.42561079135703,45.12152381016858,30.940752154263464,31.32251423402431
2025-12-12 17:58:10.446457,Right,104.22240070290718,102.29034362051607,101.49542423282765,103.104608763957,-79.70452721422407,108.48963015062691,95.44993127441194,95.58541815490389
2025-12-12 17:58:10.449532,Right,37.908373868380295,23.517493567315796,23.666913201320313,26.82353960052933,74.90980872613,27.76034472862011,19.121451659410013,21.178288711598725
2025-12-12 17:58:10.453445,Right,-36.43595178394753,-47.39802113609494,-44.418102067083964,-45.51909781068207,154.06519231074344,-45.00300434991368,-51.28329574699637,-48.10651625416722
2025-12-12 17:58:10.457518,Right,20.03922108126426,23.882884630945227,29.099456175429623,22.11344425340758,15.020906681758788,24.352960787738994,17.04050372614438,17.5737865771207
2025-12-12 17:58:10.461519,Right,97.47355679867178,100.6261321168895,105.40566260278592,99.2531895288812,-78.20302551202258,101.55252649222894,94.20562471469566,91.04140808610919
2025-12-12 17:58:10.465529,Right,43.363711655838415,31.429159943898412,34.99088957332424,33.2740120549297,50.467587581963016,35.232575945443386,30.201696258447555,26.507883167224463
2025-12-12 17:58:10.469547,Right,-51.69368282990399,-65.45052336773551,-61.23463674753384,-64.01762996997422,159.2224723942818,-59.562137092674675,-64.15617054277573,-66.27806590890759
2025-12-12 17:58:10.474502,Right,-21.86423674080652,-20.981473665537123,-15.290968766579681,-23.045826997031327,40.543332494577044,-15.00650558095731,-22.461775567775476,-24.710363446283736
2025-12-12 17:58:10.477520,Right,65.67614618441075,70.44402447392531,75.790945221127,68.50174991140739,-89.82376973010832,77.19577906258928,68.04130842927952,64.20454401878305
2025-12-12 17:58:10.481561,Right,36.92130079452181,27.42681300041022,31.10828376819154,29.67916463469919,5.119050874400273,37.311032182704366,29.611880984748495,25.413491370395604
2025-12-12 17:58:10.485514,Right,-63.3824196992573,-79.76252101411592,-76.59311924014128,-75.85445936382894,141.580846339275,-66.64949967256689,-74.24813271637504,-78.54297899611174
2025-12-12 17:58:10.489591,Right,-54.014519196327456,-59.34327168932214,-55.56688274181215,-57.69776533017648,59.16295209972304,-44.93588578086565,-56.57794910943994,-63.44286406532592
2025-12-12 17:58:10.493613,Right,47.04641678773987,47.26033233779344,50.865706159715955,49.03496334146257,-91.88126268331689,62.563780757678614,47.19151732000137,37.09553743229117
2025-12-12 17:58:10.497644,Right,60.07545540593492,47.68057087119632,50.759587478563844,54.07570394710274,-30.867589409182983,65.271104213316,50.517440666795665,40.87727374003225
2025-12-12 17:58:10.501659,Right,-19.93715267816151,-40.90425396967203,-36.52774655500434,-31.46135819859046,129.0190358000218,-20.780228922259994,-34.07962147841317,-40.230974485679326
2025-12-12 17:58:10.505619,Right,-19.7184530005361,-29.9418771457822,-22.91781292214182,-21.869503976613487,91.54094416072257,-8.241639918735018,-23.87971493693658,-28.53715047269361
2025-12-12 17:58:10.508753,Right,78.69417477597744,77.87691511671073,85.95794631409262,85.86468007339681,-70.64877686218824,101.90164141053174,82.47653115700086,76.02523396692322
2025-12-12 17:58:10.513685,Right,96.42171196350682,85.40080185698571,92.32415730268985,98.02476436572215,-53.41120709449024,113.91840144614616,93.70144363633517,86.0535803812154
2025-12-12 17:58:10.517773,Right,-9.305017251874233,-31.84975750756894,-25.949893915648317,-15.453567127526185,110.03438583637399,0.7025230700492102,-18.875142723052704,-25.390993346508367
2025-12-12 17:58:10.521718,Right,-58.92513323501407,-73.39153119515322,-67.65066291605126,-58.61930837610089,112.1392507268356,-40.717812529288494,-61.978444917782326,-68.02618202797203
2025-12-12 17:58:10.525736,Right,23.535022221811232,21.442314276863726,25.81519357192883,34.04643141986162,-52.66084143944681,51.3786593038094,28.163560397697438,20.52286806329994
2025-12-12 17:58:10.529689,Right,74.43248757318361,66.16242473617058,67.52015702362496,81.40603306849516,-76.51572930447219,94.12610096782737,73.25481183720512,65.01195016471502
2025-12-12 17:58:10.532717,Right,-3.9624868548598897,-24.645451079527447,-25.110459659525077,-5.946183124111485,86.52855415430167,2.2528206874703756,-13.55799822125664,-19.827943044524545
2025-12-12 17:58:10.536741,Right,-63.843477034366515,-78.71603625002899,-78.27260957557155,-61.772624570181506,133.97635005431584,-54.81663480244606,-68.34088755193261,-73.29503749184914
2025-12-12 17:58:10.540812,Right,9.66314371269982,9.678411542304275,11.354677122541943,22.5177938343586,-20.603925140068895,28.788294996316836,14.729411828317097,8.172389492309776
2025-12-12 17:58:10.546766,Right,83.00408270491789,81.26051704670681,82.3203243527696,93.78393529097593,-86.58379869487544,97.34611734940336,84.62441480060806,76.60375554920302
2025-12-12 17:58:10.549733,Right,23.146640772518367,8.641231211342529,8.848001838885466,22.69858861288776,60.42906872063031,24.481626530749054,15.25627886368784,8.933834752116127
2025-12-12 17:58:10.553794,Right,-55.657956376915536,-67.6758428362673,-66.49395467831437,-55.945939734087005,145.9985111367714,-52.22235208251004,-60.284386691768304,-64.14837909261769
2025-12-12 17:58:10.557823,Right,-7.402352540762877,-4.084317155219651,-1.5076056089874328,3.5541468967694527,9.375020335523004,9.616376227655564,-0.052214304258086486,-4.041856997706418
2025-12-12 17:58:10.561851,Right,73.15258100547726,77.92793823503962,80.07876656298777,86.31677658562876,-96.27719710384918,91.05344511013755,81.76790637136219,76.7429847163894
2025-12-12 17:58:10.564843,Right,30.71157318283076,21.89120433745302,22.77210445916262,34.63150034319733,23.561313925340073,36.77938488580912,30.769027739965168,26.891311530739586
2025-12-12 17:58:10.568802,Right,-56.95787312712855,-67.64502183140667,-66.76378820162608,-54.42682798766691,142.44949284175527,-51.4660049761078,-56.43150051494922,-58.576731187539735
2025-12-12 17:58:10.573804,Right,-24.285655712723383,-19.955200781081658,-18.510319021065698,-10.876598970144187,37.19564529362833,-5.136358318039129,-12.882923059652967,-15.868610065725989
2025-12-12 17:58:10.577868,Right,68.99128500212464,79.47259758192558,80.2713074261037,86.47284179563212,-95.10310905996812,91.8869413006214,83.17431381520873,78.41441950357148
2025-12-12 17:58:10.581828,Right,46.29976837029062,45.44383332102916,45.4442417474861,53.98839433788817,-6.459063548318227,56.070514164239285,51.45508836313638,47.75053236946951
2025-12-12 17:58:10.584837,Right,-54.777507966469784,-60.37186768907577,-59.171396245026244,-52.54459372882411,137.61264303674034,-52.276534691063716,-52.62025480700322,-53.45583695878486
2025-12-12 17:58:10.588901,Right,-49.46550382881833,-42.06896052806496,-38.83406105203312,-38.70250230053898,67.12257895887524,-38.106312515123136,-38.60214669715242,-38.949338625504424
2025-12-12 17:58:10.592925,Right,50.80781276765083,66.03907606721987,69.04983934281381,67.44568476722998,-87.79253412028265,67.02835729172148,64.95212483994874,62.64863723606686
2025-12-12 17:58:10.596933,Right,59.248658120051914,63.30955351242392,64.06070574356954,67.70313902334419,-39.93863756926294,64.95572882213673,64.10002003284535,61.384907708953506
2025-12-12 17:58:10.601896,Right,-39.62598641229488,-44.28558788847113,-44.52824534456977,-37.961059313311125,118.3941685846512,-40.494385455076554,-39.390186455930234,-40.175277367151466
2025-12-12 17:58:10.605952,Right,-63.00661558185675,-57.298682336821,-56.37649248655134,-53.59820307973496,88.02001557267431,-53.40641359901201,-52.97896407762528,-53.13234959340707
2025-12-12 17:58:10.610042,Right,29.19301827682466,44.60544210538501,46.227186674501354,46.31378834672796,-77.91999471936651,46.98925220561068,46.63138748782512,44.598055924330765
2025-12-12 17:58:10.612974,Right,61.11063089903291,65.9475658796664,66.50770930377894,70.18811813626235,-73.16889730169714,67.9364417014076,70.37967444332753,67.18761413041602
2025-12-12 17:58:10.617010,Right,-29.54072129438464,-38.12785403321959,-38.52487222562604,-31.728042027767515,89.34953547826808,-35.550337317861704,-29.54070793788196,-31.995405400558866
2025-12-12 17:58:10.620985,Right,-75.41140406675913,-77.51621275389789,-77.70493252222832,-73.95319749785631,101.65997590265397,-75.58792999556135,-70.01727220056637,-73.0900943285792
2025-12-12 17:58:10.625063,Right,6.485984664477655,17.24759389319206,16.789170860318336,17.381404359502994,-63.86300375746214,17.525478546172963,20.81742311688504,14.552274536959885
2025-12-12 17:58:10.629030,Right,59.50341888076764,65.30540262185514,63.30995373230371,66.7774868383176,-102.9793469453798,65.06220562014641,69.75690862582815,61.46418706026543
2025-12-12 17:58:10.634055,Right,-18.530120553683446,-25.734584144378005,-28.54520667328302,-21.699559164446327,52.112559579254594,-25.608996718759954,-16.923397846107036,-23.799143007464863
2025-12-12 17:58:10.638046,Right,-83.56091140363696,-87.24117140733142,-89.01415692074511,-85.10374846022478,106.73006072602038,-88.00022112399893,-78.57085262185137,-83.77334750523733
2025-12-12 17:58:10.641067,Right,-14.934738246375673,-5.594808106804521,-6.5843580235170975,-7.040470495438967,-44.86216076137498,-8.24731646915825,-1.4875751116614992,-7.686093529443042
2025-12-12 17:58:10.645080,Right,58.56324900712298,65.10345059471001,62.94154502918968,64.3513692388351,-121.48951776531794,61.955351542215794,68.24031386859406,60.568698075894645
2025-12-12 17:58:10.649096,Right,-0.6339732082587943,-8.502986351319578,-12.027505733536145,-6.233031847455095,19.326056877702285,-10.746389262601951,-1.4050791512108844,-8.452215336991685
2025-12-12 17:58:10.653110,Right,-82.01511785143066,-89.67415567861644,-92.86447495127595,-88.09237453076912,114.45923088868767,-92.1580066857423,-80.9777345313887,-87.45731779196922
2025-12-12 17:58:10.657071,Right,-34.696293240926025,-28.198107147493374,-30.996691867761115,-29.64861461183318,-14.067557346270405,-32.28125576415732,-22.1838284240157,-30.91618891243752
2025-12-12 17:58:10.661131,Right,50.074587209905985,58.411417106419776,53.82335385870249,57.82566426346875,-126.99310889604385,54.0778693071079,64.31969060716892,52.651618187915574
2025-12-12 17:58:10.666169,Right,10.984141664726849,6.201015065169486,-0.9432816280148018,9.55094174741862,-14.418596935696769,3.5016694502737664,16.71166439031458,4.974604858408384
2025-12-12 17:58:10.669146,Right,-78.75259827049376,-85.71919355536966,-93.4198835502117,-82.08176158062633,113.01201725642386,-87.83185152963597,-73.18538294254449,-83.36857862318539
2025-12-12 17:58:10.673140,Right,-44.620066118871364,-37.27347849310763,-44.246505857482816,-37.287811240043084,18.743356969980596,-41.232350645123006,-28.815359321926735,-39.5096709409504
2025-12-12 17:58:10.677186,Right,63.35677910574395,75.57308125917734,67.88216622126845,74.6599408245329,-117.31318808596916,69.75328029165121,80.66495281097286,68.05491266594254
2025-12-12 17:58:10.681174,Right,58.1276024424742,56.385966172306325,46.957820398231206,58.72817512396159,-35.92676846716313,50.42296253794575,63.598239647189075,51.719261071698384
2025-12-12 17:58:10.685185,Right,-42.973012628075594,-52.37701143407867,-61.64229198797193,-49.01299669978198,115.25668899673838,-58.73726859598173,-43.42626906626265,-51.58888887298872
2025-12-12 17:58:10.689186,Right,-54.796458962212455,-51.90060600604784,-58.92295930454554,-52.15846386932253,56.072906656909254,-60.69110778972572,-47.099764043648065,-52.28972845714452
2025-12-12 17:58:10.694231,Right,32.09801173407777,44.79086358095219,39.365191249491886,42.108928748200015,-103.41813368542898,33.490292521157244,44.741594635805086,40.769560795364214
2025-12-12 17:58:10.697214,Right,41.907713690868604,45.39118185695406,40.12214203875692,44.57383411988167,-68.3936536722631,33.709782065014224,46.089286848679876,44.281264830136934
2025-12-12 17:58:10.701247,Right,-50.135920532270575,-55.38313400113657,-60.046087106217556,-55.32658631341383,90.96979717556678,-66.90395167973361,-52.588918329132866,-51.14673869342096
2025-12-12 17:58:10.705210,Right,-69.80190363874317,-65.31845075855927,-68.63893575075167,-68.76128520896737,72.14606111202465,-78.49948485957009,-65.73165353394779,-63.39374229333225
2025-12-12 17:58:10.709321,Right,27.198760892461905,42.28860729795679,38.91198941572907,36.23368315839889,-93.09898250394963,26.98652417593621,37.0371990018275,37.442866448840505
2025-12-12 17:58:10.713264,Right,67.67185522104137,74.29591978600229,69.35213521245691,70.79739391525936,-97.24825898558083,59.071246015959915,70.08668564268282,69.96790884750362
2025-12-12 17:58:10.717316,Right,-19.487431007633404,-24.691727089892993,-29.68655936566438,-25.316979878641177,68.14151424998181,-38.5610036867763,-24.359410040701732,-21.611912168620165
2025-12-12 17:58:10.722296,Right,-72.04814994285243,-69.7917221636867,-72.25223872767515,-72.61899618032567,95.41219254773705,-84.01510478554928,-69.34927363728139,-64.03452833182428
2025-12-12 17:58:10.725304,Right,3.9885494768195713,20.413942993825003,19.919391391267027,14.004027017834005,-65.7760076793652,4.141911242518972,17.301733846028583,21.85096485464055
2025-12-12 17:58:10.728307,Right,62.10270015521019,74.6012699541493,73.22776364878018,69.08418312050867,-115.25661379248504,57.29481556510996,71.66523831440009,74.5621917638664
2025-12-12 17:58:10.733290,Right,-8.28086383526761,-9.289798673270525,-12.119198945835933,-11.841456969590013,36.78753861349992,-25.944867393406184,-8.37477687494993,-4.967652205628838
2025-12-12 17:58:10.737331,Right,-74.02254427139974,-72.63628844370032,-74.8254887844439,-75.61642119593034,103.08814857473021,-88.94672475996776,-71.49813238024035,-66.904045867876
2025-12-12 17:58:10.741337,Right,-7.084020535867239,7.513258674204735,6.761466233913779,2.6368303777404947,-42.301923476130696,-9.320623689005515,4.520800433235763,8.688520549194436
2025-12-12 17:58:10.745347,Right,74.25426146780137,86.98661852146051,86.20413763645661,83.90412240559985,-127.91764412115009,70.5051798767804,82.73149460893364,86.59027730568232
2025-12-12 17:58:10.749368,Right,22.889066851453663,20.66168102844904,19.395109992386324,20.753965600461527,6.994519280782754,5.560099145919139,19.39105478424881,25.310811335781636
2025-12-12 17:58:10.752385,Right,-64.24715483097702,-68.04982939983074,-68.38835545780489,-69.64596053742423,110.39928849576688,-83.01129903046694,-69.40099607992533,-61.28413126004352
2025-12-12 17:58:10.756398,Right,-26.68023548602423,-16.982032078394695,-16.18474361552944,-23.489912721340374,-12.826808027159586,-33.38942518460135,-23.48879217571948,-16.206601371328816
2025-12-12 17:58:10.761339,Right,61.00969897802452,72.98612210671627,73.17692874560043,65.74561371152924,-136.490161389396,56.351188380238455,64.19678488653949,69.4586073583423
2025-12-12 17:58:10.765418,Right,29.829833885528842,27.635278068647494,26.78492283260539,24.088343910734693,-34.9587523254836,13.163919007198274,23.35017927131753,29.262271634775516
2025-12-12 17:58:10.769420,Right,-66.20886688910036,-73.37593813042395,-73.23844370310235,-75.92362365913868,96.62109789058195,-85.97293976416768,-73.53527406679154,-65.28294776323173
2025-12-12 17:58:10.773511,Right,-50.25981006163181,-44.551273868805765,-42.284917121763556,-50.428955455610776,8.43498925437234,-57.55313767861389,-46.42114673007677,-38.146895155805396
2025-12-12 17:58:10.777490,Right,46.794187729375835,58.759800803857615,61.37550419778563,51.364783340104395,-136.29375072116545,44.992604688342,54.489186318379325,60.48712772960653
2025-12-12 17:58:10.780483,Right,44.09290776810235,43.892160834814604,45.041107120900506,38.775916074770066,-66.41220667144125,31.210581819127583,41.54072210413972,46.54111890960212
2025-12-12 17:58:10.785440,Right,-51.72189580647171,-59.576997368669254,-58.99427264982796,-64.27597934831965,89.54531585103177,-70.48393296469021,-60.296303354361044,-54.44056055525198
2025-12-12 17:58:10.789484,Right,-59.840363482432025,-56.04843021017996,-54.420470825337816,-64.22264333995827,42.59483994427319,-66.35275783092675,-60.16800210196192,-54.50672029475709
2025-12-12 17:58:10.793487,Right,36.708659167520125,50.378899048433595,52.578290200311585,40.867377526734344,-117.05778953836034,40.57424404210178,42.998551689874404,46.991980425893416
2025-12-12 17:58:10.796527,Right,60.62990394958775,64.68358578573043,66.36246927470256,58.97865094895042,-88.26752427210977,56.93448264751078,60.25682479873343,64.09108060924382
2025-12-12 17:58:10.800518,Right,-26.970354332016406,-33.62016119892678,-31.639830564320164,-36.291177580207204,79.03830436409498,-39.230789788890434,-33.4403210935383,-27.681986818554833
2025-12-12 17:58:10.805521,Right,-55.71024830981645,-54.38352778451372,-50.93801354560628,-59.053636760297195,77.54799253185047,-60.13164218284237,-55.264628353298576,-48.68846874012479
2025-12-12 17:58:10.809558,Right,31.229022603195233,43.35554763234268,46.99099372933142,36.595271889807464,-83.68034900162547,36.06178925121185,38.659387291464895,43.8360003261987
2025-12-12 17:58:10.813554,Right,67.50244569106121,71.73271417764909,73.41334292681267,67.48337807225698,-97.54224465150855,63.85118726851215,67.79211588528028,72.29932070464565
2025-12-12 17:58:10.816596,Right,-25.699921037596084,-34.65136489297447,-34.50311005133426,-36.17141238055865,65.36937714105898,-42.538029203828046,-35.12250637751765,-29.261641259792214
2025-12-12 17:58:10.820509,Right,-88.12314283607111,-92.03699434656596,-91.3150385037552,-95.86570263328304,100.44435170021734,-101.23783396670296,-93.54662245150394,-87.3021484553683
2025-12-12 17:58:10.824589,Right,-13.745305924726381,-4.743637181201166,-3.316627332151711,-12.169159175896311,-61.77900959086401,-15.74538131967347,-10.591264486855152,-6.527309625172165
2025-12-12 17:58:10.828595,Right,54.54157165142453,59.26490576195033,59.6903517827177,52.74897745627641,-124.67737618849878,48.407975529738906,53.305638973138684,55.9349388458611
2025-12-12 17:58:10.833555,Right,-8.09382455086029,-17.905522978680892,-18.4805598906014,-22.026857138564083,21.850533375800296,-27.37235484489065,-20.00102200763331,-15.452819932356533
2025-12-12 17:58:10.837613,Right,-76.8835182564992,-85.2996564902212,-84.8015162260399,-91.76850634075709,97.45981012185712,-95.30162700592336,-87.33517453977834,-80.36275107481924
2025-12-12 17:58:10.841630,Right,-12.729584257167744,-6.922388948130674,-4.61805738665862,-18.145142453819062,-43.041797021914135,-19.52713271193352,-13.687591708513082,-7.244415413483466
2025-12-12 17:58:10.844635,Right,76.62849351569935,83.2009846991698,85.8795600299045,71.73100288686055,-137.2749243916187,69.29912819802848,74.60294001885927,79.21607662244287
2025-12-12 17:58:10.848642,Right,37.70778392061243,31.29782029984608,33.78727499104798,23.145223697358233,-5.646082512545036,18.546953512734035,25.94457031195543,30.650352886157407
2025-12-12 17:58:10.852661,Right,-42.98297792448352,-50.12184814456373,-46.642276791502354,-58.17102567114671,111.80900424179254,-62.21122203545383,-54.431913689672456,-48.762174394337535
2025-12-12 17:58:10.856675,Right,-3.4741551398581123,4.104321293904604,8.593707835636906,-7.217311125955348,1.9958564499684144,-9.589292235310495,-4.474893529550627,0.2878143056184399
2025-12-12 17:58:10.860690,Right,87.59130539562989,99.26144798069004,102.83184860470556,87.56137718005812,-124.95617853488693,83.87541825339576,87.98015431950625,91.22546603778824
2025-12-12 17:58:10.865683,Right,56.90302321046238,55.29083752469796,57.37992346151259,46.81133257693,-29.637349961525615,39.97860832944389,46.95948044784791,51.113526543387025
2025-12-12 17:58:10.869695,Right,-49.597740674103306,-56.47395497393131,-53.71350986997413,-64.174994178431,108.77403295903423,-71.4783753173433,-62.428521598661064,-56.175668470960545
2025-12-12 17:58:10.872742,Right,-49.01794172142445,-42.69887430166227,-37.86022972095952,-53.220224706724366,27.935650840969174,-58.62825594833339,-51.632837183887204,-45.781472081410584
2025-12-12 17:58:10.876733,Right,42.270818900782615,56.61262103981653,61.92895302431725,45.70351187115921,-125.79025458711476,40.04097624473252,44.959105242427995,48.55427952015839
2025-12-12 17:58:10.880741,Right,42.881420807068025,46.690396841039274,50.76717323765024,39.44603245841881,-69.31317262334414,31.087904443866137,37.926465351509705,41.498362060912314
2025-12-12 17:58:10.884695,Right,-54.303216893140416,-58.008236393913194,-54.31496743022353,-63.915536669830544,88.57742589703048,-72.7584351345995,-63.33473530772699,-57.38244393319678
2025-12-12 17:58:10.888761,Right,-70.47581780924611,-62.97459627105263,-58.44026783223762,-72.56376033916695,50.061743292742904,-78.46099114957906,-70.20557131262058,-63.599153321248764
2025-12-12 17:58:10.892713,Right,22.56965206664472,40.27177808374722,44.596297376371695,28.3960485949101,-115.6620172019484,24.560700357631504,30.35405913427894,34.904916212748844
2025-12-12 17:58:10.897795,Right,48.813574118804354,57.655262891933944,60.35003718247981,49.21312528867293,-101.60227655935705,44.392591012911,50.8321545850863,54.418518451379555
2025-12-12 17:58:10.900771,Right,-40.63796295235261,-42.05199744869458,-40.02602140151703,-46.549807144667284,64.46056664600655,-52.28828555100699,-43.996741988099075,-38.75436888559835
2025-12-12 17:58:10.904830,Right,-73.1276525481403,-65.9010345380567,-62.86271892905734,-70.95261561876396,73.54173452646319,-75.74038666116576,-68.85248328410216,-62.649759219147654
2025-12-12 17:58:10.908877,Right,22.963384575649798,42.214437809888636,45.654501189983876,35.91953046272374,-86.50635931193392,30.95189061018027,34.75064307296225,39.51967782904228
2025-12-12 17:58:10.912819,Right,81.24770691770345,93.02784626642699,95.27492121999876,89.24376520325586,-109.61758556464702,81.25910010345979,85.37568271108239,89.39576288301396
2025-12-12 17:58:10.916778,Right,3.0523792088201844,0.20917935609497817,1.9497417910442891,-1.1793460643257276,53.76979044565633,-11.44772604906575,-4.081019212472256,1.685583534284774
2025-12-12 17:58:10.920846,Right,-62.31999696428966,-61.932457512017265,-58.68354896318124,-65.89883401784937,101.45259742049166,-74.9633712873474,-66.3993410518242,-59.55815045110919
2025-12-12 17:58:10.925863,Right,3.6559384977504124,17.078518732335056,21.567459020408478,9.361833270500938,-56.63421609964644,1.839000373165618,9.305715505207445,14.166649281750082
2025-12-12 17:58:10.928878,Right,69.7246647105585,80.76842115263247,84.31636921257177,74.06971634436741,-128.9173116944694,65.0729036170178,73.68242322636797,76.43346722028645
2025-12-12 17:58:10.932897,Right,1.610235177429331,-0.18965492054744004,2.0449427871794796,-3.9907476765019965,14.957077696841225,-14.835102953726164,-2.8516354034763935,0.7603672864865416
2025-12-12 17:58:10.936924,Right,-85.83494479023966,-85.44141503785113,-82.83161876618215,-91.09182459563544,102.17881556133034,-100.35312667030848,-88.0903445950662,-82.76037646870486
2025-12-12 17:58:10.940897,Right,-40.837983737460036,-25.579386777787818,-22.348894296862,-35.99478147561331,-32.812356194387576,-42.229122506352724,-33.704255362687036,-29.111162237462736
2025-12-12 17:58:10.944853,Right,45.53498648104005,61.588467128304444,63.66416404950246,50.66104371855363,-139.18018379157456,44.94624639372341,51.214563247141086,54.000894641666605
2025-12-12 17:58:10.948929,Right,13.787587189323403,14.789485067231567,15.360323605969143,7.3725104272662065,-18.478144199320013,1.1851364756894327,8.826173568988452,11.975764922941153
2025-12-12 17:58:10.953945,Right,-65.47241645301938,-68.97284141985347,-67.80754505429923,-75.43087329685022,105.01395396390308,-79.00892144227328,-71.11006387838461,-66.31998746091767
2025-12-12 17:58:10.956953,Right,-29.78821545167102,-21.68910485280071,-18.801033420156273,-30.232132457303123,3.482748791733684,-29.374737496187663,-24.808341153574474,-20.200029406782505
2025-12-12 17:58:10.960958,Right,63.14575798113856,74.01165215262972,77.00036293608798,66.34785031869887,-129.62354258752657,68.74139726906287,70.89650726168384,74.03003577163895
2025-12-12 17:58:10.964963,Right,40.10991394715438,36.978731365528574,38.65324965960792,33.651546764873274,-42.05647144120121,34.72499870809952,38.504502508671976,41.665605611494584
2025-12-12 17:58:10.968930,Right,-60.46038613224664,-69.88915188808483,-68.52311308051276,-71.974249665569,105.95615459667442,-70.68404139991435,-65.35278818084134,-61.32839760758702
2025-12-12 17:58:10.972998,Right,-53.58733705303257,-50.464835895325905,-48.46221660144681,-55.92721091707608,42.151429029495375,-52.187482058689056,-49.34256802508935,-46.627679272569594
2025-12-12 17:58:10.976997,Right,51.24734772420106,62.3154277787728,63.53769127156528,55.484146788176076,-108.30613809485385,59.99154842215103,59.3674308203008,59.345074806477214
2025-12-12 17:58:10.979964,Right,65.89938502197492,65.6535295601177,64.73554722842431,62.291022263984814,-57.60848112542135,64.92537216139317,63.941119694993176,63.59184443846857
2025-12-12 17:58:10.984020,Right,-32.27419443517101,-41.58635581298677,-43.204738793259295,-42.59935931991822,104.59771593486403,-40.74991104297624,-41.15003605246238,-39.24788242274917
2025-12-12 17:58:10.988042,Right,-64.24769455671321,-62.640892589195346,-62.82696259727932,-65.94915074236633,76.71811441373302,-62.69837634569012,-65.01686930530741,-62.27031695245569
2025-12-12 17:58:10.993043,Right,17.047761686066224,30.595206223272953,31.458755735906777,25.76007728554123,-91.38914482964083,28.866365936901275,24.70432241387789,25.6468582187249
2025-12-12 17:58:10.997006,Right,46.49782177060297,52.54575517918829,52.962309227585536,51.07712962414098,-89.558879523619,51.36533474556654,49.313553841840985,49.10739976459354
2025-12-12 17:58:11.001039,Right,-36.3888129130637,-41.66308045256392,-41.15323565039694,-39.893215508873254,76.11938558151724,-40.863463750632036,-39.55096657583181,-38.65511363894166
2025-12-12 17:58:11.005091,Right,-72.21938665576909,-70.60948994519913,-68.44241770347128,-70.85300490747795,96.41514337316949,-69.59920405175308,-68.6581918763568,-67.03823217567697
2025-12-12 17:58:11.009169,Right,16.521526544860535,30.49559338617655,33.76422903683556,26.85224214005666,-64.0591851658487,29.643257029526467,28.067930307808638,28.703772627261515
2025-12-12 17:58:11.013122,Right,74.1968160086899,82.53874677891235,85.01326687854396,79.45061894245282,-103.1196443607414,80.33467937624937,79.25540904558875,79.86102145907171
2025-12-12 17:58:11.016130,Right,-2.683362715225485,-8.164573741193635,-6.357298987707509,-9.589043149805548,52.429413380600636,-10.401679453935685,-8.62942489805755,-5.814108284054328
2025-12-12 17:58:11.021135,Right,-73.23116691155519,-75.95921265328343,-73.07863958820803,-79.41244572754022,110.05649367834212,-78.37802949370689,-76.45015178777976,-72.41585428496865
2025-12-12 17:58:11.025188,Right,-12.905492983065415,-2.890690596133936,0.9235339017718616,-8.837164427876814,-40.18832009889502,-5.35741744929237,-6.056658778566089,-3.9948014092456106
2025-12-12 17:58:11.029102,Right,56.17312850992039,63.51449126319039,66.32738770194396,60.3709009865961,-118.66731578858662,63.22184829011621,62.02692576348545,62.05468058131373
2025-12-12 17:58:11.033181,Right,-4.5254682599606895,-11.404566793489721,-9.723573500802786,-9.266758332586505,21.734994189891495,-8.032353724324821,-6.852721933513749,-5.639998718288098
2025-12-12 17:58:11.036190,Right,-88.65396852043159,-94.69717511018098,-92.20652457373399,-92.03242181379755,120.49291542012816,-89.88999581922235,-88.24223346471354,-84.81406079347516
2025-12-12 17:58:11.040193,Right,-42.579563114005396,-32.919095213455876,-29.295331141000133,-33.780751121694266,-4.14357886886728,-29.9298096074599,-31.09860454937916,-28.087651510565593
2025-12-12 17:58:11.044208,Right,47.123650017004366,60.12148019798724,62.802881261904076,58.40204419711972,-116.17209102190827,61.273660742430366,58.5517194744034,59.64451761727514
2025-12-12 17:58:11.048217,Right,14.651839873807148,14.120673476134925,15.036115390834766,14.58373136253158,-3.6479175486374515,15.434411313741748,14.440533650230464,15.328715585021655
2025-12-12 17:58:11.053177,Right,-76.35464471917567,-81.56257290938993,-80.58217679220343,-81.73942553084817,124.6845102096521,-80.0977078965575,-80.03797678706451,-78.55396639233959
2025-12-12 17:58:11.057219,Right,-53.02005542285224,-46.3010773265064,-44.13940316948492,-50.22240168780172,29.47084683126252,-46.416930400537694,-47.95149795565703,-48.071203895734925
2025-12-12 17:58:11.061293,Right,43.48151992035173,54.81861786224272,56.705703153963896,50.238785782004925,-111.41101021524219,53.04068287569953,51.38140405400554,48.614611118575795
2025-12-12 17:58:11.064255,Right,36.029864528374674,34.9669333285633,35.55737100072247,33.773131122241466,-34.45548717734573,32.98504151645557,35.06596731251102,32.25628986039419
2025-12-12 17:58:11.068267,Right,-55.9765459019859,-63.14618725878654,-62.35602947701227,-63.24326016650184,117.7363208042146,-65.29072910118703,-60.20594533784151,-61.017793353409616
2025-12-12 17:58:11.072277,Right,-52.25673431596988,-46.77182881509225,-44.53697142826513,-49.9158271987103,63.294703599459524,-50.032368762244914,-46.7022395997501,-47.35107753305692
2025-12-12 17:58:11.076287,Right,50.22098119046541,64.52834562051612,66.89009265277946,60.540116622978985,-92.30487330361314,61.39595336878051,61.818535238425284,59.376484807761244
2025-12-12 17:58:11.081299,Right,68.71384971052794,71.81853104545917,73.01425618222765,72.11585764298343,-53.984033479900404,71.57598249391958,72.6944369941557,70.3983413613364
2025-12-12 17:58:11.085315,Right,-26.040505460632176,-33.653135202690464,-32.28731043003336,-30.177500774356304,110.79802711564389,-31.155941948964482,-28.137805589587515,-27.52808637526323
2025-12-12 17:58:11.089330,Right,-55.693780502394475,-53.90038213548678,-50.83224302193821,-52.84444186570363,97.75634527618172,-52.31894180466588,-50.71636008830865,-48.41941641066478
2025-12-12 17:58:11.092347,Right,32.72796305599468,46.867783538164986,50.32843550152893,44.80486007464333,-65.77387092607069,45.1523231289126,44.14452104083102,44.80219500799831
2025-12-12 17:58:11.096331,Right,68.95039106374679,76.66971277960465,78.59827798304968,75.60826740798893,-72.1890779289231,73.09670118472997,73.10087912430845,71.77379568899232
2025-12-12 17:58:11.100361,Right,-20.25876816565915,-23.91605526782041,-22.32874094644785,-23.708539864448085,91.2571500995416,-27.16504005739057,-24.103799337377495,-25.29068071390884
2025-12-12 17:58:11.104328,Right,-72.39723456751472,-69.77339352084482,-65.77439426964702,-72.37960923061019,118.39564906562646,-72.39477934687557,-69.38441351340771,-70.17472566660854
2025-12-12 17:58:11.108436,Right,7.451849824690726,22.513677196493063,28.986155250981028,17.165089972590977,-43.80410477902706,20.67578339713748,21.083348354870395,19.279050554914647
2025-12-12 17:58:11.113403,Right,67.75590333051696,77.15961393352518,83.8420199034399,74.28416998888974,-96.12079288748896,77.5202726881804,77.49553992373603,75.27253830655627
2025-12-12 17:58:11.117434,Right,-8.866385169887963,-14.564886914716226,-8.38923680853577,-13.618503433783872,53.764380437823775,-11.765292623514824,-10.296937179235101,-11.027197547444302
2025-12-12 17:58:11.120485,Right,-87.0556729371815,-91.16261697688697,-84.40770822952709,-91.3475755111449,119.03417985159444,-88.3728520493678,-88.08652841950243,-88.15488122907118
2025-12-12 17:58:11.124502,Right,-28.379129758780437,-18.55407166102941,-11.583148362217798,-22.14494935272114,-29.218605007194583,-17.54961299113984,-20.878354567415954,-23.213034469864397
2025-12-12 17:58:11.128485,Right,55.44458966672096,65.3502700960662,70.64980505576477,62.9044593155304,-119.29285726965963,66.37174314708273,62.35909526652813,57.57677672077898
2025-12-12 17:58:11.132496,Right,14.462537714330438,11.470011849556613,15.080068959165146,13.299401898340307,15.040787902309603,14.919703754933835,13.971392239682245,9.600685561676073
2025-12-12 17:58:11.136485,Right,-61.678140896703326,-64.8341044236904,-60.80368883679694,-62.545629212026256,124.29973045332144,-59.86828204719859,-59.61063697278132,-62.71208787758769
2025-12-12 17:58:11.141469,Right,-17.951478466965455,-6.975734523019128,-1.936681945249802,-7.852796347426761,8.26336323306532,-2.8528932338676896,-5.585998311009462,-9.916968183202698
2025-12-12 17:58:11.145541,Right,69.65693706002207,82.80219054449844,87.04180249942965,81.71109122672033,-112.20707649033602,86.40699891036456,81.19823049409206,74.54634331975103
2025-12-12 17:58:11.148499,Right,33.84306311285968,32.2990269669026,35.105352549637246,34.5020049580352,-10.017821153190198,37.35089148063071,33.15866440553509,26.78208774313407
2025-12-12 17:58:11.152506,Right,-67.145083538834,-73.68032138351009,-70.27513260475007,-70.85002540097202,123.39813613122169,-67.63302045225419,-71.03552186673187,-74.97145658503814
2025-12-12 17:58:11.156504,Right,-50.46079790870084,-43.000157772314196,-37.57285122269059,-42.985533458994915,37.550233024543104,-38.31945597647518,-43.81237395444259,-46.36090095518193
2025-12-12 17:58:11.160515,Right,55.10149836487156,70.39716497725658,76.66443647153483,70.65582623212413,-106.53157643277746,73.46852286855756,66.89350244724483,64.8536859876449
2025-12-12 17:58:11.164535,Right,61.799126294154874,65.59682637844526,71.6871190116899,70.83129500338976,-35.880644174543704,69.0976602776409,65.56216013555786,65.85839506751472
2025-12-12 17:58:11.168561,Right,-32.746992404779974,-37.3018369588508,-30.100628296619107,-28.890200566872863,123.6394906385326,-32.72307015208571,-33.040830485291735,-29.522802431092714
2025-12-12 17:58:11.173554,Right,-47.4829528545751,-41.65893410542867,-32.30661720999342,-34.78518098051427,80.3728836178957,-37.33609956739383,-38.48165362818145,-34.66642130105083
2025-12-12 17:58:11.176584,Right,42.7697679817241,57.59856122096335,67.47102360065128,63.93183938756397,-80.33642047627836,61.55000219470094,58.400345473219204,59.83577275155767
2025-12-12 17:58:11.180580,Right,65.19615663416744,70.222336281975,78.67241986140834,80.24846632223102,-56.30470401763432,75.4302324777882,73.46729380062516,74.28467510877454
2025-12-12 17:58:11.184540,Right,-22.53063124063965,-27.927050543688893,-20.263817590104736,-15.677714591490712,108.0208334742224,-21.38845459926233,-21.126700408322904,-18.060332839451803
2025-12-12 17:58:11.188603,Right,-52.77535335547452,-49.79638594431344,-41.59387197972137,-41.17443107939857,106.17066227255054,-44.12172636504056,-44.89767600819414,-40.78967425462179
2025-12-12 17:58:11.192628,Right,34.51636245058853,48.417222480062264,56.04814603733939,52.47598118069254,-57.560910599323506,52.35010321658774,49.171031274760026,51.016718770293664
2025-12-12 17:58:11.196636,Right,75.32469802432865,80.9204654371797,85.92279390240765,84.81527254510934,-77.64530805536174,84.96778938211719,82.64731669701268,82.13491068644726
2025-12-12 17:58:11.200630,Right,-12.698498859804204,-20.932430455961367,-18.154833321072147,-16.162861727632844,80.12737673395395,-15.683762591096638,-15.435348839480866,-15.970527974147444
2025-12-12 17:58:11.203657,Right,-72.87224352479689,-76.16452509746523,-73.66980222841812,-74.30522087281679,114.7694902352714,-71.64361176829152,-72.35823383288243,-72.88889677289444
2025-12-12 17:58:11.208621,Right,2.38291323520275,12.892257242022424,15.103744209191063,11.384440077402814,-45.35423581715736,14.799164817351993,10.28735992728889,7.8574841264580755
2025-12-12 17:58:11.212664,Right,72.21010148892697,79.75166955026907,80.11511337218144,79.65008002119089,-106.11501250320771,80.11820850150161,74.51281365357681,70.7299859157556
2025-12-12 17:58:11.216698,Right,9.163903067496449,3.0524767764545686,1.777642679417113,5.851593681217764,43.73899435690714,3.574285036172114,0.04629165727146756,-2.5922094028037463
2025-12-12 17:58:11.220698,Right,-64.71597311529308,-69.29124915255215,-70.37372340526781,-68.43696810201334,123.72483566026028,-69.19478039998921,-72.53741867452027,-74.48807311883138
2025-12-12 17:58:11.224717,Right,-7.529623948060362,1.3591393504993903,0.4504937721303577,-2.2375165350798625,-15.920268794331264,0.4802954356518967,-5.684982096659041,-10.330937650678607
2025-12-12 17:58:11.228712,Right,77.05595203367693,84.60435400133974,81.79584877968045,81.23630904984054,-115.4122081320387,85.48534724899855,77.98225808545976,69.97186381885786
2025-12-12 17:58:11.231777,Right,33.92175602915677,25.037013672193098,19.933848903490798,26.07171991812868,8.999308744852272,31.452076829318685,25.323583275836427,17.373718213706525
2025-12-12 17:58:11.235751,Right,-54.75048494104885,-68.07540722018439,-73.24357553297705,-64.96459953066676,121.78572090168132,-55.516892113069844,-62.084981000855805,-67.92081982364653
2025-12-12 17:58:11.240690,Right,-25.214694101617624,-26.51934892404006,-30.606778156121436,-23.983607548138025,8.415395245362454,-9.801187877944358,-20.114686356077073,-25.962617555210272
2025-12-12 17:58:11.244762,Right,61.30736939007875,62.6331235386715,57.94024077465292,67.56305423678623,-123.09850417463554,81.92278849637023,69.77134051681605,61.992825467898
2025-12-12 17:58:11.248773,Right,35.48462537991645,22.73221370608917,16.22214734031877,32.90572068291101,-29.638904313849594,43.00560466161096,34.02224002881212,26.062217664231866
2025-12-12 17:58:11.252809,Right,-58.94810179571914,-77.32608008368152,-84.16588292482811,-65.53004792651939,113.97195981971049,-59.283861547267406,-64.53647519247625,-70.60273936263002
2025-12-12 17:58:11.256804,Right,-43.18590851467343,-48.30062944402198,-54.11367831333337,-39.338655904989935,41.99512287487073,-34.83071562217174,-39.99445594383178,-45.299926087962376
2025-12-12 17:58:11.259816,Right,61.185734094979125,63.82983768478698,57.810424076038544,72.3549361745649,-106.967751597183,75.07161442077722,68.85209404075977,62.71825227830959
2025-12-12 17:58:11.263843,Right,66.65176611035758,57.207159431758555,49.569978691728465,70.07088367614728,-51.39823629724265,71.18521358727776,65.8472924791331,60.20298141817511
2025-12-12 17:58:11.268842,Right,-35.39610434669157,-54.82245750451875,-63.023889096743005,-39.055511169040614,105.2802329590229,-36.62730162160187,-41.671934380877246,-45.202767325445166
2025-12-12 17:58:11.272881,Right,-60.02719907736946,-70.26989634526035,-77.49595985076667,-56.4862393201374,67.86410817911838,-50.93032601620325,-58.959040607555835,-61.64792306704112
2025-12-12 17:58:11.276907,Right,29.08287256914946,27.8449235511398,20.906840271200053,39.779600813693435,-97.72353684565928,45.60290317680847,34.71289447518848,31.493143725774644
2025-12-12 17:58:11.280892,Right,57.34784393207656,45.9055462072356,37.99440169009904,59.430608086274354,-85.93459659553673,62.06238650209616,52.49804105743533,50.75006891053272
2025-12-12 17:58:11.283930,Right,-31.293978563392102,-54.99501025052814,-63.037408814023365,-41.46488234356758,78.52387836456228,-40.6501850108707,-47.55648125557673,-45.46474403659522
2025-12-12 17:58:11.287916,Right,-70.17878975965141,-86.96941652212809,-93.86357095843414,-78.76993689117234,86.77503029335321,-76.1185014733519,-84.21810608706983,-80.17863968950041
2025-12-12 17:58:11.291899,Right,16.474706302139566,11.228303560854329,4.203821152932505,14.154061890297783,-78.01462452499982,18.520672304282016,6.925948114050698,8.9470006400079
2025-12-12 17:58:11.295941,Right,69.98025591805754,57.88412112669357,48.43536537378168,61.300554239698556,-110.1723439825314,64.50584504531798,52.50305309802752,51.92273049040887
2025-12-12 17:58:11.300951,Right,-7.536197487471327,-32.98407254175618,-44.57105582829172,-26.762151505373595,47.07195203631454,-24.534143076607506,-34.35978703834553,-35.39643928102123
2025-12-12 17:58:11.305009,Right,-70.36600424501466,-90.81723956154383,-102.48712621213781,-84.99594505964387,96.40809877528773,-80.73089353384694,-91.07903196564985,-92.66387562143973
2025-12-12 17:58:11.310010,Right,-1.0232038118197124,-7.021932021176326,-18.68950151923491,-2.183154732882713,-56.4286914614172,4.397765277036342,-9.637801361381207,-14.011014366413292
2025-12-12 17:58:11.313991,Right,70.76199985748417,61.87617638661504,48.3739223114826,70.36184121357462,-125.42227259464289,76.62678884449724,60.3655097304254,53.44473124079195
2025-12-12 17:58:11.317021,Right,11.661256414346099,-12.883785864118181,-28.435018781747203,1.0522645929191867,21.310653278209884,6.994440070525343,-9.380104901501909,-15.968908436996571
2025-12-12 17:58:11.320004,Right,-65.75355354647445,-91.66978356481741,-107.41943489007099,-76.84745727407869,114.33606414594169,-67.92677462799475,-86.71412452141885,-92.21430301572218
2025-12-12 17:58:11.323963,Right,-15.150908417290793,-28.807834285142235,-44.212207576303626,-16.08433852368819,-14.903803130086999,-3.121106097209122,-27.390060217785503,-34.04864597863707
2025-12-12 17:58:11.329022,Right,68.92649852862723,54.76393858512165,38.098461007095466,68.99688012776335,-120.599764123157,83.30122630689038,55.232607605334124,46.690329273809766
2025-12-12 17:58:11.333052,Right,28.48248612787893,-1.273064962011631,-19.73661734639245,17.563017483948897,-3.1786095020543144,31.850293246701767,3.4784438894294,-4.702685752625257
2025-12-12 17:58:11.337004,Right,-61.75610477859573,-96.11165140415687,-114.61690280133189,-76.09316196398163,116.9905049457866,-59.78162947782948,-89.03676574380006,-95.84659066116728
2025-12-12 17:58:11.340056,Right,-33.39262248229488,-55.77793820808074,-73.26002348702605,-38.22289367916892,11.643540805630437,-19.219190793911366,-51.85650232819171,-59.277003385768694
2025-12-12 17:58:11.344008,Right,60.7711372482604,41.614327511961164,24.169283400471613,59.64089323646681,-127.50078498714811,78.27414638917162,44.01959965255628,35.18034166079997
2025-12-12 17:58:11.348074,Right,43.83699562659649,10.644211486609493,-6.820755218064733,33.09563198216665,-45.44513222041769,49.61238729928027,18.118305345893532,10.43017964747014
2025-12-12 17:58:11.352093,Right,-55.21717977687467,-95.00313537221518,-110.11976742012484,-70.94604879711369,100.83751908349313,-53.573470008306685,-82.31821544892227,-87.14283788635294
2025-12-12 17:58:11.357135,Right,-53.6941734813131,-80.6395794009768,-92.03019236773616,-60.160622333705305,36.569298093845646,-39.17723738887253,-69.07798403332527,-73.18019575401922
2025-12-12 17:58:11.361116,Right,45.92745686200533,27.92104011469928,18.115940608040546,45.766839031062545,-117.4401944285919,68.07618116943468,36.58496181317605,31.1673964095844
2025-12-12 17:58:11.364133,Right,61.7428368936844,33.33908939048888,22.535295684654557,52.676426964166126,-71.59268367969617,72.79345204052424,43.62337537345775,38.839419796055154
2025-12-12 17:58:11.368080,Right,-29.233080529284052,-66.30445132226123,-77.57451820574352,-46.66811905266161,90.12158627459576,-28.072491613781494,-53.72809979790509,-55.12244997824564
2025-12-12 17:58:11.372131,Right,-52.27605326028788,-78.01996565148511,-87.92513134458204,-62.59883352049087,66.38987761057615,-43.30283621478429,-68.8393856079656,-67.79800287270155
2025-12-12 17:58:11.376170,Right,35.17407238730402,22.235454564703105,13.48272599286065,34.19585080491663,-98.44010333342794,52.606915789351206,25.861628211851894,26.757785924242853
2025-12-12 17:58:11.380184,Right,64.69051219954099,45.24191614235315,36.5710224487575,58.58251709239039,-96.91585845108511,72.84973725631062,48.26063554590928,49.316322923121334
2025-12-12 17:58:11.384189,Right,-23.281482577714996,-53.01648892661615,-60.77910252476613,-38.33770746883624,67.48798879559854,-27.509300463488216,-48.17210647236061,-45.1149518980892
2025-12-12 17:58:11.389210,Right,-62.666473210419554,-83.86778836545,-89.4825645851397,-72.7405956239943,87.3656335226915,-62.105559359423296,-81.99677249532215,-77.84007930709686
2025-12-12 17:58:11.392216,Right,28.129578833892083,21.499074910701893,16.64716070466966,28.51012741053478,-73.825497296496,38.92554696212619,17.57529020284437,20.318826232331958
2025-12-12 17:58:11.396161,Right,88.76071899669978,78.39636250138938,71.80459699599669,86.2265644467949,-113.41616033698392,93.67313494784639,73.56301096982406,75.26436239762916
2025-12-12 17:58:11.400230,Right,10.944175947324311,-11.80390156591966,-19.884463545155086,-1.93208114030665,44.30578119329766,2.793499913782398,-13.723364296673026,-10.522105490143986
2025-12-12 17:58:11.404239,Right,-61.53047883099316,-79.58267438671555,-86.63016765507746,-72.61721554151268,105.39258662160228,-67.24446537410176,-82.61317201254496,-77.94777578734465
2025-12-12 17:58:11.408274,Right,1.5799376057566406,-0.7248741470448294,-5.865110965016356,1.2656841677114699,-45.216523503791905,7.940806481522486,-8.66171461652175,-5.0598770150236305
2025-12-12 17:58:11.412277,Right,79.64113204384739,77.79555281213834,73.2210680045664,79.68528576295802,-127.81729815911149,84.52525851056862,69.27248391544799,71.61372955618663
2025-12-12 17:58:11.417308,Right,29.507273635921592,15.12067188715082,10.800774806535628,20.597882346212828,11.395822173967645,22.22991406123151,11.373418686854166,15.116863866710446
2025-12-12 17:58:11.420302,Right,-49.1158035921776,-63.00366085739006,-65.5820756568919,-56.88317156917748,114.4371298845872,-56.19982411299179,-64.72704827385769,-59.00215139052216
2025-12-12 17:58:11.423311,Right,-3.651695505416228,-3.1972769986577987,-3.7622510503006197,0.3876770504741671,-6.533897238574355,1.147914716622381,-8.478088881440272,-3.6272343182799887
2025-12-12 17:58:11.428299,Right,83.79818658311387,86.74626800605165,86.36728339226465,89.8368598686751,-120.04335256364084,88.59393393114642,79.18530672463294,81.73452615876658
2025-12-12 17:58:11.432291,Right,48.9145164551619,38.90988129750258,37.867978640924775,43.11782044075147,-10.215441701735472,39.55513017773134,33.647025399453014,36.115711320134324
2025-12-12 17:58:11.436348,Right,-47.07334127228796,-59.738246207449265,-60.023370505884486,-58.474463822523774,118.79226801436744,-60.783899689549344,-64.26682424510182,-60.371895293290436
2025-12-12 17:58:11.440283,Right,-30.076794158677785,-27.92502392715096,-26.68142187129706,-33.000765340284715,25.294427679734326,-32.01445370738293,-36.50254332084842,-33.05477573210874
2025-12-12 17:58:11.444353,Right,62.81702931031805,72.25998475434426,73.62565449733393,65.0675426775889,-116.64189573424937,66.22691372912641,61.562919310809775,63.247269658633286
2025-12-12 17:58:11.448352,Right,53.10616379244129,51.31943049255233,52.137873767404926,48.15735858854896,-41.67761319000056,46.070998867264734,45.08361916520107,47.22319050447777
2025-12-12 17:58:11.451391,Right,-46.339652209610904,-54.8719580983734,-52.651406167837195,-54.788831699708794,110.94057432774662,-58.7934493472585,-56.230025726152235,-51.595839308160976
2025-12-12 17:58:11.455397,Right,-57.24371706783222,-54.283342246552365,-49.15509177142667,-55.40067657500424,57.32791292229285,-58.54491263826867,-56.35566988923756,-50.98412215456824
2025-12-12 17:58:11.460405,Right,30.13662706536161,41.831160104757146,48.24678602590939,39.98336309105662,-101.08566080692981,36.88310069041927,38.10344084222834,41.80470690185052
2025-12-12 17:58:11.464459,Right,40.684949435697035,42.407653558393804,48.035787930566585,43.17480695547454,-68.1025557384155,38.0331696723274,42.06620410694313,45.201369564920014
2025-12-12 17:58:11.468473,Right,-54.90798794937382,-62.374887641539544,-56.826308508779675,-60.835210028235224,92.83144599410025,-66.85671288995763,-58.63155685002357,-53.76912150664043
2025-12-12 17:58:11.472488,Right,-82.39913580560778,-79.4794893553568,-72.53756767922278,-82.28764198433328,77.5241678880875,-87.07486155329116,-77.7772205752658,-72.00655661009228
2025-12-12 17:58:11.475472,Right,11.158499613390632,26.92034980016507,34.09116538868193,20.19578694922211,-88.51708258807321,15.101194219279023,23.905041685947708,28.33098485772203
2025-12-12 17:58:11.479465,Right,56.18985700266103,65.85774116723353,70.95445571394339,60.44057865545847,-95.27723834732205,52.086344105503485,62.99483152194489,66.6831871800223
2025-12-12 17:58:11.483484,Right,-26.340855295960182,-27.773707749200526,-24.601231572435154,-31.095392752586122,73.37315314552188,-41.75642891615462,-27.65873027856901,-22.5096090570529
2025-12-12 17:58:11.488487,Right,-80.12679774934008,-74.71704121523294,-71.71390560620125,-80.42786900837314,107.8835035779116,-89.91629910077154,-76.18617074898282,-70.235446627025
2025-12-12 17:58:11.492451,Right,-6.502607304846833,12.617052695619918,15.313572887922078,3.58265881111015,-51.67369757744882,-4.338577233126671,6.449183315978189,10.456527763220492
2025-12-12 17:58:11.496516,Right,52.38618454172547,67.5864908782587,68.45703034556647,59.80433321762007,-105.65877614427154,51.11444480194041,61.44723196220505,63.354861041011645
2025-12-12 17:58:11.500526,Right,-17.739014365547177,-16.22688382089018,-16.557990362680016,-21.09475621159777,45.92307610958778,-30.318873109406923,-17.922728352868404,-15.684693231587744
2025-12-12 17:58:11.503512,Right,-85.84806801348032,-82.1489764118146,-81.19857112599516,-88.32822170861732,118.83319044555674,-95.38897344550696,-83.02290101589398,-80.11042949194098
2025-12-12 17:58:11.507566,Right,-17.336940196199635,0.18922129121528997,2.947626239223837,-9.406332952586467,-22.856976235395905,-14.70550104501308,-4.696401504281653,-3.525389975770395
2025-12-12 17:58:11.511570,Right,75.03789369613958,92.19694392450992,95.00558481782764,83.12431138322268,-112.86249016726924,75.6711737564292,85.75106919141786,84.69055112976048
2025-12-12 17:58:11.515582,Right,38.51221828371422,42.17682315653883,44.753896513600466,36.06479034136328,19.23910509598454,25.031480278775234,38.3997214603512,37.94065393619394
2025-12-12 17:58:11.520576,Right,-41.367566601406565,-38.42878293133981,-34.087311366314225,-45.46809696819457,129.21580389485325,-57.2465166788279,-42.372441594236534,-40.50976468014642
2025-12-12 17:58:11.524611,Right,-7.91150286650543,9.18626343482174,15.84728146786756,-1.939023060802242,13.691043577767232,-12.770588056519955,-0.012389810080549069,2.750408487421282
2025-12-12 17:58:11.528610,Right,71.2774824868535,91.63944929901572,98.48103450029339,79.86129742438038,-111.5480939109757,67.9721962437452,79.7720175496379,82.66971782297878
2025-12-12 17:58:11.531647,Right,33.856340120411005,41.018529946698436,46.92422236595394,32.38528433546139,-16.222089299701565,18.474875315607278,33.29954983239986,38.295259139163136
2025-12-12 17:58:11.535638,Right,-66.78139198748602,-64.2411060800323,-57.5502611555612,-72.28520999790248,114.72868560817005,-85.38261705541845,-67.66593466684435,-59.67112003310103
2025-12-12 17:58:11.539686,Right,-53.77532355287673,-38.44427794883086,-29.96910569859665,-49.55663410932118,29.715510678788178,-60.02611637837617,-42.89703640901371,-34.572944377816384
2025-12-12 17:58:11.543592,Right,45.65915594206882,67.1828664239356,75.26670721275514,55.50494428118361,-116.31904419563034,44.964384332781265,61.33164255796919,67.60782690092128
2025-12-12 17:58:11.548652,Right,47.604582619988605,56.612795289732276,62.051465604157784,48.49387159446883,-51.115206754413975,35.380635601430185,54.04493866903795,59.584576429376284
2025-12-12 17:58:11.552683,Right,-50.82108243958692,-50.48611186268408,-46.98113021500376,-57.26231357070367,104.02959995267793,-70.81166424859657,-49.897095842342424,-43.31327017261992
2025-12-12 17:58:11.555686,Right,-69.8322071757876,-58.98684338064777,-55.90529740038619,-69.23781485684754,58.946550994105564,-80.49748987057501,-60.842959733493444,-54.6983657399187
2025-12-12 17:58:11.559690,Right,17.242652378801864,37.3580684308381,39.436482829803936,25.108320694491113,-103.70335139669942,14.511595617706917,32.2614879977973,35.810945839842134
2025-12-12 17:58:11.563643,Right,38.51764103754675,48.65816055752657,48.85556132670172,39.90327359938385,-82.32716486913705,27.340903974396497,46.30530498292592,48.28939679254927
2025-12-12 17:58:11.567664,Right,-48.93556767023841,-49.88836194642499,-50.019134929560096,-54.97317497408483,81.09041825742906,-67.98150859244015,-47.30980457898204,-44.79784365359319
2025-12-12 17:58:11.571727,Right,-75.9178763173118,-68.65079275277185,-67.03029091453391,-74.70296850505946,80.55517319324917,-85.35681295875838,-66.57788752269971,-64.36277945508482
2025-12-12 17:58:11.575739,Right,20.04995011418879,39.41544036434425,42.17099489642169,31.803870250598948,-81.27316318079102,22.1259665202615,37.87366053513142,37.833181389562924
2025-12-12 17:58:11.580758,Right,72.36427789893486,85.20374335014458,87.17393650465237,79.92682933976647,-97.8483515754724,68.11831299243204,84.45208068528609,83.2252779980854
2025-12-12 17:58:11.583751,Right,-9.005434897230543,-9.061317457461882,-7.754623088589142,-12.17555059719939,67.26793552295521,-24.88082741263861,-6.128065052736019,-5.9285447607289825
2025-12-12 17:58:11.587772,Right,-72.97653912507673,-68.57404380482694,-66.59638525401897,-74.66535455657578,109.75764137168153,-84.43545344849917,-66.54598592003003,-65.28270193918524
2025-12-12 17:58:11.591775,Right,-9.416161328909595,7.40207062348054,9.42300641514521,-2.8016865169195952,-49.32059140371439,-9.9403211731169,4.823010776215597,4.665552148157985
2025-12-12 17:58:11.595793,Right,49.78694099619594,62.22887210574845,62.434393191819254,52.78018250007281,-116.52634661433149,44.32423729845323,59.03632279063913,57.62936455642921
2025-12-12 17:58:11.601830,Right,-15.75029289429068,-17.708428052808813,-18.7759495049595,-24.645563209207126,27.774790327259325,-35.180398482158125,-17.60051131950604,-17.392888542997753
2025-12-12 17:58:11.604791,Right,-84.41625900700171,-84.56053482413881,-84.11047185365169,-93.75722384469225,109.155559041385,-103.03457558618356,-85.14238685079181,-82.58354438779679
2025-12-12 17:58:11.608856,Right,-19.21371715758312,-4.427146641366562,-1.5022019941370672,-18.45758601392214,-25.771926501998678,-25.345411217373112,-10.59890441607331,-8.037252549383993
2025-12-12 17:58:11.611838,Right,71.57427490695784,87.57032039467776,91.02199223951902,73.17555965564372,-122.59295100376221,65.60516915964581,79.01005796135178,80.62009186965588
2025-12-12 17:58:11.615865,Right,30.7780788195887,33.40677379162844,35.98276472040925,22.375106513507717,3.9280272108194367,12.373331794708065,28.089880327155697,30.572842330077037
2025-12-12 17:58:11.619874,Right,-56.71365107925271,-55.67805868519645,-53.26768744686888,-66.33322341128064,121.99412064487797,-76.59704808607057,-59.57120324036623,-55.80183023819882
2025-12-12 17:58:11.623885,Right,-21.623625889815912,-6.212030336399039,-3.8248744021329912,-19.74172265209768,15.22550005091125,-28.973036071994102,-13.872953106549176,-11.385989284870448
2025-12-12 17:58:11.627834,Right,76.09316674264846,96.08163691832306,96.80272746076298,82.55078045611208,-112.73251540483852,72.195348719285,86.37897847822205,86.23984557502627
2025-12-12 17:58:11.631901,Right,59.85114299038037,66.83960784732335,65.45071058413487,56.79955694704017,-18.491360784674725,44.46558938107319,61.190360837581466,60.552734673972736
2025-12-12 17:58:11.636939,Right,-37.2362956877721,-36.442992974127264,-37.55586958216372,-45.6046664076307,125.49298664530716,-56.61645218463309,-37.964336088118216,-37.34000546734387
2025-12-12 17:58:11.639931,Right,-37.265321372957715,-24.92315832130589,-23.80723927596773,-37.0091154463812,51.864566827529416,-44.42965353787895,-27.271326486225007,-26.925306820019614
2025-12-12 17:58:11.642957,Right,51.441593318243804,70.35479723923527,72.42761391323256,57.81604484848458,-102.3025750393208,50.96501895453457,67.13711454419172,65.51994334800838
2025-12-12 17:58:11.647994,Right,53.79143261012496,60.633687834239026,61.57307431915069,52.269061582298946,-50.39470786514153,42.325377917509286,61.27921885766045,59.03309450998859
2025-12-12 17:58:11.651973,Right,-40.119717598026,-42.734389630701116,-42.71369890420465,-48.48462933780252,110.04074654915257,-60.18300205055402,-38.68898656825877,-39.983207857218076
2025-12-12 17:58:11.655954,Right,-53.68801090668967,-46.49393660190617,-46.36261721284063,-54.38610681569003,80.51763690736448,-64.50929543652819,-45.264982581007644,-47.09008635151258
2025-12-12 17:58:11.659997,Right,43.32760488271015,60.55093633527213,59.989545841834115,51.531575140574205,-81.77902348125122,42.635703015670515,57.806774950162435,53.56954274841337
2025-12-12 17:58:11.665021,Right,72.6815831805302,81.09486644764365,78.65665750170592,76.01769650851111,-72.85281872326641,66.09818110367996,80.65539348006496,75.47019935778917
2025-12-12 17:58:11.668023,Right,-21.64160746386392,-24.32139175325574,-27.569337340361017,-25.606603132224336,89.798071720292,-35.77842003652586,-19.643859083316784,-23.3517072190989
2025-12-12 17:58:11.671041,Right,-66.39466177333134,-61.467754821636845,-63.68744746300399,-64.08564903678871,101.7524299191657,-72.47284031659728,-56.962641858202915,-60.04886291576804
2025-12-12 17:58:11.676049,Right,21.25026116832737,38.377650371383424,36.72690048308323,33.36175769289957,-57.88624998073874,25.190109214558106,39.107834312575505,34.45311364604095
2025-12-12 17:58:11.680082,Right,80.46741070984604,91.3954474463062,88.62559056823557,88.0296695000643,-88.10974762030105,76.86290812027892,92.61508853780106,87.57411014863465
2025-12-12 17:58:11.684082,Right,5.006840448176035,2.4738547846700385,-0.9961200874222413,1.4203612878754939,69.47901563255004,-11.759164330533167,7.83042371738884,5.50751248650522
2025-12-12 17:58:11.688103,Right,-62.604181399054596,-61.154175574341934,-63.39778323903374,-64.48830921817034,120.25376689914992,-75.45030949651755,-55.71495880076509,-55.64218825217176
2025-12-12 17:58:11.692118,Right,-0.161103957601199,15.144919125554225,14.087709718674887,8.02201630501986,-32.96071736963199,0.46492591387686844,16.423676132160836,15.488519043419728
2025-12-12 17:58:11.696114,Right,68.19871429502564,81.75634410768362,80.04507207335882,75.27458020276117,-108.05133377959237,68.65492148455996,82.40308275296775,79.43995102433655
2025-12-12 17:58:11.699144,Right,9.013701694537758,9.364755969760154,6.946847282129966,5.75536401429963,29.446235679078654,-0.46391803334699944,14.155664288899061,11.44417533970045
2025-12-12 17:58:11.704148,Right,-69.08061025452844,-67.80734504631437,-68.85932318097548,-72.49779483424527,115.9910064168912,-75.88011310243428,-61.665280240995344,-63.35836824804937
2025-12-12 17:58:11.708217,Right,-19.84006439860775,-4.8227341963174695,-3.9614597231648077,-13.089583475378731,-15.420701033188834,-13.611155501332178,-2.343612737231524,-5.113932583835776
2025-12-12 17:58:11.712163,Right,65.0617258056709,80.65433790334646,81.4023996601336,72.69608409492275,-121.44454566329887,71.3974956075499,81.60814978205053,77.22373890279414
2025-12-12 17:58:11.716180,Right,25.340789644865367,26.499225455516353,25.908942019685128,21.967648924408422,-4.217565078859025,18.477609085623044,30.957165916119266,27.42765304299428
2025-12-12 17:58:11.720220,Right,-69.38180285895658,-71.30491063939735,-71.97811513177112,-75.88974853024456,115.47322968020353,-78.39725122292566,-65.12423520870834,-66.81052223815095
2025-12-12 17:58:11.724201,Right,-49.34734725513465,-37.35487473485409,-37.10879056800877,-45.429892799385925,9.050402750117428,-44.85470653635366,-34.546498203975716,-36.71479616257602
2025-12-12 17:58:11.727216,Right,39.380160543578995,56.3780810481021,56.597251699209664,48.36344075181796,-130.42721418558995,49.591772850135385,57.77441435053515,53.99060159598412
2025-12-12 17:58:11.731229,Right,24.43624627394638,27.99440318188681,27.733631483370118,24.828348317913424,-45.22069302445425,24.560754019199067,34.50205558156085,31.50543277466386
2025-12-12 17:58:11.735230,Right,-65.53474352303317,-69.42628183747001,-68.64358296831415,-69.75081032976186,106.643275052621,-69.54028798616241,-58.05554306777776,-58.84746426210768
2025-12-12 17:58:11.740250,Right,-51.78806599358893,-44.29107877910246,-41.787120176739336,-46.28218162662597,44.43662920639554,-43.81684468781623,-34.555270598724746,-35.91014110429569
2025-12-12 17:58:11.744271,Right,56.587748293763866,71.71872697468461,73.84026898778757,69.55670553554137,-112.93446875861491,71.63197699722741,78.55187680032941,73.95482716920196
2025-12-12 17:58:11.747285,Right,69.89685567681806,73.01112839731468,72.90382274296826,75.12788548494837,-68.88742750970368,73.90697556589066,82.42125330298222,76.35830184935003
2025-12-12 17:58:11.751271,Right,-35.59770462929225,-43.738085954480994,-44.826013539688574,-38.893220049289994,97.52770303798115,-41.35900881117766,-30.503480087611024,-35.1590374336065
2025-12-12 17:58:11.755285,Right,-71.924525861338,-71.76750942025865,-71.98709569005587,-70.0392681882222,78.00694991847331,-70.063999960626,-60.85372954504419,-65.20173693163451
2025-12-12 17:58:11.759315,Right,17.461270372515628,27.896441718656206,27.77884502881534,25.63320810363257,-91.90925859059007,27.42032199717727,33.28762681350054,26.4809657665719
2025-12-12 17:58:11.764322,Right,59.26378989760656,61.18934455668932,59.72430897330196,59.04248543717267,-99.70529051954418,59.70903067987406,65.52568633028932,57.18932010771641
2025-12-12 17:58:11.768329,Right,-24.094636874354592,-34.43802018213137,-36.064150670790696,-35.914309995904205,64.52611183222871,-35.766836223329506,-28.166928680006095,-34.69295493136815
2025-12-12 17:58:11.772345,Right,-73.3081348122231,-76.94763034477728,-76.52253404338444,-81.45597033046306,94.4889370658484,-78.90370843513807,-72.7415972673407,-77.06154029177378
2025-12-12 17:58:11.775355,Right,5.836117315042657,15.822347578470726,17.872612886467323,8.455162889998064,-60.77716177282082,13.075041797261406,15.24585374745402,10.888949792471976
2025-12-12 17:58:11.779353,Right,66.07524522850758,72.30841437428171,73.90954999082896,67.09675001810137,-107.82669204945523,71.01453193343787,71.56669287910154,67.14755869094733
2025-12-12 17:58:11.783386,Right,-4.593261473119128,-10.996164148164098,-9.7862928669947,-12.843223704479897,38.43569798645831,-9.287873414177739,-7.905308655752378,-10.12547333330258
2025-12-12 17:58:11.787376,Right,-73.65436542517637,-76.88293773928126,-74.23557911248281,-80.21503146498617,98.0662190081216,-74.13479286211714,-73.84524862933176,-73.88426718387018
2025-12-12 17:58:11.791396,Right,-12.753852090696455,-2.7142454178101616,1.2705975155640772,-9.82049513564698,-44.92644247993985,-1.698048819782116,-4.403972131292903,-4.8275655110901425
2025-12-12 17:58:11.796458,Right,62.71072578907365,70.84232976773455,73.98563356748855,63.990034823988026,-123.50922696373254,70.27399436447377,67.33519195555346,65.95460959906995
2025-12-12 17:58:11.800457,Right,11.652348411380444,5.6546700037524715,7.372668061416334,1.5397476378261672,10.188404179810732,5.205372824475035,5.126428105715604,4.810484882906167
2025-12-12 17:58:11.803465,Right,-66.97592527042116,-73.29980239068209,-71.14876532617018,-78.3342139112192,104.96201543403686,-73.62256503714934,-72.87752313323836,-72.03371606101427
2025-12-12 17:58:11.807478,Right,-20.38474568848369,-12.808458265568333,-9.295457721907951,-21.25832134734401,-19.25849835073086,-13.69872945344332,-15.590988328542153,-16.315743002454838
2025-12-12 17:58:11.811402,Right,69.13590292576419,78.75090356760847,82.31523263055715,70.95229140866695,-131.53300912454324,78.59171847264179,75.40895560318495,72.40241810383668
2025-12-12 17:58:11.815465,Right,35.70085277076191,31.67590686703079,34.71945411244997,28.290406808990156,-20.800647843740535,33.82741646284467,32.93284139839125,30.742054810947593
2025-12-12 17:58:11.819478,Right,-60.18243804889448,-67.8384661464188,-63.87701584681054,-69.97163394284735,106.44932265089483,-64.98082692750268,-64.28929574391987,-63.56307108689907
2025-12-12 17:58:11.824506,Right,-42.58571247045256,-36.64488817383426,-31.350860682839993,-41.71180420800192,9.606458026503788,-36.09691631048554,-37.267121358196164,-35.53051301609594
2025-12-12 17:58:11.828503,Right,53.72262479095889,65.51927207098015,70.26941494357379,59.957943611805604,-134.14891182352676,64.20215461037333,61.43088116003128,62.201258623017566
2025-12-12 17:58:11.831514,Right,48.98551345116971,48.05766094410683,51.58494815309314,46.53284066130436,-56.8942142877695,48.50308526324625,47.236685483881956,48.48986637105554
2025-12-12 17:58:11.835460,Right,-46.54972610452046,-55.19946221650389,-50.52421647589472,-54.24010158567398,99.63605276965245,-51.347670414525055,-51.64873241575151,-48.23383554581051
2025-12-12 17:58:11.839537,Right,-53.03764264458482,-50.11247452141106,-42.61197542840091,-51.11824484381668,45.24476520641383,-44.858760871913546,-47.990062074708476,-44.11090659765068
2025-12-12 17:58:11.843475,Right,40.715304035591316,53.006255066420636,61.25067542328725,50.91431509993072,-119.22589336762326,57.68782553415895,51.63473977082867,53.72633711414346
2025-12-12 17:58:11.847573,Right,54.81084156533643,57.11552985115668,63.23696414546612,57.85078026826341,-89.08972090957354,61.24406368635846,56.50021429746448,57.828358110098634
2025-12-12 17:58:11.852551,Right,-43.79326374584889,-51.6702022889549,-47.35581796290353,-49.430531859243274,78.17292216567034,-48.389143564985716,-50.36067038965484,-47.79513021785351
2025-12-12 17:58:11.856525,Right,-75.873123993008,-74.57902730974274,-69.90997400689048,-75.65222254618948,71.4902514610942,-73.60099037620512,-75.99649229697025,-72.93211803123268
2025-12-12 17:58:11.859593,Right,18.456985827385324,31.63573327496033,37.05881592390688,27.598288592436802,-94.56080041793484,30.31504217854308,26.11658869286657,28.266038039088016
2025-12-12 17:58:11.863584,Right,69.50942494580431,75.42205498331168,80.53609373877771,72.99300053177922,-108.84982935352423,73.66700151351961,70.73835330372276,73.46607712372679
2025-12-12 17:58:11.867598,Right,-6.908469239324404,-14.061325037028837,-9.121688600709604,-15.139108971589849,55.917359433823776,-16.048707770393776,-16.1719561082582,-10.80607653494917
2025-12-12 17:58:11.871617,Right,-57.68380039151316,-60.50997164722048,-54.94636371559682,-65.32581746861433,94.43614807223179,-65.07088697801737,-65.78782267325096,-59.50402290480997
2025-12-12 17:58:11.875638,Right,16.245473603404662,24.873505316447336,30.05422551042102,16.1121440015595,-60.46750015428293,17.187078088127237,13.07775830724131,16.688326326761853
2025-12-12 17:58:11.879639,Right,73.22262594644735,76.50576118307254,79.57825041691467,70.20515565168353,-114.51953325930356,69.30543772655074,63.91360178418563,64.70635517322353
2025-12-12 17:58:11.884594,Right,-2.168547362001391,-13.043467936629895,-11.257179141730376,-13.692247324128402,36.03939424352211,-16.082408988533643,-20.392629792133448,-19.456558949323153
2025-12-12 17:58:11.887604,Right,-79.18714084482326,-87.42455472007441,-84.32598223503555,-86.50725712010899,110.54164535284917,-86.73877522945986,-91.85534053610445,-89.7671861363051
2025-12-12 17:58:11.891696,Right,-20.705742605919113,-14.06482067856632,-9.287232224054605,-14.58997422696848,-30.13942159252133,-12.051205656836828,-19.84453397717425,-18.293993438731377
2025-12-12 17:58:11.895675,Right,63.69282328041345,70.79596713338287,75.07027494504473,71.98048012612708,-122.1087998193741,73.9723767593241,66.35665337770752,67.2283878064236
2025-12-12 17:58:11.899689,Right,22.833106201637293,16.463948844368133,19.359532892834977,21.660454033352835,8.987795711501349,22.100583414723587,17.878328033208163,20.239284841858534
2025-12-12 17:58:11.903722,Right,-56.58134037728996,-64.09350852088573,-61.04298577662303,-58.65786143679634,121.5556214110029,-56.511343439233315,-59.630049129704275,-55.53828808926664
2025-12-12 17:58:11.907712,Right,-17.5893499433505,-11.293683900024007,-7.478378195259211,-8.751945640440681,7.912862410931666,-3.24953492890927,-9.519013996177819,-6.339745597472756
2025-12-12 17:58:11.911747,Right,68.64511453151226,77.66430746346396,80.57864708919442,80.65008158903947,-119.18639110458435,86.52198540817881,77.83963792470604,79.24413305450526
2025-12-12 17:58:11.914766,Right,34.73956974601879,29.469804524383107,30.63334079656306,36.19406252675617,-23.906537232874598,39.74032281577456,32.508725734764994,34.89402007294393
2025-12-12 17:58:11.918696,Right,-66.60847048346523,-77.76350541671036,-76.7222395629451,-70.84409345675977,114.23456779772778,-68.1937513639532,-74.02441981423544,-69.0405215623914
2025-12-12 17:58:11.923780,Right,-55.12613424132951,-54.263003268712964,-52.068458515446764,-51.50177667434673,37.8879824586038,-47.880071971923826,-55.68516346047454,-50.57783187859059
2025-12-12 17:58:11.927764,Right,45.161652056980074,52.11855165606357,54.407250134381684,53.59218925001096,-107.65628315213053,56.456547237386985,46.78801722357093,49.64120096458919
2025-12-12 17:58:11.931780,Right,51.6672801824684,46.39459883135896,47.84881796060472,51.78732082390525,-48.044154028003504,51.59615461276371,43.8474925870014,45.808474510618
2025-12-12 17:58:11.935737,Right,-38.78439853481632,-52.412649188467185,-50.50789811834511,-44.61684528174828,107.16638569223414,-46.585599959404135,-51.706814396373375,-48.877869764394745
2025-12-12 17:58:11.938747,Right,-47.88392940745052,-50.72571547667849,-47.26644792612751,-45.61225800036118,71.69823994142371,-47.306525072732256,-53.083349171113696,-50.91278336855703
2025-12-12 17:58:11.942816,Right,49.406825313122226,56.36273000714573,59.82948584301812,59.2896474742729,-81.22634619347082,56.50135135536402,49.309344666929064,48.93272161762343
2025-12-12 17:58:11.946820,Right,78.6977500261496,76.59081487216918,78.0861380286915,81.63024583716106,-58.9577453313741,76.08535531294001,70.562529884367,69.21984046764919
2025-12-12 17:58:11.950845,Right,-7.970105770540613,-20.414819001796786,-20.21255498078426,-13.857553711161017,99.2649489318419,-19.18522919908355,-22.636945403183745,-22.5272372069403
2025-12-12 17:58:11.955850,Right,-44.70081793616782,-49.032108041238644,-48.328541692577346,-45.196293250557574,96.2504080418721,-45.8441224026883,-51.29255230097624,-50.73689319777077
2025-12-12 17:58:11.960865,Right,36.06451209114357,42.898646687654946,43.78715260300669,44.94939941089615,-62.03822940084592,48.51743391693708,39.40123281891283,38.11288665881875
2025-12-12 17:58:11.965887,Right,78.11390958244965,77.59135127008176,77.25826067125126,83.36228871912499,-74.43982835315364,87.24304831260451,78.24503647740858,76.29092523213058
2025-12-12 17:58:11.968899,Right,-2.402983214235519,-15.419058556127311,-16.376191812585603,-5.332395639963579,87.92193755868175,-1.9726169393197779,-8.061298111725591,-7.5802305102515675
2025-12-12 17:58:11.971904,Right,-56.815335667351064,-63.55065268197177,-63.53422748782032,-54.52921661078108,120.43759644352849,-49.301902980791056,-55.042784871585354,-52.49909100843615
2025-12-12 17:58:11.974904,Right,15.834745357388783,23.448549685576836,23.586389217747637,29.373465593904257,-46.01657844154852,36.64429215463679,28.56767962525828,29.80970978995083
2025-12-12 17:58:11.978927,Right,74.00027278302605,77.60878212439911,75.26713046579061,84.51790173394511,-108.51739571256621,91.4502704241986,82.85597514666824,82.04687458016542
2025-12-12 17:58:11.983939,Right,-3.2880514228440916,-15.426217364163676,-20.62640156976886,-5.812998222752867,47.09253633703338,0.983452259844853,-6.357515482875897,-6.568000196140019
2025-12-12 17:58:11.987961,Right,-83.7894275573226,-95.64486240077258,-101.60662292401685,-87.59498754202832,128.84207087966752,-77.90844342992204,-86.80167844825337,-85.35795782469268
2025-12-12 17:58:11.991968,Right,-20.735456805753074,-18.26038718856489,-24.21160925604272,-13.863951570450809,-22.860530649320935,-1.212497711119795,-14.256530048516652,-13.201383004035051
2025-12-12 17:58:11.994947,Right,74.61923607584231,77.76229694795711,70.25693378260075,83.29007470463512,-135.42734168570314,94.97367089875661,80.83634296002492,80.5069655928346
2025-12-12 17:58:11.999014,Right,33.74671000717581,21.591769900199324,11.862668157134976,32.051340714109756,-3.3864952864223596,40.828477668086634,29.854987016085943,29.71582365109498
2025-12-12 17:58:12.002984,Right,-62.556991570641,-79.22703038755571,-89.75963753503129,-67.3467567320995,132.9032089387474,-59.08882710786747,-68.40172472269114,-68.14950440552093
2025-12-12 17:58:12.006998,Right,-36.45021222829155,-40.73462190374812,-51.44318646630745,-31.907135787206244,28.47468471160755,-22.744656742019288,-34.92377103421313,-36.97491005457505
2025-12-12 17:58:12.012004,Right,58.92566132510774,58.95648091660223,46.75378767748771,66.28740361310338,-120.48284552177574,73.9420670116906,58.87503496597492,53.503225169694815
2025-12-12 17:58:12.016041,Right,41.71374703355286,29.08454517611517,15.062374870654821,37.68797321684178,-44.19340503453532,42.4926198696885,28.213689958395662,22.739916512105083
2025-12-12 17:58:12.020051,Right,-59.490039204300956,-78.29654004712802,-92.04320921991712,-71.18350275218654,107.51843206586454,-66.13573251514936,-79.22820287637842,-82.02837270140526
2025-12-12 17:58:12.023035,Right,-58.20798192963957,-65.0437943969182,-77.06594870715526,-63.23300506874057,53.454392771136554,-55.26957928969023,-70.21027070115406,-72.10588771683751
2025-12-12 17:58:12.027043,Right,47.22796766031297,48.89873753340089,37.226666222708445,47.95696713077996,-98.57779153617412,56.700101064752744,39.787621772039074,36.00195748892156
2025-12-12 17:58:12.031068,Right,75.17675388112639,67.81660725155189,55.03163065307126,69.32913352839205,-64.27108419174328,75.94401322260092,60.327789159875465,55.61300819540975
2025-12-12 17:58:12.035080,Right,-4.99315370133354,-19.496971040826793,-32.14332739103338,-15.83699229011927,84.4317809696895,-10.236171096395992,-23.935053305421206,-26.954956525249145
2025-12-12 17:58:12.039094,Right,-29.44315552257467,-33.727051552798,-44.42803212339459,-31.51723244871664,64.08031895943896,-24.899110433108945,-39.42990508108596,-41.03491730493079
2025-12-12 17:58:12.044090,Right,43.872470914894166,48.975262504391594,39.49698899090072,50.74104626651024,-83.22265823227463,56.85098709783961,41.35342221486235,39.15731600375466
2025-12-12 17:58:12.049130,Right,60.683754279076766,57.04191076508687,47.150997340326285,62.314429570509674,-75.27269692511982,65.84072877020662,52.9575046388868,50.43941325574224
2025-12-12 17:58:12.052132,Right,-27.851295549181486,-41.21728715990321,-50.91815927337848,-33.659273014674,70.5117593723553,-30.60674575041594,-39.7601835824712,-40.99547773896347
2025-12-12 17:58:12.056129,Right,-66.10262037281746,-70.37551877738088,-78.18922357347401,-65.72724289639609,68.91368676626371,-59.77260825632402,-68.53072280206425,-69.06300190292177
2025-12-12 17:58:12.059138,Right,11.089645063947955,19.22514615580758,13.014460423959463,20.819699804124866,-87.3714196253004,28.58970816803958,18.518041057376195,17.278559315698203
2025-12-12 17:58:12.063094,Right,50.527184632885564,51.76925932662016,45.69140866992893,55.35390317502788,-104.83027278773261,61.319307331614255,52.792198442309655,52.349028638332584
2025-12-12 17:58:12.067154,Right,-30.76500611310803,-42.915666674810836,-48.561607844747414,-36.59796619949793,55.59336201872975,-32.18536585868242,-37.55109808508132,-34.61228409292153
2025-12-12 17:58:12.072164,Right,-82.44791542886242,-89.50033337972445,-93.33897749306925,-85.73026069715524,92.27074197979346,-79.27376079242458,-84.94573005324946,-79.99190839430366
2025-12-12 17:58:12.076182,Right,1.6369034538925007,8.685232129208998,5.955270559708879,8.077136174695625,-74.34805214687003,17.05173044215553,8.196122708139683,10.812613196889743
2025-12-12 17:58:12.079195,Right,79.10119975908856,82.36370880123195,78.47906467321445,82.38756775418915,-139.80940303526768,90.47558073463733,81.26233616383661,80.1405605881987
2025-12-12 17:58:12.083230,Right,15.724908805880432,3.0994552809097513,-2.112737331426615,6.776479133682187,25.163579956675676,12.735813404617147,6.624217875071281,4.297616926294722
2025-12-12 17:58:12.087219,Right,-66.50961951263048,-78.28761774569284,-82.72824329421746,-74.76478468459482,126.79103801600832,-68.49019899490486,-73.62495592772711,-75.78740500976983
2025-12-12 17:58:12.091171,Right,-12.306244433618076,-6.896796157752306,-10.024242370092907,-6.571936304481824,-15.76278479109169,0.5299084450689406,-7.346829978509959,-10.893082293981934
2025-12-12 17:58:12.095247,Right,81.17956135138229,91.30615046919957,87.51217899713265,91.70392834182348,-134.57875237441112,96.34007849462432,87.15042311647494,82.01693982645247
2025-12-12 17:58:12.099262,Right,45.19172633390485,42.471774016204336,37.19742284618769,45.90192931190086,-2.9258294818155264,46.58692180647995,39.86392447963044,35.81975825519112
2025-12-12 17:58:12.103273,Right,-46.87673011117636,-53.60520372824408,-58.31861668944475,-50.58801373778806,149.3341581220211,-50.872900461579775,-55.834852671638146,-57.83335282471967
2025-12-12 17:58:12.107288,Right,-16.19854545209455,-9.92382642649659,-12.451563549740968,-11.208320707251005,59.635547672312896,-10.176856927366316,-16.846404061841213,-19.671715430827362
2025-12-12 17:58:12.111283,Right,87.32529142655892,98.94142014622162,97.5325508307651,96.02163028274663,-89.35538498194546,96.63566022309351,88.76087724583954,83.18344713103738
2025-12-12 17:58:12.115290,Right,75.32498690824775,73.68776385766478,72.17608757565904,73.57541715563002,-15.858376787748057,72.5158431349264,66.93686693948712,60.87640825028029
2025-12-12 17:58:12.119298,Right,-31.26326726468801,-41.74333967275402,-42.488990678702976,-40.249332387516006,141.03291044258367,-40.23702292877897,-43.73943187695295,-47.95268818729164
2025-12-12 17:58:12.123319,Right,-41.82014549481369,-42.95353865126094,-42.24185877119817,-42.991985187793944,88.43386989527426,-39.75746771597005,-44.68075812038546,-48.63156790652147
2025-12-12 17:58:12.127341,Right,53.025099103356524,59.00789822704712,59.4751702572612,59.82548181667062,-73.93300094789083,63.19534296796337,57.07355240360744,51.21253154785518
2025-12-12 17:58:12.131353,Right,69.41960210976787,65.2304763252597,63.755343692402676,71.36444611715979,-45.20766278841984,70.66712337520767,67.60535734988355,61.359513300468734
2025-12-12 17:58:12.134359,Right,-27.47581940770334,-39.81666898785733,-42.16982785038999,-30.467520477727703,113.20524756851228,-34.37286080168815,-33.54982607332772,-37.69125342313623
2025-12-12 17:58:12.139368,Right,-63.56042030298511,-64.76459656072801,-66.10952147880562,-58.60700485135749,96.46877371132177,-61.978480997186125,-61.67492226215461,-64.79330866915757
2025-12-12 17:58:12.143376,Right,17.872094276623443,28.839368116955598,28.243919746368192,30.850494535166945,-69.82850857999802,28.545965976813022,25.967857741042558,21.44108179132951
2025-12-12 17:58:12.147446,Right,53.989409538655536,57.2457600102033,56.37373559144362,59.80981443850487,-77.2873720046664,56.61394727617426,54.23593959677942,49.39740339216047
2025-12-12 17:58:12.151441,Right,-28.23678564006218,-37.5921421219432,-37.8214068695961,-33.05788293935257,86.56252975932875,-36.625270469128736,-36.33485985379872,-38.329260492242014
2025-12-12 17:58:12.155451,Right,-72.58150743016017,-76.29097874506726,-74.4872119466927,-73.07890311447045,113.34250037842139,-74.83802359039055,-73.99451413080885,-72.9732010227729
2025-12-12 17:58:12.159459,Right,12.807295400688417,21.691875217803272,24.30857850653956,23.413821763402666,-49.88445950671485,22.52338003443765,22.255523670400976,23.926254161399726
2025-12-12 17:58:12.162442,Right,77.86728937829594,82.11986882990891,83.02395429971875,86.59515749467573,-100.8563061276418,83.68057649200546,84.88658854453502,86.76519958960637
2025-12-12 17:58:12.166456,Right,4.02062187133015,-5.479744328342349,-6.325331912097681,2.1737275628770476,54.39007280219448,-1.99044174986102,2.4669478295809313,5.9390232949409665
2025-12-12 17:58:12.171452,Right,-78.09140247622327,-85.45114474617435,-85.82909566674607,-80.00921428629772,126.68367780893823,-81.71079339492644,-77.29872991940647,-72.97151796868445
2025-12-12 17:58:12.175414,Right,-30.47295295519052,-24.347182684842664,-23.419947833479455,-23.543560241563682,-18.256823472709584,-22.643836953640857,-21.548352143561942,-18.897525094954403
2025-12-12 17:58:12.181502,Right,41.84541416644652,47.93179593455943,49.05088804584011,48.33666941313504,-113.7026923701469,47.88596560349015,47.80936363469914,48.822919895274026
2025-12-12 17:58:12.184509,Right,-4.885800798396303,-10.801315204980256,-9.488255012138325,-8.0244555835568,9.185185923895915,-11.190685245440363,-9.105617048068325,-7.0377490718854006
2025-12-12 17:58:12.187503,Right,-82.57900311873891,-88.23321844994143,-84.96908768812136,-86.58217453767452,114.28221629707696,-89.26778571529167,-86.51563090746413,-82.93572694122236
2025-12-12 17:58:12.190511,Right,-40.80032957544927,-33.62295542780339,-27.93158504524581,-35.532354232363105,11.173156940134504,-36.015048633931656,-35.762291357138565,-33.607603925706144
2025-12-12 17:58:12.194523,Right,48.72289088281286,56.85118093554229,63.341677717517086,55.44044662847625,-91.75495263486664,54.48866982317577,53.55149728002607,52.803273442269074
2025-12-12 17:58:12.199477,Right,28.318919131441362,23.201905608518246,29.943223161810238,25.951227310653962,8.930609630016988,22.656610652229574,23.929668647401286,22.618931793896536
2025-12-12 17:58:12.203550,Right,-50.331352005790905,-57.60470072131557,-48.841187357671515,-53.86110100857951,122.88035614492946,-57.21450577329415,-54.61890461572784,-54.49360788353988
2025-12-12 17:58:12.207559,Right,-29.542164973114268,-22.717337400148608,-11.126425027247024,-21.950980425765977,30.880557974083786,-23.49874622434436,-23.226672714230517,-23.05327629246267
2025-12-12 17:58:12.211561,Right,51.79024481016495,62.927505149034914,75.29758751179907,63.10097256131347,-90.10948020848627,61.20676257394871,59.12847696017434,57.7829235470067
2025-12-12 17:58:12.214584,Right,32.99733849542827,29.636365485167516,40.94288526200398,32.79017700862508,1.6702653051543166,28.783439030969475,26.943853489874073,25.289744977540067
2025-12-12 17:58:12.218587,Right,-56.44763786965905,-67.08981236692898,-55.94548010814833,-63.917345607161934,142.7454826164194,-67.27690312747404,-70.05154100057553,-70.69091573085893
2025-12-12 17:58:12.222595,Right,-44.21203386638081,-41.26536071315195,-29.01333490438992,-42.91135753634171,58.67206822162552,-42.52254780098224,-50.21568714519981,-51.04957388434218
2025-12-12 17:58:12.227613,Right,56.80087413763977,69.43472844790222,81.7689807405095,65.22652541941159,-109.4134556185436,67.81643168243636,55.65033600331344,53.57548863918737
2025-12-12 17:58:12.231625,Right,59.97882660946925,59.86747193731662,70.89359647206584,59.16440129675743,-46.43596606927895,61.08441297766058,49.26824208377138,47.745502656775216
2025-12-12 17:58:12.235655,Right,-47.82154569276008,-61.07107895677018,-50.38381660967025,-58.330219119035064,147.22636552217227,-55.88793196848292,-66.24705357855328,-65.74737880526777
2025-12-12 17:58:12.239666,Right,-69.473437768841,-73.18220487253166,-61.14681648926853,-72.04432761749786,118.15674341271551,-66.39560010514606,-79.67767586549417,-79.41555218350982
2025-12-12 17:58:12.242668,Right,42.549548907200915,53.47131770285068,66.38601048180135,52.779614432817425,-95.85274959849085,60.03300510736659,42.09250572321071,39.68903734160631
2025-12-12 17:58:12.246722,Right,89.62054508076744,94.0888476823593,106.63164915157176,96.68332857364089,-119.28981085467967,101.6424546598939,83.70200686943508,80.87846257592241
2025-12-12 17:58:12.250703,Right,-15.467218928416514,-26.318493361567562,-13.116304415256309,-19.455652779393404,88.82797782238958,-16.37876395036534,-30.642272439491535,-30.06188566204878
2025-12-12 17:58:12.254690,Right,-85.69790457778527,-93.27132836028431,-77.32172051852467,-87.33603081196588,159.60683148202224,-82.01209447325039,-95.4642369782232,-92.39617328405211
2025-12-12 17:58:12.259705,Right,4.804289745149617,12.278157447159174,30.48941705465768,14.905984411830104,-27.221484929590588,23.61208192420486,7.161605947906537,8.488137139092942
2025-12-12 17:58:12.264728,Right,93.69139644919778,100.90544129062619,118.82746202175622,104.40804238904093,-140.47620775134055,113.55214711396457,95.60466626354082,94.40546689167763
2025-12-12 17:58:12.267724,Right,22.759853392783953,16.465671078299238,33.25556590638553,23.896833003704614,1.5312133929091942,32.076080711297664,15.690185411825041,15.208534122640913
2025-12-12 17:58:12.271685,Right,-82.69874091461043,-90.49686792434477,-73.53866457297227,-81.86631891591423,126.18713521495556,-72.87299692894248,-88.80065090628341,-87.15529782554904
2025-12-12 17:58:12.274718,Right,-46.06104673891787,-41.93816954889735,-24.498314350443252,-34.4415626567893,20.242708146946825,-24.35415809476399,-41.90017707635707,-40.24137836654609
2025-12-12 17:58:12.278695,Right,51.116111334892594,58.086844218094484,74.65997894355496,66.89061486132869,-104.18050361826499,75.54933306494195,58.83860060474308,59.52141262516852
2025-12-12 17:58:12.282722,Right,34.07844032411231,32.00237669987655,47.41013412115535,43.72242251956641,-30.6101804994978,50.379885045681476,38.32085108037609,40.02323084075556
2025-12-12 17:58:12.288784,Right,-52.23877391753467,-54.998315952941084,-39.34657827260526,-43.69946068289255,74.7103995291709,-36.28680320343119,-44.67051895319037,-40.96258540123131
2025-12-12 17:58:12.291796,Right,-49.831034808634286,-42.51947316221958,-26.229787123131246,-34.30967537572087,9.10059633313358,-25.18037914671595,-33.46293857503042,-29.68363522859363
2025-12-12 17:58:12.294804,Right,15.583608832852406,23.50266694284528,38.89392806485375,31.01788537372977,-83.2984419919394,38.85212957421663,30.642737156210387,33.35245084253552
2025-12-12 17:58:12.298813,Right,4.3348285891206615,1.232519965929896,14.93767309800387,9.904834930009201,-13.673608689787216,14.40482945212625,8.529614841306284,11.956866081965018
2025-12-12 17:58:12.302766,Right,-59.20523301598405,-62.77828901837711,-49.53294257927337,-56.40053202159379,74.06752938290538,-53.346269653713534,-57.88247023572967,-52.41492784915272
2025-12-12 17:58:12.306840,Right,-40.31647776103455,-29.812655522724526,-16.265294795949558,-28.449536437293318,-10.131154635578241,-25.431480726761038,-31.513826841245645,-25.418635048243004
2025-12-12 17:58:12.310850,Right,34.57735070628587,49.42944468519909,62.150991883681854,49.78965415858056,-111.79990351256038,50.388391544034675,43.950880659504946,49.633823038027
2025-12-12 17:58:12.314853,Right,22.477802842857272,24.0228112180921,35.40123024346849,28.13878232039042,-15.726316058876364,24.440128329149957,21.80749791291055,28.54697403854334
2025-12-12 17:58:12.319883,Right,-55.18472303780436,-59.72686282887662,-47.97748938192399,-54.303057377144796,120.01759958086859,-59.56965302095887,-58.06017655010419,-49.73968403626918
2025-12-12 17:58:12.322885,Right,-41.174964871666816,-32.04523554221578,-18.85588991518489,-30.399034420176577,34.09820765560289,-33.94939895961488,-31.773233512554725,-24.845312222547136
2025-12-12 17:58:12.326885,Right,55.902361297466996,74.24922952467386,86.86749124294693,73.57540484583023,-136.38434053181663,70.42209658624051,72.77499808908033,75.8453015554685
2025-12-12 17:58:12.330877,Right,60.56299506568757,65.99489728734443,75.79530742361385,68.20967836903947,-80.46853330753402,62.78579192370489,68.43769559299835,69.75991180181018
2025-12-12 17:58:12.334915,Right,-45.12790863593909,-52.903620995931306,-44.906789457801096,-48.540608735701426,114.33356453968008,-54.58749000641001,-45.8590783686559,-42.95675249056194
2025-12-12 17:58:12.338924,Right,-74.63631809173785,-73.14073828635446,-64.66998957417218,-72.23563225724956,104.56492866232566,-75.5961467450743,-68.54252830001315,-64.74701759133109
2025-12-12 17:58:12.342961,Right,26.604653334736213,42.878986001722296,51.555257904724385,39.70091567737563,-87.68551889224909,37.792124237619646,41.61751065914268,43.571231924966696
2025-12-12 17:58:12.347946,Right,76.86740066170205,88.00650174547991,95.27245157397556,85.8311190983759,-112.39343922826083,81.52368339221903,86.6341843265318,87.25252085643388
2025-12-12 17:58:12.350957,Right,-12.911811934794969,-15.012123208643061,-8.394943943600992,-14.673969255527481,71.64758452210936,-21.01669807343751,-11.614086295285233,-9.719886425119967
2025-12-12 17:58:12.353969,Right,-77.92403736621418,-75.75935633002973,-67.2629625954196,-76.94060407951474,128.0076801449968,-81.44637744505235,-70.9455490620885,-68.13747780996141
2025-12-12 17:58:12.358978,Right,-4.116860990570785,11.177440944421505,22.07853034334812,7.456072289938675,-35.12490910288943,5.286062434559426,13.702176653232527,14.883029760239424
2025-12-12 17:58:12.362993,Right,64.35169759309429,75.53809787682985,87.08451719445702,73.7530541188953,-103.92478462345525,70.56735819150163,79.1632323822314,79.0844312992981
2025-12-12 17:58:12.367006,Right,-1.8363540165628365,-5.770315017631219,5.665113790249507,-4.236658438212544,47.98436038656382,-9.188381093637872,2.378650423130239,3.886230965377763
2025-12-12 17:58:12.371018,Right,-74.79561600978923,-77.13821905366058,-64.95532798052272,-77.42069625056865,123.37853618727968,-81.01756013736122,-68.78560859924619,-65.74233162631526
2025-12-12 17:58:12.375044,Right,-12.922455797532166,0.16961197177624854,12.649650831930558,-4.68184753197238,-32.52205453720808,-6.076108266301162,3.6180847290588645,4.9303067845085025
2025-12-12 17:58:12.379045,Right,65.8055520074322,78.80221819183407,89.36524579152501,74.24498038001184,-125.10276449471667,71.43098235769503,80.66193595957702,79.4813508819725
2025-12-12 17:58:12.382056,Right,2.5666136397794617,-1.5579538245619915,6.414179118627089,-1.8210363286962092,43.394170206305944,-8.427079239172599,4.2113425106981595,3.781153571835148
2025-12-12 17:58:12.387073,Right,-92.54975775909043,-100.07616044219321,-92.89987693913997,-100.21078254607892,179.58305525268224,-108.38219810131523,-93.73678809409739,-91.84747486061451
2025-12-12 17:58:12.391065,Right,-31.94954836394936,-21.57632166086296,-14.288611023022867,-26.84561301935537,16.28877991196009,-34.3220466473158,-22.00475470760739,-20.585329373463082
2025-12-12 17:58:12.395105,Right,91.54092811556438,110.51654255945778,116.5040383479251,102.84772253883784,-179.53036888089616,94.77614534143686,105.2952587865293,104.32914959313848
2025-12-12 17:58:12.399071,Right,50.291364002425325,53.0040066543761,57.119615817896715,49.03212818750035,-55.29771369580669,39.41147766755785,52.58009073106223,51.77288793377329
2025-12-12 17:58:12.403102,Right,-105.77797224116875,-117.84619837578975,-113.5564087653022,-118.51754613498815,195.82799213691638,-126.78634306463209,-110.90973990184466,-109.25936073777439
2025-12-12 17:58:12.407127,Right,-115.29819838201547,-118.18460429932475,-112.09923073030564,-120.65162928660538,149.6037365962034,-124.91443768957652,-111.47325040931537,-109.70271785862496
2025-12-12 17:58:12.410159,Right,45.19322985882718,57.55387441673702,64.080035861954,52.53687429335696,-126.67740380997179,50.09859851305009,59.075303110472305,58.13566723549002
2025-12-12 17:58:12.415171,Right,114.46063045915253,123.20277425598124,128.07000468031538,119.45184537460045,-191.2199653676396,115.1473181647998,123.88804265982344,122.38823372514435
2025-12-12 17:58:12.419102,Right,-15.149790875477265,-20.90351499717599,-17.51109534275156,-22.370661771370578,42.2908862335571,-28.3840447576913,-16.203887551287153,-14.068155479292273
2025-12-12 17:58:12.423173,Right,-128.83089056372773,-138.14487232317333,-134.64330463529905,-140.30950977687644,200.95663880246093,-145.7116242000193,-131.85350556215144,-126.24903732463144
2025-12-12 17:58:12.427176,Right,-53.492740119208975,-54.96842209658644,-50.69649718819619,-59.469607258126416,72.13729065730467,-64.23270592046902,-52.01735234955231,-46.59998355188509
2025-12-12 17:58:12.431221,Right,80.77951668698915,85.8016360214342,90.99514734219065,79.73313098917788,-124.06548139411098,74.55689116880603,84.90828267558118,89.16320832517204
2025-12-12 17:58:12.435211,Right,78.42039925023255,85.79506661156393,92.76337127255374,78.0776922845489,-139.731275144738,73.6889681602006,83.98649045232378,89.8081331908038
2025-12-12 17:58:12.438216,Right,-35.04095212442007,-28.588825061596253,-19.71129639557148,-38.123439656315895,-8.06114074154766,-40.184918073056906,-28.584994623926832,-19.717041873982453
2025-12-12 17:58:12.442234,Right,-106.23331784685706,-108.40573334802502,-99.61087083406619,-117.57496781978625,117.6851922815049,-118.58049920488702,-105.05709207973632,-95.38722441099162
2025-12-12 17:58:12.446226,Right,-73.81285090051279,-85.3973260814546,-78.46409221923932,-93.48707220898541,136.5731521391699,-94.8597055376049,-80.4197835813884,-73.12487087533691
2025-12-12 17:58:12.451250,Right,20.374708652388108,18.040775494324407,24.115950390105354,6.283954315042138,-4.6687917396166085,6.353375607606722,18.27513377296509,22.103843741217588
2025-12-12 17:58:21.199769,Left,1682.4996044816812,2014.589164314918,2007.7062039840037,1997.7646841308108,1136.1800602362932,1844.121399810442,1851.1105587856132,2085.6230062419977
2025-12-12 17:58:21.215852,Left,9050.362626320286,10838.995338310737,10802.175116835206,10748.51799165731,6131.679121602548,9921.346560338874,9958.819529243028,11222.210043093466
2025-12-12 17:58:21.219824,Left,20708.63864953176,24809.25004928211,24725.99803335218,24602.124411008055,14071.99950625822,22708.21177903519,22792.92427705758,25689.073173760633
2025-12-12 17:58:21.222835,Left,25868.453412286166,31005.398930855277,30904.215765554185,30746.378817141132,17583.52783255839,28381.7185380181,28483.71830884125,32108.044985687382
2025-12-12 17:58:21.227862,Left,17542.66707562169,21040.74945691279,20977.43226622563,20865.77950362626,11798.02727797726,19270.11771550539,19330.82285950445,21790.152828104292
2025-12-12 17:58:21.230868,Left,2094.391087823693,2520.9120301955845,2521.9566388588137,2504.6941826221155,1145.3819405821414,2329.9238506886613,2322.602388913292,2612.371725777499
2025-12-12 17:58:21.233865,Left,-9598.390534829115,-11505.423581568495,-11459.031564321078,-11398.536896176898,-6686.0544468499575,-10509.1071786721,-10561.34712931994,-11905.012715986813
2025-12-12 17:58:21.238886,Left,-12659.328877797583,-15168.571462505555,-15112.699491171865,-15029.308068772603,-8446.952711940627,-13875.678806765238,-13933.476245384489,-15687.869913034141
2025-12-12 17:58:21.242881,Left,-9132.056284974504,-10926.595083496883,-10886.139784797619,-10827.377799010836,-5961.495257670671,-10002.987917578954,-10043.468475849892,-11297.338584851997
2025-12-12 17:58:21.246898,Left,-3924.3648459507967,-4689.69387565105,-4670.861711761914,-4647.371584824345,-2656.8324146142404,-4290.9462535792845,-4312.104260423395,-4853.546739603335
2025-12-12 17:58:21.250917,Left,-1054.6811379868304,-1269.1544337224332,-1263.5604231710313,-1254.8217647451092,-847.9917534464039,-1153.8776389175327,-1164.3652765269508,-1318.8787794822128
2025-12-12 17:58:21.254938,Left,-1674.9218927397742,-2015.807540431735,-2009.0284450234612,-1992.396574798855,-1121.5176659075078,-1837.8873691378394,-1849.9253351027146,-2084.2144009522162
2025-12-12 17:58:21.258935,Left,-4044.75475208048,-4843.822625878267,-4827.034206273267,-4796.831720676506,-2629.0659540969064,-4426.47537603823,-4449.577336576884,-5005.84882173955
2025-12-12 17:58:21.261940,Left,-5472.113326337654,-6555.449827967794,-6532.560279009747,-6495.357497073826,-3749.45931434707,-5985.957552937092,-6018.289533292875,-6783.284110428416
2025-12-12 17:58:21.266934,Left,-4811.872496115509,-5780.507569169044,-5762.012213896844,-5725.378631426138,-3399.859539658355,-5272.237514998415,-5301.210855195532,-5985.53318147047
2025-12-12 17:58:21.270906,Left,-3192.276258265367,-3841.8952989378013,-3831.8378485537833,-3801.2419889247976,-2128.7931937190006,-3505.481833873084,-3522.2759242384927,-3972.676342893392
2025-12-12 17:58:21.274974,Left,-2389.4424255366903,-2863.2561883077724,-2855.7062384757446,-2833.200500075356,-1450.5413748401916,-2619.0702101053903,-2628.8236378153088,-2955.3470774290618
2025-12-12 17:58:21.278978,Left,-2858.666507055983,-3420.74303623382,-3409.1003628468607,-3389.798258187948,-1936.569849718886,-3127.112660271814,-3139.875979138771,-3539.8451575660147
2025-12-12 17:58:21.283020,Left,-3560.201038049301,-4277.561266290606,-4262.495203732746,-4238.946439900552,-2583.687283887237,-3904.9050159367034,-3921.3304025082616,-4432.840285909828
2025-12-12 17:58:21.287012,Left,-3431.437858065823,-4129.554633011809,-4115.586776619311,-4089.243834110326,-2348.381503314362,-3773.1720510520972,-3786.2873342789244,-4271.6527913206955
2025-12-12 17:58:21.290032,Left,-2610.0264999173814,-3127.088064900716,-3115.2800185611704,-3096.049410601263,-1584.025770936918,-2864.723664557794,-2872.6552409243304,-3224.0598263621796
2025-12-12 17:58:21.294031,Left,-2090.9717595850816,-2491.813603860559,-2479.4711583809694,-2470.199906179565,-1342.9243433511,-2283.021598733496,-2291.2243745769374,-2570.7489506021375
2025-12-12 17:58:21.299044,Left,-2394.999493372976,-2868.2449310355587,-2853.931423187023,-2844.6824978960212,-1777.5889403559268,-2621.033591960091,-2632.1404991137097,-2970.369426767342
2025-12-12 17:58:21.303052,Left,-2911.848113155691,-3500.2075514459284,-3485.660386712989,-3469.385990545852,-2058.8187629428576,-3201.902085812413,-3211.560815480072,-3623.139206342981
2025-12-12 17:58:21.307078,Left,-2733.758542012074,-3275.951815953478,-3263.5502009565243,-3247.732517551165,-1701.2434614339727,-3006.896699599689,-3011.532001268468,-3383.5594515828416
2025-12-12 17:58:21.311090,Left,-1911.8336949171498,-2276.9566070147557,-2267.5612822880503,-2261.261062575737,-1172.2946472874028,-2094.5225874074968,-2096.6955626114504,-2352.700116832857
2025-12-12 17:58:21.315095,Left,-1424.3222466462757,-1701.1438129033195,-1694.102727497695,-1691.8718262474285,-1076.319393061509,-1559.4188314769417,-1563.0231004655361,-1767.2620644520503
2025-12-12 17:58:21.318096,Left,-1815.4238545632688,-2184.116732787108,-2177.8852611185284,-2168.204514685087,-1349.4056983955088,-1998.9781924062409,-2004.3262962662848,-2268.2032541198423
2025-12-12 17:58:21.322118,Left,-2389.5365826628404,-2865.1392480210634,-2858.540852954611,-2842.6236572203925,-1512.7003894543159,-2629.9285728656687,-2636.115824647364,-2965.5586336462293
2025-12-12 17:58:21.326185,Left,-2178.4178152884124,-2597.0473537284415,-2591.004557959619,-2580.3802070317324,-1330.0959058851586,-2387.977284626104,-2395.615346658742,-2688.9124424282927
2025-12-12 17:58:21.331219,Left,-1339.0857252755668,-1596.6126677833963,-1593.3449513490777,-1591.1527622943977,-973.0325966182281,-1465.0350712276995,-1474.0655523125315,-1663.9126917000394
2025-12-12 17:58:21.335185,Left,-928.3787751661148,-1120.5916890430963,-1119.9370415674057,-1117.358577612904,-758.1024060826167,-1024.1937315097312,-1032.9484322239878,-1174.31137667445
2025-12-12 17:58:21.338188,Left,-1366.4270444909343,-1642.474525634083,-1640.9412372631487,-1632.6187855721219,-856.6419680441613,-1506.7441342480015,-1515.2805978122633,-1705.8755102929426
2025-12-12 17:58:21.342196,Left,-1860.6746509254444,-2218.165133571252,-2213.5724496177863,-2204.5327933672816,-1106.611617311777,-2037.4362382636173,-2047.6042826721678,-2296.7048798843753
2025-12-12 17:58:21.346208,Left,-1600.9534287138376,-1907.3968802914023,-1902.405465105432,-1896.9885572664207,-1112.072532605962,-1747.1010960952844,-1757.384908992448,-1979.2745562618366
2025-12-12 17:58:21.350198,Left,-896.0572077328106,-1078.929848227417,-1077.1035514014075,-1071.8020800022641,-732.1094386234763,-983.5053833770799,-988.7586222578539,-1121.6306442155037
2025-12-12 17:58:21.355195,Left,-628.2391343261115,-759.949386768043,-760.1210738563677,-751.5600723406533,-378.7716490412131,-696.4997558293398,-695.6302532494301,-781.5932049386902
2025-12-12 17:58:21.359220,Left,-974.306771870004,-1160.0232463569846,-1158.3381957341917,-1149.1909081648337,-502.21756784262834,-1068.6414603340672,-1067.628511159448,-1190.9614666880807
2025-12-12 17:58:21.363232,Left,-1273.2237947047688,-1516.3709462209372,-1512.8583416008623,-1505.3907749911305,-874.5937446052558,-1390.6831445966382,-1394.2051303086337,-1568.198085736949
2025-12-12 17:58:21.366263,Left,-1041.5557157438598,-1255.0603826633887,-1253.84769455879,-1245.6741278365953,-856.8997710273834,-1144.96220086026,-1149.6838765377179,-1304.837966291001
2025-12-12 17:58:21.370244,Left,-561.3596322714002,-684.9118538768962,-687.7876912221545,-678.261552996235,-380.3702478642226,-626.0479166146833,-626.8840675256215,-709.4896835237741
2025-12-12 17:58:21.374210,Left,-364.53519400104415,-434.03715755674057,-438.0199255195912,-431.06419949629344,-90.42193894489901,-402.8434538288275,-401.4124840850127,-444.09119629021734
2025-12-12 17:58:21.378213,Left,-536.9147618841962,-633.4747554812348,-635.9290839062305,-632.177999965148,-344.19924887205707,-583.206009956426,-583.9805973428302,-656.1591455865419
2025-12-12 17:58:21.382290,Left,-730.6753164093243,-879.7307980688638,-882.1354407247272,-875.9773366149166,-653.2211603572359,-802.8289837395423,-804.4820349441143,-917.7062580990023
2025-12-12 17:58:21.387236,Left,-648.026190891338,-789.9227161122253,-794.6549999666167,-784.041901141929,-478.4163600921165,-723.7326172724133,-721.541049179621,-819.6989543774398
2025-12-12 17:58:21.391314,Left,-337.42755004839273,-405.81527632230427,-412.2331781660905,-403.7285469773342,-66.13529819974792,-379.72789259726414,-374.55891984084155,-414.8951527841273
2025-12-12 17:58:21.394291,Left,-92.88971502479399,-103.67416966962628,-109.65604272764176,-107.62028051738162,10.184076732053654,-101.22123892523814,-98.83251388784265,-107.14252482919255
2025-12-12 17:58:21.398317,Left,-132.5623655457166,-163.7080671719159,-168.8309335007798,-167.13757584412815,-234.24245447394787,-147.20849896536674,-149.2073813554598,-178.3821866849321
2025-12-12 17:58:21.402328,Left,-341.11016069410834,-425.210463329684,-430.13011835486395,-422.3036385491141,-318.2140772420971,-385.80431804666296,-387.991176696436,-445.9870854926994
2025-12-12 17:58:21.406383,Left,-375.7901938581781,-455.1146518937312,-459.5277185840532,-450.2227330862079,-113.24376871771528,-421.17787157022394,-421.13809818960726,-467.2752226733719
2025-12-12 17:58:21.410366,Left,-106.21933034827816,-117.0959353063954,-120.58858979225624,-117.76095790235559,49.430590685486095,-113.85622955934377,-113.70408466467052,-118.62238539004466
2025-12-12 17:58:21.415406,Left,172.05519597881357,208.64505039312644,205.08371166751022,203.8057484534511,9.6376100324851,190.84639845142374,190.58180234007887,208.9109529814159
2025-12-12 17:58:21.419376,Left,135.1331479223445,149.6317344957497,145.1252018098894,147.85672659950797,-30.807182306976756,137.94562840030994,140.8668482369685,147.39465278579155
2025-12-12 17:58:21.422380,Left,-85.55848314406467,-108.32689375808695,-112.76727333219605,-106.4550752879586,37.765147478479776,-107.0292202620476,-99.15589773337706,-110.38310782072949
2025-12-12 17:58:21.426360,Left,-92.30447627090325,-99.56438453147712,-102.92137303584605,-100.61340086102427,73.46111013158225,-104.58894934214186,-94.77436514903093,-99.26027432887349
2025-12-12 17:58:21.430433,Left,173.1422674242931,216.45082582824398,212.9060017960437,210.20607435368584,41.874195728756604,188.89079934201436,198.580970813171,220.16567445360124
2025-12-12 17:58:21.434459,Left,357.9995584584176,423.1280236402381,417.86820828985947,416.79224141623854,100.31544168316759,380.6831401337331,392.4714225147618,432.707357958534
2025-12-12 17:58:21.438445,Left,267.04105469824935,314.9488961587813,309.29060782108354,311.41530265633264,237.83474763735103,275.72675642069953,290.69160739621657,329.44836504742125
2025-12-12 17:58:21.443444,Left,141.17953523499637,177.2495722941967,173.58959234480608,172.792209621839,238.42737436106836,146.02211911418544,160.48823123810507,189.36424743536736
2025-12-12 17:58:21.447402,Left,227.13911986096355,277.59184705295047,275.3785378252069,269.5749206803521,103.65984453957208,244.16195762431016,255.29886550359515,283.08753710161545
2025-12-12 17:58:21.450414,Left,398.501569160042,466.20767143297417,462.7102429880324,457.5787495810655,109.32330092807388,422.00908628363686,432.5334858786373,471.45153658745403
2025-12-12 17:58:21.454471,Left,428.29947241261834,501.0664419984096,495.72150658947066,493.69489610249,313.77518499214784,448.102468063822,461.1781761713937,513.0686304931005
2025-12-12 17:58:21.458485,Left,369.1066346176958,447.49187954724766,442.34581379932933,438.0531025433156,415.7435932695371,392.22579674748704,405.69355360534973,461.8909745729179
2025-12-12 17:58:21.462490,Left,394.12939042627113,482.48109504877357,478.3735044677451,469.1621284276771,273.60013881007035,428.34797341315425,438.81870805480867,491.0174865882145
2025-12-12 17:58:21.466540,Left,467.21493429894326,555.4208176263783,550.985515850829,542.4163451263448,164.34428101510275,502.15532270327094,511.27155333562405,560.3701482001925
2025-12-12 17:58:21.470537,Left,458.13992067863,539.3315137347963,534.2764671057521,530.018729686999,297.7832130419265,484.45524095967994,495.6429357100569,549.4895364518452
2025-12-12 17:58:21.475537,Left,432.37789791219984,523.4996790803852,519.7685059829964,514.7878338404116,455.83898541756207,463.1610968510213,475.12305113323964,539.4583282493986
2025-12-12 17:58:21.478487,Left,527.697409650893,645.2114810349885,643.9128686714685,633.7961170778726,399.95653742019203,577.6905045167659,586.9514705194742,660.3860639484483
2025-12-12 17:58:21.482557,Left,652.1861416715547,780.0839738504728,779.9787884221296,769.1187240472645,288.2642474938766,709.7731803877978,717.4707279503345,794.2030980349518
2025-12-12 17:58:21.486561,Left,614.3580462433165,725.227742319461,725.4344559296151,718.7783078055945,353.46388612521696,659.0344457125757,669.2136019201716,744.6618755768286
2025-12-12 17:58:21.490583,Left,485.4144409701694,584.1986250961199,585.8028024861123,579.4004032801604,471.83997442625696,522.3207746017724,534.6463495674543,609.2650565152871
2025-12-12 17:58:21.494593,Left,513.0270471156109,629.478121829452,632.8607706451439,620.8470346886897,426.0486538405821,563.8392136232578,573.8959831610555,653.2160721553373
2025-12-12 17:58:21.498646,Left,696.7584597617388,838.3571720564505,841.3845941479667,826.631737296062,335.73192971371463,762.9064289933303,769.5875249070232,858.9206989871454
2025-12-12 17:58:21.502573,Left,771.5670107559417,913.7944575159927,914.7551206648932,903.7445164427045,420.387834039866,833.4091048958362,839.9925672565587,936.6978886539582
2025-12-12 17:58:21.505631,Left,646.3956014179857,771.28009557724,771.4892932421062,763.3110001162277,550.5753067217302,696.6842968958081,703.9906020821654,797.4835296096862
2025-12-12 17:58:21.509577,Left,547.4340962808928,665.021640020539,666.2190450357739,655.9242217215942,473.9065101572778,599.525581092923,604.4851324338815,688.6260408371454
2025-12-12 17:58:21.514646,Left,635.7937965128804,762.3648864128627,763.5123315221863,752.5554721303051,317.44095445564017,697.4758642943343,699.9038127622334,783.5945627706824
2025-12-12 17:58:21.518642,Left,766.1194188707741,903.6737890357617,902.93863442773,896.4450572712813,391.4585765778902,829.5758948720759,833.7914915445726,931.6454825374531
2025-12-12 17:58:21.522694,Left,758.894547729753,901.7684009058867,899.9799768133089,896.1754311480327,606.7726587387151,819.5582123901695,826.9481706940569,938.2546259880764
2025-12-12 17:58:21.526680,Left,672.2767334966338,814.8551626183325,813.9981238236651,806.4495425713249,594.529692602111,734.9986236736877,741.014454262564,847.34269417217
2025-12-12 17:58:21.530645,Left,649.5228507802822,784.0609091225779,783.468009551405,772.6217762940796,365.11628985533025,712.7760399363469,714.2370626489865,803.6408773827134
2025-12-12 17:58:21.534704,Left,691.9776909161592,817.4784547314048,814.6920698243193,807.1247077462031,317.9536687352229,748.2234121880028,748.0905653167283,833.0526530691423
2025-12-12 17:58:21.537718,Left,733.4292179598706,866.8628328192281,861.7756792755099,858.1407143551623,548.3817443834268,788.5542985196225,789.9499155539088,890.8338291526306
2025-12-12 17:58:21.542717,Left,772.7843888945645,929.2591844552662,924.3290381784318,918.2671389075695,675.7188702601707,841.7889867487829,842.4160933922976,958.0569567600032
2025-12-12 17:58:21.546722,Left,798.3237897367217,960.7295262725092,957.142828278942,947.1909374495735,502.5496403197758,877.0205556032015,874.0937535014236,982.4995385839138
2025-12-12 17:58:21.550750,Left,743.3657242215704,880.2780194443185,876.8384146662429,869.013020499493,340.6614438885008,809.8105776757002,806.2063832365675,895.5563078284031
2025-12-12 17:58:21.554713,Left,643.2767902730266,760.3536686871666,756.435416318127,752.4785206994275,451.80984321195865,695.3946724697016,695.4255908175837,780.7779474721756
2025-12-12 17:58:21.557791,Left,658.8958008351037,797.8876604601974,794.5988972696941,787.9727229248965,617.0736163530964,723.0754226213321,725.507416548091,827.1909616071498
2025-12-12 17:58:21.561729,Left,805.7837515007704,980.1263193819905,977.9703769276384,965.6542965712724,560.6963941896684,893.9491217858158,895.0334590150742,1010.1252968753688
2025-12-12 17:58:21.565810,Left,858.1699895916972,1026.3298154654913,1024.4628320670454,1012.9189767133212,416.73589318204904,944.0421919052023,944.6966522616567,1051.730256552808
2025-12-12 17:58:21.571793,Left,700.1915031882236,827.1981409314321,825.7540422014426,819.5429369587218,433.4899768011528,759.5999849373475,763.489691822324,852.2131162044825
2025-12-12 17:58:21.574840,Left,565.0603964691982,677.3651380022056,677.8900167144602,671.3964266993571,530.8209552838234,615.2103213025257,621.8146867039613,706.2526207981864
2025-12-12 17:58:21.578827,Left,682.5946396010695,826.5914850286208,829.1749461614527,816.6356499207905,509.7288591778488,753.652719603153,759.3739121478284,858.2404035730287
2025-12-12 17:58:21.582800,Left,877.5779980504885,1047.9316949764034,1050.345954684657,1036.1092861484503,441.3243005001568,964.225620263489,968.9847908222582,1081.4546080385335
2025-12-12 17:58:21.585798,Left,830.6302674978506,982.2883370677009,983.18726499693,973.8943132874556,484.79716957366327,903.666179098771,910.2717379453825,1018.2394039827632
2025-12-12 17:58:21.589862,Left,605.1786253028549,724.7001939800102,725.2848317803582,718.5941340249265,540.8758658972802,659.6332733258605,667.3848039393779,759.2516144342953
2025-12-12 17:58:21.593853,Left,551.8665235220687,672.8762489469955,673.9003760254709,664.0444887877675,454.13745179161197,610.3864025099901,615.6373270639451,700.4524033127818
2025-12-12 17:58:21.597918,Left,738.4746204561088,885.2310419697315,884.9284595064819,874.1540789589053,362.4445187630481,810.8104441968026,813.8530148363207,908.6727590794908
2025-12-12 17:58:21.601925,Left,855.3727624095045,1010.2410098802065,1007.4004897880368,1002.0298897206085,460.95490282558603,926.1040327157825,931.1482548707863,1038.4550072215497
2025-12-12 17:58:21.606855,Left,730.49742883211,867.8029071434867,864.4965372681618,863.2876898465911,594.4992597124656,789.3679184011417,796.9547826502239,901.2035500498023
2025-12-12 17:58:21.610924,Left,577.1256836286047,698.2466611870332,696.7876304342644,693.2463180663763,499.63384692685213,633.6153751199599,639.2886725087883,727.4253147337586
2025-12-12 17:58:21.613950,Left,608.1167619889602,729.0127212628722,728.1793874239083,722.0527691562893,307.47264948737575,670.0517630304676,672.0098293799674,751.204634669004
2025-12-12 17:58:21.617890,Left,717.2100757560693,844.2254434319912,841.3865361004137,837.8436811129795,350.624147540424,778.9706707487348,780.8215936415363,868.9936907964293
2025-12-12 17:58:21.621951,Left,716.5107933263062,847.4091504835524,842.8323999566492,841.6429810631089,563.9930298403488,775.1421535677509,778.8363331964938,879.9214518811787
2025-12-12 17:58:21.625990,Left,637.4774942019721,768.6261321631027,764.6704881601036,760.3878241840284,570.8624317496433,699.0530643467791,701.1760119283572,799.2985167637235
2025-12-12 17:58:21.629993,Left,603.1882015678566,726.5416751846205,723.6774528755341,716.3606003772002,343.0677370178164,666.8181453114375,665.0649059078423,746.5565679575084
2025-12-12 17:58:21.635000,Left,601.2309208213119,710.8866920251166,707.7124217023375,703.3091970785754,259.4028648358071,657.4055461452808,655.2298157650512,727.5738343136618
2025-12-12 17:58:21.639005,Left,572.681848977576,680.1177804371109,676.7664731013356,675.958528417279,442.3006515473244,623.9330243031727,624.7633512902539,705.1558261093451
2025-12-12 17:58:21.642031,Left,562.8031562524848,686.0591873301892,684.265925483196,681.0573552050628,551.8191227364587,624.4516283139819,626.0471011156915,716.5723069354426
2025-12-12 17:58:21.645969,Left,606.1316836521728,738.6133677328471,738.3652332149213,731.6284975194139,394.9015192865627,678.2923857364804,677.5939737251028,763.2620896863518
2025-12-12 17:58:21.650034,Left,609.1269467475358,723.2188461461337,722.5423946158262,718.6934065854875,250.17165853414917,670.8179022107506,670.30258721672,741.4563051675214
2025-12-12 17:58:21.654039,Left,518.9849273463478,609.4977229314391,608.0246803865302,608.920111130923,349.31804449064657,561.7148757377872,565.4127254810883,630.8767589433119
2025-12-12 17:58:21.658060,Left,463.09703737625387,559.735154854483,559.4441161251161,557.5779864758952,478.0742515278398,507.0186720311176,513.409240661189,586.833052841248
2025-12-12 17:58:21.662076,Left,537.058472189121,658.2819852057146,659.9473934881389,650.5348706020741,394.9789750284399,597.8468508467777,602.4147268300876,683.749132390134
2025-12-12 17:58:21.667076,Left,602.7633464672836,724.971599824843,726.8144378896104,715.6272733393125,262.1132730873651,665.1145424629794,667.4722684983863,745.2882861688267
2025-12-12 17:58:21.670032,Left,510.2105405923212,605.8139392954763,606.7609358241316,599.9909618733218,312.15520743414527,555.0529008905869,557.8214712592307,625.7014167392626
2025-12-12 17:58:21.674112,Left,379.9714580171276,461.469990417012,462.8356331984978,457.4040641519241,413.1882263843436,417.7891820057994,420.37393109931145,483.22783328581136
2025-12-12 17:58:21.678170,Left,414.1694000593852,510.6228195459116,513.0704160981113,504.1864840138005,342.29230374726467,465.76247950457036,465.3244682945078,530.3070848551579
2025-12-12 17:58:21.682178,Left,539.0826976218959,647.3349591698498,649.0237351474352,640.0175648123259,219.92155486205593,598.8098245254951,596.4755416493863,664.1304862922989
2025-12-12 17:58:21.686169,Left,521.6685102152405,615.0809847897617,614.7182178777875,610.8697968807537,272.66216469486244,568.3637841006275,568.3335797182517,634.0988592528738
2025-12-12 17:58:21.690119,Left,372.2210186460288,447.0356160142692,446.207746559754,444.669636416249,387.3407105812221,406.53891131235287,409.0301496870816,469.39848417637404
2025-12-12 17:58:21.695173,Left,321.7493464774452,399.4773726457497,399.8934314578073,394.83443179598544,319.50223671545973,363.0309142988408,364.0063455248019,419.4925701372558
2025-12-12 17:58:21.698174,Left,417.50977190141566,505.0242941529723,505.7162654577987,498.9935410047183,168.07894165808102,468.730666990974,467.04686565557495,521.0900047976756
2025-12-12 17:58:21.702179,Left,457.87723226530943,539.3543880180223,538.847684097942,536.0965320122195,204.904737811652,503.16074177180417,501.9940236128168,557.5884710594546
2025-12-12 17:58:21.706218,Left,362.19818360963836,432.1899946980411,431.46803684032056,430.92772062378936,360.88480738719227,397.8488758067833,398.1197584584588,454.3771341671236
2025-12-12 17:58:21.710221,Left,296.62723744567484,368.8149715088075,369.57767672115006,364.90550342737697,338.3491494018235,335.943693109788,334.4624731638469,387.04768470313866
2025-12-12 17:58:21.714216,Left,350.65362518199254,428.32205971644726,429.83147998549975,422.05007345054764,159.55517006205628,395.7694330107188,391.65445388818625,437.96343101910315
2025-12-12 17:58:21.719250,Left,378.94536534370854,447.02411735686474,447.43355590256397,443.6596404655138,132.2029204655555,415.5420454482082,412.6440738380188,455.33412893058266
2025-12-12 17:58:21.722240,Left,290.13151479291264,345.18306623981334,344.8649613644229,345.8744757666718,285.2958469786681,315.93810202076565,316.215120654786,359.5302986485185
2025-12-12 17:58:21.725249,Left,224.80962379439734,284.3861081210198,285.00775493867695,284.5853068549186,317.5997555903159,257.17134752718266,256.7903259724844,300.618240187061
2025-12-12 17:58:21.730256,Left,286.0929229822941,356.7444230960682,357.81598850362934,354.8783556066919,154.45340940129245,331.886863154592,327.4215150073869,367.88737259758636
2025-12-12 17:58:21.734271,Left,337.62955676356796,400.7314716303954,400.18372893414926,400.8806602623081,81.10224753356306,380.21941785211675,374.2032323288731,409.44228512537666
2025-12-12 17:58:21.738286,Left,256.0724745373009,300.03080634842627,297.86140461533796,303.8160449176794,210.45107029087376,284.36552174645476,280.37442794884555,312.31271128100343
2025-12-12 17:58:21.742300,Left,165.1969186096685,206.29115813947283,204.49532148148865,209.3260366175091,278.2512880503782,192.1588068709243,188.65669252770022,219.2110036467202
2025-12-12 17:58:21.746318,Left,208.54043348086998,261.973518267856,260.8941009333357,261.5246315940749,141.21763231541263,245.6239360087784,239.86672055895906,269.0475139328046
2025-12-12 17:58:21.750313,Left,280.00978162285173,333.3839913508855,331.2529673646204,332.93903152889106,41.94836080877576,315.3778273324715,309.4927271207562,337.5390917788027
2025-12-12 17:58:21.753274,Left,216.53135304531315,253.10551103577018,249.48113598744385,255.4178339560749,147.9245670166565,237.21161033120006,234.60450203111395,262.3004786517704
2025-12-12 17:58:21.758348,Left,101.13238882890437,129.45386478677392,126.04780174652115,131.16823497554287,234.9483387483051,117.34092519094702,116.2370288457023,142.6364132174058
2025-12-12 17:58:21.762358,Left,115.95995039661648,152.7635725364089,150.16401806951035,150.72872297477443,112.5062673855573,142.40192946168827,138.92136094428133,162.31797522387933
2025-12-12 17:58:21.766372,Left,212.89905485726194,252.84370971366297,249.3358152062865,250.38936162437312,-9.696440115512814,242.17492139729438,237.38411734509282,258.8665674655931
2025-12-12 17:58:21.770375,Left,202.7038206711877,230.13892901409417,224.9283401821158,231.70249383785995,88.19877556205029,219.94131160789402,217.69520402525086,239.69919200486038
2025-12-12 17:58:21.774325,Left,91.89275332534453,109.79706661583623,104.73307587305317,113.89106551383156,214.39154833374778,102.30628094822168,101.94745950854849,122.70751890342217
2025-12-12 17:58:21.778397,Left,54.09448487078771,75.83131088258233,72.38442797487369,79.01696816430194,112.00938282214338,72.01190716359997,69.75440016720677,84.14465742034372
2025-12-12 17:58:21.781354,Left,110.46838737296639,133.21290530695114,130.08557879301952,136.8930855129147,-58.679566691687796,131.8224841876654,128.24928655923577,136.00228977319784
2025-12-12 17:58:21.785415,Left,113.43701213487657,125.86562762915855,121.4001479903236,132.77742296259385,-5.161171927204123,124.29523299459834,123.72707259765593,131.6473814022611
2025-12-12 17:58:21.790429,Left,37.4981311900774,45.526130811544135,40.362534734769724,52.876432195771486,159.81937117889174,41.71777185675455,44.341556375904474,56.782693975488655
2025-12-12 17:58:21.794450,Left,17.185195081226993,34.65327962220181,29.899173344194423,37.7041182143148,121.11750592151657,29.280599821649957,30.421982564381324,42.123439992486965
2025-12-12 17:58:21.798459,Left,74.76493150903843,94.5214191552368,89.23029608058278,94.71945916500408,-64.38639935865649,90.76216854224913,88.73053963831626,92.25252035300946
2025-12-12 17:58:21.802424,Left,73.41354967909865,76.93747226329288,69.9702783919638,79.45521909545641,-76.14912796445424,76.38022970815655,75.02424648642773,72.1601396081387
2025-12-12 17:58:21.806482,Left,-9.645059524918906,-16.982037718291394,-24.133898640342522,-12.234431964694522,84.32019893772667,-17.42745585134253,-15.5842172356206,-15.933838638360612
2025-12-12 17:58:21.809473,Left,-25.131513766536955,-19.830275301996153,-24.922351371555123,-17.50286879768828,107.07445445746998,-24.066432200663257,-21.647460910549853,-15.917906670307275
2025-12-12 17:58:21.813490,Left,58.90932627307484,76.80322056170553,73.15384429541882,76.46980174077908,-53.824654017051216,70.62627726019127,71.30984536837786,77.14673590724124
2025-12-12 17:58:21.817507,Left,73.17084835737478,77.2536040332634,72.66298742039362,79.14109078486217,-109.95158974285005,75.41382532700663,76.49909108947031,76.11428868578514
2025-12-12 17:58:21.822551,Left,-43.11661158251809,-60.827741286193486,-66.6472937502549,-55.55302367697004,19.336552136577666,-56.36000331689138,-52.77838522725506,-57.950332753534894
2025-12-12 17:58:21.826518,Left,-110.0673825336853,-124.88018234068295,-130.29661699640565,-120.86534261563793,69.77125069781323,-119.38090138681582,-115.4920820875559,-119.81560238223756
2025-12-12 17:58:21.830552,Left,-24.9909412850393,-21.987083716347115,-26.850575047632447,-21.242825187393464,-62.251821673766244,-19.854732684849296,-18.306550964160124,-19.910714888188522
2025-12-12 17:58:21.833501,Left,39.87500005229958,40.911365600157296,35.258256093919044,42.36892095475923,-132.64938833516499,43.025888429401675,43.38299754654872,41.302572238695575
2025-12-12 17:58:21.837554,Left,-60.83968081427156,-80.82420967152575,-86.91432094166521,-76.50077773723751,-22.24802889712737,-72.73487748179468,-72.18583182632574,-78.33650556200882
2025-12-12 17:58:21.841568,Left,-178.08100639469922,-205.29100970440777,-209.82994029295514,-202.08112095698016,36.58850652896217,-191.5416453066282,-193.38037259233533,-204.0062918192125
2025-12-12 17:58:21.845591,Left,-127.14491586500662,-141.16752475732937,-144.06747429727693,-141.79385013418505,-91.33000519685447,-127.36647813022137,-133.9634348002728,-146.3485598109546
2025-12-12 17:58:21.850576,Left,-14.783479226549389,-23.7263259163592,-27.250027194735594,-24.33041558676632,-177.53711308336642,-12.387508566491306,-20.558100582129555,-31.47916946647456
2025-12-12 17:58:21.854603,Left,-47.5202680316288,-70.94552212028066,-76.03877243609168,-67.91812342879712,-61.82014865468955,-59.245034884661436,-64.29671971898642,-73.5842068787897
2025-12-12 17:58:21.858612,Left,-170.03095948052942,-204.58358620670333,-209.60086286469596,-200.92538716678973,31.880775907236966,-190.19445512478705,-193.0339740980853,-204.30206374282716
2025-12-12 17:58:21.861624,Left,-178.1601585503813,-207.17931459052488,-211.0269079732534,-206.67236659022456,-91.48373759538663,-191.6375346378045,-196.53700838926306,-212.51273710165697
2025-12-12 17:58:21.865708,Left,-83.93064767179021,-108.0744479028508,-111.77589808317134,-108.34639915941807,-220.8700190281088,-93.43463365414937,-100.57308676437242,-118.65877705381718
2025-12-12 17:58:21.869664,Left,-74.71734411308717,-106.17568602292158,-110.1355109452561,-103.4696910976345,-120.53453691506729,-91.77052217570599,-97.74669472074311,-113.57527346661664
2025-12-12 17:58:21.873677,Left,-168.06974960605294,-204.1640816223662,-206.57086535369308,-200.42481376818614,24.703580746521766,-188.0812779788539,-192.6169615159306,-207.50972198412637
2025-12-12 17:58:21.877689,Left,-198.53547838243685,-227.65747216696764,-227.32469978673907,-226.43227838356688,-61.09162095339707,-209.31195253512124,-215.2397995762367,-235.3778682116681
2025-12-12 17:58:21.882717,Left,-133.57268599001327,-160.09942742449857,-158.5951131493166,-159.16453920045387,-235.12627863215857,-140.35095540677867,-147.16824018539046,-174.140490815691
2025-12-12 17:58:21.885654,Left,-119.89596418633937,-156.70855599574998,-155.58088868705272,-151.6643969401457,-191.25622457426743,-136.9363812760257,-140.61994091530596,-167.8854156507732
2025-12-12 17:58:21.889719,Left,-194.13058215362798,-235.7450002803689,-233.63491569524922,-228.15390095205657,-18.83984571810288,-217.102068984178,-217.14804219107828,-239.1017058384623
2025-12-12 17:58:21.893722,Left,-219.72657898237958,-250.02111542537023,-244.96115363415083,-244.9307174458736,-37.65850662848243,-231.97142443737175,-232.7723434127547,-252.957664085141
2025-12-12 17:58:21.899744,Left,-160.30297607591638,-183.5100362519588,-176.3475215532162,-180.82332714190125,-213.8623395829345,-163.17974655508442,-167.01186124867672,-192.55430914850876
2025-12-12 17:58:21.902740,Left,-152.4182795362358,-187.835040912767,-180.6520902330085,-183.2984586450475,-230.0044864126903,-162.903506682218,-167.1352469133053,-198.1234016338858
2025-12-12 17:58:21.905767,Left,-234.05770356084395,-280.6549191319791,-273.28000170900486,-274.2661012790195,-70.12329079852498,-252.8434119061203,-255.95895066307276,-286.1881816105888
2025-12-12 17:58:21.910731,Left,-257.8200522143452,-294.46291867973923,-285.46529621753143,-290.35978133796016,-38.565317002125084,-267.53404417943966,-272.2864876939566,-299.09610240855545
2025-12-12 17:58:21.913790,Left,-173.07054395138402,-197.29605204328254,-187.2288916161051,-195.27598592371214,-192.36756555862667,-171.3588199422229,-179.1045929556276,-206.3731843772257
2025-12-12 17:58:21.917778,Left,-141.81575107184472,-176.9145018918207,-167.5936898979271,-171.76939362114354,-245.79076836793683,-147.9136968170933,-155.21914031289634,-186.37560027901782
2025-12-12 17:58:21.921794,Left,-244.75501532411727,-299.65826243476477,-291.0683350827603,-290.28673932427773,-109.93669660182786,-265.3837289040239,-270.24237326438015,-303.8041297607997
2025-12-12 17:58:21.925814,Left,-318.0651416182809,-371.08370346203446,-361.8158855039801,-362.8638920527592,-52.00540189931053,-334.20189796949853,-340.79611014254624,-374.25811756175244
2025-12-12 17:58:21.929833,Left,-242.57364749230328,-278.82046792746405,-269.03162705051363,-274.6835733389307,-186.75735918090504,-242.31800437084166,-254.81321756294346,-288.5756152844406
2025-12-12 17:58:21.933838,Left,-163.29120147009962,-199.40721000215854,-190.57842255401192,-195.65634625669918,-262.8237693551928,-162.41034194253734,-178.26415933007956,-213.64027135213837
2025-12-12 17:58:21.938808,Left,-230.28041287581436,-283.63890938230907,-275.5881679147715,-277.557398501609,-141.51947563722206,-244.25746955964132,-258.91290255470085,-295.35904373027734
2025-12-12 17:58:21.941788,Left,-328.4235510188737,-387.7055492095533,-378.70016716682585,-382.38072779768845,-61.026846218053834,-347.31583781179506,-361.6781564531557,-398.11489833611995
2025-12-12 17:58:21.945848,Left,-288.0803531748825,-336.8236715871899,-326.92595507681835,-334.47494188448763,-185.7267526788928,-298.1067113946774,-315.6917377843638,-352.29350894055096
2025-12-12 17:58:21.949875,Left,-190.81762144097593,-238.0887612195802,-229.4431361912575,-234.86605611388222,-289.99721501753083,-200.08984903080272,-220.0498373307928,-256.9775833901076
2025-12-12 17:58:21.953897,Left,-213.8560261600942,-276.11612210966996,-269.10392000494176,-268.32395541557344,-178.0008283649222,-234.71671015021275,-253.818538591353,-290.3908565622405
2025-12-12 17:58:21.957903,Left,-306.9111512833915,-377.17960183217656,-369.18410932371626,-367.39030448603444,-55.92151814798126,-330.29620204344974,-349.4248454122571,-386.0276844894397
2025-12-12 17:58:21.961927,Left,-294.8287046167534,-356.7956310773152,-346.1211288229679,-348.5754783512675,-152.7404201363097,-306.268758437247,-328.5809166211111,-366.9670349393273
2025-12-12 17:58:21.966925,Left,-203.8148833543819,-262.5527343451977,-250.87426483549643,-253.76653568207985,-291.89263209633646,-211.05493952866527,-235.0151400330069,-275.1847501026932
2025-12-12 17:58:21.969877,Left,-205.54623596704914,-276.2179296533577,-265.46310801041545,-263.37778312602313,-216.95698960890877,-225.06963901777635,-245.67008337104926,-284.9925106196897
2025-12-12 17:58:21.972891,Left,-294.44673852814594,-371.1481061523082,-360.5161080395337,-356.42596827383386,-69.23926793021383,-321.1476606906508,-337.5644093853771,-374.78423534554895
2025-12-12 17:58:21.977958,Left,-302.8576580067747,-367.7401101322612,-355.9109364061733,-355.1865288371919,-126.15295138952206,-319.38017591572134,-335.2613736886997,-372.7913722770172
2025-12-12 17:58:21.981971,Left,-220.0115814646706,-276.4474048326374,-264.4612384410575,-264.3642200240283,-285.3303922567866,-228.71573750628158,-244.89963560301112,-284.8971461087931
2025-12-12 17:58:21.985978,Left,-212.9417022637208,-280.0388546466711,-269.5873873733217,-264.0346316926298,-255.1748597579426,-231.16766070213635,-244.53748485760298,-285.3011487898184
2025-12-12 17:58:21.989989,Left,-308.11068667442305,-385.68765514489496,-376.4731772345258,-367.0835283329361,-96.38055024397909,-335.78940546518425,-346.2440094251069,-385.42614459240576
2025-12-12 17:58:21.993953,Left,-334.6538838132983,-403.64431000553304,-394.85577233770164,-387.6316478929366,-105.93085033397074,-354.5914540006197,-366.6926748367259,-405.75650176941417
2025-12-12 17:58:21.998014,Left,-243.12993436155375,-300.8193984409445,-293.4895981462905,-287.6081502295565,-263.0385437704972,-252.88907064846717,-268.55815070844255,-310.45311427040724
2025-12-12 17:58:22.000968,Left,-202.6783482505707,-267.2044584796531,-262.49482343241107,-252.38377973187016,-271.25129076992744,-218.28686448035296,-233.77755904139485,-277.97093788941856
2025-12-12 17:58:22.005046,Left,-287.83810525451554,-363.70307419245364,-360.17297516198596,-346.9686288944795,-114.30015376588563,-312.9979178889189,-325.64928390539717,-369.2962828055606
2025-12-12 17:58:22.010041,Left,-338.4149205588037,-407.42407482618,-402.7858864644659,-393.4784981472185,-85.28676907048794,-357.6379267696175,-369.88726613350445,-412.4746717902017
2025-12-12 17:58:22.014009,Left,-257.4364490596927,-311.84877105552005,-306.60594161518384,-302.05007159447996,-236.79028820761596,-266.22429200430634,-279.7043544408516,-322.551749153994
2025-12-12 17:58:22.018096,Left,-192.28344933898188,-248.37717883376172,-244.80979749682592,-238.80846156430198,-282.3818169881415,-207.36869548965478,-218.58259465824813,-260.8712155985413
2025-12-12 17:58:22.022074,Left,-261.0854946874315,-328.35250734508736,-326.4215255359886,-317.6126594727393,-134.1841494946275,-290.4969466110924,-296.61728035856504,-336.1432428500848
2025-12-12 17:58:22.026104,Left,-333.786322867556,-397.58082377963,-395.04948882973986,-389.35687092278386,-69.53535610361723,-361.70576195360627,-365.8832615657011,-403.4039197045495
2025-12-12 17:58:22.029160,Left,-273.0353897711029,-322.6509452444734,-319.13146569090895,-318.20961759088095,-212.04810428834753,-287.6222374769859,-293.7968491932843,-332.4727940199082
2025-12-12 17:58:22.033169,Left,-186.96726080705412,-236.17411810933845,-233.68265663192142,-231.12987203657394,-297.00886892993003,-200.2059499626048,-206.89962974376976,-247.0076137848664
2025-12-12 17:58:22.038149,Left,-228.1731515591964,-289.7946665593772,-288.95891928416677,-281.7594907102175,-163.64092203613836,-252.35249628138263,-256.6024919715128,-294.8797259037383
2025-12-12 17:58:22.042111,Left,-314.9632636161987,-377.19530910725007,-376.1727625663625,-370.40006813709624,-57.26712108281208,-340.77334843267454,-344.19379427377135,-379.49663105380023
2025-12-12 17:58:22.046176,Left,-290.0735430761124,-338.91737802739954,-336.78555014537415,-336.9721941097523,-174.92492424929515,-306.6655633003684,-311.9322212592233,-347.31956866633845
2025-12-12 17:58:22.050170,Left,-214.28281690180302,-259.90277249983046,-258.0790329350857,-259.6377021119115,-299.04853233415633,-232.04189415631117,-236.60078384482767,-273.8210375899216
2025-12-12 17:58:22.053187,Left,-244.9117212887504,-302.08137372124474,-301.41984600626165,-299.453345799644,-201.58133226796053,-276.68352797301486,-276.1178353819414,-312.2239239665796
2025-12-12 17:58:22.057188,Left,-333.66572116228053,-392.99591862788657,-392.30785018979805,-389.85044693481177,-66.55035756190773,-369.1645653747837,-364.67715583805693,-397.11544338217936
2025-12-12 17:58:22.061201,Left,-316.4238548473804,-361.3750787010067,-360.1042132664006,-360.7600517697283,-146.2234111953876,-339.02553487190744,-335.40339034458157,-366.8039602820063
2025-12-12 17:58:22.066204,Left,-224.14045107952552,-262.7723126579658,-262.57297070359346,-262.2537988005788,-292.9996953373193,-240.39407345361542,-237.96454860834638,-272.2647084268392
2025-12-12 17:58:22.070214,Left,-226.42787687142845,-277.7149603301659,-279.6279518508818,-273.7793441066751,-236.62491755350493,-253.68383564293617,-248.65631476737326,-285.2534767484758
2025-12-12 17:58:22.074229,Left,-311.343742626952,-370.14547965378733,-372.38755325839156,-365.5927821241203,-85.83010607020697,-346.06434117088793,-338.128980388341,-373.64701504522236
2025-12-12 17:58:22.077238,Left,-304.36970661382657,-350.07326032343553,-350.6570178337279,-350.0921942862915,-120.46392245561583,-329.59501520288177,-322.46581150754355,-356.27765734196873
2025-12-12 17:58:22.081241,Left,-198.1968249733327,-232.1090932272491,-231.69782087329077,-235.5281473635696,-268.5096141381655,-215.99595821573166,-210.13592496857746,-244.1485820976668
2025-12-12 17:58:22.085196,Left,-176.63035962177673,-219.75937823654385,-219.76521985267755,-221.3212513376493,-245.93728782696417,-205.0648035450722,-196.62732785200933,-230.87448020390002
2025-12-12 17:58:22.089273,Left,-277.62882408418227,-332.9386942787096,-332.72859261202393,-332.4716831227415,-91.84767778229434,-317.8095570069272,-306.0361714028986,-338.5251644010423
2025-12-12 17:58:22.093222,Left,-317.56502276135143,-365.6661549116252,-364.25025764509337,-367.562205958704,-93.68596822192194,-351.88039384549484,-341.07805879891384,-371.52707441028906
2025-12-12 17:58:22.098285,Left,-224.21709452016512,-259.3686501880875,-258.3309405116015,-263.91079643554986,-245.19295132660773,-248.60670817259233,-240.82532800140325,-271.03822955774376
2025-12-12 17:58:22.102303,Left,-168.1042764747399,-207.72848717850866,-209.51251395972213,-210.5858923352789,-257.0465249912231,-198.30677873740206,-190.0513374763541,-220.84569883043878
2025-12-12 17:58:22.105324,Left,-248.63845079560997,-299.79623576108133,-303.89163883862784,-300.2551801519003,-101.44859134749277,-289.5821800340782,-278.3161104366882,-309.15786971495254
2025-12-12 17:58:22.109351,Left,-312.44581245054724,-358.2924893926247,-362.01693806704134,-360.44659317698097,-66.75542412721552,-348.4801267029252,-336.8125107497908,-368.00111033348367
2025-12-12 17:58:22.113334,Left,-235.64560908690328,-266.5335610053735,-269.1075019076816,-271.16694929398363,-215.34271323523717,-259.7053909993265,-249.7988179147942,-281.6813477606629
2025-12-12 17:58:22.117302,Left,-146.60732113890117,-177.44929245486856,-180.30153889919166,-180.04239412158495,-261.21412283339305,-173.60818398970878,-162.53386279015103,-192.92761853639968
2025-12-12 17:58:22.121347,Left,-184.81908521894366,-227.176563367364,-230.46257439121837,-226.04905371903442,-103.6330884770723,-224.27645447436953,-209.27568857144797,-235.37878192798235
2025-12-12 17:58:22.126377,Left,-250.86709781817626,-292.7523483169498,-294.77620372280944,-292.1957895021769,-21.64382922335062,-289.69882922724355,-273.8162670233287,-296.6238167861593
2025-12-12 17:58:22.130377,Left,-205.67318635620177,-235.95894019003026,-236.29724599147448,-238.3631507321843,-159.5513924145489,-232.57437853893498,-220.12639651627978,-243.08258607628522
2025-12-12 17:58:22.133402,Left,-134.4573122963193,-164.35893423116067,-164.52051012590528,-165.96105055348016,-257.8339042975567,-159.71390725433594,-149.64372417482082,-172.8245587538695
2025-12-12 17:58:22.137329,Left,-179.49021932284813,-220.30770827055676,-220.62444770976435,-218.5235715364106,-132.83056141482666,-213.7565478196484,-202.6479956373223,-222.47519942198414
2025-12-12 17:58:22.141392,Left,-263.6658672639169,-303.92921180155827,-302.62182043649955,-302.50676105491584,-15.278355371381622,-296.81769906240515,-285.3656858790782,-300.7650466238265
2025-12-12 17:58:22.145410,Left,-231.24842962849652,-258.0165974999545,-254.4165993334027,-260.2822773253429,-119.3677503427025,-251.9633038669126,-242.75210773787694,-257.3109201050247
2025-12-12 17:58:22.149420,Left,-140.96583943121368,-165.57411451579537,-161.58022280002479,-168.36355190706672,-245.218628225266,-160.05806681868853,-151.3966060312814,-167.7578175739618
2025-12-12 17:58:22.154440,Left,-155.32620836689603,-193.42083345202263,-190.39479245251277,-193.19259012845578,-152.75969350669766,-187.3742938847863,-175.61035042244475,-191.71362057689112
2025-12-12 17:58:22.158447,Left,-232.14865276345517,-273.69933505670633,-270.56733995315153,-273.7010549941333,-7.865644769684877,-268.37561140442267,-254.89973433240084,-268.3521096254117
2025-12-12 17:58:22.161466,Left,-203.76234139723238,-229.90682183182798,-225.92036222072784,-234.96927128673997,-71.44415159337223,-227.34765460033668,-216.93182112125214,-229.481962496473
2025-12-12 17:58:22.165480,Left,-100.52630850003334,-117.76591169938911,-114.48858643928543,-125.93210093537346,-215.19664030428976,-116.97881749726366,-109.89604019839317,-124.14747574209468
2025-12-12 17:58:22.169494,Left,-105.97395689418772,-134.4674924897845,-133.04133195139002,-140.57074776635272,-165.60060519271065,-132.23207235586597,-124.41034853982273,-139.08923789771507
2025-12-12 17:58:22.173514,Left,-216.21776016632793,-252.85879865213064,-251.65950164978858,-257.2569683037582,-15.142579493462108,-248.38502571347635,-239.18016041093506,-251.5432307139854
2025-12-12 17:58:22.177522,Left,-238.7208735133754,-262.7191739185364,-260.01936771016335,-269.3089416177827,-45.54993877111701,-258.40531947580166,-251.66101373161655,-262.4273019573884
2025-12-12 17:58:22.181546,Left,-141.19673747231718,-151.98567698540865,-149.09136062086327,-160.03661773103522,-198.23907618876547,-149.25476812495617,-145.9359185450012,-158.08020578033756
2025-12-12 17:58:22.186492,Left,-106.64490344701335,-124.66930118214805,-124.04870216257405,-130.28462293709163,-184.500792433304,-122.31140623858664,-118.5428185184137,-132.79023792874068
2025-12-12 17:58:22.189561,Left,-192.48112551338272,-222.0626916035544,-223.79284908232512,-226.25947898096638,-27.047340919525595,-219.5406328617246,-213.53999355412088,-228.5458947524312
2025-12-12 17:58:22.193566,Left,-225.8441816730192,-248.6051461948664,-251.07248794549378,-256.11196331697283,-17.131383616360836,-247.83633666299284,-242.59472582640592,-258.25868472235743
2025-12-12 17:58:22.197588,Left,-127.37563844968099,-137.2686843953561,-140.13271908659954,-147.58191741246264,-167.56927118173917,-139.37137324165087,-136.2289545517997,-153.19844673055923
2025-12-12 17:58:22.201591,Left,-61.14320715650683,-75.44161076901946,-79.12261208717246,-82.71659198327689,-187.63174148250255,-78.15479560394306,-73.7208204427152,-90.43509181489935
2025-12-12 17:58:22.205627,Left,-133.1114059315878,-159.54227202292532,-162.71522011555498,-162.18142482510302,-28.802879919385305,-160.09091322647873,-152.58504432882182,-166.53909516031854
2025-12-12 17:58:22.209638,Left,-198.29084074532147,-220.39547010231763,-221.2119568164344,-223.38484873209381,20.965815423987806,-219.07408650318393,-212.1895089847967,-223.94691531255376
2025-12-12 17:58:22.214656,Left,-132.1686399554601,-140.22577372932574,-139.72017759870505,-146.29138498508837,-125.81186343560694,-138.89000741497148,-135.51513848284958,-148.0046013536048
2025-12-12 17:58:22.217707,Left,-59.01287254248746,-68.30648545734584,-69.50686795479851,-74.09947642456973,-191.0327208522358,-67.15987660415703,-64.17683179397136,-78.01317309314618
2025-12-12 17:58:22.220696,Left,-114.25058876065305,-136.52378338994458,-140.18031682423316,-140.2886887929635,-48.69404119916726,-135.10547072504414,-128.80763995839516,-141.8705520167132
2025-12-12 17:58:22.225659,Left,-188.17226052138722,-209.96284356410615,-214.0094464334543,-215.78631257999223,40.13104043903877,-209.74810352892382,-201.99852959287819,-213.89143596898066
2025-12-12 17:58:22.229688,Left,-130.31908797391225,-138.60247504955623,-141.92151257762453,-149.0618240396143,-85.20793958051945,-141.5002598662395,-135.5740922887926,-148.58511204971
2025-12-12 17:58:22.233689,Left,-31.546972830605228,-38.27828845358454,-42.008899033186026,-49.26199223072035,-184.40594344670535,-43.4464193622116,-37.51906743319705,-52.22316895640688
2025-12-12 17:58:22.237700,Left,-55.598625512677245,-75.04871407255996,-79.66733606974594,-82.6282257399289,-64.16514675458893,-80.1604177566478,-70.43962724402081,-84.21598792180885
2025-12-12 17:58:22.241662,Left,-135.11841540504247,-156.67883923830232,-160.8650392399868,-163.51444258360425,61.153224159701495,-161.68913096538745,-149.27325121720787,-160.7232007854618
2025-12-12 17:58:22.245719,Left,-101.12870171520626,-108.9031987041817,-112.35910508123925,-118.53030067466898,-31.028806437912863,-115.59010538848815,-104.42845893773483,-115.59775075077778
2025-12-12 17:58:22.249733,Left,-2.611673899926245,-5.22449958632933,-9.633387810899876,-15.082061747729313,-158.12533542857273,-13.555012034776155,-3.4281520728836767,-15.606925069878343
2025-12-12 17:58:22.253749,Left,-16.47109610273037,-30.89065922878217,-36.59858420601813,-37.11874100851128,-75.76788900021347,-39.02228027244564,-26.54358974972274,-37.238204386027064
2025-12-12 17:58:22.257758,Left,-116.39812962588621,-135.62970952747855,-140.20914286840707,-140.50490710319718,65.1897631305037,-143.25456730421865,-128.8735592943267,-135.54449719336117
2025-12-12 17:58:22.260794,Left,-120.31321707583265,-125.65963344974443,-127.60957211552886,-133.59005481749773,1.8420956214540638,-134.14182085439097,-121.94914087321376,-125.95490931271343
2025-12-12 17:58:22.264781,Left,-26.96491868782323,-22.62268741283333,-23.98164235416334,-32.0987905691145,-147.68050952698104,-31.798006520897616,-22.370580800517928,-26.292806397890672
2025-12-12 17:58:22.269733,Left,-13.615024355589412,-19.28883631451754,-22.607322011725046,-25.84265819709981,-103.5299227393698,-27.315551986917853,-16.986770725168753,-20.492517535050865
2025-12-12 17:58:22.273802,Left,-102.15668960876064,-117.24073026917176,-122.21784141211538,-121.89164587133564,53.658166856650496,-124.00459192960989,-112.08817487052875,-113.71481094614137
2025-12-12 17:58:22.277802,Left,-117.85757116836612,-123.39064799627522,-128.58226938836742,-130.67017491941806,33.87896352598909,-130.99872758821584,-121.45092481758911,-122.31436570070218
2025-12-12 17:58:22.281840,Left,-16.017302677879343,-10.103745919652283,-15.775455545808654,-19.218473650922533,-119.94523505325196,-19.24224872526247,-13.37651780305896,-15.42818288091803
2025-12-12 17:58:22.284837,Left,33.01743926861673,32.36219726642594,25.70813157426892,26.637592312821653,-112.39034142892342,23.662850861495826,30.05716143664904,27.906291888619307
2025-12-12 17:58:22.288848,Left,-41.94637541589327,-52.78765531437239,-58.574539992492646,-54.698840903525706,51.31707391879172,-59.97623840539018,-50.228558613860514,-49.91033829684602
2025-12-12 17:58:22.292890,Left,-84.68341387415421,-88.0181663299445,-90.66562766523566,-91.18361434707185,73.69673700266867,-95.53642398910597,-85.23284418912954,-82.83896827429999
2025-12-12 17:58:22.297870,Left,-6.090374162973603,3.8170713763101958,3.502926962566562,-2.2361764707020484,-79.99505225531175,-5.639123036642559,2.4335402305296157,4.374365476134699
2025-12-12 17:58:22.301878,Left,49.880567476386204,55.99968696339056,55.46666340873344,50.95067172695417,-116.97885883078561,45.75637810639455,53.50580420659389,55.00029890728183
2025-12-12 17:58:22.305892,Left,-21.433745535789058,-26.68125626872643,-27.680119772965554,-29.382136985572288,36.4460563470202,-36.45950255790376,-26.914795038610464,-23.46959455346223
2025-12-12 17:58:22.309880,Left,-85.86054280435201,-85.79222110001137,-85.43897425942123,-90.02511509953183,97.82276021610596,-96.48457669140771,-87.20360177286784,-81.8219795730256
2025-12-12 17:58:22.312926,Left,-19.410689589683898,-4.042548817466013,-2.1856117265706416,-11.175864042714238,-43.374679402128095,-17.21674025867833,-10.185287786269328,-5.838570702821016
2025-12-12 17:58:22.316942,Left,58.978892145561986,73.65310425282223,75.24398045128328,67.98223677612259,-119.25925349642057,59.37994490543497,66.61398941249354,68.93222264989163
2025-12-12 17:58:22.320940,Left,7.536515274114208,8.325314453919418,9.464013133605476,6.407014366326621,15.961590982304187,-4.736036093469011,5.080534692009678,7.915263102157041
2025-12-12 17:58:22.324900,Left,-75.00060021184618,-74.6311447318003,-72.0598103023076,-76.93649323258433,113.8344447005802,-86.67704878229415,-77.11442936045933,-72.29268859527656
2025-12-12 17:58:22.329945,Left,-33.833315785828745,-19.01893955291598,-14.664991091878619,-24.911654595605796,-4.215863113873638,-31.402779316471424,-25.72419103042921,-20.96372600804898
2025-12-12 17:58:22.334020,Left,54.071401774010155,72.06160868302686,76.11425960480119,65.86746775585925,-114.20309888577322,59.889634942490375,63.894521404989064,66.94776112047839
2025-12-12 17:58:22.336984,Left,25.839654577110196,30.79502068919828,33.7090561024379,27.594062352902256,-9.123271018761443,19.898134281451348,27.10203780455049,30.041130134661216
2025-12-12 17:58:22.340994,Left,-59.975543186214054,-58.793436756386654,-55.16412787151057,-62.089860650652554,114.96953655894322,-69.86395360014285,-59.72221419555717,-55.32192965809372
2025-12-12 17:58:22.344957,Left,-29.660871216416126,-14.35742916262825,-8.97422584547894,-21.529439024510793,28.121245238246047,-27.84818867201102,-19.132021072990028,-14.507778486382449
2025-12-12 17:58:22.349012,Left,80.72524989119847,104.04841469804524,109.49564035449293,95.80355076372507,-101.34472948894836,89.05058258786448,95.38343667372828,99.15649916382972
2025-12-12 17:58:22.353030,Left,87.47773754075752,100.78827350708889,104.97506221788353,96.0681573348993,-21.83055139883072,87.3556702786882,94.07743900830974,98.78667486348422
2025-12-12 17:58:22.358036,Left,-3.603857416572282,3.3677463448257186,7.400370147341164,0.3935395429725759,128.68687208250049,-7.96072051912779,-0.9504816732369363,6.1594287603511475
2025-12-12 17:58:22.362060,Left,-10.855135255245841,7.388257841521408,11.95162250235444,1.444439923245227,78.36979948861699,-4.3788467761769425,-0.31554758932907134,7.090167858375935
2025-12-12 17:58:22.365082,Left,84.7767781568109,111.62668077976559,114.78223883747705,103.60326471112785,-70.99985439513694,98.12775514344685,99.61777432047529,104.6672591053939
2025-12-12 17:58:22.369071,Left,107.9519525874639,124.27942626344156,124.31627765341545,118.5811804785044,-33.96459889005928,110.77544342809415,114.0963685404713,117.61366118179285
2025-12-12 17:58:22.373024,Left,20.345219558570534,25.52168311366404,23.816515292361146,21.616521108022425,125.46784638892859,13.450993436199497,19.645363291507238,23.891236563009443
2025-12-12 17:58:22.377158,Left,-7.454955569904996,5.3711945050017675,4.16797965427395,-1.0454550130525604,113.7482638634101,-6.273240215203259,-1.0500548316631466,3.722967234920361
2025-12-12 17:58:22.381139,Left,83.38432357736747,107.44703982419742,106.6756655145582,98.91060332352936,-43.10361144246417,95.17665141660837,98.03775695658987,102.20947836330743
2025-12-12 17:58:22.385157,Left,128.7970489402942,146.9411259520275,145.65471799387888,140.9584756494587,-47.5564877669749,134.87661237824068,139.10259475771454,144.23115319105273
2025-12-12 17:58:22.390148,Left,47.90607253610506,55.56819508266926,54.909306537301745,52.321392270794604,113.22907101094461,44.30615696568566,51.90164408876444,60.34139700898959
2025-12-12 17:58:22.393156,Left,-6.5218060479237465,7.644024928129511,9.501253136244486,2.2612442237877985,142.06664861565514,-4.096370859100716,3.5863307333929697,13.942172060546
2025-12-12 17:58:22.397095,Left,65.86090161903121,92.51819943683222,96.27619731696905,84.18087945466687,-14.430446880651289,79.64509474861552,85.0937887813052,93.57988886751991
2025-12-12 17:58:22.401141,Left,126.64950285010855,148.43275741260732,152.0427464217355,142.32042729953537,-65.94908404059242,136.26904459722573,142.5279895013664,148.53966406530526
2025-12-12 17:58:22.405168,Left,60.13088289118605,68.42639778250305,71.98505647841375,66.67203246489225,81.28745737396093,58.42626616312191,68.28419566736557,74.68644528460572
2025-12-12 17:58:22.409243,Left,-9.565627647432848,2.1248925825202605,7.359872908811667,0.23838104905735236,151.5365211469325,-7.1507599753458635,3.4667896012979327,11.274839983743732
2025-12-12 17:58:22.413198,Left,47.46726154089265,74.41265867957554,81.16297653307265,69.48426347550412,14.951012411387637,64.19283659757639,71.87263960968994,78.88438899190078
2025-12-12 17:58:22.418207,Left,122.10375755054702,149.85326530737075,156.27506303089467,145.29733288936404,-71.25745505661325,139.62578851653234,146.15675160363753,151.7624159568004
2025-12-12 17:58:22.422216,Left,70.37462558632978,85.72639953264297,91.88301792885613,84.19324657091056,55.31176699208663,76.65470155936782,85.8352077049567,92.88250376442011
2025-12-12 17:58:22.425209,Left,-15.124323150237615,0.873968818821595,8.853156029348611,-1.0618051274868776,158.8594778984152,-8.764663918038423,2.215633108316979,12.309156146991882
2025-12-12 17:58:22.429232,Left,24.65003556285592,56.320185558564845,66.33914833267045,50.8280951804627,47.05255091160507,43.800093796548026,53.407180734437134,64.21738601170364
2025-12-12 17:58:22.433283,Left,118.81581411469597,154.70001796244833,164.26183607181156,148.74983182816868,-68.93127986705258,140.55968907990973,149.61638015238714,158.9707784364109
2025-12-12 17:58:22.437253,Left,96.8323424023256,119.36933742161273,127.23774389254686,116.7436890407007,30.333300049229365,107.27487200581163,118.5905331522772,127.69670894844967
2025-12-12 17:58:22.441271,Left,5.12072939265272,22.282221486075287,30.343946525910724,20.76030945734601,161.66001747883274,13.461123265866263,25.45860740187163,35.77194718154351
2025-12-12 17:58:22.446254,Left,20.29650761789162,50.01815540640746,59.915953268642625,45.94302880385476,81.9336659138171,42.440679027735314,51.09171103866902,61.35567183936837
2025-12-12 17:58:22.449256,Left,118.99062249168674,155.53892132543842,166.25455973156204,150.84048903121493,-57.06344386898627,147.65546399786217,153.6996950262328,162.8343644425604
2025-12-12 17:58:22.452300,Left,120.86206715135745,145.64043851908173,156.0315401852631,143.9326014084022,6.830823185141526,137.7229138616018,145.71405871717855,155.71648166880095
2025-12-12 17:58:22.457307,Left,25.55309852225855,41.860824083515126,52.89370851587819,40.99375383430561,154.63905813061592,33.434490153384104,43.96431425294577,56.86063527480519
2025-12-12 17:58:22.461316,Left,13.640706269592556,40.276861359237046,52.63470724184799,35.72001486773297,107.97661634039468,29.751680835111983,38.8026089910818,53.056997757579666
2025-12-12 17:58:22.465313,Left,110.4774290881669,146.26016340918795,158.11326537341665,139.4274994044663,-49.509302892729465,134.15563929975178,140.45170845557368,153.49399367975275
2025-12-12 17:58:22.469342,Left,140.4503541701779,166.24269976057258,175.94119383413272,162.33732352419975,-26.418426086822365,155.6365903296355,162.41441721118827,174.78388661854478
2025-12-12 17:58:22.474365,Left,54.16710312142095,68.8023068098264,77.98478273334331,67.94011735843378,132.70460383905447,61.11882370919193,69.52634887401291,83.3537513782976
2025-12-12 17:58:22.477298,Left,16.876354292337055,39.78648434625575,51.14776355316644,37.47250333244665,129.7468236144923,32.90067259038551,39.693837938651996,54.646224384301604
2025-12-12 17:58:22.480314,Left,95.93815462087514,131.2751902624077,144.6005515614488,126.946912844498,-31.154633886992087,123.27197259930108,126.97996972098917,141.07506031543744
2025-12-12 17:58:22.485369,Left,135.44796542798576,164.4583346819636,177.5634890941874,162.07047810059885,-51.805513775696454,156.37964331657713,160.04404699386214,173.4112067868482
2025-12-12 17:58:22.489403,Left,53.920941283249704,69.76278018167795,82.20813632536738,69.70079713512678,103.51883300906047,62.936955963588844,68.07442775267555,82.34288829478464
2025-12-12 17:58:22.493395,Left,4.508922567685659,24.530713529893546,37.44169715082535,22.58821564068785,142.98870281565178,18.216004816822533,21.4975292234667,35.996973263288965
2025-12-12 17:58:22.497388,Left,92.33095124428655,125.07357036693429,138.04197396180098,120.68208057140873,-5.446416636230424,118.88707683693065,118.18627386725711,130.51592172906385
2025-12-12 17:58:22.501432,Left,174.99176219655055,203.9197329848903,215.25269553194812,201.9236711536796,-58.15767113502807,199.7340964701143,198.41351625647076,208.90341054228338
2025-12-12 17:58:22.505456,Left,120.37528736385866,134.82706259087718,144.6847308444776,136.9736576159703,93.49556900365133,133.6333142106305,134.8748987401923,146.72194521522033
2025-12-12 17:58:22.508404,Left,44.251104815157305,59.476074408936256,69.61083802513167,61.20115596296091,177.44158974904713,58.68616587885481,60.08746113185771,74.30153017248085
2025-12-12 17:58:22.512461,Left,89.40585045232001,118.07769753823231,128.24441369581473,116.545451246624,46.05629227824102,114.73390671389643,112.94755328290194,126.76918142323848
2025-12-12 17:58:22.517491,Left,161.13535464984307,189.68416241907107,197.5169396244819,188.35481687140418,-49.92481292440789,184.60846926084196,181.4372889357619,192.9670802372275
2025-12-12 17:58:22.521495,Left,111.3676340591337,125.45279538382601,130.52450259335455,127.02884545517736,70.30015517747233,121.50795258113067,120.39165292475082,131.15217739944637
2025-12-12 17:58:22.525495,Left,23.538133464957355,35.068076680458034,39.95075511888717,36.124839976313524,181.83978881529038,32.79370050718717,32.369345737301046,43.64254573320795
2025-12-12 17:58:22.529456,Left,61.419540939314174,86.56674612399365,92.86215280056058,83.85808894257934,76.85998137651768,84.46507218429178,81.15912650179234,91.51622221444268
2025-12-12 17:58:22.532475,Left,162.21239927280112,191.2748801879643,197.45538504124852,187.94399836292723,-45.88260024408373,189.26281605262193,183.99214255536208,192.6654177303135
2025-12-12 17:58:22.536533,Left,148.91728554402653,164.0852536471357,168.5063595609099,164.18493404488254,46.619140121249075,163.31561355186568,159.74694868571532,168.9596181896195
2025-12-12 17:58:22.540487,Left,55.391140212959726,63.36169801988581,66.62574030339601,64.80268255264673,184.06147460528155,63.148250837097294,60.77052009492763,72.11103560177435
2025-12-12 17:58:22.545560,Left,59.7320190697792,78.64168405601231,81.30835034658958,77.61869041994214,109.46058911933505,77.12513361105812,72.0553419374337,83.62230567948427
2025-12-12 17:58:22.549573,Left,151.63835336093325,176.90185773976555,177.51955682096013,175.41849528686726,-40.63854777273082,174.86572977085598,166.9176943935745,176.73955233203014
2025-12-12 17:58:22.553527,Left,154.2856308568298,167.0809520841285,164.73034140451637,169.36293798529368,9.862719991855556,167.70169774460373,160.6119813220721,169.92355919191323
2025-12-12 17:58:22.556586,Left,57.8219012767222,60.16002009269141,56.65372753588599,64.61730230832472,162.13478787147324,64.53617029824818,58.91533567568695,69.0618876311346
2025-12-12 17:58:22.560545,Left,39.86751315777656,50.54665628862858,47.580189733722364,52.410333210777026,128.34723620569275,56.48589596578677,48.62149605958257,57.508314273683936
2025-12-12 17:58:22.564617,Left,134.58061538911716,153.7650467781641,149.94031366243144,153.65017828461714,-29.7446637506946,159.3942673511483,148.2229238828004,153.43825989942707
2025-12-12 17:58:22.568632,Left,168.55907536746236,177.60414345623576,170.90945269605436,180.1361947570549,-16.175120896310546,183.15018540952588,172.35425262442732,175.7454660191579
2025-12-12 17:58:22.572654,Left,82.3301424196834,79.34134270130016,70.63275162882928,84.3493736503442,145.59385152599134,84.65351522283163,75.74281899216294,81.01117607280321
2025-12-12 17:58:22.577654,Left,37.375848786497954,41.69136638769123,32.96036409973749,44.3594650709274,155.5535554694943,45.237280120520154,34.48898467399704,41.681444049594575
2025-12-12 17:58:22.581697,Left,111.70151889811677,128.36883630866942,119.3348750169389,128.2288747799903,-3.3150928143732017,130.26900029521494,115.49410544679267,121.93884373280162
2025-12-12 17:58:22.584683,Left,154.82573332414904,165.26217559192446,154.6395772237156,167.31889881672396,-34.0517182371259,168.45654715661658,153.2366519721254,158.81945121836907
2025-12-12 17:58:22.588676,Left,73.26466526152217,69.82748146202357,58.6076625725982,75.56066796396044,119.50386086116487,76.03780306880071,63.74221414931526,70.8040297456755
2025-12-12 17:58:22.592692,Left,11.466881811385974,11.686410496899043,1.9566713354288368,16.5221464659262,169.19044960092288,18.539362741124933,7.275876865227474,15.746292148236535
2025-12-12 17:58:22.596669,Left,86.64621556378552,100.56709813517227,91.68686975100718,102.32725125845172,22.679249449749477,105.03919186661369,92.37215547999949,99.36686416977318
2025-12-12 17:58:22.600707,Left,169.70742548471026,181.0975693352375,170.19246531253157,183.639539125812,-43.61512858814967,183.7538240700087,171.58258921804372,176.05508310157165
2025-12-12 17:58:22.605747,Left,120.80958770916914,117.13467484204739,103.34813251390005,122.81009022131911,97.55439296993427,120.5120828516956,110.80798575862718,114.67657976274495
2025-12-12 17:58:22.609797,Left,42.484648031473625,37.756221624367754,23.042860724846832,43.21909407316707,184.45747576527356,42.43036055949051,32.39240544602217,36.44385520329524
2025-12-12 17:58:22.612772,Left,83.11994323731051,91.32696833809314,76.79963524032792,94.38864030918921,54.65657285152702,96.34407440436189,82.85134455034859,85.37202157790307
2025-12-12 17:58:22.616791,Left,160.97010657854844,170.04471384595672,154.62666040027398,174.2192834119487,-50.48472557774221,175.76605236696196,161.1978908524179,161.86145352326275
2025-12-12 17:58:22.620789,Left,122.19033347566437,117.06403671413136,100.49370131202159,124.92385711715906,64.661400281635,124.48421012907056,112.81929489712638,114.20226054785599
2025-12-12 17:58:22.624746,Left,33.339273786434205,24.57083413815417,8.603300359798595,32.38353168859612,185.18585564827663,32.73372082278365,22.667771020001965,26.030511263903463
2025-12-12 17:58:22.628798,Left,58.291943577321945,62.329463312315056,47.591339909500675,66.45064358523814,87.02966061566258,69.58261940025841,57.01383536578214,59.92482109932462
2025-12-12 17:58:22.632809,Left,149.86679999314947,157.86287126556272,142.37270437540428,161.42836086952593,-45.16121154720895,165.129422646045,150.21852157438116,150.69190847477876
2025-12-12 17:58:22.637815,Left,135.99584341686568,129.91141350739053,112.41810562413593,137.43353916163323,36.17109412215359,139.6603321468283,125.5502023173467,125.43716973022674
2025-12-12 17:58:22.640846,Left,41.360819957830245,27.667696953954874,9.892119667580118,37.308203680004226,179.01012957745115,39.93467973379302,26.08678280984168,27.629315409285482
2025-12-12 17:58:22.644843,Left,42.50159017444821,40.61542587153963,24.33568730231491,48.10582833117223,116.79261224291986,53.019627786270576,36.12930595148646,38.149532371389796
2025-12-12 17:58:22.648871,Left,138.43239102236112,145.2842874097405,129.5702960933122,151.9252637437021,-32.70444389944896,156.98938582703704,137.80357095890213,138.4891974751372
2025-12-12 17:58:22.652870,Left,152.1516033654043,148.73073364028824,132.15187535612495,158.59415116731543,12.493783052224899,161.2152480535442,144.1103631018632,144.84210198928486
2025-12-12 17:58:22.656914,Left,61.13825347812963,48.41276518703671,31.857125843438553,60.17924407438841,171.0585887369234,61.82148303615395,47.418663019750966,50.33634879204328
2025-12-12 17:58:22.660892,Left,38.362374254182214,35.24955140289967,20.070683373633074,44.09238626342267,149.32897072621563,47.391374456870835,31.583179833643953,35.56719340191921
2025-12-12 17:58:22.665940,Left,126.78912946709897,134.15277828386752,119.18668300795252,140.1726424881199,-11.318595091172028,144.1814753896906,125.2959978954168,127.93869381316472
2025-12-12 17:58:22.668921,Left,156.86491340165958,155.20229144985205,138.3982576354756,162.656959764543,-12.92861165793147,165.1021929612616,146.16806890141743,148.09222049068194
2025-12-12 17:58:22.671921,Left,62.27214439006639,47.665098564350046,29.528272529918468,56.54820914319134,142.04622192568786,58.721406295342604,41.10941389534855,44.7285982852045
2025-12-12 17:58:22.676939,Left,4.6530083771504,-4.113035883579869,-21.54726756332093,1.7412519454373978,156.3109801182727,6.474076817190507,-12.832900969136972,-7.624763585758046
2025-12-12 17:58:22.680953,Left,74.08986538829049,77.58673697974882,60.76794978042017,79.97915872416343,-5.192598268768052,86.1419374535617,63.863849746616324,68.74093055289995
2025-12-12 17:58:22.684965,Left,125.19211217033444,123.22327168425545,105.128164227237,126.98226295493077,-48.54273825600103,130.97265455275192,109.53834796921001,114.4641675978346
2025-12-12 17:58:22.688975,Left,54.297106902929954,38.463211647147546,18.867207559917006,45.18078788841376,101.12675076558662,47.04737977034529,29.19868536372087,36.21778539917432
2025-12-12 17:58:22.693993,Left,-4.466190755541902,-17.141757989360485,-36.76610784120567,-11.688694665266667,161.09910444430716,-8.631736725510564,-25.86900227321894,-17.46552984515438
2025-12-12 17:58:22.697004,Left,67.18127615188132,68.7051007324335,48.89395123011491,70.80133557756199,19.83276122144889,75.46635750681162,55.730218196549686,62.249901231130934
2025-12-12 17:58:22.701009,Left,145.05345305232913,145.5893354107975,123.69265874585835,147.9815854014014,-55.97367132463842,151.00819732804666,131.43506304654875,135.1510433171643
2025-12-12 17:58:22.705037,Left,88.92364175381954,75.66633574325533,51.725301361555466,80.61849961223197,77.58921794305206,80.92807612026809,65.3906598080066,68.81982782951673
2025-12-12 17:58:22.709075,Left,1.040733498564805,-12.410183813990443,-35.63998732625623,-8.13414166792063,170.45976266515208,-7.774899808311602,-20.944071324149263,-16.300621753412997
2025-12-12 17:58:22.713049,Left,36.87162222775805,38.001976943254704,17.270989998753066,39.6957212863781,45.68609316597576,41.23821789334761,26.639454863558058,31.03641126450384
2025-12-12 17:58:22.717133,Left,120.40856222709408,124.66509273483825,105.65193800210545,128.09387896661065,-67.92269722017227,127.83560325700091,112.88579110107094,116.30012100606109
2025-12-12 17:58:22.722076,Left,89.494305961387,80.40049225522671,62.7348840066843,89.34972299737274,38.88109414529754,85.17550837091403,73.4512471978669,77.8960043428524
2025-12-12 17:58:22.725080,Left,-2.25947063039348,-16.190499641466886,-30.94575132515456,-5.033505214232719,165.33071141062828,-11.169152844318887,-20.42962507561606,-13.844486584843253
2025-12-12 17:58:22.728092,Left,13.128714680249686,10.918017399220844,-0.3407931310648564,19.42679873344605,74.96568337600911,13.245154101226944,3.0121384436060907,9.547885961641441
2025-12-12 17:58:22.733143,Left,104.8122899227892,107.27656549369567,97.48130574281095,114.43264913593885,-63.51845642500848,106.82455412700074,96.2323453916324,101.05400803791417
2025-12-12 17:58:22.737129,Left,102.87154942845518,92.6693192319508,82.75391525673331,102.17786665106541,7.812349643209018,92.18330606874952,84.69005562737584,89.92003213372664
2025-12-12 17:58:22.741158,Left,17.72241418059275,0.5634361326374346,-8.272176868238603,11.091660687205149,154.06581214237667,1.535701906788745,-3.7026083073433256,4.304657895947457
2025-12-12 17:58:22.745143,Left,18.584753785617067,13.562520683044568,7.126085772033548,21.67596265661996,100.09404294761771,15.358791076941998,7.601245139187085,16.88013114867499
2025-12-12 17:58:22.748146,Left,110.33562038152013,114.61346181257977,109.30097976153775,122.05452997697284,-55.187259667465696,117.44886585061613,106.23185279798054,114.15972833972774
2025-12-12 17:58:22.752097,Left,116.86774521008192,110.70466013558325,105.0165244522359,121.66586665858631,-24.726525835401844,116.08184754343529,105.63824713510985,113.05578007578151
2025-12-12 17:58:22.756156,Left,7.543242149899015,-9.150710185218486,-13.924387330087484,3.973236081568757,128.36953129438916,-1.612467275102972,-9.148923470493173,0.2244080430828035
2025-12-12 17:58:22.762197,Left,-40.28906700528751,-47.60062035273586,-49.61151667186641,-37.371754073596094,107.89897391817067,-40.85510790727858,-48.09053696045885,-37.302068301520194
2025-12-12 17:58:22.765178,Left,37.59745245646627,43.00702885979263,42.62030510457407,50.379477275462705,-60.50207794115704,47.12097835393797,38.99980581449927,48.678597607504344
2025-12-12 17:58:22.769214,Left,80.56976749045134,79.78004096387303,78.56509932290646,89.20890435426554,-74.56391158713086,82.56048688825103,76.5943348876026,84.92048868187703
2025-12-12 17:58:22.773161,Left,5.700359984097304,-7.005905305733904,-9.01256925065536,5.419421796352253,81.79722854439751,-3.913198592563276,-6.544170661407406,1.7811086389992852
2025-12-12 17:58:22.776230,Left,-40.61941259422747,-47.588678732689004,-48.80634857773839,-36.558148003474344,109.17343112784147,-44.44278020305501,-47.87770875931892,-40.497273973567644
2025-12-12 17:58:22.780174,Left,36.82745522134064,42.626685241091764,41.669278231682256,50.77569501873222,-47.73576591387973,45.64760228715022,38.118907437921735,42.22171179241559
2025-12-12 17:58:22.784260,Left,99.007503902787,99.88612697877397,97.14178481300769,108.91252034614445,-96.75726417492842,104.3906210418354,95.06039888379746,96.55508575610293
2025-12-12 17:58:22.788267,Left,32.79394064380904,18.856446706180577,14.456408741985797,30.184116333111888,55.82113887980813,26.093476452238974,17.484922153613297,19.562428336925223
2025-12-12 17:58:22.793297,Left,-34.23233730743232,-46.77439312430215,-50.749063142196974,-36.90292735233379,129.92969896293653,-37.56759675921057,-48.2193563341425,-44.940592553975875
2025-12-12 17:58:22.797291,Left,29.74738992100174,30.63259497343097,27.288122626312543,37.498122756762314,-5.963094304490369,41.6143936427834,25.168889879147173,26.867088934974163
2025-12-12 17:58:22.801300,Left,112.53251938120229,112.2217545228632,107.59044598792389,120.35954499844229,-91.22424381673045,127.5652444162115,106.57523280639725,105.45859141986875
2025-12-12 17:58:22.804249,Left,62.487470269421465,46.81464130735549,40.790187909209635,59.13000816137355,37.641615092914435,68.89867467388103,46.51236285631603,44.88841956859687
2025-12-12 17:58:22.808331,Left,-33.47762332254206,-52.24969803397835,-57.163257714084466,-39.03943256421189,140.3966590139171,-25.28380410304817,-49.75519103682018,-50.13339690657449
2025-12-12 17:58:22.812345,Left,-14.475820941050188,-21.039431193028577,-23.74290603141708,-10.061537327143014,22.040272942962474,6.120905036572367,-22.193862152751535,-22.49983486760175
2025-12-12 17:58:22.816341,Left,58.10775930840464,53.62479700363474,51.23794474924216,64.97583965833473,-102.09312045433035,78.12441897284589,49.04402338687214,48.03230283015
2025-12-12 17:58:22.821287,Left,26.1137891413091,8.078943652872113,4.786331671435619,22.62607952169492,-7.179797852280899,29.726427295187023,5.013480432302458,5.010933127443423
2025-12-12 17:58:22.825379,Left,-59.11192316847155,-81.05766822841542,-83.70092450270022,-66.32774699456058,123.2188592658058,-62.619627816660795,-83.09957199216296,-81.20196382288123
2025-12-12 17:58:22.829366,Left,-29.277253743290203,-36.804250928384135,-37.70850983845594,-25.52601568902901,42.213357609733066,-22.146308817827958,-42.715780896207434,-41.00959376859828
2025-12-12 17:58:22.832399,Left,80.60067383814021,80.82795180274115,79.87738054117654,91.5348533867218,-98.27071384917508,93.6728334279178,72.04522103226918,71.97992398188217
2025-12-12 17:58:22.836405,Left,85.8083422841446,73.95938637717336,71.20846879351302,89.02488293718488,-32.325622797470714,88.59155815505073,68.88175776069693,68.70072509588499
2025-12-12 17:58:22.840417,Left,-13.41604205458134,-34.684484534023795,-38.26803840017237,-16.623275153309805,121.13607268475607,-17.39075048820814,-34.90250514523359,-33.60513551530312
2025-12-12 17:58:22.844415,Left,-34.527168816290214,-46.41215646431374,-49.67176963286329,-30.302720979583682,79.05950042161567,-28.99770216579782,-47.54100802302128,-46.54875647489098
2025-12-12 17:58:22.848430,Left,51.95341184230347,48.487951926654205,43.98759563069325,62.40499936725246,-77.52104866240552,63.91193212788494,44.16544705838169,42.592547197287786
2025-12-12 17:58:22.853435,Left,75.48154190361674,61.33442021036171,53.677110744327365,76.24071982034366,-54.93849535987829,74.73699659069825,57.87540354932571,54.949729335072334
2025-12-12 17:58:22.857462,Left,-10.963324918280705,-37.316986272489885,-46.8475074565431,-22.253888374747476,104.98537026169652,-26.32933643796423,-38.825750186646474,-40.621952994624735
2025-12-12 17:58:22.860466,Left,-43.84109190090385,-63.370199717377545,-72.11292718745244,-51.871516131213866,103.93308126682678,-56.27934616392304,-67.96336764177249,-69.39113957280642
2025-12-12 17:58:22.864472,Left,42.089212350707385,34.12533316749614,26.1867803783025,43.10004719426797,-55.11222718065983,37.76978139631683,24.764548885956174,20.960245912712708
2025-12-12 17:58:22.868487,Left,90.36229727130558,77.10828449230758,68.36549924700375,88.68138177724904,-73.56798048916244,80.56607583517325,68.99411438879906,63.04930302310095
2025-12-12 17:58:22.872442,Left,14.965490772643534,-8.60352260201762,-17.46066689032159,6.276516764701228,84.53719305074628,-3.091023450571811,-11.326204400931601,-16.20175656134961
2025-12-12 17:58:22.876504,Left,-39.53961292933673,-55.73783010237821,-62.3072610758536,-42.08814903283201,125.05497259731783,-49.282796351886645,-57.13615566289809,-59.584625212715764
2025-12-12 17:58:22.881532,Left,30.650924378729542,29.55866671169497,25.458187157826615,40.671205215898226,-27.10632091123989,35.509493391895376,25.54032072958944,23.991327939867915
2025-12-12 17:58:22.885534,Left,92.77270514787233,89.41190656627441,85.76909225596319,102.07212129999243,-88.6029354599159,95.87624202751613,86.30324038332765,85.21645601943601
2025-12-12 17:58:22.888548,Left,25.754480729032366,9.14431216270168,5.501481278130086,24.809028198258602,52.30906759930804,17.37952012331516,10.832505793972814,11.755719976194086
2025-12-12 17:58:22.892557,Left,-50.53530627105647,-64.88979383859987,-67.04060283463332,-50.390893930365564,128.0392916713099,-56.0873625233653,-61.91993486667343,-59.31796800918528
2025-12-12 17:58:22.896497,Left,1.1141371752528357,2.2006663574138656,1.5171069541320321,13.474377361999359,-6.546038330474403,9.808742876295582,1.944192942661175,3.3431213079893496
2025-12-12 17:58:22.900585,Left,74.77973426588142,77.91017436645052,76.6863669990853,89.90749831822177,-102.64659462182317,84.7323772735399,77.41104868604452,76.70424383549835
2025-12-12 17:58:22.904583,Left,15.937751420337008,6.345415409312409,4.196314448512567,21.564854073883907,16.09924831729586,13.226628009368142,10.452101308052079,10.139365107665071
2025-12-12 17:58:22.908662,Left,-88.10513477928907,-99.2054480331135,-100.26612133708113,-84.86511723832518,122.58930907001195,-93.97955492120673,-93.35752811675775,-92.04812871649483
2025-12-12 17:58:22.912606,Left,-64.09817683769506,-61.012017288958305,-60.403377880124026,-51.59654585333192,10.882463657420885,-60.20167876656342,-59.73519809028949,-59.22120066983916
2025-12-12 17:58:22.915648,Left,32.66637198258104,40.31869132457359,40.29557647682668,47.1501451414224,-116.83008744067047,36.575522638442635,37.78484956345346,35.71264488302404
2025-12-12 17:58:22.919642,Left,26.445517877877137,21.528009083915094,19.48618156487646,29.279633342775924,-25.606547040162695,15.381490860883787,20.807575936858484,18.067768548811728
2025-12-12 17:58:22.924592,Left,-54.653517177874164,-64.83725946708,-67.1261221341847,-58.196091171841545,113.97348087370119,-72.29761489039447,-63.729579486272996,-65.16775793705892
2025-12-12 17:58:22.928655,Left,-41.789345866993244,-39.35110100233942,-40.28621216712418,-37.24401651469816,42.80435636229231,-48.57617437673616,-41.44823395399362,-43.12223930002074
2025-12-12 17:58:22.932679,Left,49.43583594440861,59.11703743419275,58.212971026925516,58.700447298069776,-105.77781220012548,48.755598383526376,53.829406140142964,49.87413133542577
2025-12-12 17:58:22.936693,Left,44.963215189709445,42.78347863436284,40.350289035708556,43.699612706896005,-57.617935415852116,33.203859274824936,39.8232233837407,34.85227616633347
2025-12-12 17:58:22.939677,Left,-58.58154729017042,-69.94300919839588,-72.70457550086576,-69.29158421694228,89.9725338544522,-78.56971417208115,-69.61459078442567,-73.43555446881146
2025-12-12 17:58:22.943712,Left,-80.13726978647901,-80.78570718126139,-81.94391736131001,-84.34039833017596,52.62978973999998,-90.43703310110686,-82.18792703900908,-85.70524116379238
2025-12-12 17:58:22.947653,Left,12.641441600726466,23.43579789794603,23.49812408827711,17.536323582611658,-106.47780250824144,12.262211033064887,19.47811090077812,14.373209151828632
2025-12-12 17:58:22.952728,Left,42.574533240091114,45.633548838988645,45.7399844084066,42.83549928004504,-93.35051134733658,35.16696783414591,45.06993287321893,39.33447073616844
2025-12-12 17:58:22.956739,Left,-49.43777272484476,-57.23265574564721,-56.12991339298242,-56.93316756597051,66.3343552629176,-65.42171705920009,-51.951940449811445,-56.26989142575985
2025-12-12 17:58:22.960746,Left,-96.60455158851983,-96.9299429508319,-93.23823229716072,-98.42959544602854,73.14494508743974,-103.85759460321424,-91.0927910454975,-94.90076209965991
2025-12-12 17:58:22.964765,Left,-18.05997788763125,-6.094359315860856,-0.8543832878567628,-10.17275796760623,-87.98293580910286,-12.859771161241042,-3.0414709950855467,-8.726046124744244
2025-12-12 17:58:22.968707,Left,32.28628273745835,38.56158332097402,42.904779157768644,36.13627844075563,-119.72214885822268,32.472197845626624,43.11831036516196,36.078376829822446
2025-12-12 17:58:22.971781,Left,-43.87440507416841,-50.03429188575501,-46.67522792574164,-49.99827712883052,33.1347320033733,-55.67470979663483,-40.822811511314285,-46.63012224136219
2025-12-12 17:58:22.975773,Left,-104.78104850361319,-105.50100994308013,-101.33798125470639,-107.34572491209929,81.99241308089631,-113.15767909898887,-96.43058597365052,-100.97720034460872
2025-12-12 17:58:22.980791,Left,-34.90841460809452,-20.608365705847973,-15.633719532983378,-25.680862163287202,-65.5490207250852,-31.975748197210123,-16.6382552519035,-22.341489662708227
2025-12-12 17:58:22.984817,Left,36.77498888336095,49.2648124598436,53.43362875492676,45.267817301447394,-133.63945553468466,35.848415001119065,51.00303319316481,44.16935402099443
2025-12-12 17:58:22.988833,Left,-24.51197793379015,-26.47588423572506,-22.6505113298972,-27.30735018209316,4.807799000364412,-39.43878453520301,-22.50098818919514,-27.16639042445513
2025-12-12 17:58:22.992838,Left,-107.78294916392042,-109.9631953993644,-103.83275767236773,-111.50765405218476,89.34530371221808,-122.50346389895458,-106.10568906333106,-106.87127128280417
2025-12-12 17:58:22.995847,Left,-61.1010043503029,-49.41391374046907,-40.198510878382876,-54.14744605331498,-41.31136380652515,-62.76328406414723,-49.680492764045795,-48.26819985642169
2025-12-12 17:58:22.999797,Left,27.444516236335403,40.723176742421174,50.92539643402779,36.51938262880503,-146.83127611300006,27.15664930109051,39.464677090981695,41.85728103613741
2025-12-12 17:58:23.003866,Left,-5.115419214351277,-5.798309204393945,4.119183828119276,-6.433943212464328,-33.19532000110121,-18.21514963444497,-2.5188316324733933,2.068462191056369
2025-12-12 17:58:23.008934,Left,-94.28643314738474,-99.01209438342585,-88.18158408897852,-99.67634334728427,85.49084103865061,-111.00621342529485,-93.23436868886893,-86.69834549214647
2025-12-12 17:58:23.012888,Left,-71.87099090805896,-64.46413396566913,-52.188441503498325,-69.23723532855547,-12.703261570579343,-77.63858917131802,-62.203259685377816,-57.37511251550677
2025-12-12 17:58:23.016955,Left,18.240070671268768,29.587159276965394,41.36240240583993,23.231620587604993,-143.15383033379476,16.037801502996444,29.21770383068815,29.87740005231899
2025-12-12 17:58:23.020937,Left,4.32358400789235,2.905170633362104,12.683696038907328,-0.904726971504715,-60.237312548268164,-8.948301453099702,5.76937141063172,4.5073562684037825
2025-12-12 17:58:23.023929,Left,-88.38291536459656,-95.11123356546886,-86.23664013059147,-98.32488318779724,83.41960413822744,-105.79063183066319,-89.17531063995557,-89.29520915882767
2025-12-12 17:58:23.027930,Left,-83.7942818525189,-76.5847181890731,-67.50151564474663,-83.30555734897644,21.999482876224647,-88.51595711490518,-73.25818982917372,-72.8942242839803
2025-12-12 17:58:23.031887,Left,13.327725126415316,30.3446007797138,38.501812291136275,21.74987439711549,-127.49579235133206,17.095026089937164,30.759087652357266,29.65782136947928
2025-12-12 17:58:23.035942,Left,22.700553895818302,29.40486733796388,35.68776174868481,23.21834693782148,-85.06394634769822,17.323595705558546,32.73114099754639,31.1606701725741
2025-12-12 17:58:23.040984,Left,-76.62621928179942,-79.89543449445227,-73.74581105278321,-84.88076078119411,68.36788677204822,-89.89142859331332,-72.52144437666357,-72.52006799704577
2025-12-12 17:58:23.044966,Left,-106.41023297416905,-100.66693471029248,-92.73190268629969,-108.92814610136338,42.5118238020259,-110.42814516046201,-94.99835291877025,-94.46773596714229
2025-12-12 17:58:23.049003,Left,-19.318351102698216,-2.8585059886736417,5.736295883539697,-13.695868420734769,-118.94332120222316,-13.714958363620099,-1.0849816484096664,-2.4376934365627676
2025-12-12 17:58:23.051997,Left,15.942832953198376,24.864301191413688,32.06925443446926,16.123228749100235,-119.18573697683314,13.663438780567958,27.78355684068447,25.34132495421545
2025-12-12 17:58:23.055996,Left,-68.70571468267008,-70.38223929128071,-63.75098131465984,-77.10272143214388,37.73132667518439,-81.62391896053305,-63.788896503196156,-64.39968504275384
2025-12-12 17:58:23.059970,Left,-114.80104635342286,-108.32358498393296,-100.04771225290278,-117.86443294995843,55.095345269572135,-121.01360593883874,-102.83947414815702,-101.44790774240391
2025-12-12 17:58:23.064031,Left,-36.04449606509297,-15.633141435919242,-6.06357884251247,-28.81462794183608,-101.65780624475883,-30.15867388399056,-14.226390716718015,-13.091293381858122
2025-12-12 17:58:23.069036,Left,18.47054441022192,34.28721010695517,43.0932647557911,22.07560144794843,-140.6535085057949,20.073941091141023,36.368843871256104,37.40896498863731
2025-12-12 17:58:23.073052,Left,-57.008043416324654,-55.065274455242616,-46.88106709211934,-64.74034503881558,10.244963089877274,-67.47767546991236,-48.50426284061905,-44.96284342061335
2025-12-12 17:58:23.077132,Left,-124.64374829804729,-120.31134710391052,-110.81914290696113,-131.6415845875672,68.14759151576436,-132.81549117792747,-113.95359018995077,-107.96863787425173
2025-12-12 17:58:23.080127,Left,-56.845385606175114,-39.233833225633134,-28.584280076520372,-54.32702313072514,-76.00352046997432,-54.46089256326377,-38.71628265197069,-33.55289209385592
2025-12-12 17:58:23.084075,Left,27.45125532468228,43.56298019520909,53.02261994226683,28.39383620071021,-153.05078655303078,26.034570121846627,40.802697305869515,43.842265036608296
2025-12-12 17:58:23.088128,Left,-16.77090635131026,-14.712921118152735,-7.175334764115178,-27.621312804636545,-18.432174827212293,-32.21355393650447,-15.432758171671594,-12.461606952540023
2025-12-12 17:58:23.092154,Left,-94.66851554503228,-93.40025215268543,-86.14568605341083,-107.47091241554153,77.19211865578836,-110.19149043766811,-93.48488129689576,-89.8486363057491
2025-12-12 17:58:23.097126,Left,-53.37824363698746,-38.82975727459052,-31.379965765339875,-56.51776671388507,-44.19216545260133,-55.546536820431356,-42.467336712623364,-40.62772988895449
2025-12-12 17:58:23.101133,Left,30.32414292229805,46.14473517369697,51.97752053702243,28.581359570227505,-155.47576410879992,30.372252008855867,41.2342807041714,39.950854201360926
2025-12-12 17:58:23.104160,Left,-5.65557355438068,-4.7907988180886605,-1.3218113897801231,-18.68199182234821,-48.57286185990233,-18.03609589728876,-5.742856154378387,-7.975762618709268
2025-12-12 17:58:23.108199,Left,-101.85355844286823,-106.08398399865109,-103.23969816170757,-119.27482623168908,77.54551129575702,-117.7180185673351,-104.77334109230287,-106.20590119055123
2025-12-12 17:58:23.112112,Left,-83.78055345920438,-74.87099954133737,-71.69051273927835,-91.2006507624319,-10.373397386581928,-87.42156809420703,-77.10468027059687,-79.16729394185677
2025-12-12 17:58:23.116190,Left,14.259389485698193,29.939346477320214,31.87714834462895,12.987245623931813,-143.8235739512602,16.30736688957404,25.154968851114972,21.298982106265612
2025-12-12 17:58:23.120191,Left,14.118413595642778,18.422317177763034,18.195031257990195,5.053459421869775,-68.11245727600908,5.787648853074643,17.608237372744043,13.99427686990748
2025-12-12 17:58:23.124237,Left,-73.71178562353452,-76.59307530253136,-77.02463483335123,-88.25044709392387,80.93149150927638,-87.80132253014017,-72.79609944116964,-74.24685796810081
2025-12-12 17:58:23.129219,Left,-72.91051651398448,-64.88682715774485,-63.72581830326999,-79.01202266270411,30.273678372061113,-76.36758474927774,-62.371007943300356,-63.33601023443771
2025-12-12 17:58:23.132235,Left,24.87284749779792,41.170353343524766,42.655356465254954,26.317041892565612,-120.58900264066324,29.114105980464956,40.98296955542173,38.189868019399
2025-12-12 17:58:23.136185,Left,41.2719534407297,47.01064903501174,46.89300938624183,36.155952396817156,-86.32722198694682,36.26752774538181,49.214139252635505,45.730187023578765
2025-12-12 17:58:23.140254,Left,-57.475775908293144,-62.04722806225618,-63.01087814985658,-69.93962374105467,70.09223305269552,-70.78605505955056,-56.22835371144902,-58.036486652115855
2025-12-12 17:58:23.144251,Left,-97.070898334714,-92.79281026912213,-92.65388548461124,-102.70568213696242,54.79449970011774,-101.2645728005009,-88.86525468673426,-89.68032362663871
2025-12-12 17:58:23.148277,Left,-16.251057858193235,-0.6304802852828288,0.47598409929923946,-12.513092727844196,-106.88366365421098,-9.783420612686314,-0.6495950450880628,-2.665118900938978
2025-12-12 17:58:23.152273,Left,25.23320730948035,33.39647400604008,34.20225236684928,24.05325841080048,-116.05707371919561,25.136995095315797,34.81629716034877,32.18818960854696
2025-12-12 17:58:23.156312,Left,-50.767229633602255,-55.087054731862736,-53.887299561698455,-61.79727889719652,42.6170086505299,-61.14787390670244,-49.202773201435775,-50.19112673794007
2025-12-12 17:58:23.160302,Left,-95.37288471013744,-94.03570510698773,-90.66695663625796,-102.89670996212953,72.687298063247,-98.79445942399616,-88.34253234373318,-88.29154822869168
2025-12-12 17:58:23.163321,Left,-16.51741650760232,-1.9875541141882422,3.1211544122379564,-13.797467068165133,-81.02827164593327,-6.199805457596085,0.14538625701607089,-1.5506210377207026
2025-12-12 17:58:23.168273,Left,42.228010073253245,53.046852173843945,57.94456363633799,43.07740957288479,-130.83537438524218,50.37770595035545,55.82625511178776,52.281778399221366
2025-12-12 17:58:23.172330,Left,-32.65634379217954,-35.132433422404574,-30.38863427277829,-41.65824695570336,15.337449726204795,-36.05312655346643,-28.14737742849684,-30.854149489670817
2025-12-12 17:58:23.176337,Left,-109.64055578566331,-109.85665021500608,-103.54206055198301,-117.53664747977018,82.15239674637269,-111.39856658784265,-103.0754150543944,-104.3632341913326
2025-12-12 17:58:23.180343,Left,-51.55135149863054,-38.12175121860491,-30.593122001238953,-49.595882245354005,-57.37067282736098,-42.44519503894844,-36.53444488441164,-38.84009471360332
2025-12-12 17:58:23.184383,Left,33.476266029632825,46.24265687101433,52.43998690797889,34.58414930141589,-143.29056877232506,40.04699710532441,45.75808601559402,41.58818596511992
2025-12-12 17:58:23.188367,Left,-6.127246864474728,-7.475509516050806,-3.3924300703547488,-16.558362772571854,-14.364832268402097,-13.458869582100306,-4.627267252712045,-8.33984107204742
2025-12-12 17:58:23.191384,Left,-87.81309620037064,-90.8001850823639,-87.04700361796858,-100.35722439305391,89.60752174688969,-96.63655505361385,-86.47634904587176,-88.51774755574297
2025-12-12 17:58:23.196345,Left,-56.15690379607986,-45.735695910851064,-41.71605901824296,-58.23483796470828,-25.289033378889144,-52.570043441104644,-44.75977491467347,-47.24956313039729
2025-12-12 17:58:23.200413,Left,23.559000287954404,36.81193897625781,39.23112240738192,25.029309901598026,-145.3957282552583,30.15107464454195,36.62337020251289,32.07383804166602
2025-12-12 17:58:23.204415,Left,-9.368485263621551,-9.725104100471071,-9.677061768157728,-17.095415686395427,-48.93286452948814,-13.477591718583426,-5.137183942715637,-10.055525461713842
2025-12-12 17:58:23.208457,Left,-103.61642557963205,-109.06240126113698,-109.34541963729134,-114.91897175703343,79.83870817041316,-109.41017854506208,-100.68727952326299,-104.2169009920326
2025-12-12 17:58:23.212449,Left,-85.74290450341505,-78.50093196314992,-77.65204451708269,-87.05588451253425,-4.150331426506455,-77.44985404296312,-72.49361006123218,-75.76415155100403
2025-12-12 17:58:23.216503,Left,16.67288845127041,30.78322688737535,31.357631016740925,21.499760508857435,-147.71895256279822,31.815036937841796,34.0717422634043,29.993764755374286
2025-12-12 17:58:23.219480,Left,22.429004370889743,25.325799096841365,24.272691652146023,19.335040131823916,-85.29055791932478,26.077223718100868,31.31407726812904,28.45446907659789
2025-12-12 17:58:23.223485,Left,-69.23730555507791,-73.75286694999522,-75.13554656487759,-78.1887584971264,64.56522885598679,-74.44541475713777,-64.39233004201378,-64.09177809504035
2025-12-12 17:58:23.228483,Left,-79.59653206611256,-73.04259577007906,-73.30272871047055,-80.22421760177531,20.5474745217507,-76.69784337292367,-65.59428799489251,-64.1056521538776
2025-12-12 17:58:23.232451,Left,14.044757326359104,29.635040579167253,29.334432325926173,20.925357849111606,-135.71516629851976,23.94377085835731,33.93881142432656,33.5746430182262
2025-12-12 17:58:23.236512,Left,35.71312189092714,40.883218916962505,38.99642706988925,35.14914166544622,-112.26446430794749,35.8847691559713,47.024646528370795,45.425065907489625
2025-12-12 17:58:23.240559,Left,-59.28966847671836,-65.16452180799388,-67.50312321960882,-68.48233563967369,47.675998797996726,-68.80253116018866,-55.71535409889111,-56.03695896451973
2025-12-12 17:58:23.243537,Left,-99.97092070212238,-96.8229052799652,-97.77867311669434,-102.24875526042888,46.688120777318545,-101.05012689215073,-89.24958434159998,-88.77501463711087
2025-12-12 17:58:23.247542,Left,-17.46113686280296,-0.9262247435763129,-1.409024622882498,-8.459740498503379,-110.90856708597858,-6.408651864519925,2.6460399555908225,1.335306330685853
2025-12-12 17:58:23.251588,Left,28.893557779985713,40.066860764585726,38.06187500795204,35.075497252451896,-127.1723532656033,35.70507271444512,45.14849809467705,42.22249848969659
2025-12-12 17:58:23.256568,Left,-49.28425392407371,-50.46372075527324,-53.26945630692717,-52.05723913888505,32.35329369475221,-51.730992690179846,-40.20624087610122,-42.047383400244144
2025-12-12 17:58:23.260590,Left,-103.7378071772182,-100.3454531189127,-101.73739614348415,-102.85652352649049,73.76787396638247,-99.85980925284821,-89.59984166388313,-89.82733673958137
2025-12-12 17:58:23.264619,Left,-26.897473132543382,-10.794070950811147,-11.142674343049293,-15.69174647719774,-76.2919771539091,-11.023184913341538,-4.4343521614864585,-5.04381236230256
2025-12-12 17:58:23.268609,Left,45.42079038659722,57.54177440200874,55.86625042498417,53.86636308015295,-133.85504376960307,55.99809125064348,62.187734450821154,60.96163657907891
2025-12-12 17:58:23.271628,Left,-13.960957807081286,-16.71996332049457,-19.891379780594434,-18.168111342740303,11.295360481308307,-19.484617543130298,-10.054528185100935,-9.929200150596444
2025-12-12 17:58:23.275638,Left,-87.62962208313547,-90.46695544504837,-92.80924463572592,-94.14642576994811,89.30803126978572,-95.68898643095599,-84.84157424257137,-83.52123426446269
2025-12-12 17:58:23.279648,Left,-34.84632637086179,-25.176506570973288,-25.815903688058825,-33.16095402242354,-45.53274639402662,-33.555613975491724,-24.61443420814976,-25.050734602882585
2025-12-12 17:58:23.283658,Left,45.64201153949398,54.97919572092724,54.387551692911074,47.13479018124781,-142.1394268218428,45.690035627754696,53.9573762271466,50.81349491936999
2025-12-12 17:58:23.288659,Left,3.3710878286510706,-0.9404395102865237,-2.3038187908114196,-5.2857607473561075,-20.86637722433079,-8.136626020437689,2.1435181315137015,-0.9846074923661945
2025-12-12 17:58:23.292689,Left,-78.70481128348183,-84.35070384254868,-85.0405857110909,-88.53675920073147,92.2566521845074,-89.21198919293965,-78.93599255734807,-80.31106037178324
2025-12-12 17:58:23.295643,Left,-38.033604505922995,-29.189908560518234,-28.363690818739997,-36.67173072986043,-10.882796207733918,-33.150008281416376,-26.83649356577007,-28.34856698538715
2025-12-12 17:58:23.299702,Left,60.8595148029417,74.09735898671352,75.26889298923379,66.1290286304793,-131.81736711495614,71.16158586621896,74.4330811392756,71.29582234688132
2025-12-12 17:58:23.303709,Left,41.65648412577866,41.63346677143636,42.78425193617204,36.6417780278789,-38.192072805948555,40.633495951246005,44.81583414227134,42.09700793247248
2025-12-12 17:58:23.307758,Left,-59.31097400008002,-65.45801367158856,-62.40797772256428,-70.14468929882423,99.82860846591211,-65.96147220271087,-60.94936050331671,-61.16753082060677
2025-12-12 17:58:23.311685,Left,-62.426878435362596,-56.36665158624237,-50.33533501483362,-64.66426620222774,26.217727488052333,-59.418665845529176,-56.80883495273156,-56.04239623735339
2025-12-12 17:58:23.316785,Left,23.4037936197783,37.15707856953304,44.261996032933894,27.472523032745812,-122.35400016475614,30.748458020287217,31.51870979364685,30.830449617329577
2025-12-12 17:58:23.320770,Left,23.29735273384722,26.097639209659974,32.41134117153888,19.382362712618487,-70.71161871974618,18.203970217778988,21.115249026905076,19.366553615505836
2025-12-12 17:58:23.323791,Left,-72.84245119697152,-79.00107154800935,-72.26010524419326,-84.27559138640936,82.10198592974848,-87.18611877047806,-82.0026385085257,-83.54459794894501
2025-12-12 17:58:23.327783,Left,-90.16448672371916,-86.72418643223864,-77.49565718039412,-95.03560904729966,49.231717775397556,-95.56110719305434,-92.34949900316133,-94.89804676513086
2025-12-12 17:58:23.331793,Left,3.6503568023763364,16.931518495191995,28.226877648799473,6.750261673281784,-107.28249118872918,8.403918284850079,8.443985568279459,3.4312425855605397
2025-12-12 17:58:23.335750,Left,36.173580701281026,40.9564486649615,52.85471454803803,34.07665009981429,-92.79845734335686,35.62239695421158,36.138547002406995,30.682110608500807
2025-12-12 17:58:23.339816,Left,-49.49402085028123,-55.48720491093991,-42.48253377576595,-58.835057765216334,68.32098554117692,-56.43203400365019,-53.943533467645466,-56.75433463929221
2025-12-12 17:58:23.343832,Left,-89.94724814890651,-88.38333206723837,-73.10869518520371,-92.83546250966901,77.24860170271859,-87.27775747837586,-86.28302348702346,-87.07283965087481
2025-12-12 17:58:23.348864,Left,-7.392029165079293,6.568046249263716,22.91795480223368,0.0626320130249951,-81.37797609633708,6.920375373989373,4.585426198424102,2.8758457908115815
2025-12-12 17:58:23.351839,Left,46.067640285837115,54.8052177567115,70.03643218746174,49.973159727451275,-110.51446946091164,53.95564527270835,51.8439811099779,49.04048613904888
2025-12-12 17:58:23.355884,Left,-25.025875725696096,-28.570373488582845,-14.129140160304814,-31.38999600870011,45.07069271567889,-30.296817391063087,-29.452971542788873,-30.910955641815235
2025-12-12 17:58:23.359871,Left,-79.41692696219252,-78.48290284658651,-62.86201824738464,-83.885797242845,96.74902165159438,-82.0715220113998,-81.162299168358,-80.73972178023541
2025-12-12 17:58:23.363823,Left,-3.277891234436538,11.300508956210251,27.978958062234597,2.046556950717786,-47.59096278276411,5.179570876316575,3.1526610639411956,3.695839238280314
2025-12-12 17:58:23.367900,Left,75.09646842976508,87.43078817492642,103.19792281403716,79.15203404835484,-111.19628145403476,80.45162048052953,77.87918505804919,78.37546323902279
2025-12-12 17:58:23.371917,Left,21.591091139180207,19.89470889235963,34.46733306380247,15.40894895634483,33.296017850603675,14.274038726933213,14.165320352101844,16.280292089053546
2025-12-12 17:58:23.376862,Left,-56.69374686939045,-58.632845138941775,-43.72502504083059,-62.75537264218292,123.99796507786232,-62.84545546107256,-62.67176495591593,-59.39948736461338
2025-12-12 17:58:23.379923,Left,-13.649667070905707,-2.530062685780649,12.76921550768202,-8.841337069858128,-2.3233068505760457,-6.42175521660829,-8.99681635156594,-7.438673556525828
2025-12-12 17:58:23.383877,Left,63.41204908808504,75.70974471163936,89.77812790870848,70.4952116681452,-105.8079172570724,72.56680353722913,69.60730285723002,68.71853485011161
2025-12-12 17:58:23.387945,Left,20.869174808129173,20.234086388756623,33.185526297227625,18.884285084728617,8.613886280183578,19.208128486065107,19.646309853744242,18.909981711374712
2025-12-12 17:58:23.391958,Left,-68.97189687006176,-71.2824646340323,-57.11856843723035,-72.01201261521055,127.79936592956619,-70.31185158225708,-68.46954172164442,-67.64173306237171
2025-12-12 17:58:23.395992,Left,-40.409800899229595,-27.694263201108697,-11.545676830870434,-31.24184052003693,29.74486451265693,-25.8483426211169,-27.412202648503808,-26.883632122127892
2025-12-12 17:58:23.399986,Left,55.28076853495804,74.36691662290832,90.36408170346658,70.59654423375105,-101.3554709217442,77.24294391247895,72.79713010251908,71.89051301190193
2025-12-12 17:58:23.405006,Left,42.95055651281291,50.17987178723706,64.54551292413271,49.69199154090893,-19.957561953993718,54.69603400004053,52.186958087651874,51.95816325898704
2025-12-12 17:58:23.408028,Left,-52.39434594479826,-51.73860087606954,-37.66645559002427,-51.479197569100506,121.09806564586142,-47.16553929855945,-46.73194555088594,-44.58207168021181
2025-12-12 17:58:23.411033,Left,-53.46434028325166,-41.60196845658538,-26.5246759380625,-44.85387989986339,55.87938806050988,-39.64608075417891,-39.81667333743644,-37.1098046461193
2025-12-12 17:58:23.416147,Left,39.56677088794822,58.88423155987948,73.8626378606914,53.95708294251017,-97.16815112060249,58.36919758266413,56.59199847597847,57.69317301924275
2025-12-12 17:58:23.420128,Left,50.92444475651064,59.1247660423378,72.88938059797147,57.388812605346175,-55.64253136797561,59.254444777694516,58.65567716567966,59.375433404913565
2025-12-12 17:58:23.425080,Left,-41.21674317623183,-42.77095329486565,-28.996425239560267,-41.87721608388529,100.16289505195346,-40.18191453215513,-39.526836998608815,-37.117912077975234
2025-12-12 17:58:23.429122,Left,-62.90595674685028,-55.36223735091062,-40.3340298299936,-56.346694008525446,78.36099478893084,-51.815458516091894,-53.56679204693137,-50.61234325096939
2025-12-12 17:58:23.432125,Left,29.535216281834437,47.1186476289522,61.96520887688348,44.1460125791491,-78.88946876015416,49.715702814126416,45.12495435443543,46.36447903268163
2025-12-12 17:58:23.436119,Left,65.42380917795526,73.87879699661607,86.56245825732913,72.80072246475174,-75.27322598366209,75.55231502996139,72.43395508323556,73.02675940721201
2025-12-12 17:58:23.439122,Left,-22.286351110202304,-26.789193641433485,-15.426549478352172,-26.10734126369789,84.56306765464433,-25.824564969092535,-25.884299528053816,-23.05361157745847
2025-12-12 17:58:23.444150,Left,-70.90821796280761,-69.83925735000412,-57.60515746626152,-71.65601670777687,103.19192322102253,-70.62561644773632,-71.59478312147985,-66.7035610048315
2025-12-12 17:58:23.448152,Left,9.031425464059794,21.950636522105015,34.83283972944264,17.429165464744074,-53.45134967039121,19.16029351938505,15.053193418665614,19.245549615365235
2025-12-12 17:58:23.452154,Left,67.63595452886875,74.82063816887285,86.36408143766312,72.29005506758403,-92.00098890111849,71.71670640256161,68.3105517351978,71.31276024598037
2025-12-12 17:58:23.456173,Left,-2.652700473303412,-9.574015119079377,0.5031764568520884,-9.11439674783287,60.38706702124375,-12.086614748431657,-11.446153951138967,-7.486504145093022
2025-12-12 17:58:23.460194,Left,-64.36287227912362,-68.63598462985465,-58.51055775201894,-70.0531905163316,120.35963421794145,-72.04538480343581,-70.27327838186193,-65.24487591237767
2025-12-12 17:58:23.463202,Left,8.603151485995113,17.841713893750125,27.769064047603024,12.511278288170615,-21.638288627605334,12.71923176751443,11.613472777533161,14.897955709644577
2025-12-12 17:58:23.467202,Left,93.90366431736857,101.68437334085885,109.53261703613316,97.15412398976241,-96.60218482695154,97.0189011386974,94.50140342633742,95.12626383212557
2025-12-12 17:58:23.471215,Left,46.27722185917173,40.243777574391345,46.060610209668084,40.09421741726328,40.01543811467354,38.13054823936733,37.67186436265388,38.313430410830165
2025-12-12 17:58:23.476176,Left,-35.11877073006417,-41.17967300799546,-35.14281966684939,-39.67068988064966,137.7959885447599,-41.87753029887199,-41.19066199280269,-38.913869582809184
2025-12-12 17:58:23.480235,Left,4.2326319885341945,12.513424766617163,19.635742869697424,13.21504502196376,18.635367388989835,11.452201791920743,10.332159525431962,12.40438913230355
2025-12-12 17:58:23.484263,Left,84.15047587106892,94.86081922604762,101.65492751881538,97.76784618339161,-91.49857597274513,94.79461501698142,92.65771542470429,93.31588338007123
2025-12-12 17:58:23.487266,Left,41.09092711030735,38.15731265095383,44.14575503398373,45.50429386091423,14.204603852366745,41.69530352937818,40.87839210234415,42.094830769070995
2025-12-12 17:58:23.491262,Left,-62.49369371921239,-69.45692421983722,-62.56577688042307,-61.93233558655254,136.7038549213139,-62.71487242706644,-64.03008542278303,-61.00025203854693
2025-12-12 17:58:23.495272,Left,-48.039121667974996,-41.746641337964775,-33.13230742108499,-38.68908836384654,44.06628627253576,-34.59424537550785,-39.89935371902493,-37.38587679034299
2025-12-12 17:58:23.499240,Left,53.20890033606804,65.4893024756766,73.89973221066612,66.18592262465188,-93.1410270687611,71.8942747075298,64.05237734776438,63.96396087257472
2025-12-12 17:58:23.504286,Left,61.26559215314006,61.15447438618503,67.44626647077894,63.710936020407644,-19.134160046991383,67.98733732200526,62.04911838859334,61.12295558699316
2025-12-12 17:58:23.508435,Left,-21.61048005333396,-29.880111827227665,-25.17233960473459,-26.735007059941836,128.896304251517,-22.09791447229327,-26.37202652851738,-25.708522374179665
2025-12-12 17:58:23.512317,Left,-25.265709683145587,-23.676379855985033,-19.64121019952654,-23.392565336639564,75.8914665193006,-15.976398444910956,-23.129731841132525,-21.841453604727576
2025-12-12 17:58:23.515326,Left,62.478665016453306,71.39089621027051,73.79932809145612,70.75554772899932,-78.08571287628365,78.89219352298278,67.94690782354246,67.75951268153676
2025-12-12 17:58:23.519362,Left,72.40773056841408,70.25704406547266,70.3423537410199,73.24978193642437,-45.05156202345279,78.90164353084583,68.41355613359792,67.4559311963003
2025-12-12 17:58:23.523366,Left,-24.265614637134604,-36.79292810023344,-37.019900063482055,-31.295625612165168,113.07890022969332,-27.111654136171637,-34.92887626055199,-34.8320731109543
2025-12-12 17:58:23.527373,Left,-55.22238845107677,-58.751090492444746,-56.83682124853658,-55.9382475473858,100.59092588212116,-50.401222158125165,-58.16455626802599,-57.71959612248611
2025-12-12 17:58:23.532385,Left,34.326328217392074,42.47743172740593,46.13986498493978,41.94350391343687,-59.563549987860824,48.12992396491609,39.022058530912545,38.238023144458566
2025-12-12 17:58:23.536375,Left,78.43715556416191,79.65248319099555,83.32931712839854,79.53008838983715,-69.4146699686844,83.82018376130691,76.17920805897757,75.46973970964791
2025-12-12 17:58:23.540476,Left,-2.1133923050247176,-13.045534632603449,-9.063780394437345,-12.5727206050542,86.82062228769064,-9.431894160641605,-14.275588561777113,-12.435409188832637
2025-12-12 17:58:23.543405,Left,-54.503799412570515,-60.17622974883125,-54.754113671162486,-62.97681467977782,113.93166838733669,-58.28475650580367,-63.75038810163642,-60.12552693604266
2025-12-12 17:58:23.547436,Left,19.914850964505604,26.254034994497488,31.582791122644267,20.213551152593936,-41.4028517220886,25.75512905385949,17.353220177430558,19.87021255790569
2025-12-12 17:58:23.551497,Left,83.7925057980683,85.01624475478457,87.07126583592617,80.76798849461738,-90.0577243471198,83.885007612138,75.6689271083651,76.92027572748157
2025-12-12 17:58:23.555439,Left,22.970103908039164,9.878322610464238,7.9646557837113505,9.021270848830682,59.3379707480799,9.647161530700032,4.773982766424524,7.15572385276937
2025-12-12 17:58:23.559401,Left,-40.566903733873914,-51.79990721752074,-55.75100334085437,-53.62952894555019,128.94187426182725,-52.223197230388905,-55.85274940007184,-52.22830562668969
2025-12-12 17:58:23.564468,Left,20.300657889871218,22.829877253119776,17.878545682571712,17.977770666115248,-10.18080300490692,20.929495842628967,15.725094416773572,17.875379253633582
2025-12-12 17:58:23.568477,Left,95.4948404016177,97.91903805585025,91.60231922734965,94.30721999821799,-98.20322116972602,95.9000750426967,91.28102286923422,91.2111883497837
2025-12-12 17:58:23.571501,Left,39.51423543578312,28.926565201483754,22.38566242871093,29.621083695670677,27.319580385828885,28.81800164327433,27.829297166270408,28.048118273580258
2025-12-12 17:58:23.575501,Left,-56.11324513053114,-66.68527398357219,-70.75737374252276,-64.85599931250727,128.30059415334654,-65.24829335330287,-65.08745496424672,-63.500216073760384
2025-12-12 17:58:23.579515,Left,-29.008174374426744,-24.181231287017,-25.140340550016845,-24.05231695596376,12.3524451751382,-22.53134996369772,-25.71729666151259,-25.12641388908014
2025-12-12 17:58:23.583473,Left,56.19885610134952,65.7853936846277,65.78078439187811,67.35402975881698,-106.44983845810202,68.33632368567123,62.67805624527864,60.90563102862143
2025-12-12 17:58:23.587535,Left,32.62871992284272,29.91064361417557,29.681133915280952,36.07339852947189,-7.247187700846553,34.81193073129907,30.826428313604993,29.009246689898646
2025-12-12 17:58:23.592540,Left,-55.4448257275435,-62.95065273579348,-61.84074310007418,-55.40581398893846,124.73686039398308,-56.77982450208583,-59.1272452801295,-59.049995829693216
2025-12-12 17:58:23.596559,Left,-36.83358568526273,-32.190548527545616,-28.730239314178107,-27.571414809552152,44.218483357057266,-27.45765358083736,-31.52573843189748,-31.246562954929686
2025-12-12 17:58:23.599568,Left,63.282826738693984,73.89035737869199,77.81753146559822,77.44884824844121,-96.14641976528583,76.75040118837569,71.13723531086362,69.84722299551868
2025-12-12 17:58:23.603583,Left,67.5727987918799,65.9364162372658,68.39834346076896,72.39874142152257,-31.70048451502589,69.1619104012243,65.141741778094,64.02410190217051
2025-12-12 17:58:23.607598,Left,-23.572315613790124,-33.84490289615496,-31.992261020666774,-26.003964234256273,119.31561930661701,-28.609933931897103,-31.95573410239558,-30.796315231826156
2025-12-12 17:58:23.611540,Left,-33.7613856002863,-34.301943474398286,-31.605475366573955,-28.882222078667837,76.83568139071212,-26.94215093105231,-34.42712987116829,-32.533179416919666
2025-12-12 17:58:23.615640,Left,58.928761176404805,66.17165891994227,68.82681273796697,71.04513812173172,-77.75328948667811,76.55822931716102,63.986877346702386,63.97290545703254
2025-12-12 17:58:23.621588,Left,80.83474010131249,76.274810748846,77.41517459530041,85.56885507184415,-54.185469934240245,91.43163520100279,78.02879531168401,76.66399488824209
2025-12-12 17:58:23.624594,Left,-11.896049968101579,-29.39501266912339,-28.852429301299708,-16.399252922372398,103.92867870250848,-10.07418483224319,-22.317328881243157,-22.980370134857367
2025-12-12 17:58:23.627646,Left,-49.655260533836554,-60.290844112694685,-58.59029315407315,-48.83618455514079,100.76918186644616,-40.19663961781407,-54.19694210238049,-54.687834365702656
2025-12-12 17:58:23.631677,Left,35.20412213965392,36.15480391284109,38.3373445474208,45.26593901234082,-58.57706739282003,55.01536904244131,37.84913127534128,35.8046419965267
2025-12-12 17:58:23.635662,Left,81.48655126169251,75.69796269370636,76.42235236951274,86.58226448704954,-77.83471352873312,94.98648353129465,77.67643453722485,75.33938273461354
2025-12-12 17:58:23.639674,Left,-1.4799415079396567,-20.976184864804964,-21.465887018011927,-7.592567386593146,76.00378982985785,0.7749051778118883,-15.322671780932069,-14.944246690836735
2025-12-12 17:58:23.643688,Left,-64.83441740005219,-81.14478135833815,-81.11343442858379,-69.28448869178465,110.66502178857627,-57.63662169355666,-76.22725171721504,-73.40250618021128
2025-12-12 17:58:23.647703,Left,3.8559245463293337,-0.7393087077307428,-0.4025156975185382,8.775956675042835,-44.13115389903032,23.18677852255132,-0.48724561382732645,1.2594686876091146
2025-12-12 17:58:23.651726,Left,74.82965668023826,66.06600876927587,64.92296184294537,77.65028980344505,-103.19815982229557,91.21032284961984,65.7392656037573,64.76820644651343
2025-12-12 17:58:23.655732,Left,22.18733023697132,-0.735654139007238,-3.1099423811210727,14.501993299822061,43.18443479641064,26.539573340458446,3.146064276832476,1.2924800094733655
2025-12-12 17:58:23.658747,Left,-42.38805672933813,-63.99097318303939,-65.31584278513947,-49.59209306422417,124.87398874926657,-36.56610680083031,-59.092158805477084,-60.45209936894389
2025-12-12 17:58:23.663692,Left,15.607431161177374,8.089257736945001,8.211400274569314,18.943622817881987,-4.706881572605198,32.75606179947499,8.880104004358145,6.970105482369036
2025-12-12 17:58:23.667760,Left,96.82199561202287,90.00426304989378,89.33439967118466,101.14557655596946,-97.36381289218116,112.0813755061572,89.33264740153209,86.35292684872184
2025-12-12 17:58:23.671777,Left,51.46871624179039,30.864942687107032,28.359027825672456,45.78818176592176,23.616607658288558,53.04341590697368,34.78413339241888,32.24174585007677
2025-12-12 17:58:23.675790,Left,-39.885959556741,-62.98613406966615,-65.72995317267669,-46.905027135380806,132.2709876834415,-39.415145239105186,-55.27190422045351,-56.74830945757458
2025-12-12 17:58:23.678799,Left,-13.018385457504337,-22.679526791247554,-24.824145320810203,-8.678198965306365,23.207231041618797,1.2049070440989453,-16.382278314438736,-18.333758901171677
2025-12-12 17:58:23.682818,Left,77.40842751025048,72.3444163679651,69.12455224451696,86.27878017810508,-102.37579501052824,95.39418232770913,77.26559330417513,74.50261422543736
2025-12-12 17:58:23.686757,Left,63.21038594710626,46.37699745290411,41.014999699616965,62.60531424716828,-10.636551717958355,67.95160753080563,53.58944868429717,52.47174787010954
2025-12-12 17:58:23.691816,Left,-21.470539766822185,-42.50637380679109,-48.4178017288159,-27.202273453760426,129.0763923356826,-23.883491092419717,-34.850662056936926,-33.12344420059708
2025-12-12 17:58:23.695853,Left,-6.904925657559943,-14.215390522102098,-19.269205104771572,-3.564353235437011,60.45478317002562,0.12195195993263042,-11.630512754834854,-9.85690779433935
2025-12-12 17:58:23.699867,Left,87.75890432736924,88.93881749401226,83.59519241660018,97.80076108930734,-82.78834493615796,100.34440857818481,87.46337848291842,86.4863303721304
2025-12-12 17:58:23.703808,Left,84.73329772205761,75.31657564924717,68.46682974235136,87.41959567824233,-29.491321770638024,86.80774207338982,76.51141346390068,74.14147019952725
2025-12-12 17:58:23.706898,Left,-19.19478259193056,-37.19638578496233,-44.345756266719036,-23.074163575831335,120.71961424362598,-24.774518497128156,-32.072395471859636,-33.12768440248874
2025-12-12 17:58:23.710879,Left,-41.123317970537755,-49.26542532464191,-55.46765990424956,-37.784218281143694,84.14489344226968,-37.458093246685166,-45.80742159078727,-46.03503472638113
2025-12-12 17:58:23.714924,Left,51.58287173025019,52.837241967676164,45.99574830710662,62.32677808843437,-74.9858360708713,63.75985600834247,53.0649425330721,51.66046618444307
2025-12-12 17:58:23.718920,Left,83.126566830495,74.71030887216875,64.99675889260334,86.73121612113391,-62.694810353026696,86.56448549111155,77.28408754820339,75.31610781357631
2025-12-12 17:58:23.723857,Left,-3.2114520311297383,-23.644801402309895,-35.586832603876246,-9.365601717072423,96.42069857537717,-10.33246974729991,-16.270327617325165,-16.90312018320219
2025-12-12 17:58:23.727933,Left,-43.06046378098472,-56.889211094909115,-68.97507698982554,-45.098033110818506,105.11902073906458,-44.15680047536807,-50.04181555440846,-50.07239402740561
2025-12-12 17:58:23.731996,Left,38.78059035381375,36.49666723215887,24.142629426273743,45.09466146013801,-52.08060191671575,47.230394732196146,39.07891133817611,37.553792236143636
2025-12-12 17:58:23.734904,Left,87.40407095584305,79.26206745433228,65.22597802330529,88.7411426882536,-81.5971572695762,89.20102970224252,81.46223564961474,79.13946724284688
2025-12-12 17:58:23.738966,Left,8.943591329934861,-11.167663466614613,-25.846363398677795,-0.21310863747930853,69.45786560328088,-0.953291107158293,-5.942796479424942,-6.539038479113515
2025-12-12 17:58:23.742973,Left,-50.57894006013157,-64.54781807419931,-76.94918131759368,-56.5903959093921,114.96478780656798,-55.70640173875654,-60.02511690457868,-59.15673139023238
2025-12-12 17:58:23.746999,Left,23.75214337824582,25.649154030455975,16.209044944930497,29.300786619103746,-33.82600295670454,31.030544015531632,25.844263399274496,25.40478183083178
2025-12-12 17:58:23.751993,Left,98.16866827684134,99.42489924148322,91.0688874067273,103.21345224768083,-101.36984006296734,101.75580959236686,98.90973211790333,96.78099337593994
2025-12-12 17:58:23.756007,Left,35.865521584164526,24.046351341972695,16.060572429361173,29.99494058028722,36.88196099821471,24.64740438148874,26.948404490211033,25.7955016910455
2025-12-12 17:58:23.760034,Left,-49.41108465749858,-60.41393154663092,-66.8491713306405,-56.45113246589608,120.46477409037288,-61.69091877093524,-57.385526365549595,-56.631096615832575
2025-12-12 17:58:23.763033,Left,-5.680907570200361,-2.5498183620602504,-7.683763395309597,-2.9711433828924783,-10.468595914171601,-5.4841459702875,-3.9002311890089914,-3.521323183180357
2025-12-12 17:58:23.767045,Left,75.46090708885458,80.14495532738329,73.85231899322889,79.73388266520851,-116.40277608950055,78.19750167703751,77.77973903071688,76.6597928726278
2025-12-12 17:58:23.771102,Left,32.954558039175026,24.337564981151445,15.725859287605545,27.87550603149066,-4.605963494423122,25.42649725553565,26.905060113349464,26.301526995423046
2025-12-12 17:58:23.775109,Left,-61.759355647154734,-72.8139087892032,-82.16558475274724,-68.11957647040254,112.8073165461883,-70.71884794698963,-67.19731014142417,-66.22185597084535
2025-12-12 17:58:23.779063,Left,-39.04046648260919,-36.14097903979382,-45.17967487577425,-33.863062123309646,16.635696010724132,-36.44946378661916,-33.632973122770636,-33.44739602275695
2025-12-12 17:58:23.784108,Left,51.871596446289914,60.07644509201964,49.91224497095209,62.26951013570579,-110.19934373795331,57.39606061884842,60.04958837101003,57.5118223013269
2025-12-12 17:58:23.788109,Left,35.2249637212517,31.22164708814489,18.816518394803097,36.54389686094146,-26.735570951041154,28.700507462459427,34.22414027420746,30.693094079872026
2025-12-12 17:58:23.791108,Left,-62.74218800118615,-72.55033157147227,-85.80697719542786,-66.97672833714387,112.98257681574614,-74.63842098636815,-67.00424731530074,-69.2600154056745
2025-12-12 17:58:23.795118,Left,-61.25597096727142,-58.329045346232306,-71.09770126783042,-57.00568625667438,46.71297368600426,-62.642540666365676,-56.65735266415504,-58.35920380981588
2025-12-12 17:58:23.799145,Left,40.29421499271848,51.98441895295946,38.57808539524922,50.822891348725534,-104.39609605488658,43.929605444365734,48.45712132454537,45.95192614514235
2025-12-12 17:58:23.803137,Left,62.55460426575519,63.313197387027685,48.11918841777788,64.51649018279204,-59.650350445021104,53.050361748417345,60.13880799630715,58.27169531334948
2025-12-12 17:58:23.807101,Left,-21.288884843928827,-31.34602963404177,-46.67505881532543,-28.244618945445836,98.11044728223715,-41.97869911335874,-32.01661437836083,-31.15649370857409
2025-12-12 17:58:23.812176,Left,-40.390787761309184,-42.8831930871238,-56.12991895870982,-42.00061631925746,77.0213133749603,-53.66607359439331,-45.295641460757906,-42.90696997163559
2025-12-12 17:58:23.816194,Left,50.22582551751839,56.98068230576973,45.269469068542094,56.10117521268512,-80.00871913099036,46.3836765377182,51.70178048403886,52.83435049150103
2025-12-12 17:58:23.819197,Left,84.27294913473816,82.55542792376582,70.76651215267884,84.20104326893852,-77.37243441397823,73.51034168995102,79.9569650404992,80.04195082699334
2025-12-12 17:58:23.823212,Left,-3.4299505474991747,-16.441879665651868,-27.54780212960759,-12.438875073905365,80.10133077808405,-23.97065156426106,-13.760113169626493,-12.329077540357503
2025-12-12 17:58:23.827196,Left,-52.98666686116485,-58.67757272078961,-67.26589966420397,-57.10149787055343,97.01386935121809,-67.26990848341302,-56.05301339148082,-53.21913116056385
2025-12-12 17:58:23.831181,Left,22.68460280032741,30.32003595423248,23.60323923895885,28.63394264656381,-59.31674599989492,18.80035608869366,28.747404621836722,30.96385277346235
2025-12-12 17:58:23.835229,Left,74.69072134768794,77.88135015481839,70.7516073665156,77.48060081776384,-97.31254993916082,64.94053937100944,75.75861677217108,77.42032186150846
2025-12-12 17:58:23.840297,Left,-4.655072224872129,-14.477675626055316,-22.232527783615296,-12.228112639106257,53.386074036255195,-26.586369359773016,-13.651904038226348,-10.548846941426746
2025-12-12 17:58:23.843263,Left,-80.98583102163866,-87.18826424261351,-93.85244024669191,-86.86575552429349,109.38100210101766,-98.88501818524401,-87.56495727662241,-83.22982920438244
2025-12-12 17:58:23.847274,Left,-27.5624676651787,-19.04072250252011,-24.522267022530286,-22.93046199786295,-37.493210798280415,-31.95432804426582,-25.348982045940375,-22.33821178468088
2025-12-12 17:58:23.851283,Left,42.02246642908176,50.61337942923092,44.404770762146654,46.4424080415356,-117.55899789194746,36.52288483766006,41.532981831642246,42.67333036229593
2025-12-12 17:58:23.855299,Left,-8.475706489898585,-12.560824327430964,-20.141009130487873,-14.449062554282136,14.211963729961099,-27.224585540903718,-19.359860182073135,-17.80346683120888
2025-12-12 17:58:23.859264,Left,-80.9724171509788,-85.12563952482014,-92.7989909899843,-88.18556705229457,108.64058127151611,-101.21857548444223,-91.71571579921965,-89.0620216309344
2025-12-12 17:58:23.863314,Left,-28.420702555009484,-19.26768166360398,-26.876749278937496,-25.9689950315842,-11.473344535252636,-37.22162369411967,-29.865025445155425,-28.562004045169942
2025-12-12 17:58:23.867323,Left,66.22389756667326,76.71963648018209,67.51369562915352,70.14250535395968,-120.71026200212668,59.37607828414252,65.11505442941689,63.97804365597608
2025-12-12 17:58:23.871355,Left,41.276390109000204,37.521923434848304,26.50707277606307,34.49799010979859,-13.290760696708048,23.90380750954762,30.908785820656703,29.993095706610575
2025-12-12 17:58:23.874368,Left,-43.63405252934899,-51.96029223530195,-62.51498227862248,-54.49038473589371,111.83552271338624,-62.03116577922776,-54.8907346439928,-53.38057037942758
2025-12-12 17:58:23.879372,Left,-20.882374423425063,-17.135426953538172,-26.130012276666093,-22.83269385415224,23.018761089506256,-26.20410381739275,-22.35150626643349,-20.000755504093945
2025-12-12 17:58:23.883320,Left,69.29479800955778,77.29111581712277,67.81070244836701,71.26580835279674,-111.1648286716314,68.34815944417949,69.98050885894486,70.95242874472615
2025-12-12 17:58:23.887395,Left,52.6739093436463,46.952663572482834,35.12319790223228,44.967897734804865,-37.76298423852762,39.127519211362255,43.00371158333462,43.14654374558182
2025-12-12 17:58:23.891409,Left,-51.4449447298648,-65.47191969321375,-78.58675657111417,-65.50552326237357,106.90898455812521,-72.53990219814386,-66.04616326572341,-65.66799479001529
2025-12-12 17:58:23.895404,Left,-60.80539767452137,-64.16351324022412,-77.05401850867929,-67.01692320081202,51.98518968522535,-72.25891658602609,-67.15544352635007,-67.7596835641632
2025-12-12 17:58:23.899438,Left,35.27365945639758,40.166208932804466,26.68210752788218,35.63852733102067,-100.92421908457686,31.209704426348935,33.85129293980856,31.143252188253427
2025-12-12 17:58:23.902468,Left,58.18207858329515,52.56811728317007,37.433817018656555,51.01813577221492,-66.89682590995176,45.16831850253902,48.5657189990751,45.65732405925951
2025-12-12 17:58:23.906485,Left,-27.91436344583599,-43.486520622661146,-58.72758770882501,-42.62614166117828,89.91817268837121,-48.47113933114815,-43.517963145968224,-44.253437428950974
2025-12-12 17:58:23.911505,Left,-52.39320404742284,-58.37350263003043,-71.48670486774063,-59.66483630407629,75.90991902466112,-62.874812288733665,-59.747507137161165,-59.290587403117115
2025-12-12 17:58:23.915503,Left,40.12850900932972,46.61868288998369,35.36163257421504,43.225603439719634,-83.3923403767235,41.3232534524368,41.62875404823512,40.869437222044326
2025-12-12 17:58:23.919485,Left,84.63776157312714,85.22583091080784,74.36888823968548,84.12525082547427,-90.75102801304774,80.26733399624209,81.54883530264783,80.12846862252718
2025-12-12 17:58:23.923496,Left,2.1509044822387295,-8.106413849665437,-18.071447096346674,-6.755641299195759,67.48428473808508,-12.096529420155093,-7.80012422792197,-7.5498768544002814
2025-12-12 17:58:23.927505,Left,-55.08738961489689,-58.72488885540764,-66.31097279948881,-59.68290455837655,95.51955843333508,-63.45498527304153,-59.26370904167743,-57.95187279033007
2025-12-12 17:58:23.930493,Left,10.828107448624905,20.37636293500441,14.61029207528918,16.163901000297756,-59.91973813794175,13.694120819518503,15.736623446493013,15.160791697758214
2025-12-12 17:58:23.934522,Left,62.79635780826993,68.12349974481049,62.37024743546499,65.46992102705588,-110.86293055522856,61.13519627645928,64.28434156878711,61.7039162732749
2025-12-12 17:58:23.939536,Left,-8.813989154447881,-17.293226800532693,-22.834604034691438,-16.440607874695246,33.839350545409616,-22.59557737943487,-15.652717536841465,-17.122459723786505
2025-12-12 17:58:23.943552,Left,-75.48084928104254,-82.17718192944994,-85.83798336514519,-82.02536029244044,99.50618864371063,-86.50744336577009,-78.68682454104601,-77.76963875583351
2025-12-12 17:58:23.947571,Left,-10.409109612600332,-4.049011680392596,-6.332926322720596,-6.83041930388049,-39.64244629089353,-9.090138585821478,-3.6525684330799777,-2.370848302562081
2025-12-12 17:58:23.951578,Left,69.64213540234505,74.78327915677573,71.30133630631826,73.17597502231774,-125.28660083628347,69.70803151374275,74.89863470076762,75.38434701665483
2025-12-12 17:58:23.954595,Left,16.055092154669182,6.959260705493307,1.7827718537155306,9.318492746145694,1.0076026293345421,3.7335549490335325,11.75873436436359,12.839903643698563
2025-12-12 17:58:23.958605,Left,-76.96183155099425,-87.15585326266137,-91.56567599543268,-84.86272750736453,100.39093451977715,-88.956345368857,-80.28134509541815,-78.21326572393627
2025-12-12 17:58:23.962617,Left,-45.34408287871838,-40.997343753575024,-43.31720561831753,-42.78365881095806,-16.83977300092738,-43.62178808004501,-37.98472318803215,-36.99961135843205
2025-12-12 17:58:23.968633,Left,43.24727455056245,51.83070324090295,49.80001276215262,48.40919490442457,-135.44606494529398,47.5361118436158,51.66131793428758,50.93180658091569
2025-12-12 17:58:23.971638,Left,17.37862601849247,13.3659680504461,9.859305074598524,11.575526241259013,-36.50760398301827,7.929671986061294,14.217991093453747,14.485015794375613
2025-12-12 17:58:23.975652,Left,-79.5306672357085,-88.65458802311696,-93.27937108467086,-91.41753862679798,93.26688862029914,-95.98759794909529,-88.95141210664679,-85.97850378099429
2025-12-12 17:58:23.979673,Left,-71.12876099874074,-68.49892591883963,-74.30447891883887,-75.90931501269824,9.707088288696468,-79.60884002564126,-76.01368627387183,-72.74831026514039
2025-12-12 17:58:23.982687,Left,24.749172192376818,33.1245975627844,24.160348913588678,23.367431013484747,-132.7087482627503,18.186754205324178,19.202817027103265,20.120499963652037
2025-12-12 17:58:23.986622,Left,33.31619620072547,29.486305855455612,16.697849397023674,21.68983132786434,-68.74283231657682,13.00210919750316,16.157146318575542,15.919058614186724
2025-12-12 17:58:23.990686,Left,-49.05547511505711,-61.36886918165146,-75.159808210763,-68.39469510733761,83.19108025695277,-77.62410406950039,-71.85877409513341,-71.06144000126733
2025-12-12 17:58:23.994713,Left,-52.45422301565003,-54.62290776602913,-66.42915888086281,-64.51303864502643,42.852283701151464,-70.4792123350926,-66.15604577147587,-65.15588662466871
2025-12-12 17:58:23.999741,Left,41.25441902533381,48.086876508417845,38.082151908180094,37.173143768000045,-109.19929915971079,33.41049386443592,35.38917976500943,35.03948167300587
2025-12-12 17:58:24.003671,Left,61.15804391569992,58.4096956739113,49.03305317063496,51.55830186030653,-84.06591111333728,46.836839249424884,50.115462260660024,50.01737377347672
2025-12-12 17:58:24.007739,Left,-30.006616258594534,-43.209483010858094,-50.84239411868475,-46.26154436116849,74.66382085125952,-51.48498170595303,-45.82631681448402,-43.1698679956844
2025-12-12 17:58:24.010767,Left,-61.7511987425587,-66.38769974220668,-70.55485733708701,-70.34475085293434,72.9024727291362,-73.68562680428477,-69.33321560614058,-64.92503013569876
2025-12-12 17:58:24.014766,Left,26.251540216309195,34.02013171125418,32.33631039269312,28.751653201023146,-83.60735575564286,26.327979218787732,27.66838582129276,30.898658610378334
2025-12-12 17:58:24.018774,Left,67.95741955864037,69.9655629406534,68.4738536654695,67.58887961856999,-100.25277976187317,63.20595298776425,64.9126255593028,66.94888224446913
2025-12-12 17:58:24.022773,Left,-22.35865943631643,-32.043600399356365,-33.315359027768864,-31.28205597924898,54.93203694690965,-36.981084102390014,-32.65162219176,-29.391395709590142
2025-12-12 17:58:24.026789,Left,-88.0845918333705,-91.94069718870196,-91.48002073843963,-93.05643785852772,91.21971965863122,-96.91227930068453,-92.69986607096325,-88.09424781762391
2025-12-12 17:58:24.031811,Left,-15.105297437006811,-4.9840747348189325,-3.4379931371186103,-9.803212000637359,-60.38420168917037,-11.840000101467012,-9.901515396711147,-6.402808298198579
2025-12-12 17:58:24.034823,Left,61.981564355368846,69.26974024511765,69.64104711860637,64.73825830227725,-116.71456284628766,61.60696451780859,64.12244894054766,66.09209763813305
2025-12-12 17:58:24.038811,Left,10.510120707191618,3.8911323722759334,3.0788605154994,1.7188252239284338,28.53371067588887,-2.505542275721382,3.204217584988328,6.060541566796019
2025-12-12 17:58:24.042839,Left,-60.03437073807709,-66.03337037404344,-65.82988941282383,-69.14747206667562,104.85768832744725,-71.12079821749285,-65.09606688661188,-60.70702995873762
2025-12-12 17:58:24.046850,Left,-10.099672680743424,-2.9805954237654078,-1.3255080065864604,-8.516490248584887,-30.869187823462198,-7.5379893734043435,-4.800647241441766,-1.4633774690846622
2025-12-12 17:58:24.050858,Left,67.11471847243774,74.55932882715297,75.61566908176246,70.89783684231406,-127.09068944224782,71.42553292174671,72.90631991587725,73.70514208150234
2025-12-12 17:58:24.054872,Left,23.555205909053257,17.683667564487223,17.220107928496873,18.649557474413996,-6.411807148117077,17.030789914970228,21.242024934107576,21.083428996362272
2025-12-12 17:58:24.059879,Left,-61.785109046040816,-69.55136081278943,-70.08072358859863,-67.94016089090655,104.80489845101147,-69.16658866478974,-63.300391525302985,-63.56062514223595
2025-12-12 17:58:24.063930,Left,-29.304983855770843,-24.107542235855362,-24.077512865209428,-25.757669730746784,0.534851597782108,-24.873762866986,-21.172304674406405,-23.340580092673918
2025-12-12 17:58:24.066853,Left,59.11194051045459,66.90599993099204,65.75679714338185,64.55087033171276,-120.72165471825974,65.52169053484431,67.46733674660754,62.78435390395862
2025-12-12 17:58:24.070912,Left,32.52987362760541,25.93396855087667,22.52042630333017,26.319947715095623,-28.896312338616553,26.214696601002288,29.620652267010882,25.24450402660659
2025-12-12 17:58:24.074913,Left,-67.65442707762759,-80.4851209518165,-84.6419663031702,-79.78817272885681,106.37170902902108,-78.1322964982246,-73.99861150992729,-75.96313102257591
2025-12-12 17:58:24.078948,Left,-60.043464676803524,-60.110478272285036,-63.56589837480715,-62.664488654596425,32.855013186275755,-57.07489074328623,-55.8544884437415,-57.25259898058175
2025-12-12 17:58:24.082973,Left,41.915923246282546,50.39739295602703,46.79449573110833,47.1617591945178,-112.08746649391469,54.182935243457905,52.95046131464915,49.89788984401639
2025-12-12 17:58:24.087965,Left,54.90631460597251,53.52722897444983,48.99905166024837,54.272826731676105,-57.76421087601375,59.64576956705605,60.200428261952766,56.799432806583354
2025-12-12 17:58:24.090982,Left,-36.803329928791754,-45.897675360518406,-49.7155689489955,-42.62573375749707,93.60308931330292,-38.04711163797947,-34.880524973081265,-36.42777480057521
2025-12-12 17:58:24.094000,Left,-57.49729817603293,-55.88668059634438,-57.280158383524395,-55.0175818321477,57.47131739838005,-49.86770565084953,-47.344780534376696,-48.01178811343925
2025-12-12 17:58:24.099011,Left,30.2084485991154,42.307945585311245,42.23492451152924,40.9712613113752,-100.94348598036595,44.0278641051209,45.61998637994657,43.57448133446451
2025-12-12 17:58:24.103019,Left,58.019704253390955,61.73941650876441,60.97597187190331,62.318306436307466,-87.73271841362657,60.20823182577442,64.89519092506634,62.166793135946136
2025-12-12 17:58:24.107032,Left,-31.199400742912076,-38.381381439490724,-39.42049046217289,-36.23293907498737,70.77092874945447,-41.067231397004434,-32.322559057396575,-33.2917765500697
2025-12-12 17:58:24.111034,Left,-77.69491015273252,-77.40358773389562,-77.12838391291552,-78.1628925179557,76.51502058049664,-80.42272188185052,-72.28883667177433,-71.77086307630998
2025-12-12 17:58:24.115099,Left,-6.109160162563967,6.540789904720441,7.5438359949166625,2.7319047123837663,-84.41110588100673,3.871068466190991,8.550026751581754,8.02811346800263
2025-12-12 17:58:24.119046,Left,33.288421186891355,40.74984797093566,40.60446236945245,38.77743469596862,-116.22169605167619,39.80521117568969,44.27373259383785,42.436334588328464
2025-12-12 17:58:24.124118,Left,-49.9605711644881,-54.418425761035905,-55.42080429218731,-53.16854641941063,35.00683217316873,-53.572314524909416,-46.46382391297266,-47.486551781536036
2025-12-12 17:58:24.127109,Left,-108.8424582552343,-108.07688213627262,-107.96069489355796,-107.76010416988356,83.35464439850148,-107.63653355574115,-100.5957679067651,-100.62222806238606
2025-12-12 17:58:24.131138,Left,-26.776496955852053,-11.765786517686138,-10.385523117185585,-13.965240364974306,-59.95499150813339,-13.366297329296685,-9.148566641364596,-10.306364242458585
2025-12-12 17:58:24.135101,Left,64.06645376476172,76.75514881469462,77.6553855043403,76.09380403409159,-120.15403378889096,74.35083002780448,78.52576754221809,76.26392931659757
2025-12-12 17:58:24.139078,Left,21.529250631978357,19.67963010622225,19.693539849951776,22.477652632818717,25.424320595329846,18.31737670961229,25.799436620376582,25.20248160049232
2025-12-12 17:58:24.143136,Left,-53.30709319208927,-55.7248761763185,-55.3469409085792,-53.72055768737664,114.40951506828242,-56.5827649052344,-48.19250041033774,-46.50361688789053
2025-12-12 17:58:24.147141,Left,-14.738990985752025,-4.206062042458143,-3.562453034423015,-5.992204299138393,-13.512864473286754,-6.043573938072768,-0.8397328811415719,0.20366784918769554
2025-12-12 17:58:24.150092,Left,55.02515375897747,66.4405719046863,65.56868358117572,64.2708771748039,-118.02489262748713,64.09111643008418,67.14749759926144,65.99099314612795
2025-12-12 17:58:24.155166,Left,8.288860680475409,5.976891634380081,3.409566304533655,6.5658427766975365,-5.865223269645867,4.3808326105963715,8.614074385837739,7.473274581361693
2025-12-12 17:58:24.159168,Left,-81.23553639797865,-86.74841849707809,-88.82506033215213,-86.42422636571973,110.67020675437016,-88.42846343247493,-84.07628111087797,-83.66765034390664
2025-12-12 17:58:24.163187,Left,-49.3480260713568,-42.03090304070247,-42.6097994759275,-45.21609828942019,12.786246304065571,-45.62612967159839,-44.35893600989402,-44.65403058224729
2025-12-12 17:58:24.167188,Left,52.31982014437381,63.79862657661397,62.95335945579791,60.30024161933943,-115.11740465152252,58.88816355337076,58.46248594374356,55.31044555287008
2025-12-12 17:58:24.171211,Left,48.21307332966535,46.383733363996726,44.0151685186338,46.99154249399362,-30.851294226895334,42.69831635001083,44.68164494219218,40.34349219982687
2025-12-12 17:58:24.174212,Left,-38.65172550470197,-47.50067313511863,-49.9283307544938,-44.81731839144231,111.59225585485183,-49.11365785664475,-45.37594139834164,-48.62875452350454
2025-12-12 17:58:24.178228,Left,-33.35815000661751,-30.777906630482903,-31.731205041882276,-30.543071293581306,48.91665173602178,-31.489819849957712,-30.48266873788816,-33.7788075633016
2025-12-12 17:58:24.182272,Left,61.252955249134175,71.6222097558566,71.46040242593517,70.57483068012516,-100.01327856840453,71.820965623956,69.84636300258626,64.80290570484976
2025-12-12 17:58:24.187278,Left,67.36919793245579,66.82285201147351,66.74164312751964,68.70117279931401,-57.04674371356941,69.67504948005171,69.19942145803816,64.27980746696812
2025-12-12 17:58:24.191297,Left,-35.700839173914574,-45.7346531878502,-44.49192771679009,-41.94460046790664,95.09270304725123,-39.919298891431026,-37.76872209887915,-39.88108724228732
2025-12-12 17:58:24.195290,Left,-69.6999636806595,-70.00973905318824,-66.68112050378477,-68.97147643018252,68.2070419913407,-63.39911420161661,-62.82855739615843,-63.46128629646955
2025-12-12 17:58:24.199313,Left,14.685774834546464,25.605344580164456,29.03299730544495,23.897026590080714,-91.11077514981116,31.456743411993557,28.36231065832908,25.91389991462711
2025-12-12 17:58:24.202305,Left,50.878317219703604,54.366903460182584,55.87018256342162,54.04823852561458,-86.91516053140276,60.16977188268129,56.53456118265785,52.249965874452755
2025-12-12 17:58:24.206327,Left,-29.873874903007163,-37.69821889848026,-36.852260204082995,-36.570265944659695,73.82575298087886,-31.54936877881437,-33.86808265259151,-37.53096211193224
2025-12-12 17:58:24.210352,Left,-71.96015998164512,-73.2049930219182,-70.39210447745154,-74.82373714245114,93.85148117722474,-68.03064454661762,-71.9492092881892,-74.7212585000052
2025-12-12 17:58:24.214359,Left,9.450353759124482,20.597505752893994,25.458304093175684,16.16073269752087,-60.1922418774102,24.655397578295833,17.367064300665334,13.881534736159665
2025-12-12 17:58:24.219350,Left,66.94354188741272,73.0185309910994,78.1482043635333,70.87388554225254,-96.74404504428912,78.58244668083944,71.12988327467065,67.58089944314997
2025-12-12 17:58:24.223367,Left,-3.7216088441473403,-10.931175731873736,-5.6781959166546585,-9.10912634314991,55.243530019299214,-1.8644347102172105,-7.039899414497995,-8.242162669739628
2025-12-12 17:58:24.227396,Left,-67.8984716340874,-71.91905249616866,-65.22783048959172,-70.40464394881565,113.59654131608477,-60.88069477008048,-66.5340760789777,-65.70292860632071
2025-12-12 17:58:24.230390,Left,-3.63027809857158,6.0645709408017865,13.82630035699276,5.175733027765091,-29.570854839919775,16.3953945701287,7.822377364072963,7.726673287304948
2025-12-12 17:58:24.234404,Left,69.47188641155117,77.90969930283427,84.84005510523548,78.3576148511529,-106.30999663203693,87.1389579855711,78.70228621457227,77.01188667000315
2025-12-12 17:58:24.238406,Left,12.63012174882715,7.375463656475404,13.37230529799217,11.304652743762745,25.999282872734966,16.354255885672274,11.517047140108843,10.883914740501496
2025-12-12 17:58:24.243425,Left,-72.3641474385131,-77.9625945672833,-71.07959402854885,-74.52381247211088,117.9053046753852,-69.8999336685788,-73.40794218514748,-71.84456151220911
2025-12-12 17:58:24.247428,Left,-31.191161609924166,-22.966342700690802,-15.088342505780929,-23.245283502378697,-5.292919560301925,-16.969568502350057,-23.06625231802809,-21.823164128094504
2025-12-12 17:58:24.251473,Left,56.58005742947171,67.08963138360923,73.65392564020931,66.167062854699,-115.95139559671134,72.06060948622917,64.62059503102046,63.703796690229865
2025-12-12 17:58:24.254469,Left,27.519870480884492,24.594716991865425,28.85611972274546,26.46147590428336,-8.762866544623648,30.456754858060094,25.27450997604501,23.991495864385797
2025-12-12 17:58:24.258464,Left,-58.86954787363902,-65.82497060973219,-62.107348521511994,-63.63516840457851,115.94251120514627,-59.506399226762596,-63.47961262789249,-63.29014750387614
2025-12-12 17:58:24.262462,Left,-31.863871691633904,-26.119958072064037,-21.949283651769747,-26.92285132312645,26.72698840179919,-21.102475640170837,-27.697630195137208,-27.395047029940542
2025-12-12 17:58:24.266490,Left,67.80695105445557,78.77010605712258,81.6574545882304,77.47206466850184,-106.93630054263394,82.97351492753398,74.46215401972313,73.22723556990968
2025-12-12 17:58:24.270493,Left,59.09948956450717,57.43782038936297,57.74955316759633,59.46200860580211,-32.574050392057416,63.001878489931414,56.95383814465731,55.308898377263176
2025-12-12 17:58:24.275512,Left,-45.08510047823256,-54.18104366161151,-54.84229009100909,-51.0217313033927,112.0956128729199,-47.190137930657045,-50.35875188538648,-51.23439488481199
2025-12-12 17:58:24.279518,Left,-62.551365148414334,-60.27524303094924,-60.071859772687276,-60.45238909998989,55.764245396177785,-54.18932210674217,-58.51180653108986,-60.36001377132925
2025-12-12 17:58:24.282530,Left,22.309501338462724,33.73496725889254,34.127803073018185,31.42343364327553,-99.0542239084889,37.71217427551687,31.134241345332157,26.57813175062438
2025-12-12 17:58:24.286546,Left,37.598393421825676,39.68566514131089,39.185995182101124,39.45415805482389,-66.18026008566949,42.53388935799887,37.09389958036536,31.539637432464588
2025-12-12 17:58:24.290563,Left,-47.23045643376099,-54.10050253473128,-54.269948904094235,-53.258822063530715,91.2878507473979,-51.953430126697725,-55.17838612816013,-59.27183296123985
2025-12-12 17:58:24.294560,Left,-63.13744715313078,-60.102912432167614,-58.41882212641826,-62.61716542178419,80.24588089802216,-59.54966858945707,-63.921665730358654,-67.31744602925392
2025-12-12 17:58:24.298521,Left,35.74009414883949,50.617542138200406,53.02460426853668,45.53734309917036,-74.86608211967075,50.232584979462246,43.408915737505595,38.789841599861575
2025-12-12 17:58:24.302571,Left,77.68840401921261,85.15070731467222,86.23705620664532,82.68229820664692,-79.32838974343576,86.41468232292308,80.55837928789879,75.86644951384278
2025-12-12 17:58:24.307674,Left,-9.886694052780513,-15.278567509337336,-15.25133234763473,-14.772167396515215,79.50429003417833,-12.101063158833227,-15.149144251691723,-17.230731283604655
2025-12-12 17:58:24.310610,Left,-63.71197095317439,-64.39857697382104,-63.997508201745745,-66.04260384605914,108.00507921046227,-63.03610986614353,-66.35755598914147,-66.22040042986282
2025-12-12 17:58:24.314639,Left,14.169395808798072,25.30861696579359,25.655528819935512,20.14844580699537,-44.68540751137755,21.93188401917172,16.419442352405895,16.01307872891448
2025-12-12 17:58:24.318600,Left,76.6479978014795,83.0409151780832,82.07604780770231,79.08490956362039,-91.10470272386402,76.69778955675753,72.48686690575414,71.115505253234
2025-12-12 17:58:24.322637,Left,6.741773108660709,-0.040235151919659984,-1.0199578836902674,-0.5327427667753,57.40849835081418,-5.97415909812571,-5.63116878911751,-5.787858167220293
2025-12-12 17:58:24.326642,Left,-65.94195000780928,-69.07038533741616,-66.8697303636592,-69.6848883918019,124.49414200670432,-73.84327060506962,-71.32985877454576,-69.81099306794476
2025-12-12 17:58:24.330698,Left,-9.483745486635598,2.7897787889132815,9.275713850225486,0.3721758627007148,-15.444826789590707,-1.1864366713761,-0.0459321442331202,1.1873051149941602
2025-12-12 17:58:24.335682,Left,63.559202095440924,76.2709994069346,85.45748654169768,76.0236780804189,-102.80885899919258,74.55672683267596,75.48006702385192,76.11848772977555
2025-12-12 17:58:24.338695,Left,7.704225457002394,6.745098239328399,17.764077478750096,10.561582532144712,22.236363192747547,8.545507334310969,11.701554560659133,13.982208329039167
2025-12-12 17:58:24.341710,Left,-81.29296401582724,-83.44180703462462,-69.76509736286789,-80.42619407370785,121.72727053570321,-80.21621925211718,-76.90844761347034,-72.5093665308168
2025-12-12 17:58:24.347714,Left,-41.69378207157024,-29.65928930024984,-13.838836393084534,-31.462228890489314,5.890892083885319,-28.196570392782633,-28.29418692011768,-24.651651887365006
2025-12-12 17:58:24.350730,Left,55.201223481408306,70.85373937688473,86.11362412219864,67.38027644488557,-110.75889555914307,70.40818897037514,68.21716307970746,69.35113771626129
2025-12-12 17:58:24.354672,Left,37.89882139884867,40.14157104437436,53.51202232350397,39.068868380482854,-9.719018851435635,39.768760438002346,39.19920221494249,39.89200098368292
2025-12-12 17:58:24.358736,Left,-49.23743549014762,-52.80239872071161,-39.59812533646959,-53.60746558772735,122.45746395048741,-52.67966841259613,-52.53203447366832,-50.41975916728279
2025-12-12 17:58:24.362761,Left,-34.63009118750233,-26.961394015575024,-12.514695356846914,-30.965209962099834,41.34309133036629,-27.006879842526928,-30.372830151328344,-28.554931900779593
2025-12-12 17:58:24.366781,Left,56.81439855444296,69.66077218728151,84.06503455964139,64.96847160502784,-100.0062812737632,70.92395599687359,63.617961716540776,63.1291094234939
2025-12-12 17:58:24.369767,Left,51.29434486120226,51.49415161541674,64.57834410750252,50.451687480594046,-37.82011126283999,56.908328184972106,48.852241161665006,47.20910500849004
2025-12-12 17:58:24.374787,Left,-46.444379644290166,-54.603416065427155,-41.61130362306403,-53.61533234052331,109.7187183491659,-44.701738530666034,-53.57914294484726,-54.640122958523534
2025-12-12 17:58:24.378784,Left,-59.82385217602132,-57.336150888913835,-43.124123889304656,-58.562015888627684,64.38576019038544,-45.21956565019457,-58.6062385804571,-59.97268445596637
2025-12-12 17:58:24.382845,Left,30.25701411263617,41.83316374275455,55.94321121736243,39.81505428698074,-91.07933091878715,55.08957825024879,37.02773061334392,34.22488208850427
2025-12-12 17:58:24.386823,Left,48.64290541881746,49.81650585713487,62.118992498644275,51.745543285761414,-67.45917219185128,65.48172418322599,47.21730212374223,44.8384038810691
2025-12-12 17:58:24.390847,Left,-47.17327864502295,-57.97044487558378,-46.44887217040423,-52.79293708454588,89.89169452580836,-39.34791607818761,-56.19525315063038,-55.881092766693655
2025-12-12 17:58:24.394837,Left,-85.28479386054278,-89.19762071700825,-76.6149097851694,-85.79601782777354,85.54718362236588,-69.33771920508332,-88.30277099506202,-86.79395513184772
2025-12-12 17:58:24.397863,Left,3.0481892130101187,10.002429074194879,22.786044509365183,11.255137249919244,-73.68086138025024,29.68755015925126,7.191951114868971,6.654420790199765
2025-12-12 17:58:24.403875,Left,56.70383130591472,56.29398796732403,67.10594704247137,60.062665279425346,-91.16681563318753,76.53315937453374,54.61203760591252,52.13390819231881
2025-12-12 17:58:24.406874,Left,-16.291112960631835,-30.595208739949157,-21.46068315104253,-23.120321988636533,65.34273183963165,-9.022355313524145,-27.51452289406734,-29.17776751231031
2025-12-12 17:58:24.410903,Left,-70.73638697388833,-82.07558382907428,-72.57436062280044,-74.64456048232387,103.49025871028482,-60.087818550223346,-78.07168864656705,-78.56376271666886
2025-12-12 17:58:24.414927,Left,1.9592186696709177,1.7723536940220583,11.746962417344548,8.377777911588964,-47.27213856232595,23.60928178130405,3.2951590761585976,1.6287708421186835
2025-12-12 17:58:24.417936,Left,70.36986869546399,65.40920837595513,74.24765925934298,75.45315912877959,-103.97955818954767,88.64713017841984,68.50374749320235,65.19172991852338
2025-12-12 17:58:24.421939,Left,10.3937622699641,-8.990992658144933,-1.1609801458396305,5.870182086036948,40.778911906318115,16.794303861214075,-0.28986034329864196,-3.0620295203279966
2025-12-12 17:58:24.425887,Left,-60.00430275666076,-77.76046436864544,-69.01250033288329,-62.859112138687124,118.20657120006496,-51.446665333847534,-67.64552465308225,-69.19433421743906
2025-12-12 17:58:24.429946,Left,-0.8804556305958613,-3.464651209214935,6.551884800887137,8.227341513469582,-14.17870607171929,20.27273866436866,2.3835488391387116,0.29347575683004834
2025-12-12 17:58:24.434964,Left,86.07899643703968,86.17478005055,95.76386950990877,97.56640007381247,-106.42806436806659,106.64986108209277,90.02190986085589,87.19813448814148
2025-12-12 17:58:24.438973,Left,45.9851160487724,34.97466529808844,43.61959359080765,48.331970873280625,16.323272196493505,52.97709978625011,41.64863478177904,40.52575622439872
2025-12-12 17:58:24.442992,Left,-41.47096372166652,-52.362146986476546,-43.114579281757415,-40.66882794920821,126.59518713333391,-37.55267416370458,-45.493442121301086,-44.03660866028167
2025-12-12 17:58:24.445994,Left,-13.853845970524162,-9.813236045824851,0.6304494375328886,-3.01030414649631,19.112625050609374,0.4597084496668913,-8.707372065217896,-6.833567871676678
2025-12-12 17:58:24.449989,Left,68.70358660638158,77.31936678224974,87.44106135955485,82.45655543257271,-106.19668954801242,84.12078647121939,74.10106930555958,75.35893312715234
2025-12-12 17:58:24.453958,Left,37.33164412660699,33.0601478245444,42.21598235546185,40.522445556716775,-18.241355830471605,39.12433626606435,31.969273055454323,34.696353017868205
2025-12-12 17:58:24.458032,Left,-65.3091398826,-75.55801679430715,-65.63538603108077,-68.02992944590642,113.6241924372921,-69.36915001844568,-74.08051061534024,-68.77205879134544
2025-12-12 17:58:24.462099,Left,-58.3092066000745,-56.90165330322907,-45.18668027400213,-53.12785902890937,37.39989433988461,-51.802945928710415,-57.95563697943362,-52.64414084328473
2025-12-12 17:58:24.467114,Left,43.60781553009838,51.75957174726227,63.404402477250414,54.10212256672639,-108.74713686021926,55.720569442872375,48.056593609152515,50.93227041699356
2025-12-12 17:58:24.471088,Left,56.721403157527675,53.294986104424424,62.92798019869883,58.943049832324505,-53.494332502868474,57.740373946965974,52.36110258543522,54.24653638767268
2025-12-12 17:58:24.474098,Left,-33.26513470716873,-45.61871795760817,-37.18348845024468,-37.91494656285886,100.52060581721128,-40.50217411439144,-43.140611004935636,-39.85120921147609
2025-12-12 17:58:24.478040,Left,-51.062831938912495,-53.413421051321166,-44.69894672337466,-48.47546937998777,67.4874463922473,-49.40164068109107,-53.06450991780912,-49.22734582378234
2025-12-12 17:58:24.482099,Left,36.02350135463803,43.78026428644171,51.96028351302823,46.20381554222149,-89.06295666389656,46.364651278658584,40.747862535389686,43.10220584556464
2025-12-12 17:58:24.486100,Left,57.285478497656186,56.34657182163755,62.475777686315894,60.52427930747126,-76.66043218677441,59.69756652148271,55.74448774394659,57.605174649744185
2025-12-12 17:58:24.490121,Left,-38.45777465646279,-50.87615685303808,-46.13146802738885,-45.01315414708097,78.65065525624209,-45.5807831945217,-46.590126261385194,-42.817023748860265
2025-12-12 17:58:24.495115,Left,-82.27817490314465,-88.26188114908655,-83.45264076474413,-84.86217347610454,81.60681693636207,-82.768803031282,-84.44866426683438,-79.32389634148512
2025-12-12 17:58:24.499087,Left,2.5233861007109226,7.5345906979646315,11.665629940565367,8.509545262609208,-78.71580110598529,11.702263311142815,7.524285144185342,11.493487832764004
2025-12-12 17:58:24.502153,Left,56.31339189485334,54.7794637082261,56.614232821615104,57.85769847021675,-107.06746737191747,58.83134067887568,55.60537461387503,58.4457591236669
2025-12-12 17:58:24.506173,Left,-22.0562227456694,-36.59494285012988,-36.14988114006718,-31.13311710477865,46.513228561591404,-31.28079426874592,-31.132659045524633,-27.346773202970326
2025-12-12 17:58:24.510179,Left,-88.7986044776917,-98.71268311133099,-97.12869490131072,-96.37033484289896,93.00773610294345,-93.37532122044195,-92.91391960581586,-88.50029836847534
2025-12-12 17:58:24.514190,Left,-23.68005726335832,-19.119763117443654,-16.04511763066489,-22.225058722875474,-56.024045583423,-15.62462100745688,-17.73562369458614,-15.201730374351428
2025-12-12 17:58:24.518146,Left,48.223450748870164,51.70217086490538,54.65545282018047,47.44826978054607,-123.64225074099613,53.672098889323934,51.58049146889334,52.25759108584725
2025-12-12 17:58:24.523207,Left,-6.138592105389762,-15.340238094839151,-12.253768963532139,-17.775138225109004,15.055517434273042,-13.953694719688428,-12.73632050289416,-10.93288928927177
2025-12-12 17:58:24.527215,Left,-78.38031321156177,-86.33607379491423,-80.79741376855213,-89.90010104834619,100.07377634698969,-86.55476905493197,-83.9505087858688,-80.03229376550553
2025-12-12 17:58:24.530229,Left,-24.894273288509794,-18.50285889848601,-10.232070536377819,-25.28603959830616,-27.436489738418913,-21.593377873911777,-20.88557054208013,-17.414174091300083
2025-12-12 17:58:24.534247,Left,59.45247308376929,67.68039870125631,75.8713031787421,61.27554921479259,-128.79866672360822,63.0778879427553,63.53193209474921,64.90330744131688
2025-12-12 17:58:24.538195,Left,15.628604941559388,10.891185627220693,17.045565808451215,7.728159541025889,-14.32310856468257,6.929851667769981,10.726377435806171,11.639249612548156
2025-12-12 17:58:24.542263,Left,-80.90831964818972,-87.79992734163534,-82.74527824258314,-91.03748644941516,102.40292088490878,-91.83175837617546,-85.58443456502118,-83.79039173321053
2025-12-12 17:58:24.546271,Left,-55.6318627973842,-48.06132011204136,-43.26945531180934,-54.76597157765627,4.547295920303895,-54.49498329365542,-48.94449004310354,-47.86822498540005
2025-12-12 17:58:24.551226,Left,44.26435815603145,57.8576370256942,61.127596224061676,50.67467221348397,-122.15444194394922,49.31426098871634,55.237595212255655,54.15750623135341
2025-12-12 17:58:24.555298,Left,37.93078933860943,39.46416614075861,40.488606579955444,35.8190960469492,-37.26052856362048,31.39636331289057,41.229617693626096,39.63344714549521
2025-12-12 17:58:24.558254,Left,-56.28859244904652,-61.710274812105126,-61.257166906609086,-64.18093732867692,103.38540209054781,-68.84740888080887,-55.97242423995249,-56.11114992225839
2025-12-12 17:58:24.562308,Left,-59.99275856397162,-54.92375338677584,-53.72267392608342,-60.62965947955399,37.916643393228924,-63.344856947301196,-51.77660918918218,-51.424154270396
2025-12-12 17:58:24.567335,Left,31.143094873089467,42.78796233950152,43.43683879022785,35.516661346904584,-111.73165307145518,32.37196493379088,41.99716530787555,41.33742156316225
2025-12-12 17:58:24.571307,Left,42.81573335102621,42.770778012372375,41.521588390186366,38.57267610973031,-66.20588164631636,32.39602888774698,43.2883513712286,43.20108686286915
2025-12-12 17:58:24.574355,Left,-47.5555522370596,-57.278477574026965,-59.154690940845626,-59.26029200923131,90.77888013868301,-66.26854706909671,-54.23564190776142,-51.220908785868346
2025-12-12 17:58:24.578305,Left,-67.85403225530354,-68.09666197849992,-69.0300271373859,-72.31472047951047,69.19673054288978,-76.48651550328668,-67.71873992636847,-62.368024345546786
2025-12-12 17:58:24.582387,Left,23.202399828294347,33.03721296735148,31.85738463061739,27.10326024833921,-86.91587729284151,25.138431481248517,29.491292977640114,34.538770838180994
2025-12-12 17:58:24.585395,Left,54.97632392598962,55.26339276412932,51.909121704298286,52.249255213931065,-84.24983140796485,49.46795327816017,53.99398156431084,58.66441756846302
2025-12-12 17:58:24.590416,Left,-36.829155494376664,-49.92738671791267,-54.46577234188885,-50.039168458819404,70.29118826642434,-53.68728303331318,-45.662064399970404,-39.52715154822704
2025-12-12 17:58:24.594412,Left,-86.95159656925671,-94.28430419687174,-97.37538336603984,-96.49728337148281,83.49942517798127,-99.52123569275045,-89.7551495792693,-82.55352903608104
2025-12-12 17:58:24.598426,Left,-3.7574429535284253,2.1013191778894225,0.6126660500833054,-3.424799073014583,-73.2940294284906,-7.879767687065396,2.3047289907462982,8.217272441655496
2025-12-12 17:58:24.602373,Left,64.08969390026641,66.58519760464361,64.43418231366087,61.90640571306767,-107.66127509605053,52.22120641426045,65.50653088573938,69.78879724060675
2025-12-12 17:58:24.607457,Left,5.1476643892078755,-4.00070674191889,-7.747627111827484,-6.71672741280463,48.67156078454525,-20.73440376722374,-3.2208420840817666,1.1413872300859111
2025-12-12 17:58:24.610467,Left,-52.06255568388406,-56.9371212929243,-61.180059369186324,-62.139085666628944,111.03250463956135,-75.44313958369548,-58.230330103487546,-53.841056291225414
2025-12-12 17:58:24.613413,Left,13.566291442223587,23.005343529291622,18.475492249757792,13.431510957669616,-29.255542412924342,2.9530721423570867,15.574038179378817,17.912715658028446
2025-12-12 17:58:24.617517,Left,85.26046493139273,93.86290823978993,87.9125804367178,84.15557834853689,-105.00153960198952,74.20141191544099,84.07829040902027,84.1229973576933
2025-12-12 17:58:24.622480,Left,26.92148384703342,22.2137954031582,15.150027347958257,15.167311508050261,25.993837657488257,4.76928151964421,15.456195322150734,15.436067473776347
2025-12-12 17:58:24.626507,Left,-59.27584188610763,-64.20579437302786,-70.4749982837601,-71.68404423258721,116.06094191040086,-80.4869471224365,-69.97566528706261,-69.30832853991387
2025-12-12 17:58:24.630459,Left,-18.974476936105248,-10.407896391986469,-15.583459025066418,-20.41264687282319,-6.823222407307355,-27.712380000815756,-19.49360514653813,-19.978196629919694
2025-12-12 17:58:24.634532,Left,70.15073107603939,80.44272106561857,74.59412405763783,71.83027854233706,-114.70020361233915,62.45511695118512,71.13704588449446,69.14619428217065
2025-12-12 17:58:24.638536,Left,43.74330889527914,40.04136736782175,33.199317535961995,36.12722152723143,-4.638920674812653,23.645075095514585,36.75003704144956,36.057974048798314
2025-12-12 17:58:24.641480,Left,-46.613687634792996,-54.86436288730647,-60.563465261427496,-57.54099454531729,120.3420078576373,-68.85894622934666,-53.49626648218373,-51.281636306063774
2025-12-12 17:58:24.645555,Left,-36.25899803676839,-31.987084243323352,-35.678042652840304,-37.749840476407655,27.472436861747184,-44.36642471336381,-32.392944276153685,-29.669993953191806
2025-12-12 17:58:24.650564,Left,40.59454006084229,50.6797634646673,46.695805036456704,44.024466785465634,-113.52529928815241,40.12323598734065,48.12262854215351,48.80426009582243
2025-12-12 17:58:24.654583,Left,17.555963167187656,16.243773555650478,10.076986995131392,12.986291965728356,-48.15818306249372,8.556687947673709,16.82230708975476,16.440684908866388
2025-12-12 17:58:24.658589,Left,-83.19572908402915,-90.79644701818052,-97.66141680203577,-92.0067567702755,89.77847844464878,-96.18523742390153,-86.47324786841318,-86.07038559174453
2025-12-12 17:58:24.662537,Left,-82.63371719924407,-78.4302653201512,-83.83774547655867,-81.46890268703851,32.52409484116026,-83.3359222738768,-75.22344471230917,-74.79053856449809
2025-12-12 17:58:24.665555,Left,23.278103957159146,36.24369454373846,31.66759829740886,32.52498192479493,-118.21087827209328,31.46569852273751,37.553769449667016,36.78257006371041
2025-12-12 17:58:24.669618,Left,50.93905908570787,53.52277661729022,48.009278268080834,52.77686944682614,-81.33151234127001,49.798357381779624,57.469659916237106,56.93548237203959
2025-12-12 17:58:24.673626,Left,-36.415612706690354,-44.37990711443945,-50.63311445836189,-43.80914624961724,76.03495682807034,-47.73054222835208,-37.608091171520755,-36.173566962555014
2025-12-12 17:58:24.678640,Left,-67.37552916182631,-67.14502223951877,-73.16635931037627,-70.28138555481246,61.40521799694102,-72.45691768053325,-63.73490184535967,-62.00060567416949
2025-12-12 17:58:24.682653,Left,14.694897653093904,25.921329842563864,19.294209833477908,19.282741808644914,-97.93548481122048,18.02067416988075,23.714757076769274,23.02344739549244
2025-12-12 17:58:24.686609,Left,49.28892204923886,53.78497759336187,45.381169735007916,48.53147447340234,-105.83065237219034,45.27877929243812,51.58050822911264,49.33104601445484
2025-12-12 17:58:24.690685,Left,-35.187871439704395,-41.922070668466404,-50.935865805952744,-44.9637894794123,50.68998128396697,-49.72253251866198,-40.68322735505899,-41.54404773630631
2025-12-12 17:58:24.693694,Left,-82.98610287109477,-83.72561127170047,-91.68000424834827,-88.7207842630296,79.05377837754759,-92.02635347315834,-83.74826421740181,-83.48754644195287
2025-12-12 17:58:24.697702,Left,0.2795196397564723,11.783248097945034,3.635242135774206,3.933799530316719,-70.67403084037278,1.771400839565274,6.479541607563078,4.629010236734757
2025-12-12 17:58:24.701713,Left,70.71455074940604,77.30463776875695,66.49499445887659,70.8231778884483,-112.2007215837416,66.46691952208073,70.63375907551927,65.88651858669982
2025-12-12 17:58:24.706747,Left,12.280340431086188,5.006262668201089,-7.70409651195132,1.2743641277002098,41.040604791867736,-5.614193500226747,1.326790418868768,-3.5765636470605386
2025-12-12 17:58:24.709754,Left,-49.48330763840477,-54.492660869183965,-65.85528114990666,-59.67098019171863,112.55004170075063,-65.62984406757073,-58.23694524396342,-61.88109344013719
2025-12-12 17:58:24.713755,Left,13.919321139243038,22.831634144653435,13.688921182436388,14.182049706524595,-22.3660038120056,10.558799744582302,15.073711158423976,11.036420466210984
2025-12-12 17:58:24.717766,Left,88.93020533689196,97.94084166555149,88.91684523421918,89.66485446995739,-105.63984563091117,85.89129832498065,89.5890662306465,84.74947318870545
2025-12-12 17:58:24.722760,Left,29.77124708754127,26.245705292107232,16.519769038527556,20.6221107857873,19.75531032781555,15.52817427275886,22.131453395606513,19.189625187660567
2025-12-12 17:58:24.726808,Left,-65.92639780216814,-69.03710129416504,-77.76834900078302,-75.9614844858097,116.77429864858186,-79.97924771003863,-71.78157680074582,-71.36941580316306
2025-12-12 17:58:24.730805,Left,-31.54794554203727,-19.515883559315625,-26.649916821520492,-30.73987024394046,-0.06412580661344691,-32.62026395085013,-26.40040756687449,-24.831859103564057
2025-12-12 17:58:24.733789,Left,64.84631819578317,80.45554317835013,72.9975432073461,68.95445589632436,-114.90690179717058,66.44116298218705,71.50402361869783,72.42117438719106
2025-12-12 17:58:24.737749,Left,49.58073710057579,50.81383345292488,41.95745994146819,43.75104143022509,-12.491662626217476,39.156035965600495,46.12274915548187,47.77652309960831
2025-12-12 17:58:24.741809,Left,-37.278668688808466,-43.52699927533831,-52.228060442947935,-48.09388576989113,118.67071244370618,-51.61411375471744,-44.09111427214884,-40.68266848381609
2025-12-12 17:58:24.745789,Left,-25.86201466125749,-22.512295763373913,-29.890545146417026,-28.41737183020632,36.26683010631223,-28.353220335283368,-24.096335632644696,-21.15278740050053
2025-12-12 17:58:24.749849,Left,59.50743476283242,67.65936324316863,60.46581921199868,62.379916080493786,-105.1440388396677,63.34120718817394,65.39055898468177,65.89938016626365
2025-12-12 17:58:24.754851,Left,46.64993438453348,43.63890851771248,36.00142086359301,43.13822773533502,-43.534918538974125,41.54991166218315,46.235774214424964,45.95107519261728
2025-12-12 17:58:24.758819,Left,-55.77308877313408,-64.53371868239628,-70.72103333007544,-61.744377135319155,102.30166964289765,-64.75961620617909,-56.918742152276536,-55.87152241121112
2025-12-12 17:58:24.761879,Left,-66.20247847632709,-61.84608859618311,-65.09610853207414,-60.12318873257391,57.09618434859658,-61.96783639570913,-55.413998893223834,-54.354353733582684
2025-12-12 17:58:24.765845,Left,35.618423071238794,50.723299627054075,48.85335850309457,52.16668364085126,-94.71354448431703,50.48372613799256,54.16713767064539,52.97390163599448
2025-12-12 17:58:24.769851,Left,69.74342707951655,75.32198660998984,72.81908646251759,80.26599156133489,-66.75745598148751,76.5291536122877,80.69894541918984,78.39337256030376
2025-12-12 17:58:24.773914,Left,-13.521093246890814,-19.57606938263416,-21.99815479870449,-12.78076969007816,92.62997429184907,-17.24384211661709,-11.196013642842445,-11.848345855432854
2025-12-12 17:58:24.777936,Left,-46.52231612919604,-45.61169311424965,-46.46120008298385,-42.60203144531806,89.25883554972734,-45.30370278137525,-40.580728569411804,-39.73379013455997
2025-12-12 17:58:24.782959,Left,39.5748310477702,51.535358629400434,51.156085220825844,50.39399571521426,-67.72380644681562,47.923094525736815,49.974367085544145,50.274032400364376
2025-12-12 17:58:24.786967,Left,85.8580078741179,91.06838954189516,88.92906135104386,90.96474397836027,-82.93424023698208,85.36359741825981,88.2859625821693,88.35055578818356
2025-12-12 17:58:24.789964,Left,4.167353828353953,-3.36349761774909,-6.9607630229529605,-0.8181780217819323,73.32990435279498,-8.60816330984926,-2.777871240301465,-1.1255871897083125
2025-12-12 17:58:24.793972,Left,-56.125074834246334,-59.201970214297035,-62.07974597167049,-57.80905730750601,109.65577282606318,-63.72990447423399,-58.29218665360895,-55.9370339675188
2025-12-12 17:58:24.797933,Left,13.656653795173042,23.297191214103805,21.699291667669968,22.620979809038545,-41.948673592960404,19.136573354400753,21.6376639015034,21.967093297043903
2025-12-12 17:58:24.802004,Left,78.97963497229648,85.41388820160864,83.99021545075448,86.989808743514,-99.0931992048736,82.84071525570471,85.26525197934097,83.75516069438163
2025-12-12 17:58:24.805998,Left,14.571272677343586,7.888755234125711,6.670794702251442,12.967753802491643,43.602810349007996,7.559108579765962,12.486874339658243,12.070439250008349
2025-12-12 17:58:24.810107,Left,-61.17124220845653,-65.77418993498213,-65.77917697431803,-62.42341630041847,118.30986274474526,-66.23425332271472,-62.02858496635963,-60.66274840342885
2025-12-12 17:58:24.815074,Left,-7.5176236716797575,2.5171556379355025,2.8315419476075476,0.5831199622080021,-15.043871958614545,-1.1375500686735904,-1.4427949591045035,-0.6994782479850983
2025-12-12 17:58:24.818088,Left,76.3315698688748,88.08369919562028,86.20649603940728,84.03689289276372,-107.16807490128122,80.9098769289576,78.63822529408935,77.97313678481805
2025-12-12 17:58:24.822022,Left,36.91535278465017,36.47583336736352,31.88592947628058,33.48366700797851,14.166191305012035,27.061764391653924,27.908629800043855,28.20219901163
2025-12-12 17:58:24.827069,Left,-48.06626486690948,-49.80929173156619,-55.0537214215492,-54.05493071526871,121.96655019191167,-61.390763600071296,-57.406270573254005,-55.14874279549986
2025-12-12 17:58:24.830089,Left,-17.451795953598776,-6.1391752256931795,-11.025190300193572,-13.477161353614065,14.653024858442222,-19.742014036097316,-15.899587627747678,-14.304929791793256
2025-12-12 17:58:24.834095,Left,69.97878507007408,83.72368610941339,77.74667476404284,77.64144821861555,-106.57132158834247,71.12106226317883,74.92102023538973,73.73257253605698
2025-12-12 17:58:24.838105,Left,45.973588576660404,44.88041200083171,37.125273135618045,44.54480700661588,-13.5090920431212,37.06797989280494,43.16411332559437,40.58642998979849
2025-12-12 17:58:24.843065,Left,-48.122694034285814,-56.31664191066011,-63.897353524957,-53.4854758258989,122.46969832532159,-59.5320595944213,-52.46066430565406,-54.81661458214876
2025-12-12 17:58:24.846138,Left,-34.2308972850733,-30.823873975699826,-36.48762940666529,-29.599402232008288,50.330078811173735,-33.13721470561359,-28.522744492260244,-31.80011900934187
2025-12-12 17:58:24.849168,Left,69.49320210481164,80.24350522278837,75.78084294111068,80.89716780112212,-92.38005385926408,76.72410882766235,79.91347181539822,74.89961672191203
2025-12-12 17:58:24.854161,Left,79.11263603624684,78.92068826165269,74.77812763450129,82.47741562562078,-37.66092118181041,75.24708773247767,81.3360538975794,77.15069639094509
2025-12-12 17:58:24.858173,Left,-16.15005913385903,-25.050966053677257,-27.743541918081974,-20.498727767622768,111.5428664262854,-27.91454643535326,-19.042407238703163,-19.804912365365453
2025-12-12 17:58:24.862192,Left,-37.6509159008674,-36.75391617288187,-37.07440508036598,-35.784630740021385,73.95934345931892,-39.374535047714744,-32.686716220228845,-31.51604792798389
2025-12-12 17:58:24.866216,Left,48.81816778598295,59.86077529501199,60.29445066014705,58.19979713582143,-83.69247202605038,57.67701880893219,60.44181881350232,60.58648590989469
2025-12-12 17:58:24.869217,Left,71.82619333297043,75.29208854753597,74.70675718966777,75.7270342844422,-70.95069504957246,75.11033237332958,77.78512465567474,77.2762342826245
2025-12-12 17:58:24.873233,Left,-22.57687506457296,-28.279842320727766,-28.791630316945884,-25.947760631901474,83.6674433513599,-26.555775013959646,-21.741886755015003,-20.626318882230407
2025-12-12 17:58:24.877240,Left,-68.1564575493685,-64.78168005056068,-63.340522127693475,-65.27787154968973,86.21199899340536,-64.07365995594955,-59.80744678101837,-57.52893709811542
2025-12-12 17:58:24.882275,Left,12.201834590527142,28.438843603315036,30.86098652724104,24.608511739406822,-72.74867561063911,25.83046890328842,28.09131963834443,29.061966405963176
2025-12-12 17:58:24.886257,Left,63.762518238130724,74.06679954014908,75.05502271381192,71.42176843384732,-99.81547500507804,68.99659290138516,72.39022096392728,71.92410981940702
2025-12-12 17:58:24.890265,Left,-9.9543644480691,-12.999612732477544,-13.290818657045747,-13.461844785026187,53.32251822445687,-18.805408229593013,-12.576327151549776,-12.550975942860532
2025-12-12 17:58:24.894274,Left,-67.34973330681532,-66.42080576001172,-65.6850240838321,-68.91038311479133,99.64738774622128,-72.78533880148825,-67.32402464552433,-66.7525897714695
2025-12-12 17:58:24.897238,Left,4.339545011538576,19.32494326207234,21.718522270157337,13.913871506225405,-47.12577093775144,12.780411458446906,14.561498350700276,14.114020118868211
2025-12-12 17:58:24.901288,Left,75.52062329526234,89.33308281122663,91.94381630585667,86.10032741780742,-112.01160395137958,84.97632873441398,85.78901699890775,85.00592463953217
2025-12-12 17:58:24.905367,Left,14.83914583364458,15.758188351857825,18.29228835273534,17.22379310247925,26.654472159931174,15.307671205984661,18.262767432213877,19.738667062232707
2025-12-12 17:58:24.910318,Left,-65.31463416780753,-64.04273919517072,-60.26667705594264,-62.223833810912765,109.6563222819459,-62.39370761481041,-59.41085713936991,-55.748072508646146
2025-12-12 17:58:24.914279,Left,-17.11592263874263,-3.0719579677788715,1.7625042261006456,-4.328976360193337,-18.199094579091252,-2.360112674996344,-2.3432201806608646,0.2674985712255875
2025-12-12 17:58:24.918345,Left,68.52337693204754,82.6007914867514,86.26907931538699,81.33835305941102,-117.30156902814633,82.11143272728077,81.31029413559372,81.37984186186804
2025-12-12 17:58:24.922358,Left,33.03553863924026,32.384610556175176,33.977529055640844,34.21209780099889,-0.6412059831545776,32.54817419581741,34.430501608134364,34.071438961422245
2025-12-12 17:58:24.925360,Left,-52.43256501165524,-57.08514158349499,-56.009177554004054,-54.947482052877604,116.86429888913153,-55.67996596006196,-53.018339696551266,-52.18327491497985
2025-12-12 17:58:24.929374,Left,-19.787362201634096,-12.139725527023984,-10.707436311999118,-12.535293898108648,20.245698611008265,-10.005613881443423,-11.01274580572499,-10.184255202220811
2025-12-12 17:58:24.933375,Left,79.78559948116163,91.12730121859568,91.48341352614807,91.4647711479156,-103.98597145987878,95.04269907438356,90.7375458813658,90.807656874862
2025-12-12 17:58:24.937425,Left,67.99603137662052,65.47451215699766,63.96332129204529,70.28016491264862,-17.425052731994583,72.93784886361027,69.06819789365545,70.27131796842878
2025-12-12 17:58:24.942404,Left,-30.709257295999123,-40.76070449868894,-42.21999762217638,-34.50303915066252,123.12358298713661,-30.768692450215894,-34.228300567960105,-30.710401154383362
2025-12-12 17:58:24.946421,Left,-36.13772151596277,-34.969737725446976,-34.478642035386656,-32.213866220612545,57.29860404489409,-25.846769419473276,-32.06985377444289,-28.452428826640244
2025-12-12 17:58:24.950451,Left,53.11443327072266,62.27334267842161,64.00263508434,62.83229793366263,-92.71007860114514,68.93948829204237,60.590427751529205,62.163485071350806
2025-12-12 17:58:24.953425,Left,60.73307127013686,59.46946590146217,61.26181646176519,61.9903460771784,-49.95061243063719,64.92813150274378,58.84391973407401,59.956759855551354
2025-12-12 17:58:24.957471,Left,-35.640246872506395,-45.86564561437808,-43.06197214059648,-42.77469730213852,100.9388073308146,-40.84916004922343,-43.8856336306053,-40.93381178994059
2025-12-12 17:58:24.961472,Left,-61.96703593501661,-62.181163245762946,-57.30552506418826,-63.12483213518135,73.33625253813807,-58.70520693943399,-62.70618386957176,-59.34981881779095
2025-12-12 17:58:24.965472,Left,27.57317465767119,38.49196929269419,43.806985054578035,34.423134158823814,-84.6578977971676,40.12757153993152,33.58339470885221,34.31477580971659
2025-12-12 17:58:24.970422,Left,66.09103616280117,69.13131341941698,72.62237057718994,67.42785862831806,-79.6090767986625,70.76485096136093,65.03175154759629,63.442003732419835
2025-12-12 17:58:24.974488,Left,-13.327341743955913,-22.36400982921259,-20.01180798211135,-20.448661615020683,79.19610916894271,-19.310361222655047,-22.44465378008863,-23.68049013136988
2025-12-12 17:58:24.978507,Left,-54.29801748518912,-57.956527061742236,-54.538252597949395,-56.18871980866243,97.26706984650082,-54.00111959680362,-57.67418647149498,-58.2973046404295
2025-12-12 17:58:24.981542,Left,25.767208801977176,32.836381576928034,37.138174549558244,33.72216216414745,-55.427067952012294,37.7271519784008,31.197852480314396,29.19310430425503
2025-12-12 17:58:24.985523,Left,76.97273655296158,77.41678237089945,80.66111733566868,81.16154263135104,-90.11584485779713,85.2595744702885,78.30481865199363,75.11376465956528
2025-12-12 17:58:24.989531,Left,-2.9202011907309497,-16.184811911181896,-14.037760472419905,-9.200088353394676,59.36174419003328,-4.70083194039762,-9.952738589032379,-11.882746118524665
2025-12-12 17:58:24.993557,Left,-73.60134472263962,-82.6686666958667,-80.01101013515563,-77.28520260584992,112.5778381462842,-70.69875504359152,-76.54795973916771,-77.04514576384827
2025-12-12 17:58:24.997568,Left,-10.475636247692819,-4.369036095644333,-1.343859544946099,-2.2871650503002456,-32.31239137866396,4.556200897350209,-3.7650936853824533,-5.322844324895414
2025-12-12 17:58:25.002572,Left,64.2549064885261,69.91661945482156,71.60328108589238,73.36177221438084,-106.81490662977558,76.27064745769167,68.60800348309385,65.5227841112137
2025-12-12 17:58:25.006589,Left,9.696040209420971,1.8078317138915736,2.385897131269303,9.385462496915352,26.969805590566466,8.499922977724054,4.695086739398903,2.620436732409871
2025-12-12 17:58:25.009572,Left,-72.37790496825801,-80.55640314728407,-78.83007629807526,-72.77976200741068,118.69555151785971,-72.48138930029381,-74.99984481739375,-75.16252140046527
2025-12-12 17:58:25.013620,Left,-30.036516302072414,-24.091811343389054,-20.69239684470176,-19.489830257893118,-2.74437443908937,-15.47633620441411,-20.824622772539442,-21.469240477332278
2025-12-12 17:58:25.017645,Left,55.222627354434735,64.2104245298342,67.2932724923512,68.51354851834549,-109.54057769974497,73.31427470153358,66.49823186654248,64.18202415178894
2025-12-12 17:58:25.021636,Left,24.006794151524446,20.88851908964898,22.86702057871571,27.82743409779323,-0.2973719787241862,30.78443075094401,26.616268943333125,25.10708971675558
2025-12-12 17:58:25.025650,Left,-60.174036770811654,-65.87684195435213,-63.13785970374465,-59.37834326979828,123.87716027793613,-56.7053162620723,-58.58673662424371,-57.30789782205011
2025-12-12 17:58:25.029659,Left,-28.974386368065097,-21.129304185255023,-16.570477309723174,-18.607939992525644,34.97433659356466,-14.718168237915961,-17.64170126915633,-15.381615726385462
2025-12-12 17:58:25.034691,Left,72.98499569972955,86.12046032133094,90.78364574337775,87.30236872932073,-96.77047400680749,90.41247011731684,86.93575212766882,88.0037856160061
2025-12-12 17:58:25.037661,Left,64.87531525085251,65.21141819764034,68.58601584075768,68.82993721499952,-22.76920767500269,69.81216406428211,68.89961546589257,69.89331531480093
2025-12-12 17:58:25.041630,Left,-37.21994584350978,-44.07479569636871,-40.693256434174145,-40.649599998456324,118.00142948751636,-39.0137729032831,-38.43510401459662,-35.74639478363679
2025-12-12 17:58:25.045698,Left,-49.96471149726676,-44.88290392142335,-40.197729315164,-46.502288544537805,58.93438322638576,-41.78814532292381,-44.089717256632866,-40.82674176865021
2025-12-12 17:58:25.049713,Left,39.226962734988774,53.475729237012274,58.12976181671365,48.228560301820835,-94.71947864383401,53.45215849737724,48.10456410061943,50.17005733313181
2025-12-12 17:58:25.053715,Left,55.67389560012998,59.41884644756283,62.40021640595296,55.52565960369793,-61.18004375284181,57.55086575540554,53.60412907467071,55.408174408887135
2025-12-12 17:58:25.057726,Left,-31.32038987742999,-38.796315700528794,-36.58602457266579,-41.449823310644206,92.4619813389454,-41.71023338289888,-42.783219936878595,-39.88477239591157
2025-12-12 17:58:25.061742,Left,-52.884665996760305,-53.23018767010126,-50.336546601390864,-58.39839445272446,76.36657472563274,-57.79192520423749,-59.3189506438639,-57.181167683910644
2025-12-12 17:58:25.064769,Left,37.27497326253979,46.381981868003095,48.888183925201474,39.731498400258715,-80.54138303764921,40.84849677751663,37.65657688826286,36.324999112405294
2025-12-12 17:58:25.069749,Left,70.49325002460137,71.09276361375396,71.2185529534512,67.84959054002138,-85.59151520605155,67.08851944329945,65.59547834774366,61.758871980673575
2025-12-12 17:58:25.073776,Left,-22.080057300194312,-33.686980995630165,-35.45761137820722,-33.72495147364134,69.79984639263785,-35.40102431638661,-33.80167561910821,-37.0825663472483
2025-12-12 17:58:25.077779,Left,-74.86537342148404,-79.84500488657568,-81.34518825895987,-82.0690464373638,94.29176147791259,-81.65561879794222,-80.63588664383724,-83.14132415271115
2025-12-12 17:58:25.081818,Left,9.8607175630259,18.724297235695303,18.183063769173714,13.324181144998875,-57.63504284728697,15.188259209167882,13.249697903579545,9.516206214716021
2025-12-12 17:58:25.085812,Left,80.4680634029719,85.59630027527646,85.49053589929508,82.48903748606426,-99.5321190576251,82.24604302528132,80.46897018212348,76.08659693626169
2025-12-12 17:58:25.089823,Left,13.101765424475161,4.537171425731231,5.672532892566323,6.535069954374194,51.08763367467691,3.7473840731381642,4.97410682691816,2.989238726623512
2025-12-12 17:58:25.092831,Left,-64.32480201357612,-71.01879829963195,-67.3231510390624,-67.68586179244812,116.4077757495088,-69.9635647041523,-68.47917032044552,-67.55731839634626
2025-12-12 17:58:25.096846,Left,-13.707701037325023,-6.9578751769952305,-2.0254044884591167,-5.220000899471415,-24.599284243106013,-6.231536725959813,-7.8903405977841885,-6.898446983836173
2025-12-12 17:58:25.101860,Left,58.599458332353606,64.89654182799723,67.84267659120223,67.17037037639057,-110.62016798775585,64.79635671803408,62.09919211745478,61.7646936537829
2025-12-12 17:58:25.105879,Left,6.842025660718718,-0.07817110982443864,0.05135081213302328,3.5005829341598655,14.648636181918846,-0.6545337098668824,-0.7792759859548823,-0.6639344279518582
2025-12-12 17:58:25.109895,Left,-78.0079447568769,-85.39878991934282,-85.68655331082618,-84.91139854179892,112.01463270121894,-87.45275201893492,-86.5646059930865,-85.10738535752216
2025-12-12 17:58:25.113900,Left,-38.7657803748134,-32.27098509415174,-31.173553326946603,-37.3370917650991,-5.097617671533953,-36.77277921395398,-38.55153344642383,-37.69579238023448
2025-12-12 17:58:25.117945,Left,53.23009604587969,62.112197262900395,64.09188665027523,56.08663609046562,-121.45269004540842,56.74271997213691,53.3977194514861,52.692991485899256
2025-12-12 17:58:25.120916,Left,31.04649820341001,25.552122427631957,28.437723755026127,23.27889483524814,-22.01011256545462,21.85136340565805,20.61190058940116,20.57934968064501
2025-12-12 17:58:25.124920,Left,-57.38198127522264,-68.65845017259471,-62.985703980884864,-69.38953015323023,106.1801677521571,-70.6880100662438,-70.65339592049042,-68.50728939101873
2025-12-12 17:58:25.129895,Left,-41.20995130490155,-40.441747696552966,-31.315602836614744,-43.57225160164671,23.30402251536998,-42.62123603308828,-45.252157892796276,-43.11365767965208
2025-12-12 17:58:25.133968,Left,51.70938292153369,58.845850760832946,69.14606166553222,55.20660894673074,-115.84278149543115,56.4729428979299,51.38466768602984,51.233197135973114
2025-12-12 17:58:25.137961,Left,46.114948578839176,41.92792794442403,51.40085073658247,41.75071142683373,-52.69063098429615,41.04255388514139,37.414373946550995,36.37069313655684
2025-12-12 17:58:25.141983,Left,-51.189444786807144,-62.602413817242905,-53.03797391993885,-60.843506666610665,90.66434434011717,-62.08754165123537,-63.85103086994013,-63.44374788918867
2025-12-12 17:58:25.144984,Left,-60.505247273638815,-60.75501477500711,-49.89980419398853,-61.31879011845649,40.42534963996604,-61.07382080109528,-64.57411857591705,-63.55041891710607
2025-12-12 17:58:25.149005,Left,37.676367719069276,46.32613792346319,56.994304976229614,44.146413291946374,-114.3833911704105,44.54049605288128,38.65205451008387,38.09163890342643
2025-12-12 17:58:25.153006,Left,66.10193034102394,64.10409098564014,72.72111677459179,64.19702252694333,-85.88818575940513,63.37875239235291,58.417218744416004,56.68441302034171
2025-12-12 17:58:25.157080,Left,-20.889797389341766,-34.30773168988799,-26.7215034786841,-32.49618015126862,74.39595869621007,-31.410254493504,-35.241721255219545,-36.4205083177867
2025-12-12 17:58:25.162082,Left,-56.60439508684067,-61.95103317331359,-53.36405480315807,-62.11649282708322,69.56113982388797,-55.13267882396303,-62.45521518374471,-63.77179756064197
2025-12-12 17:58:25.166084,Left,22.74397774573572,28.993221753991747,38.161178250216835,28.024321018004684,-90.04231002839333,39.64951464982914,26.856330175623953,23.606731832695004
2025-12-12 17:58:25.170079,Left,59.475483065339176,58.230331476448555,66.53832517899355,61.871237318398016,-106.6245329641306,73.76153656764109,59.48343958879195,55.522146526807774
2025-12-12 17:58:25.173079,Left,-26.327868111960925,-41.65466177135386,-33.25427914293141,-32.55380643340959,49.96701754763308,-21.24481019547875,-33.95210550070624,-35.471258151721486
2025-12-12 17:58:25.177067,Left,-82.40157660196292,-94.46998411580171,-84.05584165610526,-84.82422327777476,87.72350272369295,-71.63466045982841,-85.49547633553357,-84.42743357513245
2025-12-12 17:58:25.181092,Left,-5.34104143226341,-5.977363490278549,5.3919171945271955,1.937639416771617,-61.18405766123942,17.145407695636095,-0.8673819908153746,-0.14618897368018224
2025-12-12 17:58:25.185036,Left,66.7845606162191,61.226837306496236,70.44630751566729,70.3541235739217,-114.48515136430888,85.2195602055499,65.16334090885994,64.415175878441
2025-12-12 17:58:25.190094,Left,10.64881803278422,-9.577779176836884,-3.071138005976536,1.415121242079067,31.416210609998416,16.155679668368975,-3.074079723595787,-3.4980805879622494
2025-12-12 17:58:25.194052,Left,-54.531491894446845,-73.43457322486483,-67.26348179625893,-64.99174583574609,107.31146577085565,-47.6914928271317,-67.67424725501314,-67.2407392733985
2025-12-12 17:58:25.198126,Left,6.483236303211015,1.478120994083838,8.389550015150235,5.720388893083964,-25.60517071711456,25.097359026543018,2.3177810478910033,1.5315676869904564
2025-12-12 17:58:25.201134,Left,87.86102023080275,82.62530393349152,88.66314555908866,87.61436425147303,-116.31051800631849,104.9610382282126,82.12585459386719,79.33314086346945
2025-12-12 17:58:25.205129,Left,37.76814034452127,17.683501963547315,21.891503510350958,26.99662979111747,6.70008591437454,40.82605345513548,21.338625025709916,18.640382033257993
2025-12-12 17:58:25.209189,Left,-57.49107921995437,-80.42445957804375,-76.87971111823572,-70.20616175219823,114.75786886246442,-56.84300633931616,-75.01886083974296,-76.51227978174757
2025-12-12 17:58:25.213172,Left,-31.38568400074564,-40.86593439961507,-37.69614980996994,-33.33256448872618,6.708865415888795,-18.847422870046103,-39.3079570845066,-41.585725424933116
2025-12-12 17:58:25.218209,Left,56.86384430561793,51.43650012287617,52.24401151339771,59.04109524508543,-114.43568289491395,71.59154171699356,51.03382070125099,46.5872582605698
2025-12-12 17:58:25.222198,Left,38.166333897701406,19.811106317294616,17.27038855959836,30.861197116796262,-20.252129202233846,39.14235369525841,23.53664995705458,18.761448561619545
2025-12-12 17:58:25.226205,Left,-48.33649738846316,-72.08001109791076,-75.97781967732226,-60.5086894961334,116.48427478438589,-53.95245956667077,-65.1239817016858,-68.5193316309178
2025-12-12 17:58:25.229213,Left,-31.696028495582595,-42.64965865840895,-46.10352621558195,-34.69871265190102,44.392710027617795,-26.780084940933193,-38.53933703661096,-41.85242727549303
2025-12-12 17:58:25.233221,Left,64.71263816123428,61.71209595432083,57.66555432463065,68.2455958732271,-97.74086753346364,76.65735643696553,63.12312579851823,58.706073451732664
2025-12-12 17:58:25.237243,Left,61.6628185928339,48.28286700405988,42.26090285789178,57.68525219708704,-41.63901993169202,65.00038973795267,53.00703363167668,49.50492173791645
2025-12-12 17:58:25.241241,Left,-41.35460676700586,-62.30309837281493,-69.32804055673842,-51.8241200187108,108.6264263470357,-44.03491992244335,-53.91929083042851,-54.35439118088834
2025-12-12 17:58:25.245248,Left,-60.61836291099644,-70.49091170115389,-77.30443530343109,-63.48117279876442,72.12243740013582,-53.84555888202772,-65.0218357916383,-64.0157925385356
2025-12-12 17:58:25.250279,Left,35.32904950087777,35.59351405934285,27.788692773621733,40.516091274287646,-82.29718030205731,49.140609574046096,36.09875585068403,35.44003836509728
2025-12-12 17:58:25.253280,Left,70.7763025159179,61.70533124030044,51.437946923888376,69.56119404794708,-63.818456960153526,73.7755198040167,62.787020062549345,60.491721943677476
2025-12-12 17:58:25.257300,Left,-12.35923405008225,-32.690269023867586,-43.949315175486845,-22.363734361574643,96.22491085624642,-21.161262231275714,-28.48898533415195,-30.027099938119136
2025-12-12 17:58:25.261246,Left,-54.056384138383464,-66.07794617768923,-75.64850536268568,-58.24421176457281,101.30749932107301,-56.55677724212069,-63.41674074282855,-63.61104824805807
2025-12-12 17:58:25.265316,Left,20.2979860581288,21.974979729318875,14.140370785713458,27.081392231509653,-57.42345227428177,28.806677656529246,20.981047570481678,20.831592776019534
2025-12-12 17:58:25.269325,Left,62.904385564851054,60.272322561806504,52.273844492432545,67.60955570101032,-84.70447160212188,66.39317805154406,61.07007158612578,61.14780313036681
2025-12-12 17:58:25.273369,Left,-14.570664593442189,-29.178770387601617,-37.5080936203085,-18.471066582967524,68.00693125811358,-22.006897223451233,-23.038455712530777,-21.248238768028386
2025-12-12 17:58:25.278361,Left,-71.60078881073764,-82.01805343458545,-89.1997746889283,-72.54414221995467,113.28193180390826,-74.62870957481846,-75.4712313953969,-72.707622144977
2025-12-12 17:58:25.281373,Left,-1.2141038865978544,1.1011862183713674,-5.173804640871822,7.425309366664806,-34.0047575661647,7.46132007723827,3.1994597366247035,4.2566452704759286
2025-12-12 17:58:25.285329,Left,65.88877975222786,64.9563196516774,57.63034314900506,71.94378770139065,-97.8918037858466,71.04006713639683,65.97128497555059,65.06348752493068
2025-12-12 17:58:25.289379,Left,1.0355965510623264,-13.888491522197,-22.43683342505028,-4.456541070299863,41.193397973445826,-7.152539247150344,-9.339576768832558,-9.525109743526627
2025-12-12 17:58:25.293330,Left,-82.14088623227974,-95.84213161993102,-103.68408391213597,-87.97802540223165,121.26048353934675,-89.68826961590275,-90.70284571452248,-89.21509661362143
2025-12-12 17:58:25.297413,Left,-36.31105553802445,-35.231901186130926,-41.94022886580569,-31.413179158033927,-11.794083840654821,-31.179083168397483,-34.342772318806965,-33.53738101743875
2025-12-12 17:58:25.301420,Left,48.320491978101245,51.19677613214117,43.79335893749521,54.654131919467545,-114.7160454362338,54.0813968229495,50.42006024112925,49.16704243616368
2025-12-12 17:58:25.306450,Left,14.793790117949584,4.090172397160131,-4.614636959882773,10.28534834330003,0.4751642665378313,7.598312995382912,7.096623905974411,5.525665292147096
2025-12-12 17:58:25.309449,Left,-67.88828854397138,-81.68485072283329,-90.0028940299926,-75.73615082262222,116.27435819244874,-78.06955222659599,-76.60340761398584,-77.42945040504856
2025-12-12 17:58:25.314391,Left,-36.869466368033954,-37.392617711044295,-44.714355744847126,-34.736761937594565,15.877090996292281,-35.46569160734998,-35.90479482983392,-37.84536654472686
2025-12-12 17:58:25.317483,Left,56.694879597569525,61.044444446286434,52.837819157088234,63.52114181565685,-112.77899005618019,61.6709427036385,59.835019539195855,55.71903872514122
2025-12-12 17:58:25.321498,Left,41.65599121409923,33.49156730395771,23.369831579489983,39.600734391231526,-29.544270258465076,35.009073914709006,35.292949964565196,31.25929978764725
2025-12-12 17:58:25.325484,Left,-52.656803064335236,-67.36184330273136,-77.69774404390773,-60.38893425122296,108.23274763214886,-64.64647803000844,-62.85042979595892,-65.02983096660319
2025-12-12 17:58:25.329480,Left,-49.56457950976301,-53.23856491937295,-62.68006717731987,-50.289027107327456,40.06814000864961,-51.392006004090945,-52.08772575009607,-54.46490924504724
2025-12-12 17:58:25.333512,Left,46.34329427722969,49.152952135757005,38.612266803098464,49.33242666078513,-109.22697645578728,49.169915919750565,46.00785110095603,40.89306539681456
2025-12-12 17:58:25.337523,Left,57.91055655853961,48.3283754077147,34.69658852575594,50.284472742311664,-61.05008086720909,47.828002523598116,46.48202693003623,39.729404474366675
2025-12-12 17:58:25.340545,Left,-35.22502047762873,-55.16896348874616,-70.64139898434587,-51.94799693235291,96.89289219339616,-55.59070768451966,-54.17813026751719,-60.154736047117694
2025-12-12 17:58:25.345541,Left,-61.250681046582486,-71.50777499791184,-86.5474151933413,-70.91169896239808,73.49728539480702,-73.25136970882158,-72.87756250173697,-78.45473531505195
2025-12-12 17:58:25.349542,Left,20.261506441049278,21.871880363989476,7.286935542320862,20.783421474126953,-83.95669939855134,18.357732430022224,16.53334694462501,9.995728343059454
2025-12-12 17:58:25.353570,Left,43.138185495732614,38.363757665774756,23.439646061906387,40.23239953157281,-80.54366112809794,35.057074556931184,34.903657670674875,28.898669951557167
2025-12-12 17:58:25.357687,Left,-49.42118525507158,-64.39330265839271,-78.45024619675314,-59.91326793637381,74.40519785472497,-66.23474495361916,-62.79872996335507,-66.00610226601202
2025-12-12 17:58:25.361606,Left,-90.87877183699857,-98.54737979946185,-109.97352111770306,-96.66445013649536,86.29820235358511,-100.52520393262785,-96.74289247865636,-98.60493616655367
2025-12-12 17:58:25.365604,Left,1.1762732158849758,5.8945129740423,-3.574173148645059,4.233783634017527,-71.91886685142481,2.0668597121511993,4.298506421291677,0.5157480452126038
2025-12-12 17:58:25.368613,Left,67.31474642523153,66.46716743079014,57.12696639214846,65.99289730704004,-108.03420855101785,61.39527049424214,65.3812900375251,60.28583013927164
2025-12-12 17:58:25.372614,Left,-4.646238381237708,-19.14554918270005,-27.988855874733417,-16.782350331997804,43.34970320707362,-24.575308655837944,-16.630452987901663,-19.01463284710553
2025-12-12 17:58:25.377565,Left,-78.25930216124289,-89.67636038026285,-96.36268995829232,-88.42106969120505,98.13832240548663,-96.1281889638467,-88.03427399033899,-86.31110502891534
2025-12-12 17:58:25.381650,Left,-25.10929546305124,-23.002157101122066,-28.323991194785776,-24.210687180309833,-46.95537188591243,-30.488789160101078,-26.267982251445574,-23.207169037386848
2025-12-12 17:58:25.385658,Left,41.635352760688875,42.362616311833335,35.467219794965786,43.048008423696956,-121.91186636164821,35.940678224158546,38.34066018993508,40.63356965488492
2025-12-12 17:58:25.389674,Left,-11.506177944622323,-23.79493060855384,-33.1655859081402,-19.21741789691805,12.16684152817811,-28.119829878656674,-23.62598695028646,-21.177912504424967
2025-12-12 17:58:25.393681,Left,-83.47499468471597,-94.60553886075286,-104.44386307935565,-90.64176286517795,104.6121551389499,-99.43184860725705,-93.50894415236507,-90.28719034189817
2025-12-12 17:58:25.396692,Left,-30.683233077869772,-26.71847173209062,-35.873319450573035,-26.604570971821886,-15.379176924239118,-35.06701476467424,-29.95188500936638,-27.392891469202368
2025-12-12 17:58:25.400634,Left,56.75910136766652,63.49010572903353,53.79486628685481,63.293558666990066,-120.05671179206274,52.36831064028047,58.74706412800333,60.36387177936194
2025-12-12 17:58:25.405703,Left,17.54837380276058,11.288886260903382,0.5624214842755464,14.250717891854947,-10.623836799952187,0.3159873505064752,11.23350431257495,14.225887969922042
2025-12-12 17:58:25.409729,Left,-80.02649362758257,-89.24850064868042,-99.35200010052358,-86.24386796583894,109.51294062309876,-99.41669510393695,-86.01103076704385,-80.64459980784886
2025-12-12 17:58:25.413717,Left,-61.172894875414386,-56.42558383188043,-65.21414214853212,-57.30272630421496,14.860447866101367,-67.39859391132995,-56.18929594876863,-51.09513684694139
2025-12-12 17:58:25.417740,Left,35.60183575829615,46.49204742604525,37.210322936352895,44.24521220886891,-119.06760439080631,34.28986796761819,43.69661031452051,46.22643110191348
2025-12-12 17:58:25.420751,Left,33.847442138023325,32.89538421693578,22.240372781558108,33.56276261937819,-42.274002654291735,20.52900430628506,32.495287624569755,34.19458511765879
2025-12-12 17:58:25.424809,Left,-54.20454435152624,-61.62610002442307,-71.24806904502475,-59.76246072134745,102.24834902014277,-74.31479494795349,-59.44235623815621,-55.79568796285457
2025-12-12 17:58:25.428723,Left,-56.72373788166351,-51.96408262926707,-58.065145034754096,-53.06312149454425,44.34509202113077,-66.16456272377036,-52.460963355324566,-47.3084896577584
2025-12-12 17:58:25.433829,Left,31.988735877259387,46.04276146534721,42.73087020281673,43.50568745142118,-109.47357509253925,31.026778961208038,42.69792134577074,47.50609909295963
2025-12-12 17:58:25.437807,Left,40.08350784223421,44.452877403273305,42.08114059050058,45.07647521017134,-75.02571567962673,30.810948932083193,44.177851574997476,49.356620268748884
2025-12-12 17:58:25.441822,Left,-56.9390065785401,-61.70450540544152,-62.917644220244256,-58.85659213409053,79.5971327895827,-74.02528573384188,-57.91572709642787,-50.562510083485904
2025-12-12 17:58:25.444822,Left,-84.51041520339732,-79.07701805194665,-78.35263848356408,-79.13623579398154,62.68720861388556,-93.0339790506514,-77.91919021551257,-69.37263431265455
2025-12-12 17:58:25.448849,Left,8.02651402290303,25.78558958496069,26.916191271786374,22.232002410428322,-95.47884399710688,8.041730114400707,20.68941670462118,28.044272022441874
2025-12-12 17:58:25.452841,Left,51.80591368826663,62.556592315208036,61.84928553821919,59.520365113602566,-99.7792576287959,41.71958004361113,55.60117440986687,62.08678438410607
2025-12-12 17:58:25.456869,Left,-28.52268855348302,-30.041048339218833,-32.077255345520825,-32.118478250294174,57.885114658506836,-52.90207979266415,-35.61920056870895,-27.863523891999648
2025-12-12 17:58:25.460802,Left,-76.63969848818124,-72.22963255461946,-73.34650199085809,-77.1645293700949,83.75054192580274,-97.57625501493021,-80.01147465081704,-71.12279295185726
2025-12-12 17:58:25.464880,Left,0.9938547768351782,19.09719564660645,19.00479629066467,11.201634859478872,-68.85371034646778,-8.50343661253828,6.992546353602847,14.985470617309147
2025-12-12 17:58:25.469901,Left,59.488519189662384,74.65565946014885,73.71995277355563,68.66155672730747,-113.06411491904032,47.473808810142145,63.63232975952451,70.66651971911051
2025-12-12 17:58:25.472884,Left,-13.452163879430827,-10.85024115078977,-12.792793938844625,-13.314366695602985,34.663146978577515,-35.27135439702033,-16.091663003271606,-8.397639069718934
2025-12-12 17:58:25.476892,Left,-87.0278798730451,-82.14979466745717,-83.50279297121779,-85.12662742407247,98.4019309799628,-104.42947232699407,-85.12245417943723,-77.53984326123464
2025-12-12 17:58:25.480918,Left,-30.31870636196618,-12.946614848393438,-14.059111336260685,-18.169266504359257,-40.973111209938224,-34.21072662581355,-18.110661430796426,-13.722203578603512
2025-12-12 17:58:25.484876,Left,44.93512710385312,59.770270410529065,56.4143257553842,56.50215149490941,-122.73366164521417,41.01663473522785,55.64816622772014,56.24452813427342
2025-12-12 17:58:25.488946,Left,-4.858153020371901,-5.709344692713785,-11.824158457766316,-4.376457057468542,6.309368052033278,-19.94620127627968,-3.893421418826165,-4.174273538596935
2025-12-12 17:58:25.493998,Left,-85.11537885242296,-88.5523760622209,-94.99240361448392,-86.30525380548534,105.53841454836765,-99.4560843149502,-83.73850354672595,-83.24658221580376
2025-12-12 17:58:25.498017,Left,-40.163771874286795,-31.074985633907545,-36.42198612714856,-31.294750152339475,-9.031897015591767,-41.606140480691465,-29.3189395941331,-29.7772730118877
2025-12-12 17:58:25.501063,Left,53.32011636771426,64.26456163779517,58.62153372551893,64.06715270467248,-120.10504776665312,53.488055514882035,64.10441572870627,61.61321281704704
2025-12-12 17:58:25.504082,Left,26.84622189227548,23.710369750684777,16.910577871852183,25.990645524069805,-15.666174771077294,14.26568451532512,26.97318515242705,24.391465699628952
2025-12-12 17:58:25.509064,Left,-66.10745867456899,-74.2477460873688,-80.51010223225876,-73.12205781363991,113.21244292644451,-81.80528796602266,-68.38246281092279,-69.69297541692185
2025-12-12 17:58:25.513061,Left,-48.71866566411768,-44.63371909114528,-49.15738782484004,-48.5479624112063,28.654938494149974,-50.65107390754747,-41.3656643771057,-43.26839565521732
2025-12-12 17:58:25.517034,Left,51.370811556572164,60.483001686975406,56.138644823523464,54.766718958606816,-108.62135350906374,57.31425179261714,61.901596220752594,57.765603947919544
2025-12-12 17:58:25.521083,Left,55.11346662123346,50.507596866520885,44.9853346078512,48.33673880229935,-38.39266383458744,52.11464889460876,55.827046586425695,51.27624220118241
2025-12-12 17:58:25.527080,Left,-34.73555135549947,-48.56111470028418,-53.691969742873425,-48.42862307526775,113.02200748173755,-43.15696505330061,-39.403329832015515,-42.17321292908866
2025-12-12 17:58:25.530079,Left,-40.88984730534935,-44.114134145902426,-47.14017396335612,-46.44435415693624,68.01574938366866,-38.166758017343454,-37.404173897909004,-39.69991463412158
2025-12-12 17:58:25.534080,Left,56.808776727974646,63.34096387179807,61.04388873669791,58.82834075317032,-84.40134623720178,68.50194744697637,66.14642010304442,62.02248316730942
2025-12-12 17:58:25.537096,Left,83.8871305300795,81.13577544948203,77.5034226446337,78.02573090310989,-55.266913887597184,86.68838625152739,85.46347489106893,80.51064646253508
2025-12-12 17:58:25.541104,Left,-3.523668265849892,-16.93270229821701,-21.053122376652937,-19.638718223886144,104.32963309477964,-10.846935338940057,-9.416891095851952,-12.878005317562156
2025-12-12 17:58:25.545063,Left,-38.21151396558753,-43.49902907887099,-46.18482876038183,-49.73774889161143,98.65064190420162,-38.48755193122054,-38.13053062064637,-40.98531588161427
2025-12-12 17:58:25.549068,Left,43.951493338506225,50.55436788054885,48.54741386221349,42.219390399808844,-60.43224921579804,54.56336171724163,51.745158061347865,46.868898736180654
2025-12-12 17:58:25.553126,Left,84.42654643223796,84.71155716879184,81.13650357879305,79.8555217320827,-76.0943732220594,90.22897519864762,87.27290960208393,80.63584411262809
2025-12-12 17:58:25.557157,Left,1.615592779058261,-10.557805377849036,-15.710062979826944,-11.75165938839082,79.05900710121387,-2.6496596225219946,-3.8044638151677646,-9.847089714376125
2025-12-12 17:58:25.560152,Left,-53.27886623007771,-60.935328964639666,-66.04201355281475,-64.3472278006588,113.04094040501059,-53.39788434331717,-55.892536241305606,-61.43207601942777
2025-12-12 17:58:25.565180,Left,21.971143525398475,26.471250729729036,21.13351447147761,18.660118146321224,-38.623504582034,30.97022269116451,24.84421637201558,17.434515400094824
2025-12-12 17:58:25.569133,Left,88.85477727399802,89.24894096847402,81.97326779549257,81.62075706668895,-91.86358466244383,91.54554530871337,85.01541546002682,75.54990659404848
2025-12-12 17:58:25.573192,Left,26.648464448996037,13.864591666405431,5.2893501907346945,9.357526221504486,55.146606739253,16.28130102138448,12.530780888752815,3.5622658841575685
2025-12-12 17:58:25.577153,Left,-42.20570496178925,-51.652439725505246,-58.68451040531727,-55.887600468855,131.57717399527974,-48.39660220497353,-51.81104426263846,-59.18358327068199
2025-12-12 17:58:25.581229,Left,17.452678014321464,23.85286105213163,19.190900291387152,18.269094684602578,-0.47111937291720096,28.12150681560479,21.734526750827172,14.38227896214994
2025-12-12 17:58:25.585216,Left,97.52159358243625,105.16896750813248,100.84033806153093,101.87214026744573,-89.46612732801532,112.16002619641768,104.8272453990894,96.8194677415031
2025-12-12 17:58:25.588252,Left,44.960095985616135,38.56421134688571,33.58654640088207,39.513990123838994,33.81013607393925,49.82787564824048,45.027492061864905,37.953895079093854
2025-12-12 17:58:25.593248,Left,-52.94166067655715,-62.11972745713683,-66.13945775634602,-61.3533040184127,138.65698368264202,-47.945129120736055,-51.885265243160575,-57.492411127634114
2025-12-12 17:58:25.597258,Left,-27.378145739877255,-23.395738405373777,-25.677090836024945,-26.920562926443836,25.477265039320628,-9.292519973208073,-16.164102736011955,-22.287965352322317
2025-12-12 17:58:25.601217,Left,63.71243602047616,71.77048335391555,69.41521532026854,66.28811530664325,-99.81684763854628,84.53109967491946,75.83156645749477,68.26629775679703
2025-12-12 17:58:25.605294,Left,49.09718047748447,44.80030611542861,41.29326989526089,40.88603912614326,-8.248092956003802,56.42393953903775,49.998084799593926,43.32580941857759
2025-12-12 17:58:25.609368,Left,-35.863964682850565,-44.81687715926091,-47.672310850872236,-48.95978715468618,126.52353371471509,-35.3849896319598,-39.65227710718682,-43.370742409551895
2025-12-12 17:58:25.613304,Left,-19.76454284187912,-15.584465671810904,-16.32602356235293,-22.98141939064317,53.32432816101527,-10.118069866429323,-16.022589726553633,-18.25281434608496
2025-12-12 17:58:25.616347,Left,79.06695952340215,90.86668927790015,90.73828909362419,82.34840182390417,-88.85301326358558,93.05443933741753,84.94981164636738,81.97328843537616
2025-12-12 17:58:25.620342,Left,84.23483467090227,84.76460926403706,83.56591392144946,78.49670825864587,-33.06618223794476,86.40697912439919,79.20580462879298,76.15655641483318
2025-12-12 17:58:25.625336,Left,-8.038597302246671,-16.24119446700388,-17.553354393274276,-22.647953880421028,116.13948511477156,-14.29092225613931,-20.200295568714864,-21.708923455347758
2025-12-12 17:58:25.629286,Left,-21.05675193790512,-19.399709232757232,-19.535321727633345,-30.355912359468675,79.73842298443242,-18.83343096599856,-26.342937408888247,-27.319718160123557
2025-12-12 17:58:25.633405,Left,70.80772770803287,81.81541793109864,81.6660131485005,68.29374276759063,-73.05488123731084,80.42403266071233,71.75431971006037,69.36088610733987
2025-12-12 17:58:25.636365,Left,92.52278514307909,94.45180221625196,92.73804971744175,84.3035263349816,-55.193583170373586,93.05415132571397,87.81877497516689,84.71277036509491
2025-12-12 17:58:25.640333,Left,-4.697850294488944,-13.12651712292245,-15.26054531844784,-19.383676733294124,99.50709526008109,-13.052508367623886,-13.743613422428098,-15.768622320038958
2025-12-12 17:58:25.644391,Left,-49.37736384374148,-49.58481961045254,-50.204514743982145,-56.55377215148792,98.96347266968655,-48.69654134062057,-49.745731860384694,-51.649263212804726
2025-12-12 17:58:25.649406,Left,34.32474025133524,45.62178533850056,45.66869725512515,37.07143345914028,-59.46093690312273,46.921136255746205,42.14910914515167,38.134436013740014
2025-12-12 17:58:25.653347,Left,87.47395200034953,91.22067395383601,89.60076357410799,84.94311226733862,-82.04000269127528,94.1989404338392,88.30228289827937,83.1442506252879
2025-12-12 17:58:25.657410,Left,12.567714886473368,2.35968028257048,-0.7930048168636858,-1.1133226589731748,72.48470831002936,7.465737366963367,2.979343032466204,-0.07867255585370003
2025-12-12 17:58:25.661381,Left,-47.3586069344974,-53.25587231312056,-55.724908553540445,-58.04863064676465,114.89744517956693,-47.898915379307255,-53.26659846803159,-53.75841199268234
2025-12-12 17:58:25.664446,Left,21.1996353193681,28.744690919491404,27.440327893855283,21.924694067193286,-33.9899630171966,32.94008034321814,24.837465965216325,24.32199247569497
2025-12-12 17:58:25.668447,Left,89.1402815933177,93.13065114707751,91.4910104621049,88.90195113437198,-94.55876629775537,97.38165162299629,90.06812994122356,88.65127916409165
2025-12-12 17:58:25.672470,Left,24.72641141670715,13.70078374066361,11.783256570437516,13.45220404273573,48.5172500413255,19.2795159902862,16.449710725533805,16.03591397998389
2025-12-12 17:58:25.676465,Left,-61.71157114957276,-71.81801832968995,-71.92201561868569,-73.27957910270743,128.09072975840763,-66.38032700771146,-66.90198913544191,-65.97200774255089
2025-12-12 17:58:25.680488,Left,-21.501828659497875,-15.79145817008066,-13.622203617473133,-21.74107209947988,-8.354662488473423,-12.666741751499103,-14.729673864114375,-15.06695404504353
2025-12-12 17:58:25.685442,Left,60.74575703309256,69.71429747253387,72.05224848854778,63.15453367852615,-112.36569758853648,70.89223819694416,68.3974184130102,65.70118108519728
2025-12-12 17:58:25.689506,Left,30.90300762257891,26.96767837621519,28.670357286122453,23.498003891151257,5.267183659513194,27.89911252479851,28.116423159506667,25.64676668123502
2025-12-12 17:58:25.692513,Left,-45.623050417241984,-52.68296668984476,-49.3264004689845,-55.87127799368102,123.93017525000323,-51.94211677906969,-50.34817540353106,-50.581390671601184
2025-12-12 17:58:25.696517,Left,-12.829203413285995,-6.3535540778621,0.4773627356844372,-12.582410938154567,24.195152784790935,-6.505971494619644,-7.047197229115227,-6.547231285667294
2025-12-12 17:58:25.700533,Left,73.59752084379397,85.80835688012758,94.83695302321576,79.37977076058513,-106.32142497824407,85.89782155700232,84.2342452999701,83.90362716913205
2025-12-12 17:58:25.704497,Left,44.39942150108527,44.78091508367379,54.153123096719355,41.92445723361175,-26.079253912518652,46.80232513492274,47.812977760747344,47.97740668468123
2025-12-12 17:58:25.712685,Left,-64.3580646780647,-70.51629144257913,-60.805830398079706,-72.36290165753269,110.18195907513018,-67.64140075376099,-64.58005783523913,-62.852166214450335
2025-12-12 17:58:25.713593,Left,-69.61790598076277,-64.4841570904855,-54.56178125304723,-69.84924078689428,43.08496817066407,-63.7605699085243,-62.9548473780269,-61.902814828161354
2025-12-12 17:58:25.717673,Left,26.557594689103553,40.04955129980499,48.29914960954193,32.74593437188423,-105.72875326918984,37.94872923556659,35.99570677216343,34.16316924536659
2025-12-12 17:58:25.720612,Left,45.23492723523759,49.440320553610945,55.21076541000002,44.984615797876586,-61.352355353008534,46.97692686545156,46.12892177391859,43.351323488042
2025-12-12 17:58:25.724599,Left,-37.02874143897043,-41.111285524601044,-35.31987100615879,-43.025207903658156,91.18729201874612,-42.2012411725691,-40.92365180288107,-41.21932070531602
2025-12-12 17:58:25.728555,Left,-50.57740026713691,-45.75810027780244,-37.40100276300291,-49.06859588793543,67.71062261002498,-46.57104306738006,-46.56853818933405,-44.41080299459645
2025-12-12 17:58:25.732599,Left,41.76113295942196,55.56412596775863,65.3872350365782,51.057166446598785,-83.93625437409901,53.467517316192925,51.13612894954349,53.46729676630639
2025-12-12 17:58:25.736626,Left,69.71409075350766,74.89755788383718,83.56146503449418,72.55847544908283,-76.66190227021434,71.39565298572958,70.24693575308947,72.6184681312152
2025-12-12 17:58:25.740676,Left,-24.90490157150998,-29.889410880003197,-22.414317703194683,-31.0989375634706,75.79508504101796,-34.81230245877774,-33.161896227168654,-29.289384894349496
2025-12-12 17:58:25.745668,Left,-73.78783723881497,-70.48021292417889,-62.50341364341875,-75.04504689126475,84.8976918854205,-77.49309916687622,-76.18169979287222,-71.4149371531148
2025-12-12 17:58:25.748684,Left,9.586863805656321,25.133950313479545,33.302560466305295,17.63435608335658,-69.75478615995598,16.669206890407168,15.90874724883497,19.625767821439695
2025-12-12 17:58:25.752682,Left,71.1428685769124,79.80157002059696,86.32341017085855,74.73569127988253,-99.67679506927925,72.55745015082357,72.82983007856046,76.03747998867857
2025-12-12 17:58:25.756644,Left,1.1142817081890826,-4.759343935394099,0.3904159051562601,-5.9769409854520745,52.083450471631295,-8.993144607135719,-5.612050039452697,-0.39311739724871586
2025-12-12 17:58:25.760643,Left,-66.53462276582832,-68.99928452967151,-63.007923476208816,-70.61490132366771,101.33229592817588,-71.34229904477638,-67.97727646864246,-60.476580451821974
2025-12-12 17:58:25.764714,Left,-6.846574759889336,4.807901277639303,12.162315821820812,1.3889814127069258,-47.11714395161653,2.766156776839125,3.3085497292031505,10.912878374053435
2025-12-12 17:58:25.768725,Left,65.0843576272091,75.17096180644785,82.64668165112016,74.20032012915362,-119.38383747765874,73.91475756057616,74.27626663921046,81.75724735115
2025-12-12 17:58:25.773764,Left,12.205649485997128,8.4274286783334,16.582745685664122,11.604519522988085,17.75401764947128,8.754060432534061,11.93674649361219,21.918150377839083
2025-12-12 17:58:25.776747,Left,-68.81654261942094,-72.17913040172016,-60.92094363472643,-69.65990226391432,107.31696615744113,-71.57313504364083,-68.47929791639967,-55.092677715219
2025-12-12 17:58:25.780761,Left,-31.427425736352234,-20.135276507734943,-5.5402029402212065,-21.578839440520824,-19.690438763342172,-20.961677518905162,-22.358553551158423,-8.29407226653484
2025-12-12 17:58:25.784779,Left,44.972463417756444,58.157286099791236,73.247241687317,56.56881935290539,-129.21854460416034,56.5378941813492,52.28986287858763,64.76969072507882
2025-12-12 17:58:25.788780,Left,6.1779113920893,4.566972087666954,18.2567534507034,6.746130735745737,-20.058148541193077,3.7027853735480676,1.3590884113962147,13.061370001431442
2025-12-12 17:58:25.792785,Left,-82.55184526622179,-89.02310634976789,-75.67209249405641,-86.07143498522373,102.14435177436462,-89.80784254347145,-90.35318992204543,-78.71692546001077
2025-12-12 17:58:25.796757,Left,-54.410471850053,-47.648035475141114,-33.680056765981135,-48.35869559307139,9.423691461293856,-50.19798471016475,-52.626176238072844,-42.74048900674552
2025-12-12 17:58:25.801814,Left,46.55337612293624,59.918121537198886,73.1890703888239,57.208495235252485,-123.88530869422539,55.94930341103918,51.90010200827419,59.155717819630354
2025-12-12 17:58:25.804760,Left,43.90627168894571,46.03627221128215,57.69158973424419,45.01896137022595,-48.12855696673796,42.65363908200925,40.68303679395399,47.61459254233887
2025-12-12 17:58:25.807784,Left,-46.35853975210375,-50.66649625772095,-38.82715738411207,-51.69631533737993,94.86290413716415,-53.12929357455596,-53.21626518086828,-44.72539738602836
2025-12-12 17:58:25.812877,Left,-50.49288724870166,-43.12297539663393,-29.223693994972564,-47.82294083002853,36.742580458372686,-46.00219979988924,-48.345496263436644,-40.163294808358614
2025-12-12 17:58:25.816896,Left,35.471740263756146,51.33326718841647,66.26094751096025,44.93248624146236,-116.41108004130729,47.922198658323396,42.82671646177937,48.298018470698025
2025-12-12 17:58:25.820872,Left,40.08246426756159,45.35475295213901,59.44233161734155,41.79426775769025,-82.74744263115645,42.392475233151345,38.82060536747122,42.777994850420555
2025-12-12 17:58:25.824820,Left,-57.25312705306169,-61.8120732626696,-48.06121824355796,-63.71195172688931,69.2849400584928,-65.10087288001796,-65.73424130205149,-60.78735351766284
2025-12-12 17:58:25.828886,Left,-81.80670020277103,-76.25074597656214,-61.508687105168065,-81.26772732846712,50.44058006233172,-81.83913783029675,-83.47395230808115,-78.05331719040578
2025-12-12 17:58:25.831883,Left,12.327868618331195,30.860160404647218,45.66923634564591,23.397869704955156,-107.26658946066163,23.706666333659996,18.949024786983045,22.834693674154266
2025-12-12 17:58:25.835864,Left,53.82393599136958,66.09078078066341,79.20351382115769,61.67791007801043,-109.8188574989108,61.02884549085593,56.42440771478414,59.489967248526426
2025-12-12 17:58:25.840932,Left,-30.608089278821353,-30.825380993188674,-18.90442029460246,-31.28987004757346,48.88023971597431,-31.975803678572447,-34.14059317064084,-29.734864576449382
2025-12-12 17:58:25.844963,Left,-82.06766890954896,-77.84585095091461,-65.6847614099861,-79.2825114080133,74.48990282427985,-77.31984394990741,-79.82688061370573,-75.10712504594187
2025-12-12 17:58:25.848890,Left,-5.581907500985835,10.312683167491741,21.77505549932539,6.086299368195796,-78.93008197963718,10.047669891737314,5.103645685068386,6.712594562392724
2025-12-12 17:58:25.852948,Left,55.55995449679176,66.79055859055643,75.614283257637,63.81806827983564,-123.30821046773781,66.38994497574276,62.001028463069815,60.07201847836461
2025-12-12 17:58:25.855911,Left,-10.298700371607993,-12.952521404437675,-5.7162970999925165,-12.556270347086866,26.23345020211127,-11.956467396712469,-13.054441358547592,-15.3580133044577
2025-12-12 17:58:25.859986,Left,-75.93060865225561,-77.27852069377695,-68.4393097612301,-76.76814601329625,93.65980286858394,-75.56515413857778,-75.88982008715539,-77.09183350701448
2025-12-12 17:58:25.864052,Left,-16.510764562746772,-5.321922645054201,5.787752221676783,-6.360737877862448,-43.347888356751355,-4.165145249959096,-6.754584031358263,-8.885430856391736
2025-12-12 17:58:25.868058,Left,54.732744482873386,65.2726339869123,76.290463659534,66.30362566317399,-127.49109958591725,66.67285268980595,63.916469886159575,59.7432668790791
2025-12-12 17:58:25.873043,Left,-0.1650109490583418,-2.1600592945073913,7.491644470625033,2.962989234014458,-3.4129095481548575,0.5637876060609415,1.0343228813558198,-3.2528364358090585
2025-12-12 17:58:25.877047,Left,-80.09752561440473,-82.17426378162918,-72.82284128133688,-76.97002611054177,95.4535435978396,-79.61289117978959,-77.30167531924053,-80.64920577716725
2025-12-12 17:58:25.881065,Left,-29.655592402312323,-18.411484428817857,-9.169590839068405,-16.377018016643888,-12.460377279036038,-18.10150090866773,-17.26690387417011,-21.62879783864969
2025-12-12 17:58:25.884054,Left,67.52463844947488,80.69099444900439,88.04666617757903,82.62086711389657,-117.8673509449909,79.46992981323092,79.74298501566864,73.27590316077635
2025-12-12 17:58:25.888098,Left,38.36432338914892,38.171057168811785,42.99398728413507,43.19060332459776,-17.061952451556863,37.21054977457425,40.01837003625815,33.66824014639951
2025-12-12 17:58:25.892071,Left,-59.89195782769093,-64.07246903459418,-60.15593270659156,-58.977142613674914,103.29571299102827,-65.75325186924965,-61.2873965517465,-65.70434975787248
2025-12-12 17:58:25.896092,Left,-44.201020463569876,-36.24574593683565,-32.60378697470151,-34.775537057717884,17.045310573255847,-41.00920040959318,-38.21208715156081,-42.28097842384091
2025-12-12 17:58:25.901097,Left,57.21299618348348,69.29118050773877,70.86373473796266,69.68485070288534,-113.87254065843081,62.073144803809555,63.7772566236672,58.291619097851935
2025-12-12 17:58:25.905101,Left,58.11096007787273,57.2108836055113,56.19359282757432,60.43883039935372,-41.5970842256138,50.74249804997089,54.80101180524525,49.46566453412379
2025-12-12 17:58:25.909186,Left,-43.19762967800125,-49.5118061349458,-49.959045441915805,-45.71841124403818,99.22840052507308,-53.89019679401099,-47.81010806821905,-50.553165991425885
2025-12-12 17:58:25.912123,Left,-65.2142841267123,-56.45405056932259,-53.19860952935778,-56.30136427047728,39.40650253180502,-60.31721598818149,-55.716784944637766,-56.3624000933014
2025-12-12 17:58:25.916177,Left,21.081268317553622,40.658447468665145,46.688359188450704,39.32937710260103,-118.0342439619817,36.144463343076495,39.755394052523116,39.33252683852106
2025-12-12 17:58:25.920174,Left,46.78499458664737,54.163375831297344,60.04299042552884,56.46469463873018,-83.22788306669099,49.71774911310422,56.75262511869278,56.878371772817445
2025-12-12 17:58:25.924189,Left,-35.101357499686856,-41.35254946218902,-36.35707978406754,-36.67406240787932,80.43303451976317,-45.37361427434735,-34.735646751487366,-32.782485370760696
2025-12-12 17:58:25.929193,Left,-66.15328060212778,-64.18156654429185,-59.274141526810126,-62.81243631784673,68.90581517517057,-68.55035585256883,-59.98414895111455,-57.47861579854316
2025-12-12 17:58:25.933196,Left,14.596184321351757,29.89361313882364,33.8643877720624,27.98445454963894,-99.43516860626187,25.840428549412536,29.350981082354338,29.94229824725153
2025-12-12 17:58:25.937205,Left,53.931730217536824,61.97932437097916,63.5495707851569,62.824924146495505,-115.53069644639618,60.79581274184784,63.23110478576291,62.43403881714357
2025-12-12 17:58:25.940244,Left,-27.14677723632485,-34.670685106544624,-34.10034928360801,-29.204876888777108,49.10135229364096,-32.52520677458051,-27.108924359223238,-26.528211131175794
2025-12-12 17:58:25.944243,Left,-81.91300773999319,-85.6675125078491,-82.7470292708058,-80.67741988256603,90.03412565286271,-83.89443387075517,-76.83967287778341,-74.41319025126768
2025-12-12 17:58:25.948250,Left,-10.347398205376521,2.2376501753678895,8.533190070909768,3.5263471149883117,-67.07959841100455,-0.17985859985128627,6.57829244111781,8.83063524061572
2025-12-12 17:58:25.952260,Left,52.607518319815426,66.33869077722466,74.1130590796729,66.91496094739523,-132.14458801563887,59.9740221021093,68.57733697899766,70.28726626951811
2025-12-12 17:58:25.956261,Left,-12.046013982424483,-10.966830109193324,-3.011074398717028,-8.813506795531794,10.624798369568452,-18.741296272888576,-6.870221036547264,-3.878197666681899
2025-12-12 17:58:25.961285,Left,-84.84966130082103,-84.69746432010106,-75.91420114650828,-83.70746397445419,93.3763107518862,-92.85640476790286,-81.79785019059636,-77.34535972423828
2025-12-12 17:58:25.965303,Left,-32.659214845945826,-19.96620252923367,-10.018246299303428,-21.820103253434354,-33.79491357705774,-28.48113991012542,-22.586203879774075,-18.801748037220023
2025-12-12 17:58:25.968307,Left,40.03993077202176,55.570613962795505,65.91911231076665,54.42136405623842,-129.15495229519365,48.20993799457028,50.803946339719914,53.25871430591269
2025-12-12 17:58:25.972354,Left,-11.345726198254852,-6.0201659955946525,4.782775176283394,-3.7838882014539195,-15.719538843306509,-10.531066041581653,-6.885147815767596,-4.135555673148701
2025-12-12 17:58:25.976334,Left,-94.33308799766019,-90.92527463435181,-78.69958537334969,-88.16466045378183,92.00117535887694,-93.47774519767336,-89.06039796889945,-85.96919201395349
2025-12-12 17:58:25.980283,Left,-47.44053790311591,-34.01730263350328,-21.060454048316387,-33.36625339891725,-3.9118277636189305,-36.627209100699474,-34.58701234471664,-33.728064727802575
2025-12-12 17:58:25.984372,Left,56.41783936221327,70.6193250478791,81.72712447992672,71.82638592308649,-114.3125948593879,68.13181950630496,68.03962191196842,65.81128045687547
2025-12-12 17:58:25.988370,Left,39.68886307681532,41.09534979150885,49.29304663123003,45.385237097216304,-23.147358956764947,40.164464920246246,40.416743098443476,37.95321620927007
2025-12-12 17:58:25.992398,Left,-54.75761890342983,-57.494279999325045,-50.42018449193165,-53.16910806481428,103.54318957298528,-57.463372441263346,-57.86475880251601,-58.38162443203282
2025-12-12 17:58:25.996378,Left,-45.90011732823041,-37.54842535729313,-30.29151270514194,-36.41032006297246,30.20042180898963,-38.42168748594304,-42.589363711044825,-42.873784659602734
2025-12-12 17:58:26.000391,Left,49.634297071006586,61.44600162403185,67.55529004539676,62.40601332679307,-102.5994400980453,60.14007755927378,53.29409857514656,51.23549618493098
2025-12-12 17:58:26.004430,Left,51.23780478084154,49.31273061303909,53.15905879365346,54.38283051584767,-40.49865236325422,50.32250479712275,44.93752734528334,42.64380235272847
2025-12-12 17:58:26.008470,Left,-47.83621235323881,-57.692045241916276,-54.66128984982788,-50.55993642320209,103.95078261746676,-52.95743767831482,-57.26308263796727,-57.5605155856415
2025-12-12 17:58:26.012460,Left,-67.07250216047032,-65.78798604296117,-62.43777275315006,-61.13430058175072,57.89264171382092,-58.15463171726515,-66.4824835700847,-66.09772362509739
2025-12-12 17:58:26.017483,Left,27.41645902030359,36.52458457683406,38.22600148493257,40.12490260347931,-99.27828143083025,46.866041237011814,32.813657592927484,31.128039450924007
2025-12-12 17:58:26.020458,Left,62.34679148925352,58.04168642172772,56.05799744883734,65.54672588689391,-78.8746272838689,72.50875308296418,56.54899954763823,53.14012434301685
2025-12-12 17:58:26.023480,Left,-20.5439967256425,-39.87767648230147,-43.72588822037687,-28.801292639034727,79.82322864829621,-21.0847068803414,-36.70755697345339,-39.58740405885419
2025-12-12 17:58:26.028489,Left,-61.02569600359857,-75.17536151117656,-77.47499312125001,-65.1397441290701,81.08534541155132,-54.392001024893034,-71.84260524863294,-74.39264553557177
2025-12-12 17:58:26.032428,Left,14.66232235388452,11.212381227269361,10.784435429890436,20.026169966624366,-77.5834141935702,31.918936323096204,12.264511219095766,8.079878963800638
2025-12-12 17:58:26.036530,Left,55.224294492403715,45.818998038522295,45.319811006038435,57.55581870264177,-102.32328756575043,66.38840407933276,48.794843826681245,43.477914028855594
2025-12-12 17:58:26.040533,Left,-27.399980238373246,-47.31862584087594,-47.960727489331475,-32.98623837238938,48.713862287451775,-27.336971875811287,-40.46601675126112,-44.31918734301962
2025-12-12 17:58:26.044553,Left,-85.49691619133591,-97.95922993143631,-97.29038958659112,-86.49098859225069,90.59014015453067,-80.8063309221543,-92.93483329695482,-95.0367283274868
2025-12-12 17:58:26.048565,Left,-6.448318667335116,-4.719176694406997,-3.388724238886425,2.618948824760082,-51.53966459413277,8.507345070560405,-5.724709373169389,-8.352137506095005
2025-12-12 17:58:26.051550,Left,75.14143892842912,72.58435037442177,72.41248435027683,80.83565223383357,-102.21004040355001,84.02029342831338,70.17263269602608,66.54594985278345
2025-12-12 17:58:26.056543,Left,20.82053138178162,4.36343525294069,3.1023977128079423,15.562197473400374,42.915265437022754,16.42603158267957,5.835447269377255,3.4185047871910683
2025-12-12 17:58:26.060580,Left,-61.26095869825804,-73.17861909699513,-72.75496084421229,-63.59249104493938,114.34749236935386,-61.038728068022465,-70.5042650422588,-71.07613316452534
2025-12-12 17:58:26.064578,Left,-19.533358109043547,-14.126904914945044,-11.633100926229417,-8.24337868827115,-26.18352062260965,-3.5520038021495566,-14.016245262071152,-15.145681992933532
2025-12-12 17:58:26.068606,Left,64.77929694103841,68.70221930452226,70.32038234335778,76.27999177881247,-116.43659525131989,78.29962754209919,70.57440164225636,67.61637670300797
2025-12-12 17:58:26.072607,Left,35.79007864285268,19.530197144694284,18.855459864211298,32.64877397564578,22.752581661758086,29.64278043961349,28.811118462839204,26.09531916250762
2025-12-12 17:58:26.076630,Left,-48.97638221411398,-69.49862824883803,-69.97025160245994,-55.99692839143154,143.49212012033422,-59.72213286791157,-57.11894403385895,-57.96160049491664
2025-12-12 17:58:26.079637,Left,-34.19012690146519,-34.077808928160266,-32.137776397602465,-26.425625839536224,19.268275971029652,-26.622308278201672,-27.434339597226426,-28.06750626914527
2025-12-12 17:58:26.083653,Left,43.25402350063996,55.220832794136186,57.92743943347614,59.98958812465207,-130.70998178964328,60.88656180138423,56.67909340269762,54.42132593805445
2025-12-12 17:58:26.088654,Left,34.287675702931665,30.248236133691535,31.08465073795287,39.36768679002853,-31.966796969558345,36.47362064711342,34.766599327640506,32.01289203313536
2025-12-12 17:58:26.092670,Left,-35.80557802629846,-56.13861558770532,-56.746945608002534,-42.95566661529938,144.28386515591046,-49.21319803760343,-46.935537121883044,-48.54243348756381
2025-12-12 17:58:26.096696,Left,-22.57320668925786,-32.440610865408416,-32.22799972745452,-22.164098667518374,85.69989780636479,-27.016013955950257,-25.61438617828344,-26.893211559022802
2025-12-12 17:58:26.100713,Left,51.3041715779018,61.737731934953445,63.21242493511727,66.4541665396373,-102.9403802388515,65.2763098333071,63.429062054541646,61.320698450875284
2025-12-12 17:58:26.103703,Left,33.877804641466355,44.54032974909569,45.72507045941347,48.21948590707689,-94.7153043571625,48.75825040816926,47.5450087994177,45.86028352129608
2025-12-12 17:58:26.109729,Left,-58.603546784466744,-63.90035411419376,-63.97144992771064,-57.48386586471679,79.61947625568428,-57.41078404615837,-54.74131234324659,-54.613653006608274
2025-12-12 17:58:26.112712,Left,-58.133974264270364,-70.58671974302251,-71.26657519129913,-63.002743291632214,109.77665650953259,-63.671431882108664,-59.204149419458645,-58.70430217373723
2025-12-12 17:58:26.115774,Left,37.54472649908894,33.49908302025233,33.63619981831107,39.02273161945595,-36.22569318327169,37.9664689064648,41.45205797477365,40.533546595246605
2025-12-12 17:58:26.120766,Left,47.745915292123755,55.32800084664041,57.65717570664856,57.32742838559989,-90.35984316813301,56.11411702455189,59.55040239936807,58.555756391527524
2025-12-12 17:58:34.868205,Idle,1734.4462295207768,2063.37189190704,2057.083389516112,2045.9167321526534,1190.064563567906,1895.2413680306854,1900.3149050111192,2135.7901030918465
2025-12-12 17:58:34.885245,Idle,9328.953390982306,11099.168091066138,11065.638993675462,11005.6667805619,6430.896625550184,10194.036241979702,10221.530388906249,11490.078825542138
2025-12-12 17:58:34.888195,Idle,21334.720382903433,25388.312042379275,25313.13182850426,25175.546771542136,14799.8448738576,23315.661154143112,23378.799884094395,26286.805415149636
2025-12-12 17:58:34.892247,Idle,26609.478933042436,31678.786111743222,31589.59621531533,31415.151139454094,18598.287815181735,29089.777528157647,29167.548088811895,32806.919525470126
2025-12-12 17:58:34.896293,Idle,17973.39609452289,21417.52793962173,21367.02863326625,21242.18786679489,12634.137689663225,19668.477167595367,19716.474495602815,22185.978441572224
2025-12-12 17:58:34.900291,Idle,2073.2458075478353,2491.2334094282123,2503.376641890485,2477.804438319741,1385.3454112764302,2298.8043608274747,2294.430957204677,2583.8691849183087
2025-12-12 17:58:34.903284,Idle,-9855.378679448884,-11729.209190866182,-11674.775539182127,-11617.782327142399,-7058.084062240043,-10750.485569881916,-10790.249558080046,-12143.522177319042
2025-12-12 17:58:34.908351,Idle,-12915.898728060536,-15385.004068264388,-15324.024890824687,-15237.937791055301,-9024.763679145573,-14110.707064552116,-14153.42872435553,-15919.393923436233
2025-12-12 17:58:34.912312,Idle,-9321.46121894219,-11095.203661059088,-11050.193610558228,-10984.593033439596,-6310.264700851054,-10179.871949023684,-10207.126482782303,-11466.879725547391
2025-12-12 17:58:34.916319,Idle,-4043.3877414214076,-4801.947371632094,-4776.361831704446,-4748.171378886502,-2722.070603414788,-4399.641737115628,-4412.385180577752,-4953.031306309567
2025-12-12 17:58:34.920369,Idle,-1092.0351689750096,-1298.3042120673927,-1284.3371380533208,-1275.0134108776692,-869.0751691620098,-1173.6576630705385,-1179.5841843312955,-1332.8270582590485
2025-12-12 17:58:34.924354,Idle,-1692.5048249895335,-2023.2936761253513,-2010.0362944359658,-1991.4564118544804,-1234.201234603941,-1837.7464999577496,-1842.9456613864168,-2081.4460380395176
2025-12-12 17:58:34.928361,Idle,-4159.156646108488,-4951.370270667016,-4931.697245125775,-4894.630341424141,-2767.166025865765,-4532.762284966186,-4541.998706002021,-5107.641871611122
2025-12-12 17:58:34.932395,Idle,-5681.790129822446,-6755.474387651775,-6731.400565702468,-6686.983741661534,-3880.2071402388974,-6191.406718392624,-6206.176695830072,-6981.5288490066305
2025-12-12 17:58:34.935374,Idle,-4973.502265139017,-5923.996465908829,-5904.265113759902,-5864.855908279191,-3586.053723637364,-5424.69779398432,-5439.846072635264,-6132.742870582384
2025-12-12 17:58:34.940414,Idle,-3236.392976174946,-3869.9173578269547,-3859.5718576845247,-3827.655293386779,-2338.492846431269,-3541.8034393914277,-3551.062803280074,-4007.4943443316733
2025-12-12 17:58:34.944402,Idle,-2428.669081429951,-2899.8774531185627,-2894.262870311737,-2866.9248006844427,-1556.3816039848025,-2661.1705716083525,-2666.7054234343814,-2996.366405403125
2025-12-12 17:58:34.948426,Idle,-2997.1199347553775,-3560.898792102351,-3552.568094407674,-3526.5371552566066,-1957.1186299133115,-3271.361072851578,-3281.1050554134417,-3682.4662422360852
2025-12-12 17:58:34.952434,Idle,-3725.98327274248,-4433.751171660959,-4422.36217543669,-4394.4423107510665,-2692.160971933219,-4066.443742651725,-4081.6379119526828,-4596.119804768357
2025-12-12 17:58:34.955448,Idle,-3514.0997887307312,-4196.879947794019,-4187.935460162116,-4158.182921538479,-2574.4013632005663,-3847.0982983345166,-3860.4532392647816,-4352.424227712327
2025-12-12 17:58:34.959373,Idle,-2649.303890082403,-3162.893310457119,-3158.5529572095256,-3132.7972627464915,-1742.2646061891573,-2905.7981703386176,-2913.8462162624346,-3273.74145287578
2025-12-12 17:58:34.963464,Idle,-2188.320513378363,-2596.1382285802392,-2592.6971935103647,-2575.1114602915477,-1351.6843064049026,-2390.206252648961,-2398.9871373927454,-2686.468955147313
2025-12-12 17:58:34.968473,Idle,-2527.69803928514,-3000.3150976178003,-2994.9899113050196,-2979.80643063772,-1809.4458772856742,-2755.726087039686,-2769.9003047387814,-3116.104680833756
2025-12-12 17:58:34.972478,Idle,-2987.781013724045,-3564.9945279925596,-3560.2178263112437,-3538.9548964491114,-2239.754211457388,-3271.147438561078,-3285.0091810392914,-3706.068686446408
2025-12-12 17:58:34.976489,Idle,-2766.418949872139,-3303.2178422780707,-3302.382767368108,-3277.6397986822994,-1887.723692598287,-3039.708070704248,-3045.432025035261,-3426.901983985794
2025-12-12 17:58:34.980443,Idle,-1985.1445009340532,-2355.6131343418965,-2358.148116642027,-2340.176968787797,-1206.4234930889215,-2178.7099294833606,-2177.8643190857256,-2440.124818715267
2025-12-12 17:58:34.983465,Idle,-1527.3718477942748,-1804.7220140999416,-1807.604303891887,-1797.3324204279343,-1062.4825356674264,-1669.924052242539,-1669.9081210205331,-1876.9016722656088
2025-12-12 17:58:34.987533,Idle,-1866.454682407435,-2222.919207489933,-2224.605598121998,-2211.620979496045,-1461.7931862489204,-2047.3632513447665,-2050.7032278957777,-2315.8930430356413
2025-12-12 17:58:34.991493,Idle,-2396.8654115735553,-2860.7680803721305,-2861.6461545326747,-2841.5221885030624,-1689.2980081269052,-2635.048467789544,-2638.8094334215857,-2968.4450903119287
2025-12-12 17:58:34.996541,Idle,-2226.1519678646,-2643.2863172699,-2644.0752089251764,-2625.739196426817,-1397.8214289004682,-2439.42720120796,-2441.985160036944,-2732.698519803467
2025-12-12 17:58:35.000557,Idle,-1424.0469501618063,-1679.5444402176654,-1680.8317969666095,-1671.1417353539728,-957.8919033425627,-1549.0034215000924,-1551.0680944414344,-1735.5670536307152
2025-12-12 17:58:35.004510,Idle,-960.31365371414,-1139.7637726926478,-1141.6774263577536,-1133.5906486171298,-818.6694899757858,-1044.4877512762323,-1045.4378670925507,-1181.1720800711773
2025-12-12 17:58:35.008575,Idle,-1335.5389876777772,-1597.0979851856828,-1598.5579360536067,-1582.8946162292268,-987.4460993161774,-1465.5488741926383,-1464.5696706385352,-1650.8950725451577
2025-12-12 17:58:35.011550,Idle,-1856.421757361968,-2208.657159124268,-2208.6526060176548,-2188.8821688140742,-1162.3127576272236,-2034.5829040596727,-2034.1506963529391,-2279.7112056855112
2025-12-12 17:58:35.015605,Idle,-1644.4550046210643,-1948.4405511703808,-1948.4794798662188,-1934.186381264939,-1085.1749854319496,-1796.314073444577,-1799.3439286180073,-2017.8598885906395
2025-12-12 17:58:35.019614,Idle,-903.8930262338836,-1077.4877165800426,-1080.3298691870878,-1072.388419044437,-757.1200818924699,-992.326605575392,-997.2261577419704,-1127.5642808170523
2025-12-12 17:58:35.023624,Idle,-579.5395546711516,-701.288313988829,-706.4328978459816,-698.6168826632202,-471.51485359622166,-649.3782138096867,-652.8062113005435,-737.6884421110153
2025-12-12 17:58:35.028643,Idle,-964.7577013816917,-1148.7925823716214,-1152.157341785729,-1143.224503713427,-538.1712540328735,-1067.074829470599,-1069.7638669156004,-1193.489828870981
2025-12-12 17:58:35.032588,Idle,-1345.0004040498752,-1587.4783179661026,-1587.1762222106336,-1581.4256065563532,-840.0396962867235,-1468.6245261031436,-1473.1122748540947,-1649.0609558523865
2025-12-12 17:58:35.036661,Idle,-1100.343131872476,-1303.6017194065498,-1302.9923182993662,-1300.977375280112,-882.1680092536844,-1200.4280642103404,-1204.5404360793764,-1363.2037785932189
2025-12-12 17:58:35.039660,Idle,-539.9672693855828,-650.9873127433239,-653.5433385929791,-651.6504344154382,-485.3912942962488,-601.4273931535427,-600.3754846970551,-686.5565252936212
2025-12-12 17:58:35.043673,Idle,-338.06767650623806,-405.9043712046696,-409.9210592361633,-408.31088428152725,-133.4952432300197,-385.4963786227163,-380.37871651828755,-423.7961682722671
2025-12-12 17:58:35.047697,Idle,-579.3387215096154,-679.4837366372813,-681.1739484700374,-683.3911109464243,-286.78807541163405,-640.1081582525512,-637.5355578122544,-706.3361772272037
2025-12-12 17:58:35.051706,Idle,-778.1389220387209,-920.5514826078434,-920.1435314607224,-925.3550743064261,-643.1517062322819,-854.6273480579257,-856.5698315682239,-964.5957030133577
2025-12-12 17:58:35.055739,Idle,-620.6577207394876,-747.7036645028857,-748.5215600588126,-752.7314082674566,-579.5060096798697,-692.3746329217684,-693.1322631028597,-787.2503932795953
2025-12-12 17:58:35.060790,Idle,-291.85515722527634,-352.5270767826587,-355.260524769139,-359.8220694986521,-132.21806989895413,-336.49912821955513,-332.2175638845074,-369.53790811816
2025-12-12 17:58:35.063722,Idle,-122.16524449794088,-132.8471340733813,-134.87057752057444,-144.79000098147662,70.83773182021105,-140.53631898155436,-135.15017083688872,-139.38835041952552
2025-12-12 17:58:35.067787,Idle,-198.52201357192826,-222.36927311570616,-222.51043904287508,-236.24959800217766,-183.09899753786158,-218.45573280245299,-216.2813856775174,-240.04862656339537
2025-12-12 17:58:35.071773,Idle,-346.25736049748957,-413.74529477820033,-413.8475506026298,-424.3206338279997,-396.73221439210465,-389.73036613082513,-388.1502068222035,-440.77015784580726
2025-12-12 17:58:35.075806,Idle,-337.9804581175558,-406.61938879295485,-407.9137692456716,-414.4588473577751,-206.1499956450134,-387.34193960385164,-382.28174459998263,-423.13098742690636
2025-12-12 17:58:35.079781,Idle,-116.72296181324054,-128.3032880006358,-129.72194136155304,-139.1452721596579,83.73191783935181,-134.72069113096222,-128.46164374690852,-127.14084412856027
2025-12-12 17:58:35.084737,Idle,119.79967521742219,157.4004608785035,156.43121527772746,142.72086981343455,83.66128416443826,135.79978191870032,138.75861583522055,163.56805984373204
2025-12-12 17:58:35.088811,Idle,126.26499412159319,150.03678266625502,148.29659985614126,137.95425807937863,-68.93796139855112,138.30041956659989,139.5189035035437,150.64071791578317
2025-12-12 17:58:35.091810,Idle,-52.065121194609674,-69.0644884754729,-71.919351231365,-75.10682958114194,-51.2270383349387,-65.83008947269991,-61.326408161898144,-69.93136085226433
2025-12-12 17:58:35.094833,Idle,-98.23964746468118,-110.29287531628506,-112.64348336815601,-115.58477176859742,89.75101031920349,-112.12394227132609,-104.19947769289138,-105.838257104886
2025-12-12 17:58:35.099838,Idle,128.4642947463435,168.1484477693739,166.9014819360018,158.18158677346946,127.05536510302773,143.81535480712773,151.01954470059718,176.2135538818402
2025-12-12 17:58:35.103845,Idle,363.85948077863577,435.66780687393475,433.7161480425566,423.6903821398155,100.63550456655503,395.39984919980634,400.52248574799887,442.6830300466245
2025-12-12 17:58:35.107952,Idle,331.5116949784788,385.95382490834163,382.2184304596012,377.01870224546656,170.81697129088207,349.19012535864385,353.7326440062534,391.0441805812188
2025-12-12 17:58:35.111875,Idle,165.09339572308454,196.62726012749408,192.61387087273306,189.3517930725866,254.4385624747415,171.21304617124497,173.6881846778897,199.20877383042352
2025-12-12 17:58:35.116953,Idle,181.0356174091794,224.279246899212,221.0001591794353,214.13612058843137,198.89334957525716,201.2416732848651,198.03365589313762,222.32364177350246
2025-12-12 17:58:35.119901,Idle,379.51415889093187,448.9024520673993,444.666551347982,436.6507001155114,132.09685506735696,417.84054048855614,410.4291736072046,445.0256142481521
2025-12-12 17:58:35.123893,Idle,487.01068536163075,563.434559699017,556.9664639461262,553.2897273095587,250.35200743819587,524.1536235833628,518.8424862452666,564.7921199951961
2025-12-12 17:58:35.127841,Idle,421.50996732026397,493.60875100429985,486.8636950473301,485.30413857189706,416.22130986973934,451.5242767074669,450.6984221957973,501.6067168174195
2025-12-12 17:58:35.131858,Idle,378.60338808689266,456.8414590731554,452.1067599451344,446.6677529295557,368.34096849814523,414.0726498903823,414.3634134022868,465.01358819007874
2025-12-12 17:58:35.135921,Idle,453.20281851882464,540.4638525980408,536.8065556282818,528.8482363356743,204.03180478206195,495.379856572079,495.5828991784365,546.8449540920265
2025-12-12 17:58:35.139953,Idle,508.04267093958333,592.7034618605685,588.0648912050528,583.3377453401918,232.0623540718807,543.520142004767,546.9922739787435,605.2066541990498
2025-12-12 17:58:35.143957,Idle,480.976208953216,565.8928485375363,560.8504892501514,557.8319913744344,430.04062456669635,510.71976670692675,518.006634326448,589.3872998360894
2025-12-12 17:58:35.147965,Idle,506.39049784018425,610.7626619915827,607.1770942589501,598.9971941504627,487.06029372580815,547.9938952243538,554.2638617552584,637.7790679789032
2025-12-12 17:58:35.150992,Idle,623.7696630078717,746.1806650786311,743.5018833850627,730.5255911457352,354.7476433842385,678.6124426147435,681.3596451286576,767.9101758826291
2025-12-12 17:58:35.156002,Idle,663.2060900752549,775.6269333283999,771.8004840377253,761.626519091602,309.1413605104026,710.544644560141,713.5794003091287,794.3010035045445
2025-12-12 17:58:35.160015,Idle,563.6578356006066,656.4049532905337,651.6176453335211,646.1231953420211,437.6930856485269,597.088837264746,603.6939515894046,679.0005954242661
2025-12-12 17:58:35.164031,Idle,526.2647545310901,627.7692149072536,624.0327913193614,616.8588901130133,507.5365996726323,567.717945339391,575.5624103717855,654.5810307140928
2025-12-12 17:58:35.168038,Idle,669.9460049586487,802.4488290631562,799.9302816081909,788.529651654826,425.31968368648086,733.6181570715271,740.2231734724483,830.3358424504404
2025-12-12 17:58:35.171994,Idle,791.6566142874071,934.918287738692,932.0193241411471,921.9003359959461,397.3377966012922,859.8762318009976,867.9324283599854,965.4682715036324
2025-12-12 17:58:35.176045,Idle,696.7587373613496,820.2601208955166,817.2495380879845,811.062283409934,504.32533337990753,749.3130086925812,761.7536016248632,855.4613165456103
2025-12-12 17:58:35.179016,Idle,546.2328554067644,655.5911278837593,654.6449278242653,646.9069794032257,535.3197871745215,591.9243821186246,605.8723600388039,690.9211377451429
2025-12-12 17:58:35.184065,Idle,602.6090419780812,726.4296957679326,727.5482967661228,714.7661161818542,415.71690204169136,660.9504519657348,671.7782850752701,757.6518863438396
2025-12-12 17:58:35.188078,Idle,796.1628984612762,941.2887493553571,941.6611158031737,928.5930920112878,390.6050700956257,864.6343838408357,872.6376951122656,972.9553387390915
2025-12-12 17:58:35.192103,Idle,844.9358572892961,991.8058322790312,990.301817982574,980.7125854011392,562.4410530397436,907.347567337798,914.8226954918355,1029.1349634117214
2025-12-12 17:58:35.196105,Idle,707.6084799612872,841.9525145272491,840.9189965125406,830.5360567666357,647.4251391419675,762.7230116442079,767.7218104674248,879.0979627415072
2025-12-12 17:58:35.200074,Idle,612.5717252314789,738.5467652947409,739.6771697888616,724.6836797421565,471.01159930200083,671.2739831005456,671.4748904264998,766.8892044733511
2025-12-12 17:58:35.203077,Idle,673.9323048677761,801.1223785126349,802.7274511602009,787.6105283470824,323.86972965707537,737.8044305896619,737.9039049550192,826.2092907846672
2025-12-12 17:58:35.207138,Idle,762.0662617894122,898.0870157690952,898.3210286787944,888.0528544324916,476.6051415289403,826.6964480992174,833.4968104230938,933.9954026982887
2025-12-12 17:58:35.211148,Idle,763.3418043816928,912.7749981745146,912.6571296568727,903.821017731796,683.931955330132,833.0442990874872,844.7703793796245,959.3766950981226
2025-12-12 17:58:35.216164,Idle,721.9657643755199,876.3954479423119,877.3943729023449,864.8973210284021,591.180856398656,799.8893513246439,808.276316752308,917.466677979799
2025-12-12 17:58:35.220118,Idle,695.3199885293143,834.7979469022248,835.9726589324418,822.4275582825067,353.47715114511084,768.9139390486525,771.3152395079378,862.5019259367837
2025-12-12 17:58:35.224192,Idle,678.4292695777258,800.3703835248016,800.5199065298075,790.3679744206602,370.94772005215054,737.0437498051906,739.239674695069,827.0064083167817
2025-12-12 17:58:35.227201,Idle,695.5905454361346,827.7332491544075,828.2736596490722,818.0713630508399,602.3433509212919,753.5746544263093,759.9371820139932,866.2242156709544
2025-12-12 17:58:35.232245,Idle,774.0025128619745,935.4257809707196,938.2899900162593,922.2768353765132,656.2645633211941,850.9151260668878,859.079035335104,980.8820813052589
2025-12-12 17:58:35.236231,Idle,819.7075572649483,984.5176763195777,988.7665290251607,969.7638664598344,468.6215915621142,904.3021061781328,911.4120375777129,1024.3249087512959
2025-12-12 17:58:35.239241,Idle,724.9130193160381,856.5345600887667,859.8164857479278,844.8786236543674,372.40417999913916,789.1542391778203,796.157774534775,888.6982259640936
2025-12-12 17:58:35.244189,Idle,599.8200228548376,710.3154746029759,712.4557039644569,700.7965694426093,497.59851013968,646.2413306658855,653.1390555230901,741.5415580921108
2025-12-12 17:58:35.248276,Idle,656.7389056021348,792.0943234054139,794.4814642976271,779.7155944054248,593.5007384423516,717.2969922381453,720.477847120259,824.8261994548375
2025-12-12 17:58:35.252278,Idle,841.4711910156766,1009.2337948572822,1011.693698674906,994.4392816025065,517.2733927021618,925.5166657529771,923.5706265276531,1041.0643301641103
2025-12-12 17:58:35.255276,Idle,862.2026148206787,1017.9136371925706,1019.2274903167272,1007.0041980299866,448.2295644437545,941.5325232277391,939.0303749664454,1049.3148569447221
2025-12-12 17:58:35.259290,Idle,658.3678964151768,775.3112150547095,776.2501207172172,770.4506672830321,497.97672802297166,715.0948381458875,716.760325199808,808.459190263995
2025-12-12 17:58:35.263315,Idle,533.7421459306497,643.6662614654051,646.4064671614906,639.6988175646402,517.577527946909,588.6942430617055,593.493963043089,676.7056345704477
2025-12-12 17:58:35.267314,Idle,675.4800949088531,816.288550113677,820.9879084685817,809.7172759816749,439.2043328775326,750.2528481460176,754.7240877795266,846.5515119215706
2025-12-12 17:58:35.271343,Idle,841.4699889968615,999.5583315681433,1004.5934977061115,993.6815848854603,428.37405603483785,921.6767162602628,924.9003175467951,1028.899589072098
2025-12-12 17:58:35.276346,Idle,755.6380236898549,892.5354724440258,898.1483411673689,890.2133668130264,530.443376176001,816.4032114208676,818.0351424241671,922.4128648614278
2025-12-12 17:58:35.280355,Idle,555.9744275689591,667.9478442887776,676.2412656723754,665.8794154677307,534.6523992290022,601.7490468315082,600.1530808438547,694.2061983547173
2025-12-12 17:58:35.283369,Idle,551.3002185090445,667.2401757740881,678.0210616036784,661.9465755855199,379.4807788050384,603.9364253226668,600.3122533630813,687.7944713013712
2025-12-12 17:58:35.287371,Idle,718.5671518305317,852.3570347216446,862.51033096225,846.1038042815635,324.5434946414898,781.4858234300045,781.414492245065,874.6376336793182
2025-12-12 17:58:35.291395,Idle,776.218107175664,914.0699035293655,922.1815348287346,910.07814082189,490.1608621153282,836.7534723876743,843.5717531582341,945.2428761821939
2025-12-12 17:58:35.295402,Idle,653.9657116939779,782.871064330102,791.1713424408808,779.6250982424244,593.3328260225244,710.4416651556967,719.8103130487725,816.9336492579896
2025-12-12 17:58:35.299409,Idle,557.1490324226907,678.1193261793815,688.2975568318507,673.3513223341433,427.86964186583646,618.0570950701367,623.0471905024024,703.7066008832771
2025-12-12 17:58:35.304425,Idle,594.2681428897195,709.955375413294,720.1550351154292,706.0106316803722,255.39472007658333,658.027540304116,657.7958735201973,728.5237844944932
2025-12-12 17:58:35.308511,Idle,645.0443325698143,756.8518544322578,764.9096867172047,756.6199987346772,364.9520174587378,704.0626467958791,702.7308363768971,780.6232565703103
2025-12-12 17:58:35.311451,Idle,620.8562998933485,735.4762989046285,742.3955494415713,736.4556266790023,557.4768732233788,679.2372892734129,677.5588988737436,767.4316839841194
2025-12-12 17:58:35.315488,Idle,587.6691228714772,706.6067732146475,714.2774928871077,705.0295958671486,487.95103850850137,652.7792555557098,647.1490310797235,736.2782858405262
2025-12-12 17:58:35.319462,Idle,581.174384159036,689.3335320688784,697.1100090938853,687.30452579353,268.1163146221661,644.6046110301977,633.9304558828007,711.2217541447608
2025-12-12 17:58:35.323426,Idle,540.1527861908544,626.1182699773926,632.5148587644799,628.134314370458,258.4548301586765,590.425195191172,577.2963617279893,648.2383156102151
2025-12-12 17:58:35.327490,Idle,479.0797083067009,559.4750871865544,565.4059784886194,564.3126445297385,434.42788759764517,527.0631567050004,511.9045206027804,588.0732104147319
2025-12-12 17:58:35.331457,Idle,500.14446319499984,598.4762437235331,605.6362668544753,601.6124160623876,458.5843762937002,565.8888470438542,546.5703134746291,627.211228519096
2025-12-12 17:58:35.336538,Idle,578.4071542995516,685.8983053398551,693.1760517350631,688.215167259099,294.043405393546,656.2527961068554,634.2814757903107,707.6063045316841
2025-12-12 17:58:35.339539,Idle,562.5017935981741,649.8359169780742,654.598353626905,656.4178015803918,241.37039828673005,627.341553500155,607.8672211875673,668.0360818720656
2025-12-12 17:58:35.343530,Idle,449.77726983302273,515.3552135612117,517.5655268224655,526.2987114473945,372.8159147882834,497.2953032939695,481.16575723385904,535.458411746542
2025-12-12 17:58:35.347553,Idle,422.09073565213475,494.987632861943,496.9416847520042,505.01011380087584,421.4947908758768,472.9601924068993,455.16276091430336,512.9861336515751
2025-12-12 17:58:35.351548,Idle,525.6484174097423,616.64174717071,619.1638040679973,624.4774039306212,295.754909908399,586.8835521801375,565.4667510384461,626.5043315362418
2025-12-12 17:58:35.355501,Idle,565.1898102324922,649.8040849033277,651.8430140384007,660.5035133652855,236.15573742985725,618.2462767466204,598.4393407205353,655.6172944006976
2025-12-12 17:58:35.359577,Idle,438.3917558948742,500.19213556929026,501.90059551014565,516.0966378584271,341.89431665989105,474.371100272052,460.21050212625414,510.40102664369624
2025-12-12 17:58:35.364577,Idle,327.9144473465858,385.5311963221757,388.36961299018003,402.0511926218169,383.15297002956504,364.96744353312533,352.9704708693316,399.90619274636265
2025-12-12 17:58:35.367595,Idle,392.0126111313002,464.7481450649211,468.18340851168614,478.1120034394553,251.55146228976082,443.1499093087623,429.0892772967927,477.57539947493933
2025-12-12 17:58:35.370607,Idle,491.5906138746068,567.041301592486,568.4709878286812,579.7196680135094,179.58083899412304,541.8672203752212,528.1617585046915,579.1022384651005
2025-12-12 17:58:35.375566,Idle,437.8127176640555,496.88252145575825,495.6588767071953,511.5693594227778,299.8500301175518,471.96789995615836,462.8778040484758,513.0714113590075
2025-12-12 17:58:35.379634,Idle,316.25423191068694,366.52255372924265,364.9656593595864,380.7505275210133,378.7019377826364,345.434694812051,339.7103430957068,384.6050340202637
2025-12-12 17:58:35.383633,Idle,315.1803521858528,373.2759213591926,372.8358591333963,384.68650915659964,244.73868010926526,355.00699687725864,349.1466715019196,387.07693605625536
2025-12-12 17:58:35.387657,Idle,387.5669497855706,447.60709823085926,447.09207019617315,459.2234869179083,117.89971209672512,429.8174644692335,424.9731478218455,460.01870485045947
2025-12-12 17:58:35.391673,Idle,359.54994784179144,406.98906849429477,405.69006071821786,421.8447807832854,211.23619435861474,389.32270120305475,388.6475854237797,427.4969224941451
2025-12-12 17:58:35.394677,Idle,260.02971472300123,301.67214058188256,301.1964208703721,316.7389372974867,335.53758616704727,284.55536860518623,286.1570516107604,330.8080034009181
2025-12-12 17:58:35.398697,Idle,254.14965011854656,305.4136743756244,306.635264855111,316.54410452756565,245.06012040626956,288.7658872369211,287.9888562463457,333.55044812790584
2025-12-12 17:58:35.403678,Idle,323.27516555273905,377.13484105747193,377.97696043283213,386.21875493833795,88.56197219900787,361.717632049229,359.08946303778794,399.81681943358853
2025-12-12 17:58:35.407713,Idle,303.0435482269386,341.5150712542236,340.11595942114946,352.8716617031023,131.62242522236193,328.9735861349618,329.1787645400036,364.4225079761818
2025-12-12 17:58:35.411769,Idle,204.3918938942952,233.0732183213113,230.8938226174796,245.90685882070102,268.67681172303855,223.0897936959518,226.5900987701025,259.5069925051648
2025-12-12 17:58:35.415763,Idle,202.71198417339474,243.1150106890127,242.22467053704895,253.76829940115567,228.19687506259652,232.94793956214562,235.29049893317278,267.9721060883021
2025-12-12 17:58:35.418781,Idle,303.71569124038797,355.0200975163607,354.3826103617903,364.2973203259753,79.09035910118837,343.5011834295001,343.24235328822397,375.28279701888096
2025-12-12 17:58:35.422783,Idle,313.9418885865598,353.6061564532574,351.0985692458926,365.2324895169586,92.270973269362,343.1306377153378,343.9661446037935,374.10988902510144
2025-12-12 17:58:35.426771,Idle,188.45268379274057,211.43178787606303,207.7247302357573,224.5891527994536,226.24388925608946,203.9776161981281,207.62834906193893,234.414914076915
2025-12-12 17:58:35.431775,Idle,119.78090097580571,146.17578343988862,143.27058004261926,156.25454629200976,207.47056007158244,139.62859644473065,142.74065244523808,164.74507012194954
2025-12-12 17:58:35.435776,Idle,195.06218240305316,233.75903398788068,231.12242552172393,240.18006353534292,51.7588512893999,224.7554627127247,225.2714626202942,242.76914952439256
2025-12-12 17:58:35.439793,Idle,241.96063530124957,276.4668770156568,272.1431966216769,283.1367519266205,38.603147631685715,265.17865719494876,265.8534705315251,281.08421077474486
2025-12-12 17:58:35.443828,Idle,142.49271795793902,162.02922056766693,156.59830104373395,169.6055575539358,180.02359532023547,151.38311339862412,153.52956874802476,167.58769834495615
2025-12-12 17:58:35.446816,Idle,42.507531927898526,59.47610743076075,55.36954359849915,63.97077749937307,187.3406848469749,50.83338689611992,50.46861081395764,61.40958741388749
2025-12-12 17:58:35.450829,Idle,85.16207228874555,109.56003917922499,107.09340748155955,110.06863186915871,13.559849856246728,101.83442369272234,96.62540493527194,102.93304001376964
2025-12-12 17:58:35.454851,Idle,162.94318929617293,184.843251882412,182.42110903479625,185.87393283488927,-43.401910485874396,177.0193406974431,171.4186520317453,176.1692826753133
2025-12-12 17:58:35.458862,Idle,125.87308090168517,137.57007073279237,135.40163725696038,141.12483128806343,111.20080088806571,129.78087298048194,128.0225808848627,135.91186633252073
2025-12-12 17:58:35.463883,Idle,42.70373158715665,54.658787810243666,54.65597619721666,56.44636282476131,181.46951708049164,47.62516560201766,46.63981845381204,56.949443804100156
2025-12-12 17:58:35.467876,Idle,46.06491228414234,64.9720711351838,66.81255722028436,61.93726801517187,16.937702893803362,59.98248262202833,55.12105738284299,62.241660634055734
2025-12-12 17:58:35.471905,Idle,83.02065463305917,96.5455008589197,97.29329452238744,92.21221709629754,-107.63358512797276,94.42953397805104,88.57366455747979,90.16543015895877
2025-12-12 17:58:35.474940,Idle,40.927397669351194,41.95019310491625,40.309011552715674,40.09102448163321,10.612018199579325,40.70119268982671,40.69918707432225,40.560178186628036
2025-12-12 17:58:35.478921,Idle,-19.565664491674397,-15.454529352660757,-17.630416883854195,-16.892554750898853,136.52613810863113,-19.61623660143232,-13.376180689956527,-12.288603774970397
2025-12-12 17:58:35.482943,Idle,12.646124116145074,31.028788312280085,29.636462735710666,27.362919650506228,29.33642742858501,23.494489064032678,30.762451711925678,29.974332275043707
2025-12-12 17:58:35.486938,Idle,63.51969885843573,79.35479953425238,77.42180782771902,76.21966019441606,-124.80913266152493,72.53865121927811,79.26648405491142,73.25374324643053
2025-12-12 17:58:35.491948,Idle,1.3345213807479013,-2.521931723051239,-5.942986712558195,-2.082607385935262,-65.16946963226655,-5.864295052422676,2.64290260738926,-4.604239245352801
2025-12-12 17:58:35.495968,Idle,-99.00967673145351,-107.79592427943135,-111.0271765559446,-107.03420485375682,70.90456654375885,-110.615805246518,-101.49316804425325,-102.44551628100453
2025-12-12 17:58:35.499969,Idle,-74.819679414446,-65.95134095556568,-67.44606029070565,-69.26915521681076,18.557800266047707,-72.18496448680526,-66.55907313936041,-60.297536724072415
2025-12-12 17:58:35.502987,Idle,15.771236439759377,31.73546568545862,30.792491658008657,27.200643916236004,-125.82910415480728,25.000267828349024,27.75955753790913,33.69325497371028
2025-12-12 17:58:35.507047,Idle,-18.74960265084519,-23.55965174973244,-25.597108638496138,-22.957613547623623,-103.04443660000106,-22.91631508638966,-17.731779102614382,-19.510413418902317
2025-12-12 17:58:35.511023,Idle,-150.36022224859335,-174.0359910624975,-176.61075672824518,-168.48820045331377,19.583141276438255,-164.22755130403675,-155.0563471505011,-164.2302059153153
2025-12-12 17:58:35.514997,Idle,-164.29795321644633,-178.7525048085081,-180.94118304463336,-173.9833251311793,-10.16069649993733,-167.61775366580696,-158.43938126627472,-169.07624025648693
2025-12-12 17:58:35.520040,Idle,-42.88929684544564,-41.15657734742854,-44.08716772813932,-38.96852960245451,-142.53638040841906,-36.13090165879112,-28.99500021219137,-36.73551101135672
2025-12-12 17:58:35.524062,Idle,-8.402610340854153,-13.222982552048052,-18.03527997469064,-10.705326657916885,-124.37394504704571,-13.142879576073028,-5.394827178126434,-10.95489195760456
2025-12-12 17:58:35.528066,Idle,-133.91709415819787,-156.12015118359705,-161.16352731129155,-153.35454563223175,8.713920499489177,-155.7111716397776,-146.43597490085813,-153.53829999346635
2025-12-12 17:58:35.531073,Idle,-214.88410420829314,-237.05195159945288,-240.11291707241617,-237.71596965119534,-8.569561640979373,-234.7188035886502,-227.81760053044127,-238.84894257308042
2025-12-12 17:58:35.535080,Idle,-130.7934352466982,-141.4381088854716,-143.66955725903972,-145.42272989482444,-162.55351260396128,-138.8231738644099,-136.72508372357697,-150.0937598303717
2025-12-12 17:58:35.539112,Idle,-48.6840352693398,-61.79947582859313,-66.24116727175715,-64.53299201661139,-171.47132926478662,-58.66144173151406,-57.9300153980148,-70.3986885320046
2025-12-12 17:58:35.543105,Idle,-116.89487953140633,-144.10877567231364,-151.0145770379604,-144.39216481255426,-15.294860449022963,-137.82485185066616,-134.53862274119456,-146.64702004310675
2025-12-12 17:58:35.547062,Idle,-214.73482920889364,-245.3002216242312,-252.3745952662939,-247.12990619444463,10.296186701649276,-234.93624979820015,-230.22548839150113,-246.7675819373253
2025-12-12 17:58:35.552119,Idle,-191.7499178845319,-215.66502341320665,-222.58891186141045,-220.56121173141582,-161.60886853773627,-203.46541993880965,-199.73808998153618,-222.8874811479036
2025-12-12 17:58:35.556152,Idle,-131.8508249344577,-158.34999487502137,-167.27830846547477,-162.28983520400288,-233.62658359259876,-146.34950235091128,-142.2393784805554,-167.39617014042597
2025-12-12 17:58:35.559157,Idle,-171.28739572511495,-207.76083706401027,-218.9620423547658,-208.19200940983205,-84.95027853609554,-195.07243135327812,-189.0511223756869,-210.90905572392072
2025-12-12 17:58:35.563159,Idle,-241.2145499677281,-276.29060879418466,-287.08445633447263,-276.12915204240926,3.536264736508656,-260.6030053420018,-255.87602546206472,-276.15851800580276
2025-12-12 17:58:35.567164,Idle,-214.86031613863088,-240.4232369172678,-249.4594580602352,-241.96483336743404,-137.7619463993742,-220.39847435096453,-220.75644076922254,-245.40756177389994
2025-12-12 17:58:35.571197,Idle,-158.251697507083,-187.3368857655878,-196.38385704511165,-188.03370113309938,-257.15778059075456,-163.54052301766933,-167.18639425295987,-196.6570509840094
2025-12-12 17:58:35.575207,Idle,-199.62855822304118,-242.53927455433586,-252.71091383298335,-240.6993274798151,-145.0316963373516,-217.77689609437948,-220.43935971840983,-248.29749879959854
2025-12-12 17:58:35.580202,Idle,-273.90393657801906,-316.2531648774311,-325.9010682722437,-315.30293396449997,-15.131158962431073,-294.18360224693606,-295.6460464894335,-318.4637674826372
2025-12-12 17:58:35.583214,Idle,-242.37975438917056,-269.5792707749497,-277.6321653593768,-271.86857607330603,-105.88136451083119,-250.95125423875288,-253.3826764987898,-276.3432082045474
2025-12-12 17:58:35.586170,Idle,-165.12418739590794,-190.66948923755263,-198.88190037787717,-192.12071546180232,-245.65664402772381,-171.86329438985558,-174.36055960711383,-203.48526161900372
2025-12-12 17:58:35.591240,Idle,-197.6212309244729,-241.05532106891042,-250.8617409382423,-237.4453552972991,-180.02674483171722,-218.4252298176434,-218.902902193513,-252.56206997446134
2025-12-12 17:58:35.595245,Idle,-293.83860284219554,-345.9822262757807,-355.93431611012784,-340.214073564508,-41.64518022016273,-320.43598992965417,-321.367350477376,-353.9281498986529
2025-12-12 17:58:35.599210,Idle,-281.1225743031828,-320.30701282573864,-329.0756668749091,-317.60419136314886,-93.16889157547848,-295.0832895062049,-301.35670929204207,-331.78048893553205
2025-12-12 17:58:35.603274,Idle,-182.4338917999703,-213.5626082685776,-223.0614774278074,-213.20387835727888,-236.23639941468718,-188.9204688060272,-200.03497118977248,-232.35850066531566
2025-12-12 17:58:35.607287,Idle,-183.38032321663923,-229.0401378663082,-241.6534487643221,-227.1927717810322,-203.830870034697,-202.8240030860179,-212.90222796413582,-250.02033586188918
2025-12-12 17:58:35.611289,Idle,-291.70441111383843,-351.20423078519525,-365.69432896986837,-348.8375171121734,-64.53112123841129,-323.8299805460847,-330.1898224031902,-371.0123460942996
2025-12-12 17:58:35.614320,Idle,-317.8555773908447,-368.3273319946311,-381.47053541382775,-369.25860626538633,-89.50758521127864,-342.8723703273572,-348.60405836385326,-390.7441205079085
2025-12-12 17:58:35.619317,Idle,-220.75878884081612,-257.59632078470895,-268.4087194740132,-260.5914786753128,-237.8814557516307,-234.80377687633154,-241.27408763888525,-283.2536833775812
2025-12-12 17:58:35.623324,Idle,-184.37080680055078,-227.32396875417908,-236.66672618448501,-227.4985739607073,-232.58947468928818,-204.53299736598274,-208.241921297129,-248.6614400607359
2025-12-12 17:58:35.627349,Idle,-281.9278965567646,-337.4892753115855,-344.9632682383526,-334.99847624020185,-84.90689092563116,-313.64517793623963,-313.26087344644475,-350.6553477909183
2025-12-12 17:58:35.631358,Idle,-343.4874296913331,-393.67406615044456,-398.48666451044846,-393.81527591025224,-78.17144099238794,-371.88282362677273,-371.66937311936636,-406.2672123312368
2025-12-12 17:58:35.635370,Idle,-267.5134653511632,-304.2907834064099,-308.36634354729904,-308.3902366680559,-235.4078671640018,-286.7693349987676,-289.5934518936265,-323.3041214920231
2025-12-12 17:58:35.639374,Idle,-202.3502254053892,-242.66608711291337,-249.12238124053692,-245.93251392734237,-270.29467269571614,-226.0424003417138,-228.7541794112185,-262.76262160629267
2025-12-12 17:58:35.642383,Idle,-269.16230389047996,-323.51773796771886,-332.16089221049333,-323.5553440586664,-120.99740207963623,-302.83314550016075,-302.27926855621627,-336.294383699249
2025-12-12 17:58:35.646409,Idle,-343.7927092327154,-398.10071941057686,-405.8624261424411,-398.4719268034678,-70.27864811031031,-373.1249308566912,-371.480074393854,-405.5928863583831
2025-12-12 17:58:35.651381,Idle,-295.8382768207812,-339.7987134018913,-345.63912711822195,-342.6377802811912,-221.4491730898735,-314.03943363321014,-313.7453902636771,-348.6560573419556
2025-12-12 17:58:35.655411,Idle,-229.94174604903674,-277.0512055459549,-282.91915452008834,-279.0741146102082,-304.28111550732865,-252.70361975498963,-250.94134656648384,-285.7256545823766
2025-12-12 17:58:35.659427,Idle,-280.5643550241948,-341.4087112164707,-348.05865363415796,-340.5918409063015,-174.57128107373137,-318.16356332495343,-311.89223268203204,-344.3411447342951
2025-12-12 17:58:35.663439,Idle,-354.06361601053504,-413.7543816884863,-419.3405017547193,-413.6247117331368,-79.19864957415848,-390.9207769992063,-383.5447824765579,-413.8079570431728
2025-12-12 17:58:35.667443,Idle,-305.82450527272886,-349.6490420207265,-353.4177103585098,-352.82239177060546,-195.10706782140187,-326.5099998306832,-323.4179697901709,-354.7127796757268
2025-12-12 17:58:35.670452,Idle,-217.89308821823215,-258.4460380246164,-262.28313042619266,-261.48277935775695,-302.6965312357934,-233.45700946176657,-233.86043163895374,-268.1729133204208
2025-12-12 17:58:35.674465,Idle,-251.77070099901175,-306.55574700539,-311.55730309168575,-306.03064510191325,-200.03299374735798,-279.0184209137806,-278.6129568461329,-314.17476124339737
2025-12-12 17:58:35.679419,Idle,-347.2460470056394,-407.363839645579,-412.16786759125534,-406.04395513783675,-80.65721987429424,-379.2328614150756,-378.4813364073052,-413.4750455269241
2025-12-12 17:58:35.683486,Idle,-330.1199847110547,-377.62848514772486,-381.62435013998765,-379.16117765556555,-169.23956218067906,-351.2356352531933,-353.8158573845867,-389.9631275003776
2025-12-12 17:58:35.687497,Idle,-232.46309514628956,-274.1121952183894,-279.17038944253,-276.04121481935726,-299.32549738843227,-248.60819319315488,-253.4139834481175,-293.08685268909903
2025-12-12 17:58:35.691506,Idle,-232.0206591162132,-287.01853939844295,-294.18266581755597,-285.11368026328273,-224.93439463886898,-259.23268865182763,-261.38476535934024,-303.72111764224246
2025-12-12 17:58:35.694516,Idle,-323.58708519738866,-388.3816364062368,-395.64820921537466,-384.29929619200993,-82.49025295412866,-357.2827479605912,-356.2791177877225,-399.17045413621236
2025-12-12 17:58:35.698526,Idle,-332.27315151895164,-387.3497351545957,-392.95795483799884,-385.7041571334703,-136.67772451101337,-355.63704870827496,-355.72042211930966,-399.0037159282365
2025-12-12 17:58:35.702545,Idle,-240.24642758560367,-285.33144375804113,-290.7471707367222,-285.87385262793396,-284.3265978061827,-256.00723365554586,-258.46919667266775,-302.2222318627755
2025-12-12 17:58:35.707597,Idle,-217.20792927831644,-269.46666659531184,-276.5357968674507,-268.76424292090815,-245.89221705603995,-243.05689324758714,-244.56807449721964,-286.83372014557244
2025-12-12 17:58:35.711581,Idle,-302.6897471654811,-363.0529715185985,-370.40664678782923,-361.967072153755,-89.33120193463401,-339.08924211520934,-338.5143520881538,-377.941899571626
2025-12-12 17:58:35.715582,Idle,-334.8704755777144,-386.74963022838347,-391.96948863897705,-389.10506755596725,-106.26876191818155,-365.4211373892613,-365.79308552708244,-404.55006618762854
2025-12-12 17:58:35.719586,Idle,-254.32193858013488,-296.47578410769347,-300.14937683107564,-301.330733372306,-267.7695446529251,-277.3684254240361,-279.3506178543321,-319.93649246229324
2025-12-12 17:58:35.722596,Idle,-212.47132170799887,-262.6659003488603,-267.1247644703835,-265.142902736261,-275.09869942604564,-243.7482537587639,-243.7480110710021,-284.47774791449774
2025-12-12 17:58:35.726616,Idle,-284.5722015337087,-346.04279172432143,-351.1968914133031,-345.6475044966792,-113.9853853515524,-325.442762357241,-322.63604505360126,-360.0549381885212
2025-12-12 17:58:35.730632,Idle,-328.7274384929333,-382.9185915833805,-386.69207484583603,-384.002653776377,-81.26213559304597,-360.5733526026597,-359.34300438908394,-393.98126942652743
2025-12-12 17:58:35.734578,Idle,-256.12139487155946,-296.84040133748204,-299.076152173453,-300.30020634731045,-234.3572576364386,-273.3050849143765,-275.57987636345206,-311.17427567386767
2025-12-12 17:58:35.739658,Idle,-201.72383875679225,-247.19178501918213,-249.63571016368223,-248.79157835425576,-287.3540425141691,-222.59413509146543,-223.50271254964173,-260.75197157554794
2025-12-12 17:58:35.743669,Idle,-270.00390382827027,-329.14062311459566,-331.77127622283297,-327.6725852708332,-143.51465114630992,-304.90124303585617,-299.93940106243826,-335.16812694299733
2025-12-12 17:58:35.746672,Idle,-332.95921352127334,-387.9881875948049,-388.8589614898665,-388.1860294903745,-71.2467525411048,-367.28679549793014,-358.9819838544354,-389.79598750319565
2025-12-12 17:58:35.750669,Idle,-266.7143192293006,-305.14029401273,-304.13721735286526,-309.80487440450815,-200.92750267731026,-289.1334851521533,-282.1219717320055,-310.602465007687
2025-12-12 17:58:35.754692,Idle,-187.3569048178033,-224.80642345070373,-224.19159815402236,-230.46286004129797,-285.05687501851935,-210.2434094544733,-204.1311234056484,-232.93371564039262
2025-12-12 17:58:35.758765,Idle,-237.48024380754214,-288.97374173410935,-289.55873466230696,-292.62826195685193,-164.55349474743707,-272.22121674288064,-264.37339477665955,-293.359347657999
2025-12-12 17:58:35.762707,Idle,-316.4181921607815,-368.8382961700554,-368.95276321755955,-372.81832244456746,-64.03769682307029,-350.5648127135937,-342.19192311220104,-371.0229583143955
2025-12-12 17:58:35.766764,Idle,-262.5917380004539,-299.2238991240156,-298.4655858515762,-305.2453828161815,-166.4075043068733,-282.2536590162199,-276.3610011030687,-307.0604049470858
2025-12-12 17:58:35.771764,Idle,-155.33601193275535,-187.3089307867922,-187.9669842888252,-191.59754170151427,-269.03210633131675,-171.29290624550777,-167.44842702354072,-201.95107969653327
2025-12-12 17:58:35.774763,Idle,-174.45073075807886,-221.23830121022183,-224.45082145289052,-220.72346187650692,-166.93433626857586,-203.144753669505,-199.6855211580405,-237.1639205259271
2025-12-12 17:58:35.778754,Idle,-272.7499743439257,-327.6796640959219,-331.20818516943837,-326.22348709777,-41.64815612026723,-307.30955853825435,-306.4316512355581,-344.8350440817885
2025-12-12 17:58:35.782775,Idle,-264.8700265781372,-308.3540968519519,-310.09982926998055,-311.05928118521115,-122.64761372673092,-289.37170781142777,-294.1215476162033,-332.3145627162303
2025-12-12 17:58:35.786720,Idle,-166.9149691569619,-201.67575969081372,-202.6474923310452,-206.9275683281594,-254.84870195074473,-186.4500364746782,-193.94641269778367,-230.8361056469148
2025-12-12 17:58:35.790780,Idle,-160.68865843187086,-204.14108465670142,-205.64176901819883,-207.3258976105135,-186.57510535349138,-191.19015490455786,-194.9784737197333,-228.77580722485436
2025-12-12 17:58:35.794804,Idle,-255.00264795019757,-304.96746628027176,-305.44856100331526,-306.6321355832042,-42.21446842176374,-292.21774793200893,-291.27352721989155,-321.654248535051
2025-12-12 17:58:35.799819,Idle,-273.01587655895855,-311.60758262575837,-309.15463265945436,-315.27877083065687,-91.95428920327686,-298.83601227845065,-298.0247262203484,-327.1581678898656
2025-12-12 17:58:35.802823,Idle,-181.98932108510053,-209.46741637622472,-205.21968233183725,-213.9754571109661,-244.73944153107004,-196.71874894417124,-197.75858326943126,-226.93472577701323
2025-12-12 17:58:35.806850,Idle,-149.8039628500701,-184.12245650979457,-180.1522150983801,-185.22204530448653,-214.06294899032218,-170.2853352763923,-169.14116958127124,-196.40287226054352
2025-12-12 17:58:35.810833,Idle,-229.35914420965128,-272.5644093067385,-268.165259891015,-270.7599827614613,-52.15761922928505,-256.7242272917065,-251.46935294743162,-275.2467146697454
2025-12-12 17:58:35.814852,Idle,-262.5105539688957,-297.6451182194869,-290.95494984602556,-297.3759721327224,-55.51982919150032,-280.4173537971219,-274.73479679832235,-297.42808398470515
2025-12-12 17:58:35.818866,Idle,-177.98752194154076,-202.112763461133,-194.04159407457337,-203.79211756266886,-213.68652834900422,-184.44115858944133,-180.948450711614,-205.51365038013319
2025-12-12 17:58:35.822868,Idle,-122.84587921213824,-153.21566825150512,-146.33321506151697,-153.08329161227448,-227.4468787664082,-135.2513943996164,-131.6533398910542,-156.48931271972833
2025-12-12 17:58:35.827909,Idle,-184.7014745255001,-225.79035121691413,-220.20808478310937,-223.8198081785813,-64.56801131839165,-208.41467235039454,-203.1461410066695,-224.24610828858567
2025-12-12 17:58:35.830900,Idle,-229.35612811654573,-263.12098106509075,-257.08188284549396,-264.0544512164779,-19.605596559878904,-248.82494106714148,-244.7102992052096,-262.0844342582277
2025-12-12 17:58:35.834901,Idle,-157.8600064603961,-176.91555438702926,-170.91508726082975,-182.20092576660682,-167.345209818508,-167.0538926756126,-165.8322701388388,-183.67291494330857
2025-12-12 17:58:35.838866,Idle,-95.80721094470937,-117.99745644343784,-114.38856770016719,-123.29744888888672,-226.73073841980658,-110.47913087665802,-108.98031901638024,-129.22253834450385
2025-12-12 17:58:35.842946,Idle,-155.43059903243557,-191.48346467566444,-189.98227946885163,-194.26479002588894,-84.73429275985109,-183.23426129826112,-179.24454247095855,-199.12666798039572
2025-12-12 17:58:35.846942,Idle,-219.89582723169588,-253.44934088451555,-250.9135309535195,-256.5785509653506,-2.720904238987714,-243.60864291049074,-240.73886071151355,-258.0428597339196
2025-12-12 17:58:35.850945,Idle,-161.3472895589075,-178.89125086192507,-174.03853120928397,-183.71848116646288,-125.80327935464447,-167.47082578530535,-169.17160640552174,-185.90325115801534
2025-12-12 17:58:35.855983,Idle,-83.9267964551691,-99.73570004740031,-94.54205543413991,-102.17661860317457,-214.58749560825527,-85.59274823841406,-88.47816812450765,-107.10944441711763
2025-12-12 17:58:35.859000,Idle,-129.22057801042683,-159.1530754660489,-154.94752259604866,-156.81620213919086,-96.38110794770182,-142.28407908196095,-141.07809171907138,-160.71694612957072
2025-12-12 17:58:35.861997,Idle,-205.69405992276734,-238.47574359783903,-234.22403311677044,-235.62019119778415,12.318364777835086,-222.0827791451593,-217.94935280439677,-236.90279751399066
2025-12-12 17:58:35.866948,Idle,-154.81766392296413,-173.94926564663183,-169.60139594745124,-174.50885109533556,-85.8148628185154,-160.98572745086858,-158.9541829272057,-178.08002335892525
2025-12-12 17:58:35.871016,Idle,-50.91172269143863,-66.00018726964481,-64.00321264989907,-67.02142006525537,-197.91788855183404,-55.18950757064158,-55.740928601357155,-76.5991511521861
2025-12-12 17:58:35.875023,Idle,-73.56573855428724,-102.48213521705475,-103.84657751879422,-99.75661337876227,-104.00905486239935,-90.7786944284453,-90.28072198887821,-112.27459400857333
2025-12-12 17:58:35.879056,Idle,-180.0664253604482,-215.1428638213547,-216.88886119931703,-210.70844795298763,27.132743367779767,-203.00510568887694,-200.9364490903099,-222.63825408695266
2025-12-12 17:58:35.884054,Idle,-179.88048306346172,-201.11894074414158,-199.9792858911096,-199.23593361699022,-47.814949588588206,-192.1701616459759,-191.1644203980104,-212.41925388900563
2025-12-12 17:58:35.887054,Idle,-76.11393487243913,-86.94595524505712,-83.05199948808877,-86.39553385326872,-188.51701162432437,-82.90735027025221,-81.97674445353914,-102.2045399271301
2025-12-12 17:58:35.890088,Idle,-49.9550613774918,-69.5156055293046,-64.1545517667546,-66.47760596917942,-129.48039360917755,-68.28921746759443,-63.318357879063115,-79.70073577272706
2025-12-12 17:58:35.895089,Idle,-125.01905660820194,-152.02563678729348,-144.57383723236853,-147.80541954946239,24.483137042756425,-150.52618105511647,-142.61309398105368,-153.2389029651531
2025-12-12 17:58:35.899093,Idle,-134.46706411946798,-149.98526700300863,-139.912246248452,-148.91505748499185,-7.227365641883807,-146.5378370375256,-142.24611556052696,-149.76246944139712
2025-12-12 17:58:35.903116,Idle,-42.63404344167793,-45.74172025651205,-35.25634005916072,-47.268472065683454,-157.7822479440947,-39.83884144964395,-41.13978177885292,-49.8048347121221
2025-12-12 17:58:35.907140,Idle,-13.235656714474317,-22.578971979557537,-14.078517405840103,-22.588288049621042,-137.98667067397037,-14.735400712117553,-16.189136893255636,-26.252127098152414
2025-12-12 17:58:35.911100,Idle,-98.32527308771387,-117.30855319683906,-109.80099767242791,-116.29955675720703,23.456808807706693,-110.01214530208381,-108.03475354291731,-116.45613582362421
2025-12-12 17:58:35.915146,Idle,-136.36391862510936,-147.8707102376502,-138.95869436493376,-150.474691045878,32.83673281755182,-144.4211359238834,-142.0748358888086,-147.7350927212974
2025-12-12 17:58:35.918174,Idle,-53.273925779911224,-53.613317636656575,-43.7134063988924,-60.13498218555469,-121.46445568010677,-54.44356981175952,-54.66145447472809,-58.991772677516565
2025-12-12 17:58:35.923180,Idle,-2.2470655886572786,-9.69257697177818,-1.1073476694291458,-15.554005254001822,-148.55092906599748,-11.673108724236954,-12.493191631394438,-15.703436837997288
2025-12-12 17:58:35.927178,Idle,-78.37479125632672,-99.24388026894303,-92.00641419750173,-103.45030668651452,1.6275100192578975,-99.90692726994166,-99.63688359159278,-100.6393141784356
2025-12-12 17:58:35.931201,Idle,-139.5408070491394,-155.19083574955584,-147.25751706562005,-161.87410720263142,46.41402540952549,-155.39372219977668,-156.5960746014025,-156.80130100838142
2025-12-12 17:58:35.935210,Idle,-69.1174681991688,-69.25721499242354,-60.45865108194994,-79.331348389911,-99.10899086834979,-70.24186754086986,-74.42746010795236,-77.42007852555253
2025-12-12 17:58:35.938207,Idle,7.423327131429687,6.120504689402878,13.834832169115543,-2.459514578047674,-162.15460963195073,5.732451858872082,2.366527702892199,-4.107583890319802
2025-12-12 17:58:35.942224,Idle,-43.91532538208412,-59.41526510956464,-52.93811969610397,-64.01985220197821,-22.417099456331925,-57.29523688775953,-56.59727735660272,-63.24461429257644
2025-12-12 17:58:35.946232,Idle,-117.25634410025668,-132.91847015544772,-125.3671463834471,-137.60180345457047,61.99025777212228,-129.09532338316785,-127.42601560428739,-132.00662394141546
2025-12-12 17:58:35.950205,Idle,-67.23226168911788,-68.48057147243526,-58.998882602725644,-76.56500789080746,-63.88296071277,-65.31536491779843,-66.8494195851963,-70.74062694516033
2025-12-12 17:58:35.955274,Idle,18.290320255997358,20.091437624942046,29.69152690214105,11.333347460138611,-162.43870360174333,21.81240922753932,18.93431043892633,14.638602734892629
2025-12-12 17:58:35.959252,Idle,-16.54511817562161,-26.28705312439706,-17.443136062822305,-32.867903912381735,-47.25526905962033,-25.751312955340836,-25.660765403532423,-28.61093503428856
2025-12-12 17:58:35.963220,Idle,-103.32901842266438,-113.903032723465,-104.31976317462977,-120.87930174189387,68.87599492739537,-115.49579145721509,-113.29417929289048,-113.80164472881006
2025-12-12 17:58:35.966281,Idle,-76.02994332098751,-71.25809924956411,-60.608300890249666,-81.27591927547473,-28.116203192272224,-75.59924500688794,-75.67072281084256,-75.96792777942028
2025-12-12 17:58:35.970276,Idle,21.558913919870974,32.13465249945875,41.25532085527084,22.28871438500937,-152.98053259396693,27.338901037699543,24.610878392209997,22.337573467113543
2025-12-12 17:58:35.974297,Idle,20.256989825255005,17.787692184589105,23.627281836466864,12.293353474495234,-66.59353564900812,15.501220902835485,13.98656300001312,10.942724515509326
2025-12-12 17:58:35.978311,Idle,-59.20136839788756,-68.8211810052162,-64.44798055980937,-71.47509498579893,77.44620663352543,-69.04525273648323,-67.90328435285483,-69.6183343945304
2025-12-12 17:58:35.982377,Idle,-50.12449420377379,-47.821931606857106,-42.90581878696685,-51.030496761377435,19.19658889150014,-49.01451113980147,-47.51064185233554,-48.18594178502099
2025-12-12 17:58:35.987351,Idle,42.40639188225032,53.38065474227187,57.52864015032537,51.110873386554886,-123.29943401229684,49.995437636302086,51.36184272810351,50.89742999584996
2025-12-12 17:58:35.991303,Idle,48.88314475232619,49.639999318809714,50.963928270793986,51.592809302470414,-76.01734177782782,45.96112885969342,49.28560362954158,50.31490301346639
2025-12-12 17:58:35.994307,Idle,-44.2968280884088,-52.40170694509288,-52.88207585312193,-48.16227863484528,78.64690809318563,-54.38767372703296,-50.10002281609923,-46.575817493576324
2025-12-12 17:58:35.998429,Idle,-62.90349590976257,-60.71105412064935,-60.72762530457112,-58.78343041939661,56.841894053155556,-61.142066940898076,-60.20460607134737,-56.77774952058098
2025-12-12 17:58:36.002381,Idle,34.54731274128426,47.71686925238464,47.87772936408874,47.85627109539928,-94.9798019156442,48.0983473577071,45.159928177658,44.74877625456429
2025-12-12 17:58:36.006400,Idle,79.87212151577114,84.18497349505196,83.04628121852875,86.82780553074554,-86.1306167722214,85.37673879327485,83.24951603412046,79.12015760451322
2025-12-12 17:58:36.010399,Idle,6.04652814756264,-2.375419119372964,-3.8032353164162487,2.5808696543681435,75.22965823374398,-1.5151625818689354,-0.49715037521673366,-4.7098084556055255
2025-12-12 17:58:36.015391,Idle,-32.78147482153145,-34.72703010082478,-34.305240584071726,-32.1481263122987,96.90968489249644,-36.914989175013034,-36.15834424190689,-38.251230160240084
2025-12-12 17:58:36.019446,Idle,45.67652189763612,56.753087802790105,58.23325233196374,56.17387756504468,-52.799143090916914,51.6100939042517,49.30318396622897,48.25602527181036
2025-12-12 17:58:36.022376,Idle,95.6917336373881,101.35555644627311,101.2040082786989,102.1702121363196,-88.1916141914844,98.06421185651561,95.06135111692129,93.67978609525017
2025-12-12 17:58:36.026429,Idle,18.62504857816384,9.620990024704952,7.795997617067769,13.472883664013352,59.05311106046429,11.789139995380538,11.030022541148355,9.445314841897925
2025-12-12 17:58:36.030474,Idle,-45.46312173389015,-51.83154215029208,-52.86491217825096,-49.001229258981766,114.60776929502026,-46.80724297626875,-46.508391386218136,-48.35071901261108
2025-12-12 17:58:36.034478,Idle,26.94340819385252,35.63010041430243,35.87725297131692,35.23520861493307,-21.854184837808134,38.309839822526556,37.98690600055852,35.24483273748774
2025-12-12 17:58:36.038489,Idle,112.11942383019777,121.60461185110034,121.07456208742224,121.41086592883221,-87.45784546395589,120.19225308512978,121.35809380660066,118.91294197569368
2025-12-12 17:58:36.043462,Idle,64.57855285932601,61.693247066257754,60.0252620690444,64.12397367335507,50.58559316364699,58.358271308636176,62.53490032964328,63.303130053536734
2025-12-12 17:58:36.046459,Idle,-16.816237051825738,-19.31301385522238,-19.793677553287125,-17.088408623851137,143.48106729943538,-21.837473031540867,-18.904308564495295,-14.217453729652334
2025-12-12 17:58:36.050504,Idle,25.33553741837386,37.50843876908766,39.04401330574183,37.4314930121036,24.314500719192438,37.56450828211382,34.33399929935695,40.25849388333154
2025-12-12 17:58:36.054525,Idle,116.80992485542083,132.00871483195806,133.35902818974864,132.8171078612504,-79.15709571848856,135.8149167055526,128.4666144195362,133.6273854096653
2025-12-12 17:58:36.059548,Idle,94.67700771793898,96.48103410139447,96.41133375778736,100.77333274738339,30.96884718653746,103.59842908353312,97.78888649027795,103.38404742961575
2025-12-12 17:58:36.062561,Idle,10.911382510574185,8.124817944670212,8.518192262214143,12.662681441332097,152.58327006080071,15.556780968254316,12.108960472643957,19.374263273348333
2025-12-12 17:58:36.066494,Idle,30.036524000533973,39.35059483522491,41.59624293397064,40.82623803218303,60.26698643137934,44.22435638323077,40.249784962128615,47.66467996945721
2025-12-12 17:58:36.070555,Idle,117.4122658421984,131.5390152137843,133.78546229645144,132.9506080038409,-73.39192631780315,134.60785399691667,130.6707267598831,136.79043837574136
2025-12-12 17:58:36.074523,Idle,104.66944789093395,106.02481342619285,106.13501119319699,111.58693005553505,1.1236308644947712,110.28422124040662,109.47504065344401,116.0069723281631
2025-12-12 17:58:36.078595,Idle,9.060174426296726,3.41466862456582,1.9480911295540864,11.094879246360506,145.46316449508595,9.5075161162531,10.575999993045116,19.629549369507004
2025-12-12 17:58:36.082610,Idle,5.612340552768728,12.183530313617666,10.014988003378676,17.45847292758117,92.12433216948557,17.709976424950582,15.874116950872121,26.15914718140266
2025-12-12 17:58:36.087566,Idle,102.01259777376981,117.94303642811428,113.42658894405758,121.83334134678444,-56.58120134110504,121.389717625083,115.98926870850846,124.89850372933142
2025-12-12 17:58:36.090624,Idle,125.03489420052938,130.6020050810548,122.0604221283138,137.39881655861245,-20.152747677107982,132.96068930126057,128.15160353323154,136.0011264584682
2025-12-12 17:58:36.093649,Idle,43.838313931461016,38.859890230727615,27.955061585285875,48.0820030515315,136.80279706314468,40.93949768485618,38.01907696582202,46.69769289215037
2025-12-12 17:58:36.098654,Idle,25.350549999071518,28.976910151883203,18.530140292547003,36.47504411087721,126.36362552745777,30.25737416359334,25.549425174482167,34.10225738422014
2025-12-12 17:58:36.102665,Idle,119.39649951803585,133.8620381138171,123.85211980439635,139.5978308958729,-24.99054442020497,134.63017602507898,126.74957447598717,132.30833391259512
2025-12-12 17:58:36.108825,Idle,162.01916886442632,168.19484452665347,157.04730367665252,175.89466488964172,-27.795150298243243,169.9829339356147,162.83624107921423,165.52574556916807
2025-12-12 17:58:36.111742,Idle,78.06531411836113,71.37264674828475,59.96239411026909,80.85967845635605,127.38523084364715,74.25806384652606,70.16942631310303,73.17289731129858
2025-12-12 17:58:36.115841,Idle,19.53451597386811,19.337257546561887,10.224971739542525,26.231530758803274,151.65357936662986,20.905678084589454,16.920751608689898,21.685952032275964
2025-12-12 17:58:36.118735,Idle,81.83220392675867,96.45668503884008,89.73088989214193,100.03455985051187,-1.9098437767970609,94.65169076638995,89.03945677852971,94.14126031046908
2025-12-12 17:58:36.121754,Idle,129.3157942584803,141.31879121567363,134.68073309183183,145.85175119842734,-50.03684325789618,136.72376961992086,133.35762908152537,138.24378590385822
2025-12-12 17:58:36.126750,Idle,56.9659597786017,55.66364956977213,48.54696099792818,62.6329102695172,92.42231615775836,49.828760966719074,51.79608934158159,57.857783406487215
2025-12-12 17:58:36.130818,Idle,-3.9089467503131345,-3.2430810248697526,-9.08845368335642,2.4086135936540813,155.86563483189093,-9.852993925421742,-6.143729666196805,1.1770704949364017
2025-12-12 17:58:36.134795,Idle,73.6713228457138,88.15482461921738,83.89791230571427,90.92176742200536,22.78667017916092,81.53582112570984,81.94979976664399,88.65492908750548
2025-12-12 17:58:36.138786,Idle,170.46476028094185,184.68490580410526,180.1465639907583,188.51623091715555,-51.733711922689054,180.61195848136595,178.41155727832302,184.36603658293643
2025-12-12 17:58:36.142784,Idle,131.9202901454555,132.48966468579783,127.37931203467815,139.7080011469261,80.82530579270679,132.76081800720203,131.41443990244625,139.1854477949164
2025-12-12 17:58:36.145803,Idle,46.24926103202961,46.252024794539466,42.9677205004009,53.197322112173424,181.22510032564242,48.859698573367496,48.16482822321268,58.88751184965804
2025-12-12 17:58:36.149759,Idle,77.38757859894395,92.70411936450546,92.49483447291277,96.43887989264476,67.8239674813085,93.67541616355811,91.8453762623285,103.38184267844554
2025-12-12 17:58:36.153830,Idle,164.07273418726982,184.06621231887766,185.24298650141282,187.9244519996646,-43.13565349340752,182.09811588660887,181.18503706735282,192.07253579471944
2025-12-12 17:58:36.158825,Idle,140.2418882129823,147.311765348888,148.67502207523648,155.13975803043286,59.891688444466126,144.64604590258386,147.58144469019317,159.6504080695595
2025-12-12 17:58:36.162892,Idle,46.81977250071941,48.34958485636889,51.225162600472686,58.12247865683457,188.78204449612167,46.92973068277206,51.45776906237006,66.51999698638974
2025-12-12 17:58:36.166880,Idle,53.04672774361825,66.48686985261884,71.5207355283128,74.84060071204294,106.3530886993176,65.64231691289751,67.32469157455489,84.07495882198418
2025-12-12 17:58:36.170831,Idle,138.9630521926374,158.50546577190835,163.47006201568,167.21353642969189,-31.45707784330807,157.14741579147085,156.62849674966128,173.06900974741438
2025-12-12 17:58:36.173842,Idle,136.37123489770602,143.8117429920967,146.87479438336595,155.8685668524704,33.194439395370864,142.02699624166416,143.2447676333395,159.69960587780224
2025-12-12 17:58:36.177901,Idle,49.832977729689446,49.05321454281511,51.59421777311945,61.890426445403136,179.86234562189566,46.51945952938695,48.60343570582336,65.595899019434
2025-12-12 17:58:36.181929,Idle,50.95237420232297,60.89426185839693,64.69478159818391,69.96005808566406,136.5046154219599,56.76849431674782,54.010140560742,69.43150809708459
2025-12-12 17:58:36.186923,Idle,152.83124847069848,171.748540552755,175.85173320540343,178.33937259619415,-12.3602036422526,167.21243526320177,157.4365145471238,169.35112868453143
2025-12-12 17:58:36.190878,Idle,177.66150260176073,185.80015715344052,188.8259633914131,194.59562884207116,14.412863873207243,183.88616333047685,170.6483382583683,181.12709527681
2025-12-12 17:58:36.194952,Idle,85.61689766561176,81.76597723925079,85.16812358428433,92.22658222839527,167.461194041025,83.44025288749253,68.85452834788885,81.42866851309373
2025-12-12 17:58:36.197953,Idle,51.88286174622772,55.579141142603476,61.56010646908544,62.88890353575698,159.22919124497275,58.482549488777295,40.265450958468136,55.0795081818942
2025-12-12 17:58:36.201960,Idle,142.96217433011043,158.08241130520764,165.85469661906245,161.8887801143719,2.5283333295737975,160.41269230577745,138.01743552446715,152.96677367990196
2025-12-12 17:58:36.205983,Idle,192.47790590368095,200.05026677879505,207.3116530379193,204.97898865950992,-13.039258864664589,203.120769643705,180.49750492267776,195.86652529255662
2025-12-12 17:58:36.209997,Idle,107.81759805022739,101.39112480089534,108.39029197192576,108.70211900270078,136.38868196870317,106.8890196839784,86.00988041488745,104.13110392053204
2025-12-12 17:58:36.213943,Idle,38.121931597663206,35.77065904218762,44.60800796987314,41.80170674141846,162.8641406966417,43.39691804286849,20.433422607762623,41.13350152668136
2025-12-12 17:58:36.219010,Idle,95.43611978877743,106.17085528169991,116.72168707170931,110.20829733954452,5.411366877349792,116.00854360843368,87.63242000203172,107.81378201616462
2025-12-12 17:58:36.223034,Idle,151.85030879438273,159.09273565890908,169.0958979238494,165.55527352675563,-53.253523964449414,173.52206514557474,142.33264259972202,160.4575791566749
2025-12-12 17:58:36.226028,Idle,86.57778029750625,79.24352414731402,88.28445638617268,89.76816196016443,87.67028388949257,99.79312982552801,69.52413679423626,87.0482981846144
2025-12-12 17:58:36.230031,Idle,14.931695031482377,7.937172237725463,17.834126664543874,18.08764419084764,159.72314918375196,31.95914624071156,1.9277028540382162,19.648699829529505
2025-12-12 17:58:36.234083,Idle,69.99955380617757,76.23965966244577,87.2189171371283,83.24559433123795,26.001084031857317,99.398410088339,68.3867846258945,84.87573630006227
2025-12-12 17:58:36.238071,Idle,149.25266581086908,155.87280879588798,165.83573416770378,163.34182381193386,-64.74743185743864,177.01695077239128,148.09374337676854,162.7992717200541
2025-12-12 17:58:36.242017,Idle,104.37923503645288,97.71841906895861,105.91842826314678,108.81676323188003,56.02013180301583,118.91467508935602,94.70203393851989,109.08531788118125
2025-12-12 17:58:36.247094,Idle,19.94475741191127,12.069403243527631,20.062776137710898,24.01986661356932,162.261897919052,34.72597745602252,11.637132281524828,25.71639332723862
2025-12-12 17:58:36.251095,Idle,57.27872217880213,63.94669726374559,71.85837577121856,74.0022501959902,57.21979713084875,87.61116854782449,60.909587601039675,72.27642930096772
2025-12-12 17:58:36.254136,Idle,152.3548252233304,163.43922063111677,168.7013014419208,174.85053084119863,-58.29020505497465,187.71864418413315,159.74485702207312,168.1081660422933
2025-12-12 17:58:36.258107,Idle,132.00114060672058,130.01840712723788,131.40314745667274,146.47311536758207,37.78815369725635,154.53358353670046,132.1367216973158,141.34429573956004
2025-12-12 17:58:36.262124,Idle,34.30684169550659,26.860498703928897,26.66662333351269,45.434952573734336,172.00624103257724,49.29965908288432,34.67056119524932,47.77949021024688
2025-12-12 17:58:36.266098,Idle,36.11024322437879,41.67504426834057,41.97657142582466,57.292225824523484,97.96173148539674,59.00907619843201,48.47290634739329,63.92088561131095
2025-12-12 17:58:36.270152,Idle,123.50960699132702,136.89465979195666,136.46430405977299,150.23911964375293,-44.44261785970593,149.31209695855796,140.16773039818509,155.05706515914062
2025-12-12 17:58:36.275170,Idle,121.90854585557827,123.75695329024165,121.04255289075081,138.4996325988759,9.388410586427199,134.51199631679629,127.17006677154859,141.4636899400648
2025-12-12 17:58:36.279186,Idle,26.743147496250458,19.439743322494905,15.990811133000534,34.51680267928168,155.76567250143853,29.799052430302254,23.20608024505782,38.13642581217573
2025-12-12 17:58:36.282192,Idle,13.479746021446772,16.820567200295045,14.942485475854483,28.353176430493477,118.88183954681153,24.34751861708355,15.607696754435892,30.16137086521485
2025-12-12 17:58:36.286229,Idle,108.61565999565937,123.5848844206048,122.69868979245075,132.56827054650057,-32.156321566173574,126.61324477399467,116.5335052574519,128.67909407112165
2025-12-12 17:58:36.290212,Idle,137.74713227525353,145.66103358329565,143.97045118862297,156.59913041170512,-12.72499147398048,146.10729712389002,139.39971257204888,149.5756661335472
2025-12-12 17:58:36.294239,Idle,49.04376113934268,46.91826771001797,44.94209895207314,59.60990356231923,143.78979960645665,46.992370575564564,45.04788455803646,55.14672292658361
2025-12-12 17:58:36.298200,Idle,10.103338658082066,15.874542159377597,15.169721584010404,25.521457335737068,147.03099658053543,14.889964645379223,13.697202051102067,23.41952795596444
2025-12-12 17:58:36.302234,Idle,97.11980897336616,115.36705370803247,115.13453885243507,120.84699691657443,-7.657590387694654,111.68285604211269,109.09945598407649,116.87402874324471
2025-12-12 17:58:36.307319,Idle,153.6292341203225,166.52002426690888,164.86364472474088,171.633131987066,-29.706628817046294,160.26419407647336,159.80656247217848,166.76955844415352
2025-12-12 17:58:36.310297,Idle,80.68048510052904,81.38647516915808,79.05095013137907,87.14873915433418,123.9636196699139,73.3689598574565,77.70752656787226,86.81505521890358
2025-12-12 17:58:36.314278,Idle,17.975172585778637,23.877972370246425,23.332222313794773,26.67684124491643,167.85475426418998,13.763024971427512,19.96878101641778,31.15835017245263
2025-12-12 17:58:36.318261,Idle,80.8659002645436,101.45977294395561,102.81611848779721,100.58940338599496,20.447119095508242,89.0194848623214,94.25249100652582,104.51700150888064
2025-12-12 17:58:36.322287,Idle,146.61185016913805,165.91192629898433,167.17202764487593,165.87729732843582,-44.054676990257576,152.62064263671346,159.29810251676827,167.88567868768587
2025-12-12 17:58:36.326324,Idle,88.40463899853057,94.8357915218512,95.97035654995125,97.38340652926126,92.39298574331042,82.20861721730034,92.85502214950975,102.0537442752393
2025-12-12 17:58:36.330355,Idle,15.62753510013863,23.686449746513972,26.982453588192584,24.174730378726963,172.56616369746916,11.110982581507415,22.70583836773585,32.826806562166894
2025-12-12 17:58:36.335346,Idle,67.12953099205333,90.37650477758143,96.33845799072878,85.64761036433629,45.62873121918528,76.51232143498783,85.08519101138518,93.25119550450472
2025-12-12 17:58:36.338354,Idle,145.5789063128177,171.44849433668423,177.69724722608225,165.19444000709336,-51.66677088239521,156.84244819894957,163.96149301470723,169.05243175599026
2025-12-12 17:58:36.341366,Idle,95.62980671522382,109.16218253583065,114.41453851060942,105.33355381820002,61.06466616464604,95.2240553737065,104.88685838413949,109.51333966851234
2025-12-12 17:58:36.346376,Idle,-4.042178058705758,7.946054582600482,13.941633201378863,4.606593893870013,170.13921798534284,-6.014563642558642,6.388914321985794,12.410632509359857
2025-12-12 17:58:36.350397,Idle,16.979350893350784,43.63843755883863,51.58827557321638,38.10165803990094,67.84847894267295,27.48210150914383,40.98316317470744,46.88374799489975
2025-12-12 17:58:36.354394,Idle,107.17389729928982,139.27809826869634,147.44616924860748,133.9821724477806,-58.44539248335059,120.46725019758742,136.82836713077268,141.59673137794016
2025-12-12 17:58:36.358407,Idle,92.27759156905813,111.65872507193126,118.48926399773336,109.44711557414848,23.975796006983728,91.60988429385179,113.48204359973897,119.5787804913125
2025-12-12 17:58:36.362442,Idle,0.38088090797828045,13.196174093493028,19.95668937434675,11.206239884137176,158.27465835771,-7.451733442037948,17.22156806809653,26.9124770166527
2025-12-12 17:58:36.366440,Idle,6.438692612209707,31.247909988247557,39.1651338787924,25.534811997407814,90.98481574411562,9.575159173546126,31.317375705883023,42.67269280043547
2025-12-12 17:58:36.369457,Idle,102.26506019046064,135.2266390196164,142.5867191751022,128.03094996600703,-54.54603662270529,113.45719671271218,131.71843488053128,141.06082925153896
2025-12-12 17:58:36.374458,Idle,109.48505038714211,131.49015090989997,136.26940324818133,127.36420635871764,-9.155180768371793,111.68723923467041,130.87519217027875,137.27011112397304
2025-12-12 17:58:36.378462,Idle,12.033769017391023,24.338880462863017,27.578300836699782,21.602266329107806,138.686506171769,6.044821617702837,27.052770874768612,31.74458962166682
2025-12-12 17:58:36.382517,Idle,-12.446323097479763,9.470247979683336,13.311364804132609,2.6008640118525364,108.57601601387432,-10.883747576881433,7.640884404725512,11.005779286351753
2025-12-12 17:58:36.386490,Idle,77.27855563253979,110.31690090644406,114.63830630623852,99.176128794963,-46.86163461668184,85.68648975560791,100.07440278498689,102.44955528021092
2025-12-12 17:58:36.390506,Idle,109.53783427861345,134.9107753933058,138.84655432091677,124.27159615070559,-39.75610633318138,107.67388770198158,121.84764032792009,125.8557085537177
2025-12-12 17:58:36.394510,Idle,20.438277296241722,34.30499785669963,39.32543797866674,25.207922001427505,115.12822442849574,6.947190210456029,23.355055502965115,31.539917242596857
2025-12-12 17:58:36.397518,Idle,-27.003214629061404,-6.720369768503588,1.391881185641978,-17.553488598307013,128.11115260249062,-33.770863995319814,-17.85611143958522,-7.167468649306102
2025-12-12 17:58:36.401539,Idle,52.25453003628354,84.49752333256765,94.52564627621905,72.19466882334382,-24.022436328668846,57.72919429364265,71.50883266964229,80.4977245721675
2025-12-12 17:58:36.406566,Idle,106.73254158168857,133.4425122026587,142.42347615561448,124.15037921644398,-55.19665581503068,107.99647318175994,123.10070588285453,129.3540284447663
2025-12-12 17:58:36.410561,Idle,31.775398137964658,45.603783692989964,53.16509231191594,39.6909624345717,94.26929892410408,21.383958966340288,40.297578871279256,46.64089438889641
2025-12-12 17:58:36.414530,Idle,-35.5305112197093,-16.81489227124257,-8.661957454722142,-24.750207672666875,145.10268115058716,-42.17330358333129,-22.632104412696208,-14.610257141990587
2025-12-12 17:58:36.417525,Idle,27.088169663009467,61.777334646641975,70.85283473471645,49.409621655300725,0.5100892389600631,34.10318905432359,51.29277801520948,59.31663132747053
2025-12-12 17:58:36.421587,Idle,99.02788550331024,134.0074907418748,142.16211878330796,121.31874448389863,-72.7238129163452,106.48951515291992,124.02014771672839,130.99830194994865
2025-12-12 17:58:36.425605,Idle,42.255614295601845,63.58925510865811,70.38600082960329,53.315309340905515,57.61294559889939,38.999744834945886,59.86121865270252,67.37681370443897
2025-12-12 17:58:36.429608,Idle,-41.35429606164689,-21.82957134731987,-14.75804206621251,-32.92443918905337,142.24302414439444,-44.42299949745939,-23.132632706387085,-14.30364913008816
2025-12-12 17:58:36.434637,Idle,-1.4609683767339448,29.478964297130005,36.956576041091466,15.159866116126068,16.211103268171428,5.945379360811785,23.376831807079725,31.72022058517905
2025-12-12 17:58:36.438638,Idle,79.3054232072318,110.26562849817856,115.80681515758624,96.09020022040932,-92.95667119367863,84.97817183419829,99.79659782091039,106.81022415969346
2025-12-12 17:58:36.442649,Idle,41.87862849931116,58.49836214448442,61.10998799726076,47.275219649338396,9.759439083456527,32.52520494337659,48.47521625002264,56.19264532800298
2025-12-12 17:58:36.445612,Idle,-48.0246279490093,-34.59355634407257,-32.753238561868784,-46.2852376075607,123.58848550633411,-61.43744649096334,-45.12293239463179,-35.44826481123164
2025-12-12 17:58:36.449742,Idle,-19.610706970837782,8.290593501122203,11.126394269871525,-7.6936421371938195,29.252499141985027,-20.53916884701175,-7.225323117701919,2.3558947846322553
2025-12-12 17:58:36.453731,Idle,84.00442235547234,118.51756127376575,121.27364122630388,100.74685545005195,-99.41296218540083,88.52764667720476,99.90951335037244,107.44825930682418
2025-12-12 17:58:36.457752,Idle,81.50889859168092,103.61956564678985,105.28985248185927,88.11709323046671,-20.42955527418235,74.43061460241734,88.20320531845209,95.09891849230917
2025-12-12 17:58:36.462731,Idle,-15.395009562620544,-1.602330777066527,0.5611246239277534,-16.580339088497567,121.90437640409073,-30.433489594288403,-14.134800628089579,-5.834668632320245
2025-12-12 17:58:36.466678,Idle,-26.892119148382335,-3.3187460884510074,0.7374769537127577,-21.537828310159966,64.41738581727259,-34.08836156195321,-19.270629960199585,-10.618193675152725
2025-12-12 17:58:36.470748,Idle,63.12325248881825,93.78030334805953,98.11011523762136,74.34004124010971,-83.81060042384343,61.28129441263445,73.87102188609424,80.50958204135532
2025-12-12 17:58:36.473759,Idle,83.75753499139682,102.75273824062606,105.30781404406298,87.11083995879744,-44.52553138552321,71.84937427889963,85.73640796463587,90.46861254460237
2025-12-12 17:58:36.477774,Idle,-0.6228878758847713,7.229216266976437,8.886761742600356,-4.89422513761383,111.05015401167475,-20.033600223381654,-4.0839163622877095,0.17053047314402647
2025-12-12 17:58:36.481794,Idle,-28.52487096301047,-12.340099359702435,-9.801271931108204,-25.098269460286247,95.85963458823971,-37.20733918514452,-22.809392962415586,-19.852458156077773
2025-12-12 17:58:36.485813,Idle,48.57858648767433,76.20168911264045,78.78480476263212,62.88372500926198,-57.78566923854669,52.3125955335272,64.27848063396232,63.91792945790803
2025-12-12 17:58:36.489843,Idle,71.8693187869867,93.35818390909117,94.16954842254927,83.1499828727101,-60.95267821836751,70.90374667597644,84.85638568560535,81.83446021516284
2025-12-12 17:58:36.493832,Idle,-23.74904172661627,-12.271414585586172,-12.258136041797115,-20.110108327426133,90.27315739452752,-33.314500906300964,-14.772639107250143,-17.635543715630774
2025-12-12 17:58:36.498796,Idle,-78.9270723672671,-59.54195658695244,-57.83921856277448,-69.99798078452295,107.79427989851683,-81.29407277828432,-61.30265222089656,-63.127591523429146
2025-12-12 17:58:36.501826,Idle,-0.7222817075817147,32.41509183123708,35.561248284750036,18.721288924032706,-48.23149858389661,8.514825675236352,27.21849319706962,24.999832116867765
2025-12-12 17:58:36.505870,Idle,64.5345327982941,92.78855653575738,94.84280127879174,80.81866016879212,-92.98944022827345,68.55290018465166,87.81145260085759,85.11412742342509
2025-12-12 17:58:36.509854,Idle,1.468726336643158,14.783690897063934,15.198154893747414,6.397060259303544,52.00205387700407,-7.06844881579309,13.5925600756309,12.169139568388346
2025-12-12 17:58:36.513892,Idle,-62.906279020171496,-48.416903926059604,-47.789808112516766,-57.30935845919885,112.79199392140436,-67.79251612538064,-49.62950934334367,-49.849760905257426
2025-12-12 17:58:36.517890,Idle,0.4320247691794066,27.902788327162853,29.12383086612681,16.353992487231153,-25.178251739605912,9.458490013814298,22.753623100550612,21.316526585331303
2025-12-12 17:58:36.521921,Idle,80.20888058326818,106.18117779918248,106.05000913361437,95.52880906847713,-103.72478659221815,88.47645387746888,100.83898028772091,97.65870370865741
2025-12-12 17:58:36.526924,Idle,31.935069123632275,42.6500927011366,40.517966884581256,35.03248425446509,24.505530239948712,26.178015944788058,41.63994832338358,39.438842115327134
2025-12-12 17:58:36.529869,Idle,-53.73969664606557,-45.866158219389035,-48.06467968058132,-54.152915785249206,119.49693702314107,-62.426249923672,-46.305107066451455,-45.78994705186051
2025-12-12 17:58:36.533939,Idle,-21.393059330177493,-0.9105345976713579,-1.9683326889935415,-12.86305192598229,1.561648781200347,-19.55907348170149,-7.042794626351679,-5.4051046535605565
2025-12-12 17:58:36.537942,Idle,60.672697150483145,84.15366151189664,83.14466549357167,71.53274735323066,-112.8615950410458,63.954186344089976,74.27630014916213,75.47676248433709
2025-12-12 17:58:36.541984,Idle,32.21956241157022,43.22619539141306,41.828033106648945,33.10884206366609,-14.747281470576127,23.851533467313857,36.116404438973404,37.879088202214916
2025-12-12 17:58:36.545966,Idle,-56.02120275006746,-48.89951684062544,-48.99847612580925,-59.1533847830724,108.42042821881478,-67.0032582989661,-53.57940156090626,-50.4872258274263
2025-12-12 17:58:36.550003,Idle,-36.793725098643336,-16.921425591644947,-15.13867705471057,-30.544248164027522,24.45552383604445,-35.399657685586135,-24.845550254867703,-22.30254824293661
2025-12-12 17:58:36.553939,Idle,57.39798217196949,82.48188840194052,83.67512351115874,68.4262484255596,-109.3696843086218,63.780171098114806,71.57833521918656,71.83792194946
2025-12-12 17:58:36.557014,Idle,49.41057080508472,60.48073668192956,58.978627045842586,50.539431522760424,-41.63510635851708,44.51036210163875,52.950149253199925,52.122597374473116
2025-12-12 17:58:36.563034,Idle,-54.93694952714941,-54.04868210715358,-56.991961180181534,-61.38903060651501,101.31819075149178,-65.35288469769148,-56.709455380732834,-57.05167136689124
2025-12-12 17:58:36.566033,Idle,-77.4067881028277,-67.37488589833083,-69.87616550883831,-76.29540601222106,50.1730422775654,-75.11242291505187,-70.11907398005133,-71.35134068674233
2025-12-12 17:58:36.570039,Idle,3.1690005820564693,21.345607226656284,18.413983152306173,12.085610876696592,-104.08974252515327,15.80203238620743,17.420102063239028,13.105717144557275
2025-12-12 17:58:36.574074,Idle,17.59150766917446,25.161585569469025,20.348746545918402,19.961299506147043,-79.0468139501645,21.972588052405627,25.186843292569392,18.79990627389634
2025-12-12 17:58:36.578062,Idle,-70.72453461206533,-74.41980765190237,-79.61019888747978,-76.3529275705223,73.41493455805903,-75.63970735476323,-69.19383270111575,-74.80821760783147
2025-12-12 17:58:36.582140,Idle,-93.68918351289176,-89.2148085865847,-92.06931695499952,-92.76708788338874,66.09726252956534,-90.36460487141449,-84.58412511999632,-89.07738580883597
2025-12-12 17:58:36.585028,Idle,5.361268549051601,22.002695703260542,21.658320288224786,16.30957982223481,-86.20025922343484,20.016071115831437,23.41342233109026,18.483607408605167
2025-12-12 17:58:36.589096,Idle,58.51314008317422,69.11406016694673,69.83843220866402,65.20667688941103,-95.92145137219995,67.37474712769836,72.31743282680691,67.53011647344101
2025-12-12 17:58:36.594111,Idle,-22.092363322801248,-23.641034723623306,-21.593670414644293,-25.658920448338904,56.991490329630324,-24.79116921512832,-15.847321543049475,-18.269098761338682
2025-12-12 17:58:36.598119,Idle,-86.13797622925631,-82.73656081683293,-78.24824640290171,-87.5558850946909,85.28977683758967,-85.1163272391459,-75.67154706107976,-76.0726074326958
2025-12-12 17:58:36.602131,Idle,-25.068676690420034,-9.026010711750132,-3.4486668190875207,-17.8319348955265,-69.20967447850853,-13.672558009995555,-7.028341440243821,-8.196177832513058
2025-12-12 17:58:36.606151,Idle,31.796242876956967,43.80168580516329,47.56895348884427,35.542087521393114,-125.45080870690981,39.18886256585756,44.95531632573693,42.26655681070042
2025-12-12 17:58:36.609157,Idle,-34.03599286359895,-36.09882780175394,-34.439526703012234,-41.55213345458105,13.877648284003953,-37.646963558418065,-30.70095983419378,-32.8446413513193
2025-12-12 17:58:36.613159,Idle,-105.10520384493248,-105.45910063528572,-103.56077445318442,-111.58882212933531,82.42481174804016,-104.09116624505987,-98.9121911742368,-99.73692570882486
2025-12-12 17:58:36.617127,Idle,-47.87176157339127,-33.58777469836059,-30.678586423822708,-42.36778792957557,-51.16238251622781,-31.600551628540416,-31.32915615258389,-32.725689286202396
2025-12-12 17:58:36.621202,Idle,34.197013162902294,49.82796732377392,51.906809649233765,42.13780943651,-138.22672525845974,51.51213525746425,49.876575118065375,47.08503695366744
2025-12-12 17:58:36.626201,Idle,-9.052875742068863,-6.478056067102443,-6.030506156981573,-10.440018761588362,-16.06454747320913,-4.798602829274387,-3.2357185154833132,-5.501775018976332
2025-12-12 17:58:36.630206,Idle,-94.05115439820747,-93.61149389429556,-93.20600224373266,-97.35819021147836,87.15612445212173,-92.71534435081958,-88.57528673510205,-89.41248414443544
2025-12-12 17:58:36.634214,Idle,-58.83618299043019,-45.87616947165225,-44.9353247937579,-52.76174405778329,-21.134723563493935,-46.86892623667427,-44.30287767685695,-46.091726065656985
2025-12-12 17:58:36.637233,Idle,34.459510569293116,49.47016119812724,48.93596145514675,42.1991582401306,-137.72874123802194,47.37260618921027,48.425514217396994,43.77594390550985
2025-12-12 17:58:36.641243,Idle,14.77241126991396,14.674324176361552,11.497606533526778,10.433656444670305,-43.613675082555346,13.039993842447984,15.814650220705516,10.037990044100297
2025-12-12 17:58:36.645197,Idle,-79.75633165188992,-87.15983648149813,-91.18773891547062,-90.72261051280475,86.24170464519034,-88.73112751787767,-84.82375267200678,-89.4204698341182
2025-12-12 17:58:36.649275,Idle,-73.80590468934292,-70.20991080693966,-73.57547282205996,-76.45903273458498,9.675362436085265,-73.26223931521918,-71.76174987523245,-75.83927046562803
2025-12-12 17:58:36.654265,Idle,18.140734399048597,27.551257835345496,23.354432958891266,21.20076081694407,-130.11827591108727,23.66112835465765,23.196987952906966,18.208834629808734
2025-12-12 17:58:36.658280,Idle,20.830270919319446,17.14443980256783,10.388288683465362,15.101807662101919,-72.14614279934585,15.090456556633884,16.482689459125822,11.589198569657128
2025-12-12 17:58:36.662296,Idle,-73.06985669428832,-87.22667063933659,-95.3334298879189,-86.6276027296426,74.74800628199546,-86.60307890861259,-83.55548986629879,-86.893517901309
2025-12-12 17:58:36.665318,Idle,-90.85678447846476,-96.28752408307878,-103.85024375767193,-97.93334531699384,35.17088055066324,-95.07129306674142,-94.92255800050907,-97.86444894652637
2025-12-12 17:58:36.669259,Idle,-4.505200843388593,-1.02158792227101,-8.773290248761896,-4.501353012404252,-118.46648526183708,-0.7977603495073708,-4.649095856566873,-8.777928918250382
2025-12-12 17:58:36.673331,Idle,17.722019884859037,11.68496733784059,2.4003266593790613,10.90312756343883,-101.24563971125735,11.782756870738922,8.129890691014225,4.5252019573522375
2025-12-12 17:58:36.677296,Idle,-70.84751896781927,-88.19531766902128,-97.43715358408645,-85.87311967109417,52.405163191769134,-87.17782806619834,-88.62973132300067,-88.75763791113786
2025-12-12 17:58:36.682337,Idle,-105.04216001155692,-115.0500080456195,-121.63322830139805,-113.38602710738996,53.91049493387072,-113.59662819287041,-116.20374585205263,-113.42177383683793
2025-12-12 17:58:36.686347,Idle,-17.034231169282066,-15.419175511879985,-19.803749159669678,-14.834278477075713,-99.83802377772736,-13.89990404758555,-19.70153625162675,-17.123210675294104
2025-12-12 17:58:36.690329,Idle,33.94541428344928,29.17252528942663,24.560305600682113,31.95485609536081,-121.21144714761067,31.4591763756398,25.65648595699531,27.3973703557549
2025-12-12 17:58:36.693385,Idle,-43.27961848685118,-60.576696933507264,-65.60222177528885,-56.04950667734374,29.87021961323262,-57.95654966081929,-61.288488763719215,-58.281018468449474
2025-12-12 17:58:36.697337,Idle,-102.14102053844726,-113.8972871212045,-117.59128589795,-112.37176858972452,70.83162596050715,-113.27601986298032,-116.86601853522552,-112.27065603811207
2025-12-12 17:58:36.701411,Idle,-31.057774198452535,-28.09520458100087,-30.62822008387593,-30.28264683692396,-74.99300881682575,-29.947816991794753,-36.46151986806581,-32.73374201881779
2025-12-12 17:58:36.705441,Idle,39.46926464347416,40.14303416137227,36.67498075327239,39.54919559494374,-134.46321922046081,39.35825795888377,32.27144982981554,34.02800486739034
2025-12-12 17:58:36.709475,Idle,-19.920688986097957,-34.04418126480596,-38.72246262036788,-30.449214427990228,4.99956705542354,-30.636267540599874,-35.380806354380184,-33.70750245483214
2025-12-12 17:58:36.714450,Idle,-98.04694582326556,-113.06700066903795,-117.0987608276555,-109.42389477395045,84.47394576283114,-106.86381688695838,-111.08646838283676,-108.43527340490982
2025-12-12 17:58:36.717474,Idle,-52.08045458216657,-54.692826971517206,-57.943702364409546,-54.126356927990855,-43.155159280519,-48.56683645116573,-55.15386587800094,-53.40638791933452
2025-12-12 17:58:36.721454,Idle,27.19049857290156,24.699246721094823,19.843085559688916,25.19329594080409,-138.48205708001842,30.78362586876392,23.45866046219453,23.01548070588251
2025-12-12 17:58:36.725475,Idle,-11.075983775936038,-27.606016469890164,-34.98736928865401,-24.61628744036352,-22.84564940823475,-20.025357317945236,-25.16639635444153,-26.118485502051044
2025-12-12 17:58:36.729426,Idle,-91.77859484030341,-110.66908399669046,-118.43183876384137,-108.42284592049327,88.4210821492834,-101.93576556760854,-106.77794707423163,-106.88704104619683
2025-12-12 17:58:36.733432,Idle,-53.714453440978104,-58.18466111063026,-64.83078878402375,-59.57623299924671,-10.825498922466068,-49.407619533565594,-57.777333313119016,-58.63212198753172
2025-12-12 17:58:36.737496,Idle,44.86037041614691,45.677176377605065,38.721978421872336,44.23267185374425,-132.16615903183992,55.677226581403374,45.009102798259846,41.8651591207381
2025-12-12 17:58:36.741539,Idle,29.521470326748386,17.130655929580826,8.653043277845427,20.102105081914488,-45.337139563718665,30.496484344021155,21.89390645594176,17.798393592904176
2025-12-12 17:58:36.745543,Idle,-67.19750652811854,-87.02735986098196,-95.44794611826364,-81.49357981434514,90.67620773725139,-70.93992436490589,-77.58167094500095,-80.99495500925332
2025-12-12 17:58:36.748552,Idle,-65.80424783493436,-74.59498541796711,-81.28007882886595,-70.36653846578338,24.27072983996186,-58.50707667390816,-67.32487902453795,-71.0156381897068
2025-12-12 17:58:36.753550,Idle,26.725379830477323,25.308485041969107,19.343361431063386,29.871261659700394,-119.01622255165421,40.73767102346392,28.96235031571632,23.904683989563637
2025-12-12 17:58:36.757558,Idle,30.86137412654716,17.957507813138363,11.340321295239846,26.629558032822388,-71.95232005042635,34.368753612488945,23.013199312990764,18.541976857675763
2025-12-12 17:58:36.761582,Idle,-70.21654419335027,-93.15076039083215,-99.17531575409521,-82.30886183492476,74.3217485869427,-75.62477508745724,-85.68849367304938,-87.0981489405458
2025-12-12 17:58:36.765608,Idle,-98.95393289340427,-112.69297773821017,-116.34358971539041,-104.86303270384451,41.167407963795995,-96.23124773142627,-107.79531381283232,-107.29594458638894
2025-12-12 17:58:36.769598,Idle,-11.810031916622393,-15.06949421227182,-17.286076514341403,-10.33409232419217,-114.85003449995202,-0.7430494841719337,-13.804455979756312,-14.495457529643318
2025-12-12 17:58:36.773552,Idle,25.50932499843111,14.168347246981284,11.477683979399444,19.795929764270113,-105.07459609071157,27.848391918862035,17.282221579440375,15.047671715197794
2025-12-12 17:58:36.776627,Idle,-48.879077293891896,-71.40020378692861,-73.86964285958675,-64.85806819811842,53.439374535118986,-57.1230672784186,-64.32341733386784,-65.99431128823198
2025-12-12 17:58:36.781639,Idle,-80.0450626435013,-95.10080135933094,-95.32029325637268,-91.370033383595,69.3991173130089,-81.12307918983788,-89.3033347569799,-89.911557362233
2025-12-12 17:58:36.785642,Idle,7.033001658986905,5.0974704415421,6.686472354333091,6.428509095945628,-80.6141647916993,17.873746542249137,6.6693418326976825,5.76538008244097
2025-12-12 17:58:36.789670,Idle,59.119651186079864,51.914648717101954,53.0026861608203,55.648158749558206,-111.53998178515758,64.33714653797506,54.05327715619933,53.02798852248816
2025-12-12 17:58:36.793667,Idle,-23.52489518308721,-44.92844931228319,-44.70461095961946,-38.06434771250497,35.063458821503446,-32.28393535104988,-38.729739881207934,-38.20755709372315
2025-12-12 17:58:36.797746,Idle,-98.8411515527805,-117.90061578988389,-116.87667051603785,-112.81935453802726,81.78607203415959,-106.37808437516651,-112.23269835862448,-110.59374526644388
2025-12-12 17:58:36.801666,Idle,-40.478220192930166,-46.14931535445794,-44.24189168581506,-44.83926337760204,-63.78522664857883,-36.634246717490896,-45.503694472878124,-45.325286611732736
2025-12-12 17:58:36.804690,Idle,35.810644487999525,29.001692286408797,29.785590115207015,30.71597287907207,-132.86622273024477,38.380003427697375,28.415699115459574,26.51806849541026
2025-12-12 17:58:36.809731,Idle,-6.833605288662511,-27.027560317139432,-28.023559510576888,-22.330863235751167,4.5985635610813915,-15.37302724809706,-23.519692809248227,-25.281842525844695
2025-12-12 17:58:36.813742,Idle,-74.06781333541585,-94.44058539941034,-95.82792299215362,-90.11792408381007,96.61794993608419,-80.64951619358908,-89.08554636537883,-89.8065381119959
2025-12-12 17:58:36.817735,Idle,-25.037490770813747,-31.8453809931234,-33.67124246097228,-30.432481675612507,-22.35614657417682,-17.42205558211208,-29.453334038167668,-31.258941542859247
2025-12-12 17:58:36.821743,Idle,56.485136874656746,51.426566759633715,46.8667040702785,53.07358123360609,-125.02996195765809,66.38541335113041,52.65734591669025,48.482887205034785
2025-12-12 17:58:36.825692,Idle,16.602021896862425,-2.23155516434781,-10.158145137997053,2.435764163026761,-17.823033028107602,13.931594596626383,2.5474397792859236,-2.1508411678514676
2025-12-12 17:58:36.829756,Idle,-76.04924136496629,-99.03289610558568,-107.71894976938347,-94.21425038372399,97.94405931901201,-82.2460056651289,-92.0773289733188,-96.02284902503743
2025-12-12 17:58:36.832786,Idle,-52.12415854336723,-62.81503870309098,-70.28046081380307,-60.964367011714785,4.508184690072085,-46.49953851676037,-58.32470319827553,-63.485650588067074
2025-12-12 17:58:36.837779,Idle,45.13436921680477,38.98222000898386,31.55283640207199,40.232217735698214,-123.47783828578758,54.81315674394864,42.11787892549182,34.20394397560449
2025-12-12 17:58:36.841790,Idle,40.60468472389766,21.726558337031747,13.09570507548051,25.386556503377506,-44.945377968160756,37.18422031481896,28.167193785549898,19.79164428864169
2025-12-12 17:58:36.845812,Idle,-48.91949189171282,-74.34104172362277,-82.59661036449688,-70.84374583742465,96.01694375209263,-60.57086202294522,-66.02370975850499,-71.96466236632841
2025-12-12 17:58:36.849823,Idle,-51.49572605418871,-64.46440901482129,-70.5165596086008,-64.7553538649372,37.74508590393452,-53.65322499082322,-60.305015240068315,-64.56634803384804
2025-12-12 17:58:36.853772,Idle,35.10282820503926,31.608204882570135,26.83627374262869,30.14452636000351,-111.30441149848048,40.73990137280998,31.826428946325905,26.96380364605284
2025-12-12 17:58:36.856785,Idle,39.698330362673005,26.400346334172355,21.44261525606271,28.906518872892775,-75.48515408581079,36.46858527273071,29.441092206827307,24.55256748944521
2025-12-12 17:58:36.860843,Idle,-58.51677074572581,-81.6241290114558,-85.75950012970861,-76.0687772724632,73.9541741635403,-70.29141082304704,-73.94210923584615,-76.83266721236578
2025-12-12 17:58:36.864888,Idle,-86.38271165552578,-100.62038732530345,-102.55567554851586,-97.15062690673949,53.921603492100985,-90.07558419917405,-94.19002408275264,-95.94224760645011
2025-12-12 17:58:36.869873,Idle,3.1042954601507518,-0.10356306753965328,-1.3219990689540282,0.8196851539687486,-99.74707800115357,8.86322844184906,2.2471154046143056,-1.1033312731669866
2025-12-12 17:58:36.873905,Idle,43.961404326128104,33.5303876729522,30.68191781680798,36.116468590254954,-98.52571905739751,42.59270098977504,36.64759755504929,31.585009118105518
2025-12-12 17:58:36.877901,Idle,-34.63281471424489,-56.3791866864849,-60.23443572056567,-51.45461475959746,59.26040870198267,-46.108416262479295,-49.45367912056099,-54.05013160436647
2025-12-12 17:58:36.880900,Idle,-78.88453773045694,-93.64804388613265,-96.20989769735024,-90.0316795284889,84.49524964241573,-83.24284461532443,-87.11906831341912,-91.03243205731269
2025-12-12 17:58:36.884858,Idle,-0.4103331290607457,-1.359098387256381,-2.7325509542570217,0.8242550387585652,-63.366554927808465,8.745669365001959,2.076732772467949,-2.915785382348986
2025-12-12 17:58:36.888920,Idle,55.2945185041317,50.62972281760449,48.37790636417776,55.94880830006878,-101.94886554192635,62.819392990655615,55.97847147205175,50.1510582545161
2025-12-12 17:58:36.892938,Idle,-21.003015250214958,-38.88365346048522,-42.146068892667245,-29.406298636422434,44.70632269254202,-22.35886631757603,-27.493373522505863,-31.8058601051016
2025-12-12 17:58:36.897955,Idle,-95.51127444878875,-110.62553116759227,-113.00804305718339,-101.82002838872722,103.41633259016817,-91.16602451831568,-97.71889135029778,-100.31709757514182
2025-12-12 17:58:36.901948,Idle,-35.06404981062951,-35.97337718378549,-37.3587079101635,-30.232062661198142,-36.829735793762666,-16.80792195666072,-27.223243631902733,-30.890484600888158
2025-12-12 17:58:36.906068,Idle,49.53050911404716,48.178962002937624,45.52701967894973,54.76569524114166,-115.49562874605908,65.73387771540729,54.9923382799534,48.85528976241767
2025-12-12 17:58:36.908979,Idle,10.235639084476134,-5.306099221219483,-10.206952786000329,4.85800218872464,14.3041700911308,10.780498687414365,3.910257398019894,-2.76056082300056
2025-12-12 17:58:36.912982,Idle,-67.11318647645749,-84.64000719726027,-90.35675015991,-74.29201141781232,111.72260202136385,-70.70357417861669,-75.7498230896017,-81.4851352386977
2025-12-12 17:58:36.917097,Idle,-30.4683353313485,-35.33899498280516,-41.266712923999876,-27.87033758837788,-2.8703739673765085,-23.732362781011034,-31.593516633161926,-37.83343698259705
2025-12-12 17:58:36.921012,Idle,49.57378136797706,46.69833166058379,39.24933720577246,54.12554614722467,-114.41936195610833,58.79057343146633,48.346030399268784,40.584710889772396
2025-12-12 17:58:36.925019,Idle,13.996969288291439,-2.5945767695375253,-11.381441185556469,7.898510965991591,-16.809609957006614,13.662987028466887,3.918631900989567,-3.385181762794673
2025-12-12 17:58:36.930025,Idle,-79.88542216174756,-100.6614059197891,-107.77015457102243,-89.76095255243854,102.27561578447057,-80.14249943000323,-89.54655135038047,-94.58081758254411
2025-12-12 17:58:36.934054,Idle,-59.208366389928415,-66.17660455167061,-69.65841492703476,-58.22353588586702,14.562321736808371,-44.620766326323064,-56.29241169742454,-60.31725882779574
2025-12-12 17:58:36.937059,Idle,42.034454647189705,42.29847014164989,40.70142004174704,49.914321298325376,-119.39993451021655,62.7635276047331,50.371670899694436,45.77545255840232
2025-12-12 17:58:36.941070,Idle,41.40692573235356,29.99180242046714,28.05473849883856,41.33783514053357,-49.3364424472893,49.77003056570538,40.78659428537503,36.81297035125317
2025-12-12 17:58:36.945071,Idle,-57.049007707646524,-76.48662477440666,-78.20048508988111,-63.522337418587995,95.82465904213313,-57.557401982918236,-63.59879513365013,-65.37986824908876
2025-12-12 17:58:36.949032,Idle,-71.75404597485613,-80.2008522873075,-80.59516933307168,-70.59997104484137,47.118559444639686,-64.2852555780446,-71.52137449686415,-72.52733263176924
2025-12-12 17:58:36.953108,Idle,21.150638368144428,22.447651118774957,22.041281472273113,29.121099805022823,-102.78820061302758,34.238918541857856,25.82200258787634,23.333193395636044
2025-12-12 17:58:36.957113,Idle,48.991597075917525,40.97287277743453,39.014490884314,48.85929514610325,-72.64672336368312,50.597056402453745,45.419322886176815,42.27538570156321
2025-12-12 17:58:36.962126,Idle,-33.331237044949376,-51.96636079788732,-54.07787603401084,-43.1019836116684,82.3127641425599,-42.2164915831454,-43.356612445066276,-44.79044768735912
2025-12-12 17:58:36.965143,Idle,-64.32235890730226,-75.06374407579278,-75.02305543266993,-69.05899203587978,73.54552058664012,-65.15528540263767,-66.75738686136174,-66.78726934044244
2025-12-12 17:58:36.969138,Idle,16.058731883606015,16.533669578398985,18.358520931629755,20.07502057973761,-82.2769178704948,25.92345706476044,21.8390851074073,21.143685962510062
2025-12-12 17:58:36.973097,Idle,53.59442107106406,47.06739754906448,48.97428752663109,52.42027627754942,-94.80589048952788,56.248180261001835,53.25864327842646,52.301335009418835
2025-12-12 17:58:36.977163,Idle,-26.773880605309387,-45.853970926946204,-43.31888180777605,-38.68694597310969,58.17111340359952,-37.101653477480795,-36.93931034011621,-35.73128272138274
2025-12-12 17:58:36.983207,Idle,-74.10729643726154,-87.81033040907641,-82.82352630937385,-83.54051877137317,91.02293932163047,-81.14969193919205,-81.6294915932558,-78.2441624681087
2025-12-12 17:58:36.986190,Idle,9.366719859512159,9.522333406646794,16.25706986363366,10.037594757279294,-54.38754221015006,13.489264833286143,8.992598643249949,11.805864359223051
2025-12-12 17:58:36.990241,Idle,82.32747121821376,80.032229479948,85.79826956654142,81.65710685490194,-100.1565999597151,83.35252346467132,77.22817110368487,78.18044097221718
2025-12-12 17:58:36.993225,Idle,21.926996050950038,6.80577340770833,10.958322630591283,11.678870950119745,46.604769812629456,11.461826167327672,6.71384961561489,6.944579502684064
2025-12-12 17:58:36.997207,Idle,-51.473527991698575,-64.7569828910564,-60.46073335954861,-60.65450738139407,118.21735432031528,-59.45890018141654,-64.96377956788274,-65.55851041340065
2025-12-12 17:58:37.001180,Idle,-0.6590569484633306,-0.7598980942129856,4.075771970827191,0.08540634349992615,-14.628281102703113,3.7786347957880935,-5.420958260168845,-8.937004728039028
2025-12-12 17:58:37.005245,Idle,73.43984642548276,72.09397223536507,75.77827273410367,73.31828703359497,-101.7754975378084,76.7983897767117,66.02014896653054,59.58709660132445
2025-12-12 17:58:37.009272,Idle,24.244452051592816,7.582635260398092,9.959470174711896,12.207856905195513,19.112349785380502,14.597690883909308,5.331264493888739,-0.7947539265078376
2025-12-12 17:58:37.013283,Idle,-62.43254883368172,-81.87362707864668,-78.40184343270812,-76.78182541631031,119.97927332885592,-72.27480078037843,-82.38208376297189,-86.39975731815503
2025-12-12 17:58:37.018293,Idle,-27.942603852829052,-33.988919457493466,-28.23523206271784,-31.453692597482586,9.311259807622264,-23.044632483397436,-38.088241346311406,-42.06124866560276
2025-12-12 17:58:37.021300,Idle,60.46181893487119,57.87301258751177,64.12347610061988,60.57641557203169,-109.79060855342868,70.15936527690428,51.773222936841194,45.884645161553635
2025-12-12 17:58:37.025254,Idle,33.687411072967734,17.291981212918472,22.719623818185937,23.401114108677575,-19.16745826237093,31.98203848506637,14.954741361067136,8.453983814222738
2025-12-12 17:58:37.029334,Idle,-62.49497898848858,-85.08449719950295,-79.08923545719881,-78.16294495101465,107.34238701999311,-68.28092590936103,-84.35678317268685,-89.89559000345616
2025-12-12 17:58:37.033368,Idle,-50.28434548835321,-60.8389522819125,-53.18337181790412,-56.786485430169705,30.12979782725779,-43.114322299868945,-62.82367476477884,-68.75247587791091
2025-12-12 17:58:37.037369,Idle,51.522104270052296,48.022460330575996,55.587012339201465,51.51839278175976,-107.14104189372483,67.08259219120373,43.31783218405326,35.1819111919649
2025-12-12 17:58:37.041368,Idle,63.63286992014491,48.56275778644704,54.09461700772954,55.74857562330362,-45.91914326663573,70.22827696068816,46.88403461548296,37.57398720519632
2025-12-12 17:58:37.046381,Idle,-22.873669833367785,-47.15627808118734,-42.87976580905524,-38.08738460521272,102.56538297946281,-23.94803705398408,-45.2104047992907,-53.8471199557207
2025-12-12 17:58:37.049379,Idle,-36.185227924195715,-51.39435093121574,-46.895446558930416,-45.28613634760404,63.159331661114265,-29.537608678068864,-51.56399457360021,-60.284250840264576
2025-12-12 17:58:37.052343,Idle,51.087219948123675,44.2641104837021,48.352389026335004,48.476317041575385,-90.02264890340484,64.19631640375519,41.06228230191846,30.727789219516126
2025-12-12 17:58:37.057411,Idle,70.48235997791562,53.32952573271177,56.03511858471393,61.2903588664376,-71.64791628206876,73.83560023650534,53.71392639512487,43.077598833664524
2025-12-12 17:58:37.061418,Idle,-23.85523466399809,-52.7864015577652,-50.01228698428167,-40.12548786285333,83.24747349532299,-30.5032224854549,-46.05029070438468,-54.55391950987905
2025-12-12 17:58:37.065452,Idle,-64.02507735671134,-85.38242177003849,-80.62549606149696,-72.40319503041246,86.7151987157522,-63.532989689016176,-78.3589876874903,-85.34377893674173
2025-12-12 17:58:37.069438,Idle,21.88207123081702,12.994885737894947,18.659655069615837,24.93971724061703,-63.23170418034897,32.59501027696933,15.806233221966977,7.620519328083901
2025-12-12 17:58:37.073390,Idle,77.16510118516817,62.715500892620184,66.69488935787012,76.7791865754698,-80.0298108335246,81.43833401246229,64.97122241855322,55.18259946587568
2025-12-12 17:58:37.076399,Idle,9.074013927940996,-17.92097957757869,-15.841962154194334,-1.67881688241323,74.12708529065094,1.3786867388025712,-13.215387099982763,-22.464744053759205
2025-12-12 17:58:37.080473,Idle,-40.857694031778465,-63.4652006568831,-61.73987007098185,-49.70650025875875,116.5832231568711,-45.005740243295804,-60.9288431832465,-68.82903234817059
2025-12-12 17:58:37.084477,Idle,33.47930857603251,23.923683585780964,24.930219826317625,33.591876689381024,-27.85054815431795,39.662586886188365,20.19849280677954,12.529259788854688
2025-12-12 17:58:37.089491,Idle,99.48027125815452,86.58473124026204,84.9484752132521,96.17956339018929,-86.6886106271786,100.2865414047128,80.99118545304009,73.91516488109846
2025-12-12 17:58:37.093521,Idle,31.460756700148977,4.228405739791924,0.3634688707497844,15.7883187742882,50.39812249092847,17.578305964121682,2.5019700482480403,-1.8903292366485402
2025-12-12 17:58:37.097474,Idle,-52.67713576380174,-78.66845114467287,-81.87463792199924,-68.69428303749737,125.03453483515295,-65.78359764416473,-78.42680729570566,-80.25114483135985
2025-12-12 17:58:37.100530,Idle,-6.823339773182397,-17.15637307198631,-18.58809553725223,-10.69537512981151,-6.3847443435961395,-5.520083166012228,-18.851523460145472,-21.073218341130996
2025-12-12 17:58:37.104507,Idle,75.40091716175334,68.5502161912118,67.06501194901648,75.71047589175942,-102.85258294989308,80.06291266746848,68.06403010379836,64.12025721872487
2025-12-12 17:58:37.108582,Idle,37.43680573508232,18.976723806594237,16.44981925428874,30.18950544996369,12.070214800152826,32.09105747479498,24.756153426329547,21.241005222389504
2025-12-12 17:58:37.113564,Idle,-49.5219960030322,-69.33342394109786,-71.36910820584308,-57.468116059619206,120.81276965252619,-55.48936925131511,-60.30114310738645,-61.85986001198762
2025-12-12 17:58:37.117638,Idle,-22.3436481254912,-27.51749925439799,-28.22037267297128,-19.14091332315911,18.14064641040477,-15.620303035964753,-22.119591673348623,-23.482233474882378
2025-12-12 17:58:37.121597,Idle,68.96119450406513,69.9634760990939,69.0563391710566,76.72018259439938,-105.44770850967234,79.00245877667112,72.23967518941572,69.38929829930748
2025-12-12 17:58:37.125599,Idle,57.02763613228865,47.27579298636556,45.35787417086976,55.545316303292566,-19.37461124985748,54.49783140449199,52.38409217687149,49.52114274392625
2025-12-12 17:58:37.128571,Idle,-28.953366979145017,-42.872366028181204,-43.95472930851611,-35.47194472281262,116.7182683465644,-37.4294326271247,-34.74406401958731,-35.62870435144396
2025-12-12 17:58:37.132652,Idle,-20.715790794643453,-20.998584880077033,-19.82269749747502,-18.170605953049744,51.17061637838833,-18.547112488568928,-15.314798110668562,-14.97491236083988
2025-12-12 17:58:37.136645,Idle,68.88943427550333,77.44051994081383,79.37770901067779,77.79188045330739,-91.00434239990227,77.38780433284137,80.1043750880508,80.08768221068567
2025-12-12 17:58:37.140652,Idle,65.97908155179266,64.01205237458998,65.00768008664454,66.14110799953596,-43.99098345434868,64.21256610409182,68.91918520640502,69.08689796673207
2025-12-12 17:58:37.144718,Idle,-37.66498936875507,-48.7504036346636,-47.61236310975801,-46.19623889936702,101.12900130614344,-46.56975852852611,-40.70327381235802,-39.52514316079032
2025-12-12 17:58:37.149670,Idle,-62.18879041285851,-63.23949746064318,-60.28064757697757,-64.55623941489011,68.05787562709338,-60.25871087357518,-57.36964011879536,-56.82899506269678
2025-12-12 17:58:37.153674,Idle,30.90809727383072,41.16336829179454,44.989498583256136,37.056164256850025,-85.58453448138607,43.238349291375016,43.56545331655252,41.896556902145676
2025-12-12 17:58:37.156730,Idle,67.2901626457479,70.16540784374047,73.02751467325652,68.30992431428876,-74.36077276820379,71.3433062391041,74.96931540153491,73.2210928619952
2025-12-12 17:58:37.160666,Idle,-18.940080598653182,-27.1196616525649,-24.651197341579973,-26.379088006832717,80.80671064498438,-26.427149206907416,-17.105089850539116,-15.904626919964358
2025-12-12 17:58:37.164727,Idle,-67.09996560987639,-68.44181090236634,-64.97006613306621,-69.4796847967882,89.84964086529362,-68.97426783837182,-58.55943023155214,-55.571621387334744
2025-12-12 17:58:37.168727,Idle,7.718739704741878,18.718488562008133,21.715794791096414,15.250913279694032,-65.83187311347592,16.31654974131925,24.075289289236935,25.02014279521427
2025-12-12 17:58:37.172759,Idle,59.35391845922195,65.13761450261609,64.43438881850852,63.416378074662134,-98.58414469854688,61.51323836966549,68.85626499032787,66.83397105524273
2025-12-12 17:58:37.177744,Idle,-10.548079104493766,-17.775861872913083,-22.746368473148323,-16.818694271969434,49.572192950513454,-22.249306099360183,-13.16989906278468,-15.776844386038647
2025-12-12 17:58:37.181848,Idle,-66.32594937538447,-69.66940684242218,-76.53778133119158,-70.26134980693587,100.48754095616914,-76.20443111878012,-68.31991632270547,-70.47981914989123
2025-12-12 17:58:37.184767,Idle,6.404985812951594,17.346300341162532,10.084535216028598,13.635531399992033,-39.661995380686676,7.8537511806498514,12.10416605872524,8.921006269880309
2025-12-12 17:58:37.188767,Idle,82.52863242993044,92.36303378160392,84.47131589223136,89.32544808574221,-106.04415461780081,81.08557523154923,85.04278802053341,80.85725952959638
2025-12-12 17:58:37.192788,Idle,26.698859249767224,22.883177985963812,15.26791538071302,22.01758988847905,28.035904005271732,10.996271848331162,18.627005162075875,16.159065124627887
2025-12-12 17:58:37.196762,Idle,-55.35680972066501,-59.31576360987947,-64.25363568303874,-62.353891801852114,112.98840080680657,-72.9414017275194,-63.16791025339717,-62.57688883177252
2025-12-12 17:58:37.200808,Idle,-14.152341436992288,-4.0409598535497935,-5.674210832239623,-11.776518606762693,-11.005349397309146,-20.734682811043967,-11.925312659872816,-9.982719689862279
2025-12-12 17:58:37.205831,Idle,64.5603657492129,77.41872664535822,77.29635899291407,69.23071886362823,-115.2611972641871,59.146904740900936,68.59034894483375,71.10998537272644
2025-12-12 17:58:37.208848,Idle,21.359656910761714,21.973834641728445,22.710167813276712,17.181929132522328,-9.782401671290245,4.630145190121766,17.90015803967981,23.345915059714116
2025-12-12 17:58:37.212837,Idle,-76.57701731577157,-78.15901078396246,-74.82727725780205,-82.65804918404638,102.1076907368506,-94.5714914266282,-79.38115276167719,-69.4550313205441
2025-12-12 17:58:37.216806,Idle,-58.37158952653442,-45.443993522169876,-38.950222564433716,-53.946699206404446,4.499481992584151,-62.28396869274002,-49.83603817770472,-37.7431493945104
2025-12-12 17:58:37.220872,Idle,34.41751270683204,54.135208129946705,61.392676827937976,43.45156694635671,-126.6194080352252,37.34222564833908,47.25737883577722,58.702248511074686
2025-12-12 17:58:37.224875,Idle,28.145524943368514,36.81499551826903,42.91003432823527,27.584576240897604,-51.24490201885965,21.253168517550876,32.997396193835584,44.13746434018731
2025-12-12 17:58:37.228863,Idle,-58.55773191680362,-56.00609237838864,-50.04352081107754,-65.57702363845738,87.02389869222407,-71.71916044035243,-57.326087294535,-45.58013209720559
2025-12-12 17:58:37.233900,Idle,-52.60995303249558,-38.49554365226231,-31.461618685979374,-51.91404067973781,30.053345626168266,-57.24198123889437,-43.48114989664805,-33.23254458706492
2025-12-12 17:58:37.236918,Idle,45.99779453518818,68.01127637868194,74.84848133958212,53.197535609951274,-112.37383817848604,46.00671609858,58.90790632930202,65.16614601494871
2025-12-12 17:58:37.240931,Idle,60.41355036619018,71.26416440054163,76.54294244671837,60.438665915056276,-68.75765130229593,48.780174622354025,64.53195940267449,68.20505150433792
2025-12-12 17:58:37.244937,Idle,-34.968176111204116,-34.465539824755524,-29.43092015880393,-41.58169952736205,84.93507543851501,-55.57782976782801,-36.53687353134171,-32.21343408628445
2025-12-12 17:58:37.248976,Idle,-66.93463032541104,-57.4346865800253,-51.00130453398742,-65.5089239934598,65.56066067287338,-77.92102707152117,-59.89268614504476,-54.81062899767676
2025-12-12 17:58:37.252965,Idle,14.55725917040968,35.06239263805446,41.35675429734101,25.423522188898076,-88.89163994320097,14.496040707112115,29.81896864411533,33.33410947741686
2025-12-12 17:58:37.256949,Idle,46.30873092220463,58.68025348172023,61.89484537943213,51.099260654235536,-90.01930782390082,38.98771103598301,54.95632218736364,56.631809106242144
2025-12-12 17:58:37.260962,Idle,-38.21374565814085,-38.928313630510274,-38.95121347426334,-44.27144714390738,63.44643762041869,-57.12773728150387,-39.263075500049354,-37.6069592225831
2025-12-12 17:58:37.264997,Idle,-80.53873247188153,-76.24686806995305,-77.39864762296105,-83.08383865447365,85.13228307808367,-93.7951144409817,-78.10132445222416,-76.41681933092696
2025-12-12 17:58:37.267957,Idle,6.256249702229525,22.910761974433626,21.288304240523132,14.697630690786127,-63.046872191545845,6.078883875463362,17.258108455601814,17.2566873449141
2025-12-12 17:58:37.273032,Idle,70.27325865569969,82.63927313258864,79.79292799478003,77.8905518639715,-100.79274071558575,68.7566402235534,79.07608935825556,77.87807457371309
2025-12-12 17:58:37.277025,Idle,-0.021064654096790036,-0.8275207303704519,-3.9240833841761287,-1.0374029603358395,44.97720573155448,-10.49001335903813,2.168908250522236,2.5377544663933804
2025-12-12 17:58:37.280979,Idle,-67.40634958743885,-65.32494960338863,-66.39080207430675,-65.99026201204379,102.96649037576117,-72.94283358052053,-60.483852662996924,-57.972942863646495
2025-12-12 17:58:37.285035,Idle,0.7376251954442523,17.064521538666668,17.994357264217342,13.45909550340366,-34.45027702863945,8.924671194708026,18.23617353040754,20.393168655942645
2025-12-12 17:58:37.289095,Idle,85.36832273788741,101.532725417439,102.17997531912488,99.0607567409661,-108.94144754799845,93.60590950517053,102.2604886490899,102.94546347550022
2025-12-12 17:58:37.293089,Idle,34.24294693771799,37.10171395697216,36.963726636272895,38.549318597981255,20.77083970757394,31.1895777840964,42.860706505947746,44.154138964069716
2025-12-12 17:58:37.296073,Idle,-59.80517553716436,-57.38370086589566,-56.31563019437226,-55.996066912278366,113.20735063626398,-62.64732994215501,-49.345627476094705,-46.00729240921828
2025-12-12 17:58:37.300115,Idle,-34.93012112686711,-17.92849981864856,-15.089287268536282,-20.73522381703515,-6.470624821549791,-25.86871089981196,-14.071252342181651,-10.000178638189027
2025-12-12 17:58:37.305119,Idle,42.82507354932159,63.54736835915173,65.94658838168107,58.59367864797241,-120.04802474098597,51.987633233209635,63.94241240037809,68.02235121614831
2025-12-12 17:58:37.309091,Idle,13.71328705017686,21.577474841276853,22.31171076767896,17.576335821823704,-22.128463318310878,7.924942627812925,23.953677816532945,29.784831569320886
2025-12-12 17:58:37.313144,Idle,-70.04832138369966,-66.66083461978269,-65.72523498819646,-71.69294930119395,98.96304966425078,-81.79809573995772,-62.51806217573994,-54.2159003070974
2025-12-12 17:58:37.317169,Idle,-43.470717503093965,-27.30427959412191,-24.48154774307386,-35.84784340072383,15.159993179547655,-44.586633200848155,-26.098414673763727,-17.77742143798423
2025-12-12 17:58:37.320167,Idle,55.55424144381095,77.99771151086497,81.48617658475996,69.01617785939834,-115.04592759586217,59.20301919669237,76.74757141762711,83.13870669569042
2025-12-12 17:58:37.324184,Idle,49.795326153645874,60.155629260065325,62.6602680906135,54.65826791829568,-44.62527968056065,41.72221693888514,61.43491938963325,67.44301290710973
2025-12-12 17:58:37.328190,Idle,-49.219755190704745,-47.00459144152592,-44.77264055356591,-51.35660022639331,97.71272659934084,-64.61216848133063,-43.50415078723563,-36.08516711623815
2025-12-12 17:58:37.333132,Idle,-60.46834823008112,-47.50129360729079,-44.46544679933686,-55.3420648845904,46.43163538073395,-65.4143087383909,-47.68872731345709,-40.32579940316282
2025-12-12 17:58:37.337204,Idle,33.017869885004075,55.48281658341875,58.17478620379643,45.5010026788641,-104.47482318944753,36.95691575362707,50.36765789607125,55.64239754808841
2025-12-12 17:58:37.341190,Idle,54.79111784035558,67.67189636490912,68.68443593439497,60.46427808009412,-76.14915202623934,49.18485233541105,63.222310516235666,67.56104026360663
2025-12-12 17:58:37.345228,Idle,-35.977714595315774,-34.54575892795401,-34.087805074428616,-39.2304636439585,75.12015053434533,-53.91417605211882,-36.10370246284583,-30.50147646725236
2025-12-12 17:58:37.348244,Idle,-68.63133656977516,-60.93706540461062,-59.81254493532742,-67.66934597584714,64.45203963005112,-83.74746045965912,-64.82512153780044,-58.760056686742246
2025-12-12 17:58:37.352269,Idle,20.875402724842388,37.80304443454406,37.54684884923245,28.79390731059175,-88.01162388312554,11.175243647772731,28.539814419404138,32.616350898075325
2025-12-12 17:58:37.356273,Idle,71.08076675936809,79.30550313089952,74.63740884465733,72.54967544599822,-94.52780579348286,52.49720352694112,69.39012059228844,71.68568432048232
2025-12-12 17:58:37.360263,Idle,-4.097297349957444,-9.408026432894985,-17.88782424728015,-12.985016977836494,61.37334805479293,-32.63045093063738,-16.169284102292295,-13.120779923518057
2025-12-12 17:58:37.365276,Idle,-57.515739797126116,-57.67728944322516,-66.52381062701897,-62.07528033458948,92.19306041754362,-77.22878539271733,-64.8004423565435,-60.163340857186995
2025-12-12 17:58:37.369291,Idle,13.897302711735392,27.739139708728544,20.23031723344866,21.730402246161248,-57.51673014836501,10.075825421012269,17.364119505795315,22.519721537435544
2025-12-12 17:58:37.373312,Idle,76.78998996776136,88.15930013033176,81.35029397243306,85.02599416430348,-107.41631094561967,72.03563600216557,79.26988389355938,85.49920795690923
2025-12-12 17:58:37.376317,Idle,11.825142496299122,9.813959263556171,4.095399436766456,11.114643479246297,35.36244407086474,-4.436762725613335,7.085947002871762,16.487015358783538
2025-12-12 17:58:37.380320,Idle,-62.40058405419859,-63.50279765385494,-66.38819181747749,-62.444177587862214,103.1354267462234,-77.02054971961843,-63.876574091895236,-51.7760336449428
2025-12-12 17:58:37.384350,Idle,-10.610448087038094,0.94846379874798,0.6533119972318673,-1.3141754828502599,-31.606167861757058,-13.307569456395413,-2.889442428804614,8.512138175377913
2025-12-12 17:58:37.388353,Idle,67.04423390746251,78.00210777925167,77.77833696959533,75.5028750372876,-117.42717948676818,63.30276993781308,72.23178765505872,81.5526764624774
2025-12-12 17:58:37.393308,Idle,24.559813287311954,21.773628239694517,20.669160812856717,21.417504343822657,6.365203342556924,7.447060669809616,18.234159173296575,28.070614310054225
2025-12-12 17:58:37.397383,Idle,-54.546044572618484,-58.652622040805,-58.98265441751937,-60.36725278411723,109.34728400913627,-73.464651497217,-62.284408637033266,-49.83545768960539
2025-12-12 17:58:37.400375,Idle,-14.702424631373106,-4.439689850223658,-3.404790794600558,-10.748227429759936,0.3962221437577682,-21.013351861025853,-12.887134522512497,0.7187690677928913
2025-12-12 17:58:37.404339,Idle,75.25638725204499,90.13264674074526,90.70639105698865,82.1415885853421,-115.66636065871626,72.76813530350563,79.40691579831764,92.57397215157107
2025-12-12 17:58:37.408407,Idle,45.779192249111475,48.455734764342196,47.9296682692966,42.54731725704187,-21.73385459988549,32.71873741611358,41.94451987999673,55.91338327412814
2025-12-12 17:58:37.412414,Idle,-55.82730197042292,-58.09353736583216,-57.566728380859786,-63.81026515664962,105.46314203034672,-71.59393841011035,-60.79171142353516,-45.04407847833136
2025-12-12 17:58:37.418447,Idle,-48.05738655850382,-38.20347954687168,-35.456777365194284,-46.89945233860999,26.646179744058827,-50.97080415336495,-43.03563710031813,-27.80598056352028
2025-12-12 17:58:37.421450,Idle,52.190060008888395,68.18398527027603,70.85922288984693,58.930015896930854,-110.85818027140431,55.59600992234391,60.6443058908535,72.7654018577814
2025-12-12 17:58:37.425462,Idle,64.2882431242142,67.75499897784539,67.9861908824023,62.14060672886626,-47.16320765378714,56.657441641691776,62.56004997986747,72.20881838602145
2025-12-12 17:58:37.428464,Idle,-21.273420264547894,-26.99139290328094,-28.25393927076584,-30.696101834617366,103.87279572891566,-36.084655666204526,-29.77535716154489,-20.926027346493356
2025-12-12 17:58:37.432461,Idle,-31.253857808917928,-26.437487271792634,-27.13430225344564,-33.18823615263682,65.52650090604675,-34.88989700455704,-33.04468536553759,-25.590825908362604
2025-12-12 17:58:37.436496,Idle,61.487965521874685,77.17222877662061,76.80465306151382,67.48049591690324,-86.36307379127538,68.43988172923855,64.98099849329446,70.26330840923765
2025-12-12 17:58:37.440498,Idle,85.65349472318212,93.47302354566273,92.2374209351874,84.7527869778678,-65.84730743554792,84.89184453687494,81.15611615789385,86.65244895153592
2025-12-12 17:58:37.444509,Idle,-6.116299331471964,-8.717161402375496,-10.146901231730226,-16.78859611079315,89.08180484360673,-17.65651219109577,-19.08751335831039,-10.340388852695469
2025-12-12 17:58:37.448529,Idle,-44.9374393564467,-40.158335309231916,-40.55688077164632,-51.464339449645195,88.40720750289802,-51.30070861518652,-53.78836874489389,-42.70143525334788
2025-12-12 17:58:37.453522,Idle,40.35126860759374,56.33409197544461,55.970155649127264,42.66739959226834,-67.29787752828815,43.17455766607873,37.609577492252356,47.6837954513976
2025-12-12 17:58:37.456481,Idle,88.9858877201923,97.80833507673015,95.65445573055149,87.40828956067526,-88.27704801489745,85.95997811776851,80.91541708941622,89.30488929006242
2025-12-12 17:58:37.459511,Idle,6.141824877781801,0.8034238416985318,-2.6220036946924665,-4.998256428360037,61.77948534429015,-7.288363472623132,-9.107142636694334,-0.3941574972959643
2025-12-12 17:58:37.464556,Idle,-62.50500246506272,-64.90002937779718,-67.8614410522423,-70.75693858539125,97.11201980913938,-70.57178098486565,-72.22352593117103,-62.983287102781105
2025-12-12 17:58:37.468578,Idle,-3.167941449607497,6.734975654337177,3.632963368918354,-1.0798733936335339,-55.23042381194682,1.0145543929083942,-3.290280741335664,4.252008479463257
2025-12-12 17:58:37.472575,Idle,57.562259761944915,64.46383150964903,58.97493981675325,58.61543133563646,-116.7259517752027,58.241769215828754,54.43620132134856,59.710427665189854
2025-12-12 17:58:37.476603,Idle,-4.794334328629702,-11.264496482297545,-19.035044002332143,-13.27809958027683,24.414992910613364,-17.6199496008212,-17.11385128506845,-11.960687672150016
2025-12-12 17:58:37.480565,Idle,-76.90515025232799,-81.79399092867607,-89.22480625024946,-83.86270165544374,105.2097206028775,-88.78481157180795,-86.26594891271816,-80.21653343764046
2025-12-12 17:58:37.484618,Idle,-21.665797198927976,-12.121973393677763,-18.090902653695593,-16.45768098100234,-21.641056284832302,-19.18988097221427,-19.00500068117981,-13.703284523902767
2025-12-12 17:58:37.487576,Idle,60.68269144719579,71.32413235741114,65.29276556681543,68.59422970687774,-114.6730602200987,67.32948092804418,66.04330751330963,69.71077829919523
2025-12-12 17:58:37.492704,Idle,18.18473115881261,15.05699716041272,8.177768528281376,16.798652652089004,3.5744550449599046,16.66983492627969,17.310230321560084,20.769879989316905
2025-12-12 17:58:37.496699,Idle,-65.41225608672448,-70.91673751116105,-77.26891109354256,-68.24633654090394,115.60467186267124,-65.4506064152747,-63.68805815764972,-60.05159979399832
2025-12-12 17:58:37.500661,Idle,-23.054736861841775,-14.232052373190527,-19.52939332251117,-14.123454599555771,17.572026528110655,-8.936949336042744,-8.77390946592459,-7.165039944460659
2025-12-12 17:58:37.504729,Idle,82.29947804717813,96.51082700580446,90.52509316942451,96.95253252125985,-98.68060241887906,100.10074192538104,100.49527408393078,99.03970087432026
2025-12-12 17:58:37.508775,Idle,67.46946470428793,68.99291554200681,61.48085025672481,73.35346328010382,-5.757711863399891,71.90656894925269,76.4095879001652,74.22643016679103
2025-12-12 17:58:37.512728,Idle,-38.12343471015902,-43.355071491194394,-50.42565953816302,-38.065010093960154,130.87406937672313,-41.15732264451253,-34.171899762650355,-35.342829977164
2025-12-12 17:58:37.515754,Idle,-49.55761419207738,-43.30587812250451,-48.448836508358,-42.079907801862646,59.50808672330095,-43.2483297579256,-39.45364304753275,-42.00939075174938
2025-12-12 17:58:37.520723,Idle,37.31251719815282,51.43046246079757,46.448240008961875,49.557275687644506,-87.07324096984485,49.49835155538494,48.85125426693958,41.73339825518087
2025-12-12 17:58:37.524740,Idle,51.30100392231907,55.000175698929525,47.98240678296497,53.89715090646496,-37.00653276076446,52.80229420797332,51.62933011602399,40.854870945213406
2025-12-12 17:58:37.528695,Idle,-28.913924312176277,-34.089696529386856,-42.41706521227934,-35.530059887298194,115.39526250027302,-36.34733620636143,-36.68361545248081,-47.83422900791447
2025-12-12 17:58:37.532708,Idle,-41.15196311469754,-36.9153348774671,-44.92121376087016,-42.605034899226666,86.78601380005239,-40.796186453080736,-43.30897508050657,-54.0517976451556
2025-12-12 17:58:37.536762,Idle,45.59206789403015,59.61452741642279,51.23646673697294,50.987083168451136,-67.2318911725124,53.961321170443625,48.8231126066712,37.221060246294655
2025-12-12 17:58:37.539728,Idle,65.31350627952088,70.79119112318767,60.72654911680729,64.33175292960914,-58.66503885787097,65.46546080834923,61.866683499980354,50.000868905732204
2025-12-12 17:58:37.543790,Idle,-32.56208564589633,-37.62716398620978,-48.074720335578604,-41.578416506737994,93.38303721383272,-41.50514115072292,-41.73725382302473,-51.96635388046343
2025-12-12 17:58:37.549752,Idle,-78.30876073586933,-74.47711575826179,-82.94559846670018,-80.18787949657417,99.86268732563622,-78.41635869161837,-78.60513859539606,-87.61088770059905
2025-12-12 17:58:37.552770,Idle,9.669058359605515,27.93275189130327,21.147588621999603,20.243188966731395,-55.29353023956355,22.85030596040633,20.863567111226075,11.170316499774344
2025-12-12 17:58:37.556825,Idle,72.35361962930892,86.04626662040573,78.85641356592532,81.26229073288778,-83.62125448057122,81.60053951264854,81.07530013491305,71.19664625794212
2025-12-12 17:58:37.560774,Idle,-0.4938364110694238,-1.015337104896389,-8.638302488670888,-1.459597985711298,68.1987904578782,-2.694108664874875,0.4786811394660617,-7.25815488862645
2025-12-12 17:58:37.563844,Idle,-72.89837491544222,-71.90272018033647,-78.171056130137,-72.4070254241633,116.91091284520371,-71.29389727487614,-67.58630898895353,-73.38721240230916
2025-12-12 17:58:37.567846,Idle,-18.783142081181722,-5.771867289258807,-10.823327615689777,-8.612628198161474,-29.425324186122452,-4.281441945786355,-3.116725571519055,-9.807968232074927
2025-12-12 17:58:37.571873,Idle,47.88578832343319,58.68767307075905,52.85221070806256,56.89133053164005,-99.70272048218249,61.61547570310722,62.35438932508805,54.13232929014339
2025-12-12 17:58:37.575881,Idle,-5.326374341864721,-7.952753251514878,-14.524484484350978,-6.602531519245531,34.974837510704674,-2.4781307536868553,0.5504966177668393,-6.398472683418731
2025-12-12 17:58:37.580935,Idle,-75.34657468723572,-77.4108243272276,-82.42100181660498,-76.12693493162988,122.59254417288321,-70.74062818738457,-67.55715369712016,-71.69379307518102
2025-12-12 17:58:37.584986,Idle,-16.38050850063064,-4.4364240609229455,-7.548262858099406,-5.445524639200812,2.6624415195728943,0.8341746340138343,1.3051375494942477,-2.1748900645898175
2025-12-12 17:58:37.588941,Idle,80.84298571723411,93.98534642114646,90.22407716763973,93.82763519024411,-94.58798857037982,97.53915661380961,97.63668611645153,92.80763744065007
2025-12-12 17:58:37.591920,Idle,50.11196591142789,48.42070371202681,42.76277072810262,51.457211454535354,18.916389666217583,52.006405155891116,55.386052946900236,50.11137115131169
2025-12-12 17:58:37.595923,Idle,-45.638463867747305,-51.9478793044309,-57.50964898631173,-49.356955356333856,135.07542958238264,-47.59786926576453,-43.02080887884949,-48.04753403233826
2025-12-12 17:58:37.599909,Idle,-33.07519554234159,-26.237370020151502,-30.014066682731027,-27.732461988558498,37.6358584306181,-21.636224177633267,-20.85769102832819,-27.753723963069206
2025-12-12 17:58:37.603919,Idle,52.88244501392546,66.17376455088925,62.937978990232295,63.43328335903607,-92.72203969909242,71.66860806845762,68.60688589999154,57.98676381027781
2025-12-12 17:58:37.609027,Idle,43.266504195217294,45.540418950580715,41.29918695754077,45.87697521781229,-14.178103458434634,53.40132739193541,50.41331921763049,37.58987872049329
2025-12-12 17:58:37.612918,Idle,-43.847445484151194,-47.937751106526775,-52.367784731311986,-46.102114168745175,125.78637342282673,-38.332114199940406,-40.71361463493122,-53.42090664236275
2025-12-12 17:58:37.616947,Idle,-39.60172496787891,-32.81062965473575,-36.34717878662468,-33.34067199415949,66.01610290491226,-24.043666745366863,-28.678795396441274,-41.69028220583914
2025-12-12 17:58:37.619988,Idle,52.84980517381064,66.88268576220253,63.186004491941276,65.26334247162231,-81.78994068935208,73.82253598649731,67.27352823590263,52.67886905114938
2025-12-12 17:58:37.623943,Idle,58.783729936569216,61.63613345375779,56.83042172494606,62.46727226278563,-43.53072712962967,68.15741154297211,63.394198132680685,48.68337121854347
2025-12-12 17:58:37.628025,Idle,-40.944255478884315,-47.66323967830067,-51.81200418332628,-46.22364890373137,104.96578677291473,-41.17160139870248,-43.78908095456063,-55.951048987677495
2025-12-12 17:58:37.631977,Idle,-68.94723408495702,-65.42581667680861,-66.887400556393,-68.13263401173026,81.54182880690496,-60.9687485580489,-65.02856868527306,-74.68950173075609
2025-12-12 17:58:37.638027,Idle,21.79132564586098,37.70792344396068,37.87802442304019,31.869322039889084,-72.81649952559746,38.94448319654293,33.11498881905936,24.199767369991605
2025-12-12 17:58:37.641049,Idle,60.36291384638071,69.68571973673534,69.40986591819546,66.49777473528775,-70.15782386629508,69.3772344142435,66.3426883908669,58.58835444260194
2025-12-12 17:58:37.645082,Idle,-25.909780250157155,-27.980404110268864,-27.951467259220408,-27.124508381304622,84.78386614269766,-27.864104823353046,-26.28903062462632,-31.11979682799347
2025-12-12 17:58:37.648092,Idle,-78.62444060540633,-74.25020888470135,-71.84874213575313,-73.37943976678253,101.65534575147831,-73.79745363194343,-71.84547332060447,-74.68605886469823
2025-12-12 17:58:37.652044,Idle,-4.431579502517934,12.983081426611534,16.914641564913836,12.674802050254584,-53.52009853540585,13.500452412608865,12.699217045791556,8.772550421049345
2025-12-12 17:58:37.656117,Idle,53.36996982008645,66.4088467143074,68.88110492646229,68.51613295889365,-94.11770391101527,68.5743408620383,67.633870311809,61.90165851410711
2025-12-12 17:58:37.660122,Idle,-14.763153103249124,-15.41179496420682,-15.047242201892004,-9.952825959357142,52.89121641818201,-10.16947890132542,-8.915999039321832,-14.197278960527456
2025-12-12 17:58:37.664120,Idle,-80.91507115387071,-79.57082841445663,-79.25841477676659,-74.71338264275255,111.58363959744747,-72.30933448056749,-71.81939934300135,-75.5038576003135
2025-12-12 17:58:37.668144,Idle,-21.523995874130833,-7.263322909029739,-6.2474247965838,-4.551946912142739,-27.111040312158366,0.13130384745818446,-2.8598825372037027,-6.381464718791904
2025-12-12 17:58:37.673133,Idle,50.30369788532266,63.06671443878986,63.31095920475764,67.27549041440398,-102.22541448350421,70.24451111079179,66.85517683046237,62.82309473798682
2025-12-12 17:58:37.676098,Idle,-2.986822061577186,-4.419439153896747,-5.236411858238171,2.701534310599527,28.695411493468782,2.482104281294596,2.467215043477154,-0.6121214883951325
2025-12-12 17:58:37.680161,Idle,-83.02494358374406,-85.63231577018541,-85.67415135657211,-80.15092172350887,123.07586804439234,-80.67026997797075,-79.27854911060967,-81.25241854779802
2025-12-12 17:58:37.684181,Idle,-35.65058521679521,-24.82881618864758,-23.452359063772747,-23.822541232422736,7.166907204387826,-23.015644403440092,-23.789841097866884,-27.348139861826212
2025-12-12 17:58:37.688188,Idle,61.77224571242323,74.79820004654266,75.89251189994593,75.78328106522531,-98.66564279082195,75.55743077328043,74.30093226077133,67.47705462919657
2025-12-12 17:58:37.692198,Idle,42.25195076615876,40.90945510797155,40.905523007296324,46.65617369868596,8.029713055613684,43.82824953733689,45.76567769544636,37.45063834091695
2025-12-12 17:58:37.696215,Idle,-43.32348247856294,-50.72716241491253,-50.36181630021838,-42.437419388761555,132.63619163586736,-45.62357811570655,-42.12603956023486,-50.14698281011579
2025-12-12 17:58:37.701217,Idle,-25.006634796208004,-21.513830909189892,-20.20737622956949,-14.873416570226254,46.54563535937268,-16.499717062575655,-16.118586302462063,-25.123662522035147
2025-12-12 17:58:37.704221,Idle,68.00515053214315,76.02885931587889,76.21173771850681,82.38621217958098,-85.83665667149762,80.74588399980166,78.07336243174905,66.57212576588802
2025-12-12 17:58:37.708278,Idle,63.07853058356204,58.227155041928654,55.815034901545005,67.45744691131767,-14.74151064849866,64.53580166262873,62.77797862226271,50.48656443223112
2025-12-12 17:58:37.712242,Idle,-32.687908651512316,-45.36219759293317,-48.78128726771956,-35.80398325819351,127.3226715393157,-37.51707851761785,-38.16917093296797,-48.57766707222713
2025-12-12 17:58:37.716490,Idle,-45.47018878899371,-46.76155669584659,-49.39222613762831,-42.097809453878654,72.41132953524175,-40.18107725765367,-43.55674788543456,-52.19555482973925
2025-12-12 17:58:37.720267,Idle,42.12157770918316,50.47629094148988,47.69501370707985,50.38169029841083,-82.18406226694242,53.79971122504139,47.38653226616134,39.156730096484466
2025-12-12 17:58:37.724290,Idle,61.74584321152963,60.55120527132385,56.40943782898739,59.66329638817842,-54.765869004040724,61.03240596644537,55.890189286324585,49.04996159251755
2025-12-12 17:58:37.728298,Idle,-23.260815280102918,-34.89796495095675,-38.65667949601175,-36.445155213102225,96.27542124584215,-36.8538880237993,-39.28337182874475,-42.91058660632723
2025-12-12 17:58:37.731321,Idle,-48.97507969656721,-52.10364330727748,-53.098052529193865,-57.18858143748548,83.78565132502445,-57.10257302532955,-60.4511340302829,-62.161886097989054
2025-12-12 17:58:37.735271,Idle,39.43392123349423,48.26142033076803,49.13874956921518,41.168314944289705,-70.46515153611472,41.23439606228567,35.259728120126056,32.43082178987311
2025-12-12 17:58:37.740350,Idle,80.04161676944926,82.56099921205168,82.69894489582703,78.68502192954111,-77.50881329993717,76.91702715646716,71.60816854692894,67.64230743297571
2025-12-12 17:58:37.744335,Idle,-6.147897020567022,-15.692973521142818,-16.396661292531007,-15.722541651361098,76.54398624108399,-17.96692873443135,-20.685442641605277,-23.1461843933032
2025-12-12 17:58:37.748348,Idle,-67.00876537541572,-71.45119684945195,-71.0991913077496,-72.22751694964063,102.76130692920742,-72.24961742622327,-75.48302377472794,-75.7966153288171
2025-12-12 17:58:37.752363,Idle,-0.43601777933690755,7.5029225703729026,9.077887609187655,4.621861956874454,-51.12117517483239,5.696518013137393,-0.24235692364916872,-0.2912406837872368
2025-12-12 17:58:37.755367,Idle,59.50218177603864,62.79860301286294,64.28262399788355,61.87644838480992,-102.3110745272079,60.61411569679149,54.9360567860915,54.90744119863166
2025-12-12 17:58:37.759337,Idle,-2.8153102826613576,-14.153649052697574,-12.05352004141696,-11.471545749992401,39.975182912589844,-14.680409472823158,-17.719562578728357,-15.437957195544186
2025-12-12 17:58:37.763392,Idle,-67.06400800193455,-77.25837910176665,-72.06913652961612,-74.81247733141845,106.45512474395491,-76.05549693838111,-79.70155857441887,-74.31615662891409
2025-12-12 17:58:37.768395,Idle,-4.132512360618534,-0.6906922849152579,7.925021439285274,-0.2612052500335267,-28.004904051974336,1.3882628074588865,-6.23348265333243,0.0864065379796557
2025-12-12 17:58:37.772380,Idle,77.77207202671661,81.21207798586647,90.98023720635933,83.97515364260653,-110.79293181924822,85.32415827745899,76.354360011464,82.09116304598001
2025-12-12 17:58:37.776426,Idle,31.737339274891383,21.36692379973647,31.2069802675926,29.668420537828297,15.215697554531289,29.560370000097464,23.16837991222178,29.10450160534947
2025-12-12 17:58:37.780439,Idle,-54.050660197767684,-66.03902535985299,-54.919207575565906,-55.63364705713775,116.86364069807587,-54.10872325642049,-59.7269645809115,-53.90311650617741
2025-12-12 17:58:37.783455,Idle,-20.805733109771836,-18.86857233356477,-6.471673183893927,-10.33916172047293,5.831741475780291,-5.374096934365298,-14.379260785250153,-11.625639544290607
2025-12-12 17:58:37.787450,Idle,65.01634827423186,70.75342622876542,81.94059752522207,79.03241965914413,-109.62425698927927,84.94126222694831,73.313436490801,71.43370656625439
2025-12-12 17:58:37.791492,Idle,38.15196601872708,30.953538038803345,39.7704240012996,41.423580895097075,-13.923113952252152,46.242151123173244,35.45893998616248,31.56549164973876
2025-12-12 17:58:37.795482,Idle,-54.5481201725147,-66.61470115018255,-57.875385600459424,-56.568677878665085,113.17275764094575,-50.938502749389954,-61.911414859191154,-64.52668382414504
2025-12-12 17:58:37.800500,Idle,-41.61720840658154,-40.94532852614975,-30.275018642319395,-34.43595057053858,32.94723676632384,-26.282029223817517,-41.51095731289524,-42.893191188035416
2025-12-12 17:58:37.804507,Idle,50.83092906155025,57.8407765505699,68.99173001509118,63.46506526952612,-106.06530559646762,72.13104933141221,52.93103590428473,51.06925706650418
2025-12-12 17:58:37.808523,Idle,45.613857032397846,39.67988339679141,49.41519153608044,48.56296792774276,-46.26367152770581,56.132166903918915,37.0621396032011,34.9018106251915
2025-12-12 17:58:37.811489,Idle,-55.22788146562425,-70.74380639414449,-61.122944177532986,-60.135729135550264,97.04557903462353,-50.78662477297803,-69.35223197280175,-70.5854824547323
2025-12-12 17:58:37.815532,Idle,-71.96608699014178,-77.0936803727227,-65.3432583174208,-68.72863547946204,51.625324050292875,-54.436841979130804,-76.36508209799467,-77.23591491817206
2025-12-12 17:58:37.819534,Idle,21.436358474952158,26.888550629008932,40.26336411716443,34.259952704572186,-101.50217520839436,51.54089909002232,25.70872214547944,24.07937000621405
2025-12-12 17:58:37.823588,Idle,52.420472852487364,49.43086757831952,62.788349793010866,60.04485523709923,-78.1281977744519,76.66775171271365,51.10914143710761,50.08732038409926
2025-12-12 17:58:37.828560,Idle,-27.466513757279245,-41.575636724901415,-27.612280158500653,-28.561948814812922,78.49368353728187,-11.503711050689162,-35.57276578109213,-33.64482951385344
2025-12-12 17:58:37.832542,Idle,-55.89768604173787,-63.78994299322403,-47.85666200774176,-53.07519022102156,77.82926468314963,-31.930434185464037,-58.632808785016095,-54.331721630649554
2025-12-12 17:58:37.836606,Idle,30.885741259525275,32.0536057693771,48.442087353004354,40.49653130379238,-76.60908300482515,65.04416286521973,33.981743707770875,37.999844894514354
2025-12-12 17:58:37.839620,Idle,73.72096815030818,65.34424437300004,79.08118997560223,76.4528113103122,-95.57569472412206,99.89022783182918,69.07228230639157,72.36076919299467
2025-12-12 17:58:37.843605,Idle,-14.04470731466563,-37.54757250086004,-26.946997986143288,-22.55827703349405,54.68317016146875,-2.2586738555428383,-28.87547233490477,-24.463468879616812
2025-12-12 17:58:37.847621,Idle,-82.0323795057684,-101.72387684117894,-92.36454369223793,-86.99724695373607,90.33635668000534,-68.54894219053222,-93.0941393850826,-87.5100927539088
2025-12-12 17:58:37.851701,Idle,-17.738132115390727,-23.747175952086764,-15.21759376489581,-10.64763231384768,-57.599639918154026,5.629478232029214,-19.701205915192986,-15.207684626521768
2025-12-12 17:58:37.856680,Idle,49.33137028175497,40.930203488183906,47.37416721234786,56.479176098078824,-112.83247854667206,68.3154832971286,44.19555712114834,47.16383132903047
2025-12-12 17:58:37.860699,Idle,-6.970682353377015,-29.223066426087826,-24.30081089851228,-9.295284527700005,30.114771492611908,-0.8293984652441395,-21.512913818682136,-17.74141562616751
2025-12-12 17:58:37.864719,Idle,-74.48095749034019,-96.55133222053519,-90.80376170244836,-75.90955578360763,108.18263127895534,-66.01367589676238,-86.30799869992188,-80.9837889678447
2025-12-12 17:58:37.867709,Idle,-16.64088806786367,-26.0659041366398,-19.461785207034154,-6.8807517439745425,-19.604745461739185,6.450255536637542,-17.010098064341946,-12.84944153131346
2025-12-12 17:58:37.871698,Idle,68.04957498756903,58.53181895189846,63.10864828751255,79.59416632910416,-109.70800813534333,93.21995652979194,69.02338881883225,69.85094642663535
2025-12-12 17:58:37.875726,Idle,27.934793668669045,4.652100408040496,5.946909003114342,29.403068375035218,10.042483267428906,40.772605416777196,20.234453078435763,19.01236277229509
2025-12-12 17:58:37.879740,Idle,-59.49466827103606,-84.50359423797454,-84.12405466629207,-60.73744576382251,118.20024694809854,-50.13019657121572,-68.01313486521758,-69.36070988304527
2025-12-12 17:58:37.884714,Idle,-33.61421526049253,-43.86565982184584,-42.24035571143304,-25.296801986244645,13.031658642023103,-14.173112025493282,-33.167390874794364,-34.7350747598839
2025-12-12 17:58:37.888738,Idle,48.421092281801066,43.94618963634639,46.00325733543377,60.02238979320737,-111.17449813953499,69.62148946724318,50.484637520230535,48.858382779368185
2025-12-12 17:58:37.892753,Idle,20.596238148585144,4.637401755733663,6.014051406548788,21.950142427462197,-27.40892711487504,28.680648184999768,13.54841356313409,14.092074223869531
2025-12-12 17:58:37.895768,Idle,-76.1386538090137,-96.84269332552867,-95.10993408945706,-80.81970300242938,101.00740792624129,-74.42297023556785,-85.75482200777151,-82.04413532142917
2025-12-12 17:58:37.899779,Idle,-64.54922403517776,-71.93025632916215,-69.05483557892057,-61.23229810446719,27.968359210612107,-53.003891979014725,-64.44876618525086,-60.395657704564655
2025-12-12 17:58:37.903783,Idle,39.886558257254364,41.56802390981102,43.95866511539316,49.09178188536316,-113.54768419741413,56.721765773880634,45.104671604587566,46.573276096282825
2025-12-12 17:58:37.907859,Idle,54.888087978587464,47.304936903216,47.97272867643005,56.11957160674774,-59.795158889133745,59.87307823430638,52.20025906590854,52.317483561782865
2025-12-12 17:58:37.911813,Idle,-34.96837809517183,-49.7684192212364,-48.91117142661369,-41.21908177727528,89.38573403022019,-40.229983960822665,-43.09003068808124,-41.35999068026376
2025-12-12 17:58:37.916896,Idle,-56.64387858349892,-60.22114073364719,-56.804821692345286,-56.820062676182715,55.16437747986129,-55.68654141491152,-57.36738480711938,-53.977195303195
2025-12-12 17:58:37.919861,Idle,25.481331467369273,33.0091702813188,38.26178202036681,31.941114540624767,-100.60447327992188,32.51013139717725,30.97052346250166,34.294019153927366
2025-12-12 17:58:37.922899,Idle,46.81007886108546,46.215546107554474,51.346218696974574,45.7692332228562,-91.14481914847784,43.19969987494005,45.282624449551804,49.05296842251755
2025-12-12 17:58:37.927848,Idle,-44.166435090749474,-56.317200198487626,-50.8876869869282,-55.52213023389777,60.28413837370681,-60.31870738727412,-53.65934427812317,-47.678465904393306
2025-12-12 17:58:37.931830,Idle,-85.81686411817918,-91.83967742185632,-84.64287151996632,-93.795414983304,65.46138950246132,-97.59647244087319,-90.77219090215112,-83.66720462333979
2025-12-12 17:58:37.935884,Idle,-3.373341948259622,1.7104619490310142,9.624159186158977,-3.0983941210106423,-88.60815554467081,-5.741017432903391,-1.5321150894142193,3.49531020156428
2025-12-12 17:58:37.941935,Idle,51.54582590266364,50.54582980342457,56.700497316549445,47.448474369775795,-114.90200171741344,43.6693490522257,48.29238124166841,50.69145786626541
2025-12-12 17:58:37.944917,Idle,-16.428933081459945,-30.231241794799644,-25.89820631636485,-30.915522224131564,36.66994447333127,-35.30744312992101,-27.723776491546232,-25.390130325906284
2025-12-12 17:58:37.947953,Idle,-67.86217960445356,-77.22002869522476,-72.90066158158152,-80.22474265640085,85.31212913207492,-82.27146409250236,-74.75214569188938,-71.42967694379695
2025-12-12 17:58:37.951956,Idle,9.440422822198343,14.248303997334006,18.393227770374324,7.555915458460731,-55.86993611052094,7.592097342969282,12.049349685921698,14.479798249230953
2025-12-12 17:58:37.955972,Idle,84.83819044152551,87.82300133969693,89.86594971893282,82.59634362412908,-118.12731151098342,80.93462236290543,85.22273197216236,85.93754214080855
2025-12-12 17:58:37.959982,Idle,22.46294035137089,10.994997375230014,11.149136803041074,10.52989236376743,19.321470780729214,5.812021882602494,13.829215687112082,14.707505084097647
2025-12-12 17:58:37.963978,Idle,-66.7617722595387,-79.47377285628136,-78.7211775859214,-78.62267624750166,102.39428121879973,-83.75480747533948,-73.80151226741691,-71.93118234023405
2025-12-12 17:58:37.968002,Idle,-28.014946391659578,-28.36751858504431,-26.31389043114359,-29.409830891561796,-23.299700070065228,-33.599789307569154,-25.574404890214282,-24.729979466525947
2025-12-12 17:58:37.972012,Idle,56.160236935897046,56.70935617265968,58.09981276211238,56.36799708878243,-123.1816392393539,51.021119618748344,57.916650374925666,56.66592085141383
2025-12-12 17:58:37.976024,Idle,26.29453433076924,13.214791434293147,12.962554384956093,16.06328857105109,-10.768333878904741,8.625562286908462,17.165832483653503,15.927986272777162
2025-12-12 17:58:37.979021,Idle,-55.88197902409411,-72.13095773758869,-72.6234826021082,-69.51720272043713,104.99285490643524,-76.71484208209404,-68.0780348190383,-67.73662019160929
2025-12-12 17:58:37.984041,Idle,-27.59764017523503,-30.073519026611393,-30.08996674835089,-31.487875653669107,10.638197786018281,-37.45347422640225,-31.909962644866027,-31.687438526873848
2025-12-12 17:58:37.988047,Idle,65.7598601558966,69.9490528197548,69.02593374073422,66.91241692045332,-113.49351604329786,59.66917870009456,63.981931028141844,62.65874613323558
2025-12-12 17:58:37.992070,Idle,52.8933842307697,47.08804586259794,44.90943218174834,46.11335810014134,-31.859141943845316,36.61706469316232,44.23677969074561,43.467170604378225
2025-12-12 17:58:37.996095,Idle,-43.67867585946078,-53.55272109868383,-54.53346788336785,-54.896809441292135,104.23998856828985,-63.16571739909523,-52.62364923744644,-50.348282369991466
2025-12-12 17:58:38.000092,Idle,-48.862520601262986,-45.11984573623704,-43.097683618766496,-51.44540117327051,38.171130972506944,-55.91025982561223,-46.68826117603567,-42.26849175180632
2025-12-12 17:58:38.004048,Idle,38.96138424247874,51.990021804384014,55.38007078888859,41.91512655088991,-112.73490211501849,38.43386320052923,46.03638651393521,50.62647104502412
2025-12-12 17:58:38.007053,Idle,46.4505833811927,49.223952599526456,51.96931430323184,39.890474442954655,-75.65176621960927,33.76612344353816,43.65351591128456,49.26908283039393
2025-12-12 17:58:38.011102,Idle,-48.44928491436713,-55.31552092137645,-52.00327106417626,-64.19532874993638,69.99480124220645,-71.61122962542868,-58.95555345778848,-50.29878330671636
2025-12-12 17:58:38.016120,Idle,-73.29994448513571,-70.72020987686847,-64.57660980298533,-82.62471952318083,43.76914073300941,-87.86921466471176,-76.67128945861623,-65.8936597435104
2025-12-12 17:58:38.020140,Idle,16.456161907392925,30.401192100447588,38.873653971491876,16.76456847292684,-109.7513803407528,13.400392271281817,21.82377336700847,31.816157815757833
2025-12-12 17:58:38.024148,Idle,52.18983419587312,58.74243217790172,67.49991382684311,48.36940649369717,-104.46946154532998,44.31058850259251,54.07996965422353,62.58141967585925
2025-12-12 17:58:38.030181,Idle,-34.19585112491677,-39.78516950430094,-30.90600396910395,-46.76764272852415,50.8037343291835,-51.16107970345911,-37.78110290517179,-29.462827142269816
2025-12-12 17:58:38.033171,Idle,-83.00907326013112,-83.37905353261704,-73.59726505595336,-91.92672477798806,67.14762075715043,-94.46920297770157,-80.79618657388528,-73.11003267485921
2025-12-12 17:58:38.036192,Idle,-4.723598546057474,6.5638012087893,15.720928721267228,-4.961091446106366,-85.29094240374616,-6.656350279830804,4.848936313250306,9.901423684788824
2025-12-12 17:58:38.040187,Idle,54.332257473884056,60.939863945747675,66.76812720630551,50.30119186137199,-121.3453264591808,46.43470422445171,58.42274815144992,61.28414609472384
2025-12-12 17:58:38.044205,Idle,-12.86463479350823,-18.665717820151258,-16.03258879911482,-27.034195315585748,27.190612753682217,-32.35040568382101,-17.98350047652457,-14.434157479521673
2025-12-12 17:58:38.048230,Idle,-74.83124392423906,-76.94508469896118,-75.02268591374195,-86.5553862500692,85.16545019904879,-89.45421518640433,-76.04671688770213,-71.04633722290464
2025-12-12 17:58:38.052229,Idle,-9.484021703286999,1.9301915098221798,3.588470309610784,-10.090765501034184,-51.2825733312784,-10.231272805818662,-0.42153421572129446,3.8123431420667657
2025-12-12 17:58:38.056266,Idle,66.58479761506442,75.96185907294876,75.31461330675211,65.60491965275651,-121.10630933849825,64.148569065208,73.78920224529156,76.49205290755481
2025-12-12 17:58:38.059269,Idle,16.27686771686649,10.867177475226526,7.4835793158426895,4.0893477580266335,12.706087228772958,-0.5847170810884563,12.780185278887984,16.119218756903138
2025-12-12 17:58:38.063249,Idle,-61.37078957879021,-67.97655793146441,-71.87809815966193,-75.53731717723895,106.1001342678901,-80.84590680938891,-66.00827037171621,-61.060201534761745
2025-12-12 17:58:38.067257,Idle,-17.325646390982456,-10.057679306954924,-13.353049806485615,-21.894469137492706,-10.64199714735878,-26.357099404533074,-14.023223491804856,-9.59216178881752
2025-12-12 17:58:38.071283,Idle,66.71000349325368,77.33982987641411,73.2240666141106,64.14615055187278,-116.54620004648677,58.16944773987052,69.59382658039704,72.14183957291834
2025-12-12 17:58:38.076310,Idle,29.374996606479726,27.815522382968084,22.35740727600114,16.586509213371755,-13.726085981073993,7.980969702575749,22.47973119355902,24.94217363611824
2025-12-12 17:58:38.080255,Idle,-68.42059000820382,-73.61979421599153,-78.27398626553531,-85.30443373448361,102.78760874375803,-93.42509646296458,-77.04473176131887,-73.13034975731807
2025-12-12 17:58:38.083320,Idle,-54.073745954484366,-46.89383099340375,-49.28837813713653,-62.078183443894886,10.867126980330795,-67.56639790107693,-53.52854020855102,-49.63331498907519
2025-12-12 17:58:38.087271,Idle,39.17920169981562,51.4832681127682,49.80634614307837,35.75475985857156,-121.52398885107323,30.06454985433811,42.38146970476555,44.78378789925728
2025-12-12 17:58:38.091359,Idle,38.33723956523954,38.49182832832321,35.994205033081016,26.669396996448995,-48.675423051183316,17.55662052302978,32.722046092062556,35.156106043787986
2025-12-12 17:58:38.095345,Idle,-45.51321352865034,-52.03046825608635,-54.13492462559134,-61.48700549575369,94.2204685308825,-72.65349746274842,-54.0963492726878,-49.872220044527694
2025-12-12 17:58:38.099421,Idle,-41.98035183840966,-36.31286366307722,-36.55384837624297,-47.523011855968434,43.26289000283941,-57.961850575577046,-40.010069524199935,-35.47856010819942
2025-12-12 17:58:38.104370,Idle,53.2666276226264,68.64100381089293,69.0765303956423,56.88353335166539,-102.50752583047324,46.63275882867856,62.865434555136744,65.3463226683084
2025-12-12 17:58:38.108426,Idle,65.52700544794129,71.31769189023862,70.74291403103416,63.11762762781109,-68.13739970953065,51.58827306920466,69.21109775458899,70.3888219528892
2025-12-12 17:58:38.111446,Idle,-31.933587164134224,-36.293376679173434,-37.027528479920875,-42.13579125297656,82.53804503339234,-53.12264772488561,-33.810756610894714,-31.72980031972179
2025-12-12 17:58:38.115414,Idle,-63.36865981707524,-59.22384154081601,-58.65558661685827,-67.68066679100775,67.13168037129799,-75.44845648189585,-58.99699050290474,-56.503498060890934
2025-12-12 17:58:38.119421,Idle,25.786389925529193,41.02741028098944,41.68700527499459,29.894374489305847,-85.78005185022448,24.17539831768954,35.501529328185825,36.15511798197781
2025-12-12 17:58:38.123414,Idle,68.8855699799226,76.56111794897424,75.04693324681921,67.48906129563511,-89.10208209425946,60.66759822264066,70.38759582506509,69.2556450594318
2025-12-12 17:58:38.127455,Idle,-12.07971823217315,-17.4828108112888,-20.80907748654954,-23.45038240607755,65.70042285121417,-31.24329389343802,-20.2937085511212,-21.334720865746704
2025-12-12 17:58:38.131473,Idle,-63.874616756959654,-65.0678424953735,-68.2293468231228,-71.66687666676262,91.258049405762,-77.95356988735148,-68.10294759889939,-69.25628330412519
2025-12-12 17:58:38.136459,Idle,9.99580481391024,20.250337488054356,17.02811534515149,12.416137420099403,-59.84192826194885,7.163087326616733,13.940749547582072,10.884180230726884
2025-12-12 17:58:38.139468,Idle,69.87439536087811,75.23550984168583,70.02254344530138,70.32190408561837,-106.68164712872749,63.148453872337996,69.87158144367186,65.81137397441478
2025-12-12 17:58:38.143474,Idle,2.7900669180163504,-5.404585550592174,-12.367356284236848,-6.439659657804441,35.961823290677785,-15.494744777446613,-5.98456231768705,-7.727293912883056
2025-12-12 17:58:38.147479,Idle,-64.53213226632863,-69.98604964501897,-76.25979466570152,-71.94981836933766,100.20108041072308,-79.82282256590042,-69.89834646175223,-68.66335891687584
2025-12-12 17:58:38.151455,Idle,-1.071556272859027,7.832674969489972,3.026685462349633,2.3617654398667582,-32.644775941138505,-4.006090199667597,3.604998497082761,4.831467410635469
2025-12-12 17:58:38.155513,Idle,83.17597610705998,91.84367357551514,86.95271871667865,86.48393518475041,-110.0736478737399,78.36717128246346,86.30384086692766,85.84247147389425
2025-12-12 17:58:38.159529,Idle,39.57966656636182,34.209760762391625,28.900297001025137,31.519579521449486,18.00663736631941,20.761391891079256,32.608348699629005,32.34524071627226
2025-12-12 17:58:38.164573,Idle,-46.526789958949166,-53.316665384751786,-57.20709968647225,-56.65756451304787,116.10418093264343,-66.71478771905095,-53.106075479960964,-51.64620142009176
2025-12-12 17:58:38.167556,Idle,-19.45461591686552,-11.858190356499108,-13.87578500159816,-18.498761718286005,1.2351585017240723,-26.198029626146308,-15.172893237557673,-13.419342647908621
2025-12-12 17:58:38.170559,Idle,57.06642508857237,69.20296719165185,66.7693893610649,62.77842646099816,-115.2459813277419,54.144295016130854,63.65288976871079,64.59387664976455
2025-12-12 17:58:38.175552,Idle,26.915627688588756,26.950824505291735,22.712508960508785,24.414050095754646,-20.736416627871222,11.930067487188353,24.300903649862448,26.248649802161296
2025-12-12 17:58:38.179573,Idle,-57.0529274226609,-61.618370874232255,-66.00215815621868,-62.88378465334699,104.44489372809403,-76.90016764445681,-62.08923613281604,-57.6905314092599
2025-12-12 17:58:38.183543,Idle,-29.08698501959941,-21.222992070106443,-24.197909355140837,-25.067147388899684,26.55735406020176,-36.639471325350314,-24.10443310821529,-19.276453551495308
2025-12-12 17:58:38.189617,Idle,72.07113526158514,86.59580174643264,83.91906785997799,82.23160596393427,-104.9453756621424,73.5699355398383,82.84545841000363,85.7289873622168
2025-12-12 17:58:38.192624,Idle,63.175464538342794,66.5879102868492,63.04314266658548,65.73335360620604,-39.87404991343101,58.83807326044098,68.39765962453316,70.24573163759493
2025-12-12 17:58:38.195639,Idle,-48.2398094924896,-52.00438604170165,-55.0225227228093,-50.8903985450188,101.53133718243771,-55.026037901879135,-44.41714872115381,-41.92138793320184
2025-12-12 17:58:38.198685,Idle,-73.61999633120831,-65.79284171298207,-66.80633241981377,-66.97423606524899,52.371130020650526,-67.72016101630197,-59.30169494330789,-57.541411699139275
2025-12-12 17:58:38.203682,Idle,16.485309705871373,34.422042443755686,33.97159023837685,31.644525459894794,-99.98701178920965,31.143512761379498,36.88482514790053,35.45977125171268
2025-12-12 17:58:38.207641,Idle,47.21478617155367,55.779557298015334,53.74421630103552,55.08668019565539,-74.24532647772867,51.80793214320602,58.200497448675605,54.37864177007157
2025-12-12 17:58:38.211681,Idle,-33.16302226108428,-35.79366032666104,-38.73721912116889,-35.53688668283485,80.70879646793583,-39.25403822845783,-32.21269506527301,-35.53485539042521
2025-12-12 17:58:38.215636,Idle,-63.010541936302616,-58.36063035735464,-60.3534579129946,-61.71387080075874,76.88329606278967,-61.54292876326144,-58.67969029940434,-61.073166966211886
2025-12-12 17:58:38.219704,Idle,23.980541913551633,39.44800839324674,37.711102507637406,32.99075598620311,-75.98289404418392,36.46502992894057,33.442671061961846,30.05543079340447
2025-12-12 17:58:38.223714,Idle,72.97566234905366,80.64388521122757,77.18720111012863,76.5985516030596,-89.88036226110489,79.20038914964334,75.04235448017664,70.77399946203855
2025-12-12 17:58:38.226713,Idle,-1.7567698108834975,-8.361462728882074,-12.769327845455337,-8.360232774927681,62.69681966258395,-7.485210321319755,-8.976215307400366,-11.404338550775208
2025-12-12 17:58:38.230754,Idle,-58.2436989405187,-61.70069015694108,-64.31463526444531,-61.757042166003885,97.11397120775746,-59.710965391537684,-60.71154652824703,-60.22102603420433
2025-12-12 17:58:38.235743,Idle,3.8287224138634883,12.32546527417901,11.922134647119492,10.468046627643162,-51.9934347929393,14.29038480204963,11.479275409649404,12.95642951164524
2025-12-12 17:58:38.239701,Idle,54.95135267517776,59.805468111145444,59.533438301078604,59.52300852101962,-109.0229681326091,62.19739514554658,60.49982323044571,61.7844436944323
2025-12-12 17:58:38.243767,Idle,-16.259591754560688,-24.824591155123485,-25.645356525729767,-22.511535249981534,28.116120202535967,-22.031802567057184,-19.73644644114836,-17.27452057042575
2025-12-12 17:58:38.247798,Idle,-86.31433991095514,-93.0746852790926,-93.11311850470247,-92.63839935535134,98.82523328655407,-91.8339901803206,-88.685150808407,-84.30130567488874
2025-12-12 17:58:38.250735,Idle,-23.705436056183544,-16.55776334436645,-15.925277375433325,-20.33413404418343,-31.850020036778915,-18.102665067285216,-18.463599655000394,-13.686374251978123
2025-12-12 17:58:38.254795,Idle,60.561765936291295,67.79328691877554,67.00028239281255,64.025671458332,-121.31038254205305,65.32290730853356,63.01228919478075,67.53498393268154
2025-12-12 17:58:38.258843,Idle,11.2485513186557,4.425111377977942,1.7541789955375862,4.26993715982735,-4.5331839430800756,3.3596398297700034,3.3697545714651937,9.400397081243
2025-12-12 17:58:38.263824,Idle,-84.94177597303951,-93.65022814871683,-96.15244271217489,-93.1109211774492,96.49523441170732,-94.28911007136935,-92.19822517920818,-84.19356581922136
2025-12-12 17:58:38.267832,Idle,-56.37330453074583,-50.6983485743373,-52.301865682467906,-53.04266708188288,-10.812038242191193,-53.84358658691076,-52.5087323499599,-45.491485094518566
2025-12-12 17:58:38.271850,Idle,41.33520819635396,51.645218596739824,48.845076641298874,48.61864737096539,-126.77696453706722,45.36996883303914,47.06501331468059,50.61723137643418
2025-12-12 17:58:38.274861,Idle,33.84345664769398,30.808136711323073,25.6172803680347,30.13568583230017,-30.97583897128652,23.35661252821899,28.58701044239416,30.010526351213798
2025-12-12 17:58:38.278809,Idle,-49.87759393912984,-59.881371023444785,-65.46581932892423,-60.9606586308505,104.83422588084113,-67.45217266570407,-60.29175862641813,-58.595279234923
2025-12-12 17:58:38.282871,Idle,-41.13697357032197,-40.198788871590295,-44.240505982200375,-45.56478549670692,34.83657485078584,-48.59664830685239,-44.17362331896874,-42.34629753261612
2025-12-12 17:58:38.286898,Idle,47.08520596268772,54.827403458074286,51.29573985480056,47.66484874903222,-104.11517149448491,46.00345872625644,47.56126274669805,48.172843208798014
2025-12-12 17:58:38.291908,Idle,46.49158328489921,43.42588753476275,38.815163774640496,39.55281410251769,-49.09156824714364,36.71898820627621,39.02560869426907,38.53684963629476
2025-12-12 17:58:38.295915,Idle,-45.637197376775475,-56.465876059572565,-61.40664048368035,-57.4943431050508,98.5274106613183,-59.182747910499984,-56.61069774569614,-58.02008592678851
2025-12-12 17:58:38.299882,Idle,-56.490948866080544,-56.33018528065895,-60.43811580101283,-58.13766564182674,64.20173399763439,-55.5059873523237,-57.32905178901683,-61.67175131986069
2025-12-12 17:58:38.302883,Idle,39.95537152174484,50.387260142379546,46.01312571395192,48.933157568486195,-85.73087954695848,53.96728210064839,47.212214985377614,38.2179371687292
2025-12-12 17:58:38.306970,Idle,71.09502856375184,72.18499487876329,66.195087577079,75.30255684171607,-68.37187936862404,78.56483020293854,72.23127206077038,60.913589005675775
2025-12-12 17:58:38.310907,Idle,-15.292692225847532,-26.13965921520071,-32.357418103029886,-19.508413646789954,86.32135731473653,-18.08251767171896,-20.819939011833867,-30.10571437137122
2025-12-12 17:58:38.314982,Idle,-54.21442391615801,-57.80873813810581,-62.11067180644568,-53.37926380590659,91.49913964095913,-51.08261320440397,-52.8702397234365,-58.757687743413044
2025-12-12 17:58:38.319967,Idle,29.247956578518824,38.58780989212278,35.40460579671844,39.327574916215895,-60.22662045975983,42.17620930975136,39.48210911763499,35.48973498542398
2025-12-12 17:58:38.323955,Idle,80.74401367991231,85.18731094192799,80.82179651350907,86.19951946847777,-83.50388293298454,87.18643600323139,86.51511817938353,84.15918550771403
2025-12-12 17:58:38.328017,Idle,5.80646387815159,-2.559943010357074,-7.664777331860023,-0.06296268688515738,65.31001261560095,0.20508101005361823,3.263465108944729,3.797197313587276
2025-12-12 17:58:38.331007,Idle,-53.35330526773032,-58.23274865696885,-61.491301603054126,-58.010816252788345,106.07924647212076,-54.51786606123369,-51.683403878589615,-49.06841714530344
2025-12-12 17:58:38.335025,Idle,14.753116954802863,22.684458494742103,21.563288769881183,19.527769314412808,-40.88318598005026,26.758845423838466,25.606687367480845,27.38851852637572
2025-12-12 17:58:38.339041,Idle,79.912672159865,85.21687343730127,83.86954091521238,82.99695486514429,-104.68678098196597,90.62233959144032,87.66218258344043,87.73509237490475
2025-12-12 17:58:38.343047,Idle,12.634784110164219,4.2301048383146735,1.7053306253696974,5.0082691295372115,30.81028074515234,11.864802804235296,10.536559848980687,10.96885545985856
2025-12-12 17:58:38.347054,Idle,-71.37560780618787,-78.88800072849153,-81.17976576787987,-79.07837502402117,110.47908891083898,-70.52238411722647,-71.83815668323678,-70.06331806737592
2025-12-12 17:58:38.352074,Idle,-22.32607725334765,-15.447042232639433,-17.247490158756136,-19.164166761019715,-14.887571705719893,-8.171502555629559,-12.592824248581564,-11.227475469583169
2025-12-12 17:58:38.356038,Idle,67.27101810731438,75.73342401888294,72.58302734879908,72.22641606866546,-109.66442401576796,82.87680968800305,77.05585424773881,77.09952542309077
2025-12-12 17:58:38.359112,Idle,33.409956707324454,27.71735231370667,22.833795210755397,27.649454619342123,5.545716266520685,36.84094869854562,33.1015222953306,33.63528086326846
2025-12-12 17:58:38.363111,Idle,-58.86228833269797,-68.77174579412804,-73.05382249628792,-68.47337345981714,117.4870552654429,-57.993532625179796,-60.99144290813774,-58.98165108676153
2025-12-12 17:58:38.367138,Idle,-40.81414910843159,-38.408160453719574,-40.72524156462714,-41.03370752370347,18.135810224562192,-28.084588828784035,-33.87329698090616,-32.58546590286488
2025-12-12 17:58:38.371135,Idle,46.9502042620461,53.97919526158012,51.988677600352275,51.53990639470021,-106.20061778351919,63.420658780316444,56.218675007146885,54.93966063783034
2025-12-12 17:58:38.375153,Idle,37.09203172135494,31.684956928706924,28.61832377550627,33.66160878812025,-22.076285917329187,41.76020781889201,37.25347559693682,35.097179099565324
2025-12-12 17:58:38.379156,Idle,-46.96444040726146,-58.99996690232729,-61.934465965652635,-54.704261125380526,115.6691979812258,-47.62012634695202,-50.61723413153368,-51.53653694645271
2025-12-12 17:58:38.384169,Idle,-37.47974896098276,-38.49913738063378,-40.408733562775524,-36.26754649782151,53.13594801325962,-26.447289833957257,-33.428711293885044,-34.59859739115156
2025-12-12 17:58:38.387215,Idle,55.87905643330487,61.89125967713653,58.969127631625724,63.078201796368376,-89.65421382607565,74.86799388314284,62.780215078361834,58.42236272984657
2025-12-12 17:58:38.391177,Idle,57.74516160264193,52.41629481161226,46.44226919491848,55.975094086177705,-45.09860233542622,67.25326434389717,54.395767300446096,46.838964993082456
2025-12-12 17:58:38.395144,Idle,-44.62293770112592,-59.28101266793965,-66.89589267350948,-55.24089139170337,101.08891722614226,-43.81164179539155,-55.4255526752263,-64.19588785485048
2025-12-12 17:58:38.399213,Idle,-70.68721990200629,-75.08725345758876,-81.68870506131361,-75.23368494142596,71.53633439406258,-62.11078471552355,-75.0788529485144,-84.73912498706439
2025-12-12 17:58:38.405227,Idle,23.233856433183064,30.64074044470908,25.0580915340729,27.446758577689252,-81.87239591695834,40.354602498175154,25.272968935724293,14.262747209621224
2025-12-12 17:58:38.408246,Idle,63.60854885637946,64.00705498604111,58.014974045303916,63.572051908265166,-73.58520709304685,73.31538773045759,59.64637607028999,49.485288860349485
2025-12-12 17:58:38.412244,Idle,-21.064034025649562,-31.6852059973844,-37.436827171195546,-27.938250914789023,81.3236010446999,-20.542237304876835,-30.99768157376502,-36.90963342842694
2025-12-12 17:58:38.415261,Idle,-73.25940650891971,-77.06211433359022,-80.81779368240223,-72.94100358961987,93.46957847324302,-65.1148999297966,-75.16063603082648,-76.96877084723376
2025-12-12 17:58:38.419216,Idle,-3.6631943638240045,4.964757281992661,2.6363511888314406,8.495784799260036,-61.84358841749781,16.42612986543645,5.193467077135665,4.139855791404287
2025-12-12 17:58:38.423278,Idle,45.97504688033678,49.099079714873824,46.063224224179066,55.41773594423739,-98.88833525845985,61.260584993280645,51.81571000594113,49.92085724473689
2025-12-12 17:58:38.427290,Idle,-24.226261493050515,-35.3164361387644,-39.19490249966816,-26.079105810100373,46.20264772443261,-21.077242699504495,-27.059348723039875,-28.7169920599058
2025-12-12 17:58:38.431308,Idle,-81.32312149175505,-90.2670363886391,-93.39175273211322,-83.06015866955204,98.85937054501483,-75.13656774404262,-81.41720163928585,-83.02739687576306
2025-12-12 17:58:38.435305,Idle,-10.52202771044631,-6.2313066961987715,-8.702727417629717,-3.1603798681744593,-38.901889350947386,7.707357810208123,-2.1134528049469736,-5.750055436595446
2025-12-12 17:58:38.440333,Idle,65.48862048487354,69.11172198325403,65.54340493300504,71.88264520271241,-105.4421918307562,81.54351078950276,70.99550913248277,65.51096563492979
2025-12-12 17:58:38.443338,Idle,12.494634734770443,3.7940527758401004,-0.7752958418859635,8.432665844714393,29.795544057602456,14.996305274000406,7.442875475929213,3.327972460962542
2025-12-12 17:58:38.446344,Idle,-65.59622442429827,-73.52628761737651,-76.90007401362722,-70.6808844580828,120.17582414627941,-64.99597450494548,-71.361718430765,-72.57534856129712
2025-12-12 17:58:38.451346,Idle,-18.864769195901317,-12.880609208605165,-14.472216842845626,-14.134354144671306,1.7811998536817555,-8.611378817968216,-17.053530721956122,-17.624565572195024
2025-12-12 17:58:38.455351,Idle,71.79193066401422,79.317247528812,77.5598108542307,78.25027264987693,-99.91714211978797,80.80071981164838,72.2264720851972,70.3211010667402
2025-12-12 17:58:38.459378,Idle,46.293804265640574,39.47971189098644,36.57976952882245,42.83437603296261,9.134844646368947,41.616777740013276,36.55098904586066,34.42840465800407
2025-12-12 17:58:38.463404,Idle,-37.87369083505109,-49.24560839577225,-51.93125856220945,-43.992729879268154,129.01503181567386,-45.24613920347656,-48.703249226098706,-50.07201127824533
2025-12-12 17:58:38.467399,Idle,-15.730975344085891,-14.231420872287345,-16.26602425019587,-11.347356615948229,39.300135113495344,-9.94168118075504,-16.552674805800052,-19.234560396282404
2025-12-12 17:58:38.471359,Idle,75.32053740226183,82.80483371312857,79.3080193074718,84.30564940910517,-89.38394755848094,86.38282681906821,76.83583000360068,70.85027402833975
2025-12-12 17:58:38.474436,Idle,65.66306145540693,61.29500436568378,54.9626549728946,63.92948196319776,-14.880861732759513,64.60739775530237,56.04560623950874,48.424829195080065
2025-12-12 17:58:38.479425,Idle,-27.66359311359338,-39.15121932996772,-46.548275522450695,-37.75414703113893,123.77092454947524,-36.649126677768436,-44.240273759271076,-50.638815104673995
2025-12-12 17:58:38.483453,Idle,-32.09546602163755,-32.47264991612792,-38.75173455894583,-35.59622907143057,66.72424926570784,-32.23325742702764,-42.41276654675403,-47.515322445651236
2025-12-12 17:58:38.487458,Idle,56.438962312246076,64.27076972221948,58.85938848704245,59.7330207234736,-80.70150933084005,62.999624261736244,50.7125002834764,45.68287821712897
2025-12-12 17:58:38.491471,Idle,65.38666526994166,62.26060764860995,56.97442400226282,62.239167684527274,-44.98552361307702,62.35980598676542,52.87480232219059,48.81009743584491
2025-12-12 17:58:38.495471,Idle,-29.284495727204558,-43.246213662905575,-47.11668942751703,-38.83620519875694,104.59386044488747,-40.77043625166334,-46.093879564456984,-47.6912016854335
2025-12-12 17:58:38.498444,Idle,-53.69233626824098,-59.16742436093682,-60.4472995024571,-55.05532528721233,86.46099716297431,-56.48986449837139,-61.710745433706506,-62.21785535692311
2025-12-12 17:58:38.502465,Idle,41.614247103365415,47.559949620541374,46.89906441530729,50.54804050948405,-65.9182170262975,48.56966732496767,41.61711811672831,39.494243129967344
2025-12-12 17:58:38.507575,Idle,87.27747038604684,86.41331614233604,83.39226420459408,91.39490880176709,-66.8544183634458,86.46956657620649,81.21926826170784,77.74385772751111
2025-12-12 17:58:38.511533,Idle,6.408620277297814,-6.098779403111621,-11.281555755568206,0.2881863470593089,85.65189662661214,-6.0392236879852135,-7.728315632831254,-9.924447883212451
2025-12-12 17:58:38.515573,Idle,-46.618312261778556,-53.26279077719664,-58.02623676437179,-49.74926724323814,103.86630185034664,-53.967387748973124,-55.42818096691826,-55.80124235253629
2025-12-12 17:58:38.519500,Idle,24.565406802828875,30.37443629214613,26.905501687711876,31.210652731337177,-52.544118675103164,28.600414759564956,25.093310952206593,24.574517344264677
2025-12-12 17:58:38.522505,Idle,81.78591649228292,82.9530653318825,79.75726954914035,86.47232340777555,-99.326111782706,81.99678939554542,79.33255592430123,78.24847614795522
2025-12-12 17:58:38.526568,Idle,13.759759688862687,1.4869698375268854,-1.1245610782389122,9.228022052291635,43.866612637924845,2.899224638706073,3.1659903279551145,3.5404374569000083
2025-12-12 17:58:38.530579,Idle,-55.7445705588525,-64.98041254207783,-65.53475462501683,-57.98743205317078,105.07772380719689,-62.34201185359416,-62.63858373646144,-60.27986210338963
2025-12-12 17:58:38.534596,Idle,-0.39864576597028645,4.935532487068485,5.615111312116824,8.182386390297324,-31.607276023907616,7.028979451206396,2.978363722645554,4.919910905234929
2025-12-12 17:58:38.539551,Idle,72.1994333657367,77.18206512607867,76.16614576005304,80.08189545169444,-110.65921934263861,79.18057530696206,74.43953491458888,74.29490244806243
2025-12-12 17:58:38.543633,Idle,23.058414746032213,13.633769145564656,10.12469807672187,18.96663302284469,15.99109867289917,16.991351495145864,15.574248375672141,14.284614163682818
2025-12-12 17:58:38.547736,Idle,-56.46317928337521,-67.92201629025476,-71.67152811740652,-62.97975908711669,112.03656437948666,-63.58586338023815,-63.95031544887934,-65.92736994000074
2025-12-12 17:58:38.550632,Idle,-15.769733495302717,-13.782136680089025,-16.54631689690541,-11.745633167258347,-0.7157157335805095,-10.024507622818419,-14.017573140159584,-18.479516878098366
2025-12-12 17:58:38.554677,Idle,70.45361724676877,76.18531723354863,72.80614828134821,78.09132399152622,-108.74994161338327,79.22715988785785,72.39576048011986,64.62393805035822
2025-12-12 17:58:38.558683,Idle,38.95322692209811,32.86589239794739,28.041467606229162,37.042410465644934,-6.4963189377012895,35.77230174169199,30.35730676739786,21.757620788915574
2025-12-12 17:58:38.562686,Idle,-56.8957050273948,-66.06779656723847,-70.00580425481257,-63.03841177392496,118.12976448330664,-64.78762286401798,-68.40880801188541,-75.06509864288819
2025-12-12 17:58:38.567695,Idle,-43.767485383528765,-38.896425363267554,-39.55349863106676,-40.535991253796965,33.922286767483456,-41.73881249770238,-46.23138591386851,-51.023135093540986
2025-12-12 17:58:38.571642,Idle,50.72308378951948,62.81209288661921,64.97822507696674,59.75208905054751,-101.7399938961953,56.50037324176992,51.787489223070224,47.96995996570786
2025-12-12 17:58:38.575742,Idle,49.572364765498605,50.01233932109062,53.92316439149727,50.72199159549564,-36.853933951328145,44.1601685857313,42.27293452725917,40.658726827053215
2025-12-12 17:58:38.578728,Idle,-45.83788793364056,-53.646623733050546,-47.17774259998805,-50.33669127636131,104.45787372260747,-56.45484989636316,-56.58253410641919,-54.66648019624813
2025-12-12 17:58:38.582750,Idle,-61.58803326654561,-58.9612777240136,-49.502453452668306,-57.805346297553115,54.16450095672735,-59.64104800310815,-62.279460448269674,-58.6314664612039
2025-12-12 17:58:38.586745,Idle,23.43393422349709,35.47063053569218,45.50161819077039,34.41278638741278,-98.45587679314849,35.361953971765615,30.309674644719962,32.85296492226735
2025-12-12 17:58:38.590765,Idle,41.914217050050866,44.90458714767465,52.92699674695996,45.054947078160694,-73.02618292657098,45.35110817284476,42.61837512742659,44.21664965278387
2025-12-12 17:58:38.594790,Idle,-44.69209243963087,-51.714168132298255,-45.02455129043301,-50.97898567689299,79.10209541474433,-50.68935796880396,-49.95921686512793,-47.5101853865242
2025-12-12 17:58:38.599776,Idle,-73.78395942567931,-72.37644682080008,-65.06359825708205,-74.76453255513661,71.87505187338684,-71.53341289363016,-72.02099107880713,-69.48816190163438
2025-12-12 17:58:38.603760,Idle,10.87683080728857,23.735190588306978,31.179843840504873,19.297159749221464,-80.85085398488263,25.05060642378703,20.5081790755994,20.62055701587724
2025-12-12 17:58:38.606753,Idle,50.51275311004338,56.08118455731437,61.97510744309693,55.099129502754295,-92.43738369598759,60.595799775333944,54.715343411503454,52.50531688941237
2025-12-12 17:58:38.610827,Idle,-31.784978968283212,-39.596528939364816,-34.46871653584003,-35.85128293485286,59.55094207136426,-30.360082762552338,-35.86197126998286,-37.89086149642799
2025-12-12 17:58:38.614830,Idle,-83.29992009066791,-86.73517551186569,-80.12491731283262,-82.5928449048497,91.52504825460164,-74.48314672624474,-83.12399465415183,-84.42131300681649
2025-12-12 17:58:38.618840,Idle,-3.630486747932082,5.912031380140888,13.737014645871568,8.824270025406804,-55.08146250597747,19.113768217423058,4.679952360457719,2.188179997431689
2025-12-12 17:58:38.622863,Idle,66.92490377769718,73.04050526472565,79.72225440622879,78.41589052464587,-103.96758101722298,87.78301599271799,70.77816638109925,66.64089394083385
2025-12-12 17:58:38.627808,Idle,6.033275693541327,-2.1327563698446284,3.0498568429984516,7.128457170914771,39.069168387295576,15.742490121640003,-0.30662305047462723,-4.332590432276902
2025-12-12 17:58:38.631876,Idle,-65.03600317879409,-73.08463409274236,-67.43619982029759,-64.00190465298147,109.40712531760619,-52.42116306924254,-69.52981243177874,-73.15520463115354
2025-12-12 17:58:38.634872,Idle,-9.42159752625048,-5.473815460303285,1.1514680377486002,1.2564222738146782,-22.014176109150867,16.55485195691108,-4.357907412462737,-9.465645404375664
2025-12-12 17:58:38.638844,Idle,68.78535001819364,71.1291239135553,77.01186406348734,79.26528251739546,-107.51754614932906,94.30689703035387,72.56136775226423,65.7929400631192
2025-12-12 17:58:38.642922,Idle,19.259024621848766,6.089031433391938,10.72294219455307,18.04096049693908,14.061468578442145,30.213111426695832,12.187265633212519,6.503413732722947
2025-12-12 17:58:38.646918,Idle,-72.00916720457371,-88.47176635905726,-83.42668390425752,-77.01422278778227,115.75079707278564,-65.9880690262089,-81.3684531015906,-84.34342898721343
2025-12-12 17:58:38.650946,Idle,-41.18455923807778,-44.495819688610936,-38.634115184028815,-37.91573928040634,6.615556900924275,-26.9235409096691,-43.3253967796054,-45.39867464945928
2025-12-12 17:58:38.655944,Idle,50.8993691599062,51.79594522327852,56.474216252107,55.9031512915808,-110.76749967290743,64.25938998135462,48.129706858540885,45.20833153648255
2025-12-12 17:58:38.658960,Idle,36.1712288897852,24.6761449293399,27.449708002281113,30.671309643248605,-17.69877984015875,34.82213211930684,23.100460803682836,20.592289645933306
2025-12-12 17:58:38.661973,Idle,-46.97626943991145,-63.560100033168055,-60.37704374543591,-56.28195319812221,112.94112379175203,-53.23283108144278,-61.45819153982484,-62.043437667411126
2025-12-12 17:58:38.667979,Idle,-30.415693295950405,-34.63927758046384,-29.399148509173756,-28.1274241404044,39.795114562637536,-23.00104562577326,-32.48151791246437,-32.41497699655247
2025-12-12 17:58:38.670981,Idle,62.822575591700115,65.42459810843093,71.08454147334578,73.76988822898056,-97.24735589066404,79.69175624666241,68.62510486202882,67.71537238755081
2025-12-12 17:58:38.674990,Idle,57.737686195345304,48.5018382661583,52.76380738385069,61.85853774324278,-40.48802411343968,66.40884432765233,58.03816606838518,57.36040118965775
2025-12-12 17:58:38.679021,Idle,-42.77992433393047,-60.829535421262335,-56.837192139030776,-45.710440182328966,103.12190554150402,-41.17559785255253,-45.79607056482109,-44.333463804892745
2025-12-12 17:58:38.684031,Idle,-56.4391859396801,-63.800508537850874,-58.34486692667724,-52.50168437723187,63.03769195420318,-46.22883212585111,-50.522982712022895,-47.74841853770795
2025-12-12 17:58:38.687037,Idle,42.11845718856148,45.65866034659393,51.68585098021322,54.219367557105215,-87.40806256976612,60.05226994730583,55.296022266376895,57.60787342441745
2025-12-12 17:58:38.690053,Idle,71.63406292932359,67.13417736292104,72.07941986045716,78.56087872317403,-67.51443967464365,81.00496722139178,79.33944356178472,82.16321297067407
2025-12-12 17:58:38.695038,Idle,-23.833995554774447,-38.86158394640006,-34.1266162451102,-24.107298671504395,84.9955921603123,-23.679035817820477,-21.297453816874622,-15.71117029913512
2025-12-12 17:58:38.699074,Idle,-73.69323183342749,-80.50776703543033,-74.18977287553935,-67.19395563409398,83.23543206474278,-65.39693721154799,-63.10319476499535,-55.51935357455932
2025-12-12 17:58:38.703067,Idle,5.775328629739306,12.455368283834105,19.59537548288972,23.370200368697624,-72.22762272450382,26.576568231583224,26.39698023019082,32.79704524339377
2025-12-12 17:58:38.707139,Idle,64.22769231260372,66.76958194745384,72.66835952725341,79.5269816861437,-92.49327702435767,82.02169698842863,82.5170612044185,86.66466629485058
2025-12-12 17:58:38.711113,Idle,1.8308902831868181,-7.3973915978494915,-2.5217385045834817,8.310001308390383,61.503332554380904,10.719815088856194,14.305232907444406,17.718611247457375
2025-12-12 17:58:38.715126,Idle,-50.51971001419224,-55.7742450735559,-50.3363444977731,-41.372211721954045,105.88513459034402,-36.5850803938074,-33.077698513605355,-30.385325885631573
2025-12-12 17:58:38.718135,Idle,12.98301813566377,19.925503697381828,25.203373710535743,31.13943617332916,-37.77629650315066,37.257329098981245,37.57002295313032,37.155451033485406
2025-12-12 17:58:38.722154,Idle,69.1879440991579,72.2914841756783,75.12050334446212,83.71361160352626,-98.27722689273651,87.00567907526784,86.64184315754119,82.36795166902175
2025-12-12 17:58:38.727134,Idle,0.4407300291613865,-11.287624031752785,-10.559256156684569,1.7411159608554954,37.84117534365396,1.2597804472106873,3.3316484317756476,-2.445201557619839
2025-12-12 17:58:38.731178,Idle,-75.3818537059733,-87.06522697693435,-85.45624928938196,-76.55562257443216,115.89211968229029,-77.33713456107307,-75.16152089337174,-80.85706332362952
2025-12-12 17:58:38.735181,Idle,-19.094047641612633,-16.75759425031356,-13.160281972131997,-11.307825753451652,-9.123331300252175,-10.591244552123953,-11.637290509705963,-18.385841486557183
2025-12-12 17:58:38.739200,Idle,67.71205694886976,72.40522981475988,76.03283545409249,76.20362246438344,-101.59712715868955,75.95065926188954,73.81221997519424,65.80031986222912
2025-12-12 17:58:38.742222,Idle,26.349935758052197,19.17495194482126,21.838766969403878,23.75515574239762,12.499134115647394,20.705681430772074,21.38349644216578,14.950012346465883
2025-12-12 17:58:38.746223,Idle,-67.56227131778996,-76.0803211057837,-72.50075249773909,-74.6472612943844,118.64474153904484,-78.84248177215977,-76.4813549662731,-79.2211676752213
2025-12-12 17:58:38.750232,Idle,-44.65325085008408,-38.8224038444223,-32.978545299369216,-44.251412769828676,14.914859777383754,-48.44460329887579,-47.95660402921931,-48.549616753565715
2025-12-12 17:58:38.755226,Idle,48.639152121223105,60.104362041310196,66.91261346746069,51.182812850709524,-108.3370606187309,45.335834012249734,44.8465821330592,44.4136280535231
2025-12-12 17:58:38.759247,Idle,42.4527284671658,42.433423700578714,49.17706438367895,35.17960646180836,-21.88743962143235,27.514932319178115,29.583702382319643,30.260115007675267
2025-12-12 17:58:38.764205,Idle,-40.63886303239815,-45.88916483912817,-38.069167213770925,-52.420373792922874,114.39341340841747,-58.136172362228876,-54.37935893685881,-51.267464894159275
2025-12-12 17:58:38.768280,Idle,-33.92493363250787,-26.67665314716396,-17.43828639257481,-36.03966873799891,49.03438946717142,-37.445813866344,-36.068251614105066,-32.13121415833393
2025-12-12 17:58:38.771234,Idle,57.02569719905796,72.44810335258535,80.71604899188605,61.86577455516726,-92.86257010363624,61.43977768007696,60.80338654191473,63.43511271411626
2025-12-12 17:58:38.774239,Idle,64.3720626793297,68.93754665467986,74.43982514112759,61.23930503536212,-44.7265490960217,57.74715818758085,59.82646435170773,62.102005792234195
2025-12-12 17:58:38.778290,Idle,-25.40351553870505,-30.802962612975534,-26.43542696739314,-36.943956662418714,103.3187876574666,-42.11702048358325,-36.1593934086377,-32.26855261275523
2025-12-12 17:58:38.782372,Idle,-43.97315074635071,-40.88943487544657,-35.49618209367691,-50.11795849269947,74.18084471637485,-53.22949264083172,-47.285374977735046,-42.75204067200502
2025-12-12 17:58:38.787317,Idle,43.329196369817964,56.40459642431779,61.8544315021154,44.69172469210571,-77.18932127677544,43.32814459926681,47.78254606570408,50.42019309008083
2025-12-12 17:58:38.791333,Idle,69.97532121188806,75.52270018694071,78.88729827149655,66.44006406528752,-66.71287640259106,63.82041836906387,70.33800925471132,71.17314752610582
2025-12-12 17:58:38.795371,Idle,-21.306952271598675,-26.02883959153405,-24.179842207258844,-31.33306976073436,86.70494313500967,-35.303309100562274,-25.015795489191078,-23.76313225099875
2025-12-12 17:58:38.798373,Idle,-68.86492235300284,-65.90938475843814,-63.489512190803,-70.91655384524574,95.56129317703926,-74.23906770187205,-63.699736981438946,-61.687689163041796
2025-12-12 17:58:38.802375,Idle,8.683821694095514,24.55569116548213,27.380111936559842,19.36453775289101,-59.15587153482102,15.717155720562914,24.20810983494539,25.482346511719697
2025-12-12 17:58:38.806403,Idle,61.385586902695195,72.5818224169061,74.1536621667965,70.73398357364204,-92.10684885244427,63.71245355753945,73.2386533327217,74.24042300441124
2025-12-12 17:58:38.810387,Idle,-11.02488937375142,-12.435006313453414,-11.570818615269673,-11.0531691492547,54.13377189539278,-21.15050938289187,-8.025749862349585,-4.886848360506519
2025-12-12 17:58:38.815428,Idle,-70.61584045324184,-68.44266254988543,-65.98546429498492,-69.10099885188856,103.31632442142563,-78.99305376362463,-65.10129585076265,-59.643675022450225
2025-12-12 17:58:38.819427,Idle,0.4641167653599041,15.673499398867534,19.88693948640139,10.780391749897262,-37.06184599127846,1.6658817321804236,13.371379296194391,18.569212251810313
2025-12-12 17:58:38.822441,Idle,76.78269525505175,89.2109607500579,92.96259536945672,83.87999423453857,-103.0454016230824,73.03786533490529,84.87265280393694,88.76424729480277
2025-12-12 17:58:38.826430,Idle,20.02982234816818,17.452772498662853,19.998407477983164,13.495600208943415,30.9890886403482,1.0786632508797993,15.897105655887572,20.327979058232813
2025-12-12 17:58:38.830452,Idle,-65.46691278862795,-68.74649639896961,-65.730389559174,-75.49833616680348,115.4889644093355,-85.76360198245038,-70.44427538512991,-64.56032111242621
2025-12-12 17:58:38.834459,Idle,-27.639622342228563,-16.439983226875484,-12.353988305409985,-28.510585482737042,-9.327271103576095,-35.351598884026316,-23.145033344771946,-17.61504157598756
2025-12-12 17:58:38.838410,Idle,52.87322635296164,67.81667251790714,71.3402080128808,54.70650600120007,-114.70146487998409,48.00046631517034,58.9946785658849,63.14465137105981
2025-12-12 17:58:38.843474,Idle,18.39270918638806,21.839221141520284,24.37850172362232,11.685867864343436,-9.129479466984776,2.7304449809171274,16.802997291737483,21.57220306573072
2025-12-12 17:58:38.847493,Idle,-68.28155671675972,-66.9570336530387,-63.27038880996952,-77.03851178085938,106.13800927316242,-86.63372007381258,-70.01573845770827,-62.87698800664748
2025-12-12 17:58:38.850494,Idle,-41.601636739860226,-26.247780400455667,-20.405864081007167,-40.23680806097508,14.85753707350159,-49.126734900411975,-33.71380473964655,-25.51616973808632
2025-12-12 17:58:38.854513,Idle,54.73393237984823,75.72579789658448,81.49488741432924,60.18784180057497,-110.46202818433267,50.05397594855094,64.26511147826659,72.02025126288845
2025-12-12 17:58:38.858572,Idle,46.79227157313542,54.63842166108225,58.21618741011753,41.97627874859262,-33.08392696820192,29.396363583162383,45.341591334875375,53.995856337633086
2025-12-12 17:58:38.862530,Idle,-46.025961819559996,-47.088940196897966,-44.893880529934904,-57.82639323065449,103.56172719871574,-69.90862505638142,-53.163575245465836,-42.25629141630361
2025-12-12 17:58:38.866555,Idle,-48.26905028740488,-40.515721963375654,-38.478418948945546,-52.37312688486372,43.53713611592684,-61.06434913638077,-47.659035540102195,-36.6899981372153
2025-12-12 17:58:38.870559,Idle,43.10073642569023,56.71181845797673,57.42988655621593,45.87211146988,-102.4598807416537,38.909929194032884,48.98022057931348,56.82521460766202
2025-12-12 17:58:38.875557,Idle,53.70307742605263,54.964802744865665,52.98342633428092,49.515959484955374,-63.03356189063561,41.71480337658795,52.533258843365275,57.317351129585404
2025-12-12 17:58:38.878585,Idle,-40.76176752431371,-50.41926171516934,-53.8039604320993,-51.74543924069849,87.39613197294966,-58.812084120028885,-46.92297469983555,-43.33133875568092
2025-12-12 17:58:38.882593,Idle,-67.29845269338011,-67.93961936737196,-70.75075623321754,-69.96056244255169,68.43879181889224,-73.75680732440742,-65.24819403226115,-63.13260487044499
2025-12-12 17:58:38.886590,Idle,22.922152654646197,34.25110542140828,31.362966541364585,31.58304234362072,-81.58316626080841,29.170224152532683,33.015993585167735,32.104070000475986
2025-12-12 17:58:38.890676,Idle,64.39088159738526,69.4942763304407,64.7671256340409,70.22753883803853,-77.5298750905963,65.5150750492885,69.17283524991512,66.18217927699152
2025-12-12 17:58:38.894668,Idle,-14.25260133768893,-20.256118003061147,-26.143880559649915,-16.633932906174095,78.1132142991828,-23.257627789407707,-16.779274946002715,-19.014135484820144
2025-12-12 17:58:38.898612,Idle,-59.47394121126126,-59.43720554686979,-64.36610841260062,-58.30733604158354,97.89268963862332,-63.80237563908122,-56.92662050980584,-57.74435827837988
2025-12-12 17:58:38.903669,Idle,16.93511714147803,29.24731322801108,25.18908684018379,26.300273498574597,-54.72391816146978,21.911078311792153,27.174164824504487,26.12111335048212
2025-12-12 17:58:38.906665,Idle,71.10157992533391,78.53525877624088,73.53492264942497,75.42050925736703,-97.17516293981271,69.61045231907156,75.83504612816523,74.43945626909453
2025-12-12 17:58:38.909672,Idle,-2.9832380233365257,-9.205104002472126,-15.10715620641804,-11.382645102940387,45.23827307985562,-18.15653800761902,-9.14839335486181,-8.909872025569712
2025-12-12 17:58:38.914663,Idle,-72.40923633661214,-76.00255701414699,-81.0079863196338,-81.68322777087405,101.39472213946192,-86.04000075958356,-77.54560178016413,-75.35601657570214
2025-12-12 17:58:38.918681,Idle,-11.311495123555687,-0.771623367749271,-4.786176453253574,-11.9037813978357,-37.808626977923495,-13.258494323075865,-8.126015540393496,-6.046666418287259
2025-12-12 17:58:38.922650,Idle,64.29194196347976,74.78552142656417,70.04612848487636,62.78319608510901,-115.39525400147255,61.23660583813762,66.20092816033377,67.73695221789694
2025-12-12 17:58:38.926725,Idle,11.721786036772528,9.118475646705974,3.6432924620999074,-0.007474377967810142,10.901852023505342,-3.2145742562352098,5.8130414018536385,9.140217903692246
2025-12-12 17:58:38.931747,Idle,-73.5930104028821,-76.90628054857189,-81.08812445715125,-85.575520245397,102.15604749964362,-88.2777166347023,-76.81416664014762,-70.8849459284138
2025-12-12 17:58:38.934727,Idle,-36.332631115456934,-25.90691861214873,-28.450186010111793,-36.82470954490054,-15.36349807663008,-38.1999274514983,-28.317126669752042,-22.381130479902367
2025-12-12 17:58:38.937745,Idle,51.14549808992024,64.85461185202075,61.786521717436585,54.11899475447808,-125.03083328034597,51.3400600754303,60.425253118770286,64.5551417694569
2025-12-12 17:58:38.942796,Idle,26.353455626015602,27.89121232305024,23.57520521845663,19.88632039028198,-23.971974884345855,14.498421359834538,26.064382114446005,30.106804980331162
2025-12-12 17:58:38.946794,Idle,-60.81243593389172,-62.75260650668133,-65.8990905921998,-70.5280486976294,98.33679724844876,-75.32293582342936,-62.634692610080265,-56.94172903506069
2025-12-12 17:58:38.950796,Idle,-44.86947854246819,-34.03665959296927,-34.36321394336679,-44.035921284751566,14.240401443118685,-45.87251388052573,-36.21442194865915,-30.44074453076064
2025-12-12 17:58:38.954797,Idle,42.85685372862645,58.85728787415974,59.37458377616383,50.01627957942583,-117.35621452757778,48.50671938511732,55.88054490967352,59.3915712448877
2025-12-12 17:58:38.958834,Idle,31.832300051657512,34.38805596142038,33.16294754948953,30.796781193436345,-49.31768856117583,26.53563539888819,36.30608443879282,37.80027639458808
2025-12-12 17:58:38.962836,Idle,-66.55843569095532,-73.40157590217314,-76.33572544889194,-74.25343062320962,91.00569166970286,-79.7095112320203,-67.22886378923909,-66.6777911043373
2025-12-12 17:58:38.965825,Idle,-75.56223252588325,-73.11370385310715,-77.14771408324873,-76.29666904036367,40.504600124446824,-80.0343925954694,-69.59343250689085,-70.99072697044744
2025-12-12 17:58:38.969834,Idle,19.891169206880477,30.21961286861415,23.667337103307773,25.53616410167524,-106.31576455982531,22.63538793826592,29.19132827683279,24.651489539091017
2025-12-12 17:58:38.974882,Idle,45.044009654870024,44.8608873208309,34.73843372143233,43.115233090028596,-72.97224318985513,38.66341339860264,44.5518131250592,38.67290631728258
2025-12-12 17:58:38.978881,Idle,-39.26404064924964,-50.373518469323926,-61.78277020848668,-49.6985090114531,82.17476742149893,-54.82732236634365,-48.165726809947955,-52.4224783103773
2025-12-12 17:58:38.982822,Idle,-64.10465268460803,-67.20421255885822,-76.83887742894535,-68.57215408538832,74.3759656646821,-72.32274738705928,-67.65998712803366,-70.1432626979331
2025-12-12 17:58:38.985891,Idle,31.100792978400477,39.45982333839174,31.394311849757514,35.9759187380796,-76.19011683277313,32.03905532582212,34.12700224517812,31.730047644986485
2025-12-12 17:58:38.989872,Idle,83.59287923248257,85.44390519548074,77.01717102294651,84.02100848361079,-83.04304380773829,76.88179296050475,80.50493841405569,78.72862037849961
2025-12-12 17:58:38.993893,Idle,7.57244999951854,-2.4940218278711654,-10.717760400460975,-1.5970357783812688,70.44291091114383,-10.87667146480635,-3.765150163228327,-2.7056766221775774
2025-12-12 17:58:38.997911,Idle,-50.709875742360964,-55.35641967645006,-61.06729078171202,-56.44226254775185,99.26423278842822,-64.3204312515245,-57.43585570403843,-53.99957224710596
2025-12-12 17:58:39.002921,Idle,11.28329609369166,19.476878178622655,16.14997982204568,15.610475391446016,-51.27066347538357,9.059178190378589,13.064766891832505,15.802257659712694
2025-12-12 17:58:39.006877,Idle,64.30665008123697,68.58406820893003,65.20492694550308,66.12163517135832,-103.58129745215047,57.78680869957316,62.07348783195107,63.29432783170478
2025-12-12 17:58:39.010943,Idle,-4.203182255335378,-13.637072078464428,-17.71785354051258,-13.62187445236168,34.11868939611486,-23.694808187563467,-16.16053412813062,-13.92505236022529
2025-12-12 17:58:39.013893,Idle,-74.23139587447167,-81.62209636455358,-84.83708965581263,-83.77156210314342,98.14760614481338,-92.15559127627785,-84.18465043995138,-79.71101497177605
2025-12-12 17:58:39.019002,Idle,-15.967134700174938,-8.831613907612848,-11.233186790263062,-15.47342847683285,-35.54315190551188,-21.74629982130864,-16.65399772926048,-12.16815114318689
2025-12-12 17:58:39.022980,Idle,64.62786448659244,72.6683059879569,68.74383853387098,65.63109451813898,-118.63838776279954,57.86760683697685,62.54370739549813,65.10233454024132
2025-12-12 17:58:39.025992,Idle,19.35854078761031,14.04956028522465,7.993692445908891,9.769340306548656,4.1753953415332035,-0.5119631154248054,7.59683942468655,9.111723502093525
2025-12-12 17:58:39.030989,Idle,-67.76518444632165,-75.0632367096104,-80.77036776191017,-79.77191134838313,103.04307085221944,-88.85950415442858,-78.90868290447406,-77.40367787093646
2025-12-12 17:58:39.035019,Idle,-38.27866338273725,-32.28773849287688,-35.998853223774404,-40.60789433848413,-8.241282814805345,-46.154162028291466,-38.16965603697372,-37.635295954869775
2025-12-12 17:58:39.039024,Idle,45.5247652636931,55.24958953911084,52.08117787766014,46.33162639911734,-123.65447659501979,42.08897531925686,49.00017741482816,47.99524173657835
2025-12-12 17:58:39.042049,Idle,20.709556110722133,17.78888297306787,13.70718204066361,12.05788031986549,-28.873344134276067,7.28615192973848,16.3503986135006,15.37083792078738
2025-12-12 17:58:39.045993,Idle,-67.93947100032938,-75.91583047496829,-80.03852671914501,-80.6985129185041,98.9580166771666,-83.85301951716065,-74.17233785648068,-74.44952720971787
2025-12-12 17:58:39.050069,Idle,-50.947658051506096,-46.6632331192547,-50.27339286653569,-54.03735760171821,22.654877135951665,-53.81782116728391,-48.031300791598824,-50.14600015409599
2025-12-12 17:58:39.054056,Idle,46.30794978203494,57.29190826059801,52.34590358349806,50.06967891950853,-111.56486663240366,51.1156737825695,53.40103162210471,47.23876022396303
2025-12-12 17:58:39.058092,Idle,45.96802583072031,45.31779107593917,37.669920383057615,43.4504686042269,-47.864137918782035,42.50758948921066,46.137234945941145,37.924419910837855
2025-12-12 17:58:39.063071,Idle,-53.110687089554176,-62.4983257881247,-71.20702949739325,-59.828290269148056,99.71917644380164,-61.35467715955747,-55.24298546903856,-62.07903922164053
2025-12-12 17:58:39.067092,Idle,-71.02052316238905,-70.76499199955049,-78.62561000461847,-68.21557476005273,59.03411298761284,-68.08454873898972,-63.26605185118024,-68.72323584658454
2025-12-12 17:58:39.070108,Idle,22.213602497377906,31.045966556264716,23.089991167932567,33.18762394318719,-92.15893903486904,33.36699961369868,35.575982682533095,29.322894040533356
2025-12-12 17:58:39.074072,Idle,54.63408136177668,52.824141335388504,43.11316747708224,57.384256373859444,-70.83331434725551,55.11880819550697,57.80055939154522,50.8126952848736
2025-12-12 17:58:39.078121,Idle,-25.5244245735621,-39.80936637425566,-50.27146620493659,-34.5840134286791,84.14797233107629,-37.753145720834254,-33.79894260028345,-39.723870568981624
2025-12-12 17:58:39.082089,Idle,-55.707551852551205,-63.2041092373463,-72.30674334893502,-62.36452155790539,85.97968304276174,-63.59877682066235,-61.90428356570055,-66.92944873542262
2025-12-12 17:58:39.086141,Idle,32.518738118496,37.08688068628544,29.109099574921856,33.682155074275215,-64.8711378597227,32.949666072463515,31.47500068996328,25.835561068681955
2025-12-12 17:58:39.090170,Idle,81.84695667176175,81.12804029090466,72.7827816723377,78.73028524014126,-83.80266940499132,74.83974981219126,74.83622255566911,69.48717974413762
2025-12-12 17:58:39.095187,Idle,3.116371837103088,-9.444087956801638,-17.445464635444296,-9.342599427192908,64.88158410976166,-16.048284867656548,-11.625879691394402,-13.921864806805274
2025-12-12 17:58:39.098194,Idle,-55.42019815512231,-63.047749709920254,-68.55975381066787,-64.40697256863155,102.40406524366654,-70.24382026478816,-64.83716122296482,-63.83456837003109
2025-12-12 17:58:39.102204,Idle,17.742322054070883,23.36372318326903,20.282422337978232,19.35484386545022,-41.763925159227256,15.216296227068597,18.064440143039064,19.82126121406219
2025-12-12 17:58:39.106154,Idle,90.41715225472831,92.90020851539282,90.30124239745169,90.52696788194498,-97.84162478475491,85.37166672864532,87.95706264664136,89.57887908552061
2025-12-12 17:58:39.110213,Idle,31.678258780443002,20.071457783147594,17.837811440753512,21.214806089627245,38.94940328975554,14.364961644045252,19.982140483083413,23.319846536092086
2025-12-12 17:58:39.114231,Idle,-48.85431338688977,-59.60778518922518,-59.639909548478045,-59.300476987226375,111.6796158107336,-64.97099687147238,-58.402095986903305,-52.91035466435466
2025-12-12 17:58:39.118236,Idle,-10.034205335990464,-6.659650770710982,-4.502212547994532,-10.399064642901521,-18.107267685254556,-13.263620085288949,-9.72662827739282,-4.560499363063855
2025-12-12 17:58:39.123322,Idle,58.65971949981122,63.32615543154668,65.19550206427334,58.48062545305129,-111.9071223533515,56.99281840838694,57.8865343206794,61.44828353834225
2025-12-12 17:58:39.126259,Idle,11.216603024282904,2.4140160613054604,2.985339525890822,-0.6996513112469529,-1.2270209347352647,-1.2256729904520398,-0.6140491279893467,3.4245060912154486
2025-12-12 17:58:39.130284,Idle,-74.29977843799588,-85.37219059319023,-84.10463705273355,-89.33482596684712,97.21338027598767,-87.00798565790501,-87.88926652011719,-81.67164054766539
2025-12-12 17:58:39.134235,Idle,-38.30001557247988,-34.70668922463415,-31.229836525165297,-41.761357712514155,-10.722309612835033,-36.98551050206197,-41.46874609915653,-34.45355550002603
2025-12-12 17:58:39.138285,Idle,58.72814070653021,68.96690904779666,73.38255784032674,62.75486058177546,-129.27872162225594,65.86428115422063,60.52731494001682,66.73472253106127
2025-12-12 17:58:39.142304,Idle,43.84765036095814,43.34021521143495,47.189048896462396,42.58445696587603,-36.122532569997475,41.96937113407398,40.17445443165889,46.26939683479634
2025-12-12 17:58:39.146329,Idle,-48.66227035154225,-54.68181867716248,-50.901437765162086,-51.80991060138638,100.73107163614623,-52.91983155283117,-52.55201281639211,-46.10890878301427
2025-12-12 17:58:39.151334,Idle,-43.80961100722243,-39.01619760136214,-34.970967338560285,-36.730584834971694,32.824161812650345,-35.08886081696983,-37.72694052624547,-33.188947154013306
2025-12-12 17:58:39.154344,Idle,46.64483462183989,56.993928432307484,59.536093794071746,59.48440798995961,-107.81601626606607,62.41147999261241,56.25002372078711,56.77738860608804
2025-12-12 17:58:39.157366,Idle,48.14124940120473,45.64724395830194,45.49549054269323,51.20615680973147,-56.03767484909167,52.93366855634535,47.452006284142726,45.58397719185291
2025-12-12 17:58:39.162354,Idle,-47.4547812470214,-59.85815480342512,-60.726643919148046,-53.57107208956825,92.10539263029023,-51.67403169857681,-55.671169989012924,-56.885066590444126
2025-12-12 17:58:39.166399,Idle,-62.61756389143329,-64.81706274755584,-63.89361087408605,-62.545521035421714,60.294342969178615,-58.17743392469754,-64.63835784652804,-65.14635867771807
2025-12-12 17:58:39.170390,Idle,36.47763032690227,45.88310353404995,48.20184408216352,45.38814905325239,-90.64841765875872,50.45510080317172,40.52539570246074,38.93407949993099
2025-12-12 17:58:39.174405,Idle,73.12463915200169,75.47723335281034,77.60299995037846,77.73953659701777,-76.11904250095995,80.34191453634662,71.15656048387632,69.21008198993724
2025-12-12 17:58:39.177423,Idle,-17.452035339246777,-25.449516606982343,-22.957630737273867,-19.969830734109678,80.00819575381047,-18.76461800676998,-25.02205066994543,-24.79409481154073
2025-12-12 17:58:39.181437,Idle,-71.68315151350316,-71.75539280717908,-67.49253156523085,-67.93941084518508,89.08166638325247,-64.97318070915571,-71.18889841094449,-69.02824505857711
2025-12-12 17:58:39.185437,Idle,-0.9661165114889627,12.478850677488026,17.457531291186196,13.355548256331076,-64.15006217648579,17.225393808055742,9.640648379105983,10.889228502269077
2025-12-12 17:58:39.190407,Idle,50.02292798786175,59.22560750535581,62.57605849548237,61.22186616819374,-93.86123146497857,62.57873705820384,56.94002221367748,56.56997376887722
2025-12-12 17:58:39.194451,Idle,-18.44128520733375,-21.96736303409557,-20.157405896834007,-17.531516393049174,53.63794418263706,-18.1697595289088,-20.257828595055457,-20.13354496902366
2025-12-12 17:58:39.198514,Idle,-71.71608206664496,-72.41510192627402,-70.19665056444944,-69.35164741306266,102.22152704335167,-68.08033163993787,-70.57487079382474,-69.19636843280045
2025-12-12 17:58:39.202506,Idle,3.049358642657353,14.271321518937384,16.93599416592457,14.632971594072046,-36.22040446846586,18.38099343030899,12.502505972731342,13.619043006341315
2025-12-12 17:58:39.206491,Idle,78.5897489342683,86.19827386972634,87.48645603409233,87.97393982808103,-98.17902387282675,90.78278139869008,84.74802299502213,85.42499106807219
2025-12-12 17:58:39.209510,Idle,21.403822821286667,13.979611421543723,13.940271719332998,19.21820478419363,36.47169012982704,20.09665116368342,17.47797972502096,19.47716017732438
2025-12-12 17:58:39.213510,Idle,-58.47346035783448,-66.19292016544796,-65.20625650878873,-61.4732327789045,118.51271181469338,-59.52366281792274,-61.221266713524415,-58.09440709942413
2025-12-12 17:58:39.218460,Idle,-10.420114729767647,-3.846870460851733,-0.8446466175795422,-2.5803991185739505,-4.557707108046088,1.5703143642613213,-3.066337423897437,-1.80270596537747
2025-12-12 17:58:39.222536,Idle,78.92491913034974,88.0958747853997,91.68200121627092,89.06502677142248,-102.47594047135681,92.50441601554121,86.82638722216966,84.89820271800897
2025-12-12 17:58:39.226545,Idle,48.66127272474887,44.76123141410153,48.21430007224967,48.53922722341076,8.005100224531816,49.82935815786914,47.14333072889374,44.48722802455137
2025-12-12 17:58:39.230564,Idle,-39.61670274465132,-47.413286811980015,-43.05643842670884,-43.36279071924446,120.3375545824997,-41.319187788996715,-42.59150886993618,-43.75211479600972
2025-12-12 17:58:39.233559,Idle,-22.666347335534283,-18.616418005938158,-13.616274121970946,-17.040870561867905,23.586447957208748,-12.139531235839968,-16.801295703504024,-17.71548491584724
2025-12-12 17:58:39.237584,Idle,56.73213439728943,64.38478550056197,67.60215752355305,66.6105808428822,-103.8269639975365,72.03144455044367,64.12293847409444,61.75167604222497
2025-12-12 17:58:39.241601,Idle,32.35763944883183,26.41584627032944,27.07958384332295,33.273349078107685,-27.731525801260887,36.76123673693928,30.03465780473644,27.55005739373337
2025-12-12 17:58:39.245659,Idle,-68.84835145649913,-81.72367887284281,-80.8966284443994,-72.52764308616156,104.7277018024829,-69.5424071519219,-73.98526570413512,-74.69528352729458
2025-12-12 17:58:39.250660,Idle,-71.65186923695137,-71.98763694223817,-68.70492730876242,-65.08899484377093,41.1833204773061,-60.80040867923253,-65.70797837567181,-65.97002298999985
2025-12-12 17:58:39.254645,Idle,23.131665724381946,32.81068828311891,37.27401905467602,38.25584361160986,-103.66830323485738,42.08402036136067,36.78129215410257,34.61606359878624
2025-12-12 17:58:39.258652,Idle,39.50671651519224,40.47227342910128,44.15116166896661,48.169024282707596,-62.83595604989159,49.63920561982832,47.3124551293883,44.13183631169386
2025-12-12 17:58:39.261676,Idle,-49.1380723190282,-56.60949956737113,-52.883791141711754,-48.04956666010139,83.3192755025666,-46.44693239515436,-46.08676520973819,-47.63321160223404
2025-12-12 17:58:39.265647,Idle,-74.0469955034614,-71.56506194892609,-66.16079424653239,-66.86396033526444,57.99924568384404,-61.63686180016339,-63.38836136415773,-63.31512195587379
2025-12-12 17:58:39.269667,Idle,12.650369837921062,26.70392809200075,32.82466087524293,27.84913866651891,-93.00032097786243,35.405526362482306,30.02849640978434,29.740698679910793
2025-12-12 17:58:39.273730,Idle,49.741608518366775,56.78130755471011,61.6261644815132,59.15382283878739,-86.55127602406583,65.12613233435422,60.28105686650355,59.8126364700629
2025-12-12 17:58:39.278689,Idle,-29.220518928654656,-33.58583970068139,-29.51672933478372,-29.075540249440564,67.11512238214345,-25.099958522412635,-27.107260756388513,-25.82093178588434
2025-12-12 17:58:39.282701,Idle,-71.27969054913319,-69.45884467588394,-64.24928438257129,-66.45030814578854,82.00786997098567,-62.11640517325304,-64.54447106387158,-61.87682482618766
2025-12-12 17:58:39.286724,Idle,6.734074213087752,21.0546568234613,27.12923055543979,22.207957738898358,-69.07454901253232,26.762747918785863,21.684073135679057,23.28460995008436
2025-12-12 17:58:39.289722,Idle,59.71529530007774,69.6414343562069,74.75034267060494,73.1611561485579,-102.50730168286827,75.77216616689475,71.14848572584987,71.50409095104033
2025-12-12 17:58:39.293734,Idle,-13.788120545495985,-16.63367366454122,-12.267823045798707,-9.801363775357231,46.627601791505185,-8.404784470822051,-10.116050963512961,-8.769535048870011
2025-12-12 17:58:39.297753,Idle,-78.66984981210999,-78.19096311447993,-72.65655139756541,-72.6816304896945,102.42592776920856,-69.3820023103417,-71.31090802573922,-69.13597721816768
2025-12-12 17:58:39.301750,Idle,-13.081623871777538,1.5075246719970892,8.049027421449466,3.25575389988353,-36.82049077066358,8.554472430030728,3.0845972422018235,2.551308454846776
2025-12-12 17:58:39.305727,Idle,63.962537835042895,78.19930050010271,83.4893585982091,79.62999570161332,-107.80244134853001,83.93145888307663,77.07496935141835,72.05681351331646
2025-12-12 17:58:39.310783,Idle,12.82172474157187,14.063276180238518,17.74568008015359,17.52865319159173,26.396240171136924,20.66082156540324,15.530919977990337,8.563209946439656
2025-12-12 17:58:39.314817,Idle,-67.72954228715003,-67.0145454414569,-62.675082337037,-64.59788920242681,118.9873808074849,-58.931451387637935,-64.29245144408723,-70.43144532234874
2025-12-12 17:58:39.317812,Idle,-26.209495264645284,-12.624935272377115,-6.740789628539062,-13.312270895259644,-2.2561803623461856,-3.737957545905374,-12.478764339015214,-17.94982218043856
2025-12-12 17:58:39.321835,Idle,55.43818619843364,69.94815441590345,75.3988926222533,69.97319464889006,-114.82402712922476,80.05793774818994,70.01943103819146,64.7260295837657
2025-12-12 17:58:39.325847,Idle,11.775485595594091,11.363291599819604,15.193633629172098,15.290584286934063,-15.740010619369059,23.20775181728277,15.900010057392883,12.34532186651495
2025-12-12 17:58:39.329885,Idle,-94.25077626070288,-99.664759120496,-95.81027151764198,-95.39221727420181,102.8459885587722,-88.47338150954965,-94.08781012788532,-94.87872500968274
2025-12-12 17:58:39.333855,Idle,-78.87466916015183,-71.24856012754663,-66.04042463285987,-70.97847532295827,15.183124154302732,-64.48051872112956,-72.20107156228647,-72.01235717407803
2025-12-12 17:58:39.338872,Idle,30.395530384051654,44.66246312306521,49.95362993129086,43.320293347706865,-116.70091545049081,46.65269785068449,37.662714740181144,37.0716214713982
2025-12-12 17:58:39.342892,Idle,48.946619931399255,51.83472905248664,56.12652910451578,53.49906057951375,-46.879581073002555,52.46643840762226,46.40093342819957,46.24912197638537
2025-12-12 17:58:39.345903,Idle,-31.040680686075802,-35.215312158235065,-30.331900229440038,-31.751955861331226,95.51978904422685,-33.12854513864659,-36.43955056763845,-34.48238657863021
2025-12-12 17:58:39.349906,Idle,-43.62978681797932,-36.52691524689044,-29.44241364452415,-35.2803949931581,48.12853236618321,-32.79619837228711,-37.659166617511175,-35.08342838813519
2025-12-12 17:58:39.353911,Idle,32.215446362439906,48.290125765350695,56.30460335291082,48.34021145951829,-96.9428213524252,53.26546416459132,46.42459870792152,47.00863937391887
2025-12-12 17:58:39.357947,Idle,39.98446185337568,46.24537608532228,53.53053133521331,49.027179060658455,-69.47579582679919,52.460245079822926,48.23920844774295,47.50813238270666
2025-12-12 17:58:39.361927,Idle,-49.92184152701424,-53.44058462033399,-45.54701682928297,-48.92105610996305,73.00908184895343,-47.17106401291494,-46.96073820673149,-45.9953592907716
2025-12-12 17:58:39.366954,Idle,-78.35868008475364,-72.61224018809162,-61.97906809744549,-70.90962397589738,57.464364613606904,-68.4683726170133,-67.36281819857965,-63.9226758968523
2025-12-12 17:58:39.370955,Idle,5.206400708402043,22.56056821330276,34.88895769817748,21.47367366416256,-88.69315178122952,24.3917697746092,24.443325416995037,28.68721265273416
2025-12-12 17:58:39.373975,Idle,46.907240713727106,56.472186787110786,67.61173591206804,56.968240491217784,-88.67044718359557,58.48669028080985,60.37621916388218,64.94923638776072
2025-12-12 17:58:39.377976,Idle,-23.260028680891764,-27.153595573618986,-17.878955315903056,-24.569982196057936,61.26182151653484,-23.284516265353886,-18.193933287615664,-12.4301188502086
2025-12-12 17:58:39.382008,Idle,-61.233227334773574,-60.22987106382652,-51.580418390928926,-59.83676940171472,81.2034248179898,-55.822662700324145,-51.39138162668485,-45.38855007285588
2025-12-12 17:58:39.386002,Idle,16.50916053371793,30.89040899927977,38.73059077785505,28.066595613512618,-67.12374456640259,34.086039686590084,35.122606975117264,39.069155933249704
2025-12-12 17:58:39.389964,Idle,71.34227628981262,82.51903881829276,88.19169040036766,80.73875064005006,-104.51587985807123,84.87543150376769,85.67677323975443,87.6906340190244
2025-12-12 17:58:39.394041,Idle,2.4715169342730405,-0.0906356393797978,4.195497837291143,1.1580622690053133,44.30351883988078,2.406292167306674,6.270082433488483,8.694623000103547
2025-12-12 17:58:39.398041,Idle,-58.01650533828297,-59.84864444096411,-54.26410496356351,-58.861146209539584,106.09825729947352,-57.57588201341969,-53.02404154278713,-50.024494140184515
2025-12-12 17:58:39.401026,Idle,11.569746246614159,21.916252520858507,29.489207922261443,20.90010191153533,-32.95795912092217,23.797714609818286,25.528132730033008,26.34827765603177
2025-12-12 17:58:39.406050,Idle,88.97394499533902,98.25261988675447,105.87154772162472,98.45742570849234,-112.78405516945577,101.51979272551944,101.80870355187972,99.24662708131541
2025-12-12 17:58:39.410087,Idle,26.824686847909106,22.53333803551095,29.316572049669617,25.57040501960546,17.596797937968063,28.8173587770616,30.116598230900536,26.249395645434788
2025-12-12 17:58:39.414071,Idle,-74.13621229304954,-79.5013679370968,-72.20003676440558,-77.6077337823067,117.33796629156416,-71.38074204895929,-71.72947310694258,-75.52069226053936
2025-12-12 17:58:39.418101,Idle,-45.55280351581678,-37.64012586497802,-29.51068086732539,-39.82126577930694,0.036428243080138145,-30.200425198656376,-36.20182351470487,-41.413900550263634
2025-12-12 17:58:39.422098,Idle,44.85925747098645,54.90646055530078,61.897314505866234,51.90540808364631,-119.71309234443459,60.78912682509872,51.273364614751586,44.01274182884595
2025-12-12 17:58:39.426104,Idle,24.707552942270013,20.50701611393015,25.510801990432128,20.02275381779691,-24.09928928510979,25.077351767789878,17.779976829887346,11.409393804202864
2025-12-12 17:58:39.429058,Idle,-64.26961753965406,-73.60991388620778,-68.60899029378447,-74.3716533001134,105.55317191957236,-71.27088614650893,-75.32290450903372,-78.02035512955126
2025-12-12 17:58:39.433142,Idle,-49.282084319807836,-45.268796334492436,-38.86596457383416,-49.947520279235505,28.302142211416538,-46.348842360985145,-50.39363501468699,-50.6360284380969
2025-12-12 17:58:39.438151,Idle,47.68308485655689,59.50173635127567,65.63081274083015,53.50145644905979,-110.10280505190372,56.3670323106071,51.994792583505614,51.654219471319266
2025-12-12 17:58:39.442153,Idle,48.686320566617724,49.77781070272977,53.86323494534031,46.879362505817426,-53.52561453552573,47.61503437398642,45.62932549198035,45.501497657209256
2025-12-12 17:58:39.446151,Idle,-48.99264089256576,-55.43124496997552,-52.12545737563141,-56.93792603309521,86.4752595899613,-55.926929488272435,-56.20984929644385,-54.44164463901143
2025-12-12 17:58:39.450128,Idle,-67.01253403831925,-62.44287415808594,-57.85824993597407,-67.32854850738613,43.05943589736535,-63.376354804069706,-66.09414696108024,-63.033647320844466
2025-12-12 17:58:39.453181,Idle,23.70921464374078,37.87983719773729,43.37553945312993,30.116396530794646,-105.02946476218608,35.279743381941444,29.71310397503362,32.474639928441775
2025-12-12 17:58:39.457197,Idle,52.939725195758,57.47410717579214,62.798215493482985,51.03846559852809,-81.97378824247312,54.13687167026728,50.23769145655683,53.69168268362455
2025-12-12 17:58:39.463217,Idle,-29.436613606769242,-36.042752852711146,-29.649209058027736,-41.14138574948902,67.81223091639276,-39.60731436101196,-39.98719508070542,-33.63466645906692
2025-12-12 17:58:39.466220,Idle,-64.35524277031345,-63.58618856767998,-54.28137803110758,-70.69264715114787,63.09478251523751,-68.0983368549987,-68.7331413462581,-60.239364455510895
2025-12-12 17:58:39.470226,Idle,13.363667250168874,24.692630239315804,35.863207224962935,16.59995463546238,-87.09679602745155,19.660589001890912,16.268518975517964,23.90214726748809
2025-12-12 17:58:39.474189,Idle,53.02632164664465,56.05872355627798,66.37880938234821,51.81282371011275,-100.75771937321633,52.47353993623983,49.13792507125822,55.093615069572934
2025-12-12 17:58:39.478259,Idle,-23.862146468482024,-35.07203022521617,-26.15810599659153,-35.33192968399271,47.65485810143764,-36.74434509132334,-37.778759787053104,-31.980932526324068
2025-12-12 17:58:39.481256,Idle,-69.44535115495637,-76.36204730051963,-67.56416934454364,-77.96734986608953,78.35997890145381,-78.16629364996334,-79.64697319205777,-74.23667273313504
2025-12-12 17:58:39.485221,Idle,16.91968820398688,23.592379673908454,31.97567606782195,18.693211984966183,-68.53317064510475,20.64385042408867,16.146186601850104,18.686607408917098
2025-12-12 17:58:39.489290,Idle,97.20871590597744,101.02835910914723,107.2854755655535,96.97893466652295,-117.20009807328051,99.5467348733946,94.07496671477497,93.07593179181958
2025-12-12 17:58:39.493298,Idle,43.835513438851194,33.81440470835605,38.31317276546088,32.857032317280755,29.956630375874738,37.26241981649946,32.29123990484891,29.964383095575158
2025-12-12 17:58:39.498316,Idle,-31.76705159777157,-40.70129853261483,-35.58784027746697,-41.94290701626687,107.85834406705999,-31.78350914719158,-40.32131690698634,-42.77329707770696
2025-12-12 17:58:39.502315,Idle,8.976846618958007,13.50630951865628,19.5734430499233,10.277003788113689,-19.415215520168204,26.444591846040566,10.205785756004616,6.1139837651517155
2025-12-12 17:58:39.506283,Idle,77.36222866317985,81.07043666793675,85.7025292049384,80.16119580352643,-107.63393536479452,97.55881924472124,76.27823173872707,69.71004473357516
2025-12-12 17:58:39.510332,Idle,32.08349597411325,19.461531720505036,21.683342701703623,24.028453119599362,10.137639499264878,39.29532333347379,18.464336274802918,11.257033221924303
2025-12-12 17:58:39.514358,Idle,-49.6190543571538,-67.53339730702783,-65.74300544432026,-61.20167168237731,113.55208307874727,-46.71812441333532,-66.46977602138008,-72.93651244392186
2025-12-12 17:58:39.518382,Idle,-15.32608192578482,-22.197111984738513,-19.66909484878488,-18.403718882325848,10.351593425901228,-3.1734531234087626,-24.29229363808554,-31.40885299210504
2025-12-12 17:58:39.521363,Idle,74.84636380705706,70.44624747534294,72.09163307337712,73.81993351760138,-102.63327953600037,88.5335368334745,67.01554282051029,58.07353240199336
2025-12-12 17:58:39.525383,Idle,58.2496363735936,39.87471686898448,39.59503884676815,46.81519156740433,-9.640575625255224,60.598129700398204,41.48421137289597,32.49041441288318
2025-12-12 17:58:39.529414,Idle,-27.745689859271806,-52.55101152678071,-53.08968781427939,-43.4416845077094,116.9417750902885,-27.926933953254775,-46.21223163920217,-53.37912183330991
2025-12-12 17:58:39.533394,Idle,-19.370456834543802,-32.43564561764606,-32.043099356567836,-24.73003548737779,38.27600362865542,-5.9797419569458725,-27.597719262935925,-34.26604546545332
2025-12-12 17:58:39.537360,Idle,62.16652291845821,55.803188648038486,55.392781260256015,63.26206546287358,-101.04340710667202,82.48488050399646,58.14399076339873,49.826856216701344
2025-12-12 17:58:39.542415,Idle,51.3681334054927,32.46589156247887,29.50953993328767,42.86816658293537,-40.521633614955135,59.623384024887855,37.365174649488154,28.078203387130543
2025-12-12 17:58:39.546442,Idle,-41.90505908737032,-71.57805205732166,-75.90084680796099,-59.790251090621496,107.80747777039505,-44.43969737761472,-63.38724265442261,-71.89971094716793
2025-12-12 17:58:39.549440,Idle,-39.8567977802395,-61.42181830589698,-65.353157893549,-51.950628433620295,65.99173072687518,-36.27822735757945,-55.13085760662125,-63.49696775761504
2025-12-12 17:58:39.553437,Idle,70.17657125893311,57.6424118723412,53.27588715475031,66.28366379666295,-88.84812383962162,80.1899696034834,60.99383684771101,51.53142340652403
2025-12-12 17:58:39.557467,Idle,97.60066494862258,76.49488193355137,70.13355924820826,88.85393987760472,-63.68656423341781,98.31436719100384,82.46901431742435,73.6770459878444
2025-12-12 17:58:39.561483,Idle,-8.037718473795394,-39.41607010654252,-46.85508040005152,-23.988048747289213,104.0705568397334,-17.10565533904628,-28.951135463778883,-34.29360281847357
2025-12-12 17:58:39.565500,Idle,-60.10758142072882,-83.33584648974283,-90.17658241079153,-69.90990591107129,110.4283204622534,-62.07069627218698,-74.34708834252126,-77.21094271225093
2025-12-12 17:58:39.569491,Idle,28.683465829748457,17.833407934924253,10.482484135280174,28.292166666209596,-54.56595485562502,36.22424071732894,21.50173361713621,17.52992743602499
2025-12-12 17:58:39.574520,Idle,90.22709897723325,73.45432621635109,63.213291758289415,84.74240833116801,-87.56903804004651,89.17020963750292,76.07812077709707,70.28015556404034
2025-12-12 17:58:39.577535,Idle,10.798890735220994,-18.91242604485751,-31.581652166067215,-6.337326375950397,70.30525217421564,-5.4138961333701445,-13.665413384401973,-18.73282218032955
2025-12-12 17:58:39.581557,Idle,-63.541837182467134,-88.96707967800648,-101.5914946222183,-79.36071321425698,129.71102143364806,-78.75101741859362,-85.03956403343011,-88.58858400988447
2025-12-12 17:58:39.585553,Idle,2.47910648213292,-9.311817429188523,-21.77880087890844,-3.52490943322573,-11.314100960051292,-2.9192642774869455,-10.587597746402594,-14.942102151201198
2025-12-12 17:58:39.589577,Idle,89.43029304929587,75.66774087811564,61.18863629809675,82.54323262579965,-86.68379173439462,80.29831627033764,73.2050753286452,67.0492480871053
2025-12-12 17:58:39.593576,Idle,46.46338337596353,20.213274762360015,3.707465397723354,30.583801375770236,39.32301935432952,25.484527525797603,21.750295624483556,16.05228128267163
2025-12-12 17:58:39.597526,Idle,-38.70578515062698,-61.949601441173854,-77.68776591370624,-52.11988226530502,127.80945024068205,-56.522758334643186,-58.92417092860126,-62.653249191095256
2025-12-12 17:58:39.602650,Idle,-12.230807070414812,-18.99730352293227,-32.81461671399484,-12.527922079739255,18.405544990861017,-15.529621946743646,-19.35573975629501,-22.987230092507616
2025-12-12 17:58:39.605638,Idle,64.91033661429537,60.61777944939786,46.65119242866058,67.32248301049094,-77.26974242350116,61.89827839232021,59.0177728568886,53.48615622793477
2025-12-12 17:58:39.609656,Idle,43.42698088734505,24.883513576552104,9.538528937571755,35.103095019709144,17.44047814872465,25.626545900971905,27.204284021949434,20.686425082002188
2025-12-12 17:58:39.613665,Idle,-33.409646537314984,-55.88958270805642,-70.67023841154696,-45.24679100180492,113.25854534410428,-54.73522822821815,-50.93160606142479,-56.95414250953445
2025-12-12 17:58:39.617645,Idle,-20.766663511196384,-29.746174449003774,-42.27921603697905,-22.36331385420044,20.81534571555312,-28.05017982821755,-26.85350853632579,-33.09251299382731
2025-12-12 17:58:39.621590,Idle,50.765469882486286,47.32881067208382,35.73229397718205,53.96207449924441,-85.68457674206184,50.6008998636662,49.57216034642903,42.315514274738234
2025-12-12 17:58:39.625665,Idle,40.99546308659046,24.60225424681221,12.392758070544005,34.398652437193505,0.8785661716301547,30.448271707262393,31.164886503489342,24.518911398148248
2025-12-12 17:58:39.629679,Idle,-25.341465693152713,-49.56418586721611,-61.41714224982388,-38.783396389476366,120.97411365497283,-42.68621929625533,-40.52249622384865,-44.95223727031225
2025-12-12 17:58:39.632673,Idle,-7.805465301997174,-20.836908748855876,-31.12044259151662,-13.716505626290655,43.48617620153891,-15.780260177387845,-16.249830017697306,-19.7946393352795
2025-12-12 17:58:39.637688,Idle,69.13964308118739,65.44276221542714,55.666134356531984,69.80046489455344,-93.28784526258823,68.41964951411956,65.32853201011653,60.89387559223496
2025-12-12 17:58:39.641669,Idle,50.32590094737316,38.10170142755578,27.730856616028177,43.946833726006844,-33.219130992834835,41.3389680944515,40.38450792173623,36.33577085767956
2025-12-12 17:58:39.645695,Idle,-49.888405495099505,-70.10521359976292,-79.69667801836295,-62.91203823184833,113.43919165192165,-65.59836725531045,-62.840872471779335,-64.31954611904803
2025-12-12 17:58:39.649669,Idle,-54.84169695877608,-65.12008795461998,-72.44353965684058,-59.71203675639299,66.727519920747,-60.58307724145675,-57.91526205440937,-57.80550982462091
2025-12-12 17:58:39.653753,Idle,49.84422867952526,50.67406436535339,44.225415479551884,55.541484381301416,-98.36669861062182,55.03695244732762,55.598143127587264,54.546998649999296
2025-12-12 17:58:39.657750,Idle,77.44817959389911,71.10614067156257,63.286270715105275,79.62533559647682,-80.10090207054964,77.03994609807648,78.19821935143523,75.7124520442012
2025-12-12 17:58:39.660756,Idle,-22.671407222198468,-39.87984457798211,-48.78148481305652,-28.7358544116139,93.55729868664457,-32.159108899655905,-29.494234712815114,-31.957352590063692
2025-12-12 17:58:39.664758,Idle,-68.63024455366758,-78.91258935527003,-87.50541809868264,-70.89775103430134,110.61463683773945,-72.37944979284589,-72.06418753620335,-75.26271073704993
2025-12-12 17:58:39.669773,Idle,23.328104019296006,26.021163292145957,16.853833956034578,29.300491676503498,-54.37930984956256,28.492150466970998,24.885815757726277,18.856816243353933
2025-12-12 17:58:39.673737,Idle,85.28484577893869,84.19260838560922,72.52679882701159,86.74267630627571,-96.55121512251026,82.63200367223044,79.9550211562389,72.0743890924382
2025-12-12 17:58:39.677809,Idle,5.899659161268573,-6.7051054557077805,-20.085455829406783,-3.346894066434743,57.284907836474304,-11.212027567987207,-8.684420317619697,-14.9029955181486
2025-12-12 17:58:39.681772,Idle,-66.18275974534299,-74.20064543744002,-86.49397241366023,-73.3216623920357,120.29619559465755,-81.76755005462155,-76.11582449929074,-79.73372856022615
2025-12-12 17:58:39.685831,Idle,2.4926084144508422,8.498236087555597,-1.8902234176839556,6.180505754861372,-18.668681186885806,-1.7400253368386984,3.972285884454095,0.5987418614613489
2025-12-12 17:58:39.689836,Idle,86.44184900488563,90.50173161539715,80.68478658059394,89.43647957944631,-93.87185813752149,80.30771862475422,87.83732050175217,83.97322976077248
2025-12-12 17:58:39.692853,Idle,36.29491048674208,25.68670315524514,16.484330285287797,27.877543548059634,36.319756247085024,17.944065380820575,29.30650283072987,27.610410889843934
2025-12-12 17:58:39.697857,Idle,-47.656397371426465,-59.43371584979377,-66.38400271946193,-58.17425602058813,125.37011817060375,-65.84794734415118,-54.20166535347903,-52.028228198486886
2025-12-12 17:58:39.701852,Idle,-8.301690067278287,-7.047046459166722,-12.127579056006653,-9.877722389549717,2.3048899613095273,-15.04913646170371,-7.574459626112002,-3.3489588424654357
2025-12-12 17:58:39.705830,Idle,73.48690837187405,76.3935533558465,70.46485941836363,72.2664270849109,-105.63332488332162,65.84437880447786,71.19526320023351,75.66434823703457
2025-12-12 17:58:39.709903,Idle,33.20831089197054,22.826934617709867,15.2750467810165,19.997668857451572,4.3043446095289255,10.565392276392231,19.074450470602642,24.74510516186615
2025-12-12 17:58:39.712909,Idle,-62.25872599995273,-75.66383614718097,-82.39650197327683,-79.91842968389301,130.11647407686905,-89.46005612156296,-77.62148398818545,-70.14870226170342
2025-12-12 17:58:39.716916,Idle,-31.28591012583638,-31.040950841036647,-35.69072439948468,-38.90706137829784,37.958489214943256,-46.43061867234337,-35.08387017119867,-28.314676854613936
2025-12-12 17:58:39.720921,Idle,82.94119693637367,88.68361952674832,83.80104839568048,81.09297195734462,-102.86870336931497,73.39194013201086,83.986545155351,87.92606024243332
2025-12-12 17:58:39.724949,Idle,79.6394466233005,73.1888282512864,66.03668788235336,69.8005125742443,-30.400583283349988,60.180801982869525,73.05594921951206,76.11957228880101
2025-12-12 17:58:39.730978,Idle,-38.79545321366504,-51.05969999195804,-59.1210777867127,-53.380028617486005,128.31612900686014,-62.399827421004375,-47.752070766381166,-42.6346646768925
2025-12-12 17:58:39.733977,Idle,-66.64737599351542,-65.58098932647681,-72.92229516382577,-71.91513658123677,91.00802640143593,-78.3240471079007,-65.74106416412178,-59.36081374519745
2025-12-12 17:58:39.737963,Idle,42.96545186698677,53.551230195949756,45.5496056943266,44.78160898820988,-68.33837917231085,38.11992700650808,48.50650465201443,53.50196847197367
2025-12-12 17:58:39.740989,Idle,100.98319725548481,101.14522818955083,91.03561143576917,94.9952600122333,-66.25746528283071,85.22007796010985,97.39468288713806,101.41417168794169
2025-12-12 17:58:39.744931,Idle,12.93046660202856,4.094928011331831,-5.949580538648661,0.0876744832185068,75.7029615626243,-9.97387097740284,4.6830262727162335,10.415595272979772
2025-12-12 17:58:39.748998,Idle,-77.12267445706087,-73.91828687922498,-81.031082423724,-80.12765801620117,94.47192937981072,-86.05058069030565,-73.36655228374639,-66.0388174817299
2025-12-12 17:58:39.753024,Idle,-50.70513206107182,-33.71146491759373,-39.1988956464229,-41.16189420529463,-24.88116927248393,-44.280237752072935,-36.087909762084564,-30.76829747114698
2025-12-12 17:58:39.758028,Idle,10.95619005542926,19.81823837684351,12.290023840090726,16.8063987515161,-51.23701623285706,11.226084866519159,17.6296716379411,18.514614159314988
2025-12-12 17:58:39.762033,Idle,10.610433455339944,4.94687812608845,-4.94084335289881,6.7497342811702765,42.59284766680503,-2.3063563216219336,4.102253169869073,1.7991892389463828
2025-12-12 17:58:39.765997,Idle,-12.679463143801513,-12.090046097557206,-21.070319446534995,-12.063249524510866,53.93092793916276,-20.156647032596084,-16.567665246358956,-19.435321310843847
2025-12-12 17:58:39.769000,Idle,-11.930548455803546,5.425952926882019,-1.0914591635118995,0.12005523595144041,-31.511357134148966,-4.357538757263683,-5.164824854391554,-6.878273908115261
2025-12-12 17:58:39.773072,Idle,-25.291811985799086,-10.282989666749017,-16.634935463061993,-16.84371238240874,-16.358361750075346,-20.29474253686749,-21.566092411101636,-21.39416260829603
2025-12-12 17:58:39.777075,Idle,-46.80452604174798,-50.25095871479334,-58.91451858435357,-54.257201368901406,88.89395694887298,-59.66139095888684,-57.68621154297125,-56.18322092534163
2025-12-12 17:58:39.781107,Idle,4.619795952563436,-4.707848725806798,-15.402839410415254,-8.565550244350561,54.15322368933039,-15.32906983045359,-11.874826771979315,-11.006884803565299
2025-12-12 17:58:39.785113,Idle,91.69577897238287,93.04255206744347,81.84404366678609,86.07974047030257,-102.01217520970613,79.91988631817003,82.36435238747436,81.73629040557944
2025-12-12 17:58:39.790059,Idle,51.29651624779035,56.40432665396111,45.49423827988903,48.03663600595428,-83.68980462601849,43.11401507212031,46.76812739044817,47.09290419371837
