timestamp,label,FC3,C3,CP3,Cz,FCz,FC4,C4,CP4
2025-12-12 20:47:59.025057,Right,2130.976339639395,2323.481179223425,2360.0543305453225,2214.388902798113,1819.4113481237466,1837.3160907451288,2166.2720884575856,2475.2781437483404
2025-12-12 20:47:59.042133,Right,11476.761040732537,12511.587506345775,12707.508337152609,11924.094103324744,9798.759018864494,9893.50625886274,11664.721018365219,13329.503610774682
2025-12-12 20:47:59.045121,Right,26299.096462100282,28662.67681954943,29107.546976432528,27316.6366195055,22449.460777488865,22665.10333036604,26722.00208221618,30538.33179447125
2025-12-12 20:47:59.049116,Right,32901.75447054009,35838.892016554586,36385.16036804779,34155.705097794904,28060.50734896044,28342.53871571056,33412.73208839113,38188.034431044995
2025-12-12 20:47:59.053144,Right,22338.83734134319,24293.469072472813,24643.895073090855,23153.12319730722,18980.162201390114,19221.770762342312,22652.609170809264,25890.893077717046
2025-12-12 20:47:59.056154,Right,2689.201664069202,2848.4815309643745,2850.681209751434,2717.5212465782242,2136.9023192223976,2275.4149174203194,2664.6024512737786,3042.1165754428075
2025-12-12 20:47:59.060102,Right,-12111.876592875109,-13294.964913528733,-13551.438983982312,-12664.95741074084,-10511.1870710683,-10486.218811058963,-12385.563314841304,-14159.835167262703
2025-12-12 20:47:59.064192,Right,-15869.738632343826,-17384.209434439952,-17703.51049609098,-16561.07659781055,-13669.941660305602,-13726.516622257594,-16202.795977093221,-18515.569820876874
2025-12-12 20:47:59.068209,Right,-11360.411735822388,-12453.040859181783,-12688.611212291056,-11862.438148601854,-9776.146091094473,-9834.642854913545,-11608.065752889204,-13259.895216006029
2025-12-12 20:47:59.073182,Right,-4874.197181507945,-5369.604552053264,-5487.348855872173,-5112.613401612616,-4241.268147328345,-4233.243195620074,-5001.446400547167,-5715.933495166362
2025-12-12 20:47:59.077165,Right,-1327.7720535635017,-1500.4039212188218,-1555.232773692347,-1425.0607282225974,-1225.2659955777926,-1170.7071658506175,-1392.1680440952769,-1599.219189972966
2025-12-12 20:47:59.081225,Right,-2068.315572509542,-2310.3094501233427,-2379.4214230293874,-2196.9914990017423,-1840.4393746472197,-1812.8439821796492,-2149.6836426375667,-2463.5637178312754
2025-12-12 20:47:59.084231,Right,-5031.019106163061,-5539.43920479191,-5659.467193403747,-5275.188745584572,-4350.618808151223,-4369.557132049114,-5161.985112000373,-5901.054990844452
2025-12-12 20:47:59.088243,Right,-6920.0868962340755,-7592.033632100327,-7741.132623177371,-7231.398390177055,-5972.265123623889,-5991.155378950061,-7072.753105959506,-8086.661290587974
2025-12-12 20:47:59.092257,Right,-6151.988229392213,-6746.580243126722,-6878.912227564491,-6424.441640001838,-5324.084894488449,-5319.78691816295,-6281.8545119309565,-7187.2315465477295
2025-12-12 20:47:59.096250,Right,-4031.1755278421333,-4428.815384818474,-4522.971883986262,-4215.091802896466,-3487.6834134790115,-3490.169905296294,-4123.466028768453,-4716.9728030852275
2025-12-12 20:47:59.101303,Right,-2941.6366793456255,-3236.382392842439,-3309.788370963186,-3080.540029431926,-2530.5744664102094,-2553.8620537089882,-3015.7332327963086,-3443.488850164693
2025-12-12 20:47:59.105298,Right,-3610.9570757289184,-3961.421805877937,-4042.3668978287606,-3774.208450707956,-3114.545249438961,-3129.2394816079177,-3692.1381583829643,-4216.64890195569
2025-12-12 20:47:59.109390,Right,-4598.551883553271,-5035.025247192709,-5128.5670792758465,-4798.660233767587,-3980.7083859549602,-3976.462087309803,-4692.670319619356,-5365.264268615982
2025-12-12 20:47:59.112366,Right,-4378.952310302411,-4793.770520858932,-4879.5130299037555,-4568.861708810786,-3777.017058692989,-3787.1790038733743,-4470.735490243998,-5109.6568949871
2025-12-12 20:47:59.116346,Right,-3225.2686599680455,-3532.005300560966,-3592.2166964176577,-3366.872026163037,-2756.6748727611266,-2793.401397397858,-3297.487491966225,-3761.0127144339494
2025-12-12 20:47:59.120305,Right,-2599.94171616144,-2843.6351325216237,-2885.366104913526,-2711.7397464835085,-2222.586229810724,-2248.6148004087154,-2654.3767633112147,-3025.160957323853
2025-12-12 20:47:59.124364,Right,-3101.504315666971,-3385.3595791627886,-3429.611703105853,-3228.371821963694,-2675.707560759969,-2673.439751331811,-3157.5556221827865,-3606.584081857698
2025-12-12 20:47:59.128380,Right,-3748.5888088473585,-4089.1494394427864,-4142.536493097432,-3899.2077949360246,-3222.983017854276,-3232.1677076956257,-3817.373533225036,-4361.141972190235
2025-12-12 20:47:59.133344,Right,-3416.8484547870466,-3725.4814889903646,-3772.67590926087,-3553.2645243947627,-2905.8990097148344,-2952.630144393421,-3483.7978009183425,-3972.369867547648
2025-12-12 20:47:59.137319,Right,-2375.118515412556,-2584.796878692927,-2611.861800759216,-2466.375878860359,-2008.6165663887514,-2053.6162209387403,-2418.699215653236,-2752.897693752311
2025-12-12 20:47:59.140340,Right,-1864.5744626426604,-2023.328834506101,-2038.8053663868923,-1929.5446480211103,-1597.309200766962,-1603.1924237393541,-1886.968176325434,-2152.968761381693
2025-12-12 20:47:59.144393,Right,-2375.8952746724244,-2578.808506473317,-2602.1786950370297,-2456.362014602637,-2037.4020807471825,-2035.9050064550247,-2399.274104462238,-2743.452399192378
2025-12-12 20:47:59.148411,Right,-3001.5684412178816,-3258.8001664184267,-3292.835419370793,-3103.871360711986,-2539.024265715503,-2574.5756802456453,-3033.885917045176,-3463.5275812880136
2025-12-12 20:47:59.152446,Right,-2709.164103279938,-2934.3761241477914,-2961.5212080690544,-2796.4235412270064,-2270.6566995247267,-2321.435536604724,-2732.420809443691,-3114.230653372826
2025-12-12 20:47:59.156424,Right,-1749.1316978615941,-1881.5832357604522,-1889.5240992050385,-1794.2792769895168,-1468.672502016183,-1488.583085446502,-1749.1862354582408,-1994.793489103904
2025-12-12 20:47:59.160442,Right,-1271.8995064580813,-1359.256165518309,-1358.2056991785066,-1295.5951531095197,-1071.5984043114586,-1075.1641953897197,-1262.2303424275015,-1442.98078423657
2025-12-12 20:47:59.165456,Right,-1729.8005448561162,-1858.8968098680489,-1866.1387488329783,-1770.407175008906,-1439.7381013977574,-1474.2404127338668,-1731.476981983753,-1975.8205231158063
2025-12-12 20:47:59.168451,Right,-2293.125210341881,-2471.1798938384745,-2486.7711816545343,-2353.9377586604096,-1903.834805642371,-1962.0908094815677,-2304.1608586892253,-2626.260689348448
2025-12-12 20:47:59.172459,Right,-2040.6451249452075,-2192.1243418387603,-2200.617378077586,-2089.26450786693,-1705.5101570552215,-1739.9952572251204,-2042.6151856285287,-2331.3951416553464
2025-12-12 20:47:59.176471,Right,-1211.8793274223572,-1287.00412598392,-1280.1865220650798,-1228.6956457990455,-1013.1499204894062,-1022.5110788738821,-1199.8239297516411,-1373.381751982728
2025-12-12 20:47:59.180420,Right,-805.9483714360977,-845.3940933530685,-832.3296927770134,-810.7947259303182,-648.9494153324049,-676.8263876703568,-793.9153921989491,-906.6896162990015
2025-12-12 20:47:59.184491,Right,-1180.0337308989838,-1253.271352241747,-1245.8310472579906,-1202.651297788485,-951.1020266751293,-1003.5626514054602,-1178.2630131095648,-1341.8842875534901
2025-12-12 20:47:59.188498,Right,-1624.994145098608,-1736.9278634315124,-1733.9781425819965,-1664.9463292286964,-1347.3003755005775,-1384.2289908236125,-1627.0968092880212,-1859.6133997516008
2025-12-12 20:47:59.193522,Right,-1409.1410598866642,-1501.33820257755,-1492.4297243454494,-1439.5798525859136,-1180.944675086299,-1194.1696941206465,-1404.426843474037,-1612.492525739246
2025-12-12 20:47:59.196501,Right,-750.323594850488,-784.132678820868,-764.1948702974478,-755.0686420912389,-600.2415493377484,-629.2685026432155,-736.8766359360889,-847.5675644464791
2025-12-12 20:47:59.200476,Right,-428.04004907631315,-432.18438855477143,-406.9447131805355,-419.8693891380681,-300.17570152616827,-356.69172241922934,-409.75290533085354,-466.56848575070035
2025-12-12 20:47:59.204537,Right,-701.4332083804766,-727.6465489438269,-705.4029421776067,-701.464720368851,-546.2260236718575,-591.0427402221248,-680.9406658351654,-777.1367276522797
2025-12-12 20:47:59.208547,Right,-1035.2159168036887,-1090.033798225806,-1071.7975296466611,-1045.0986985593336,-857.4689626592444,-874.0055239679641,-1013.4618354298873,-1163.7261456018314
2025-12-12 20:47:59.212565,Right,-885.6426899940707,-927.3883812722052,-906.3540865947725,-887.8765106574865,-719.9492488836986,-745.6004031141638,-862.2144148185616,-990.3000822009053
2025-12-12 20:47:59.216565,Right,-393.46570533083286,-390.1764160634484,-360.1438015761087,-375.4143377401051,-269.6909200064838,-325.3115858142264,-365.3900247095153,-414.48907163273543
2025-12-12 20:47:59.220515,Right,-116.78467956982786,-85.59673803148326,-48.86039772134973,-86.28950445872033,-35.5266935559921,-85.81263720308198,-82.65939581795828,-88.61147718067514
2025-12-12 20:47:59.223586,Right,-277.96269578067586,-258.93392836954445,-224.26281811133958,-252.761524464353,-199.86767115537077,-220.2381754067028,-243.62282278120983,-277.2233279129141
2025-12-12 20:47:59.228602,Right,-531.327229614195,-535.1347288608667,-507.2873339232756,-517.3268254438299,-415.20221352914814,-439.7531351719517,-504.1013290193514,-575.2319667154807
2025-12-12 20:47:59.232609,Right,-464.2725074242335,-461.9804121600464,-435.7496853665798,-449.6167032077792,-329.5166037554154,-388.30581443500705,-440.87489338818705,-495.8750290601747
2025-12-12 20:47:59.236624,Right,-116.44708644232014,-80.86524756537983,-48.3155366104329,-87.86322263051989,-28.420320741919568,-90.1329404944263,-85.56471814250108,-86.74114305118565
2025-12-12 20:47:59.240578,Right,123.75788913288852,182.3590457160608,220.96022997493856,163.970125381893,150.02231586436392,121.72089935230906,164.73669553210493,193.88023500802228
2025-12-12 20:47:59.244643,Right,45.34831942690653,95.66414785850793,132.9734139716311,84.15669508613064,76.3062115428911,56.29866980112274,86.53199022173067,101.31537358427886
2025-12-12 20:47:59.247641,Right,-137.46562747081043,-104.72500735669746,-71.76788129290799,-104.58276735883555,-53.57186690153321,-104.48381491424516,-101.67733910831157,-109.23420331499074
2025-12-12 20:47:59.251718,Right,-101.98090190644143,-64.45347276990651,-30.556661894748686,-65.20465725674876,-12.70583467920369,-74.3481675805524,-63.76852495933417,-64.06209527849569
2025-12-12 20:47:59.255689,Right,158.24136529234238,220.59064143319847,260.05615103150194,207.62280969004496,185.18816739217436,154.90036496406537,205.59124582957884,236.0328447506181
2025-12-12 20:47:59.260689,Right,360.0211124685593,438.0030899909325,479.85991260863375,416.55282396076655,344.69980501879036,330.57459760720667,409.2400440896163,461.5447887932096
2025-12-12 20:47:59.264693,Right,329.78576460047043,400.9751199404709,439.82678133415175,382.0099312557795,343.4403442324019,299.29779721460363,370.86349118468206,420.312699153641
2025-12-12 20:47:59.268666,Right,209.53220603528825,269.26430758544564,305.60844304992315,255.47832408138217,260.0554332602078,192.35549841915054,245.2190427540787,281.3863525111676
2025-12-12 20:47:59.272723,Right,221.82086220650126,284.8007076413487,322.91713069262914,268.927137792758,252.75078176919487,207.37665927563285,260.93398372752563,296.12495256021066
2025-12-12 20:47:59.275731,Right,372.3220699112935,449.06166727255913,489.95415376490564,425.0290486855811,363.1388803025038,341.25417699186073,414.2628163946356,466.43245546838443
2025-12-12 20:47:59.279751,Right,496.44342028014944,582.1455572134291,623.4599999542261,551.6923329560814,485.15968335137586,444.8269504974305,534.4228652924794,606.9511373093264
2025-12-12 20:47:59.283761,Right,511.7979584999266,597.9034417636867,639.0139912370942,566.2043725423282,515.5345793559682,453.6603568030987,546.9177216541138,626.7859758449486
2025-12-12 20:47:59.288707,Right,486.8823541525635,571.4967356091947,613.9195208217425,541.2761798118008,475.76351915622945,434.88715757711907,526.6233915924095,600.7314530351723
2025-12-12 20:47:59.292770,Right,494.5907088909007,579.2223646487109,622.8076327696035,550.2460413887165,458.8556558623095,446.33266702320543,539.6472969401511,609.1081746432756
2025-12-12 20:47:59.296807,Right,530.5658658100583,616.0552687981981,659.2587168796454,586.6353178581921,503.4009928040032,476.0822128453874,574.9407896628836,651.4043473475031
2025-12-12 20:47:59.300849,Right,579.779905341391,668.9232101109228,712.5620598956011,636.3953516280744,570.6202325944032,515.0689813748177,622.9536042916006,714.0615218759631
2025-12-12 20:47:59.303819,Right,646.9139196079923,743.3314665327198,789.6311444602907,705.8881446049782,617.0831943806843,575.2798931715661,694.2045427169651,796.6809993802453
2025-12-12 20:47:59.307815,Right,697.521658011945,798.0310669731116,845.8310959336231,757.693290437921,631.9565904082265,623.546470860776,747.9896844751202,853.3163131222827
2025-12-12 20:47:59.311888,Right,675.7928076130338,771.2737990625901,816.531258292729,732.5245954695274,617.7905840253225,603.4241654580692,721.767217192566,824.0979343150975
2025-12-12 20:47:59.315861,Right,617.4452545938548,706.1221129275509,747.7527321527596,669.7572641846491,594.587803957751,548.5857498733676,658.2610696936608,757.8113700447138
2025-12-12 20:47:59.320851,Right,641.3637514040456,734.1651981720352,775.3189373357454,695.0477894601063,613.6217449413962,570.6258818593342,685.9778195613762,789.1878648091806
2025-12-12 20:47:59.324904,Right,772.3696734554251,878.4343147707987,920.8912910760846,831.9794804297853,699.9107490015449,689.2246628612047,824.4324593819911,939.0819498109631
2025-12-12 20:47:59.328901,Right,869.8096955726505,982.1662272127578,1023.2655402054079,931.1429053571774,782.5609918876435,773.2111585232196,920.8967382379342,1045.556565233157
2025-12-12 20:47:59.331898,Right,818.3554326621233,922.3078671671683,959.2574208227452,873.8421523497673,764.1458719784277,723.0194817861775,861.3596071096836,982.3367678876966
2025-12-12 20:47:59.335924,Right,711.5980363681447,804.6272711838828,838.5881357194157,760.9749455291312,675.5742141722585,629.3618909714278,750.9745113293175,858.1873767842771
2025-12-12 20:47:59.339925,Right,729.67816334276,824.2181091372622,857.7553198337555,780.0078181570861,665.0261199306697,649.5725464447751,771.820977550582,876.1096094468376
2025-12-12 20:47:59.343956,Right,875.9606902298983,981.8945833443431,1014.9916290508118,931.8023128869245,785.2488603647798,777.3423090848955,918.4439637602773,1040.7793210528325
2025-12-12 20:47:59.349957,Right,967.4931763168424,1079.3879172538873,1110.4147679720772,1025.982616710593,891.6550294022309,852.0174595270073,1005.5477678811876,1146.4541104946984
2025-12-12 20:47:59.352959,Right,894.9907490400365,999.7893487944966,1028.2854307497619,951.0370470517082,840.4750316003338,787.9753325817874,930.7967998172389,1065.165984484367
2025-12-12 20:47:59.356974,Right,772.4425516737392,865.4956563019659,891.8010117611848,824.9978777449578,709.3789177694125,686.8059871640289,809.8008578122826,921.1291496398626
2025-12-12 20:47:59.360003,Right,775.0027968724025,864.8320243046619,888.8398591201985,827.2642967103748,696.1390067189932,690.7646519445116,811.432476568385,917.5712589098839
2025-12-12 20:47:59.364004,Right,906.7670048560249,1004.61163846415,1026.612600002205,962.2968559924047,831.443350021611,798.8945259143366,939.0491816528374,1068.122135088197
2025-12-12 20:47:59.368015,Right,1004.1546853114851,1110.566249595955,1131.1624597264454,1063.083717313013,931.7938658681232,878.6547437323024,1035.643276848481,1184.8067269398598
2025-12-12 20:47:59.372022,Right,948.0257575961296,1051.5635910573183,1069.2114058276638,1006.0174741331721,862.1883675917052,833.2578502119286,982.0212221731199,1120.370196802658
2025-12-12 20:47:59.376117,Right,812.2964002966182,903.3793860976584,914.8479714384302,864.3786036475794,723.8729738033144,718.8675813019508,843.9175456601661,956.3192277632188
2025-12-12 20:47:59.381033,Right,774.9544878981542,859.1868321518414,864.5023521024268,821.5299610502552,706.0705375353573,681.8345302400412,798.6633221498923,906.739909885684
2025-12-12 20:47:59.385052,Right,896.0136310519883,987.6784514831379,991.4969410692574,942.5478279623203,827.0120511235436,780.0955579165602,916.0035717473365,1047.0275435395306
2025-12-12 20:47:59.387998,Right,1028.5273566073738,1129.5950714775827,1134.8131975483848,1077.0153308635345,920.899906642735,894.580072147306,1051.7586692210753,1201.5411721654236
2025-12-12 20:47:59.392053,Right,993.8451099147787,1088.0390035153832,1091.0737811455037,1038.1078094962286,864.0995550190564,866.1484944568947,1017.1635270983679,1157.925037196721
2025-12-12 20:47:59.396088,Right,824.3459913759725,898.7205670699477,894.9783936819294,858.3858286417089,728.557156264782,714.7727535339072,839.6567998768296,957.9992387450766
2025-12-12 20:47:59.400084,Right,742.8339980404126,807.8941963319667,799.2695694215363,770.9895812964533,680.8247945898911,636.9777900734916,752.1054052585969,864.3174737499794
2025-12-12 20:47:59.404108,Right,865.471004833933,942.3504395231139,934.2766620749608,897.5518335885135,772.0935172684258,741.6619815245504,878.197779614944,1006.3384438192006
2025-12-12 20:47:59.409111,Right,1025.6399012093898,1116.3820955778938,1109.0620877427282,1062.7458658160176,877.3708413876593,882.0506507829996,1042.223435227177,1185.7537146337563
2025-12-12 20:47:59.412100,Right,994.846936288639,1079.3711655937368,1067.661859238171,1027.6089335208526,852.3718669158407,852.2361029664753,1005.4156002793461,1143.6042394946562
2025-12-12 20:47:59.416126,Right,809.2648954950273,874.3203607928008,856.2573065405013,832.0157724492019,718.350381303113,685.8140529480297,810.6609037332237,929.8056715340354
2025-12-12 20:47:59.420126,Right,723.3045014581876,780.7545955597889,760.5720686902059,742.6396783356322,640.9714196511777,611.8673038390698,724.6158144928049,835.3560518274317
2025-12-12 20:47:59.424148,Right,844.0094120920403,912.1915205613477,893.3303943027277,868.6326125198975,713.8375069506001,721.7000885488233,851.0888343295082,974.4385590236634
2025-12-12 20:47:59.428094,Right,981.6660562067991,1058.9878704693401,1038.9974366024835,1009.6415067986818,825.5619719247334,841.5309405769221,987.8908746649977,1126.7714411634952
2025-12-12 20:47:59.432158,Right,934.1715221320046,1003.345831438317,978.5535802148515,956.9871049240464,807.6271199896,796.26115218841,932.8714657052187,1065.8941353796981
2025-12-12 20:47:59.437175,Right,775.3788205679739,828.8918811194599,800.3538826557342,791.1578956664307,674.2283092854777,659.2790528192418,770.9780372449895,879.4200392528437
2025-12-12 20:47:59.440192,Right,728.3995097022271,777.070026280242,748.5197211543564,743.8661382074933,607.3698148321128,624.8034876578022,727.3906559760217,821.1694991260301
2025-12-12 20:47:59.444199,Right,837.8280127951875,893.7847560289083,866.3819539791439,858.2117546009831,693.6460580814164,721.6931306394981,837.61536577472,943.0085051369388
2025-12-12 20:47:59.448198,Right,926.9663283244008,988.2841395253781,960.5601380327716,950.0592126753181,795.688708024798,794.3401807219489,922.2235308291856,1045.7690493681002
2025-12-12 20:47:59.452226,Right,865.7013776721433,921.660283850506,892.6329684025841,886.4861238660524,753.4058997932589,739.4301429784391,858.4594293705886,977.9212255084421
2025-12-12 20:47:59.456272,Right,736.872052664985,782.5158059230307,752.2119485746371,753.630102562136,616.1703815953806,632.6651460200083,731.6576497302158,828.1471165416297
2025-12-12 20:47:59.460279,Right,695.0840170893352,736.092884623562,704.7544332346879,709.7127246913733,562.3072390037123,599.0130587657914,690.152984222048,775.1952605531551
2025-12-12 20:47:59.465228,Right,761.2033445034176,806.3744714045897,775.3441657533403,776.3894720242824,638.1596491646487,650.9247412704863,753.3351799210068,851.6798800544348
2025-12-12 20:47:59.468349,Right,824.5268271372188,876.0812083443161,847.6808320404962,841.5061595329316,707.484767651651,700.4469387226272,817.168513908051,931.7498147294391
2025-12-12 20:47:59.471359,Right,797.187770985649,848.4523062538356,823.0115626886254,814.3351993721444,661.5760181762744,678.5969544133404,794.5329031114234,905.0196003478486
2025-12-12 20:47:59.475365,Right,705.9433873036178,748.980551112094,723.9990355691407,719.793332796311,560.6453179952223,602.6162038911134,703.5282726008445,797.5242059885059
2025-12-12 20:47:59.480352,Right,644.8356137216324,680.6988825041335,655.0768386176787,654.5733942058869,523.556318775285,547.1660129807424,636.017439964111,724.826707808068
2025-12-12 20:47:59.484366,Right,667.2508771861903,705.6433103552554,682.5186632927507,676.9955615967046,563.8654180639423,564.0137295400491,655.2620936441235,754.4002054336015
2025-12-12 20:47:59.488312,Right,726.1047496525571,772.4884907418163,755.1192311604973,739.7102519009495,598.968880411936,619.4996873633936,718.954145348398,826.7569513854105
2025-12-12 20:47:59.492412,Right,725.679549760418,772.9357689854223,759.8674103700323,740.6499293091474,573.385640898603,625.2268270669738,721.9865795181831,825.8499731346965
2025-12-12 20:47:59.496387,Right,641.5222226131009,679.7240009322995,667.5605416070903,652.3012610354926,511.43709319480695,551.3479971819324,633.0578832991887,728.1184302624315
2025-12-12 20:47:59.499403,Right,560.6888493883889,591.7161487059202,580.9963029791834,567.1308174633887,466.71394269610755,476.983302717912,547.3543007265544,639.8698528705863
2025-12-12 20:47:59.503416,Right,567.9559925089125,602.4699488354381,596.5572744356468,575.2020094653126,463.445347307832,484.15481860144064,557.8585174621549,654.1791600231081
2025-12-12 20:47:59.508381,Right,624.24124345358,665.2670611687936,664.2830827654107,633.9278836976737,482.2369442532072,536.1411294777645,618.6586356408661,718.2457042590249
2025-12-12 20:47:59.512492,Right,621.5444423009176,660.2247834551381,660.6728210155852,629.1032271655276,480.5725662136683,530.5350042604841,612.1729233467486,710.1688233312452
2025-12-12 20:47:59.516470,Right,542.4402446290478,571.9001026089536,572.3878187534865,545.0177554349648,436.6441061658552,454.3345090644434,525.7782799857669,617.6818534061313
2025-12-12 20:47:59.520477,Right,482.48877929034643,507.27361058141105,509.98138663789723,484.0352121174801,382.8087759820046,400.2205791170709,465.3215804877691,549.9903854063014
2025-12-12 20:47:59.524506,Right,501.74777718423866,529.3048643749207,534.6511834539706,506.9700745554874,372.5631784541765,420.60059335292317,488.5723004519241,569.3794394601136
2025-12-12 20:47:59.527519,Right,539.5744419657858,569.4371816054918,573.5280921027297,547.1131974820746,404.7164322992321,454.1098232661607,525.4206179056782,606.6149868832435
2025-12-12 20:47:59.531508,Right,519.2529775761068,546.2576272297883,545.6448353007436,524.6688773434144,417.406516349758,432.9804941701004,500.3127826836426,580.2668585259235
2025-12-12 20:47:59.536514,Right,462.2623677790398,485.1698888699757,480.54916910326574,464.4268688929733,376.8278114646673,383.71296318189707,443.5819421723718,515.103130760137
2025-12-12 20:47:59.540524,Right,433.8180491019739,454.4261062941514,447.30862030980643,434.1729851968121,326.79050213249866,363.8219055805821,419.5409616488032,479.65577438508626
2025-12-12 20:47:59.544546,Right,433.97621042164974,451.41672711633146,440.77292967482936,432.3275667713024,317.7033964014845,365.0112070919713,419.2025251407176,474.17831740214024
2025-12-12 20:47:59.548556,Right,419.7224976910511,432.2444972307421,417.5206646716688,415.6356256790459,331.7475432336796,348.9464014127152,400.2249818723649,456.7216971217422
2025-12-12 20:47:59.552553,Right,392.0069543537684,401.9462611207273,386.1407244618749,388.3663205791963,322.9379563664552,326.3639214694267,373.61225385358557,429.4450276392745
2025-12-12 20:47:59.555579,Right,381.15902590123005,391.7042581811547,377.87550287588965,381.2128551341593,293.18436574505176,326.50933252309915,370.25430264195893,419.35435464733746
2025-12-12 20:47:59.559546,Right,375.79557821853086,384.61483479035087,371.8673804658465,377.74603457853664,276.03555737051647,328.7240597642958,367.6726522871759,410.18552813795395
2025-12-12 20:47:59.563616,Right,344.0995634186547,346.48025275894906,332.69116832583677,343.2439691448817,272.25402336160187,298.6056913486682,330.4285935005173,371.5321189346723
2025-12-12 20:47:59.568622,Right,305.1522723232629,302.0623771583196,287.99651471036486,300.39927509473637,257.13961318403017,260.45522406848613,286.9784016427584,328.58066005876753
2025-12-12 20:47:59.572644,Right,302.38572612788994,298.9322718306212,286.0238405148266,296.15769420191646,234.4205509602325,259.43434563546907,285.6471718826797,325.74421806389
2025-12-12 20:47:59.576603,Right,318.5967282310594,315.19090085173957,301.4624593134504,311.16401692992076,226.71367441077018,275.59818953450304,301.90259676764254,339.94761843886226
2025-12-12 20:47:59.579605,Right,295.309803010663,287.1258881026879,269.36939422867727,284.20176154212095,222.76656131475465,252.41599296079949,273.23058114934247,309.48141913011204
2025-12-12 20:47:59.583670,Right,235.18750933604315,220.99755374656525,199.73537595162634,220.55354779050685,192.68447360169375,197.67665247013792,210.4324361216277,241.75606763130054
2025-12-12 20:47:59.587616,Right,206.10116219508927,191.09738019516226,169.4219297254458,191.8412577821873,151.88231240742607,176.14332225860562,186.81178966152947,210.48717602388933
2025-12-12 20:47:59.591707,Right,230.1481268859934,218.10311620053835,196.17061987158377,218.1847272515297,146.61193991202163,200.28946660843212,216.10318232199643,236.7969415251864
2025-12-12 20:47:59.595699,Right,244.40115583431907,232.7854099876713,207.37088662816677,232.0189825441921,169.82468543737195,207.1771349697956,227.2070926866727,252.03679834550712
2025-12-12 20:47:59.600725,Right,201.20604722946882,186.57932721439283,156.12983090174384,186.07628268375993,159.20249863155186,161.33539255405776,178.45226862316485,205.1032620073529
2025-12-12 20:47:59.604748,Right,142.1925133136101,125.5258191335015,91.82476138882339,126.19750903558452,99.6127968429355,109.80835221568123,120.1054652746534,138.75536165677477
2025-12-12 20:47:59.607750,Right,130.76434172864538,114.68479157902766,79.14405027322937,116.56398720829748,59.39896899636369,105.04148646857357,111.40722084342269,119.930118265911
2025-12-12 20:47:59.611729,Right,160.3801179669681,145.18829614680726,107.43862052552868,147.6517460871255,86.19672155380249,130.66423689411022,137.756532742118,145.61649271124043
2025-12-12 20:47:59.615785,Right,175.98668971384177,160.86321210314054,121.78625153115718,163.3675491552567,127.44348436553264,139.0759377076174,147.8397844589199,161.1811063369969
2025-12-12 20:47:59.619778,Right,151.74874622566858,136.19186309172073,98.41537620732561,139.25628241698723,108.31702049437445,117.10400624398608,124.13401362934383,136.04403331817593
2025-12-12 20:47:59.624776,Right,105.69719696242828,87.77800424699672,51.950331708125304,92.88272321945988,42.42719410563586,80.80263275891775,81.66091449686792,83.65129774081288
2025-12-12 20:47:59.628786,Right,65.23590573488036,42.554231909045484,6.762000614020508,50.09560660459101,3.7064692166168243,45.23485864349641,39.44855257921154,35.328483719495125
2025-12-12 20:47:59.632814,Right,51.909799346118234,26.30509552633157,-9.591754654538818,34.23167756065959,16.97206816531252,28.492006367072463,21.73664428543998,21.545069955463987
2025-12-12 20:47:59.635794,Right,71.67287525715074,48.317192859598435,15.017611130781006,54.44473359163385,37.46109642286319,45.11685908451909,43.59190468781162,48.11915080464678
2025-12-12 20:47:59.639808,Right,92.74451061891159,71.96913096541539,41.925522155710496,77.34153537225211,27.066353043250274,69.47867445362499,71.226895636064,71.67445543495705
2025-12-12 20:47:59.643852,Right,67.58089887083042,42.874748221889604,12.653780584456399,50.73583017796045,-3.6223552820738405,50.64240185491508,46.841137532377616,38.3638736763387
2025-12-12 20:47:59.647797,Right,4.625516587228049,-27.296998290810734,-60.0595816654386,-16.166846819454804,-28.262700031598797,-8.111053763714153,-20.744628179527353,-33.45715066941921
2025-12-12 20:47:59.651805,Right,-26.543265230662655,-59.2427451441763,-92.16679026128259,-47.84643475257326,-36.929130589123815,-37.98599061882123,-51.305761623953,-62.35364630242111
2025-12-12 20:47:59.656875,Right,0.44470358919352293,-26.237316923215985,-56.51675566181075,-16.916417099593673,-34.85446285380749,-11.405881884420523,-17.234730217431206,-26.68739802087657
2025-12-12 20:47:59.659915,Right,14.914629803155549,-9.46177037927555,-38.56763871994917,-0.46253290318418294,-38.97727317796671,2.5945035713084508,0.028552902513183653,-11.628563222941011
2025-12-12 20:47:59.663893,Right,-43.11179053335218,-73.47090152016608,-103.93088714213809,-62.01629723870428,-68.79553309644689,-53.09109209073358,-62.68848274493939,-79.46790871967096
2025-12-12 20:47:59.667872,Right,-117.49959266447695,-153.44169637869345,-183.63317149234354,-140.4674135914538,-115.47382586664753,-122.03728889289778,-139.08582847903017,-161.18522220861632
2025-12-12 20:47:59.671914,Right,-116.93638455259497,-150.48906691154116,-176.93764141597785,-139.59097637413652,-136.30130440945504,-118.57937760010827,-132.91829945292557,-157.10336501002894
2025-12-12 20:47:59.675964,Right,-61.7503149297263,-90.56910286852508,-113.70468926784815,-82.85256633334211,-112.52122830560256,-67.26630582654616,-73.82651005190564,-95.24767762783449
2025-12-12 20:47:59.680956,Right,-55.69498356047552,-86.54861739941407,-109.8073637803027,-79.2204720734735,-91.7986684182979,-65.8681688104698,-72.33854319585953,-90.60366099650855
2025-12-12 20:47:59.683975,Right,-122.94424798726686,-160.70350721204886,-184.9948365027958,-151.24666537946905,-125.48891604565142,-129.89735905104317,-145.06070770788938,-166.74919824214885
2025-12-12 20:47:59.687966,Right,-173.8078325521492,-214.68474359592074,-238.11509869676956,-204.1951124567422,-182.24341142018966,-173.1894928807742,-194.60123543944792,-224.8185894965136
2025-12-12 20:47:59.692001,Right,-149.88226555247093,-188.50650012594997,-211.0277181068086,-179.68825098974048,-187.4941981235679,-148.93683377282287,-167.96850252531294,-201.62087518034969
2025-12-12 20:47:59.696010,Right,-108.02417257064371,-144.73792452304042,-168.66997053044906,-137.99482694729522,-141.41663696115575,-114.04231256338244,-128.597155183641,-157.21521852214937
2025-12-12 20:47:59.701106,Right,-120.66081128266524,-158.1530112042965,-183.84099368069292,-150.93726036223234,-124.01680292349556,-127.19418320698605,-143.07031720159284,-168.72216109272267
2025-12-12 20:47:59.704047,Right,-171.66200934555673,-209.4854820202163,-234.36783597785688,-198.93217376852408,-171.44916668864198,-166.16207713933545,-188.01024506201065,-221.04121508872777
2025-12-12 20:47:59.706992,Right,-202.052838603282,-238.24436357101513,-260.89291493170094,-223.71404969957075,-221.32134339178265,-184.07369167100114,-210.54788717188785,-252.89447453362664
2025-12-12 20:47:59.712095,Right,-200.58069919696572,-234.9442239121381,-256.3729139429779,-218.39095414553958,-213.56004058599137,-181.74399058923154,-209.04106887800663,-250.03824592906312
2025-12-12 20:47:59.716095,Right,-196.57422610329377,-229.27466025791182,-249.39532877391684,-213.58348081460463,-180.50914552261384,-182.98242040838522,-209.3131999614634,-241.5469276227759
2025-12-12 20:47:59.720060,Right,-203.58769400047095,-233.92389336416272,-250.54864683980486,-220.55238234513672,-186.2545764113529,-188.8497442144144,-215.56065340229543,-245.40668630729397
2025-12-12 20:47:59.724105,Right,-216.8744836306971,-246.05306867530817,-258.80336470993643,-234.09371537383777,-225.6723507902061,-194.64333209344477,-225.08620990385316,-261.6001284266531
2025-12-12 20:47:59.727079,Right,-236.79664088013124,-268.1571332495514,-279.69816564086796,-256.0111511005962,-244.7486724211194,-210.36911994645925,-246.72607124850038,-287.9589466507023
2025-12-12 20:47:59.731142,Right,-256.2665577687985,-290.03598269551003,-301.79488710686564,-277.7193551121163,-230.49480428417155,-231.37381898937747,-271.23874880298536,-309.38182746655366
2025-12-12 20:47:59.735157,Right,-253.75576067607471,-285.78809286109754,-296.0013311389048,-274.53964059807186,-218.69829955529713,-229.87686868083983,-268.1659519160894,-302.76202213611396
2025-12-12 20:47:59.740175,Right,-232.2857383166338,-261.2364951950876,-269.10886911877606,-250.80743789485132,-227.40244958102994,-206.32723096001428,-242.28164013395144,-279.7012756855838
2025-12-12 20:47:59.744169,Right,-231.99822465522448,-263.0845510647341,-271.23838941942086,-251.16984749758558,-239.3387354419683,-204.4634664368059,-243.5094466756418,-286.0915146809857
2025-12-12 20:47:59.748147,Right,-268.51277146177017,-305.693510341458,-315.8904302448791,-291.01653471414465,-244.8689568741829,-240.85913283047557,-286.4787515911012,-330.1609606911079
2025-12-12 20:47:59.752209,Right,-296.4082070781733,-335.18208751946804,-344.9030210908677,-319.4087563989742,-252.30460205234704,-266.77548932284117,-314.05843033469864,-355.83760166494176
2025-12-12 20:47:59.755197,Right,-278.9684471041983,-312.71160359622445,-319.21913134356146,-297.84359764517285,-258.367008142086,-245.21136103061144,-287.31436638717423,-328.2004417645803
2025-12-12 20:47:59.759248,Right,-256.110430220695,-286.22512757760705,-291.2424172220635,-271.74174142538686,-253.84439220608328,-219.473007556604,-257.90186092519434,-298.6831713873253
2025-12-12 20:47:59.763237,Right,-282.9290781272284,-316.0131331413286,-322.77650533252745,-300.4887512345449,-253.6182068217313,-244.70688739381148,-287.0842020113196,-327.3654189671797
2025-12-12 20:47:59.767255,Right,-333.0268341631163,-370.12750307950773,-378.21236271978705,-354.29583392007044,-276.13780603997293,-291.544542340067,-340.2545152049861,-381.76982751023024
2025-12-12 20:47:59.772268,Right,-337.74005477907485,-373.8019304657646,-380.7619186208758,-359.6660453939112,-300.94203803504934,-292.92833705904195,-342.71384937447147,-387.7071884510806
2025-12-12 20:47:59.776357,Right,-300.8392493312713,-334.06353034079075,-340.19551202023285,-321.72305798588786,-294.5956960201729,-257.4125303136534,-304.7987236259214,-350.98752654966665
2025-12-12 20:47:59.780374,Right,-290.17053829864017,-324.2108908391383,-331.5591073714895,-311.9443057400931,-270.9360256041109,-250.89829822219326,-299.20867887706845,-342.18754904641537
2025-12-12 20:47:59.783337,Right,-322.3364523432683,-358.5019550920115,-366.4738146038726,-345.6897469278774,-273.69905890044174,-282.3199304791633,-335.06097224060795,-375.7282639343175
2025-12-12 20:47:59.787329,Right,-342.3748282996239,-377.09072931075934,-383.20341668254696,-364.82635613292223,-302.95500369521324,-296.3679995483253,-351.5781035984983,-394.82390344090527
2025-12-12 20:47:59.791286,Right,-324.7542348979914,-356.5508746242267,-360.8970281936927,-345.3685674305889,-313.82055259880144,-276.57182723350707,-331.04157812474295,-376.73501704714727
2025-12-12 20:47:59.795339,Right,-311.0561838441645,-343.33309104613727,-348.34942580136703,-332.4288895970094,-293.14721368672326,-268.4890551835706,-322.75867574539734,-365.24630305275787
2025-12-12 20:47:59.800370,Right,-327.09534996782895,-361.5924699566094,-367.5896859797649,-350.598239512532,-280.9011775072431,-290.1591043959197,-345.78348692075815,-383.77243312250357
2025-12-12 20:47:59.804363,Right,-338.8814843338914,-372.5214668244589,-377.38653170643374,-362.15224890212994,-299.29620652552694,-300.89965230907546,-356.7858277290361,-396.2225143116666
2025-12-12 20:47:59.808340,Right,-321.4580614405568,-352.39643061038805,-355.94902066187933,-342.92346990521764,-315.1572216642089,-280.2200301128905,-335.2469826324377,-379.65593439759687
2025-12-12 20:47:59.811340,Right,-304.74565315886866,-335.85836505377665,-340.4787423154921,-326.7422129844781,-300.14979738922557,-264.28500545490533,-320.25470533629414,-365.27637260616757
2025-12-12 20:47:59.815401,Right,-314.38283818913624,-347.45271428261185,-353.6437459765002,-338.89868979452876,-279.8305044166045,-275.8228636220447,-334.25470956176287,-375.50052759813843
2025-12-12 20:47:59.819414,Right,-324.7317097718478,-356.38341778249014,-361.7127698712866,-349.5103984143352,-286.07936259225244,-283.8751124406117,-342.6132604869199,-382.55427866009995
2025-12-12 20:47:59.823429,Right,-312.855355561187,-340.24319879413815,-343.9684349777526,-335.16439085791353,-303.04386416624766,-268.2900486854487,-325.09525836916873,-367.43535840092227
2025-12-12 20:47:59.828392,Right,-307.0816838063183,-333.0601813903195,-337.90458247612696,-328.36054068629164,-302.84241581259994,-262.7255845189793,-319.8427159395651,-362.69491885544267
2025-12-12 20:47:59.832401,Right,-332.4431453071884,-360.6718205352081,-368.23100805218564,-355.58967487874907,-297.7784760661307,-289.89099510299275,-350.7304997741012,-391.0324017430539
2025-12-12 20:47:59.836489,Right,-355.25934525806224,-384.2636568218586,-392.3187610231107,-380.0334804094746,-310.7232091286569,-311.1902880069101,-374.4418687733705,-414.406998341321
2025-12-12 20:47:59.839471,Right,-337.33253286837135,-364.33835748862475,-370.8266076775035,-362.2579273744486,-324.62195687158965,-291.2844102176605,-352.9903048459091,-395.98360392748145
2025-12-12 20:47:59.843481,Right,-305.30282444582554,-332.3618575280998,-338.4994158790796,-331.6048380249413,-311.7022765382426,-262.5291115141008,-322.56405912869377,-366.3558359887684
2025-12-12 20:47:59.847478,Right,-307.7965629633982,-338.4432169824722,-345.3531905284617,-337.04037149768556,-289.95104928070214,-270.37585986498743,-332.02433960232884,-372.50718924420653
2025-12-12 20:47:59.851507,Right,-334.6104533773614,-367.02619187999517,-372.4669600945781,-364.20026352250716,-296.80246738536516,-296.55498402775265,-360.3655475623673,-398.9429375354084
2025-12-12 20:47:59.855523,Right,-339.42140672606183,-368.8202284532599,-370.39606612478383,-365.1396192773245,-321.83617424056865,-295.62856106983963,-358.4530790298595,-399.0573654952459
2025-12-12 20:47:59.860531,Right,-321.1525031332858,-347.2443218793487,-346.36884490342345,-343.20663756749127,-322.52698225551285,-275.0451725748135,-335.2100701959571,-376.30338112596655
2025-12-12 20:47:59.864552,Right,-318.411382160848,-344.65212303958833,-344.0253029007581,-340.47877908940427,-298.87230984622147,-274.91608086944325,-333.90363722713664,-370.88562673528213
2025-12-12 20:47:59.867564,Right,-334.7870943497401,-361.45113366440637,-360.69158100604545,-357.73418352822773,-292.858255012834,-291.30001094023464,-349.89228764467407,-384.3695053922711
2025-12-12 20:47:59.871578,Right,-336.0435309968889,-360.18756959051825,-357.4575114182662,-357.19231549621327,-313.80922438792186,-287.1655114921741,-344.3607021228527,-383.08708583394764
2025-12-12 20:47:59.875616,Right,-318.2138258268824,-340.00355252804,-336.0651603558217,-336.6306869260734,-323.67631140584126,-265.2736397894332,-321.7529702098691,-365.9966575191356
2025-12-12 20:47:59.879575,Right,-312.9731675131479,-335.7308635590598,-332.44859087618534,-330.69405244558584,-305.30557247274555,-261.6619852432632,-319.7345401318744,-363.4437494018348
2025-12-12 20:47:59.883609,Right,-323.7829399522743,-347.5611206452595,-343.79746371443616,-341.29103606333956,-289.6494140911964,-275.15699019818567,-334.13752828299766,-374.0212434885325
2025-12-12 20:47:59.887643,Right,-320.44588746497175,-341.8147498620674,-335.00568682007724,-335.63892641541315,-298.19392422778765,-271.51714370877016,-327.5958027013694,-367.4596558059566
2025-12-12 20:47:59.892673,Right,-302.3812618787051,-321.30573580187047,-312.30003737763036,-315.095802253054,-308.5590815896867,-253.68164201977197,-305.69577689573634,-348.42305792181287
2025-12-12 20:47:59.895664,Right,-303.7566666348721,-324.33761799987406,-316.44102209154516,-316.7942902641371,-300.09961524262326,-258.680658857862,-309.7184193402645,-352.14417752518784
2025-12-12 20:47:59.899643,Right,-324.639103468915,-347.56390201859176,-341.01060377946123,-338.75270405743504,-288.4461044638301,-282.11457805050304,-333.81572544312803,-372.92166151385754
2025-12-12 20:47:59.903682,Right,-322.4817389136879,-343.0510967182927,-334.6408463532571,-334.70127071114257,-288.9972970687086,-277.6895945716533,-327.5527377098333,-365.50391928933095
2025-12-12 20:47:59.909740,Right,-291.01613905542763,-306.94137730187504,-295.502463619865,-299.887577738089,-287.4591426118859,-243.1368854296743,-290.0511200428009,-329.369930480374
2025-12-12 20:47:59.912784,Right,-279.9369467770448,-294.956752840837,-282.9854793517152,-288.0953038420994,-273.743072821002,-232.23417014052393,-280.03432382061146,-319.15020616014954
2025-12-12 20:47:59.915709,Right,-308.2774482706445,-324.8877807689132,-313.85949884570437,-317.36769447562983,-266.85992903256556,-260.6997688941192,-312.31253693893086,-349.6080629180651
2025-12-12 20:47:59.920717,Right,-325.70952197897714,-340.1317995614372,-328.44218629359966,-332.93291017680895,-277.2464682866703,-274.6335004636203,-326.5504010906443,-363.9561493283836
2025-12-12 20:47:59.923677,Right,-297.96473077702103,-306.6398438431788,-293.9088016159949,-300.9512023416464,-280.41099353466416,-243.91586120805005,-291.17425391986035,-329.89552354975604
2025-12-12 20:47:59.927796,Right,-267.2162686516531,-273.3304321966134,-262.64284929045243,-268.8459554799483,-260.202284137893,-215.658565520891,-259.3970974019612,-296.646846049116
2025-12-12 20:47:59.931757,Right,-279.41615958389593,-287.8970234688604,-281.29024598846445,-283.93402503203833,-244.2458465313539,-232.34147416427732,-277.29709247441497,-311.434180547134
2025-12-12 20:47:59.935754,Right,-306.3651934223599,-316.3743864163989,-311.6010275929002,-313.32097466191044,-258.2216933828313,-260.131133608229,-306.62177416629856,-341.0867228280986
2025-12-12 20:47:59.939778,Right,-296.4216998456395,-304.24231955979485,-298.61369939817814,-302.46708138275426,-275.23633463244187,-249.98395303206053,-293.88206805911614,-331.3026858739322
2025-12-12 20:47:59.943802,Right,-262.08244752290193,-268.39753658673726,-262.61718373320764,-266.77487626543734,-257.89807285601273,-219.7926096241572,-259.889196654025,-296.50975101289805
2025-12-12 20:47:59.947767,Right,-254.65804848476546,-263.23189490044024,-258.61058616585797,-260.2822136427276,-226.39140589954332,-217.44516477489378,-257.46405259071616,-289.1267816994805
2025-12-12 20:47:59.950824,Right,-276.35668996936874,-287.38032323808875,-282.31840847071726,-283.23673122376204,-227.99634552496718,-237.56177727528848,-280.15146741381614,-310.1749827398453
2025-12-12 20:47:59.954798,Right,-283.28324327612063,-293.6442057566019,-286.26037833851296,-289.56642379640834,-255.41655963438097,-238.27796973177465,-281.7574984691455,-316.03041223529726
2025-12-12 20:47:59.959834,Right,-264.30682094342774,-273.38943105586804,-265.2145532518625,-269.9618982737884,-258.14831427577883,-217.90836049680365,-260.09950135590043,-297.0112838743953
2025-12-12 20:47:59.963852,Right,-251.3697499645641,-261.1542857699096,-254.62604324164568,-258.24135184299666,-228.21443769079633,-209.8837859708583,-250.84113993227948,-283.8608902625274
2025-12-12 20:47:59.967901,Right,-254.4104160675197,-264.5476367844967,-258.67112092045136,-262.2809749892913,-210.4650674763252,-215.83053269371158,-255.57505228323862,-284.39504204667173
2025-12-12 20:47:59.971888,Right,-249.84308508399408,-258.20009242906235,-250.33347199764103,-256.5290748986881,-224.11566540051717,-208.64970085932873,-246.2579488782212,-276.97598701994866
2025-12-12 20:47:59.974871,Right,-236.65342143073212,-244.37926108943066,-234.78017182584153,-242.18538333749166,-236.08199995593168,-193.70323510619346,-229.89163510274375,-264.0383337853709
2025-12-12 20:47:59.978914,Right,-241.7307079434977,-251.97929899365408,-242.63298751687398,-248.1795249498682,-225.22885738493642,-201.682806539,-238.48789782729,-270.4435056402581
2025-12-12 20:47:59.982926,Right,-261.25554519018624,-272.7455910239951,-262.92288294807076,-268.04155446309596,-215.1706432310748,-223.53126241866266,-260.2227873845259,-287.2881987608271
2025-12-12 20:47:59.987938,Right,-257.3825538146193,-265.1970498440205,-252.5237977533252,-261.3702733311802,-222.2860599826672,-217.76585853577126,-250.94539382134099,-277.94423117663246
2025-12-12 20:47:59.991942,Right,-226.02886646712432,-229.60529343318194,-214.88972048950382,-227.30797335959505,-223.60312471492216,-185.15102395805297,-214.33728214295115,-245.2000482144067
2025-12-12 20:47:59.995947,Right,-207.90816947928397,-212.2738003055565,-198.8307990070898,-210.84699202299817,-203.0621498687542,-170.38612067553913,-199.3376592650311,-231.17881370789837
2025-12-12 20:47:59.999981,Right,-215.92833497351967,-223.48530024389038,-211.73987113218755,-222.60174960945733,-183.85246285249013,-182.20527572801802,-212.6541406592587,-241.80884133081418
2025-12-12 20:48:00.003014,Right,-213.4888529201271,-220.48892165673897,-207.6460670073866,-220.2142396075069,-185.4353717691847,-179.6701134632458,-208.13598834356526,-235.83924073923845
2025-12-12 20:48:00.007004,Right,-186.12104726448888,-189.74299788085045,-175.24779312196188,-188.89812781324144,-188.5302849819418,-151.4039711569785,-175.140297541162,-203.20394035661593
2025-12-12 20:48:00.011028,Right,-172.095060175634,-175.22887619986432,-162.16387197043514,-171.66253255942138,-174.0691004290129,-139.39511146803852,-161.27975140121998,-187.6711489027948
2025-12-12 20:48:00.015036,Right,-191.56647785846144,-196.9347393856733,-186.92931702005444,-190.22822040127357,-160.27384949708357,-160.54363821988227,-184.2596098887734,-207.4936075246078
2025-12-12 20:48:00.020050,Right,-204.55785441456828,-209.43031671689823,-200.36687213933328,-201.75321531348163,-166.14336093876045,-171.1971954520559,-195.1755561507307,-218.35194729070645
2025-12-12 20:48:00.024061,Right,-180.4165246525663,-181.88675375567982,-172.22513654641807,-175.15543658140814,-172.40757989272242,-144.64741463010432,-165.41187928779982,-191.0920425906079
2025-12-12 20:48:00.028096,Right,-155.40500864654314,-156.35159702732926,-147.7398406729917,-149.90125638910104,-158.14689696294954,-121.82235263846815,-140.60160202346742,-165.9016252286965
2025-12-12 20:48:00.031089,Right,-170.2545560618746,-174.62000342801912,-168.09934054937912,-166.81063638266642,-144.38557047286304,-139.46019948564935,-160.23115486331517,-182.06965416291496
2025-12-12 20:48:00.035102,Right,-197.0956532600103,-202.87446945731062,-196.1403703147662,-193.70478529308457,-156.97738288342953,-163.82019132125424,-186.4436093821423,-207.65165132365655
2025-12-12 20:48:00.039113,Right,-187.2819647579454,-190.00150455441326,-181.14075097208843,-180.71375289885327,-174.16275980311912,-149.94270517874975,-170.53414377692388,-195.01610068010632
2025-12-12 20:48:00.043113,Right,-154.2842065243749,-154.68134830263443,-145.67591497313697,-145.79412945680087,-160.469914850255,-119.0605988719035,-136.35630728001706,-161.7181154357968
2025-12-12 20:48:00.047135,Right,-145.48077989870217,-147.6826044950867,-141.36683018802432,-139.00099577312358,-130.89759594696807,-116.7727729959879,-133.0954057733179,-154.48768035136163
2025-12-12 20:48:00.052152,Right,-158.7083364709979,-162.81542131130118,-158.96938179968856,-154.68404023745097,-127.57434339041356,-132.39416696957778,-148.51688853744417,-167.061472024885
2025-12-12 20:48:00.056147,Right,-153.2008087108261,-155.95546412077965,-153.41279526258586,-148.88746235438157,-146.92441707651597,-124.59679067140678,-138.56356678856537,-159.12394486553967
2025-12-12 20:48:00.059194,Right,-127.65577746985946,-129.14875652763294,-129.18134256999474,-122.61676317022648,-147.42946209170623,-99.71919415419688,-111.38976148434449,-133.73167436837684
2025-12-12 20:48:00.063180,Right,-119.2285127522191,-122.42640494130319,-126.24907133856323,-115.43220609711716,-123.3355511011323,-96.3486984493793,-108.4576972933719,-127.8778226627619
2025-12-12 20:48:00.067142,Right,-129.81264179665595,-133.99366764776642,-138.69934250722872,-126.48404309421312,-110.82827357848873,-109.05185610341141,-122.4370086475974,-138.57648492383305
2025-12-12 20:48:00.071211,Right,-122.79282526252791,-124.06032736372435,-125.02768089494202,-116.50129657884827,-119.79435237665894,-98.83110300835688,-111.02104054385563,-128.4382054010639
2025-12-12 20:48:00.077221,Right,-96.52027997979894,-95.04938961268635,-91.32984295557253,-87.02677056391258,-119.18937546282541,-71.06436550396029,-81.19916714727879,-100.62505600025179
2025-12-12 20:48:00.080177,Right,-90.78916295734234,-91.13557141966885,-84.74938613269478,-81.80913380812854,-98.43000840907916,-69.34627957927296,-79.9923246515682,-96.67632417066488
2025-12-12 20:48:00.084250,Right,-110.79899476846913,-114.19017915276345,-105.18685379438102,-103.91796023282222,-86.44977286836365,-93.33265626046341,-105.4140158466762,-117.6055506670964
2025-12-12 20:48:00.087205,Right,-113.78425161889754,-116.2864942814922,-102.64185438363347,-106.35811148420908,-94.69440898002358,-96.36892064509448,-106.661198085465,-118.39138496568194
2025-12-12 20:48:00.091335,Right,-86.09120475343661,-85.65582756785443,-67.51139421813423,-76.41589468414895,-93.5701952544041,-69.4378953295527,-75.42166639462812,-88.82092839683173
2025-12-12 20:48:00.095326,Right,-67.605866077065,-66.7119832825847,-46.3628407723736,-57.339565137575846,-67.48681986477459,-55.773006489442196,-58.931059689843096,-70.77525779447751
2025-12-12 20:48:00.099344,Right,-78.34170594526222,-77.75589204579592,-55.076869168609846,-68.06636520143365,-45.480795948184095,-70.13783160038292,-71.89481356518809,-80.53788955044001
2025-12-12 20:48:00.103355,Right,-82.9640065485728,-79.02881828666432,-50.955026216688566,-70.05248097935691,-48.614137806609506,-72.70097261632327,-71.03746180882445,-80.15582649124553
2025-12-12 20:48:00.107335,Right,-58.56939063093159,-49.596722414135,-15.079289922956377,-41.90602631174261,-51.492847868968965,-45.259057467686944,-38.65789156896062,-50.35447803448187
2025-12-12 20:48:00.112349,Right,-39.76866419566795,-29.742152917198837,8.517001340806019,-22.581977645633742,-30.910328857135028,-27.977785900991876,-19.31722758640535,-29.54716880887281
2025-12-12 20:48:00.115359,Right,-55.7586869035149,-48.1563693897333,-8.271950669761281,-40.93939552176744,-10.881558935769135,-46.933993372134864,-39.43069291347638,-44.9314949970576
2025-12-12 20:48:00.119394,Right,-75.1161226760596,-67.66698919876944,-25.431786448258208,-61.044973237847444,-18.328144239610992,-65.65017120516859,-57.58433042548131,-61.972748649830464
2025-12-12 20:48:00.123387,Right,-61.3453863588511,-50.77047873655101,-6.147751350392355,-45.30023677193094,-31.180291676981142,-50.49427298625233,-38.20657375379233,-45.83703444444109
2025-12-12 20:48:00.127502,Right,-36.355876942165196,-23.99239230126841,20.54267752720625,-18.86199118057266,-16.159144459466916,-28.407377110270318,-12.258751064015087,-20.69390501047019
2025-12-12 20:48:00.131361,Right,-36.32998079393292,-24.500670486537274,18.845051482727285,-18.663307834416628,12.313021698530065,-32.22927286493359,-15.238653357606381,-19.718360691156704
2025-12-12 20:48:00.135418,Right,-46.75011133623775,-33.4567727597896,11.166383991017938,-27.103069660253823,18.64249715351616,-40.65146445063874,-23.354844403162133,-24.760552871972322
2025-12-12 20:48:00.140447,Right,-37.06626810092712,-19.63536457461305,28.041910844360245,-13.40093630150659,7.645971611345885,-24.967231558111962,-6.345740830409341,-8.339557292987593
2025-12-12 20:48:00.143496,Right,-23.012280922790524,-3.944765207997989,44.509251794195734,2.4631893284094986,10.56606654135976,-8.572825982235372,9.512363624555292,8.050678471394349
2025-12-12 20:48:00.146488,Right,-35.00399098062189,-18.601076666847803,28.072382504382404,-11.53333915938856,26.458211007382488,-22.63309126457898,-8.334851295338012,-5.479803938884288
2025-12-12 20:48:00.151433,Right,-53.23259091380169,-38.81160902878037,7.608790395432152,-31.688414050993742,28.7489791654516,-41.297688862046925,-30.25232975182007,-24.19177144105197
2025-12-12 20:48:00.155450,Right,-37.20213225999032,-21.444150314113358,27.61040239853901,-14.945690834341804,20.525643459375715,-22.93209424102679,-11.992386237892788,-7.27470066776732
2025-12-12 20:48:00.159527,Right,-0.7230390304757748,15.113788409740664,66.23944840076729,21.881650807830738,30.327544942323584,13.587557763559744,24.184218453912763,27.462635013012914
2025-12-12 20:48:00.163529,Right,8.408054162398912,19.89821849379223,70.62474681835738,28.446409393742215,55.996546563124866,19.824095578253036,26.73721016541822,32.516927223594394
2025-12-12 20:48:00.167547,Right,-8.197948089247802,-0.8864522054209374,49.603144383378094,9.50753932481166,65.2717629428953,2.7723156666907016,6.226783094170969,14.656064134673215
2025-12-12 20:48:00.170544,Right,-4.289759782550391,3.702086686360417,55.73438556626206,14.929704569687601,55.126549026870634,9.411140145093668,14.443423731107032,21.450301546690753
2025-12-12 20:48:00.174577,Right,26.772296539274976,37.24097793371766,89.78386296296958,49.15725522572757,58.654852306091925,40.27981877682032,49.92026969452854,55.06368096105871
2025-12-12 20:48:00.179597,Right,40.979357696603984,50.84062955173431,100.78150037743035,64.2126816897362,83.45016660066904,49.697664105013246,61.50922586294473,69.3727568773902
2025-12-12 20:48:00.183605,Right,24.17579022984137,32.318069213302806,79.18299082187878,47.017430958745535,95.50064985187782,29.944752276031068,41.30114256456727,53.614772781176725
2025-12-12 20:48:00.187618,Right,16.266641943278955,26.080873396073002,72.07036274920392,40.76028001218219,81.11621597626072,23.994428331585368,36.36369392470806,49.36166951121413
2025-12-12 20:48:00.191657,Right,36.22644022028544,49.123848743067356,94.58298619906418,63.03936525594327,72.64684618833417,44.77920617102063,59.855050873651635,71.630495998892
2025-12-12 20:48:00.194648,Right,48.363510730385315,60.60989370624884,103.48248232598417,74.38783610620885,89.30625782691641,52.48257584456587,68.02767037504236,81.80153607626562
2025-12-12 20:48:00.198647,Right,31.987409758003196,40.97770868198131,81.07882873479684,55.10312050807988,102.89425847745588,31.874805137427757,45.22694526944542,62.10369124021963
2025-12-12 20:48:00.202671,Right,22.531622992741177,30.85773387082736,70.63736193535442,44.73050948992022,91.93761124908633,23.317650707787834,35.877852179983165,50.972267613658914
2025-12-12 20:48:00.207677,Right,46.66973438009154,56.72882353988825,96.93007854795724,69.80506636822247,83.0594437623804,48.65509342189762,62.94464008200157,73.10907696562936
2025-12-12 20:48:00.211691,Right,73.09751628516824,82.81688213261077,121.26839394855779,95.41898310060787,102.32961525266728,70.91470599225431,86.02886356682575,95.46735780677409
2025-12-12 20:48:00.215700,Right,69.6897301923018,77.43915073304379,113.46240850647882,89.63919583731331,126.30942780550686,62.01585500918736,76.10808038328832,89.32815940403088
2025-12-12 20:48:00.219713,Right,59.07883925549686,68.24219320568955,104.4884807014314,78.99937783696805,123.17301966479135,51.05490201621433,65.837017652957,80.43482865774422
2025-12-12 20:48:00.222730,Right,71.51777194223541,85.56302082526963,123.57995310306433,93.81089651466755,108.47464907592803,65.51308002811857,83.93770093892817,95.94116960006068
2025-12-12 20:48:00.226737,Right,86.97438958899875,103.52818822007976,140.99954055329,109.25286252373189,114.08174955000504,78.44749675581988,99.77752312850498,111.3859312676359
2025-12-12 20:48:00.230749,Right,75.46647531115741,90.18185570233618,124.925193792762,93.72380518534919,129.60992106156937,61.00709762975748,82.63095634194906,98.17788724963611
2025-12-12 20:48:00.234702,Right,58.14737254141073,71.48303011224198,104.9593782403972,72.77633099371451,125.05446574305006,40.792519832146354,63.49170424565091,81.32068380049895
2025-12-12 20:48:00.239770,Right,71.17502362646337,86.14046937912644,120.39227703358483,85.6277702186926,110.12860394678137,53.93111228966154,80.55795937484072,95.91951540224545
2025-12-12 20:48:00.243792,Right,97.65103853905748,113.57946653828549,147.74199136879906,112.97290285368217,117.42985513605163,78.18979854584904,108.11827851903217,121.6021486044483
2025-12-12 20:48:00.247733,Right,96.82653585572552,111.25504985032603,144.07323541926962,112.12229534822109,140.98450004727783,73.41614980473241,103.3876182791937,119.28345648914546
2025-12-12 20:48:00.250830,Right,78.1843194203393,92.79367014726449,125.96294067835879,94.9994657087882,145.76502537946726,55.06925040956412,85.08009772588412,103.09332042824099
2025-12-12 20:48:00.254762,Right,81.88132624562422,100.3443796049396,135.94132400966987,102.97676704122568,130.4382545342305,63.07338786100445,96.29833554439392,112.18342452561046
2025-12-12 20:48:00.258840,Right,102.81572738676914,123.98362948383874,160.51253936423564,127.0889512657377,127.27977053305221,85.38235421525314,122.08595499440707,135.66494420034724
2025-12-12 20:48:00.262841,Right,101.57446711644297,120.87867677640315,155.48260524536636,125.02907062308077,141.8656162101688,81.04495253659115,117.68700548309789,133.04175576073612
2025-12-12 20:48:00.267783,Right,81.09570323723892,98.16464779474336,131.3221080647818,102.87186943061897,145.80685625610204,59.19098210529046,94.59882792581266,112.27458987053251
2025-12-12 20:48:00.271846,Right,82.8892784398995,101.77377369793976,136.0252937684163,105.79273032470155,133.10665040115418,63.69241803007026,101.02670825374662,117.11379709969333
2025-12-12 20:48:00.275881,Right,107.41084871256317,129.14297573271688,164.27594671216139,132.16388583921253,131.00500256013765,89.86206727210083,130.54679353559368,144.31759914828945
2025-12-12 20:48:00.278876,Right,108.85215562790836,129.93815500158234,163.49672864320746,132.57622085282674,145.06015365183703,89.68671832198743,130.44192316779117,145.81245999828934
2025-12-12 20:48:00.282884,Right,78.95110451836081,98.30402817247796,130.1992937804971,100.49231677927855,145.57287023132085,59.784560893589514,98.35612131298183,116.09224270966456
2025-12-12 20:48:00.286928,Right,65.99750693902752,87.27821476991926,119.55096996607608,88.10286406935984,124.69809097335383,50.3394705415667,89.3265998852603,104.8977587800373
2025-12-12 20:48:00.290928,Right,91.00227554617231,116.07592735812887,148.17383577889268,115.33064048650431,116.5499937311688,76.41997631657978,118.23406523928315,129.9964831406487
2025-12-12 20:48:00.294873,Right,112.4421678862218,138.0814821383301,166.86217731314537,136.62222584633855,137.9373900287901,93.09868887041921,135.4903436548284,148.17789469944546
2025-12-12 20:48:00.299946,Right,101.8772562718541,125.42765759528993,150.5583043412189,123.69099783989077,156.4405320695805,77.84204722033246,117.83346580916623,134.6648621422064
2025-12-12 20:48:00.303974,Right,90.27395470973488,113.36945503647439,138.62545574543765,110.85453678727936,145.73700814058247,67.01760819600872,105.47542831595638,123.24123949329078
2025-12-12 20:48:00.307990,Right,104.03366988372909,127.76775907750198,155.85278314761672,124.35363955188222,129.11572134698508,83.03240837019712,121.70100312115392,137.52226982379216
2025-12-12 20:48:00.310975,Right,114.83110787710939,136.36144178939867,166.20744788003503,132.7971430585967,134.2050491222326,92.35844864002229,129.64678819085384,146.5079729252684
2025-12-12 20:48:00.314982,Right,96.0558744427617,113.74680089966569,144.2690473057737,110.3003306656392,143.85681434400612,71.84641775349155,105.72872364827344,126.49868664694804
2025-12-12 20:48:00.319034,Right,76.64426756736066,93.95999722662964,126.44895299899508,89.78920947827282,132.12538062829117,55.562998526511365,88.13558454041049,109.39600030300062
2025-12-12 20:48:00.323019,Right,89.77480520541212,109.79034720145864,144.236386704928,104.27502298021864,115.7906963234127,72.79328782946322,107.48008570690581,124.94188208678679
2025-12-12 20:48:00.328037,Right,112.53331430661638,132.51480940719193,165.135875466367,126.08425082316535,124.56701063545188,93.70263582887856,129.69438894172345,145.43214077471202
2025-12-12 20:48:00.332024,Right,109.26558208109054,125.27573386588483,152.66454935094225,118.20210811970901,145.5309640121268,84.93467563189915,118.79024853098963,136.96632721153583
2025-12-12 20:48:00.335049,Right,96.15110845460003,109.6992549244751,132.65865450771526,101.29607634203421,145.22195556538645,70.7017082648199,102.03874088726297,121.08665394649142
2025-12-12 20:48:00.339055,Right,105.9483070039496,121.13883874367457,141.71808162820525,111.24106567189301,128.3867017995508,84.79973385556514,115.84162431101868,131.64035605126992
2025-12-12 20:48:00.343065,Right,121.66584974685247,138.64437696123787,156.14029876561835,128.702841565595,125.51049719289585,104.62025476059353,135.0684253998479,149.0514848305029
2025-12-12 20:48:00.347081,Right,106.91053560013825,123.54664446003153,136.45170251576928,114.80615166461212,135.00034338672413,92.35896382760257,119.63063931274519,136.48332219851727
2025-12-12 20:48:00.351104,Right,77.69170218056388,95.25033240159974,104.71521144527651,86.82456486643059,129.16394106541702,67.15916102705523,91.71481194400985,110.74349942176195
2025-12-12 20:48:00.355048,Right,79.57043817848171,100.57077245414257,108.46732881989738,90.86367474449798,111.21654526953353,72.61730578001152,98.19591916968056,114.36726571682084
2025-12-12 20:48:00.359112,Right,108.1300766262575,130.01193095023336,135.3916857393342,119.20148093139869,112.98181232390925,98.05886322641163,125.82327349728439,138.59798387509363
2025-12-12 20:48:00.362127,Right,117.63632742405753,134.81251152502955,135.94493264795165,124.28484935546294,134.86965416016756,98.90545972438849,125.96386795584112,139.67427093668084
2025-12-12 20:48:00.367155,Right,102.61793930598651,114.53760516163311,113.03345539773,104.47552618785994,141.6472430197755,78.8504597853971,103.77712797380809,119.25295617479424
2025-12-12 20:48:00.371150,Right,103.4809532911022,114.85953846097982,113.82963625666162,104.22693714372872,125.16278358237469,81.912248010849,107.00877766034682,120.38112749540596
2025-12-12 20:48:00.375112,Right,127.92193766504352,140.85173754043353,139.87075766338967,129.5565735369746,118.30913832830265,109.44044946201029,135.70731771083956,146.45222027150157
2025-12-12 20:48:00.379187,Right,135.602520187982,147.44849319348577,143.33845557722088,136.67785840343277,133.83523887203773,116.78205879805319,141.3955807621678,154.1667777038674
2025-12-12 20:48:00.383204,Right,114.0515854767873,123.97991091218137,116.17386960682052,114.37583143681695,141.3607769163209,95.68190242552373,116.9448251020367,133.50012243067613
2025-12-12 20:48:00.387210,Right,102.2095382061525,113.47744324004452,104.62301722049597,104.75080897012958,124.17707996087847,88.10043532840791,108.43747331004124,124.660920731636
2025-12-12 20:48:00.390224,Right,117.65885073199752,131.3885440959275,122.55980273787281,123.72533150430536,109.62404759452329,106.54222167850821,127.74620281532407,141.3160898143833
2025-12-12 20:48:00.395163,Right,125.82899042093777,138.40097697719466,127.72579499082349,132.21577950760548,118.31830533084576,112.09896843291062,131.77997780572332,146.1964679165976
2025-12-12 20:48:00.399239,Right,108.89572216568922,118.40146719332552,105.05727670998021,112.40069252326794,128.2436106481182,91.38290421171405,107.32484624518838,124.86194437608356
2025-12-12 20:48:00.403250,Right,102.05921243120974,111.93675221958256,97.44942013059335,103.5289327976061,118.69898697827011,84.95840205036802,99.282826492592,116.13646195748879
2025-12-12 20:48:00.407249,Right,126.79252395492222,139.6124763450498,123.95397021209646,127.8724444260879,109.30265337991295,111.06059464211285,126.60680465618498,139.41597418559832
2025-12-12 20:48:00.411329,Right,146.6544664420653,159.35839194718574,139.79872740029532,145.87067616528657,120.89486064491211,127.8721927239094,143.6019885965943,155.3202621757373
2025-12-12 20:48:00.414325,Right,130.2785883084871,139.60377068110392,115.36061258829432,125.95886180257367,132.8657387154235,107.17492236438557,120.87594396606437,135.17008894658647
2025-12-12 20:48:00.418321,Right,107.12263470758626,115.12264275969937,89.41328972333577,101.23356193528161,119.24276028128224,84.72482476459118,97.6412032412918,112.22958033438772
2025-12-12 20:48:00.422326,Right,114.04134828395036,123.57410879575764,98.78993751162488,108.99082607522723,97.86369812133489,95.04582877368375,109.68896605537157,120.85226029119804
2025-12-12 20:48:00.427325,Right,129.86084119902807,138.68030099591124,113.04155122653174,123.98358874366386,99.06177005451173,110.1100421812589,125.41603379693697,135.11167294924962
2025-12-12 20:48:00.431331,Right,116.95530452126695,121.706540510786,93.21760752380942,107.51466338094906,110.18390042398823,93.52947702928213,106.60448544108658,118.9263193224615
2025-12-12 20:48:00.435341,Right,91.90703523150296,94.72342206217581,65.04225825390313,80.41821075046028,99.65866532502696,68.81377307912044,80.1629629843519,93.86377640636056
2025-12-12 20:48:00.439321,Right,94.03773654981342,99.23529693539604,70.60073545755586,84.05038175622758,76.2330148909241,75.0650826501369,87.53778150721337,98.58330322048278
2025-12-12 20:48:00.442390,Right,111.63951473266934,118.34008746725158,89.6607353156869,103.04960033716634,73.05531193863135,93.92150025386945,107.3220848491037,116.52648638340179
2025-12-12 20:48:00.446341,Right,104.53574319431209,108.73210036795354,78.17752191660111,94.87359225862019,86.68032391968882,84.75612937111873,96.22938044386683,107.50174194743158
2025-12-12 20:48:00.450423,Right,80.8990013730945,83.02303938241675,52.07043109742517,70.88541094874381,85.00074591877637,61.990442402573535,71.53120968253643,84.08133784326492
2025-12-12 20:48:00.454417,Right,83.724165907508,87.80378774023848,58.96987521220581,76.48078484859434,68.50832731748233,69.05416079383576,79.81259281661187,89.2695258242602
2025-12-12 20:48:00.459384,Right,110.09032484647469,116.389749688562,88.77328149987443,105.3766469398688,68.75547623896273,96.19250587960414,108.70615051507775,115.43806853031856
2025-12-12 20:48:00.463449,Right,114.11105814529583,119.05144572845893,90.03523621149361,108.29919552130741,86.72607559492462,96.11347679261235,107.01815898812492,116.03753555787262
2025-12-12 20:48:00.467467,Right,90.4718398018158,93.6825604190235,63.71664929254621,82.41802055708831,88.51834130325005,70.61112175229937,78.40500624186825,90.46519747958519
2025-12-12 20:48:00.470487,Right,83.00638377518044,87.94459747517249,59.608286444025,75.33299554983387,67.79670449940022,66.78810372151202,74.17135422216961,84.28757925596437
2025-12-12 20:48:00.474503,Right,101.84665769917774,108.75072535590152,81.88883245139732,95.81178446495323,57.88256346908747,88.93936481632409,97.63900949375238,103.96577021756093
2025-12-12 20:48:00.480521,Right,105.12463516552816,109.80712728385697,81.67626761952124,98.76450580378878,70.66205062388326,91.04623330880713,99.07482633911422,105.92220241163159
2025-12-12 20:48:00.483516,Right,79.35579023155151,80.57405821970315,50.684469591928064,71.98049138239003,75.9851094733458,63.88778414284752,70.27981023702887,79.98057111963863
2025-12-12 20:48:00.487538,Right,66.35720372875221,68.30147931131069,39.11025166425679,60.426265841932036,58.798286751436535,52.921647275667056,60.56442939880071,69.57636408272083
2025-12-12 20:48:00.492575,Right,86.40141196048353,91.52364254748682,63.79002451640554,82.7805877167848,47.36145725901588,74.09817100707733,84.87071615055902,91.05937768163858
2025-12-12 20:48:00.495588,Right,101.77827640672331,106.76050869154278,78.10705961906933,97.17903188752825,60.81051112062414,85.67149461929512,96.69341667208937,103.56953723810147
2025-12-12 20:48:00.499538,Right,87.063540567382,88.91717629026971,58.02299771839171,78.99109232379124,73.6184234333341,66.83684115792857,74.74602883850457,84.55859160912223
2025-12-12 20:48:00.502565,Right,74.39542835392058,75.3902944024303,43.84164114430314,65.20329054849572,63.060859451361466,55.44221151364036,61.1351195575553,69.95184621209046
2025-12-12 20:48:00.506558,Right,91.4279973146331,94.1843905908172,62.86801360914251,84.37903031377937,51.57159487949684,76.10943892349314,81.88362573622726,86.11520860204473
2025-12-12 20:48:00.510672,Right,108.97302233154187,111.29464650072623,78.74943173456995,103.36713252021582,64.50555638066726,93.83856448455481,98.81665064724803,101.38052391685778
2025-12-12 20:48:00.514638,Right,95.81184443397797,94.88432723382721,60.974243671487784,89.43776760838227,81.81880664607161,79.12908784521278,81.6226958775078,86.59743563702796
2025-12-12 20:48:00.519594,Right,77.53452097025001,75.2568643236591,42.80156007275218,71.00100847010617,74.31033091704012,62.26911282012588,64.26924079752644,70.02100778234308
2025-12-12 20:48:00.523661,Right,88.23520955085405,87.4044753657945,57.817827945313184,82.86163396123447,56.8354788463912,75.05712738627335,79.52311129281588,82.82250672901864
2025-12-12 20:48:00.526782,Right,105.05883109412389,103.63938268195488,74.1864539416274,98.96608520069276,59.2642677204567,89.65434209784144,94.87107587199716,97.85781984697678
2025-12-12 20:48:00.530734,Right,89.78238749547745,84.40313745080493,52.43630467502226,80.51937836944126,70.50593228719663,70.70688964992587,72.33730252552778,78.89951418625424
2025-12-12 20:48:00.534716,Right,61.69420370462467,54.19462349679088,21.122027304329094,51.001315933972364,61.13767142900906,44.33911445416743,42.18212120307726,50.42650862238952
2025-12-12 20:48:00.538740,Right,64.77590194990626,59.45093114962219,27.58931575906172,56.33226739455131,41.43461831955938,53.278488687152276,51.074980888093705,56.24972570268437
2025-12-12 20:48:00.542758,Right,87.57729176056455,83.83400389226153,52.15723039818113,81.30570869604708,43.88598786811053,78.73701208726561,77.79205614511739,80.4530228638323
2025-12-12 20:48:00.547725,Right,83.66732100478839,77.58727412010194,43.97055702494981,76.78387173877854,61.53167032569763,73.73845419261488,71.79163417233212,76.05500859458698
2025-12-12 20:48:00.551685,Right,55.41665713896509,47.38491809129482,12.809360733779613,48.22558902887977,58.49139300578099,47.25429644374526,43.76540671371913,49.13332456597709
2025-12-12 20:48:00.554690,Right,47.55748840322485,41.86906621797243,8.746772753278492,43.216696101851994,35.337573108350625,45.00972000708862,42.361233118281234,44.62062337617681
2025-12-12 20:48:00.558791,Right,65.3265228093951,62.598321597324684,30.556226034386782,63.826565682000364,28.954837888290058,65.32968174607959,63.80962040992745,63.330042850531754
2025-12-12 20:48:00.562784,Right,68.89898377089412,65.22404379946238,32.367356720540556,66.19831558935402,46.225078190953354,66.04885663388995,62.54372332476487,64.28856291106786
2025-12-12 20:48:00.566786,Right,49.519368751498405,43.470788384991465,10.579508485694532,43.43809858104214,52.1238317481766,44.861766588670434,38.112915864388924,42.97402971383417
2025-12-12 20:48:00.572832,Right,43.18146035177051,37.51506860104564,6.867196636056178,35.54312872988521,33.25674809177872,41.11907416758186,33.83334574435139,37.08287745976122
2025-12-12 20:48:00.575831,Right,59.84225968064857,55.225426491262624,25.98866704943066,51.67757859447738,20.487439482327318,59.14890473302512,52.96787851784029,52.67228531152068
2025-12-12 20:48:00.578855,Right,64.3292258233705,57.475947637227364,26.490570723210112,53.72022427507909,31.066256229722057,60.14493499606033,52.78496732129133,52.828125833242666
2025-12-12 20:48:00.582889,Right,44.58966451928427,34.607266040940885,1.6106277871876955,31.09140039634076,38.55011287955858,37.43692231296154,27.328310594559298,29.88824602117529
2025-12-12 20:48:00.586874,Right,36.261077124931035,27.081104964003316,-4.978642254325678,22.926824816604494,24.321405002163374,31.03972086965223,20.776206181399175,22.52206020244921
2025-12-12 20:48:00.590891,Right,54.724583843315486,48.5838036894711,18.44042557630746,43.36555821534421,12.042180312782875,51.85735041764565,44.01271509900107,42.84082239943382
2025-12-12 20:48:00.594845,Right,62.63513052689086,56.52205094235251,26.041447008574323,51.146184825498494,20.835370550921652,58.161953906703275,51.379282715992304,50.61385853905813
2025-12-12 20:48:00.598912,Right,37.50442344851035,29.13023484495352,-2.501173110642412,24.394938492463552,27.34924332369701,31.616993927542353,24.090778661338845,26.062483577348758
2025-12-12 20:48:00.602960,Right,15.296060521824984,7.323053718690062,-23.252224710289738,2.7838551672321046,9.679708324300009,12.713338725065114,5.956193513935432,7.10752706869971
2025-12-12 20:48:00.606966,Right,27.57869381456112,22.164479145169025,-6.61321262774436,17.167212621396175,-9.233974611983285,28.514211573899956,24.005814772477606,21.065098531995318
2025-12-12 20:48:00.609935,Right,46.753822830083664,40.87550869853294,11.316661760720308,35.628917840716895,-1.5204715774889337,45.384179449261865,40.666017153518624,36.74134355028218
2025-12-12 20:48:00.614900,Right,38.40306271708687,29.156932416080963,-2.451248467405094,23.90982464782428,14.93394119165896,32.50925342424307,24.6827933552413,23.967898709350266
2025-12-12 20:48:00.618966,Right,22.79659423349949,13.105939703556942,-17.812313028567587,7.3947578872030135,9.130022287397878,17.503787551657297,8.267865950751002,8.921791601474979
2025-12-12 20:48:00.622980,Right,32.93668003665516,26.91489312716294,-0.87657261442655,20.80574257907574,-7.235380108017125,31.847456802308443,24.84894981380785,23.017955754345166
2025-12-12 20:48:00.626988,Right,49.18319314108521,45.162252882902976,18.947584398978506,40.19853429913928,-4.469939764647279,48.8093848208955,43.64239059026295,41.03138597031648
2025-12-12 20:48:00.630999,Right,35.342437550541945,28.887122085056035,1.8829158478692989,26.333148012068705,7.937585648425738,32.05192619859008,25.4431036835158,26.212230704986723
2025-12-12 20:48:00.634019,Right,9.40830241990625,0.6802460469334619,-26.552463232037553,-0.3591238999943016,0.1806766244553728,5.341950440692017,-2.7369203257694608,0.03839341539423913
2025-12-12 20:48:00.638003,Right,12.679212360220845,5.137502236524597,-21.26506089754548,3.883323465124704,-19.973474969898234,10.361469427472912,3.959377146195038,4.0670052822097205
2025-12-12 20:48:00.641953,Right,33.283860409326735,26.973784012254328,-0.4900742830650415,25.213806748666684,-20.325871543609537,30.363344357174356,26.071898951937328,23.89584503749211
2025-12-12 20:48:00.647018,Right,28.340456286168774,20.48217824965832,-10.35040192573797,18.749122735694982,-3.9245805874015787,22.849942113331053,17.631718151460518,17.496315367432544
2025-12-12 20:48:00.651028,Right,3.450329843602958,-5.4172058116673725,-38.34381238235801,-7.6227000107755885,-3.8403523183515063,-0.9302562154625775,-8.158186826622114,-6.321455128461821
2025-12-12 20:48:00.654992,Right,1.9148351223266218,-4.785127073264448,-37.0227297864767,-8.347591420722893,-22.138512715122488,2.182594421421527,-4.959633655671496,-5.47675902346964
2025-12-12 20:48:00.659060,Right,24.854187397635542,19.574751891530468,-11.991452240246872,15.340708793344675,-26.008903558795282,26.463499207558925,19.72491728651221,16.527596398664173
2025-12-12 20:48:00.661996,Right,30.194108104915358,21.952797334219213,-10.300594847682078,18.836690600088332,-8.49693804475828,28.27711363241542,19.185272513510427,17.78583146474557
2025-12-12 20:48:00.666071,Right,11.001790135123883,-1.053906593544525,-32.51281345575262,-2.39138106633618,-1.2765480890520848,7.2879487702739425,-4.898449470259948,-3.432976770447567
2025-12-12 20:48:00.670088,Right,6.793861947313417,-5.566397568647517,-33.30058689951329,-5.808439439264475,-16.17498498709756,5.701287899457384,-6.449104106708546,-6.286222775830538
2025-12-12 20:48:00.674094,Right,27.326860429224325,15.579839058467769,-8.875681421242916,16.182298955289298,-24.604153070482425,27.24358008299896,16.85837833567348,14.428304864180973
2025-12-12 20:48:00.679096,Right,32.582845322351204,18.155099405208603,-6.275082157499128,20.049401042284444,-12.440926291717915,28.545775858365232,17.377033483920968,16.849393134878483
2025-12-12 20:48:00.683113,Right,8.119722407194786,-9.75511515600374,-34.824221080703865,-6.948623628268251,-6.245308326564555,0.9016197946330067,-12.916809273010585,-9.169014631974278
2025-12-12 20:48:00.687130,Right,-5.291148089876515,-22.48944966791896,-45.213473027031796,-20.003018371811777,-21.386831060954137,-10.481305173962028,-24.45149925622536,-20.330262898445653
2025-12-12 20:48:00.690142,Right,14.30665236619825,0.034218892324133776,-18.427773913908823,2.1373831725286436,-31.00171236071037,11.662092859798577,-0.05348445657728007,1.532464576230268
2025-12-12 20:48:00.694144,Right,28.73634106523241,14.055580712847586,-1.2038553385573323,17.44517389561952,-16.017504175382783,24.47116788108542,12.934072525968077,15.19456107786391
2025-12-12 20:48:00.698147,Right,7.942011837454629,-10.002012135082623,-22.550355271960143,-4.180981428682571,-3.3496859669903642,2.0371019780286588,-12.15433582629339,-6.356430582411122
2025-12-12 20:48:00.702216,Right,-17.4286090425594,-36.186255362707016,-44.67479936705513,-28.860865569084126,-19.106498876695696,-20.09413787764788,-35.46499689067423,-29.507920947384264
2025-12-12 20:48:00.707165,Right,-13.235722852536128,-29.832434834293963,-34.97174649369663,-22.422067329600395,-40.836521164528676,-11.838021864234179,-25.23400884631701,-23.191415626373782
2025-12-12 20:48:00.711233,Right,-1.1195487582299393,-16.99549253936857,-22.91101581530802,-9.622443768945232,-36.781567031266604,-0.681663691662834,-12.504895662634226,-12.691647332641878
2025-12-12 20:48:00.715227,Right,-12.626231203772477,-29.582299133347988,-39.027842081724884,-21.90803801286529,-20.91642145046353,-14.950121925081476,-27.465308076636575,-27.015991579872207
2025-12-12 20:48:00.718231,Right,-27.467356964451028,-42.948982489418995,-54.33665689839859,-35.45518842343881,-23.699490924824204,-27.89177942119568,-40.281668047231506,-41.752651810289535
2025-12-12 20:48:00.722232,Right,-12.438822056021309,-23.810772066899517,-35.25568402480644,-17.01055908278795,-34.9006208523424,-8.520222217564879,-18.428799554261786,-25.55884374940797
2025-12-12 20:48:00.726263,Right,12.691374118490785,2.4879413584421854,-10.57743508556905,8.999848567080335,-25.64769420835364,16.51941918412922,7.693406939499255,-2.5925178635079646
2025-12-12 20:48:00.730314,Right,8.010740262870968,-5.740497015067376,-22.26667409889069,0.7006877244493808,-6.7840077297332755,8.300091271965357,-3.486442514920782,-11.524472669596435
2025-12-12 20:48:00.735317,Right,-14.459606115568022,-31.207563194519025,-49.295767414825605,-26.00085280424537,-11.922711393979625,-14.273958285470144,-29.87556012847199,-35.54519149472617
2025-12-12 20:48:00.739341,Right,-14.05239762418205,-29.961383245048637,-46.42986021600154,-27.26940458343597,-35.59338223798295,-10.358467367470439,-27.343536450393003,-33.96206291756971
2025-12-12 20:48:00.743353,Right,3.4923238700139336,-11.499952328311338,-25.96058931700827,-10.694828681233048,-42.07913645149529,7.7884327579668025,-10.167460713408218,-16.47480597574031
2025-12-12 20:48:00.746333,Right,-0.8705460322817089,-17.85791581515514,-30.94805456242466,-16.828492741493392,-29.229368489097396,0.4219173140008934,-20.63636156623761,-21.98271188792569
2025-12-12 20:48:00.750320,Right,-24.158505266241264,-42.379650899543776,-52.158769479696275,-39.7022614635207,-29.44185614538401,-22.61120724657667,-46.4440581149247,-43.27158173132557
2025-12-12 20:48:00.754276,Right,-25.507137873617467,-40.995476118900115,-45.122942889072874,-36.560319589309074,-47.182817407080165,-18.625653317954857,-41.821933162183996,-39.638508792173525
2025-12-12 20:48:00.758338,Right,-2.29707660531858,-15.097160539291508,-15.278076258842702,-8.877927456189354,-50.34826089661237,7.870303268980933,-13.545738648652332,-14.131402139882994
2025-12-12 20:48:00.762361,Right,4.106085389415966,-10.547266838668293,-10.865732581953125,-2.2568379966032808,-31.343510899331307,11.660983589099487,-10.456035776303906,-10.216075416941749
2025-12-12 20:48:00.767408,Right,-15.511224326284719,-33.4648936288977,-35.13809587861397,-23.603305085482134,-22.58053595360525,-10.812046965860645,-34.37818710628562,-32.44530647742795
2025-12-12 20:48:00.770379,Right,-22.868237404996762,-40.524610116000986,-42.16576029552016,-30.278916958675836,-37.34806708531187,-16.89788215094086,-38.73014455907105,-39.36430236931483
2025-12-12 20:48:00.774425,Right,-6.6172401565054315,-22.326414286631916,-24.583706088251347,-12.035821066165227,-47.280386227776944,0.34617897461066605,-17.777786569293312,-22.531536399363176
2025-12-12 20:48:00.778361,Right,-4.169586026815523,-20.915988478631334,-26.40156290412051,-10.038764089520555,-36.716017907774585,-0.43393037415808067,-17.18821458902312,-21.6810266051707
2025-12-12 20:48:00.784453,Right,-27.473563697632926,-46.33251216095596,-54.9843323505047,-35.29057989998182,-29.910995694077428,-26.974727527336654,-44.3520772293723,-45.836826004233444
2025-12-12 20:48:00.787491,Right,-34.46745297153393,-51.43220956793448,-60.2178071719718,-41.933474970555835,-41.40508414006763,-33.235716697727185,-49.06190746844004,-50.680217833179995
2025-12-12 20:48:00.790457,Right,-5.420437790522556,-17.935491552700114,-25.624197324104898,-10.891508731137947,-46.31607280788012,-3.4911362852762977,-15.623791453244849,-19.552101452185525
2025-12-12 20:48:00.795419,Right,16.068380779706786,4.854826072541982,-3.480950429213408,10.291683672425279,-28.701912768117836,14.649291315301525,3.9078713131038967,1.2723706013466654
2025-12-12 20:48:00.798422,Right,-2.9028131036939158,-15.750284935220407,-25.163337984664395,-10.985831793270336,-16.222390955283117,-7.4120738012607035,-19.76439234618465,-18.216480737285565
2025-12-12 20:48:00.802481,Right,-28.878597979775805,-40.91102653789494,-48.915788393216644,-36.92806439598462,-32.82150149314111,-31.016371448415157,-43.703779758579,-41.40096888516382
2025-12-12 20:48:00.806492,Right,-24.45862161610785,-32.77457094964484,-38.02889246328414,-29.44237843839437,-54.57365659637799,-22.377048213656963,-32.69770060098426,-33.3949408135652
2025-12-12 20:48:00.810519,Right,-11.831393437718361,-18.758845210031723,-23.200641636914952,-14.740539449863718,-50.495089343661675,-10.106421417236561,-18.935697194505337,-20.07666142415215
2025-12-12 20:48:00.814529,Right,-24.193635537198134,-33.15325579061937,-38.25035093082988,-27.440532970636923,-35.3669714393327,-25.465946235057345,-35.174087347474156,-32.888764218295364
2025-12-12 20:48:00.818482,Right,-40.68319836379669,-49.90801579115123,-54.05386353256836,-43.44312808722225,-39.27935483392503,-41.23008894709528,-50.762043044538586,-47.32251017042063
2025-12-12 20:48:00.824541,Right,-27.097064963691082,-32.733227283911674,-34.61632823025866,-27.246874184022545,-51.6373618603393,-24.04773104114429,-30.554263904032723,-30.458327233373893
2025-12-12 20:48:00.827588,Right,-4.5863014459755505,-7.213777135420514,-8.699622638891015,-3.1151525593481892,-43.64104018915896,-0.920937150829559,-5.0369818625395055,-6.848388424913537
2025-12-12 20:48:00.830577,Right,-14.304030453742598,-16.90070221836686,-19.78502150276472,-13.635816469683618,-25.33253555133342,-12.564649053419998,-17.41462650938047,-16.46550014713921
2025-12-12 20:48:00.834580,Right,-40.85693809739678,-42.588110920692884,-45.10085400466778,-40.32887608504643,-28.269309821160277,-38.267383210397384,-43.63412554778279,-40.57594246085682
2025-12-12 20:48:00.838612,Right,-37.8115226125974,-35.76335586228561,-35.44050772751507,-35.06674662084606,-45.585190479225275,-32.60800467985882,-34.85140769831469,-34.24792993077244
2025-12-12 20:48:00.842613,Right,-11.084795668285551,-6.78585387801013,-4.644851128599839,-7.036921698567767,-43.19289885313265,-7.953019435558417,-6.056624965129231,-7.870142076697448
2025-12-12 20:48:00.846564,Right,-7.4567081384784615,-5.499581624593702,-3.9148560429239296,-5.363706207118412,-22.915712938385695,-10.868783337316927,-7.791736812261661,-7.70753076539404
2025-12-12 20:48:00.850643,Right,-29.388354055712625,-30.056556728912255,-28.291310440545203,-29.25945802089518,-19.43280706558653,-36.2490570586142,-33.42218474033143,-31.26865315602663
2025-12-12 20:48:00.853661,Right,-33.54199456232345,-32.99340248885983,-28.625288163013465,-32.05405822239936,-36.3094928141727,-38.564281265968475,-33.93991150056718,-34.28773719450692
2025-12-12 20:48:00.857659,Right,-14.440043086622609,-12.216132788309551,-5.671515999594703,-10.608060642003693,-40.812051928427536,-18.556190622701592,-11.621786417445037,-15.296643163404951
2025-12-12 20:48:00.861685,Right,-15.643297334893763,-15.487984521219914,-9.202833609946538,-11.940830896681291,-26.679884137483896,-22.313509054956057,-16.193695899797603,-18.640674808208132
2025-12-12 20:48:00.866626,Right,-46.72365601812703,-49.00923507489097,-42.99687131322571,-43.80088820412857,-26.114061570457125,-53.62128498040693,-49.90570074671268,-49.647856380892335
2025-12-12 20:48:00.870701,Right,-61.755906287423386,-61.58987555524436,-53.99616693092685,-56.72045285702916,-47.707441369137086,-63.83282006406898,-59.72382945736172,-61.17879232422638
2025-12-12 20:48:00.874709,Right,-40.275529416530844,-35.08537709855409,-26.715800346893957,-31.803234748065734,-56.50278264959343,-38.69048055834173,-31.930073952520615,-37.40961120439897
2025-12-12 20:48:00.878721,Right,-21.154953154481518,-14.164505085191195,-8.1894547523043,-11.94917935574449,-35.07011263372988,-21.23786430336986,-13.843189993142005,-19.707990498412983
2025-12-12 20:48:00.881725,Right,-30.319688252636297,-24.076785652694525,-21.002994245391164,-22.460545558169542,-15.099999535043025,-31.948609924688753,-26.31148490482883,-30.177712069951667
2025-12-12 20:48:00.885723,Right,-37.970206482012145,-30.161805829471632,-27.044668692309642,-29.906905871106574,-21.904001171955315,-35.94283289718442,-30.93307911046577,-36.07999499140351
2025-12-12 20:48:00.889752,Right,-20.03653398831557,-8.873928672164766,-4.138397178277955,-10.629453322075278,-32.25373633477284,-13.67668190976292,-7.81859023294237,-16.375233147118706
2025-12-12 20:48:00.894758,Right,-5.8189307815791835,5.699375539559696,10.497883981122868,2.520136745100899,-21.285916790628107,-0.04171185754967155,4.42830110948853,-3.315631408524496
2025-12-12 20:48:00.898759,Right,-23.29997861710217,-14.140143612548854,-9.849591851132573,-17.953901293094532,-10.025099445847445,-19.32709287988473,-19.30339235496649,-22.264085643273575
2025-12-12 20:48:00.902796,Right,-45.408636349906374,-36.33251192139505,-30.18806046388636,-40.67130751386139,-24.778634514164878,-38.77567140182873,-42.110010328709905,-43.27926835369726
2025-12-12 20:48:00.906802,Right,-39.21956019823665,-27.82462962137288,-18.532304600179486,-32.272526682972966,-45.78941636424133,-29.123898022413414,-32.39522868742279,-36.25874871854103
2025-12-12 20:48:00.909831,Right,-26.59172148306061,-15.723024158975022,-5.4408806473365985,-19.06035364163472,-42.60222247601632,-19.02548841222051,-21.69312855379394,-26.474480919692724
2025-12-12 20:48:00.913813,Right,-41.4370690917749,-34.6107307847451,-25.120768491025956,-36.37218278380533,-29.59682274347142,-39.60708025637905,-43.22926921128965,-44.75853306335921
2025-12-12 20:48:00.917801,Right,-63.52928494846128,-58.5190830285901,-48.29753467448609,-59.85989993060139,-37.45412342299824,-62.49972816924128,-66.12276147952434,-65.68849439855694
2025-12-12 20:48:00.922879,Right,-54.81955617584026,-47.20584298320318,-34.88532030212082,-49.20377995673698,-54.73324377825338,-49.652800513802504,-50.77446284405596,-52.443572894444515
2025-12-12 20:48:00.926865,Right,-30.781545251637,-20.937558353365603,-8.640163243733696,-23.226557895966835,-48.91862599164597,-23.331608779255475,-22.800880101563962,-25.847990257490892
2025-12-12 20:48:00.930862,Right,-31.89561312677688,-22.823907411129767,-12.867782270033786,-24.899226391014963,-26.885131563532923,-25.085932030207914,-26.22482694165228,-27.144845450515277
2025-12-12 20:48:00.934902,Right,-48.67607226898326,-39.47567807223459,-30.3010118323582,-42.0286981133213,-22.2087093703376,-40.3726568449747,-43.40896856557083,-43.37199636470905
2025-12-12 20:48:00.937896,Right,-40.656750031204865,-28.371467193177523,-17.30413831117039,-32.036060541697225,-33.67624309346138,-28.856973147849203,-30.854306737059233,-34.078197138798714
2025-12-12 20:48:00.941939,Right,-13.300401214863086,0.33087910254471353,12.341240679976181,-3.386447158874944,-29.552152440621285,-1.9775837760789727,-2.392866474339826,-8.204934261273593
2025-12-12 20:48:00.945863,Right,-9.45114128651403,0.6516302088966768,10.759352226661576,-1.377946493037598,-9.255495881268871,-2.581158688321011,-4.223599064545851,-7.9321584883582545
2025-12-12 20:48:00.949861,Right,-30.730617458211782,-24.321511817481223,-16.189834171345865,-24.489343419350917,-6.04306264231127,-24.830957232024957,-28.492370291845873,-30.04515864916175
2025-12-12 20:48:00.954938,Right,-35.373764414220204,-28.048258400594932,-20.12754921802116,-27.68583765704534,-24.834424411492364,-24.976288419413322,-27.740680481707386,-32.144520085646946
2025-12-12 20:48:00.958944,Right,-17.264158213158225,-7.584190563829907,-0.49319673723948654,-7.48604070258807,-32.29515965977771,-4.243937672486936,-4.760384459215857,-13.08635065688577
2025-12-12 20:48:00.961945,Right,-17.176907898116042,-8.663622028474492,-4.578959845923237,-8.683690591693448,-18.167860891699092,-7.48543640974458,-8.447469551414542,-15.837072444344813
2025-12-12 20:48:00.965946,Right,-43.8755031368637,-37.9835482484159,-36.238182980210695,-38.555100477642554,-12.838122693246987,-37.82176897059253,-40.91083487246215,-45.089727085476625
2025-12-12 20:48:00.969965,Right,-54.12154785927123,-47.65912091933933,-45.27608506526303,-49.786743220211065,-28.793741218156356,-47.23518370342572,-49.87542081474385,-54.42311098072241
2025-12-12 20:48:00.973923,Right,-31.808800596107176,-23.220376121003937,-19.80687008847599,-26.588888407794002,-36.837121545795526,-23.241068495524814,-23.344711076890235,-30.136799833999248
2025-12-12 20:48:00.977995,Right,-18.92510517777555,-11.236417252701358,-9.35046456973214,-14.08515975708724,-21.7374881747819,-11.206489893891558,-11.18945811726735,-16.57584692225646
2025-12-12 20:48:00.983014,Right,-38.707153326529806,-33.582483704405604,-33.88155597198056,-35.04680623226159,-11.784475875312637,-30.370185079878866,-32.9047355448638,-34.93252452812885
2025-12-12 20:48:00.987026,Right,-53.433952098694135,-47.8967348508595,-47.92342630882922,-48.974006689510134,-26.218324890069198,-40.19321172026321,-43.43974276572408,-46.48984281622688
2025-12-12 20:48:00.991029,Right,-34.605080433288094,-26.931494843156543,-25.551301823223184,-28.61404163374391,-38.50398521596071,-18.10772069363884,-19.028190372038807,-26.836563482909696
2025-12-12 20:48:00.994044,Right,-14.07423380909313,-7.703348134789849,-6.838527603838884,-9.73853237030562,-24.11960986370832,-1.4552590372077248,-0.9822350201866357,-10.68715665491618
2025-12-12 20:48:00.998050,Right,-23.49855873543129,-21.13244500818837,-21.76015309603099,-23.35829015474883,-5.4938783065081225,-17.026577107870253,-17.846736210871313,-25.786108627660724
2025-12-12 20:48:01.002009,Right,-37.3174995035406,-35.75430935963959,-35.8349945489972,-39.009102035117394,-11.514942940608307,-31.983641405702656,-33.42200325617887,-41.49672670310247
2025-12-12 20:48:01.006076,Right,-24.667193615954602,-20.010777891300677,-18.168271332127915,-24.533474268195278,-26.5686971471805,-17.579338301475218,-17.233148367995454,-27.92658449566079
2025-12-12 20:48:01.010096,Right,-10.237438614050916,-4.215049470316444,-2.1940065731905634,-8.534545162176073,-22.527818395399663,-4.714745276643953,-3.612161084158288,-13.617298963625217
2025-12-12 20:48:01.015068,Right,-26.377777323716145,-22.402178691925656,-21.625200819697056,-25.15607942824863,-10.782265251749777,-24.156253989491233,-25.165750342850515,-30.527087064037914
2025-12-12 20:48:01.018142,Right,-46.389317413646495,-42.81276066475402,-41.44079773408157,-44.61524070599262,-16.39925745459186,-43.19743221417957,-45.23463397871819,-48.85047640551056
2025-12-12 20:48:01.022102,Right,-29.420828314228856,-22.468706029125315,-18.614766093545768,-24.773197466376587,-26.84749605050456,-22.250092617228802,-21.500486937766254,-28.555457390466472
2025-12-12 20:48:01.026157,Right,2.647732423778507,11.788433317269664,16.568989834464446,8.7606864760819,-15.098391409323085,10.30870356790183,13.80506876155414,4.758664306260471
2025-12-12 20:48:01.030152,Right,0.0973963950164034,7.211247316219669,10.69749277318624,4.162032723535958,5.671929226235079,4.824932745770639,7.327904836798552,1.5975559416110627
2025-12-12 20:48:01.034178,Right,-28.76520967243414,-23.599370293748507,-20.39031139695726,-26.630954081563686,1.1187643878511153,-24.56340629137776,-23.592544491308217,-26.139261001255363
2025-12-12 20:48:01.038169,Right,-35.5260074016478,-28.735394985931634,-23.68941899749916,-32.1380561789847,-22.666086028584687,-29.46547133304557,-26.233824216898938,-30.25020251866954
2025-12-12 20:48:01.043207,Right,-18.161030262308486,-9.811689247049799,-3.759934693473042,-13.072761509625707,-28.34935294326715,-13.676837001661625,-6.794230078958208,-12.68389001453761
2025-12-12 20:48:01.046192,Right,-18.154310132282262,-11.992108835809631,-7.122074911749223,-14.232181932362437,-12.501326266305114,-18.505364941072912,-11.369732008191932,-15.099902746427688
2025-12-12 20:48:01.050195,Right,-39.707704458043736,-36.16909439992014,-31.89964770221559,-37.78476590034552,-9.176075684699754,-41.072255223687534,-35.887204892111185,-37.18280463885458
2025-12-12 20:48:01.055225,Right,-44.031808387706405,-39.31819242564234,-33.451362721847545,-41.58417233917862,-26.98260013195977,-41.07876884871803,-35.60030323424144,-38.66330468606611
2025-12-12 20:48:01.058213,Right,-25.795214281439257,-18.680478191250586,-11.708550141032902,-21.950968837729306,-35.393850582811865,-20.42466468632847,-12.86559071562806,-18.15968792347121
2025-12-12 20:48:01.062232,Right,-24.941582969549927,-18.61804942748131,-13.009183478934574,-22.442728726666246,-23.413542103437067,-22.700786993973452,-15.228921568224905,-17.929147305978404
2025-12-12 20:48:01.066257,Right,-50.17646439150121,-45.81052793523122,-41.37535430033313,-50.475633262736665,-19.30762953098747,-50.706089771487314,-45.32746482771472,-43.727318916535296
2025-12-12 20:48:01.070309,Right,-58.536198314861394,-52.84457651634875,-46.739743215744966,-58.991680238585104,-34.77238489140291,-56.79094523827007,-51.88388849552575,-50.38681433635065
2025-12-12 20:48:01.074320,Right,-32.91320855740196,-24.497978537074232,-16.012334395913058,-31.307715696450032,-40.53775521218631,-28.130835847834533,-22.251462211635953,-23.52576608484378
2025-12-12 20:48:01.077313,Right,-14.870515913054987,-7.35176392737776,1.1956133806961589,-12.88407285874564,-21.236813873088977,-10.711716182988312,-6.173187383297773,-7.023320712869463
2025-12-12 20:48:01.082306,Right,-30.540333300989005,-26.35305876073835,-18.630331576117896,-29.950716037550592,-6.7138586032015155,-27.201106503256597,-26.254577282059472,-24.48585031352559
2025-12-12 20:48:01.086313,Right,-45.14265611321753,-41.383450130495476,-32.51816095501272,-44.268242329824716,-19.14391918633919,-39.26777959527317,-39.878765851215576,-38.89080650843971
2025-12-12 20:48:01.090327,Right,-28.061891406694485,-22.025796555120905,-11.340230187874113,-25.247570369494497,-32.44047460689035,-20.666772638680413,-19.95764488943678,-22.39968528594909
2025-12-12 20:48:01.094350,Right,-7.044161860139866,-1.1137421553285094,9.071942716029298,-4.4378783583888435,-19.44879203416349,-3.628488686925266,-2.7421624318449176,-5.242437330278335
2025-12-12 20:48:01.098425,Right,-13.551322144863661,-10.524355287976505,-2.1356983886798844,-13.68408310898667,-0.6340729047078639,-15.002048002636002,-16.33301358292374,-15.430121959216194
2025-12-12 20:48:01.102369,Right,-24.083601139900566,-21.994070640466816,-13.525001699585118,-25.268955596373416,-5.144728499246412,-24.81203793487657,-26.807276434832602,-25.304524458835658
2025-12-12 20:48:01.105340,Right,-7.74453501230164,-4.015200177636871,5.873215191575582,-6.78431161831395,-17.872429303039098,-4.912338254533097,-4.381608658608457,-6.206309905886883
2025-12-12 20:48:01.110396,Right,10.924729315116565,13.9690118753133,23.600855666845746,13.689745250907436,-10.761480154025776,13.4063684995308,15.505881165139726,12.660341707894986
2025-12-12 20:48:01.114455,Right,-4.50352543873305,-5.439718852365331,2.7104721715149935,-1.9988489246970857,2.7342411624194938,-4.927048368936084,-4.9543569036904955,-4.370254387111345
2025-12-12 20:48:01.118485,Right,-31.245019721245626,-33.98439160763519,-25.27151297758246,-27.956240004314168,-5.91248550068849,-30.63639552949826,-33.16916301825404,-30.682609526273154
2025-12-12 20:48:01.122453,Right,-23.26840981341229,-23.229552597353177,-12.057304922374897,-16.61797298586316,-22.859517600889376,-18.3004434242539,-20.59746005471243,-20.898379937338177
2025-12-12 20:48:01.126431,Right,7.816689119299554,10.316835675854236,22.096262814731745,16.862400979378435,-14.009966143050406,13.993012780461868,12.246000077160716,9.792934205346683
2025-12-12 20:48:01.129476,Right,13.410229896046076,14.589628530484333,24.292697110598965,21.370510309650854,11.056604846999107,17.37557618032224,13.712936499807256,13.622064046896412
2025-12-12 20:48:01.133436,Right,-8.537624720433087,-8.869653166955686,-0.4404767130945402,-2.3424926346197026,12.189037177799037,-4.110297071001696,-9.725727594614,-7.392856090555142
2025-12-12 20:48:01.138522,Right,-17.46996201643924,-16.315043421971495,-6.792451566252566,-11.037500248086872,-12.07653864396707,-9.397313283057883,-13.832129723148682,-13.125658521246805
2025-12-12 20:48:01.143643,Right,-7.008284980067401,-4.6424890186754055,5.543962557723717,-0.5254547778677079,-23.374006929967436,1.537068990910484,-0.5468659484176897,-1.7714668254338903
2025-12-12 20:48:01.147611,Right,-9.566662426517723,-9.34312392299762,-0.545742529360723,-5.513839335995726,-10.73886840173509,-4.796301167050842,-6.778417319943401,-6.332050877004804
2025-12-12 20:48:01.151554,Right,-26.395713941630675,-28.271009027419495,-20.561215529945912,-24.80056539731595,-4.179747792251874,-22.86052915279288,-25.71996527184092,-23.914599113144504
2025-12-12 20:48:01.154562,Right,-21.068633883936855,-21.51306743038731,-13.39743097900282,-19.356344952822838,-14.656624258896045,-13.980820827644493,-15.770933704123308,-17.375953331960773
2025-12-12 20:48:01.157584,Right,8.69056165524671,9.647179255902302,16.76691493767794,10.372109406591335,-15.473383350639779,17.36334307885045,16.836753093408333,11.175768179571605
2025-12-12 20:48:01.161616,Right,18.44787865745093,16.095255383457697,19.11450851628615,16.22056567081745,1.8020382165850606,22.908405411537387,20.314594874031172,15.962145119578054
2025-12-12 20:48:01.165597,Right,-5.251190322516777,-12.764719587488798,-13.739914984696952,-13.174447203229647,6.9005343216631445,-5.082879485547892,-11.244928397703916,-11.865169784465252
2025-12-12 20:48:01.170615,Right,-19.401647023161786,-28.08276832444244,-29.824131187015155,-29.86583750792488,-12.77544797207156,-18.619724891352234,-25.028173818871437,-26.20803986925239
2025-12-12 20:48:01.174614,Right,-2.5765535098398686,-9.439348046198575,-10.529858673795388,-12.36465667763332,-26.40075134885774,-0.034188769990578294,-3.7073306108868564,-8.287555745559075
2025-12-12 20:48:01.178645,Right,6.9726903292685165,-0.4115255382748728,-2.358056404740637,-2.779291498060047,-15.10310496686725,8.081071381075162,5.455127176315727,1.0347812219770276
2025-12-12 20:48:01.182587,Right,-15.725757836422417,-25.73808927940263,-28.94855039916729,-26.638242647764855,-5.651409595935547,-16.041340801231854,-20.00512339418856,-21.46393589876243
2025-12-12 20:48:01.185652,Right,-34.54904013259511,-44.592334567965736,-47.22410383681199,-45.10409517012158,-19.56274344691701,-32.673089727970364,-36.414807236498746,-38.44253021361874
2025-12-12 20:48:01.189613,Right,-18.221433627630176,-26.109072644103435,-27.956149933841516,-27.510266668010445,-32.34128517331919,-14.881472892186139,-16.107314275282988,-21.99327398157766
2025-12-12 20:48:01.193678,Right,3.2303912121824396,-5.541275103918451,-9.228872896845132,-7.641458448189951,-18.89569794765339,2.183269811208447,1.6588830632281315,-4.563056716840947
2025-12-12 20:48:01.198705,Right,-4.684827605953615,-17.54742352127505,-24.034946987379953,-19.559290947443515,-0.711690092630306,-11.830471841924009,-14.706036953419243,-16.584068663254584
2025-12-12 20:48:01.202640,Right,-18.080856292868702,-32.386545870118425,-38.780103388598945,-34.21090623453347,-6.667231646948494,-25.872522424455383,-29.82742291095201,-29.10436862435381
2025-12-12 20:48:01.207707,Right,-2.4125085317100456,-13.6769153653986,-17.75684736435869,-15.4431861307894,-20.238599231495755,-7.023068730428349,-8.571114418136858,-9.286048150490387
2025-12-12 20:48:01.210749,Right,19.58948024844358,10.98512338243745,7.36583503294969,9.537991375793354,-11.61654766880747,15.63223335843577,16.027642046512483,15.134497842635028
2025-12-12 20:48:01.214740,Right,8.36806257662829,-0.26144437581388047,-5.700729837342806,-1.6092861654506123,5.78135483463484,3.3971735469785926,2.2691876308017527,4.420627686908119
2025-12-12 20:48:01.217740,Right,-17.90546291994542,-25.436824015851016,-31.53621345483407,-27.782150292132428,0.755490145598742,-20.022446576982475,-23.062226317008026,-20.22467873308051
2025-12-12 20:48:01.221753,Right,-15.431095644365996,-19.443414466222748,-24.4084841277363,-23.047255031626264,-16.713592717653228,-12.451958944569924,-14.723311926762108,-15.875170815499587
2025-12-12 20:48:01.225769,Right,5.350916845545726,2.2532047888889792,-3.075970350204443,-0.9198078079389234,-13.98007008283821,8.467657477493049,7.19081340782941,3.5062554712094425
2025-12-12 20:48:01.229751,Right,1.5363425500763697,-5.649348938066396,-13.78890687859166,-6.647788465823396,3.465666252272058,-0.31569140107421845,-3.113516199115111,-4.073421177236014
2025-12-12 20:48:01.234801,Right,-21.40613365889294,-32.31372869561892,-42.57525472779162,-31.57891765111708,2.135412615178211,-26.05505578220982,-30.29547197089414,-28.697369982739474
2025-12-12 20:48:01.237810,Right,-21.324930277860403,-31.094983526709257,-41.43583266958922,-30.405287919129478,-17.538044054890634,-24.623905935633957,-26.993505254802585,-27.843764066867152
2025-12-12 20:48:01.241825,Right,0.8976714817254106,-6.299570217310247,-17.23539293214526,-6.325840942688956,-21.838800336583517,-2.7259832229501626,-2.1463045334203343,-6.2240917668859765
2025-12-12 20:48:01.245835,Right,3.5820603132124234,-4.004659925005399,-16.995721485660397,-4.0242358257492015,-5.400473612706264,-3.766992368386127,-3.004312221932196,-5.942081821125612
2025-12-12 20:48:01.249847,Right,-16.81341224573589,-25.29863879793629,-38.728247874985755,-24.944440535855392,0.34631617625746003,-25.116128016225048,-25.873399558902747,-26.550934386672452
2025-12-12 20:48:01.253859,Right,-18.379945686212523,-24.47194450823372,-35.23592633939734,-24.239417187178333,-13.211251792479743,-22.19459565334182,-23.03012009187296,-25.265036418732052
2025-12-12 20:48:01.257878,Right,7.396109435947437,4.193104611138551,-4.0729207097501785,4.220241909828474,-16.333203591466372,7.548679657698813,6.853408849889092,2.3892286643949774
2025-12-12 20:48:01.262889,Right,17.558178122120808,13.263192485075706,4.870088125777329,13.768347719342273,1.4576980487781839,17.52519086344546,13.898541517188278,12.04682152672649
2025-12-12 20:48:01.265874,Right,-4.126246821921086,-11.131511685685837,-19.66519463520126,-9.850061237972113,9.883519719938704,-3.3201264179042482,-11.40379028848838,-8.529814095703841
2025-12-12 20:48:01.269838,Right,-16.864694980156855,-23.155858456055284,-29.046559363971937,-21.342825106001328,-5.287698196571,-10.604906218162796,-19.785802879681796,-16.563639626245276
2025-12-12 20:48:01.273900,Right,2.6201007386207493,-1.095188119357772,-3.52331702680749,1.7293008171727706,-13.278828036292907,13.13558267006556,6.615558073382999,7.127780869193884
2025-12-12 20:48:01.277918,Right,18.41374901962081,13.805829392356827,12.835328463800579,18.732977415045752,6.6312510155567,26.564195173228654,21.92940540833297,23.114610683509454
2025-12-12 20:48:01.281953,Right,2.8480099931311997,-5.503910048351827,-5.499759510724289,1.2232927611057676,26.704918432931663,6.551778510069198,1.1774755832248047,6.140414022333061
2025-12-12 20:48:01.285967,Right,-13.358434640775158,-23.032927085328993,-19.750251486545494,-16.670510993544667,20.3049090528566,-10.014603054638428,-15.75340857462652,-9.906717064099212
2025-12-12 20:48:01.290948,Right,-0.008577896471251734,-8.315692960784872,-0.9248416567265849,-3.97078202603916,8.427616282596318,4.115638460998525,-0.15416647305937659,3.4429782194110885
2025-12-12 20:48:01.293909,Right,17.25436454665214,8.368676739339207,17.2450209067606,11.213432997335985,18.83155927471762,17.75152289911057,14.278150620437373,18.12154229293992
2025-12-12 20:48:01.297969,Right,8.043203793410612,-3.441091412636524,4.786636898471443,-0.878287565030405,35.28097158005676,3.4534830171724025,-0.6281009030244604,6.17987788553819
2025-12-12 20:48:01.302047,Right,-4.790729414934503,-15.789553139731652,-7.280770657728851,-13.436634654419322,29.753263598636295,-9.62974169433619,-12.662827969688806,-6.3682097326072835
2025-12-12 20:48:01.306011,Right,9.649843619835337,2.7781215799877828,12.084528105751815,4.470152253130436,15.055764412965345,7.382836233641683,7.753043557448109,8.990975422213523
2025-12-12 20:48:01.310030,Right,29.434741241702795,24.54995240190692,31.973745696792776,25.921007537803234,20.01825582382844,25.873299067216067,27.937681784213964,26.10261154170894
2025-12-12 20:48:01.314046,Right,19.87499790851689,12.515789276245414,15.639740524738954,14.109841497388516,35.33214366531092,12.089624440347507,11.907784585832815,11.57411319143148
2025-12-12 20:48:01.318082,Right,-0.06768259226646478,-9.67880884238366,-9.539012761639242,-8.204755475170714,31.8958077769164,-8.201701375770426,-11.269363820604667,-11.162835755597825
2025-12-12 20:48:01.322005,Right,9.410791671172774,0.5901504539888265,-0.12467900481624383,1.4952853827071522,16.752855059756882,5.115209271137246,1.2498300098304753,-2.364852956417508
2025-12-12 20:48:01.325026,Right,34.971796738427656,26.186513151879808,23.76370051136928,27.24723964531495,19.968216407524324,32.497338535461495,27.237993068668857,21.082534533676153
2025-12-12 20:48:01.330085,Right,32.0180149290527,19.865176964725833,14.363924519169814,22.174496761206683,35.84195335298352,28.4873960191494,18.482541441389003,15.003918622854144
2025-12-12 20:48:01.334116,Right,5.0988202425969575,-9.833535839128672,-16.23995394940721,-6.471383019490531,30.838057500701552,3.3387901435867207,-11.79092713709315,-11.987234114593422
2025-12-12 20:48:01.338112,Right,-0.5325940008146972,-14.08000078465102,-17.883271501672425,-10.576274669694612,6.1848749540813515,3.1127251670984606,-13.418273539355368,-14.32534426482016
2025-12-12 20:48:01.342143,Right,18.683611737653337,7.368007690763989,6.191862715251773,11.369833526520779,-2.173924058560715,25.06092872520867,9.249662708781102,7.544417329840371
2025-12-12 20:48:01.346099,Right,20.49137345306258,8.110577571817885,7.17554323861259,14.068806388449957,11.927422128555463,24.817695666954933,7.9234478825966335,10.066703715176118
2025-12-12 20:48:01.350160,Right,-2.160019205341314,-16.62771255327425,-17.44540977078759,-8.298805851515908,15.250762983358527,0.9721637749071306,-17.778460411508604,-11.031992038220778
2025-12-12 20:48:01.354173,Right,-7.34125835436646,-21.282270019066345,-20.18169702906016,-11.636640022234943,-2.3998611870511013,-2.123700375859812,-19.74719194197678,-13.408190031240792
2025-12-12 20:48:01.357181,Right,16.409732318972146,3.1376824963222134,5.601906710820913,13.434669024297818,-10.44931051954336,21.35379320810536,7.130756056665177,10.867149620115924
2025-12-12 20:48:01.362179,Right,27.688365124805784,11.543746782004519,12.668092340582007,22.89949853142707,4.211537377473178,27.144073693261817,14.842408404673279,19.745870593859763
2025-12-12 20:48:01.366150,Right,9.227322668171723,-10.010316234984316,-10.614122349183162,2.309652715422999,13.172272308127503,4.3902393575757515,-7.303616424506345,0.6365591591575139
2025-12-12 20:48:01.370228,Right,-0.30514077962300235,-17.303058842235227,-17.433103843843128,-5.310261903694027,0.7946034898905054,-3.2763609640463756,-12.495445254086007,-5.425935671350999
2025-12-12 20:48:01.374222,Right,21.690074955512955,10.145319844416008,10.738248311805364,20.932851160076098,-5.462517495671818,21.52735260942609,15.86826392457715,19.712538116425094
2025-12-12 20:48:01.377231,Right,40.12471364461476,30.60301594987459,29.343352192616294,40.65831505084134,13.465545704168107,37.675961186302175,32.407408561982265,36.86031016877314
2025-12-12 20:48:01.381234,Right,26.75598003273126,15.525762530605789,11.557962794729974,25.192158148047383,30.070915351137955,20.135508157128243,12.257764402989778,20.41948511681767
2025-12-12 20:48:01.385315,Right,10.149218985835887,-1.1402647944187265,-5.213744412874803,7.378188506079823,17.926642775419168,2.7146278583754793,-5.309193307586611,3.1895615199118765
2025-12-12 20:48:01.390293,Right,19.82743505577355,11.024598826804777,8.787047787474876,18.066723148631354,-1.3248041206879861,12.428396565091134,8.756931483817425,13.844486242733183
2025-12-12 20:48:01.395304,Right,31.221647887504332,22.936807600616703,21.329389063415874,29.661597800898562,2.1116704769374337,20.307294696992813,20.83939324007588,25.027133060209962
2025-12-12 20:48:01.398314,Right,14.832780616861783,4.422718947063913,2.3992175966013747,11.750057786186517,13.772955960026593,0.1561870851387539,1.2716931842878694,8.240754297226886
2025-12-12 20:48:01.402327,Right,-3.8625398457998017,-14.149049674952039,-14.947815437219106,-7.120802263778387,6.426398969459115,-16.805055804326912,-16.105488519348,-8.767438483988371
2025-12-12 20:48:01.405316,Right,11.509118496237534,4.946330911946461,6.601898197790433,10.318413202070587,-5.785810474548271,3.135466091373928,5.1179293761488225,8.525605859422285
2025-12-12 20:48:01.409309,Right,40.36284998943438,36.25655783217371,38.46582143799969,39.99265978078074,6.31358627832924,32.18580513574216,35.037573784740744,36.32505498206956
2025-12-12 20:48:01.413252,Right,40.194294895071835,35.38484152472574,36.32784573172103,38.09514125487476,29.380301715505993,28.358286890175805,29.973915778862647,34.068294878561574
2025-12-12 20:48:01.417338,Right,20.783362185734404,16.94854544028749,18.35854504571398,18.35858879407897,28.15802342997813,8.213311487339524,9.762968814702617,16.40409183842894
2025-12-12 20:48:01.422333,Right,21.18151449447123,22.305404065360563,26.655136608565954,22.09473111404077,7.664119967826991,11.426264482151964,16.665134107810445,22.118700654284112
2025-12-12 20:48:01.426369,Right,34.342495998464074,39.147391234424504,45.60574150661705,38.41724870182588,1.9735589712854562,24.925989027311516,34.17518519696023,39.161843498985036
2025-12-12 20:48:01.429303,Right,21.974073846455212,25.437182052959542,32.02903068732121,25.757494916741052,11.72713339055008,9.727079635421433,19.52477453260508,27.961188614408456
2025-12-12 20:48:01.433347,Right,-8.497798864413198,-7.000107339354145,0.7785594689121353,-5.471356939426187,7.025816232262514,-20.48480796545391,-11.149739813605265,-0.2255304664358846
2025-12-12 20:48:01.437383,Right,-11.645975076237846,-8.290147221690859,2.972479283118446,-6.356628091400125,-11.925056382442563,-19.12438078802188,-7.297499463677013,1.0153509462506918
2025-12-12 20:48:01.441389,Right,15.791551948645974,21.558278554664867,35.45248914236436,23.78732045806464,-11.59634195279068,10.18276361628432,25.64264227786407,30.76071070557009
2025-12-12 20:48:01.445419,Right,30.025159868584524,34.45982908337828,48.37151846277993,37.217889941652174,13.289881756278191,20.98132472335965,37.036078829209146,43.52589265340794
2025-12-12 20:48:01.450433,Right,17.59753915751935,19.877448329209074,34.13997306780948,22.251085191406673,27.091140226542848,6.2254143184991335,20.801037276765783,29.813176963121805
2025-12-12 20:48:01.454435,Right,12.29992056836636,16.244263316057186,33.35377453487308,16.67849301226306,14.212502773649248,3.5209536627244233,18.57986650329258,25.776045539067127
2025-12-12 20:48:01.457386,Right,25.12278284391232,32.2656562134016,51.887136159937654,30.505629585173665,3.0024147672447725,18.568880749599884,35.70440146258079,39.25824097243458
2025-12-12 20:48:01.461451,Right,21.90889278033046,28.903821951609643,47.72034140796313,26.174356047744368,10.472605538252537,13.325411771726976,30.222194932703133,33.97970026779876
2025-12-12 20:48:01.466424,Right,-8.254832481587073,-3.0649268689121527,13.553609021488228,-5.837146654401295,12.536123203466559,-17.997340872761924,-3.7623389011823747,2.2351850545637717
2025-12-12 20:48:01.470479,Right,-23.644353316654815,-16.665638518506967,-0.5641449194299639,-19.535676574527315,-4.888973421020637,-28.901141954129344,-15.964517829670513,-11.604178239493194
2025-12-12 20:48:01.473448,Right,-0.3491587813723527,11.21310437181819,27.368517030859948,8.571358352030074,-13.028706182933092,0.29505850193072547,13.872824984449835,13.846138089698798
2025-12-12 20:48:01.478504,Right,24.30321968885346,37.9175188023346,52.33822405522369,36.77103824952064,8.649945319979452,27.06018010052776,39.7540627524686,38.86902969444782
2025-12-12 20:48:01.482545,Right,16.789322301462562,29.65610024000307,42.2963988694537,30.60469414887484,31.803438157443452,21.000876793523275,30.507766579739837,32.395183142099995
2025-12-12 20:48:01.485561,Right,2.3306080641177687,16.083249794930452,30.08865689423692,18.19726476115102,26.406177190121525,11.73103472785715,19.161953959635866,21.731199572041078
2025-12-12 20:48:01.489547,Right,10.910973072365778,27.107823208876653,44.39029791817302,29.490536326973597,10.255398858127592,24.923283297032867,32.788580951346376,33.43091061440646
2025-12-12 20:48:01.493505,Right,18.92563915089613,34.43321466843554,53.2271352275493,37.24399561590508,11.837858936050907,30.661530640545607,38.676726439654885,40.26506860869631
2025-12-12 20:48:01.497580,Right,-2.9312426407177554,8.787074397365359,27.529527565522585,11.777705242566299,18.447689105174504,2.975253009698463,9.543673399752151,15.440952800676314
2025-12-12 20:48:01.501618,Right,-27.443928659856283,-17.024115448435623,3.279812508430041,-15.524494836787198,5.537255547806126,-23.139120178708254,-16.82558579408942,-9.640180106638581
2025-12-12 20:48:01.506551,Right,-15.721212007839313,-2.636876541248057,20.703554162260843,-3.9151818623686268,-11.468232327617443,-9.426536482302254,-0.9194081164096133,2.6925949096112163
2025-12-12 20:48:01.510634,Right,11.718878486096855,26.39408487368928,50.802067693992285,23.28551150774001,-2.9297920550125127,17.187919674573095,26.896912362870353,28.30827482706809
2025-12-12 20:48:01.513581,Right,10.499456703944816,23.38784945610678,46.27972393520031,20.422878704681352,19.001214737025293,12.53232482601561,20.260284733700246,23.857702171331766
2025-12-12 20:48:01.516581,Right,-10.599556393864077,1.4572021812782623,23.23487276877131,-0.5743958242455847,19.506831608290668,-8.664344193442048,-2.7407607082168397,1.9979786961084756
2025-12-12 20:48:01.521646,Right,-11.174244382993948,3.562510680007108,25.346437305684958,2.23120799656499,2.0850990275612276,-6.092537301031371,1.445645601274009,2.852611721984431
2025-12-12 20:48:01.525707,Right,5.726010450254762,22.447661753980356,42.55688874817861,21.92371758434456,0.8380799776277854,10.760184311171543,20.982420954278496,19.64075586736726
2025-12-12 20:48:01.529691,Right,4.695676606924735,19.572119353408198,35.834600765148934,19.96849359706175,19.124840097912966,5.774951565377705,16.378726467075467,16.94885841719588
2025-12-12 20:48:01.533640,Right,-10.678902873221887,2.4728171992428543,16.303073770657647,2.787684518043534,26.50129814439424,-10.638829449439072,-0.41583490400444134,2.213299101946177
2025-12-12 20:48:01.538641,Right,-3.0989106073898256,12.178573645116558,26.625384973245673,11.029883112136304,17.10510294433334,0.6864792467213192,12.70976580765273,12.80391045239594
2025-12-12 20:48:01.541733,Right,25.805387837599937,43.49565385310416,58.47538939165679,40.83776191656216,19.291875148886902,31.385650217037437,45.768744515451544,42.47348401884301
2025-12-12 20:48:01.544735,Right,32.753984596914506,48.79825522788815,61.99011323893501,45.69873574371377,38.79159141555647,35.08605904034721,49.21465666703443,46.92075047745675
2025-12-12 20:48:01.550754,Right,8.468534047966386,21.68941795948922,33.1895339909679,18.614921560598304,43.78456004061081,8.441965882968361,21.16034512589249,21.498602164745535
2025-12-12 20:48:01.553746,Right,-6.674084310167018,7.221493582666881,19.367461923138762,3.9131211112362507,22.465038503840333,-4.444248434267138,9.088871586031019,8.39366926747607
2025-12-12 20:48:01.557701,Right,4.471998822271871,20.35163392643517,33.317993536293216,17.254642646301363,6.558768076833076,8.420481104647479,23.649260205376777,20.38155876622477
2025-12-12 20:48:01.561796,Right,9.295288686850654,23.785718761660974,35.30423302837153,21.91562226393944,16.13432697563985,10.367935730228055,24.36454171117657,22.36901143873183
2025-12-12 20:48:01.565788,Right,-7.491163573477479,4.209549596020224,13.855406694252451,3.3169621707293118,27.20738291228554,-9.142800513100156,1.7693024222608074,3.0909854824749345
2025-12-12 20:48:01.569804,Right,-12.129463167980248,0.5283835514637758,10.364618115825579,-1.0208446857541276,19.897694579620293,-11.647207752093891,-1.0738573226080916,-0.3789665310723649
2025-12-12 20:48:01.572810,Right,12.272685395357712,28.222220128343906,38.540776261383144,25.14673503963968,14.306100997589965,15.543173582242162,28.73930296844628,25.822169357761595
2025-12-12 20:48:01.577761,Right,27.288487182149765,43.33530532097939,51.74031340172951,39.43233632869669,27.555628019523283,28.60698698302076,43.17407557323895,39.95025880643152
2025-12-12 20:48:01.581826,Right,5.777359927296857,19.21149848875575,25.069040494934598,14.924684616544255,36.482731887095724,3.7727317726612455,17.479922132490174,17.23106858873507
2025-12-12 20:48:01.585847,Right,-17.70353367298503,-4.3822661872764,1.537089113604452,-9.882859272558562,19.261923509824555,-18.85229082803653,-4.800818643529055,-5.0534890745038865
2025-12-12 20:48:01.589869,Right,-8.033039256785969,7.451113956125482,14.698467784139211,0.3538240002890234,-1.6604912329203216,-7.032235839906207,9.279232385913929,5.242005844818777
2025-12-12 20:48:01.593890,Right,9.87459715499267,24.47368454788011,30.544712187329424,17.162287029881554,2.9193386206425203,8.670564603457933,25.345038178536925,19.84793967167934
2025-12-12 20:48:01.597870,Right,1.9771918976175584,12.533136099566036,15.509257550671464,6.642546068140291,19.162426689792483,-2.95162895192243,11.028873404204205,8.040693222472328
2025-12-12 20:48:01.600887,Right,-9.893987356367688,-0.5150915082485881,1.4649005116443732,-4.85779596408247,18.791280617537268,-13.53165869618806,-1.0003797464196396,-3.2178405845661473
2025-12-12 20:48:01.605918,Right,8.900808605228121,21.671036512503633,25.13310027973057,18.070572250191617,11.02946351153878,9.604810912861467,24.407464864747453,19.112094134281506
2025-12-12 20:48:01.609925,Right,36.28958017683203,51.54134739193978,55.40009865114553,48.157354072278395,21.054996363796818,37.204267045985944,54.273002939826256,47.861313187484484
2025-12-12 20:48:01.613940,Right,29.03519947064342,42.92296464003448,45.302158190293994,39.15567603214549,36.97499324828459,26.598401551785173,42.4975182634189,40.1312812756114
2025-12-12 20:48:01.617948,Right,-1.4514805667929522,11.382018019674433,13.38928523875802,5.970824967967928,27.01039459716776,-3.633505557339049,9.976348231106385,11.437939434497821
2025-12-12 20:48:01.620979,Right,-11.579949195991958,3.4281112545722863,6.664196951620397,-4.284915425878353,-2.041246539352869,-9.112974918485179,4.183220109716785,4.9057691644156876
2025-12-12 20:48:01.624955,Right,-2.278034461919674,14.458093097669916,17.186762325327436,5.76433413351333,-13.09185334569338,2.5697085261676875,15.893163073287724,15.389988571696449
2025-12-12 20:48:01.628995,Right,-9.171012316465067,5.855323692881939,5.466603348417266,-2.066997182488194,-1.2021332049116609,-6.153098236660298,5.002746918937191,7.102597363231325
2025-12-12 20:48:01.633952,Right,-29.041823871075906,-15.578815760509315,-17.98004277223663,-23.201419584309406,2.365518366848846,-26.692519251895646,-17.908666240360617,-12.934338684259274
2025-12-12 20:48:01.638009,Right,-23.62260951818808,-8.248152306454358,-9.493662400069297,-17.545605190889546,-10.476198749234754,-19.260649309297605,-9.935427349617385,-6.2316111426807765
2025-12-12 20:48:01.642038,Right,5.075741830718755,22.11525889900804,22.332051721576136,10.944365446030133,-12.884266085718991,8.608238743649963,19.66544439347308,21.153127504407166
2025-12-12 20:48:01.646065,Right,11.46986714705804,25.636607617911068,25.345291481433378,14.758225044344726,1.7578309006967174,9.857376274349463,20.07755079873641,23.029120666122253
2025-12-12 20:48:01.649064,Right,-13.389303040086077,-3.3785793711358565,-3.923578181042103,-12.345711051169928,4.638815429436363,-17.650886226145303,-10.083956713813677,-4.961632550819559
2025-12-12 20:48:01.653070,Right,-24.32354896194829,-14.525502517959467,-13.062169192689908,-22.178185224021945,-13.26208088432395,-25.140986611947028,-18.58510253726854,-15.767364317141983
2025-12-12 20:48:01.657087,Right,-1.9754599992108979,9.442392697288597,12.723261566028668,1.8018703535035456,-20.791165988841385,0.5236309119027283,7.291313104706205,5.89257706952958
2025-12-12 20:48:01.661103,Right,14.307801960109373,23.91782617217359,26.13280347987893,15.633004267574506,-2.904726021577517,14.749782813826187,19.799934198772462,18.304360778662158
2025-12-12 20:48:01.665126,Right,-0.301040389727973,5.670641173668628,5.881547384215082,-3.684647275524185,10.520840520843194,-2.4929648719348734,-0.3937430792830128,0.7434723133610532
2025-12-12 20:48:01.670133,Right,-13.22636549795493,-7.01858766130681,-6.636376428730728,-17.501088116683604,-1.6099307445110753,-12.725187826477395,-11.102531849610386,-10.612794628072152
2025-12-12 20:48:01.674163,Right,1.2797396894306985,11.017533699156047,12.65256808401682,0.7949954545156288,-13.74338276654089,6.2731062361986005,9.603981607384412,6.883495365367708
2025-12-12 20:48:01.677158,Right,13.794690624430359,24.59612757866671,25.871129452385503,16.837921152838135,-1.406222796165821,18.983830161627793,21.993843327592913,19.655227465904318
2025-12-12 20:48:01.681172,Right,-3.2402938755978994,5.484922647532585,5.931526357097027,0.8109702103720338,13.685545193584403,0.18026038866992167,0.1303705163172708,1.7471221709565725
2025-12-12 20:48:01.685130,Right,-21.866206841916664,-13.522216286983166,-11.53782349371977,-16.78981704872058,4.474388083304802,-16.64108469375242,-18.46511116716829,-15.856095635859674
2025-12-12 20:48:01.689200,Right,-10.058295079682694,0.20780168410601618,4.9419955986704736,-3.4420589245373776,-11.336041376192952,-1.6667088222402526,-2.5274417411546892,-3.286749344493728
2025-12-12 20:48:01.693212,Right,8.546025315875113,18.08828340666878,23.31129003971364,13.869626359122776,-4.798812041113706,15.626887550339688,14.96193794222745,12.389182355447701
2025-12-12 20:48:01.697236,Right,-0.4962683695616761,4.754309794139772,8.562497183342202,0.280246322657149,10.931852346295273,2.480738753836249,-0.437166819056074,-1.0098559657508304
2025-12-12 20:48:01.702295,Right,-17.621977233887037,-14.815923710157222,-10.91465254461582,-20.19116621599278,6.449171111224132,-15.394086865052259,-19.71738944319077,-19.494772901645774
2025-12-12 20:48:01.705300,Right,-6.632818018002126,-2.2934944303924567,3.3582008117409714,-9.381171927340802,-8.60186872244958,-2.8176028644165854,-5.651439508610565,-8.167902775669972
2025-12-12 20:48:01.709341,Right,15.278929881977547,20.293440384080895,26.15453315112609,11.979903227513205,-4.734441403872552,16.884994745498034,15.352318889408707,11.422776070019609
2025-12-12 20:48:01.713295,Right,6.860621899780654,9.199689842085718,13.435506355803227,0.9861146371731593,10.427449601043918,3.669139750528302,0.7057484657252644,-0.6570067432676296
2025-12-12 20:48:01.717340,Right,-21.04020200067498,-19.957170627470987,-15.851386601319973,-27.38207784134829,5.709487647725837,-23.960692298121558,-28.43552296368489,-28.11842642917236
2025-12-12 20:48:01.721340,Right,-24.29003241588225,-19.84333973727189,-13.637130006034567,-26.393124029624232,-14.349096356263544,-21.301204095289677,-24.52599627052132,-26.595943900725615
2025-12-12 20:48:01.725322,Right,-4.893940936366107,3.099440904018593,10.27707177605771,-2.152660802214996,-16.083767948082823,1.794265578078921,0.25953548469624366,-3.4021609229175738
2025-12-12 20:48:01.730375,Right,-4.009691447194655,3.654378886419181,9.150388776375621,-0.11052698744015288,2.0659225842591695,1.4105202090270268,-1.1894597030213845,-1.7937382729260207
2025-12-12 20:48:01.733368,Right,-23.467308301818775,-16.662266850780725,-12.754359507864137,-20.118324120776833,7.220506435754942,-18.213934915809887,-22.665185578782257,-20.465403050753594
2025-12-12 20:48:01.737367,Right,-23.02845158447508,-13.747844676003297,-9.54539050965468,-18.42282445598994,-7.061051708948071,-14.134164287865588,-17.712626484177235,-18.105719070923442
2025-12-12 20:48:01.741394,Right,1.940802843898382,13.794228403236957,17.9304723938385,8.02135949742069,-10.169966272684178,12.75673543742596,10.984574838242224,6.655631413936135
2025-12-12 20:48:01.745339,Right,8.536215536326836,18.616658241211553,20.710501057354122,13.088611596279861,6.305675772640825,16.780846679779415,13.609698594002111,10.200287781695806
2025-12-12 20:48:01.749351,Right,-15.651643693878214,-9.078739526473328,-8.533979820878812,-14.032653926888543,11.173269226475895,-9.257995751081125,-15.617852904936626,-15.639102751312748
2025-12-12 20:48:01.753452,Right,-29.099005013196347,-22.804442350025056,-21.32780194154293,-28.08511759584553,-8.101794137577599,-20.863565915814434,-27.000038705470615,-27.253830569493402
2025-12-12 20:48:01.758379,Right,-12.266632930381093,-4.43741212484656,-2.10470545831231,-10.005110238299494,-20.51616422719235,-3.307993406975811,-5.602552860378637,-8.426441559451177
2025-12-12 20:48:01.762451,Right,-2.2496107781093997,4.489987043742076,4.954322153445901,0.31605148008384276,-7.619494491265868,3.56438352776172,3.8052378460606633,1.675789962941053
2025-12-12 20:48:01.765465,Right,-21.570935167485004,-17.194235328206105,-19.15377472144428,-18.74373565060614,3.8443689423365868,-17.09023863656671,-17.233748755308625,-16.497531799947865
2025-12-12 20:48:01.769462,Right,-34.868344596146926,-29.545991979453902,-31.35165516534471,-28.999297392502058,-6.869261221965644,-25.640912792485096,-25.807152526791924,-25.918656424084702
2025-12-12 20:48:01.773462,Right,-15.071213365466974,-6.953584569038867,-7.470239707239671,-5.162722336653815,-16.167617661560143,-0.7220464530778372,0.5048191194314313,-3.5651470767634237
2025-12-12 20:48:01.777494,Right,5.334134164175339,12.479869515576866,11.377003608016821,15.500789482181744,-1.9029541133586463,18.33175425124,19.624177036586843,14.88301795953089
2025-12-12 20:48:01.781510,Right,-5.886685537266203,-2.97166572193737,-5.293255088328806,0.9182608246690052,13.630724562666728,2.403694863433657,2.3478465792295538,0.8599282258589938
2025-12-12 20:48:01.786526,Right,-22.605307522287603,-20.936434903321697,-21.94889659506771,-17.76129159599168,4.049813279272712,-15.432997911177608,-14.525080512390105,-14.823876371505776
2025-12-12 20:48:01.789511,Right,-11.551931782752717,-6.942683527572399,-5.202847692339674,-5.786386493745113,-12.595511086303304,-3.025513578151049,1.7755077974234155,-0.8138387639202591
2025-12-12 20:48:01.794527,Right,5.211910907508809,11.361500317752416,13.555364867125718,10.836633802746633,-6.930841289613454,12.097526102774054,19.15208069321784,16.10782352709714
2025-12-12 20:48:01.798482,Right,-7.156051419286314,-3.1199303455919107,-2.6335100386213526,-4.432722019363041,8.224856917855504,-3.342004778816545,1.655808026909881,1.3949209027612142
2025-12-12 20:48:01.801556,Right,-28.998561069798598,-26.1629188867405,-25.982521187674138,-28.17912976204309,3.344955560261951,-23.97585073156256,-21.952770002837042,-21.855541866685257
2025-12-12 20:48:01.805489,Right,-20.2730842105791,-15.36642436110094,-13.435679470871946,-17.973263842082474,-10.979995804545979,-11.536028276446814,-9.836870800063252,-13.93198347698717
2025-12-12 20:48:01.809563,Right,5.4561140501862155,11.458997108819858,14.385469594092683,9.590120012632042,-3.574482380223344,13.374794705208842,15.693366787860327,8.882329289439213
2025-12-12 20:48:01.812571,Right,5.130902673709102,8.820454409834497,11.32446872273158,9.040020176531527,17.58232604152181,8.067352124221088,9.397077491540358,5.0261224513501475
2025-12-12 20:48:01.816582,Right,-15.360979240654615,-13.04980143437129,-10.01656059863626,-11.274004449364895,18.29123738529961,-14.135077885422334,-13.56267042340022,-15.54390909897711
2025-12-12 20:48:01.820599,Right,-14.597924343283012,-9.974557776982238,-5.268971229945237,-8.336870618197793,0.049186626256414456,-10.340088604715447,-8.225177533226287,-12.476069952279886
2025-12-12 20:48:01.824609,Right,5.820641426235738,11.724852897059804,16.359470188382147,12.590635326196633,-3.7800124922705436,11.305961121850487,14.450259361311552,7.39226136493744
2025-12-12 20:48:01.829604,Right,5.363601172950666,7.618673307787276,10.067248369369935,8.190440965132249,10.528839111762863,8.017722035966472,8.442683177973947,2.9929662734689373
2025-12-12 20:48:01.833610,Right,-17.525284894140455,-19.561228683049194,-17.804246012375074,-19.387308038447898,12.186325967266384,-16.084954643536776,-19.61565395906075,-22.37341683537261
2025-12-12 20:48:01.837593,Right,-20.601944384936985,-22.561586651519292,-18.613892189459875,-23.442300086349604,-4.413333640026394,-16.63911588234646,-20.93940785527616,-25.085518661193873
2025-12-12 20:48:01.840636,Right,3.870740861114996,3.402997457005995,8.677829828589893,1.8669464043070434,-8.256298187539869,8.137974025207768,5.311482680089739,-1.6758058709888246
2025-12-12 20:48:01.844638,Right,14.280018266067714,11.762108330541878,14.693261848959082,10.901132122243041,9.765214759871014,13.755289800564242,10.877228442982869,4.620901429063451
2025-12-12 20:48:01.848602,Right,-3.263111614810441,-9.016655859871207,-9.431246771300266,-8.818328133155546,18.723413361551138,-7.708551175744333,-11.359241011451331,-15.738291766576367
2025-12-12 20:48:01.853670,Right,-10.790459193220613,-15.742205948664378,-17.27924021851186,-15.311477846762727,4.230865680512579,-13.992478857822562,-15.583318331866394,-22.10488071065265
2025-12-12 20:48:01.857683,Right,8.45027113078686,6.775060281282094,4.90850875223623,7.170123833307741,-5.512954183183865,7.162132872379743,9.193744159001653,-1.08113065831094
2025-12-12 20:48:01.861724,Right,18.78267541463015,17.461635372887486,13.712344994429259,18.608445503626854,8.111789648209196,16.21865569013312,18.449630066630107,8.922437913658541
2025-12-12 20:48:01.865724,Right,0.4138428930198188,-3.013837970073837,-8.41142206186123,-0.9654560500804337,20.442164323219913,-2.0783883975582285,-3.677398466106297,-9.234866730782414
2025-12-12 20:48:01.868733,Right,-12.580760082675624,-15.803768159625633,-19.932818273211524,-14.031367193507435,9.7387123502358,-9.579990069286396,-14.602200240332422,-19.22521153806065
2025-12-12 20:48:01.872754,Right,4.059804788299061,2.9751905887883368,1.5090257702549934,3.689795917350125,-3.092596111862804,12.695098681491345,6.677552607104644,0.2614347037479092
2025-12-12 20:48:01.876765,Right,18.94319367642629,16.95895035057447,16.585279461477512,17.279748238926345,5.231045289082431,26.825647368243835,19.859880192776927,15.020881707303488
2025-12-12 20:48:01.880718,Right,3.237037761182819,-2.7532264468936773,-2.626651684535318,-2.2149919612762687,16.189290052949218,6.928345459882166,-1.5015333984156314,-1.1259964844030037
2025-12-12 20:48:01.885793,Right,-15.250509799685005,-23.04176817267762,-20.154591988566608,-22.851742477919515,4.683756360161169,-12.750081582024677,-20.002470598044056,-17.110006697287645
2025-12-12 20:48:01.889783,Right,-3.431839149207917,-9.708906125499198,-2.750114927686809,-10.173125792584074,-12.481129442327983,-0.5860453992811472,-3.52532855813115,-2.238024093056083
2025-12-12 20:48:01.893825,Right,15.183126920860559,8.923516111131903,17.96240932262299,8.892328278863033,-6.854121243967711,14.536744927342397,14.50640771795679,15.850955730887108
2025-12-12 20:48:01.896820,Right,3.925835674818245,-5.194967330015061,4.50522946365345,-3.9954836450469884,8.641135476073032,-2.1860051684170685,-3.2005294862892697,1.7327189071420435
2025-12-12 20:48:01.900824,Right,-18.35225808358655,-28.320977704822326,-15.619491944305992,-27.026535880550227,3.635066366184219,-25.763846505129322,-27.971905164615237,-21.594253156810737
2025-12-12 20:48:01.904831,Right,-11.984853695292259,-18.735853910653532,-0.6428415095579112,-18.855210532712363,-13.226446923235926,-17.481623918193918,-17.80229159771625,-14.74383245682202
2025-12-12 20:48:01.908868,Right,9.280576150587876,4.977741130081995,26.572850482261856,3.9487784028099213,-10.98423084400929,2.9262316512467805,4.831627716508592,5.052194017849615
2025-12-12 20:48:01.912873,Right,3.505105176381221,-2.100526494540645,19.348646387892586,-2.2018792638041305,5.400978569972722,-5.6099665639612795,-4.640743359825137,-3.6560975259098996
2025-12-12 20:48:01.917920,Right,-21.195367308520872,-27.67705134690732,-7.168631491260385,-26.114849534592167,4.6987290071188,-28.293867631766716,-29.461342353839427,-28.919198717219842
2025-12-12 20:48:01.921910,Right,-21.430167547301608,-25.07503115831969,-4.668182491421248,-22.35808561031604,-11.32319826697585,-22.007435288489887,-23.170968257675668,-27.573695171294275
2025-12-12 20:48:01.924949,Right,1.7908773722610931,0.7808516222494291,19.615761892171577,4.686311569027794,-10.126622205480999,4.305603839881314,3.8539155114995083,-4.914002284592243
2025-12-12 20:48:01.928945,Right,7.011586266613449,4.537985561860296,19.224342840258032,10.355623324295266,11.65983913259015,7.029013667502568,5.0372974378524304,-2.8214276214957863
2025-12-12 20:48:01.932932,Right,-9.590875912810588,-14.361507624778824,-3.273605812282767,-6.694944499824487,21.694867251887445,-10.636833554848181,-14.993647854332266,-20.470435373184046
2025-12-12 20:48:01.936965,Right,-8.879213425366288,-12.577462535226914,-2.3390108369749214,-3.9809940597597233,10.657595241720173,-6.103892913240088,-10.68074096516375,-17.103395391722188
2025-12-12 20:48:01.940964,Right,15.19254675686716,13.207130952933767,22.818939315755415,22.358103841320144,7.200450115451531,20.8829217227767,16.62968820662263,9.03362479336647
2025-12-12 20:48:01.944967,Right,22.138842322059645,17.895402222013217,24.776194608832157,27.920752379103533,22.283621595467594,26.047436006233056,18.998381814285494,14.737346259643346
2025-12-12 20:48:01.949973,Right,0.42526708473633335,-8.085527164023006,-3.6305621291139687,2.5430837016106125,28.03306664425736,3.003389155502191,-8.831781732437776,-8.468753500767889
2025-12-12 20:48:01.952990,Right,-9.819230406452334,-19.830452640910153,-14.735124586462916,-9.463165788780543,10.665971276933988,-3.853906907417695,-18.21500315704907,-17.894964397163676
2025-12-12 20:48:01.956989,Right,9.015665038094994,-0.8817863904741898,5.937538056587073,9.483061401091618,-2.4687303226467066,18.701707021756647,4.091979217755579,1.6975814555835314
2025-12-12 20:48:01.961013,Right,18.931889000047704,6.400925477849341,12.88620721908228,18.4516128812146,6.993813869188784,28.23886540143576,12.05097874002604,10.57556921644209
2025-12-12 20:48:01.965003,Right,-3.374554114111561,-19.876818642469516,-14.720991819300252,-5.205472931118493,14.739448346230404,5.317076578596243,-13.626551789905534,-11.321161125023536
2025-12-12 20:48:01.969024,Right,-22.95691358423028,-39.687227423182776,-34.30685823857857,-23.47965308094217,-0.14995728740937864,-10.948082012996565,-29.645613186456103,-26.686775204133482
2025-12-12 20:48:01.973044,Right,-10.179944892448475,-24.31709524357848,-18.444187044169666,-8.047207415087087,-15.154413539731479,4.272160354463267,-10.47827231976953,-9.817684155768802
2025-12-12 20:48:01.978074,Right,6.956531240706681,-7.441303741978118,-3.657340105433832,8.457652700334165,-5.182176192384986,17.022759675455745,5.5671365008956855,6.8230032010596915
2025-12-12 20:48:01.981048,Right,-2.1510281919872796,-19.595308079730785,-19.253097803724813,-4.568303112202557,11.7024792374267,0.9870069199555473,-10.089531194516894,-5.141744813945479
2025-12-12 20:48:01.985024,Right,-13.384380490204421,-30.645474517809816,-31.552549483702023,-17.862402829588973,8.281564581020575,-11.505358624189284,-22.482765294694218,-16.848210376565476
2025-12-12 20:48:01.989089,Right,3.9535725922232814,-8.743433906034625,-9.0959030297563,1.176398003958866,-2.271613834426489,9.05215288614636,-0.6345360306195289,1.7106683782312757
2025-12-12 20:48:01.993111,Right,25.76005455993618,16.21420043154103,14.647053750424675,24.38443633308816,6.5419284913514275,31.04939212493946,21.33350608773071,22.680498346448076
2025-12-12 20:48:01.997121,Right,15.891687403607648,5.522576411920454,0.6785573299202952,12.990371375470204,22.657292997839704,17.583480720359148,5.737062322341444,10.457613840531849
2025-12-12 20:48:02.001131,Right,-5.757506129926696,-16.6174919272662,-23.475642059464008,-10.37608977378909,17.20136521595441,-5.985603037734563,-18.4552368424811,-11.990878541466373
2025-12-12 20:48:02.005155,Right,2.5134755133567523,-6.16846665844605,-12.982689579635917,-1.9846582514835518,0.02561413219109454,2.2563808718323344,-7.517012046386299,-4.056358530082434
2025-12-12 20:48:02.008172,Right,29.31394759322029,21.622071110506113,14.132220332441648,24.153310409638152,3.9971325547421657,25.90744550202544,18.446643376219072,19.584505332075423
2025-12-12 20:48:02.013179,Right,32.10653847134927,22.123870193320727,12.59176171373474,23.889140926180517,25.17639208952869,23.26419830751638,14.611464241472277,17.99553239056877
2025-12-12 20:48:02.017200,Right,14.508615816352176,3.2979750062004314,-6.738901728382189,4.444893672387934,29.532919577334724,4.707639662990914,-5.760194117296123,-0.24228382984438213
2025-12-12 20:48:02.021218,Right,15.034292852675208,6.716291018730772,-1.4402725453837775,7.344857515368403,13.559888215103456,9.274775429892543,0.3369204903719947,3.654746497004453
2025-12-12 20:48:02.025190,Right,30.873269015737606,25.463772713013896,18.297695967994514,26.637818323499232,7.021319071780454,26.645319521305737,21.145793073495952,22.096827983294133
2025-12-12 20:48:02.029281,Right,23.140492702241318,16.496077821071594,7.624340281829063,19.172436000604876,15.844450058951224,14.989039910980864,11.292307534882639,14.206282364644721
2025-12-12 20:48:02.033288,Right,-5.951221868001085,-15.000804365945442,-25.487121483049123,-11.54246642133603,13.277896274952582,-17.642145188465747,-20.327567117816216,-15.03082399324012
2025-12-12 20:48:02.036296,Right,-11.552129584633803,-19.91869686719201,-29.612669932670542,-17.223279565357416,-5.730608867332194,-23.176148379874576,-22.770409619741258,-19.877487373643817
2025-12-12 20:48:02.041308,Right,13.71970808518563,6.91739009423145,-1.659759058849886,8.563440724144357,-11.147310446671327,0.9294292711661001,5.0262644504982745,3.971599695076293
2025-12-12 20:48:02.045294,Right,25.44709337434506,17.215384008422916,7.876015145862766,18.67607202483464,7.026431139208398,7.701064483627761,12.338777972261596,11.682586316199377
2025-12-12 20:48:02.049319,Right,6.582668418559479,-3.5526100547149326,-13.648459132506105,-2.1710158519836114,17.948301645592437,-14.059514746543073,-11.10147455608967,-9.138428517362627
2025-12-12 20:48:02.053287,Right,-3.6088790240155504,-11.495701593182275,-20.152257819878287,-11.051848609163244,5.031558176637191,-20.96551918087789,-17.739140614745338,-16.873645134988692
2025-12-12 20:48:02.057345,Right,16.392650333096753,12.647073487754824,5.6772280439327005,12.12660533790904,-4.51917132730523,3.279824177582668,8.55007484127782,6.071287750461124
2025-12-12 20:48:02.060365,Right,29.558877448156636,26.079845088195725,18.47165681819024,25.804600135524197,8.198867410643288,16.412336049854503,21.44019256396132,19.58119167418954
2025-12-12 20:48:02.064352,Right,8.549208990792977,2.1532336403488443,-6.645961174159311,2.8132576460216114,17.367072143730184,-5.132895942206005,-2.6890755843669467,-0.6004443740330316
2025-12-12 20:48:02.068369,Right,-13.368480017468755,-20.36764191848215,-27.912733034616394,-19.325319496055727,0.7528724885542033,-23.28726814136644,-21.185718948056092,-18.26831974410925
2025-12-12 20:48:02.072386,Right,-3.580070501733644,-8.580658134799705,-13.966702939520474,-7.489942982378125,-17.526002973349023,-9.457072123923354,-4.262930448512634,-4.284026546751193
2025-12-12 20:48:02.077350,Right,11.270140958906268,5.991461030203027,-0.10765902526327409,7.856611352071923,-9.972355271298511,3.771274665877627,11.21821227964756,10.280347332751262
2025-12-12 20:48:02.081414,Right,-1.5966564935952192,-9.848292524966382,-19.11082759868441,-6.725831978993938,5.442050317053145,-13.224418903795367,-6.645037290969412,-5.363991808382707
2025-12-12 20:48:02.085459,Right,-17.957047374256945,-26.706146509537575,-37.97749801653117,-23.14510310860669,0.25799726960394764,-29.32310294625222,-23.767961105091672,-22.544864517620226
2025-12-12 20:48:02.088445,Right,-2.066986222031119,-7.54335319996153,-19.20304821539321,-4.543816491461257,-11.58183836581884,-10.247379350652636,-3.9688051083539904,-6.349772627951097
2025-12-12 20:48:02.092461,Right,24.846043168918186,21.368577694740452,8.298497588577447,23.909915868331154,-1.348797300910519,16.267558862361284,22.283467916204245,18.508193960331482
2025-12-12 20:48:02.096486,Right,20.731505449630276,15.710463687482843,0.2462799272252596,18.14335401790504,17.905752534339626,9.053729228526208,12.051236587723906,11.297070324197193
2025-12-12 20:48:02.100493,Right,-2.4078551334605436,-8.282155741085262,-24.08867000418104,-6.568144066442983,12.93672785687886,-13.335102599399534,-12.984767031632146,-11.997783293498287
2025-12-12 20:48:02.105517,Right,-2.5254940139457176,-6.413476990879644,-20.196387629621313,-5.975307623778917,-8.543297907550368,-9.278951912287084,-8.61886246407812,-10.393541980343798
2025-12-12 20:48:02.109559,Right,15.201084432523203,11.673915129427769,-0.9171526965874364,11.774393250195317,-11.198656904718518,9.130154406667884,10.09439973922781,6.397266318623224
2025-12-12 20:48:02.113557,Right,11.65394486061814,4.231252192843385,-8.958297468416276,5.376826401196922,4.403223853041709,2.3955577048344594,0.1665306738941581,-0.38719995472092705
2025-12-12 20:48:02.116559,Right,-10.415879993477574,-21.289926338213263,-34.24450343118224,-19.184609963837374,4.7504110026711714,-19.87230159183798,-26.312601702304164,-23.161328640511783
2025-12-12 20:48:02.120570,Right,-11.800792088841263,-21.917364657867438,-33.303695737035014,-19.832453604907187,-14.18259674679939,-17.672163219546746,-24.690600199155597,-22.115670841518295
2025-12-12 20:48:02.124528,Right,8.422914747776304,-0.651796498495969,-12.49099868916528,1.490070533670405,-20.577028118263115,2.6688649295238065,-2.04047899910438,-0.9857745398112456
2025-12-12 20:48:02.128599,Right,10.03076177188268,-1.816553618720718,-17.35543390487146,1.2734075199441577,-7.017571569223946,-0.8475493697962975,-4.449546943214955,-1.2988700549376517
2025-12-12 20:48:02.132601,Right,-13.242372352906386,-28.085619678695366,-46.94905198884953,-24.19863182670497,-3.8918518364298507,-26.787057507526242,-30.53053180147981,-24.80465093615203
2025-12-12 20:48:02.137609,Right,-19.832318458806185,-33.0103229296019,-52.15157009955874,-29.377605200003018,-20.142601172217837,-29.502891527508268,-31.709733620709812,-27.802903790112396
2025-12-12 20:48:02.141639,Right,5.183377147059218,-4.346383498988871,-23.1221345593367,-0.9955946918935297,-23.43700715403611,-0.09989287040787076,-0.0660470326020004,0.5402567055789405
2025-12-12 20:48:02.144588,Right,23.43545073469977,14.195125962871316,-6.441139351467427,18.277376668323086,0.36054065788994194,18.25740590275973,17.356974167485532,18.779634232651006
2025-12-12 20:48:02.148618,Right,13.126046542714903,2.2430608526310607,-20.945859933861357,6.965287058212198,18.578603857098642,7.980870523862791,3.6015061739053635,7.803406937555337
2025-12-12 20:48:02.152667,Right,5.063593952836527,-4.516793125658296,-28.373623245170165,-0.8750505961997987,8.30313269493854,3.5078944316221623,-2.084409516535743,0.9063237713889976
2025-12-12 20:48:02.156673,Right,18.96242868236368,12.50035028790353,-11.444289315099013,13.8617210052671,-6.060520827057189,19.611299177598767,15.960042013914062,15.233134558613528
2025-12-12 20:48:02.160710,Right,23.418356281730667,16.953174810069868,-8.897338406830386,16.614750219488997,-1.376092742291803,20.4162717092031,17.656482337803027,17.12991593769948
2025-12-12 20:48:02.165645,Right,-2.7961825719630724,-11.579720383089807,-39.56930448891944,-12.713073340251867,2.690496327842993,-10.18304471900774,-14.707220870850506,-11.376203165626066
2025-12-12 20:48:02.169723,Right,-25.266298596336128,-33.29439725017255,-60.639233093308576,-35.24284676209027,-14.67434315047285,-31.267356942425067,-36.944745058845,-32.249040428021544
2025-12-12 20:48:02.172721,Right,-13.347442361036883,-17.3243551559126,-42.477589899390296,-20.035447735403068,-31.857521228230326,-15.093337514710129,-19.834009162937946,-16.936861847922046
2025-12-12 20:48:02.176711,Right,4.888739554899075,2.9943693113609697,-21.90799824919668,0.5759963671889636,-22.709487287993397,4.076910768508469,-0.4883138717686961,2.9086340385747462
2025-12-12 20:48:02.180748,Right,-4.9055973399517825,-8.006562211757227,-34.0627549062483,-9.219089607433489,-5.321230009369174,-6.424755343323341,-12.747516879668183,-5.872855463116139
2025-12-12 20:48:02.184769,Right,-20.98641484420841,-24.294559506151927,-49.505352043997846,-24.75429563151374,-10.037580151638394,-19.819706798777133,-26.719545978256065,-19.220503002241458
2025-12-12 20:48:02.188780,Right,-9.126402840283845,-10.577087172615393,-33.18812624714337,-11.174679035019835,-25.508605199578597,-4.610151616186613,-9.490990402146053,-5.683448500409213
2025-12-12 20:48:02.192825,Right,10.724662288959735,8.718659170436695,-13.193673060690344,7.894087637886514,-22.256530114183988,12.62329185639328,8.884502023607638,10.711784151711981
2025-12-12 20:48:02.197764,Right,1.1340755744440685,-4.896823421629961,-28.55032638841658,-6.128525959566105,-8.358652736220392,-3.7453626431263274,-9.49141301308191,-5.22266579987263
2025-12-12 20:48:02.201845,Right,-20.837501481351865,-28.772611880504883,-53.295711878396105,-31.717565487053434,-12.624052794511954,-28.454219762533057,-36.12980323417651,-30.44650800288764
2025-12-12 20:48:02.204853,Right,-12.801325104923308,-17.691815920993577,-41.315166249922186,-23.285546194215385,-28.12809106473287,-17.838357988285225,-24.395339880980828,-21.712909524327188
2025-12-12 20:48:02.208898,Right,15.145921660183376,13.254005058178336,-10.67358461382537,6.307586340560192,-23.698924788641307,11.540618222526291,6.474894583414425,6.799062057210904
2025-12-12 20:48:02.212877,Right,18.95794064225811,15.93156466056098,-10.320219000968791,10.106719317077477,-2.4260744050661742,13.98815435078086,7.383264243078884,10.176073907510727
2025-12-12 20:48:02.216890,Right,0.9448509583344276,-3.869766172643722,-31.065015268468414,-7.40463603822991,2.6158870930448757,-2.6794670052420315,-11.754750772955958,-6.067355960069108
2025-12-12 20:48:02.220858,Right,2.690485574410559,-0.7385540575178311,-25.877302756394784,-2.434536179137467,-11.813308996381238,3.8991231890972813,-4.669603623700823,-0.47901005289531895
2025-12-12 20:48:02.223932,Right,24.861531543874662,22.834497290706167,-0.43268864846322685,22.525999305209552,-15.118099942130357,27.47046963781031,21.312916940451032,23.115881767683277
2025-12-12 20:48:02.229958,Right,24.186287121574424,19.58150837368521,-4.383210232321289,20.613513518281252,-2.0515374166789115,22.422653300716775,16.826368811687644,20.27361726887193
2025-12-12 20:48:02.232953,Right,-5.2006596894607355,-13.243188488895612,-38.12679691358062,-11.737170606915242,-3.21568861173364,-10.28535116333751,-16.748893622496325,-10.628501585725644
2025-12-12 20:48:02.236965,Right,-17.009102460149734,-24.4386567733618,-48.06920105837344,-24.200258107585796,-25.880053799897723,-20.399097369686842,-25.824627944059102,-21.095840490936098
2025-12-12 20:48:02.240981,Right,5.907624187273541,1.1348838766971312,-20.79076686174085,-0.7654505895234252,-36.44653222168927,3.9002237843192233,1.030389543651836,2.984735297210136
2025-12-12 20:48:02.245004,Right,22.609255103165196,17.796099904165203,-3.877145574464521,14.41237125788848,-19.855198866102,17.94318402114459,15.733305317269696,19.06423992861528
2025-12-12 20:48:02.249005,Right,9.01032546420356,2.9309885402790314,-17.96821068256395,-1.231151860605678,-7.284335288255534,2.976409131634682,-0.40399351114865567,6.258981388490611
2025-12-12 20:48:02.252046,Right,-2.573091506572382,-6.701801631401395,-24.2729954362876,-11.776397043774523,-20.674504177943163,-4.531602798731001,-7.6749018887967395,-1.8483008923667512
2025-12-12 20:48:02.256052,Right,11.080354972944406,10.464831390222571,-3.6781071045115823,4.46440878440535,-35.521496374782146,12.791455275660155,11.185227510182813,13.292751029786814
2025-12-12 20:48:02.260065,Right,20.357534509057587,19.575808998988578,5.773272471626115,13.170817183367035,-28.152382601263525,18.894105718032733,16.717703209131287,18.624364471517765
2025-12-12 20:48:02.265068,Right,2.3701090160502645,-1.4391141639816851,-16.259959641072783,-8.340852329151403,-17.951971570466412,-5.325504303146317,-9.923606623333399,-4.892075717782973
2025-12-12 20:48:02.269023,Right,-11.68898886135139,-15.698185367985388,-29.14106163946417,-23.897597003158808,-27.640963927664416,-21.701345761575794,-26.019457470077214,-20.74142107355783
2025-12-12 20:48:02.273077,Right,6.815706702242096,5.845854759451868,-4.415120939433109,-3.268130971608116,-38.49048796539137,-2.8897173753357492,-3.1823750283283516,-1.1613472620265384
2025-12-12 20:48:02.277111,Right,28.177524017344695,28.031935390367835,19.430225254742254,20.126671244969202,-25.973891010609805,16.519316031800372,19.098991084012596,20.377112607484378
2025-12-12 20:48:02.280107,Right,15.564097358694198,12.837000096494194,4.5165712905291,7.528280252261084,-8.863468971125258,1.919741374745172,3.2412134144133233,7.666189854548975
2025-12-12 20:48:02.284137,Right,-8.91802966418254,-12.425738978083245,-19.10204145860189,-16.35797534946869,-17.34713585073405,-19.31811197538991,-19.981490146364195,-14.377000804447562
2025-12-12 20:48:02.288127,Right,-5.236676184636963,-5.919152198780466,-10.195944133636658,-10.553254964630923,-37.663602770582656,-9.92397978363897,-10.01703146854561,-7.466962216174579
2025-12-12 20:48:02.292088,Right,12.855710620153332,13.66136738921341,9.179677151390933,7.975324804694537,-36.08680105408348,9.157845065009042,10.114905461146918,10.595198301955861
2025-12-12 20:48:02.297145,Right,7.476894128665663,6.052352149944454,-1.0488989927544026,0.3893906309508566,-18.43248558092455,0.959320399619628,0.9400058760293177,2.9153925189193615
2025-12-12 20:48:02.301211,Right,-10.424214157237657,-13.195735010132921,-21.40908731616946,-18.229704473605125,-16.156018090172438,-16.410460913723455,-17.386720640952262,-15.21047368616837
2025-12-12 20:48:02.305130,Right,-1.6132693528579694,-1.962475186185202,-8.677723076405528,-6.5121529633506725,-26.43485685243286,-3.610862252563493,-3.2248512877768007,-4.800740450339617
2025-12-12 20:48:02.308225,Right,25.519227606808272,27.144689661669418,21.462913155839487,23.030194367454442,-19.289472487009334,23.922694832205252,25.562899514980018,21.607981267207833
2025-12-12 20:48:02.312217,Right,26.40339071010567,26.315325559005487,20.03120049891004,22.436273798816273,2.0509066507329408,20.827508485419003,20.810787365707256,19.715965978193708
2025-12-12 20:48:02.319220,Right,0.7199465674930252,-0.7738725031522335,-6.621737035755359,-5.2896292331802215,3.5311729689638014,-5.782211734205248,-7.873918679983035,-5.814099368218194
2025-12-12 20:48:02.322228,Right,-7.568283574446468,-6.423109645113982,-10.03201694974996,-12.027393518224471,-17.17971532930096,-9.576491108221944,-10.566644595177422,-10.134719512931042
2025-12-12 20:48:02.326330,Right,9.729928996703165,13.754059318266627,10.823504227621015,8.19954739845025,-24.632667441233934,10.465993258830622,11.945612405295833,9.642276738787587
2025-12-12 20:48:02.330281,Right,14.295943245887429,16.672352470247915,11.352913978538709,12.564459524380254,-8.11124816427764,11.527595584869687,13.07343599124215,12.223380848521629
2025-12-12 20:48:02.334305,Right,-3.712617527191469,-4.766832229671763,-12.025481412776571,-8.097582706400772,1.147398065917514,-11.150971822450629,-10.683172390308755,-8.749509051854147
2025-12-12 20:48:02.337275,Right,-7.720056699707129,-8.723435463928126,-14.744587502529612,-13.59099279232214,-11.911934424006176,-16.270687759623797,-14.172820681479607,-13.57283136705064
2025-12-12 20:48:02.340230,Right,13.568459611256003,14.680246749827802,10.486789883259917,7.184602128467759,-20.646390251444245,4.246517974045219,9.692033291066764,7.126413252211023
2025-12-12 20:48:02.344279,Right,21.709009048158805,22.230000729010044,17.340080709167523,13.303162855180744,-9.121266458594619,9.140489056200295,15.169546689765411,13.275341933084746
2025-12-12 20:48:02.348292,Right,-0.009099368971874355,-1.6766713112342586,-8.108095710194902,-10.447684924717578,-1.8946948844568396,-13.70676637165161,-9.873775510652194,-9.067737652003416
2025-12-12 20:48:02.353245,Right,-12.966445831405508,-13.757951544324442,-19.723470314882434,-21.629490538484333,-15.480473637773684,-22.156903956704355,-18.948793313655187,-19.40941818401825
2025-12-12 20:48:02.357317,Right,6.606047733536798,8.703628267378008,3.793439137389214,2.677059503811506,-24.907115439378686,2.5237624416299695,7.266725166995457,2.841105744700144
2025-12-12 20:48:02.361331,Right,22.518717389393714,24.352384514457754,18.342309115942044,21.623668888368684,-10.293315015838743,19.223094932958247,23.433663450301538,18.845293387436868
2025-12-12 20:48:02.364278,Right,3.505939473287981,2.3752824565053743,-5.417577560518112,3.084619379356809,3.682788193513261,0.9122180119870791,1.4837284847849332,0.2572351740054728
2025-12-12 20:48:02.368328,Right,-19.96031251140721,-21.154937135103864,-28.22042172305737,-18.895234617013557,-8.290235372238385,-16.548186694178185,-18.32428819088136,-19.37927429494721
2025-12-12 20:48:02.372358,Right,-10.796192388171221,-8.596441676494123,-13.441124402306741,-6.6514012632010235,-24.78044418655918,-0.4946943116528928,-1.012732329334085,-6.008659616053592
2025-12-12 20:48:02.376373,Right,9.26782667587213,12.711913273827577,8.166073163425608,14.036852624188214,-15.926643152033648,19.60163767410313,20.707449595036906,14.195558319056545
2025-12-12 20:48:02.380343,Right,3.159133585976633,4.012242594084,-1.6675924280716572,4.8117606291443735,2.2880369840713684,8.458319238941385,9.264286969238583,5.842809041265355
2025-12-12 20:48:02.385416,Right,-12.346609211049326,-12.92464363308045,-17.829679229289468,-13.32741482178244,-1.7939011124944955,-9.35186736012156,-8.156381093489017,-9.584139351764861
2025-12-12 20:48:02.389410,Right,-0.8635663499544535,0.5735740825371067,-2.0579464378533885,-1.35610476748343,-17.1902084287467,3.3378581514566577,7.283726906593074,3.9718117279626313
2025-12-12 20:48:02.392446,Right,22.179289653569867,24.619898205242407,21.95185898622003,22.343139892132967,-11.896461835352966,25.55529690172807,31.2682049178743,27.046679985414812
2025-12-12 20:48:02.396433,Right,16.618127987459502,16.336333087560888,11.072110685963708,15.015551430219602,6.701521298356965,16.83245587293277,20.871421101266606,19.355093825189215
2025-12-12 20:48:02.400459,Right,-7.556608463628891,-10.226995711662312,-16.687532231298974,-11.026454786817112,5.17478119129737,-7.562849975929566,-5.383246138700542,-5.58591838407574
2025-12-12 20:48:02.404405,Right,-8.486461825540118,-10.00551492749446,-14.970700097099325,-11.610065686783173,-14.280981381220045,-5.724434584447408,-2.2544861190153824,-5.757902715885393
2025-12-12 20:48:02.408475,Right,10.589355829219585,10.269666286037591,6.376146052196418,7.714177094710749,-18.413952989969403,13.047190803381454,18.57133367361621,12.275535316709465
2025-12-12 20:48:02.413484,Right,10.029221311593574,7.716395909078528,3.169839188856713,4.9825525582916725,-4.042266681368346,8.153938211516106,13.073024762870318,8.987222229757208
2025-12-12 20:48:02.416501,Right,-9.781639988190364,-13.769148330971348,-17.787360632697528,-16.761629535193833,-1.908930524114112,-13.694205780335778,-10.133871480255948,-11.236534502082577
2025-12-12 20:48:02.420502,Right,-9.334049491428686,-10.960182615841404,-11.903801973676309,-14.911519859869259,-17.815578401052335,-10.871183926081812,-5.895170086654161,-8.37049708039649
2025-12-12 20:48:02.424448,Right,13.565170899632221,14.9548444593147,16.401984125186573,10.470487814123317,-22.089871143314667,13.05057239534517,20.468234173685232,15.454636198566732
2025-12-12 20:48:02.428537,Right,16.656596824408325,17.235130603061407,18.00818411086584,13.555271275715086,-6.602447621025931,13.398776266888945,20.031556796710447,16.44595191652661
2025-12-12 20:48:02.432538,Right,-9.096243733959227,-10.485995854664907,-11.007804197695805,-13.123495365420013,-1.2184358219819842,-13.018819431159955,-9.699048497497188,-10.654567163531283
2025-12-12 20:48:02.436562,Right,-20.829801948259842,-20.5175360712783,-20.403053239824658,-23.245235139029774,-17.39321181044579,-20.159575027652863,-18.639353835153543,-21.299908066189346
2025-12-12 20:48:02.441511,Right,0.3931285718925892,4.111003022573641,5.004974162609869,0.7075017356544322,-24.25956873805626,5.0684669198763,6.305012397182054,-0.27324364827018144
2025-12-12 20:48:02.444522,Right,17.73175480185239,21.611936380010775,21.390035480424558,18.24451247975435,-3.852976925427356,21.39525139532543,20.622715250306555,13.947703881551206
2025-12-12 20:48:02.448582,Right,6.905266359837782,9.100643110098645,8.214179109010729,6.372286976768237,15.302696704493428,9.683259001028546,5.76609567646301,1.850648726772306
2025-12-12 20:48:02.452603,Right,-2.8524606670237063,0.7095560908301195,2.3922443721930904,-1.569755089628643,8.529111189654941,4.396887702253025,0.18220416060330535,-3.9823305228874233
2025-12-12 20:48:02.457625,Right,10.86633186468481,17.563401653897017,22.849877989876404,15.845379991298387,-3.396913698492426,23.362496820230717,21.681343297905187,14.472148742503123
2025-12-12 20:48:02.460644,Right,17.92912917074011,24.02265942822214,30.1551401950328,23.568289114298068,3.232868870440143,30.116186274364736,29.244315634276973,21.811901752592348
2025-12-12 20:48:02.463648,Right,-6.872946370046293,-4.535083959413896,0.5972136312666407,-3.809491399262015,10.7240431460923,2.581632811853069,-0.5273098008096895,-5.251989876554944
2025-12-12 20:48:02.468657,Right,-31.062216475394507,-29.503856427680148,-23.846945061466613,-28.803024235204248,-2.9570731959120167,-20.44422539158859,-24.77695218312556,-29.570668233953256
2025-12-12 20:48:02.472662,Right,-19.35973113410796,-14.740298184001404,-7.749178781115916,-14.760182487121483,-18.249693614397984,-6.100077901836812,-8.639121905611319,-16.753895013846886
2025-12-12 20:48:02.476677,Right,3.5787917713776096,9.267986754941376,14.927798445272856,9.120575980052422,-7.8775656659981905,14.248614365256799,13.15975719895232,4.576742391374864
2025-12-12 20:48:02.480705,Right,-1.009223671187101,1.7307677733615492,3.7750235745279497,1.8706972958237884,11.925393570229062,3.250379432704449,1.171390014125791,-3.5449890748914186
2025-12-12 20:48:02.484667,Right,-17.08945839962871,-16.385646043593624,-16.525639426714406,-16.86326690559315,9.127698459713429,-16.018349747612774,-18.641479028118283,-21.17477227389918
2025-12-12 20:48:02.488725,Right,-7.651402672036056,-5.737877120501253,-6.1676010731625865,-7.8120879747417575,-6.790239306226795,-6.2889674653602015,-7.124777839445414,-11.786784468634323
2025-12-12 20:48:02.491679,Right,14.455120425621772,16.46656970560798,14.536548407057126,13.373958694015528,-3.2025125882719294,13.974760784545197,14.106674849630053,8.345185702005438
2025-12-12 20:48:02.496750,Right,10.633699692529717,9.35424377174786,4.4175292132913455,6.734002326988048,15.329617428889833,6.649198962924402,4.519147078442074,1.8524691845877896
2025-12-12 20:48:02.500794,Right,-9.90699351359899,-13.28385068332409,-19.198157388302207,-14.789049409004065,16.786510210216875,-12.717155847490176,-17.05264119630101,-17.44923646150164
2025-12-12 20:48:02.504774,Right,-5.29496587077756,-6.554547423106669,-10.377442483475534,-7.155706186913562,2.793864608311196,-2.2686387648650452,-5.34050277339702,-8.1121303993923
2025-12-12 20:48:02.508792,Right,21.399825366587265,21.916231025640627,19.874531231349465,22.432904575598172,5.475652707486006,27.537637539289335,26.356506536469624,21.205838468850743
2025-12-12 20:48:02.511852,Right,26.443733373429495,24.13708754516665,21.845227790464378,26.18116927956885,25.49258463883416,30.67044025866244,27.740925365894327,24.766612730956695
2025-12-12 20:48:02.515766,Right,4.690696773826858,-1.4209846780768203,-3.27885079202224,1.3664863983267992,28.352665197369788,7.8089265008097755,1.4386685111935549,1.310016031615305
2025-12-12 20:48:02.521874,Right,-3.535986798540762,-9.62944679393695,-8.707384301506863,-7.619422238397561,6.86879435271112,1.4990968992005946,-5.238263525147886,-6.685581913951864
2025-12-12 20:48:02.524887,Right,11.299272191662567,6.507172500787419,9.983744620323705,7.448599949222569,-5.698639736024234,15.385262318902278,10.981565419446724,7.461827371400432
2025-12-12 20:48:02.528861,Right,13.035376803250074,6.3091430285567185,10.420099623336682,7.168143725148354,4.885406951370896,10.613067261858305,7.432885437556706,6.287659351972252
2025-12-12 20:48:02.532825,Right,-8.184975964411024,-17.717153562745807,-12.122686597879692,-16.514840523364185,11.355966507492667,-15.947310549956455,-19.094600782659654,-16.443656563338664
2025-12-12 20:48:02.536933,Right,-14.9452069883464,-23.228981606454,-13.063332937534142,-22.012897963636462,-1.0451418027205364,-21.544976821150613,-22.98917497292905,-21.15766782443643
2025-12-12 20:48:02.539914,Right,6.648250564656337,1.925299528047617,16.84077373771015,3.7756264983076946,-6.489381755960494,3.2907571936530076,4.588505172633177,2.7853570166889767
2025-12-12 20:48:02.543975,Right,16.98873936705877,12.933975461140108,29.08452432839067,17.09247486404471,10.485192930386802,13.80028228060064,15.453925023681222,13.271316883649888
2025-12-12 20:48:02.547941,Right,-6.576522850567926,-11.815705781989891,3.285335290369403,-4.802340081559521,22.33816212273814,-9.235234533535959,-9.057825346802474,-9.306080150367961
2025-12-12 20:48:02.551959,Right,-27.198246059650046,-30.104388698506227,-15.241520430700803,-21.79362089707533,8.536837578180894,-24.36041170121166,-23.21959409192823,-25.146162629110222
2025-12-12 20:48:02.556971,Right,-13.90427758630085,-11.460214916874065,3.034319621906434,-3.7216745460768834,-4.51200137073738,-4.609257873463093,0.2805894669463669,-6.38715652378869
2025-12-12 20:48:02.561000,Right,4.767519827781143,9.5086457100806,20.741258440815955,16.144992606341816,10.090936812744985,15.211647520860652,21.85473850851895,13.712609181922744
2025-12-12 20:48:02.566032,Right,-3.8141712778869987,-1.255320762969859,5.203648863687931,4.4648353286762585,31.26218465335478,4.516011992384847,8.791210195242002,3.0227199418031887
2025-12-12 20:48:02.570025,Right,-16.847404448395537,-16.293854911872586,-12.235060977052058,-11.458772067378163,28.646238636189082,-8.366100095321599,-7.08292088684766,-12.46463737455997
2025-12-12 20:48:02.573035,Right,-2.619683555791198,-2.3910681080424183,1.7693905092750697,2.198263600106486,16.733400317860742,6.796090554498733,6.714607290509775,-1.1494531839257434
2025-12-12 20:48:02.576064,Right,16.151637094782927,13.967843512012223,17.781728498716177,20.07790941586063,24.74847614579903,22.885828449371047,20.266376974879677,13.00652859026286
2025-12-12 20:48:02.580046,Right,3.372573038932387,-3.7441168618779557,-0.7140199987176175,5.241364064493496,40.48493163654939,6.967417944159706,-1.0723477423703116,-3.242612076440764
2025-12-12 20:48:02.584008,Right,-20.856608069889262,-30.347109084470503,-25.74964058903788,-19.03050259783231,34.02938002885571,-14.494314741465473,-27.308651037913478,-26.408861803417494
2025-12-12 20:48:02.589084,Right,-14.518958728900543,-22.390923090451906,-14.390410278423815,-10.134955948011452,15.869917956036488,-2.0762862683152434,-16.295589070481128,-17.39140209382549
2025-12-12 20:48:02.593105,Right,10.23032203119692,2.5497548265784644,11.761899670054845,15.378520913439843,19.28877909730818,23.757699069617274,8.476721606203682,5.966229704072703
2025-12-12 20:48:02.596112,Right,10.94687098308168,-0.6394467490144962,6.679276362571272,13.093616592868216,39.414086969434265,20.505467034540175,1.444529850848994,1.8557122010020066
2025-12-12 20:48:02.600111,Right,-6.5868209252512315,-21.03741268361864,-15.092863136443611,-6.860137510900017,42.352128161963265,1.7393264488870273,-20.92625569835627,-18.145935165270657
2025-12-12 20:48:02.604068,Right,-2.5755237407356617,-15.061813316950975,-8.337028635134175,-1.3469270000281313,26.696208315008334,8.799949403920493,-13.371338896701218,-12.85626454545445
2025-12-12 20:48:02.608123,Right,18.293177011935768,8.246943353608913,14.825860973258386,21.530624361616105,23.170014665177632,29.947959893342585,10.474976984310615,8.507007678524587
2025-12-12 20:48:02.612157,Right,14.894950140122091,3.3593306054417553,6.87739950609739,16.67547420970743,35.94200055958163,21.522478183795045,2.9709498660522513,2.774893333788441
2025-12-12 20:48:02.617151,Right,-9.68891687634823,-23.191043504415575,-23.074095179829783,-10.476008927981525,37.058134747902955,-7.0751330706511055,-25.681909208274647,-23.750166602895206
2025-12-12 20:48:02.621182,Right,-9.211765187930723,-20.632359914401604,-22.16707874763597,-9.74585421537597,22.38524492293152,-6.126954030170168,-23.05090082093602,-23.436549930600904
2025-12-12 20:48:02.624185,Right,21.562550427390306,13.379874898761045,9.927001510315677,22.422911839832068,21.485428706009884,24.700099621460254,9.458576725520743,5.853905674012367
2025-12-12 20:48:02.628156,Right,35.34769937561214,26.81172793195492,19.77073620549254,35.11619359900851,41.34565591041644,35.185499036132455,18.37465572483643,16.189593879629683
2025-12-12 20:48:02.632256,Right,15.779753177988823,5.643454438104527,-3.7698377556362175,13.589638941865815,49.55189684547645,13.997375662007016,-5.445686073031084,-4.247866666939899
2025-12-12 20:48:02.636274,Right,4.144831939134747,-3.836399263505882,-12.029180681575781,3.036201973674906,31.54284975016526,5.5930907890713115,-12.48571796184251,-11.863463518442131
2025-12-12 20:48:02.640279,Right,22.504787464513356,18.545424513331454,12.52696957354965,24.240578580309375,17.625403101642405,26.446527371445427,13.287791262775954,11.230679808526702
2025-12-12 20:48:02.644283,Right,34.80003979915455,31.116821537195392,24.81629414780582,36.72115399249685,28.103380583307626,35.753182178088764,25.841253170086475,25.11935180242949
2025-12-12 20:48:02.649262,Right,15.145227868477377,8.826908489806556,1.1700834664061404,14.890807580865498,36.568764095782626,12.38567606528295,2.786987569482335,6.287038887794552
2025-12-12 20:48:02.652271,Right,-5.060342272823618,-11.167257738533408,-18.11532438120412,-5.515624140321279,19.157982851269708,-6.546488686480188,-14.71228664039063,-10.465552798452336
2025-12-12 20:48:02.656229,Right,3.618052671839905,0.9260162323344048,-4.29289139287539,5.412152731514652,-0.8086420668405481,4.711172048835579,0.6192646258600689,2.1643069980532346
2025-12-12 20:48:02.660304,Right,16.868182749298285,15.572041754843667,10.12885843454751,19.393126207457613,5.893423480874844,15.556675726872527,14.78320596513504,16.183775095179044
2025-12-12 20:48:02.664306,Right,7.003739085588677,4.144844032368383,-2.3566359415945044,7.9246577915057514,23.319552840644974,0.7546876934266038,1.0042877720388788,5.427223379848783
2025-12-12 20:48:02.668331,Right,-3.9819966763934644,-6.699406973311852,-11.855042228060483,-3.20421273080143,21.08772663240279,-11.350153704494005,-9.359978558333296,-4.6351238769345855
2025-12-12 20:48:02.672342,Right,10.289343616750557,10.303661962188016,7.965550490076566,13.575134666452158,7.750491164493724,4.349759530964548,10.10729449703058,11.140252548405783
2025-12-12 20:48:02.677348,Right,24.737656783861894,25.172676129270258,23.524441262507025,29.565300400643242,9.23607646121809,17.211485078130863,25.333690794142512,24.623596767776235
2025-12-12 20:48:02.680345,Right,6.286937621724064,3.4875485875008962,0.7297315875075583,9.953328446763692,16.857651239734878,-4.432523285024217,2.6896506479486106,4.493987722485031
2025-12-12 20:48:02.684375,Right,-20.914632756775973,-25.316978857373215,-27.262311877251705,-18.02301902957481,5.476566888623893,-30.517238121346054,-24.348943356472773,-21.28425593431939
2025-12-12 20:48:02.688381,Right,-12.772250045200053,-14.47765841533328,-13.19157397761046,-8.328312441029652,-13.152889970825527,-18.006333830325275,-9.902865719550391,-9.858819115341362
2025-12-12 20:48:02.692422,Right,17.413491381932545,18.10004117785047,21.669319598615402,23.01970622925262,-7.147460748530648,13.159149065273596,23.345334600967817,21.20685142579822
2025-12-12 20:48:02.696417,Right,21.25398834324369,20.635612957322337,24.577429736860722,25.714978126680535,15.450712246573858,14.43623479255075,23.772308577033527,24.096347797348074
2025-12-12 20:48:02.700388,Right,-2.1282128694256244,-3.929094077636364,1.384071890526684,1.7482918410307775,16.538393485598135,-8.334237821958595,-0.3491280667712999,2.6579466947189303
2025-12-12 20:48:02.705441,Right,-11.186072523956682,-10.353174748794117,-1.8633696221222635,-4.944057727328072,-6.1831423216144685,-12.232004959065307,-2.713812954829791,-1.1027696189751452
2025-12-12 20:48:02.708448,Right,-0.5347735849609307,3.48378257695731,13.613715242179751,8.154224397788312,-16.743091742396246,1.6627030771223872,13.422014762976232,13.163427907358539
2025-12-12 20:48:02.711481,Right,-6.162075117983477,-2.4315659346721077,6.270843048569077,1.788244857427344,-5.8890343037464845,-5.445957370405267,5.453364653771132,7.034762148282255
2025-12-12 20:48:02.716469,Right,-31.187646248061355,-28.62902278121237,-21.201536159136595,-25.01416245595192,-3.95487094429609,-31.65917832660307,-22.90957368413501,-19.433829166193803
2025-12-12 20:48:02.720447,Right,-35.304773327989096,-30.870193327362358,-22.227712655061623,-28.23367612556285,-20.164951746070983,-34.02621300655119,-24.3340474822362,-23.684751566963534
2025-12-12 20:48:02.724504,Right,-10.431474350662029,-3.543248812519778,6.399271444937767,-0.8916683193133395,-24.147522245764776,-8.870773170907341,3.811520273896349,0.5415921116399858
2025-12-12 20:48:02.728540,Right,-0.006485230791440699,5.814606032214215,14.975251259365905,10.372931540404807,-4.515388406765851,-1.3540586641684058,11.631420854260341,9.492910069915126
2025-12-12 20:48:02.732531,Right,-21.78054505871478,-18.055174838011226,-9.251556162984343,-11.339056781205272,6.908310137476292,-23.37464685606392,-12.925797386610611,-11.112496385593403
2025-12-12 20:48:02.735540,Right,-36.293551080794714,-30.99232741763717,-19.401894951606664,-23.93644197254025,-7.979554029909195,-32.5560607944044,-23.31452042339106,-21.100870681537515
2025-12-12 20:48:02.739544,Right,-19.687880714798666,-11.188352545945236,4.243420336963027,-5.04567981919854,-20.901160289269683,-11.527266887387668,-1.3913967546741333,-1.3564626325227778
2025-12-12 20:48:02.744506,Right,-4.954680797036417,3.10871058864268,20.27483520887108,9.092949311852408,-8.867897789112249,1.6062893836824514,11.461527012445913,12.602649827131302
2025-12-12 20:48:02.748584,Right,-17.965702486617374,-12.743984278955395,5.204381332918274,-5.9689261056296345,4.929876631480511,-13.743227617987941,-5.747810232986922,-0.8065757788601786
2025-12-12 20:48:02.752613,Right,-31.46590535139694,-25.881649062875113,-5.550967638846487,-18.800924807243064,-5.422222063429217,-23.99684458992124,-16.121119097510018,-10.634258682109362
2025-12-12 20:48:02.756614,Right,-21.266924205378018,-12.191114863996518,10.515181077018497,-5.7131239054128855,-22.36099209443455,-8.731803934217169,1.063725509568485,3.714482774788962
2025-12-12 20:48:02.759619,Right,-14.53299040321508,-4.194598424415744,17.476538719452947,1.4991382914868154,-19.93242640794415,-2.198956951713626,7.758310795920352,10.007162144564859
2025-12-12 20:48:02.763651,Right,-36.11828249523023,-27.532137187394255,-9.33566963078556,-22.874159896917718,-11.638891243403123,-27.661451742877034,-20.097485621162832,-15.116829016147676
2025-12-12 20:48:02.767661,Right,-54.233291883108905,-45.66112785346468,-29.37190838157403,-42.954643920311355,-20.75751596678856,-47.18441433841508,-40.44894785366341,-35.31206033014905
2025-12-12 20:48:02.771599,Right,-32.65507804990557,-21.47545135545988,-5.072999127482035,-21.001739547638863,-31.384683624333775,-25.440486692072227,-16.207150479381653,-14.625609355270171
2025-12-12 20:48:02.776665,Right,2.0193591306851886,13.507828866386262,28.965123728288745,12.988595691494083,-16.387728279765724,5.815353691808923,16.915133774238257,17.21424682070574
2025-12-12 20:48:02.780676,Right,2.8040699664597923,10.946278682249613,24.00684350719166,10.674719981608177,7.952284069629968,1.5940761247129558,11.027039932460411,14.418048487639453
2025-12-12 20:48:02.784639,Right,-18.795090963354596,-12.254682350378516,-0.16011303226696327,-12.670561737270873,6.181008773985013,-19.744520886730243,-12.528109656806691,-7.662829799163546
2025-12-12 20:48:02.787712,Right,-18.192668154988496,-8.836760506513656,3.9387548758022604,-10.40729748573358,-13.718451859582274,-14.446475523234767,-6.83094786281481,-5.434900452860802
2025-12-12 20:48:02.791668,Right,1.3687927694627433,12.907806154123136,24.715347829151142,10.409339349349466,-14.885719012450863,6.383780040385318,14.79264530001933,13.20285799919975
2025-12-12 20:48:02.795738,Right,0.6062573307790444,9.836980531979862,18.387635979299375,7.370257913132264,2.564861371434745,1.9153537934234919,8.717765863257455,8.936435563666464
2025-12-12 20:48:02.799762,Right,-18.196644665149506,-11.86989658126322,-5.26625802448325,-14.298331400786992,4.670412290151944,-18.882418353234243,-13.770959711824844,-11.277339221960574
2025-12-12 20:48:02.804712,Right,-15.885820934036019,-9.059222887960004,-1.4756167812774947,-12.057822565560855,-12.4791417401957,-14.498845093319687,-8.251456549121713,-7.3939793340091455
2025-12-12 20:48:02.808777,Right,7.562868635905033,15.221732202600833,23.684408012060885,12.039611526432964,-16.62068208286655,9.529579384841782,17.304635783674712,16.46773914652431
2025-12-12 20:48:02.812787,Right,11.724610580975423,16.991535597863276,24.282312194194674,14.635840552509762,0.025148982864266145,10.70890915615746,16.795098323161028,18.78862129637082
2025-12-12 20:48:02.815812,Right,-8.521450177424413,-5.514046679447347,1.076917031474295,-7.303328468615291,6.721890201410133,-10.218924590642928,-7.251087628316554,-1.5266260971170595
2025-12-12 20:48:02.819834,Right,-14.08238918832285,-8.972933292951211,-0.8502548424185079,-11.59303936903143,-8.686083571985364,-11.42674957376039,-8.895532747896596,-3.8713434252886145
2025-12-12 20:48:02.823864,Right,3.415191261723521,11.844795449358116,20.855197399680037,8.007129201228963,-18.850901229037845,9.15585979556272,13.405889728413058,16.02708025417496
2025-12-12 20:48:02.827862,Right,5.338477896380937,13.081139766155502,19.82784264531074,9.03340813968589,-9.568150737793985,8.333627959345904,12.964777519048539,16.983968129172354
2025-12-12 20:48:02.831912,Right,-18.88234933151398,-13.74032158915702,-9.865261242652196,-17.523392033559503,-5.164673518063864,-19.303877136124356,-15.254637087556603,-8.196158678518259
2025-12-12 20:48:02.836886,Right,-27.803662318681745,-21.763915083739676,-18.10102503345479,-25.897072736760492,-19.75957915809522,-26.93011960954209,-21.210426196768253,-15.195459097640196
2025-12-12 20:48:02.840890,Right,-4.163398112548748,4.918530415074429,9.56263700764248,0.40968888537827297,-28.805025993216987,-1.048619994046021,7.631533737138511,10.211944152575597
2025-12-12 20:48:02.843851,Right,9.883312292695337,18.57848659284832,22.359298053808743,14.62859428671618,-16.138993314370964,11.014353090624354,19.44937726593787,22.39227072173435
2025-12-12 20:48:02.847904,Right,-13.204358587121533,-7.802470082325385,-5.750121163284348,-11.252706941682845,-7.493080510947038,-15.169426350554204,-10.349518324149585,-4.098232235627165
2025-12-12 20:48:02.851920,Right,-35.89115226101421,-31.17790290926797,-29.02612687293731,-35.76452317656913,-23.825113065411642,-37.23635445322725,-34.43350163188461,-28.48617339096654
2025-12-12 20:48:02.855963,Right,-20.376005483303743,-13.539719598375314,-10.490098797963583,-20.187631185093778,-38.99824470959902,-20.58835841681139,-16.297702533769325,-14.643358007255756
2025-12-12 20:48:02.859974,Right,6.799487001495436,13.208167442670415,15.131025017268257,5.655485738867355,-24.05989790716376,2.9318457674689853,8.32532681211137,8.240205251758198
2025-12-12 20:48:02.863922,Right,4.508043760219152,7.213365650698222,6.951800332870334,0.09593851216050098,-0.42991651404372533,-4.781224397094775,-0.8298669655919753,1.6958645768709175
2025-12-12 20:48:02.868996,Right,-11.748901792096149,-10.49488306615035,-10.72471361564385,-17.455239144331244,-3.4834713555483177,-21.714163281543733,-18.342246390400533,-14.530355826806499
2025-12-12 20:48:02.871991,Right,-6.00194994377307,-2.310389799125687,-0.6911912949144607,-9.666294018655208,-21.942434670918374,-13.300492083046265,-7.501419956388531,-5.9404444651695485
2025-12-12 20:48:02.876023,Right,7.295557773933979,12.006217675294238,13.815875872198376,5.2053318911302995,-22.605398283736577,-0.28639611631842854,7.3828361008649495,8.365909150928474
2025-12-12 20:48:02.880009,Right,-6.281488495311351,-4.3397982715569015,-4.3196551752625965,-9.292382020486912,-10.969710462115472,-16.40561115499804,-10.315680650361635,-6.061962796371063
2025-12-12 20:48:02.884038,Right,-28.884985178359784,-28.495347303454764,-28.907464293341036,-31.93610353564054,-15.238562389798972,-37.5143896043337,-33.498788495619436,-27.806753796852718
2025-12-12 20:48:02.887979,Right,-18.18393245691186,-15.099068591856849,-13.922218102205079,-18.406255041382792,-28.540597825729492,-21.614124040344905,-17.061126514325508,-15.020602714062079
2025-12-12 20:48:02.892053,Right,13.702977701108466,18.93810511428819,20.09430716498173,15.03134050805511,-21.08607536055024,11.834755441723246,17.054513104594548,15.602912487481262
2025-12-12 20:48:02.896054,Right,18.841175399145868,21.56133023910843,19.47499734327721,16.768589266296658,0.654644976817508,13.030384688958293,15.946959458901688,15.345471734737657
2025-12-12 20:48:02.899064,Right,-2.2330750852270285,-2.829978885550645,-8.13198807775916,-9.340801294171797,1.4398635876841581,-11.115844615054812,-10.962880190390251,-10.662408439553474
2025-12-12 20:48:02.904055,Right,-4.864152126152476,-4.9340489798023555,-10.99388313209056,-13.608888181139264,-19.255269447909086,-12.850594240260762,-12.135435286732331,-15.188462840148532
2025-12-12 20:48:02.908098,Right,15.971611207056412,17.543029227569605,11.202957947120012,8.224531394690985,-25.51884974313907,8.486624276401926,11.178430814652074,4.6053873252230915
2025-12-12 20:48:02.912105,Right,18.145829466906434,18.40052611472447,10.555479585389548,10.810977868760801,-9.503514045976772,9.318162393299644,11.033702092310705,5.860202576658594
2025-12-12 20:48:02.916058,Right,-7.012539979714347,-8.125879602319856,-16.67914642272808,-13.549817478961359,-4.042992749000405,-13.4388240948756,-14.922623750346474,-17.059539456282437
2025-12-12 20:48:02.920128,Right,-17.878446702143265,-16.036016868720253,-23.19756763750047,-21.057028301792798,-21.424743642470276,-16.703364700562815,-19.386244754814243,-22.44660089422814
2025-12-12 20:48:02.924133,Right,0.4174767441509175,6.527507349835105,-0.02234855599090224,0.40429399484219175,-31.426764538560747,6.418384841001171,4.801102518828429,-0.9527658607621561
2025-12-12 20:48:02.927161,Right,9.403482853216701,15.495135095767182,6.397047879836464,8.254053488368754,-18.034172193092672,12.351628287564381,10.493640432452594,5.769859984658979
2025-12-12 20:48:02.931149,Right,-10.566781843059289,-7.176797833397359,-19.45294720085076,-15.279566787611657,-9.149628885834318,-12.308413135457158,-16.21086593602695,-17.918919107467445
2025-12-12 20:48:02.936157,Right,-24.068229432468797,-20.483782806995805,-33.3308800201994,-29.787668079487048,-24.237330655289043,-25.467981988342217,-30.022923507025098,-32.63439157966786
2025-12-12 20:48:02.940115,Right,-6.686755391652696,-0.45346549734767905,-12.657916984782787,-11.077415251012553,-37.52118529563086,-6.247470370164592,-9.668922056459905,-16.225415509074082
2025-12-12 20:48:02.944194,Right,10.00543472911886,16.452883924493108,3.2371041760779917,5.111056104246018,-25.786604927754524,8.249567713737633,4.474734337713471,-2.9544629880711
2025-12-12 20:48:02.948193,Right,-2.642582765147381,1.7494156166203538,-12.825515690063185,-9.919910608433383,-12.082778190644603,-7.426295471998856,-13.498892626335419,-18.419939753184735
2025-12-12 20:48:02.951228,Right,-17.87774676357003,-13.072695380851656,-26.224703460466117,-25.248960808648462,-23.02991658306928,-20.93205831144587,-27.601545343747148,-32.09194694503094
2025-12-12 20:48:02.955205,Right,-4.392227532196557,3.3881065158602723,-6.548215000730124,-8.717876205312223,-38.44638440866402,-3.4276733765482277,-7.980198771835148,-14.558081954372938
2025-12-12 20:48:02.959280,Right,14.805526633612317,23.05143064159529,14.534889874223154,12.789986389659134,-28.24514430668205,16.714672649349268,13.01046625967183,7.44579537577647
2025-12-12 20:48:02.964205,Right,5.134480901382631,10.363679151556425,1.4773480097501306,2.889083236577335,-8.945169598688153,7.013039882308476,0.6942635428022186,0.0008023981745282072
2025-12-12 20:48:02.968256,Right,-15.188307609863841,-11.498206115888024,-19.46778923975944,-17.529682374174854,-14.087542231568477,-9.265829904325074,-18.173312280369828,-16.49591777450769
2025-12-12 20:48:02.972265,Right,-9.93662360829694,-4.491148962062653,-10.155831876923912,-10.97626376129756,-33.33168575381296,1.4317333875424083,-7.1494428529094876,-7.878233796949644
2025-12-12 20:48:02.976273,Right,6.976531405605783,13.078305818270564,8.127721094475419,5.920871207608343,-32.87637600090147,19.01330554971082,10.752502268945136,8.740601859442904
2025-12-12 20:48:02.979272,Right,-0.9770385006195283,2.706849173063347,-3.2491003123577684,-4.35526952479222,-17.495888576082507,8.966972372792043,-2.1683865155209787,-0.8999233204722259
2025-12-12 20:48:02.983286,Right,-21.727350797627878,-19.189341659199272,-24.751008387102047,-26.301987220793194,-18.681255365159814,-9.814530128428487,-24.272450295353337,-20.155591424880186
2025-12-12 20:48:02.987292,Right,-14.90492588590132,-9.929976189368062,-13.562428816454485,-17.855033360245784,-33.17876381320639,1.681151049075197,-12.53233243221257,-10.152941721542447
2025-12-12 20:48:02.991304,Right,12.42705604002549,18.91516123360998,15.02127961142105,10.370412180912354,-28.624765570622912,28.39481705971866,16.492219431144804,16.39472969027156
2025-12-12 20:48:02.996313,Right,16.226523672175972,20.087350875282027,12.918893924528675,11.869236255615391,-5.926719401277296,25.528386055836563,14.625086442409156,15.22326015609724
2025-12-12 20:48:03.000335,Right,-4.928710375173978,-3.712062737598899,-13.0053981453093,-11.3621325345864,-0.0658536991031724,-0.30613190660096734,-10.236939972480286,-9.348947351396419
2025-12-12 20:48:03.004284,Right,-8.323702266909095,-5.681166504793509,-13.471145759038336,-13.05972693172339,-16.320009951052725,-2.7063143013201625,-8.939649732516045,-11.867099093684374
2025-12-12 20:48:03.007350,Right,12.908845574587758,17.75672698737435,12.344832021422917,11.271019690675303,-21.189503682592886,20.126716219563605,18.053604110056767,11.560131885591545
2025-12-12 20:48:03.011303,Right,16.980123938239558,20.360264054121217,15.759533960379486,15.960423807077177,-5.305775583980335,23.50294101876625,21.76305282753765,17.24419857704379
2025-12-12 20:48:03.015379,Right,-8.750032301235478,-7.822929732506964,-11.223583786180825,-10.316953159082004,-0.7859991077136215,-0.9181123036305507,-4.988588251296278,-5.453279417664817
2025-12-12 20:48:03.019388,Right,-24.539518586618215,-22.231763505376875,-22.299160454604134,-24.318596517084643,-20.762817135733258,-11.847035162792508,-16.04888133660552,-16.72338816816773
2025-12-12 20:48:03.024362,Right,-11.611655152624735,-6.175613969910046,-3.368968049369869,-8.393851461331224,-33.92634245677277,3.310473637940504,1.478082037344393,-1.9356630290021712
2025-12-12 20:48:03.028404,Right,-3.6099373147444567,1.484125779081296,4.236574162256147,0.11417649262762097,-21.032749764705386,7.394059933255903,6.419139131430711,3.694071454259756
2025-12-12 20:48:03.032427,Right,-18.7241121023726,-16.239621553348115,-14.083222983703308,-16.449881905369693,-8.078296992259311,-12.398200864597584,-14.182018977162443,-13.774774530213108
2025-12-12 20:48:03.035435,Right,-23.358059476748167,-20.637875152579,-16.605098207321134,-21.2038017446921,-16.04925343682453,-17.9247160933719,-18.178571005793856,-17.91346281255028
2025-12-12 20:48:03.039433,Right,2.7894297827406263,7.823808431869111,14.258407230576267,5.346839862197612,-22.582983606849666,7.318325901231674,10.774712730382817,8.140310800981752
2025-12-12 20:48:03.045457,Right,23.378638750193204,27.62109549108027,33.711547194907325,23.276447272888163,-6.760401902549347,23.263186911263347,27.486346374189452,24.960198699935063
2025-12-12 20:48:03.048458,Right,7.821530392593559,8.656649129221478,13.395689232929726,3.1580350694744084,8.457648670758317,3.9220627602626337,4.802924707826605,5.48878152184443
2025-12-12 20:48:03.052458,Right,-13.705153672708548,-13.060108959947684,-6.68463198927202,-19.58558514143806,-2.161687832975076,-15.389593313231671,-16.683020850628964,-15.461175543539866
2025-12-12 20:48:03.056479,Right,-4.747968364175904,-0.3704094234817603,9.9688714332151,-7.714649495581398,-17.844058236670207,-2.416869305410728,-1.620687491089484,-3.164840727671617
2025-12-12 20:48:03.060491,Right,12.960929575372575,19.268797830209223,32.025328208292194,12.157344052949156,-8.873096834102398,14.192482912350442,17.862390317519385,16.30194666141324
2025-12-12 20:48:03.063494,Right,3.5713327088706137,8.02601815035996,21.379170913533017,1.8981686887573233,9.128118459942925,0.5592491822558259,4.854634081832046,7.592743745581174
2025-12-12 20:48:03.067523,Right,-15.103267358183075,-11.694072222477189,3.445706097256334,-17.50867523488978,4.212064033754359,-18.903946014692792,-13.95079774559963,-8.577135686682595
2025-12-12 20:48:03.071504,Right,-7.292014821370685,-2.1513583702435426,16.004546990443487,-8.516238058809904,-13.836070606363137,-9.125140186775297,-1.5426070826342766,2.0959967254311778
2025-12-12 20:48:03.075506,Right,12.20549712569482,17.591660081303417,36.88416544669599,11.252379650446528,-12.450271171233908,9.215253587380857,18.57169517109287,21.13742990436731
2025-12-12 20:48:03.079539,Right,6.717322966142092,8.89759358288211,27.24662907740276,3.670724095059086,4.375046870043661,-0.07715397621427655,7.970546664904759,12.991481806719094
2025-12-12 20:48:03.084557,Right,-12.383601171506598,-12.247065669909716,6.448886906458938,-16.602421938387124,5.464851302564057,-19.46867709419371,-12.860742237404338,-6.563775450831599
2025-12-12 20:48:03.087584,Right,-6.785775934800768,-4.683346595029434,16.484749248658773,-9.101461141476648,-8.551412538579825,-10.41731149725365,-2.493170805339105,0.7573476779216435
2025-12-12 20:48:03.091584,Right,16.482593909819116,20.16915829511163,42.74025497366529,15.893658605937162,-7.049133170707137,13.468436130492364,23.02588464494147,23.60315019306654
2025-12-12 20:48:03.095618,Right,17.42394154630165,18.59828247889527,40.26302997201856,15.333113149875317,12.062932922974142,10.62353550664443,19.189069935697262,21.36898594181912
2025-12-12 20:48:03.099646,Right,-1.9278526450216305,-3.5569355446659756,18.002828147509717,-6.162759810104035,17.836338568271458,-10.784592981152514,-3.3638632526945003,0.3862283733287768
2025-12-12 20:48:03.103604,Right,0.3538203382740903,0.0220319159761857,24.013084123616864,-3.252630663598211,4.983109618384333,-6.450849293650435,3.0743979622748157,3.82528428463047
2025-12-12 20:48:03.107599,Right,28.407173168772715,30.562609127267933,56.55207667032664,26.234704740443703,4.584789694912615,22.30840643468514,34.61215322560565,31.773801317151083
2025-12-12 20:48:03.112666,Right,38.19374031215193,39.42845194037545,64.586532380883,34.8117157490251,24.75384485533141,28.87378729837627,39.96981390174369,38.54957489791923
2025-12-12 20:48:03.116695,Right,15.644959063720307,14.714680248867808,38.5693789300567,10.124768146748465,32.772781313462474,4.409793274088429,11.774515974686437,14.002193872664066
2025-12-12 20:48:03.119726,Right,0.05615124839459895,0.3282063221140561,24.954921647018637,-4.715803540542765,13.956529914379644,-8.842681153071226,-2.4825360651702795,-0.2521588303789031
2025-12-12 20:48:03.123703,Right,10.573967373318737,13.845500002626068,39.509485818962276,8.469785217901517,-1.4248322559033113,3.1084932070354654,11.59475638234835,11.818148679081787
2025-12-12 20:48:03.127749,Right,14.624062082486489,18.22121173782216,43.04648605069815,13.563341715131173,7.83960968790052,4.203539374820892,13.857609307464372,15.596061736301635
2025-12-12 20:48:03.131742,Right,-4.5246229586191475,-1.930714860693115,22.418454478560307,-5.486473636068695,19.117360595650098,-16.95621212842576,-7.968110730258559,-2.432983397764474
2025-12-12 20:48:03.135765,Right,-12.406487415431911,-7.614048547429775,19.50122187267698,-10.930205445240063,11.961730684706708,-21.088512186479306,-11.56757135213411,-5.638445173437503
2025-12-12 20:48:03.139777,Right,10.628216879118554,19.25465860912118,50.54266429775453,15.727805325606823,6.073696428200492,6.724508103793028,18.117706569446455,21.696541749373864
2025-12-12 20:48:03.143803,Right,27.342697528467397,35.64178641529543,68.92822887658986,32.668392052846684,20.59288842081878,22.972518182662384,34.00751878805568,38.27379625111644
2025-12-12 20:48:03.146728,Right,8.546591218077083,12.69635255279718,46.48720643722481,10.632290775733054,33.91543750361234,1.3162289241424787,9.480414205538182,17.381426373656723
2025-12-12 20:48:03.151808,Right,-13.781763503990078,-11.336334130830437,24.644337861886015,-13.50889102841029,21.905864369757182,-20.227526860051626,-13.102199027038296,-4.4700212598691
2025-12-12 20:48:03.156816,Right,-4.154594533581985,0.5101838702794339,40.04253151188459,-2.58767827804877,3.899019188294915,-8.146595105685037,1.2576505766737682,7.265053071674629
2025-12-12 20:48:03.159837,Right,13.476309926936665,19.21501892579181,60.80799015129014,15.863063628468808,9.151412380393595,8.012086951892343,18.995022196044374,25.119531162574276
2025-12-12 20:48:03.163835,Right,1.8840658893313957,5.782557652479227,48.368895054925815,3.0431147316157876,24.126617461784917,-6.89657175167531,2.744586005139354,13.059199340397754
2025-12-12 20:48:03.167871,Right,-20.370517977273266,-16.76085611653434,28.67770017661678,-19.330119988715524,18.644199883066904,-28.00252149018729,-19.059816954390044,-6.722280862548359
2025-12-12 20:48:03.171869,Right,-14.856694161211635,-8.260638264106092,41.12022400554997,-11.416315765940453,2.3297502760724456,-18.098728859549283,-6.531630277273507,2.981012044539966
2025-12-12 20:48:03.174891,Right,3.650194867830578,11.840673819633594,62.064950342472,8.717917017936998,6.020328401653387,1.357332284095719,15.676427565074846,22.9124670881356
2025-12-12 20:48:03.178908,Right,-5.067746754815744,0.9687834110372933,48.23383722821018,-0.7492101009829639,23.92749118874781,-9.917403751754364,4.183151503217232,12.792502919404797
2025-12-12 20:48:03.183917,Right,-29.785624757154437,-25.039404158387697,19.445885901950533,-24.98172126305508,25.18337604439148,-34.56497819689912,-20.83205408581307,-12.160141121818015
2025-12-12 20:48:03.187846,Right,-26.58894145047816,-19.185659614844553,24.631917413404153,-17.81536291690645,12.528156288572063,-28.23120601802566,-11.551276936057548,-7.534542908408184
2025-12-12 20:48:03.191918,Right,0.46503244053019444,9.96664495852383,52.48168294643256,12.75823848937398,17.151677055117034,-0.9537668918760573,19.234872767037814,19.050224022088514
2025-12-12 20:48:03.195930,Right,6.611095724430925,13.385274854261297,52.44069045526703,18.029661694914466,38.73331417008012,1.9897463969718956,21.474419615768056,22.5058372724925
2025-12-12 20:48:03.198942,Right,-11.237253075370973,-8.516003295473638,27.929280504562485,-2.643390814875602,44.380186010901525,-15.750244769474193,-0.21030062761929003,3.7360735398106044
2025-12-12 20:48:03.203077,Right,-10.11672337854543,-8.105272675513334,28.743615531624528,-2.2070382424626587,29.89162837324693,-9.539629459581647,2.942065191711663,6.329575884177757
2025-12-12 20:48:03.206953,Right,16.942176376807765,19.02491745698171,56.689233530800266,25.031383725139676,27.98005520112929,20.49621051059148,30.527653294784614,32.44537131895413
2025-12-12 20:48:03.210981,Right,26.0845658501421,24.713279423280255,61.000296764417726,31.99507272466508,46.9712488707446,26.90903489925313,32.10818825691604,36.22496873592172
2025-12-12 20:48:03.215984,Right,3.3693146761943353,-2.2255236090095423,32.23828248591599,6.44887742226274,54.36540773442539,1.839020192785938,1.1957313859311398,8.341137453691772
2025-12-12 20:48:03.219999,Right,-9.8751718982694,-15.352301185252145,18.833428408463078,-6.513038558328844,36.25381229975028,-8.608878744833419,-11.963748242211295,-6.302087939926423
2025-12-12 20:48:03.224013,Right,6.057413390579313,3.1786700661268696,36.48422930562083,11.598201320179214,22.703031808530795,10.79167340080403,7.3895451808893995,9.430605208766792
2025-12-12 20:48:03.227036,Right,14.598419783822465,11.487178034738463,41.00471414555068,20.16114094229306,32.63534324952343,18.680455738281125,13.797705862398288,16.14959301422641
2025-12-12 20:48:03.231031,Right,-5.912111693831321,-11.25918589691355,13.914115250707255,-2.1234793090497988,40.53288069277187,-3.184491938771316,-11.116266999311847,-5.982797711985768
2025-12-12 20:48:03.235040,Right,-19.90932500938652,-24.622708574985154,-1.1093714261296554,-15.968473663009718,26.157415418500022,-15.035233326668276,-23.764440222297708,-19.67392120214936
2025-12-12 20:48:03.239992,Right,-0.4731641683356429,-2.353645827559376,20.652455028903205,5.4922299490790465,13.910716067141038,6.311247105739312,-0.6368123354241106,-0.5866553562955232
2025-12-12 20:48:03.244064,Right,19.672450597470743,17.56353088160904,37.794866057090985,25.8322374854979,27.638041539874393,23.436006002380054,16.72853529616441,16.603896545879252
2025-12-12 20:48:03.248084,Right,7.440478346125019,2.1816452806597226,18.219691285434237,11.800093100777303,44.89158713089273,7.431151536674406,-1.7602885984560999,2.3253327612874273
2025-12-12 20:48:03.252102,Right,-10.67703265475393,-16.03116787239196,-2.220642849119031,-5.925265461701201,36.66518628216727,-8.60189165563952,-18.970610994059825,-13.00436684314991
2025-12-12 20:48:03.255111,Right,1.4233440395782964,0.36336401534026663,13.683106623655476,9.816213521058671,19.75463343184674,8.840527939576532,0.7780899251702067,4.421556318637158
2025-12-12 20:48:03.259124,Right,23.09642472177802,24.9542325457096,36.45467377942259,34.001468928454415,25.29951037446881,31.848281956788014,26.188214482903277,29.045590410427394
2025-12-12 20:48:03.263152,Right,16.641711214291718,17.272570733393877,25.652120698687213,26.374257635641698,42.13557544352079,23.329121934385512,17.504046677757287,23.31517537185573
2025-12-12 20:48:03.267169,Right,-2.202089082731618,-2.3665453359681123,4.568381208657229,5.86706897046497,39.30903500186105,5.377298941391018,-0.5252567526549683,6.540881808676204
2025-12-12 20:48:03.272177,Right,5.092267537151201,7.545061325154165,14.835573118412867,13.80436601956535,24.010982703970512,16.428248575377438,12.95725358726122,16.8899563506493
2025-12-12 20:48:03.276274,Right,25.184360720350014,29.70906266914608,36.09488117424189,34.680962722697586,25.78086525786057,37.09256988861034,35.78491170507914,37.584236597460404
2025-12-12 20:48:03.281202,Right,15.384856071259492,18.5341082839077,22.382455081053195,23.93613504678615,38.223216046790185,24.433615823862056,22.334070209777565,26.62440743195475
2025-12-12 20:48:03.285261,Right,-16.862685659962153,-14.575187712345723,-11.65715241421276,-8.112447014340432,29.960695944981126,-7.977176585632151,-10.96298811340057,-4.3932711325833225
2025-12-12 20:48:03.288255,Right,-25.823343473386558,-20.616736344212768,-16.202774994260835,-13.490691326005617,5.128717582170793,-13.593028420926203,-14.215842059235001,-9.881404018709873
2025-12-12 20:48:03.291242,Right,-7.646708443375246,0.38474788433632057,5.2298828341736225,8.136860194859764,0.08051933533715783,5.130766859561845,7.743967197455277,9.302489099773084
2025-12-12 20:48:03.295211,Right,-0.41257290605244634,6.3398039757248625,8.64444008962164,14.603789327164122,20.850774538506812,8.098226326805161,11.152884961897144,13.752562920704804
2025-12-12 20:48:03.299259,Right,-9.758340107100594,-5.261533465989487,-5.824074019139516,2.000139029141792,34.385056255319796,-4.8826458351941255,-2.3288226404783927,1.5190420420185546
2025-12-12 20:48:03.304310,Right,-1.8611996037288918,3.6602643796995835,1.9705430987560248,8.028195821161717,27.964718954637647,2.366217075010354,7.265563394748824,7.949294831680163
2025-12-12 20:48:03.307277,Right,25.977099114237717,33.32056476903381,30.399740778826526,34.917221129440804,27.43817025579483,27.865437352475055,36.36769374303549,33.0081446181357
2025-12-12 20:48:03.311326,Right,33.30406752594536,38.98951078118807,33.55217261748112,39.81491308317527,43.01304273465212,29.429788707988337,38.497280473675346,35.937027210155065
2025-12-12 20:48:03.315318,Right,10.278598292999959,13.071241315357838,6.661567992436176,14.459820842726913,47.68238750115415,2.9278144816235,10.38503139128261,11.068996946876723
2025-12-12 20:48:03.319361,Right,0.3608790052967379,3.7004598963703756,-0.10896936291101156,5.480410818272503,30.55418671958614,-5.086642343399944,3.002348080291995,3.3588644974588533
2025-12-12 20:48:03.323264,Right,24.079236994555686,29.529702984549658,28.808094404488656,31.832833743526862,22.083744756186206,20.39971429914476,31.14139045643242,28.975830298206347
2025-12-12 20:48:03.327304,Right,41.737610132089685,45.57764300029339,44.85573232673778,49.60539150584373,39.47422182396258,35.23586998436076,46.26278268121132,45.10841429998072
2025-12-12 20:48:03.332317,Right,24.365892207115394,23.953515369894376,21.736634592685732,30.259157045171378,52.75303287629504,15.079814367902145,23.682641867124403,25.888221869279732
2025-12-12 20:48:03.335389,Right,2.8445294649445714,1.3524935619388998,-0.572862168894062,8.952890086537082,36.72551853661571,-3.82761923066937,4.071961848549108,5.751227826995091
2025-12-12 20:48:03.340277,Right,8.48782200408641,9.57689039710749,8.508055285981754,17.475276713250423,15.983078605837363,6.15779334364197,16.35692764909072,14.000387957688872
2025-12-12 20:48:03.343339,Right,18.796669715386088,21.144393775321078,18.14281705269059,29.22971724425588,21.47257979956339,16.287597328957418,28.03697671619375,24.689623822934664
2025-12-12 20:48:03.348359,Right,6.758896842688046,8.102139008569793,1.225880994614272,15.848250886137976,37.8134678583956,1.5674052528593165,12.568617093240391,11.988346981775976
2025-12-12 20:48:03.352353,Right,-4.195045613751063,-1.827523384752567,-10.826194603974727,4.04357570546199,35.39987611361721,-8.766740924551414,2.3880121549518663,1.8425982875924092
2025-12-12 20:48:03.355375,Right,13.652957484406215,19.600735750607782,10.483412387424323,22.867962282269218,24.177330484853883,11.62573788086047,25.03671725428285,20.035282160231873
2025-12-12 20:48:03.360379,Right,32.88728636475571,40.017628399024034,30.007153097082664,42.00744545867383,29.608434067864437,30.066788768988772,43.985388554523524,36.32826121103062
2025-12-12 20:48:03.363393,Right,16.124016844813013,20.6165033884663,9.070657669126376,23.038706160081347,40.51237390370443,10.90991986228073,21.426977583125336,16.038614666811554
2025-12-12 20:48:03.366346,Right,-13.49150264572745,-10.700244411154927,-21.369967333382192,-7.679396738803916,30.083088325787685,-16.639805173915192,-9.80432570083758,-13.005010249396946
2025-12-12 20:48:03.371390,Right,-10.042040585336508,-5.901950970683174,-13.339944959671811,-2.8571732554592018,9.67262671935896,-7.748347060288324,-1.7927282690379798,-5.977197340213024
2025-12-12 20:48:03.375414,Right,14.561749028898703,18.8914557615808,13.182506497322493,22.22972599536115,11.169240644994716,18.848761626061787,24.16586556949187,20.256932959859114
2025-12-12 20:48:03.379426,Right,14.304533267673833,15.59873565417729,8.720863887266432,19.590533680458975,28.72607646052711,16.588666001242018,18.72345361292173,18.85223816558937
2025-12-12 20:48:03.383427,Right,-7.812996752230902,-8.009515640428617,-15.946817311796849,-4.534150443474573,28.480810202767316,-5.426793911316963,-6.368310619936892,-3.920533898566646
2025-12-12 20:48:03.387455,Right,-9.489457379544547,-6.331805773101223,-13.652341840040208,-5.25142935074291,9.576218012076424,-4.13629910581767,-4.567683068615224,-5.525779855607652
2025-12-12 20:48:03.391459,Right,10.900660045135737,17.770053775104316,10.106649436420412,16.094173430765295,4.8320980597127345,15.720721318516553,17.363676061440856,12.289432435788513
2025-12-12 20:48:03.394468,Right,13.393710218446358,19.568584339479457,9.12789909712319,16.26338880452022,20.13303302029817,12.861529884023184,14.162527855152803,9.801116297160661
2025-12-12 20:48:03.399464,Right,-7.79015825505121,-3.806182686050306,-16.60790718406406,-8.209693815048013,23.810025126244,-11.264915439554898,-11.89681703511269,-13.79198201341569
2025-12-12 20:48:03.403519,Right,-14.508075288629698,-9.389738667448,-22.236652697631143,-15.496674202868235,5.170567847424536,-15.059871074729926,-15.735019161937089,-18.66824769735831
2025-12-12 20:48:03.407511,Right,2.668073968805402,10.481354564204594,-2.8820765816526546,2.5796006261625735,-6.214206390970503,4.8161694583241115,5.528583628097294,0.28010604696464725
2025-12-12 20:48:03.411509,Right,6.834539699644665,14.749043764140879,-1.8307222925213864,6.181238146218675,4.611373190382437,7.340252122355196,7.593863927241728,3.725444669427816
2025-12-12 20:48:03.418526,Right,-13.844863169339078,-6.700588696506202,-26.280049874452743,-14.901137781696889,12.245789605221944,-14.140228951488098,-15.783401914975002,-16.630631404150336
2025-12-12 20:48:03.421507,Right,-21.0233183686978,-11.545688950623116,-30.716766593097418,-19.139104933884482,0.9205229528961354,-17.186528565636763,-18.6313692275462,-20.11552369167248
2025-12-12 20:48:03.425544,Right,2.312700053480512,14.995882684836033,-2.482694911359431,8.461523355772442,-5.969184083442087,10.067470296810825,10.669484609267784,6.561698031405285
2025-12-12 20:48:03.428576,Right,17.045781858672854,28.743781021292307,10.608170976745896,24.22584263222234,7.60783385416471,23.665321968746866,24.134351893659186,21.199275049219523
2025-12-12 20:48:03.431556,Right,-2.723938356801227,5.443765408235322,-14.6896501585652,3.002337837530831,16.856674366068546,2.37681417182921,0.14117975964472862,1.2204164358827256
2025-12-12 20:48:03.435579,Right,-23.530472340451524,-15.31466393668643,-35.66709759238074,-17.049781820862336,0.6685354853125318,-14.576127505679324,-18.00998337535384,-16.275579157311768
2025-12-12 20:48:03.439523,Right,-14.842151746292075,-2.8895104778084715,-22.52385459816287,-5.089320102504644,-18.40848756639025,-0.35640640143265045,-2.41973796531056,-3.7060060991491355
2025-12-12 20:48:03.443611,Right,-3.7178294162804377,9.93741573012312,-11.102268557817297,7.405523176539646,-14.450029573825304,11.458381131940769,9.589278341247791,7.3193149300692255
2025-12-12 20:48:03.447635,Right,-21.06413758547933,-9.117963672284986,-33.033740770737495,-11.802009158917372,-4.529234734380225,-8.064127192221349,-12.407793439921079,-12.737990457248998
2025-12-12 20:48:03.450625,Right,-40.6743668101808,-29.41262933587211,-54.53896566044568,-33.037682521237,-14.306073396368447,-27.009116950754105,-33.02145690177122,-33.93985461590728
2025-12-12 20:48:03.454640,Right,-25.25018845584782,-12.557004808997362,-37.6065949586191,-17.558240733581442,-27.152940255262365,-9.898629371051356,-14.877337682138887,-20.072153728722697
2025-12-12 20:48:03.459661,Right,4.957639417407336,16.875264910911312,-10.042236925670295,11.539546776128645,-14.049170100170159,17.49763865593468,12.96303137025484,5.718190712408614
2025-12-12 20:48:03.463640,Right,7.922785248392756,15.984589280213328,-14.575540868401731,11.502699477992792,10.129020746428978,15.597420071026136,8.586195186850205,3.9079780901583945
2025-12-12 20:48:03.467594,Right,-7.013314059480763,-0.6737468921267009,-32.96607319006944,-4.402490447698483,9.93797594623993,1.1108390750096078,-8.211975580673084,-11.12737771028469
2025-12-12 20:48:03.471685,Right,-3.793298968281306,4.993016377850836,-26.458124882650736,1.5710793265932352,-9.236211421510234,9.467084967048322,0.7989183913297779,-4.258548947453164
2025-12-12 20:48:03.474686,Right,8.833687731177633,19.02335507464386,-12.57989319063563,16.474940587318997,-13.538915612661185,24.133895490194845,16.457180213305264,10.014970510191233
2025-12-12 20:48:03.478684,Right,-4.145819692254008,3.115007250703684,-31.02162000536191,2.1352640471228597,-2.5985954804887115,8.536391480752172,-0.727415381200899,-4.795414724757393
2025-12-12 20:48:03.482699,Right,-31.243120738337893,-26.76536149611502,-62.661140199314104,-26.792278609207244,-6.518533012034368,-19.338073843983693,-30.15103725744666,-32.93398138365228
2025-12-12 20:48:03.487668,Right,-27.378209295835404,-21.559264428020015,-56.509681614385045,-21.67229118438616,-24.798082919996205,-12.51267578356692,-21.258258852678864,-27.454094404673924
2025-12-12 20:48:03.491737,Right,5.060791445233917,12.575470217971542,-21.26333048916422,12.662663204656894,-24.15933344560142,20.37587021543004,15.005033107310283,5.807308877572723
2025-12-12 20:48:03.495754,Right,15.535169129594578,20.66686076208316,-13.930234277846466,21.959633138976187,-2.1819927277499858,26.485481674007133,21.206211729794177,14.65104474266991
2025-12-12 20:48:03.498728,Right,-7.916813281914074,-6.0348316504873765,-40.98673856849928,-3.7214895735030495,3.7421940770848323,0.5064343283738708,-7.016548462197534,-9.343065006405595
2025-12-12 20:48:03.502749,Right,-20.509242875570635,-17.72301180361046,-50.44378573771246,-15.515636729821836,-17.801412372497225,-8.804540222439755,-16.532647238296704,-19.2868230144295
2025-12-12 20:48:03.506773,Right,-4.227792121921084,1.329835394478323,-28.878629221486335,3.2149058876054823,-32.678600411845764,10.89480260018081,4.889968422908623,-0.49568379950324015
2025-12-12 20:48:03.510834,Right,1.9549646244595351,7.027448885797639,-23.316680798212474,9.158447549422362,-22.92089634589729,15.680864440065307,9.612490061049812,5.493239985771652
2025-12-12 20:48:03.514838,Right,-21.052999131446995,-18.195831642480698,-49.889018399306224,-16.397808249650097,-15.73650014753457,-9.388100668135849,-17.06275293105682,-17.674516321167175
2025-12-12 20:48:03.520838,Right,-35.22615633704481,-31.310702614181537,-62.777634409030725,-31.534360252121587,-29.992481467174002,-21.678082271008407,-28.54627861807967,-29.625426338747275
2025-12-12 20:48:03.523850,Right,-16.889555904461304,-9.780155741328599,-40.29963667550328,-12.400297541449618,-41.868972631477845,-1.1319348554834505,-4.878586516559153,-9.558030284675624
2025-12-12 20:48:03.527836,Right,-1.4770312072578236,5.573445611944408,-25.42697186858277,2.338533980074317,-31.391832303190313,12.37256591645928,9.25656008149872,4.279374914432992
2025-12-12 20:48:03.530866,Right,-18.18924180788963,-14.337480997861348,-46.091135864866374,-16.56688148873218,-20.40184041487464,-6.855565156094599,-13.223353062528986,-14.811582857604662
2025-12-12 20:48:03.534864,Right,-37.08734877723691,-34.38022899000498,-64.97739986714441,-35.94858443481371,-30.987710338748002,-23.966956445258347,-33.2144386126065,-33.68850559888597
2025-12-12 20:48:03.538821,Right,-25.821063873805542,-21.481164630312378,-50.43241993844276,-23.25721639396488,-43.473683559197525,-9.567208899103207,-18.931031463119325,-21.799283172773357
2025-12-12 20:48:03.542895,Right,-8.172075491402211,-3.9598635484253464,-33.55157631034672,-5.514529221185512,-33.14805190685365,7.441388239617936,-2.0920815129047696,-5.821778784784328
2025-12-12 20:48:03.548855,Right,-16.319726188314235,-14.683807451510802,-46.083491238649,-15.153874294894194,-16.406864574253632,-2.5443161805105774,-13.984589230505662,-15.924412776426834
2025-12-12 20:48:03.551867,Right,-29.209402055945247,-27.95291239211292,-58.95157724242745,-27.547020274086208,-19.31340145242757,-13.248766866699498,-25.43466809418169,-27.772564987937585
2025-12-12 20:48:03.554917,Right,-13.518089101638907,-9.427000159030285,-38.069469212627155,-8.841076450080436,-28.142966392490052,5.907883007240343,-4.2879402514681715,-10.01990644530997
2025-12-12 20:48:03.558882,Right,10.262705292305327,15.517258086183574,-12.069242481731635,16.239607435432845,-16.66912165724898,28.20261956946615,19.25241382897002,12.931015880678387
2025-12-12 20:48:03.562906,Right,2.077262050122954,4.94920683543387,-23.051458356501826,5.775240626807317,0.19990737242005707,15.581677188096592,4.561901154716907,2.3231580708634283
2025-12-12 20:48:03.566983,Right,-25.39483272360485,-23.95819081638001,-50.75778359580727,-24.02962947443939,-10.183578032094374,-12.274709556829293,-25.604988981342103,-25.22156946823634
2025-12-12 20:48:03.570980,Right,-30.478359890439606,-27.37403199081382,-51.09530676453869,-29.221578565921845,-37.57101928774864,-14.400726824313324,-27.050569830567838,-29.025807108842855
2025-12-12 20:48:03.574995,Right,-16.562286149932334,-13.267950107776414,-35.2989467281659,-16.046722579340894,-43.11713033480919,-1.309461662909598,-12.509598281812941,-16.787510153617404
2025-12-12 20:48:03.579966,Right,-19.14417805274752,-19.791289848273664,-42.16253477729333,-21.869719982740207,-25.11487964600383,-8.833927924709087,-20.948607108628494,-23.495263970175074
2025-12-12 20:48:03.584018,Right,-35.131003910191794,-38.751829704237025,-60.21680866072711,-39.893173428260525,-18.678818212792976,-26.391226733596113,-39.85457728384972,-40.91015051024624
2025-12-12 20:48:03.587022,Right,-29.662299923083992,-30.661460444927798,-49.06083105599828,-31.841154034378633,-31.59538551199512,-16.88740810329773,-28.856382728383323,-32.74624253458751
2025-12-12 20:48:03.591025,Right,-6.486071035573332,-2.8315763133086875,-19.6184024195245,-4.316123814913226,-33.61689373768604,9.276987799970584,-0.008305993886096985,-6.8198085522653855
2025-12-12 20:48:03.595052,Right,-6.661352565484776,-1.6895646592329285,-20.13497232097143,-2.9749443619075464,-16.523756090798997,7.391826141990919,-1.6154126209985407,-6.378525537711539
2025-12-12 20:48:03.599055,Right,-32.545202288491055,-28.151921873251922,-48.13628570402216,-29.581935346294813,-10.491136316322809,-20.01165865850794,-30.009481425364356,-31.32763318981597
2025-12-12 20:48:03.603069,Right,-38.29464160952011,-32.43086524359205,-51.08800001365307,-35.0906393521127,-25.951703596721927,-23.885152868974046,-32.526865787771385,-35.03750940052123
2025-12-12 20:48:03.607090,Right,-11.117907323769032,-3.6048850392853637,-20.59880151363177,-7.3959736159704335,-32.59663643711792,3.822974806116008,-2.1273431691734004,-8.257269995188835
2025-12-12 20:48:03.611044,Right,4.458872274644818,9.700539478839346,-8.180448074104788,6.502640304263878,-15.93977807374904,15.444394493650748,9.457263558682826,3.50887675391823
2025-12-12 20:48:03.615107,Right,-13.392974199035962,-12.088522131609352,-31.30192788221757,-13.110853067561038,-4.301082658725136,-5.281009537300349,-13.504744099180243,-16.340768150128497
2025-12-12 20:48:03.619115,Right,-25.851230414467864,-24.818313541605676,-42.756847622622445,-23.39380891442579,-15.742187226787792,-14.887404158578306,-23.10748553002304,-25.56637361510002
2025-12-12 20:48:03.623135,Right,-6.01924857251106,-2.7613450290409673,-18.567892175444285,0.8298236281352729,-24.424413030174037,8.257207408332988,2.5999706965722,-1.9238929350194667
2025-12-12 20:48:03.627169,Right,12.743489134443735,15.170159978712036,-0.9150325012160465,20.733026290698945,-9.206114064956637,24.53258635164923,19.587447920650447,15.813497783063212
2025-12-12 20:48:03.631197,Right,-0.37071433228811657,-1.6546217647101003,-19.148667868445045,5.0086532695895585,5.768883063796238,6.656062339107677,-0.5968183724980918,-1.0445896392902796
2025-12-12 20:48:03.635210,Right,-17.52524076862028,-19.930626059749557,-36.527764414888225,-13.876603476971468,-5.181788507616147,-11.252315895515395,-19.664034333472955,-19.79650157143442
2025-12-12 20:48:03.639256,Right,-5.944986284979677,-6.026535165612586,-20.06830541502859,-1.462034905263863,-21.979107277762523,1.4104302676294784,-4.913717884430298,-7.981366945223272
2025-12-12 20:48:03.642241,Right,10.479175774627038,11.315056433828431,-1.9276458306630957,15.31559618119718,-15.989758196970797,15.50416012507813,11.192552353826613,7.865965576816961
2025-12-12 20:48:03.647236,Right,-1.823612093925476,-2.737169191308567,-16.992862790437357,1.843153775112114,-1.5038097639917396,0.0774935282511251,-4.538359890470019,-4.483765975424831
2025-12-12 20:48:03.651248,Right,-20.18593185749978,-21.029819563624187,-35.20613480684551,-16.085945568281204,-6.019496106386214,-16.210244851810558,-20.815025678406528,-19.880619639070574
2025-12-12 20:48:03.655253,Right,-7.505887726108085,-5.08801255153594,-18.07305620349507,-0.3898434247257683,-17.481589429582527,1.7421573877172705,-0.9307796989287453,-3.6321274969832302
2025-12-12 20:48:03.659267,Right,16.399946860844466,20.42482438146726,6.887813031265978,25.23675425759393,-8.089218317199993,27.273090303610445,25.20931252690025,20.24218200109135
2025-12-12 20:48:03.663270,Right,8.548430075432407,10.10947142886107,-5.422851613162493,15.50535738839244,10.454127358723781,17.753027537678122,12.883570345173212,10.153375488938764
2025-12-12 20:48:03.667243,Right,-20.116187509199335,-20.705189394613626,-35.834002451338165,-15.322960287825481,4.853211315599765,-9.461824049334268,-16.861882515380785,-17.881665132128546
2025-12-12 20:48:03.670303,Right,-25.587926796441934,-24.863950616521834,-36.47056921253534,-20.11525632359644,-19.759200826578308,-10.00031552873827,-16.129152311168582,-19.614168817433892
2025-12-12 20:48:03.675313,Right,-9.896432974052459,-7.940773757940406,-16.78721475814382,-2.980355003429395,-28.37478447392641,7.728718307184636,3.9442888808607677,-1.6733294223922712
2025-12-12 20:48:03.679333,Right,-12.83681513161082,-12.92847677059035,-21.618027637050545,-6.400465552626883,-17.556632303581864,2.262461280776506,-1.9534264487829205,-5.005033122575696
2025-12-12 20:48:03.683339,Right,-34.24141005913316,-36.4918611051944,-44.87321608232014,-28.64821667286742,-16.618365282334707,-21.241514761790995,-26.619315705618646,-26.054371393907786
2025-12-12 20:48:03.687364,Right,-33.52809995298503,-34.69309513599546,-41.085240925633116,-27.287307967768356,-29.43833957289462,-20.928987999267974,-24.385833867727342,-23.935974719197475
2025-12-12 20:48:03.691386,Right,-6.890706614806504,-6.533530825625348,-11.805593114921066,-0.7776424094518006,-27.928509109267907,2.3786310670705006,2.200669269586797,1.1845673819389049
2025-12-12 20:48:03.694383,Right,3.1260475104620014,1.992869775824147,-4.366263733674714,6.138854099449418,-8.573989482614707,5.894313574848184,6.1900239141305065,6.242636813249192
2025-12-12 20:48:03.698336,Right,-16.05435734357647,-19.06929873469744,-25.85993031666294,-16.314157581854488,-2.9945350648631575,-16.279973584917116,-17.5580019734316,-16.538180725170605
2025-12-12 20:48:03.702454,Right,-25.901701298987973,-27.586116167507498,-32.347246890480164,-26.08307874780712,-19.57249954287181,-23.48943112290658,-24.598929781133847,-26.500587959166296
2025-12-12 20:48:03.706435,Right,-8.395093396654602,-8.296727292039577,-11.40488112490857,-7.10931202896154,-25.75034801917718,-4.773721135990854,-4.208457875443855,-9.522803556870713
2025-12-12 20:48:03.711486,Right,3.6831896591293116,1.7275516707086354,-2.5283832943969173,3.847350327836466,-7.250547886873392,2.7815072348525973,3.2575208657290204,-0.7095521310529875
2025-12-12 20:48:03.715467,Right,-7.697192739941784,-12.906683240866187,-18.664231790913618,-10.10482554139071,5.230228081760288,-12.832803377055143,-13.798515015558223,-14.347541523482505
2025-12-12 20:48:03.718464,Right,-11.102191096187653,-15.500872447033544,-20.1683201543201,-13.648791308279215,-7.08776574669173,-14.63580707760002,-14.958507063407524,-16.31120991851276
2025-12-12 20:48:03.722475,Right,11.665852773109691,10.26058337847644,7.5197601496838615,10.469625625287335,-15.849586325730343,10.883518255821855,12.823201516048357,7.847336360706322
2025-12-12 20:48:03.726432,Right,26.893504427126572,24.701373478686946,21.71429042062664,24.211993469451045,1.8808736692189996,24.021542471109797,25.735992099029318,20.860931020497446
2025-12-12 20:48:03.730487,Right,11.006319075847387,4.9505765546091425,0.9512552370106278,4.345301358201141,19.835954746773496,4.8536149190490505,3.704509388713632,2.3185479949243017
2025-12-12 20:48:03.734531,Right,-3.7091801578299055,-10.542074291402969,-13.162591773172608,-12.027825036570903,8.555479849588664,-8.315216948554735,-10.309480096148036,-11.355762206503641
2025-12-12 20:48:03.739547,Right,11.049445927739725,7.165504836808395,7.018506577132939,4.502213129926531,-12.338554778316393,9.455489814483826,10.050424646455212,5.6947177809361165
2025-12-12 20:48:03.743551,Right,24.740679845469458,21.868161892924036,21.4118472104783,19.4659906271645,-10.188773017574931,20.81430470233181,23.051787849031825,18.4176712681965
2025-12-12 20:48:03.746579,Right,3.3954539332844433,-1.7144196136414394,-4.8235015055433905,-2.4811136274283854,3.010289734640537,-5.619450500858875,-5.092086566844955,-5.477841408141103
2025-12-12 20:48:03.750540,Right,-25.151934109606373,-30.281585663584337,-34.25862310194134,-30.0899092723821,-4.776384828712253,-34.14679977696551,-35.032460016253026,-33.41188641415465
2025-12-12 20:48:03.754614,Right,-18.85748621458879,-19.910953690688984,-22.274498926781234,-20.23918730718924,-26.427880914356138,-23.434597454699997,-22.6955912485937,-24.154794741551086
2025-12-12 20:48:03.758634,Right,3.4770532786496915,4.852908212278635,3.154188172862632,4.131367182206304,-29.598462004461908,-0.055684581625882856,2.082414122638511,-1.2647333895129123
2025-12-12 20:48:03.762650,Right,-2.6241017764059507,-3.9234716555674822,-6.695969394644635,-3.7196616904229813,-14.948089285166134,-9.578114978076883,-9.471129987248787,-9.281199429336993
2025-12-12 20:48:03.767601,Right,-26.36716051364965,-30.773064200402587,-32.79575680713606,-29.292933236730278,-11.756915880188899,-34.677455078889125,-37.14990138295798,-32.922535442732624
2025-12-12 20:48:03.771686,Right,-22.406068521828274,-25.996719955974186,-23.84736925920879,-23.9631194159183,-22.915465722458976,-28.360240828553742,-29.861302505985805,-25.999393291878732
2025-12-12 20:48:03.774683,Right,6.447461851419575,4.623395147988958,11.160987892792036,7.024671575361026,-22.481293054748676,0.9350865718747627,2.4567028613746515,4.755434001212052
2025-12-12 20:48:03.778696,Right,15.460492132060608,12.572915395711789,21.059753230823844,15.732350015153315,-6.751435230191419,6.805654247004895,9.537546532643319,13.381889368840348
2025-12-12 20:48:03.782708,Right,-1.2410705062648049,-5.529900926978371,4.06522936825786,-2.0230632026227795,-0.22949326544767246,-11.11252951139977,-8.493640484946809,-2.5167309832086175
2025-12-12 20:48:03.786722,Right,-4.037364783767771,-6.599614463487342,5.330268972273188,-3.6752601976354526,-7.134970473589419,-10.838395328999468,-6.885776145360069,-1.9054734980381909
2025-12-12 20:48:03.790738,Right,16.262297738583584,15.903864607730611,30.552534428275976,18.556464487000085,-4.087192159497135,11.975291362771259,17.655586393228077,21.1377466013073
2025-12-12 20:48:03.794728,Right,22.030538627441274,20.09964213629246,36.98668722286311,23.976321259327506,11.06395962656643,16.891592891990513,21.67886541718326,27.056609303330333
2025-12-12 20:48:03.799751,Right,0.14442690622672671,-5.462997251716843,14.686125401491154,0.279456114038112,10.845364160290046,-5.5415457852091095,-3.094311848815778,4.975961195674245
2025-12-12 20:48:03.802699,Right,-12.864012973041099,-19.955407962815116,4.8265936431598675,-13.15955443348821,-8.447293755305509,-16.990261816198654,-14.535149967399775,-7.3857468198366405
2025-12-12 20:48:03.807711,Right,2.3004052096875967,-4.750780212490099,22.86841804058713,2.439572809285437,-13.393766370014418,-2.500038975550069,2.1100985478060466,6.8907618551547785
2025-12-12 20:48:03.810739,Right,14.648283367463591,5.92362632748609,32.52540867882999,13.70836505699981,7.970846079122566,5.328301447358626,10.810550399748536,16.213801989164494
2025-12-12 20:48:03.814783,Right,3.9992523679247824,-6.542301414290705,17.924195995574337,1.7276267811594153,22.43493303500327,-7.451614200725544,-2.343427127927498,4.225181818434066
2025-12-12 20:48:03.818740,Right,-2.430745068111719,-11.045215135773105,13.098244667637118,-2.9706676479613634,9.83991047508971,-9.5569786565502,-2.859360460899552,0.10798846781108296
2025-12-12 20:48:03.822807,Right,12.177954451610276,7.341426294412486,31.13908953571263,15.412905346061507,-2.247907627544919,9.965309836653432,19.65828206371134,16.598993076355328
2025-12-12 20:48:03.826809,Right,16.18060331666493,11.697273523688636,32.31870048708697,21.029657565439493,9.123111382350544,13.294485583598544,22.987834257716713,18.487371758916197
2025-12-12 20:48:03.830782,Right,-10.50135223403413,-17.304309787748025,-0.853607383896815,-6.400557064898976,20.278889071971207,-15.695328922727413,-9.582422947998566,-11.232299024216445
2025-12-12 20:48:03.833826,Right,-30.73200802477004,-37.10498709608237,-22.296511941987774,-26.13699403104647,6.960954477886844,-33.46037336092786,-30.109735671519047,-31.467446835448754
2025-12-12 20:48:03.838825,Right,-11.457871799128043,-14.91735970647187,-0.114752036970458,-5.157826364889161,-8.028582104614543,-9.865670458740396,-7.091176475459179,-11.694587339135069
2025-12-12 20:48:03.842793,Right,16.369723009502195,12.158596330947603,25.34709158229998,21.221422089863154,4.366023236965702,17.464282565801113,17.648145194565586,12.697993445572138
2025-12-12 20:48:03.846855,Right,11.608706327657274,1.9329344808406859,12.682903182263544,11.15663397801427,25.194708338372948,9.39752101009094,3.140397444930386,2.5097600736798995
2025-12-12 20:48:03.850855,Right,-5.475941745778982,-19.005824561058944,-7.9834959367981355,-9.939576447876561,21.249850821821383,-6.8278936902961505,-18.887307629174757,-16.742930090872505
2025-12-12 20:48:03.854894,Right,6.344300587716134,-6.47341585490085,7.114937006725086,2.0120764281846277,5.539768465083398,9.055851553302318,-4.692441856847836,-4.023604217409229
2025-12-12 20:48:03.858898,Right,32.47470824514312,20.2085855631085,34.63347371705913,28.999731587743895,12.57122752416035,35.5785690092066,21.377029384259913,21.822115174171813
2025-12-12 20:48:03.861903,Right,29.90098519813182,14.985895216438621,27.88228576684378,25.364381820735616,33.16642808540928,29.895412800397025,13.381871117219816,17.69839515359581
2025-12-12 20:48:03.866918,Right,6.291260931040597,-10.55103179904222,2.0365252849878743,1.4972000732966535,29.90792654912366,6.208538950991624,-11.782697664240914,-5.223516614951222
2025-12-12 20:48:03.870865,Right,4.284025158936856,-11.016897709229625,3.2818655151877465,1.992864898820585,6.39071816217438,7.103098317752028,-8.425621199921807,-4.992430294967562
2025-12-12 20:48:03.874933,Right,22.25023734430215,7.963657220872619,22.02963271735007,21.6364914642171,2.4864887487601663,23.86149748819639,11.636323944089781,12.235894314082543
2025-12-12 20:48:03.878944,Right,20.876805587948184,4.128928287316967,14.15670116846286,17.973267513854466,22.7568903099791,16.571464044491677,4.033747325732293,7.030402415884055
2025-12-12 20:48:03.882978,Right,1.6099803299221094,-16.638185850672926,-10.955623877941434,-4.487180166970859,28.343049199933375,-5.140215308751294,-19.765736221141196,-14.24752150099448
2025-12-12 20:48:03.886968,Right,6.00172539572668,-8.742177814008983,-5.0101505741045,-0.20339680542667793,7.556653741148693,3.0809536490876326,-10.803646791903702,-8.65370713071934
2025-12-12 20:48:03.889974,Right,34.245498457486974,23.53298067305812,25.39058391425442,29.19812062601386,-2.6225611931531603,33.564633404588676,22.374083498310938,19.75698236032622
2025-12-12 20:48:03.894016,Right,38.245138766978926,26.110626091746326,24.05500237799197,32.024834399267775,17.469572881144813,33.13627394693526,22.333237691957947,21.137841582790315
2025-12-12 20:48:03.899004,Right,9.3611553298324,-6.613509604027115,-11.647604444193803,1.5151857263734883,35.690332943106114,-0.5399652762296228,-12.437563529981162,-8.691691302794425
2025-12-12 20:48:03.903016,Right,-0.5273319726111367,-15.375161549594168,-19.0961530551765,-6.142845619796333,24.400761478194,-8.836052335177328,-18.493867022771155,-14.661727636302203
2025-12-12 20:48:03.907021,Right,30.67467764243338,21.275267822399883,20.68862921387995,29.460347534531763,5.631365633559653,26.329874916615836,21.90889035273358,21.198013561355765
2025-12-12 20:48:03.911048,Right,53.984050531100365,46.59214001083751,46.12570544568575,52.939710353946566,9.93938655254351,48.195688083990035,46.025363289190864,44.23361406333697
2025-12-12 20:48:03.914052,Right,32.51985089210939,21.456846697341916,18.33004458409141,26.072478470913723,26.716221331965244,20.495565849364993,15.66864657143742,18.52265290951391
2025-12-12 20:48:03.918083,Right,3.848706510674674,-10.05580343010297,-14.234202390702592,-7.619938639671318,28.095550941418878,-12.646873386461266,-19.554968369629933,-13.104569175431607
2025-12-12 20:48:03.922063,Right,14.430219070534804,3.1518478799985132,1.1493320973474397,2.8103618879785017,14.179646040374791,-2.589494952763289,-6.6442924891107396,-2.209060604995557
2025-12-12 20:48:03.927098,Right,42.75379567942582,36.09506282482653,36.74341730382355,33.447364654533885,3.068244635096562,26.260268889286635,27.13779194849303,27.661159814079838
2025-12-12 20:48:03.931072,Right,40.56601856173802,35.43422283077189,36.64534202821392,31.776067851022162,-0.5206603853785055,23.799790375166594,26.843423848523344,26.482299812928886
2025-12-12 20:48:03.935092,Right,12.495359909291437,5.609466013806923,5.423336356342816,1.9211226771221845,0.8390185412499704,-5.626349635964289,-3.394557698571589,-1.793176489257803
2025-12-12 20:48:03.938083,Right,0.2502297846440342,-8.953423022953302,-11.106634261849194,-12.39891445499984,10.55755075578054,-21.137364926576538,-19.67376893876917,-15.965392416198029
2025-12-12 20:48:03.942108,Right,14.407288950038492,4.526288466627648,1.7225444275268273,1.098850184752564,20.790149919463147,-10.464869787123007,-7.8097944718820145,-3.65694851069793
2025-12-12 20:48:03.946108,Right,30.994230232077825,23.259955473299215,23.059239589988465,19.407066241294388,10.127746274436504,7.32831707178002,13.01231651038961,14.973944929710797
2025-12-12 20:48:12.708691,Left,2166.560109351672,2361.795007918947,2399.8183346924325,2251.1324972619645,1864.1286068164513,1878.134296025907,2198.215805201588,2513.425957378531
2025-12-12 20:48:12.725686,Left,11668.321514175226,12720.546681155753,12925.610430225464,12124.359273128812,10038.402327118358,10115.48944969012,11839.653418370388,13537.2425785845
2025-12-12 20:48:12.728717,Left,26739.400043439728,29153.747002889133,29624.81822708751,27786.827073583565,22997.37400995943,23183.489520088966,27135.65436132418,31025.085464461416
2025-12-12 20:48:12.732650,Left,33454.07294956431,36482.12476374894,37074.08961200693,34770.50727055327,28753.478197749988,29012.21653809794,33958.74684887682,38821.80489967686
2025-12-12 20:48:12.736729,Left,22699.210537325256,24767.047263418004,25172.609005944527,23603.237097691403,19482.464554381266,19697.273197471557,23056.270867421343,26350.828789429244
2025-12-12 20:48:12.739755,Left,2667.3170366059203,2933.125168485625,2986.176942759019,2791.6891775333497,2266.6174274426157,2331.4318737191497,2730.851276304573,3114.0591684621177
2025-12-12 20:48:12.743753,Left,-12446.405626362393,-13545.117189805285,-13760.147000713914,-12915.395203549124,-10686.28029024342,-10780.135206965875,-12612.961939307424,-14416.956909445347
2025-12-12 20:48:12.747706,Left,-16278.874169403047,-17726.10711133381,-18009.42323581566,-16901.46519676689,-13957.80739597755,-14109.744767155906,-16506.870461064507,-18859.47159583238
2025-12-12 20:48:12.751785,Left,-11643.636984345387,-12674.931425000774,-12876.00820535206,-12086.605710916745,-9995.02477176988,-10089.589380026504,-11801.599532442982,-13483.058597216383
2025-12-12 20:48:12.755769,Left,-5004.7975206275005,-5439.959892623476,-5525.048782786122,-5188.96481109265,-4312.791338572861,-4330.810753216327,-5064.447534552717,-5788.178444603342
2025-12-12 20:48:12.760802,Left,-1404.6297981343232,-1517.4932287859265,-1542.1400401763385,-1449.1877975900425,-1206.79185033869,-1211.8531172401854,-1415.6011777837994,-1616.5864520064788
2025-12-12 20:48:12.764824,Left,-2173.7165585068287,-2355.5741989917587,-2395.8322290395154,-2248.127107682987,-1849.2077606302337,-1881.2904647480464,-2197.8371902880026,-2506.8073651537998
2025-12-12 20:48:12.767834,Left,-5172.069413605495,-5622.510125754285,-5715.788720818935,-5361.750613406766,-4437.350061876234,-4478.311294021783,-5236.426523103146,-5982.277909894357
2025-12-12 20:48:12.771836,Left,-7075.546929983422,-7698.786853202619,-7826.367887626286,-7339.164345862577,-6090.321318514645,-6126.741943339468,-7166.62572196126,-8193.150160860154
2025-12-12 20:48:12.775863,Left,-6305.632834311342,-6863.835226983181,-6979.844691163395,-6541.575435175677,-5415.977157615242,-5464.037496873178,-6391.149554877076,-7304.251959372661
2025-12-12 20:48:12.779863,Left,-4157.544945540023,-4524.994071029127,-4603.729421853903,-4311.457050406956,-3551.2071677835193,-3606.6369133680128,-4215.579414587817,-4812.049579192069
2025-12-12 20:48:12.783887,Left,-3020.658477466088,-3285.2048158276593,-3342.488368478138,-3129.2643179122824,-2588.6861149105243,-2618.158607549849,-3058.1570984398713,-3491.916547792498
2025-12-12 20:48:12.788889,Left,-3669.2506590996636,-3992.183246063534,-4061.012632368831,-3802.6939943213947,-3171.5730638999958,-3175.5905996744987,-3712.737572082784,-4248.468397728284
2025-12-12 20:48:12.792931,Left,-4684.162845544051,-5100.841560341651,-5190.933606728795,-4860.228792959591,-4034.2773940068437,-4058.0883689731127,-4747.268843262456,-5432.159800695721
2025-12-12 20:48:12.795914,Left,-4484.7589768522885,-4884.823629320366,-4974.436373245786,-4656.790969655267,-3834.755453756894,-3891.142411151435,-4550.757878185948,-5201.886544023757
2025-12-12 20:48:12.799920,Left,-3294.988660438801,-3586.2174649148947,-3654.226242327597,-3421.0562470143195,-2816.8962949736742,-2858.4094542751554,-3340.96883203357,-3819.0951238437556
2025-12-12 20:48:12.803935,Left,-2623.6467763825785,-2853.1655979144853,-2907.1545511735603,-2722.1251993098995,-2270.213209184003,-2270.2648840086767,-2654.3983892075485,-3041.43438045308
2025-12-12 20:48:12.807880,Left,-3138.222806845559,-3416.1386804010253,-3478.9368229499087,-3257.543994236621,-2715.1866485073697,-2716.477625832311,-3179.084182833554,-3642.714788348181
2025-12-12 20:48:12.811951,Left,-3828.461653161212,-4171.046527828323,-4246.816771152895,-3977.286407477688,-3281.2621968564345,-3321.186082952656,-3886.805936310091,-4444.189088023733
2025-12-12 20:48:12.816958,Left,-3489.3147712384816,-3801.0985185510945,-3870.1323432667414,-3626.0386386845494,-2984.7942679965636,-3028.999189511873,-3544.1081242779037,-4048.343285629293
2025-12-12 20:48:12.820955,Left,-2395.3091645505046,-2607.8440264059464,-2656.1019052579068,-2489.2301821713336,-2072.3391723451205,-2076.0674090280663,-2430.6114772605943,-2780.6723814485595
2025-12-12 20:48:12.823962,Left,-1869.3994452321203,-2036.6121323866537,-2075.5872865561396,-1943.8590716065373,-1631.4206514630932,-1618.7123639074853,-1898.0780854064506,-2175.502890127944
2025-12-12 20:48:12.827984,Left,-2418.9599920093315,-2638.335838479339,-2687.1701213872293,-2515.9264396923827,-2079.762043297407,-2098.924050198868,-2460.275942645152,-2813.090131086996
2025-12-12 20:48:12.832018,Left,-3062.54704227834,-3339.524983586278,-3397.4164479729952,-3182.456421442679,-2618.654500258388,-2656.3630156575236,-3111.4825664064847,-3553.4425109385047
2025-12-12 20:48:12.836017,Left,-2733.1859824700514,-2978.5870640999638,-3027.220628366573,-2835.869867425412,-2354.864642155939,-2362.8908324614167,-2769.1079720401904,-3167.0956585737877
2025-12-12 20:48:12.840036,Left,-1739.6848540150095,-1896.1210831130156,-1926.1308546055807,-1801.6872154171579,-1514.4917243268574,-1496.1892989724874,-1757.451341806678,-2016.3574520552065
2025-12-12 20:48:12.844032,Left,-1275.644862485351,-1393.0225532499608,-1415.894937499892,-1321.572285572649,-1097.1030378558207,-1097.0325604558457,-1291.0408713977085,-1480.4756738815922
2025-12-12 20:48:12.848029,Left,-1753.0075335650472,-1915.0969598820666,-1946.2749045563396,-1820.2985244647134,-1492.4667915959144,-1514.9492704155855,-1779.2626176540507,-2033.8573749623029
2025-12-12 20:48:12.851050,Left,-2300.9316587616922,-2512.87747685099,-2552.0070210699923,-2390.772417780827,-1980.6334341538604,-1988.5591154118301,-2334.41506882885,-2670.5309481642907
2025-12-12 20:48:12.856057,Left,-2026.485189937288,-2215.308943884331,-2249.1965575898066,-2106.530711149797,-1760.573853867012,-1749.4787742212648,-2057.099283937132,-2356.7324759422336
2025-12-12 20:48:12.860001,Left,-1203.7928100812715,-1320.3304839024786,-1341.1953159035183,-1253.0763902432518,-1035.8394468551269,-1040.4745446830057,-1227.9640152858337,-1404.7393953232095
2025-12-12 20:48:12.864088,Left,-808.8629579753615,-888.6697153254645,-903.0646591834957,-842.6062341424404,-676.4662213177653,-701.0404868007172,-829.2606055622455,-943.429073575302
2025-12-12 20:48:12.868101,Left,-1171.171877281624,-1280.4468720278237,-1299.8755672635743,-1217.283895444125,-1002.309196914779,-1010.7474146209424,-1191.758736683987,-1360.9473898849683
2025-12-12 20:48:12.872090,Left,-1605.6839833809063,-1753.5771445375867,-1780.3119824173627,-1668.599916490377,-1397.4193388704443,-1382.6677270419896,-1629.328531877487,-1867.6968564896379
2025-12-12 20:48:12.876117,Left,-1403.9940100060776,-1536.630020528799,-1561.6490915883332,-1461.8991673634155,-1212.1721243594075,-1210.7954768210184,-1429.1931196263758,-1637.2082064396236
2025-12-12 20:48:12.880067,Left,-752.5741099307779,-828.6106651786249,-843.4222743787104,-787.6070914993761,-629.0066606284818,-651.4181044448633,-772.8860491326777,-880.2988329085056
2025-12-12 20:48:12.884130,Left,-403.28889573575,-447.18876512744464,-454.98548369156197,-424.37947485921904,-338.0436207265593,-347.4750885325484,-416.12118023983203,-473.15815784130245
2025-12-12 20:48:12.888157,Left,-653.4956315559102,-719.6108070500195,-731.3087478248635,-683.8497845717939,-578.1303145409329,-560.8094101128518,-667.0338534192415,-766.679551108391
2025-12-12 20:48:12.892152,Left,-1009.2919362143148,-1109.3060744256945,-1128.7898037459236,-1056.1041307076812,-878.6844917560811,-872.6092003980884,-1032.3456269029994,-1184.612411248614
2025-12-12 20:48:12.896149,Left,-890.7382825619425,-981.4031806829153,-999.7818345688283,-936.7601656366605,-752.8044662771863,-777.0310050065164,-918.1725807558978,-1047.8602268528193
2025-12-12 20:48:12.900223,Left,-382.1750522076036,-426.0827829320915,-433.73727404593956,-409.657686362043,-321.18430206674384,-336.7535936924396,-401.23921897652326,-456.5763877144782
2025-12-12 20:48:12.903171,Left,-66.16679342946736,-80.97652796161128,-80.82146160223056,-80.32293870474678,-78.54071021726122,-57.884818633960094,-76.33264955575578,-92.36110214312794
2025-12-12 20:48:12.907171,Left,-229.98379250307335,-261.0078461531084,-263.7937507762108,-249.87228785309708,-221.00956884759944,-199.941242186178,-243.5904678455554,-285.4430936902645
2025-12-12 20:48:12.911283,Left,-519.5505442860303,-577.3067808868946,-586.0678270206554,-550.1468155364855,-442.3127398855868,-456.7816461871844,-540.8919446622604,-617.6735081763472
2025-12-12 20:48:12.916222,Left,-456.8530046873493,-506.4637565065059,-513.2536433093483,-482.6828634327394,-382.82952571532223,-404.2784927742905,-474.5303085281048,-536.8518547139829
2025-12-12 20:48:12.920254,Left,-74.57139767991612,-87.21320230292622,-86.01998903445201,-83.04628236300778,-81.48702191209304,-68.77052588530933,-80.09600754111307,-90.41136792470934
2025-12-12 20:48:12.924272,Left,179.57140310970135,188.79517087282147,193.50443849677686,180.40685103135183,125.45277003655792,152.6991778423544,178.574269671808,201.42319955461426
2025-12-12 20:48:12.928253,Left,77.36552448602743,74.86994791854522,76.11951841437258,71.7071039834118,59.91702429248835,59.91220003188937,71.04579788263072,82.62613530963426
2025-12-12 20:48:12.931324,Left,-116.87093598014326,-136.81424691301072,-138.04844599732314,-130.19522421751753,-94.90284901013365,-108.89569403740461,-124.38724984484725,-137.32203606510302
2025-12-12 20:48:12.935301,Left,-61.91339795445674,-74.91959089343436,-72.61789170620614,-69.97891632930259,-67.77352298522601,-54.464921420731116,-60.90615831973264,-69.30132811589283
2025-12-12 20:48:12.939311,Left,201.2626885944046,212.7066227085743,220.0417503377248,206.20773793463013,147.0533477330755,178.24495387164643,209.63206448465644,235.98078442554106
2025-12-12 20:48:12.944320,Left,370.84001292857283,397.2736435785191,405.68020041559066,382.77999243856175,315.5841966600201,321.7227772460319,378.02102797564294,433.27143537769734
2025-12-12 20:48:12.948274,Left,327.12939872687275,350.3352990554995,357.0208700878502,336.858001916582,295.01007547598783,279.7765899424485,331.3815577366113,384.93714851776895
2025-12-12 20:48:12.952350,Left,243.6251818710425,259.53330564237604,265.24436488279844,249.04243119139437,202.70779931539346,209.01637249809573,248.83111510653362,285.54063932457893
2025-12-12 20:48:12.956369,Left,291.2311165406427,308.34711759550555,314.04972255347093,294.8272155770683,221.74844351672073,250.8011028167748,295.5329506436974,331.47271314750105
2025-12-12 20:48:12.959321,Left,428.93495106176124,454.0341635685618,459.7734672340739,432.04662960462156,354.56297347386135,363.2108812384686,426.8420782913745,484.1202966384153
2025-12-12 20:48:12.963383,Left,527.7318992045621,560.6886590312206,567.5306640860654,530.94673110242,460.51501292185276,441.7948914427834,521.536255904648,600.078591699028
2025-12-12 20:48:12.967406,Left,551.6268643102667,589.0392496546847,598.3378501203551,556.3518681749993,468.45301492747967,464.1200429942255,548.9890350551868,631.4912494925666
2025-12-12 20:48:12.973409,Left,543.5532231245597,581.3871573765064,592.0621978573035,550.0154518533091,440.3219436837535,461.948013571091,544.5957716117555,621.0664885988808
2025-12-12 20:48:12.976438,Left,535.3919865912176,571.1808453088743,580.9331870509486,542.2336952429614,446.5708331436326,453.2345610113698,533.3317178994184,609.2214386244013
2025-12-12 20:48:12.981448,Left,549.4836697464052,586.2168432073086,595.3544895134983,557.460159661452,485.93999954286846,460.62904108612565,543.8869115971902,627.2776468185475
2025-12-12 20:48:12.984469,Left,616.5352155380533,661.3661397281103,672.2618392632576,629.2261514787679,537.9461554411682,520.1064188549062,614.6603105041431,706.949370080838
2025-12-12 20:48:12.988475,Left,717.3036374220392,772.5216937067453,785.2852047100314,735.7072115081828,599.5058558382443,612.9048116804333,721.0306117318687,820.3378434621263
2025-12-12 20:48:12.991490,Left,763.9480828068336,822.3134099195595,834.3751916879555,783.6597035018494,643.4036261752481,653.6982094150735,766.471633149311,870.014966181363
2025-12-12 20:48:12.995489,Left,713.754906613729,767.1958947135136,777.7833712165011,730.7585005140281,626.4160297857597,606.6224532987108,712.2189584322623,814.162168501236
2025-12-12 20:48:12.999520,Left,654.7879552129889,705.3154404910747,717.0512883804622,671.431977595319,576.5153323522536,557.0665861792513,655.6639633075683,752.6542849419056
2025-12-12 20:48:13.003508,Left,699.1799697176903,756.2931437872467,771.071493801428,720.729212334496,591.2485121353529,601.6047242786153,706.4904377837665,807.2444096556283
2025-12-12 20:48:13.008530,Left,820.6218952253112,888.9102945809718,905.0647793806856,847.7783174823853,695.4469256014563,707.8763564024703,828.6354848452029,946.7723228567047
2025-12-12 20:48:13.012562,Left,882.3992055348936,956.0233923152555,971.1002483520424,910.7967782268533,775.1811113423901,756.824398764642,885.9068575231358,1018.7025864428142
2025-12-12 20:48:13.015559,Left,825.0503521644277,894.7660082255024,908.4789629458683,850.7888412843458,730.8249312263797,706.696671341022,827.7857450173469,954.0582062409958
2025-12-12 20:48:13.019578,Left,747.8705718121491,810.9754689504625,823.9912528363056,770.6032510857331,637.3054884656449,645.5698627325473,754.0447011844954,862.1139990665251
2025-12-12 20:48:13.023524,Left,776.1686151575996,839.0549271288328,851.615855334443,798.0409805251984,650.3155260341591,672.5174380990211,782.3344034415204,889.3095111490693
2025-12-12 20:48:13.027607,Left,899.350214191596,970.6374287907965,983.8497643874725,923.3331214610953,778.8842753225472,775.120684790716,902.2735060161212,1031.7842914289795
2025-12-12 20:48:13.031626,Left,983.8828963349806,1064.090512183844,1079.712549834163,1011.581749751931,863.8681536534568,846.9382095965557,988.3467493437929,1135.9994072882691
2025-12-12 20:48:13.035641,Left,936.3262039492838,1015.4759599402314,1032.8267348273657,965.4186244970188,801.5409519919194,811.5742800660664,946.5727359820157,1084.8206784230424
2025-12-12 20:48:13.040603,Left,822.8563780634431,892.2319026431069,908.2443512256723,849.1298968219198,689.6696244038176,717.4397868386004,833.7156819977099,950.6153981019743
2025-12-12 20:48:13.043614,Left,801.104560938431,866.6267786925891,880.77908414579,825.2020766942296,691.6477785289753,694.7920436849818,806.9287936303299,922.5533988027601
2025-12-12 20:48:13.047661,Left,925.0277319011511,1001.6505878667813,1017.4230933928629,953.4526115175104,816.2664950577309,798.0757124964148,930.5942368442193,1067.949524641037
2025-12-12 20:48:13.052689,Left,1055.169082589564,1145.5836625311058,1164.367194206803,1090.832749409834,911.1519417113159,913.865370717016,1067.2392142246244,1220.0858391941292
2025-12-12 20:48:13.056701,Left,1020.9516051659593,1108.8292098153615,1126.1344625116326,1056.784278426785,863.4884155689506,888.1180998054333,1034.8340379315196,1176.8233234357322
2025-12-12 20:48:13.059738,Left,857.9493000698276,929.6246733720182,941.4125875437167,885.8351059340639,740.8118057399988,743.9196955785155,864.3682911768556,984.6660068328492
2025-12-12 20:48:13.064670,Left,786.5995873565553,851.5559157019015,861.2519906206289,809.4565235658083,702.7074850898935,677.3939359650249,787.672186470707,904.3773010964505
2025-12-12 20:48:13.067758,Left,914.8670996294823,992.767833255697,1006.787368199788,942.1915893243859,799.6149166062241,789.8084552405635,920.3048609775724,1055.9698534285417
2025-12-12 20:48:13.070748,Left,1068.7651925003156,1160.3674846197246,1178.4585821878863,1101.6818386428058,905.4904171900125,925.8739413360599,1078.6412092782557,1231.1955622240203
2025-12-12 20:48:13.075800,Left,1025.9465454956517,1111.675010046456,1127.456306049251,1055.4910240693716,875.205559196067,884.9639513549628,1030.7699764610734,1176.165028590127
2025-12-12 20:48:13.079751,Left,841.2484522826271,910.2694262892473,920.9145664157113,862.9226819898468,740.2295528935501,718.9452037308365,839.0738408957841,961.5039302851073
2025-12-12 20:48:13.083806,Left,777.4650440457044,843.822487513884,853.3648484330624,799.109026443446,680.5600502551533,664.9277649691794,777.7233210433042,889.9270633078413
2025-12-12 20:48:13.087785,Left,923.6878527813824,1005.893667463446,1018.0580948294373,954.3654950486962,783.2219522276428,797.3705230031628,931.6680370405084,1059.2156071837526
2025-12-12 20:48:13.091758,Left,1064.1827168921009,1159.170502940542,1172.3444403747562,1101.4058219944127,908.5144830552163,919.3476337486645,1073.7363917656476,1221.4288970569614
2025-12-12 20:48:13.094810,Left,994.2572884641122,1082.9401763167698,1094.423766420572,1028.4514191566268,873.5915502221324,854.3640367216431,1000.0709391450509,1144.204869197798
2025-12-12 20:48:13.098821,Left,811.9877186265076,885.8392749181949,896.8615865136962,840.1009326479398,714.8695199674694,697.0355033370433,818.2619676996255,937.9390058349818
2025-12-12 20:48:13.103843,Left,764.9705985656474,835.2295774534578,848.7720594390994,792.9660717638908,646.2991321748123,662.1507000199053,776.1504574305145,882.7542757189367
2025-12-12 20:48:13.107867,Left,897.488059166004,977.530873684329,993.8915249321144,930.4259552579606,755.4989950378658,778.3969239232829,909.8013081226964,1032.0781329390593
2025-12-12 20:48:13.111866,Left,1008.2641070734244,1096.3093165977625,1113.6852697214345,1043.9508687044727,876.3306788434274,869.4392687279033,1017.2960476899752,1160.9566511395387
2025-12-12 20:48:13.115895,Left,944.4897378877504,1027.7540128962137,1045.3824861855246,977.6911234764848,829.4956665487261,811.7018117818516,953.0598923722282,1092.777631371282
2025-12-12 20:48:13.119902,Left,793.5515173822641,864.478666273877,882.959720536368,822.2406128608854,676.8347267704085,683.7184049587231,804.9134931630688,921.2616303178947
2025-12-12 20:48:13.122917,Left,736.9146673027426,800.9070968095912,821.1795533453114,763.3114091587486,619.7977569476934,634.7342788283713,747.6889343763469,855.1120436927304
2025-12-12 20:48:13.126886,Left,812.2423547647195,880.1768682849361,903.8923234338872,840.1998262808193,708.8508166666143,694.6592295876471,819.7410884394776,944.5256112080533
2025-12-12 20:48:13.130947,Left,892.4888158967951,967.6897948913975,996.4003235383425,924.0915730487322,790.967462777975,762.0662308668252,901.9508805866353,1043.6233376911841
2025-12-12 20:48:13.135047,Left,860.9658525985433,935.2333252074895,967.3901454249863,894.2050646010321,742.1380306989886,739.8563822458964,877.2789552499307,1010.1042395336553
2025-12-12 20:48:13.140019,Left,747.0089646962006,811.286093447241,842.4483943183441,777.9499385548988,628.7579811046598,644.7673343243077,765.7370427690912,875.5703147645108
2025-12-12 20:48:13.143970,Left,680.1634904011153,737.7847548949067,765.7791883428581,708.993910978199,591.7813363085734,583.426328692236,695.6006509128492,797.064938882133
2025-12-12 20:48:13.148022,Left,730.4847378439736,794.4464476292487,821.6046392375138,762.8261257865233,654.5630236174911,624.4395607217448,746.543918426265,859.1540532254148
2025-12-12 20:48:13.151025,Left,819.7754637760809,895.1625890519936,923.0959839310963,858.9811549343867,715.5469889295055,706.9808138385415,842.8735283412971,964.4891466824338
2025-12-12 20:48:13.157050,Left,816.3858529775171,892.2060959507944,917.546458535362,857.5107070376398,693.6690968576586,710.3109403147828,842.561826981022,955.7811086608563
2025-12-12 20:48:13.160028,Left,708.6616678545251,772.4685888580279,791.4294089428149,744.7363818312297,616.9891626341268,616.4442374536302,728.8590590498643,825.4162290557288
2025-12-12 20:48:13.163983,Left,627.7080906999763,682.5357941974653,697.1808903103229,659.6468720949488,570.4941709978739,543.9124075989239,642.3050387152471,731.0832936849911
2025-12-12 20:48:13.168050,Left,668.6327704611467,726.8715437665815,742.350063673337,702.8611874473281,593.7460885929177,582.7195099481614,684.9195850392571,778.4474020905327
2025-12-12 20:48:13.172069,Left,751.9141320213675,815.6137419430306,832.6439893507631,789.1039612599416,640.3615518440492,659.4141716852318,769.1428252222249,869.6928375957068
2025-12-12 20:48:13.176096,Left,735.9609812520212,793.9847447777865,808.9525972508127,769.1717830315465,633.6844192692079,643.1670449306257,745.516565693426,845.1625533669721
2025-12-12 20:48:13.179082,Left,625.1381368740695,670.6646000511246,682.7049573137192,650.4459096422652,561.5656230502063,541.7926062981132,625.7608378487639,716.5303360682447
2025-12-12 20:48:13.183083,Left,560.6763459983049,600.9365462827263,613.8167551996885,582.8599658862222,498.57687506708317,486.901240528794,560.8578399965772,643.7548421695828
2025-12-12 20:48:13.187105,Left,608.6165565608535,652.8860896375263,669.0865001754137,633.2057063650573,511.6675961803412,532.9614800385898,611.6318042554194,695.6143644801341
2025-12-12 20:48:13.191111,Left,669.9265212608734,716.6088381711161,734.1249699607724,695.6389924233081,564.6367307008477,584.2598317827797,668.9118687645532,759.9484745521331
2025-12-12 20:48:13.196136,Left,638.6683068640996,680.893441600725,697.3325404922944,662.1151555874385,563.7550650578924,550.6259238943458,630.7980174941476,723.540094094933
2025-12-12 20:48:13.200162,Left,550.3176370467991,587.9535070527345,603.7487943713786,573.189972410677,491.01023900997825,473.8740915314993,544.0559111742768,628.3875208863756
2025-12-12 20:48:13.204163,Left,504.91359506035224,543.4890155147295,559.2426150607644,531.1902954133693,428.36349433031864,441.6454069913598,507.1309501454234,582.211168428068
2025-12-12 20:48:13.207163,Left,516.6022356335307,558.2730193537427,572.5503340227297,546.0834459493635,434.4624422757188,455.7336011894513,522.9305894345744,598.3121004737914
2025-12-12 20:48:13.211167,Left,523.0145207371097,565.6316236527637,577.6197178304428,552.7992239280138,464.2714973172406,459.15315687982365,527.8802017256385,609.0625029363437
2025-12-12 20:48:13.215121,Left,497.2929456292186,539.9331988481572,551.1858455485199,527.1383000734495,449.1520780919818,437.147725340561,503.8489683760563,584.0270103913499
2025-12-12 20:48:13.219173,Left,466.25441574980505,509.3911629328504,520.6715924349846,497.4542707601795,398.7452789453091,415.28190364933107,478.19247856445145,548.7919904469745
2025-12-12 20:48:13.224185,Left,442.3691364026163,484.3204819035018,493.6344414174091,473.2719618108822,368.5184865100309,395.3244617289165,454.56152630690485,517.4207817616407
2025-12-12 20:48:13.228145,Left,414.2597199770389,453.1928996053757,459.346121218754,442.00945523334667,367.674743174226,364.4024154837243,421.025688357302,483.6280334809562
2025-12-12 20:48:13.233214,Left,392.2648017570609,430.29926819202956,435.6293791702483,417.73025435290765,361.7716830695281,341.27270562946796,397.6871478985995,461.368920021574
2025-12-12 20:48:13.237235,Left,395.752524228883,435.70652373158373,442.5732728135772,421.8050844965037,342.07925266807433,347.96400946599897,405.80106500617694,466.21773791732267
2025-12-12 20:48:13.240232,Left,402.4025749488501,441.89547622355167,448.85415547096636,428.20703638601117,329.45207185391337,356.3769225671422,413.0974186374806,468.8674303909065
2025-12-12 20:48:13.243256,Left,372.84324747743085,407.2220060377149,411.73490428423975,394.8726261013653,321.2483881597873,325.9142158856848,376.97465491550975,430.03760454105213
2025-12-12 20:48:13.247262,Left,321.9607207492227,352.083269799361,355.12401161075104,340.3922876151046,295.2531337530818,277.38695493736304,322.650481349905,372.24891546263825
2025-12-12 20:48:13.252267,Left,303.6624286074657,334.9449847495416,339.47085927182343,322.65033880481496,262.9017057947349,265.33133901446126,309.792477201554,353.911105795647
2025-12-12 20:48:13.256226,Left,322.1989200832322,356.17104359017685,362.30843056261074,343.23722603020724,258.53373954154085,286.73445465555415,333.52578534034546,375.1359443884576
2025-12-12 20:48:13.259238,Left,321.543363030185,354.12966592714656,359.56151839811355,341.5193486325443,272.33741813898087,283.9665642238688,330.0958385524573,374.1030868620146
2025-12-12 20:48:13.263291,Left,274.8757961782394,303.5332076717168,307.9181391703896,291.8464410310844,254.60549126612023,238.30293682776392,279.4058307654923,323.5551567156799
2025-12-12 20:48:13.267293,Left,223.9864664596971,250.9460381574463,256.07853093068115,239.98556351009756,198.7423578457674,194.40233563340735,230.82221184298396,267.7061844418058
2025-12-12 20:48:13.271319,Left,209.81508220906835,237.071592370281,243.03066185151692,226.2369581136154,160.93525501713157,183.695519533474,219.51003199105617,248.68163900531363
2025-12-12 20:48:13.275325,Left,217.51159169571474,243.70593361894134,248.89911722647958,232.40567411284428,174.03847700136248,184.98224727925844,223.1570154457586,252.80997420486528
2025-12-12 20:48:13.279336,Left,213.76124555862043,237.53291183628608,242.53392153442837,225.8053643538151,195.1136248195544,173.95291842560982,214.19919499079697,247.94397571973968
2025-12-12 20:48:13.284365,Left,193.5837764084572,215.39669010578655,222.67487397638615,204.55260236689355,173.17820333054988,156.94243472226663,196.375621582265,226.63808871794026
2025-12-12 20:48:13.287344,Left,166.9732718548039,186.21373828779906,195.7739316597581,178.1881121379556,125.46841824054718,140.55929601402022,175.4610331148142,195.09407374612056
2025-12-12 20:48:13.291392,Left,137.79685448866803,152.799398274743,162.06863569829147,148.01673966669478,103.1763701554155,117.09093514172127,146.40514749614522,159.97779826272745
2025-12-12 20:48:13.295350,Left,116.50891506427433,129.06185562512837,137.62819800525904,125.43334955046885,112.39169201330515,94.77906503283884,122.51837552507641,139.2866445601685
2025-12-12 20:48:13.299414,Left,115.63808084418997,130.21580529212952,140.61776242253836,125.5083096351591,114.6026001268765,93.67324735748116,124.67842975485837,144.9735379399499
2025-12-12 20:48:13.303365,Left,115.07665339362575,131.3305823688861,144.1259162563365,126.18000066961395,88.04767893726239,97.39523735869443,129.84130570973502,145.93637672869954
2025-12-12 20:48:13.307431,Left,77.00495912501356,88.78791781206382,100.96286320313811,85.5076428540051,48.62245899037225,64.20386847521877,90.75268205185421,98.95480974100064
2025-12-12 20:48:13.311492,Left,15.743084508168977,20.893712201039307,30.938435025396757,19.25781052617822,19.60394973482471,4.704651984386146,23.385147233959287,28.135222402808722
2025-12-12 20:48:13.315457,Left,-2.6932746875681914,2.348078686336521,12.925993525306694,-1.0220915329409763,11.089850814489182,-15.04527108639013,3.6051172942388803,9.974624882510398
2025-12-12 20:48:13.318417,Left,35.985854996717535,46.21755466319155,59.27068488061195,39.12252194574103,18.847848037083168,20.287893586792052,45.34729465289274,53.19991610624129
2025-12-12 20:48:13.323490,Left,53.48983045021305,64.01841025234899,76.94486737833358,55.49850957945455,20.663478203234263,34.86873863224173,60.42664228688227,66.28339384618448
2025-12-12 20:48:13.327503,Left,-4.618637636711355,-1.1749557123403065,8.779765947139822,-7.944839181378484,-7.5990711223566905,-21.084352263307665,-5.799774591403548,-5.1687077062088065
2025-12-12 20:48:13.331465,Left,-72.09634452249156,-73.03450589528074,-64.15026219905121,-78.637548433966,-50.924031333241146,-80.69663646043045,-75.63625206233701,-80.90661885542795
2025-12-12 20:48:13.335512,Left,-58.401150527293794,-54.297468186938204,-42.77336088893935,-61.887806158163585,-59.26567021547817,-60.73070211050799,-55.50128387182485,-62.90511939744465
2025-12-12 20:48:13.339516,Left,4.97936958016362,16.042296887433622,30.21547466085758,5.757005647348706,-21.456689462065697,1.7834623146627564,11.84740029310342,8.001976986415684
2025-12-12 20:48:13.343516,Left,8.97911958314944,18.868321050016675,33.21459285158198,8.899569978530053,0.9919688547670376,3.839883965032641,10.981016766862012,10.551468649238814
2025-12-12 20:48:13.346542,Left,-65.43376976888976,-62.9186185838189,-48.405893706483766,-69.74303219030844,-42.585271356627345,-65.11057118981262,-68.71691695117624,-73.3757519343053
2025-12-12 20:48:13.350546,Left,-125.0711401059234,-127.18324380816193,-110.33069941034773,-131.37571436248254,-108.66957681521308,-116.35721890057903,-126.9392164228484,-140.22010704968125
2025-12-12 20:48:13.355559,Left,-113.49364324635826,-115.02743794643902,-95.80532562782173,-119.08429792019888,-119.19553665438434,-104.99511667151819,-112.96298282136559,-127.8452467348252
2025-12-12 20:48:13.359553,Left,-85.85641618221416,-86.13034822195186,-66.86422928448883,-91.40821002985467,-81.48714418208692,-85.00973703112686,-87.70445654558716,-95.31563237638329
2025-12-12 20:48:13.363587,Left,-106.339717487921,-107.19563645197195,-88.93132342540775,-112.97540522628697,-75.5114035141014,-106.79404755408177,-110.0998607314541,-114.22458953570458
2025-12-12 20:48:13.367595,Left,-152.26070558503852,-154.14325175795238,-136.36756703833817,-159.00874832997215,-125.19729216457927,-143.02877631856245,-152.51684122663573,-165.42429297437775
2025-12-12 20:48:13.370618,Left,-166.55903086814214,-169.38272504406632,-153.0428651862312,-172.7098014121584,-161.9172140131559,-148.9667546688579,-163.97263177929563,-188.34110321549815
2025-12-12 20:48:13.374619,Left,-146.34063657958177,-150.65134656766895,-137.80979812296573,-152.94704360001197,-136.7254759814532,-131.43316150306782,-147.45381187424937,-172.5757042147743
2025-12-12 20:48:13.378623,Left,-130.8034326040506,-136.07050792158407,-126.46261601512379,-137.9738221869775,-96.67546051221143,-121.66631298366701,-135.7651250950148,-154.29364890953002
2025-12-12 20:48:13.383642,Left,-141.57892662848462,-146.67716918447695,-138.1583865135035,-147.44331699807663,-108.5823221935425,-128.96675331493316,-142.82431261663442,-161.4603054108884
2025-12-12 20:48:13.388666,Left,-173.85494787057542,-180.4501613930479,-173.18863759147644,-178.16988532885443,-161.39189633729256,-150.70825755083206,-169.3863327322906,-197.3852851875563
2025-12-12 20:48:13.392692,Left,-214.47535414840968,-225.80764338130393,-222.42682307746873,-219.9729881014573,-194.79192417259765,-185.11564984671713,-211.6938015415144,-246.92625740818767
2025-12-12 20:48:13.395629,Left,-239.76775148141678,-254.65433548155852,-255.57450999355933,-247.6099814304107,-188.91372938423956,-211.2322357283374,-242.276290432721,-276.37644057491707
2025-12-12 20:48:13.399704,Left,-228.42702788302813,-241.37369478305845,-243.72982659144873,-235.76335884256332,-174.61596934111094,-200.57861940516705,-229.59294321461857,-261.41179801897306
2025-12-12 20:48:13.402653,Left,-201.28158258723306,-210.89863420998813,-213.27626151433105,-206.17411730390995,-176.2188037853466,-170.09715312331628,-196.336182332896,-231.8181879040376
2025-12-12 20:48:13.406728,Left,-209.38882477183142,-221.28737817989895,-225.95396613638877,-214.65797979024137,-189.90853348003293,-174.27023399244717,-204.09289881790755,-245.58056643271266
2025-12-12 20:48:13.410684,Left,-256.2916142372196,-273.92059477075236,-282.638806502182,-264.8182552726503,-206.4765838202802,-219.36451946163288,-256.5072121064295,-299.99950415027706
2025-12-12 20:48:13.415741,Left,-280.4438501400655,-298.65190180474747,-309.6581040736928,-289.8479430832522,-218.77635580903734,-242.5495353570659,-281.7280481404596,-323.8417491855216
2025-12-12 20:48:13.419740,Left,-250.9612428254477,-264.1127871171193,-275.5552380291192,-257.5020800092898,-217.40639213271788,-212.33855435196892,-247.0477996799309,-288.2737962486135
2025-12-12 20:48:13.423716,Left,-225.22915856233158,-236.85635282032308,-250.1204221732769,-230.556794708682,-207.2924826810049,-186.74459608375037,-219.48749641091854,-260.88400859720423
2025-12-12 20:48:13.426769,Left,-258.93478908360703,-276.5123543033842,-293.16735884676746,-267.82122614904074,-213.4664482785156,-219.35891802042897,-257.775111895171,-299.7289969340054
2025-12-12 20:48:13.430747,Left,-311.3856296567683,-334.82560804918467,-352.86040981367114,-324.2748601927451,-243.24409133405425,-267.5875569510099,-312.5149070221669,-356.2564669504354
2025-12-12 20:48:13.434797,Left,-309.0665103071369,-331.78503403192735,-348.31603648356395,-322.2554423220572,-262.7276925054466,-262.27223723915813,-306.8050537586096,-352.4475475984218
2025-12-12 20:48:13.438803,Left,-265.1900620313245,-284.98132102095406,-300.78004582214635,-277.583225477807,-245.07876373725594,-221.83831037094933,-262.3096519028768,-306.518006184604
2025-12-12 20:48:13.443829,Left,-256.28014722061926,-277.57338528707623,-295.3069540280849,-270.20668637013296,-221.01526202706737,-218.34739552158862,-259.1698452855344,-299.6548250794003
2025-12-12 20:48:13.447846,Left,-298.3769864870119,-323.64294221423916,-343.1320640013728,-313.5451056280581,-236.56514368971693,-258.5464938101941,-304.091502937139,-344.8682973548712
2025-12-12 20:48:13.451795,Left,-330.00231183093274,-356.18526042005396,-375.2891461648687,-342.48849485401297,-277.3315620504145,-282.10575208696537,-329.97871713139466,-376.47986554793897
2025-12-12 20:48:13.454814,Left,-318.6960547679337,-343.6429306206701,-362.8407956523297,-327.2937220426975,-288.85678094107425,-267.6370231891051,-313.403847580048,-363.6642418662959
2025-12-12 20:48:13.458895,Left,-303.576414460229,-329.5499112700636,-351.57787548657507,-312.11841655825265,-264.58212952598114,-258.0505931756925,-301.81885306196637,-349.10080507103703
2025-12-12 20:48:13.462897,Left,-315.5598028107779,-344.173771389731,-369.4269778478192,-327.3103200866899,-253.65615326250554,-275.53903914953116,-320.0589439665782,-363.75748279341497
2025-12-12 20:48:13.466938,Left,-328.924392321147,-358.29549356520874,-384.427128133073,-343.17394219205016,-277.0122860674164,-288.2544321209716,-334.13072897380334,-380.73331081075594
2025-12-12 20:48:13.472959,Left,-320.1970735624782,-349.5090864307713,-375.64282930258196,-336.02484037546674,-296.6156853341963,-278.0133559421811,-324.5414958385518,-376.8429416260333
2025-12-12 20:48:13.476003,Left,-311.971383995784,-343.57616217591567,-371.10205083031906,-330.7645394340507,-285.71071809195564,-272.54187729689875,-320.5648489941959,-373.3945205225609
2025-12-12 20:48:13.479023,Left,-324.7467319452553,-359.2152202699799,-387.9796056909836,-346.62311424006475,-273.3153485915391,-287.4831407026795,-337.9266017821501,-387.03158359386725
2025-12-12 20:48:13.482957,Left,-338.2284696509596,-372.30296056030784,-399.9272164799622,-360.0824694832554,-289.4304593412089,-296.9245736290177,-348.61547479842557,-396.8577458719956
2025-12-12 20:48:13.487018,Left,-334.9971474065678,-367.2315450604656,-393.16958307259483,-354.92767464375356,-313.8245927928365,-287.6069957392174,-339.6729961228557,-390.6950085085118
2025-12-12 20:48:13.491008,Left,-335.8995675991173,-369.49134695506655,-395.99581944040256,-355.9744773102575,-316.28628227545414,-286.8283537385869,-341.15245214191964,-392.9906953877071
2025-12-12 20:48:13.495044,Left,-355.0749419591157,-391.739897222782,-419.54349056095816,-376.72855285322294,-307.8715457364451,-306.23564979375806,-364.31752348603914,-413.9575887938263
2025-12-12 20:48:13.499038,Left,-363.9089911879855,-399.67156530416105,-426.44435182766756,-384.21169579512207,-311.7364418290672,-311.6342188446433,-371.15312698466005,-420.2048559769755
2025-12-12 20:48:13.504055,Left,-342.42581421212526,-373.67879176477436,-398.41922359197633,-358.6113295799587,-317.67531510966364,-285.7253802595078,-343.8523685982218,-394.47387285664445
2025-12-12 20:48:13.507059,Left,-324.5857600448653,-354.0862091095769,-379.3501194571145,-339.12373626977205,-308.0708482488408,-268.479039683647,-326.73400874313666,-376.44578122207895
2025-12-12 20:48:13.511079,Left,-343.33454219141277,-375.51527647231705,-403.06264035002096,-360.315012575069,-299.0187104883953,-290.5624352909508,-352.21497652784456,-398.59603225952014
2025-12-12 20:48:13.515093,Left,-369.556815187796,-403.65952924086014,-431.23574289801763,-388.58029533101944,-311.6244848349015,-316.33898994961055,-380.4287981556263,-427.19775775424205
2025-12-12 20:48:13.519161,Left,-360.13836576545145,-392.9918058156036,-418.07120387564646,-378.08800724323373,-327.03029362892266,-304.03476834017783,-366.6300446112873,-418.68427320802584
2025-12-12 20:48:13.523098,Left,-331.768387013115,-363.9483743159217,-387.66435501538217,-348.3516416894854,-314.9764722889522,-276.6972211931716,-337.08236703195143,-392.4846811299212
2025-12-12 20:48:13.527132,Left,-329.0481675075134,-362.78860903403256,-387.1649209501338,-346.01881785300793,-288.98929133213824,-277.6687986861798,-338.5602178614936,-392.0203890919802
2025-12-12 20:48:13.532127,Left,-348.1348874384421,-381.86032631865237,-405.89526012865826,-364.9318011457217,-287.15864817635156,-295.7822113111033,-358.11838680296205,-409.89409721439006
2025-12-12 20:48:13.535119,Left,-351.7230573274428,-382.45387476152973,-404.3038550427882,-366.6968380229082,-308.73746677237796,-294.0184941449552,-356.0121003286331,-410.3497690176591
2025-12-12 20:48:13.539118,Left,-339.2139293481014,-368.6180446271901,-389.3353044865071,-354.01764656585874,-317.3337032276904,-280.3673341671238,-341.3774292768794,-397.75383662374225
2025-12-12 20:48:13.543152,Left,-340.84880645602243,-373.09962830954464,-394.6122420442989,-358.7953695441247,-303.52629169257125,-287.6731883030152,-348.796056726831,-402.0574228084297
2025-12-12 20:48:13.547155,Left,-354.13364568562247,-388.78683147532865,-410.0168996998691,-374.52561856701504,-295.69007315061754,-305.9642764185555,-366.63356579327956,-415.65815169678535
2025-12-12 20:48:13.551167,Left,-348.83251514827134,-381.7099446338252,-400.4889825785067,-367.61233579175314,-305.64621397986775,-300.11479549569776,-358.3827154363389,-407.66105188487563
2025-12-12 20:48:13.555180,Left,-330.69144853705075,-361.3163084783009,-378.7759386423859,-346.8748555579223,-311.3647659373237,-279.98627910157666,-336.97430754982634,-388.6398551390739
2025-12-12 20:48:13.560191,Left,-335.67572948150337,-367.5097925006412,-386.58544091542717,-352.2258971842821,-302.07919260003837,-284.994581312465,-344.5135192552698,-395.2466035662219
2025-12-12 20:48:13.563203,Left,-358.4262295230292,-391.4471802896005,-411.8876073936699,-376.04632228647824,-295.40218465711223,-306.3840398862958,-368.5733620232786,-416.27732680004556
2025-12-12 20:48:13.566221,Left,-353.6672971920925,-383.4851757553988,-402.41070511797443,-369.0187095560832,-298.0405263090506,-296.88790855609113,-356.9896054813871,-404.49607083620504
2025-12-12 20:48:13.571208,Left,-318.76585660438286,-344.78331799816806,-361.8418736146996,-330.6319098547683,-292.31029086437775,-259.03342462534783,-314.7250580728869,-364.29185739078093
2025-12-12 20:48:13.575269,Left,-305.6265510643716,-333.55888442485593,-351.41909380909055,-317.8648730991408,-275.6667384619941,-248.64488267427078,-303.80561030638637,-353.5372874488821
2025-12-12 20:48:13.579239,Left,-331.30337684968254,-364.6554548899876,-384.20520529837813,-347.08677726163296,-272.0911576541839,-278.61137525097,-336.81782216287684,-385.40093665907625
2025-12-12 20:48:13.583273,Left,-345.3944431200507,-380.23331179330125,-399.4031329692807,-362.9529013822321,-286.5796385011636,-294.15034425165504,-352.8524621783872,-402.4529374097474
2025-12-12 20:48:13.587299,Left,-317.27300729084527,-349.1195945685031,-367.24680833681487,-334.32160861766897,-289.91493633628124,-267.6129171688226,-322.72054955310887,-373.9845954688499
2025-12-12 20:48:13.591306,Left,-290.68258139904356,-321.2069110313896,-340.53565690200776,-308.7701922679553,-271.0439391027321,-245.6289228972164,-298.3175597827649,-347.7492574331118
2025-12-12 20:48:13.594315,Left,-307.27248825435527,-339.62720961507875,-360.92553406755906,-327.87498602090636,-261.809978381556,-264.94479074922856,-318.9816926350468,-364.99201752070803
2025-12-12 20:48:13.599301,Left,-333.7615900845849,-366.04514521255624,-386.43710977828596,-353.79717664432246,-280.5065337053966,-288.03703777876217,-342.62224922381574,-389.0770894185407
2025-12-12 20:48:13.603263,Left,-320.9522789649782,-349.65230540325865,-367.0115057853982,-336.7621911170427,-293.3997753006406,-271.7265528975404,-322.3424767758697,-371.80493550398387
2025-12-12 20:48:13.607270,Left,-288.198461908265,-314.5897236340679,-330.75695808965247,-301.2359479558654,-270.5555083101499,-242.85190666635754,-288.36764121986926,-336.7426599089522
2025-12-12 20:48:13.611277,Left,-285.79853368282784,-313.53596121200826,-330.7144015909871,-299.99616245913785,-241.27734797412995,-247.64646945300046,-291.5915812214953,-334.68027852789965
2025-12-12 20:48:13.615364,Left,-307.9749046015204,-336.83314592344686,-354.0628320721444,-323.77413988590706,-247.10844837065088,-271.1893259100616,-315.99743227107683,-356.98508706572466
2025-12-12 20:48:13.619364,Left,-309.6009829293471,-336.82827964320313,-352.68943363195285,-324.8537715190323,-270.975610482099,-269.3509264185559,-313.9405760199297,-358.13337853120174
2025-12-12 20:48:13.622365,Left,-286.0369492569007,-312.0597418184625,-327.7063705037581,-300.82998014765326,-266.2192526027211,-245.96015938959317,-289.405858269718,-335.08311386813875
2025-12-12 20:48:13.626420,Left,-272.2328506486956,-299.6258779176278,-316.21394019550644,-288.1274915449321,-235.27992977394024,-236.56639590719715,-279.7487393292249,-321.4851895959582
2025-12-12 20:48:13.631397,Left,-277.10458838607883,-305.1420325548388,-320.8925509752007,-292.71996609901544,-223.06427763565443,-242.1010063723661,-284.9635943271569,-323.6000916357152
2025-12-12 20:48:13.635397,Left,-277.64968482463155,-303.37703152152244,-316.1721755613107,-289.8369725565426,-240.33852003101492,-237.66037069953745,-278.676265303744,-319.97102820058353
2025-12-12 20:48:13.639427,Left,-270.5919346581795,-294.4064547608141,-305.15638990560547,-279.66129941120744,-250.56116795289563,-227.68685696675675,-266.6708770514233,-310.9455765404273
2025-12-12 20:48:13.643405,Left,-274.5473634425434,-299.0031792476075,-309.38704745448194,-283.54428731510416,-235.86792578652967,-234.46084260597127,-272.5129270643811,-313.74068399053067
2025-12-12 20:48:13.647427,Left,-282.80920556624187,-306.61537404661067,-315.2940223165788,-291.61257381469477,-221.37937712104758,-244.94777392817196,-281.3645250485861,-317.0589536044281
2025-12-12 20:48:13.650415,Left,-269.19942047429504,-288.65189089858904,-293.2233878528932,-274.45691750978585,-223.1916640998097,-228.61306292080553,-261.5853117662482,-296.01094010833185
2025-12-12 20:48:13.654432,Left,-243.0925322957919,-259.3704549331451,-260.9444451535819,-244.56439220975153,-222.89958787715295,-199.85510362981586,-230.76530319818994,-266.8924765094416
2025-12-12 20:48:13.659479,Left,-242.01404509006534,-260.65823412535246,-262.6632429615129,-243.79866038891487,-209.72121730266372,-200.7884880612255,-233.65053168853046,-268.8971784840105
2025-12-12 20:48:13.663510,Left,-263.5201773486333,-285.90384224883746,-288.83408734039403,-267.7633868799894,-202.31081490777433,-225.4329533787095,-260.6831958218245,-292.9109613308683
2025-12-12 20:48:13.667501,Left,-263.58065731055103,-285.038634186727,-286.39917880960274,-267.9272631003987,-209.62773461808683,-226.0684428649838,-259.14048960024957,-290.6486729478929
2025-12-12 20:48:13.670517,Left,-234.88550303981174,-252.84141468070447,-252.2327199872816,-237.93816369050182,-211.91605745448032,-198.31686047144467,-226.6029969447991,-259.19734266551677
2025-12-12 20:48:13.675468,Left,-223.47685178817483,-241.20630827883724,-241.14392652420793,-227.73305012268247,-200.4718965217471,-190.14101793628652,-217.18099624331808,-248.74270665447693
2025-12-12 20:48:13.679540,Left,-245.65756217506714,-265.3221800919855,-266.4580174036091,-252.35015892854426,-195.556856928044,-212.938454860996,-242.70513026573462,-271.96639661001973
2025-12-12 20:48:13.683542,Left,-254.26040846650722,-272.40993497986346,-272.1784660634585,-260.04752518300666,-203.8451697974233,-216.95846583199454,-247.99133107683156,-277.6420145109296
2025-12-12 20:48:13.686539,Left,-220.61774915875867,-234.4642816138221,-231.62686508195475,-222.77128146612085,-199.0764973590267,-180.2307803503354,-209.2043305254192,-240.69191597984172
2025-12-12 20:48:13.690533,Left,-187.01036631065654,-199.63109293422895,-196.20537194050848,-187.78660536231473,-170.27438440697733,-150.7921840249328,-178.51600509905256,-208.6274972325191
2025-12-12 20:48:13.694544,Left,-194.200998380722,-208.98280940088443,-206.0364902774454,-196.50715803023195,-149.38648345903493,-164.2153995159315,-193.61440512683475,-220.0879839954432
2025-12-12 20:48:13.698571,Left,-212.14312411355786,-226.68369462928968,-222.02857373998268,-214.63868511567125,-159.1965719658183,-183.09106862114277,-213.47535844298545,-239.3428731173044
2025-12-12 20:48:13.703575,Left,-195.3506042707595,-205.8087541409186,-198.02134538447717,-195.8135832537664,-170.9774503057124,-164.70189613464754,-192.76738081267104,-220.6972902388079
2025-12-12 20:48:13.707561,Left,-161.50047516921768,-169.2420247318223,-160.4053354812204,-161.66993475606432,-152.3666325081722,-133.48155174666317,-158.84693502698792,-185.5589729505591
2025-12-12 20:48:13.712602,Left,-154.7797099399031,-163.3844871398178,-155.34172450396,-157.28668115043547,-123.6749024746241,-131.24538164259866,-156.51413553900784,-178.17779287445592
2025-12-12 20:48:13.716559,Left,-166.9922377243056,-175.64992509660078,-166.8853108845069,-170.06293670652667,-121.8876231412869,-142.47286986588733,-168.42559550650185,-187.80703601200366
2025-12-12 20:48:13.719635,Left,-159.47420565929497,-165.0239830390783,-154.07191139244242,-159.50173418282066,-136.42369321588194,-130.20842205442023,-155.1807389673777,-177.14720016508363
2025-12-12 20:48:13.722640,Left,-137.02485571993748,-140.3047180516296,-129.21322031674208,-134.63344830082497,-130.5226757879136,-107.85008486843435,-131.59528720163507,-154.4416579552926
2025-12-12 20:48:13.726606,Left,-134.70345276565058,-138.97853351343656,-130.2124125948758,-133.43749007990118,-107.12073632585816,-110.9981094247778,-135.00624600314768,-153.20218745811144
2025-12-12 20:48:13.731646,Left,-148.62033317697933,-153.27899922110373,-145.59112759272102,-148.8202064294601,-100.77834295266075,-127.49233897641534,-151.2668535853736,-164.9363389678765
2025-12-12 20:48:13.735705,Left,-145.04301861586282,-146.76720504381228,-137.45936015999177,-143.89209359884262,-114.68373440927826,-121.07044240419054,-142.22162765543908,-156.50247338082409
2025-12-12 20:48:13.739694,Left,-127.80747570935637,-126.88915575866122,-116.27315608918434,-124.67001521255588,-118.2927299029543,-102.12107307970291,-120.81539437314495,-136.66692963975947
2025-12-12 20:48:13.742705,Left,-131.03627428459004,-130.59880943596363,-120.64829008263769,-127.76044344622642,-104.51687316293828,-107.57269532419741,-126.71841572446283,-139.96302198222838
2025-12-12 20:48:13.746744,Left,-149.39944180636667,-148.9547289655311,-139.0133088369039,-145.52773413917748,-98.2651773878606,-126.62920401757583,-146.7083234055317,-156.3663231107057
2025-12-12 20:48:13.750664,Left,-142.0042613519472,-137.8243919914239,-125.6283413459314,-134.69034031045157,-104.78696170990588,-116.05700862820959,-134.00016177230282,-144.12138067680644
2025-12-12 20:48:13.754724,Left,-108.47395783709362,-100.69059109251248,-86.82128462614492,-97.93851436849218,-99.41747717285762,-81.5198085133452,-95.88776568468893,-107.91368861461524
2025-12-12 20:48:13.758750,Left,-94.54107985208975,-87.91735459252959,-75.22532790031983,-84.99344374873908,-78.12340026139282,-72.55222557816887,-85.41109466995113,-95.78021499648457
2025-12-12 20:48:13.763783,Left,-110.85242996190209,-107.19122758164303,-96.12363759742584,-104.45441484608455,-69.39297205815092,-94.78523369698087,-106.73822412459413,-114.10027493460802
2025-12-12 20:48:13.767789,Left,-113.34232714137761,-108.91193045227556,-97.2414795277873,-107.54557659837883,-81.4091517298948,-99.66295616951538,-107.62490304233506,-115.65056574187474
2025-12-12 20:48:13.770766,Left,-83.5785732131917,-76.02918910805602,-63.09762016084278,-76.26299438683782,-84.24010624393122,-72.0831626613508,-74.59387906477787,-84.7697633454809
2025-12-12 20:48:13.774774,Left,-62.46093039721018,-54.458039905526675,-41.784329192189034,-55.169163526559714,-63.65839993394911,-55.61659502022667,-56.33745300699957,-64.25156324042473
2025-12-12 20:48:13.778804,Left,-75.94690234935842,-69.22948026389349,-56.586778199940454,-69.51766322576441,-48.04956468770979,-70.80258988263085,-73.61733515455853,-76.00769442081219
2025-12-12 20:48:13.784839,Left,-88.98107072082348,-80.58085102547193,-65.44575717381667,-80.53893718979089,-56.84197828464676,-78.41520872875117,-82.3479135708767,-82.33796096238075
2025-12-12 20:48:13.787856,Left,-70.86192392214434,-58.94196724699577,-40.89512184920022,-58.57488385832403,-64.69608849735232,-54.34105250914581,-56.67831014748663,-57.89608529023826
2025-12-12 20:48:13.791892,Left,-49.82715724862646,-38.14284875494195,-20.093211995088495,-36.7488247329602,-47.86927738809027,-34.9339168931474,-36.24780615285272,-36.90906397195067
2025-12-12 20:48:13.794871,Left,-56.50620366784278,-48.723979929985944,-32.17298200511141,-45.95895369979553,-26.88886767771328,-47.70405351143563,-49.76421156240394,-47.507154457853176
2025-12-12 20:48:13.797854,Left,-65.35631797200767,-59.2888127968763,-41.768040131020825,-55.742150047037285,-27.747034169675317,-58.74170434160624,-60.18241384200519,-57.87945035536541
2025-12-12 20:48:13.802889,Left,-45.11820424802136,-37.20220527017955,-16.20920300477883,-33.14650746283587,-35.17239625440561,-36.794656587793725,-35.38242339558201,-36.22553356055869
2025-12-12 20:48:13.806887,Left,-21.049442610994447,-12.601362056448124,11.195355015806854,-7.329817138728686,-23.606271128955996,-13.127522027527448,-10.374728690891061,-11.223377413640264
2025-12-12 20:48:13.810899,Left,-29.31930188345723,-23.023342806729488,2.5191151732578874,-16.432928051042836,-5.902622130932286,-23.78199803835014,-22.64470839354908,-18.65417567611439
2025-12-12 20:48:13.814848,Left,-48.51611066015903,-42.041310280386824,-13.418817918980494,-35.73293976910645,-8.593044179229764,-42.1326703170198,-41.3182344584493,-34.185513539239764
2025-12-12 20:48:13.818907,Left,-37.58906867587939,-26.69177096633939,6.012619662564248,-22.22529688879149,-20.936751136847306,-27.844265776744578,-23.139076101826504,-18.36877680924954
2025-12-12 20:48:13.822929,Left,-10.570928922155872,3.8856972558423877,38.342353412066586,7.002719052659813,-13.663407766347518,-0.535016462818021,8.67679228913039,10.451847989228554
2025-12-12 20:48:13.825950,Left,-9.604639925179072,4.473485625057947,37.7098953302484,7.863474992860574,7.228528037434444,-1.6582720600417815,8.56228560503223,10.986483264598064
2025-12-12 20:48:13.831019,Left,-27.08099771401612,-13.261085773119703,18.86259418586269,-9.022801645391155,11.839851126336725,-17.47748093958944,-7.851476308162091,-4.486228636757005
2025-12-12 20:48:13.835000,Left,-21.412841009907424,-4.721240365295671,27.518568591185613,-0.07490127897472121,1.6320065144682303,-6.932778367627179,4.0720178976189345,5.328071260475554
2025-12-12 20:48:13.838998,Left,3.712640986283077,22.22937613906106,53.12477335342555,27.39285328538972,5.095825113821775,18.706643708545016,31.474444652703824,31.208302921324503
2025-12-12 20:48:13.843011,Left,4.399036255024839,19.69067847635597,46.79367505040136,26.034675355098443,21.75274601142155,14.084806169150397,25.368687025940744,27.651047556195408
2025-12-12 20:48:13.847015,Left,-21.538110480090836,-10.843566707684658,13.330841774266446,-3.4717169936338905,21.571576932794414,-15.344484202301828,-7.357462926098378,-2.3756545915675815
2025-12-12 20:48:13.851010,Left,-25.990864176070318,-15.992596046824474,8.296280531649245,-8.592162357643247,4.233590975083644,-17.765529386902926,-10.675105146161513,-7.174242941982811
2025-12-12 20:48:13.854057,Left,5.906606148404535,17.192144399974495,42.07636933930917,24.14922816568287,5.559268424200127,15.780874202231644,23.656142467894824,25.165639779210323
2025-12-12 20:48:13.858037,Left,29.850937206443632,39.515478159533814,63.123611026705476,46.36026196484454,33.08214611472795,37.00171490406501,42.9214074696647,47.32209686387796
2025-12-12 20:48:13.864059,Left,20.71175262070028,27.01423064453411,49.686107694898965,33.73107121649082,48.82787217758596,25.867432148428634,27.10220344387926,36.4710529371805
2025-12-12 20:48:13.867068,Left,13.12922098566196,18.7162630399107,43.17771420936333,24.717901942058234,35.09374351828592,21.027375935023883,19.34174481165246,29.533398653264157
2025-12-12 20:48:13.871073,Left,33.82461401831824,40.17352318877238,66.81321467697853,45.54270295417518,25.12177817893098,44.100304685678566,42.27005559109966,50.57013926416403
2025-12-12 20:48:13.875035,Left,53.822980371303856,58.01466037216596,84.02696953143459,63.90622300209361,43.02237882165355,61.37927254824899,58.61151539706043,68.43907220105757
2025-12-12 20:48:13.879095,Left,46.15879573029815,46.688274074404035,70.64158608039725,54.020255220879335,62.46836525137769,50.808519938902464,45.50633379325154,59.478367680480005
2025-12-12 20:48:13.882099,Left,35.72878568735905,36.37734723629546,59.64410781531478,44.91509833102464,56.492215921593015,42.996578830410726,37.08378812804585,51.40748430186068
2025-12-12 20:48:13.886116,Left,49.32730034372071,53.152628376032226,75.7051144974248,62.207481964782346,44.93600501489709,60.15124733786797,56.453027176175965,67.28313944250112
2025-12-12 20:48:13.891137,Left,65.83145147611503,69.9906158449594,88.79036733749672,79.12040018191328,55.8774756584171,73.81100618153869,71.41154065271257,81.52941402141005
2025-12-12 20:48:13.895132,Left,61.15405532154546,62.06033122399822,75.44242108397884,70.61839082991355,75.6926858308143,62.566286230430705,58.79753654480737,72.35974218786578
2025-12-12 20:48:13.899174,Left,58.22048350601108,57.48777400737163,67.61513214412844,64.49580154992873,77.84188403854205,56.776965094701154,51.89203158959572,67.01993752812268
2025-12-12 20:48:13.903153,Left,82.50804731699463,83.06504019153363,91.9042592275946,88.40600656261086,72.0858218067442,81.09592204925139,76.89598534280958,89.46429141290719
2025-12-12 20:48:13.907180,Left,107.19369615351025,107.47886688390281,113.6337245307368,112.40364852672792,81.98223894981493,102.65888625536172,98.25793767547293,109.40031900806935
2025-12-12 20:48:13.910189,Left,98.02438585400523,95.43866369957686,97.55377406711341,100.85802383444388,97.44131019808992,88.03817119734595,81.6779110806965,95.22578254104883
2025-12-12 20:48:13.914208,Left,78.62037786089058,75.48982737059123,75.80926412457484,80.50860307166295,94.39977596154495,66.66034551303892,60.649832801835146,75.81761969810759
2025-12-12 20:48:13.919221,Left,90.60234031188884,90.77918521556421,92.21442620670132,94.03726650413591,82.54203547180805,79.47285379715322,78.33361646273988,91.41769821656635
2025-12-12 20:48:13.923173,Left,118.0127961015096,119.98537905329431,122.07483428921842,121.63952026826155,88.1620782816899,104.5543645382204,108.5093181879638,120.00740102982672
2025-12-12 20:48:13.927254,Left,116.5199791618652,116.02563499026292,117.08395028251107,117.14531354093924,103.9338399984772,97.9179237293065,102.9963743238477,116.52285860951815
2025-12-12 20:48:13.931268,Left,95.1028236324928,92.86053447925951,93.9134117908834,93.63087733979773,101.78962318521371,75.02597753361624,79.75410444353474,94.9730326844874
2025-12-12 20:48:13.935327,Left,100.69807181279612,101.25106272928679,104.05873986556253,101.17035189742455,87.22716948299058,83.21723380655021,90.34567491346388,103.47499354576576
2025-12-12 20:48:13.939298,Left,133.6025277914523,137.29860297382402,140.25022071129933,136.6916274677278,92.49436486498598,115.64825790881878,126.39996135852562,137.45349066446215
2025-12-12 20:48:13.942303,Left,145.9617665033802,148.5671269916129,148.75623790585087,148.54109468666138,116.68757118481881,122.82634652718116,134.27576125551423,147.34395708233933
2025-12-12 20:48:13.948322,Left,125.14111288699496,125.73620999707782,124.01513387323939,126.68833515542792,123.36525613406775,99.76729662891375,109.8589216777691,125.64517181510018
2025-12-12 20:48:13.951338,Left,111.88257004372645,114.50449579120323,114.31146805011667,115.80817808729626,103.99273558365167,90.68701852922459,101.58329628864885,116.1829751370824
2025-12-12 20:48:13.955287,Left,123.79270589497173,129.81213219945857,131.69118518605683,131.02289315896633,92.10888072438684,105.9507025122075,119.85920682485448,132.28731651737326
2025-12-12 20:48:13.959358,Left,127.06243400992571,132.41133397667727,133.85044772287074,133.5855474898599,102.35245463640968,106.34634671640742,121.83284603564607,136.14697974700903
2025-12-12 20:48:13.962377,Left,105.90028903055008,107.99654830128566,108.48601434975353,108.74643616749563,106.79489235758592,81.10723967046579,96.57958198896085,114.30482125363778
2025-12-12 20:48:13.966431,Left,96.12407202361373,97.4888471214399,99.54015299679304,97.1313821974627,90.69214361051127,71.01944583783552,88.55356806435157,105.33518344525328
2025-12-12 20:48:13.970399,Left,118.5948710851435,121.03371271548713,125.67350737279776,119.90522119311481,82.10922650772727,92.8322015655238,114.95931565086448,127.7917099912629
2025-12-12 20:48:13.974406,Left,137.77430905963956,138.72279331596053,143.98893848514308,137.92312757596483,99.37795004481814,106.96395141863013,132.16403673136915,144.0995095835151
2025-12-12 20:48:13.978366,Left,124.4350720924831,122.47817727133406,127.3459890940585,121.93204962021264,114.54398023961403,89.6814436640907,114.6640227851367,128.48321790552382
2025-12-12 20:48:13.983433,Left,106.16236965182179,105.02182761392396,110.89027317744103,103.18387212166454,101.99072841951056,75.00004666144923,99.20036407530097,111.89107332078129
2025-12-12 20:48:13.987391,Left,112.50271666744084,115.41388779973568,122.32068011844194,111.49646123664934,83.12656215773131,88.40611043482568,112.54874982788351,121.01083615181415
2025-12-12 20:48:13.990400,Left,120.15622851079024,124.71206140191862,129.907989253531,119.95299599368445,86.10696680779802,98.59455003096446,121.26083870226648,128.65409444782927
2025-12-12 20:48:13.994476,Left,102.07166597608739,105.01005825383618,107.18932557533117,101.10904952609417,97.12377846220988,79.31775250853025,99.2874519668294,109.98506438217737
2025-12-12 20:48:13.998482,Left,85.29418805924797,88.1885772085443,89.66259372016066,85.66236584395665,91.71852963350466,63.53842261921818,83.58602171469465,95.87916247699104
2025-12-12 20:48:14.002511,Left,104.88059310235985,110.15750651476264,112.55166476748491,108.64852017058001,83.60383740257384,85.0756517579066,108.88681109484605,118.69146391907998
2025-12-12 20:48:14.006504,Left,138.0054814866162,143.06581600684876,144.04285115360472,141.92795412387932,98.14554439504718,115.19694604568213,141.66150251658837,150.02900559752743
2025-12-12 20:48:14.011479,Left,140.86267191883962,141.74888080905657,138.78492820189786,139.78858643653075,120.38784584294626,111.84309367553215,136.5711874239496,147.24368541504373
2025-12-12 20:48:14.014542,Left,122.1491264312499,120.39907229802338,115.0383937378574,116.24171101058892,117.29404832146247,91.45986363109114,113.16770433782222,125.30714873735269
2025-12-12 20:48:14.019555,Left,121.3607793165138,121.50851390208845,116.76668979950045,115.09186991506431,96.55393534711038,94.12332659454842,115.19892870190961,125.23967810326576
2025-12-12 20:48:14.023572,Left,134.80912964139134,136.92471843653038,132.9759156806831,129.96456041710917,93.04407731295942,109.24346178366977,130.26574906504538,139.4508450709618
2025-12-12 20:48:14.026576,Left,126.62819680540997,127.22528638353106,123.14503289272398,121.35725132087828,106.57194305581652,99.49518951762002,118.1536045092289,131.2378506965615
2025-12-12 20:48:14.030594,Left,102.11012044089148,101.14694166822301,98.71457092248602,96.09620781624108,105.69187792802404,76.02449536963104,92.30454494785954,109.25393709004857
2025-12-12 20:48:14.034607,Left,102.30104294714693,102.98003597697243,104.66015994737973,97.37893084394454,88.66566117831826,80.75588100014284,98.24085877876496,114.20902441717044
2025-12-12 20:48:14.038557,Left,127.42423666741524,129.5470590138866,133.9779852308493,122.92229130603664,86.67830602168397,107.1176086453197,127.4886386491271,141.21540304926748
2025-12-12 20:48:14.042624,Left,134.68970819446258,134.74909115167975,138.10882602798665,127.52493248420069,105.05075205718458,110.31118173411232,131.02169534718269,146.1857854824193
2025-12-12 20:48:14.047642,Left,116.88689614966279,115.31066139266477,116.2925752716983,107.25964821076195,113.62664517280791,90.20888661932258,109.39063125534449,126.82660783691972
2025-12-12 20:48:14.050648,Left,113.57955120128463,115.47764099496999,115.28031796953292,105.659081973703,102.5955838309892,90.2463965741772,109.48114750241803,125.28055379755097
2025-12-12 20:48:14.054605,Left,134.32125991795328,141.574600064705,139.83132973426837,129.95227296155645,98.58430263934133,114.22485951396811,134.29181408318982,147.39401808870025
2025-12-12 20:48:14.058682,Left,139.40511160215829,147.9253358006972,142.76383696639095,135.72965751100855,112.33242832720862,118.09477646021696,136.32385595611413,151.05792449472938
2025-12-12 20:48:14.062639,Left,114.09926642588107,120.82191998776398,112.88454648344486,108.98766557282943,116.93346035778814,91.92367251336691,106.66468522425566,125.03918045337196
2025-12-12 20:48:14.066700,Left,98.27408881844894,105.22845105543092,97.47865723162249,93.67244741943432,98.94987237219175,79.8219291765854,93.86468201519165,111.65591266700358
2025-12-12 20:48:14.070713,Left,116.09706471828395,124.96611954731634,117.78525722849008,113.78780933038797,87.22641031951935,101.04333402201883,117.29502918192884,131.22913080277795
2025-12-12 20:48:14.073726,Left,133.71878965137876,141.70474568101054,131.9704431836144,131.80119028908666,102.25836793647613,116.46480756449455,133.26854152900341,146.31460894068005
2025-12-12 20:48:14.078731,Left,121.94563949388976,126.67863221216248,112.75610250259342,118.41215771289717,118.10122698562918,101.06880321951758,115.43810641742311,130.86384078481933
2025-12-12 20:48:14.082692,Left,107.87319470090733,111.80624266111408,95.76914481310814,104.0818867503549,108.52320778810827,87.96147168207972,100.8393712388206,116.33309990429552
2025-12-12 20:48:14.086746,Left,120.95638778225111,126.6114337304316,110.06143590778811,118.04394216313085,92.91397256331402,103.46788982136059,117.64608575392049,130.25859222526196
2025-12-12 20:48:14.090763,Left,136.88016672281083,141.78830773106893,123.16491920496628,131.9603939527151,98.6274340913078,117.14252199495968,132.0429552442074,144.26412003727455
2025-12-12 20:48:14.094773,Left,124.76993171886716,125.92413026391296,103.9828397543024,114.83204856461089,111.29544025688665,100.72808412827726,113.752321382839,129.00359361662413
2025-12-12 20:48:14.098789,Left,107.88337893497373,107.7822162394441,84.2821960774163,94.97909380558121,104.74091957307246,84.13547872545314,95.82623272491037,111.79788845041185
2025-12-12 20:48:14.101872,Left,122.40956506304792,125.3948964937299,101.95554285983962,110.84333292210067,92.49070575507358,101.88833069051907,115.17229264977504,127.80210218954016
2025-12-12 20:48:14.107820,Left,148.43493504347862,153.65219788030663,129.01179452703218,138.79649549951137,101.91017070093949,127.25167406842229,142.2040255064494,153.1692381716275
2025-12-12 20:48:14.110834,Left,141.58507620170712,145.19826069058036,118.19580630531709,131.73849762193277,118.68268821151287,116.69915514001332,130.57611352318781,144.3061452722759
2025-12-12 20:48:14.114838,Left,110.04060671507614,112.4559570831043,85.11828404020343,100.33573760090803,108.3968142135127,85.50317385265953,97.92747954597871,113.58294122797088
2025-12-12 20:48:14.118900,Left,97.65964935478405,102.47019262239337,77.16921650491713,90.29100581334205,78.6510403338907,77.59676005071378,91.31285055544868,104.53316330508096
2025-12-12 20:48:14.122885,Left,107.30822791811079,114.15473955858033,89.74753730803786,101.20112940129184,67.73366619356966,88.2754687047709,104.31203669916431,115.24480201574625
2025-12-12 20:48:14.125965,Left,104.52656665074755,109.21221548641915,83.2715336780966,95.91784466821991,79.14490724549978,81.26124212112336,97.57992334444134,110.19305529250414
2025-12-12 20:48:14.129912,Left,87.89211237616837,89.42924956322531,62.576024409674574,76.22610371408518,79.8637242152181,62.12606766396493,77.85146321874345,92.01809365025838
2025-12-12 20:48:14.133960,Left,90.45864519069437,92.01009232876822,66.41408061789116,78.98202627272985,62.694893916966976,67.29203904497263,83.98744236309722,95.34065806027502
2025-12-12 20:48:14.137885,Left,110.98749601462623,113.45838845765684,88.49732288741507,101.02776941591583,56.36401035412564,90.28878050246567,107.8887133365788,115.88535014429362
2025-12-12 20:48:14.143003,Left,110.09784324993961,110.86992439292953,84.23729182308307,99.58639673843572,68.11296429415233,88.54603238098207,104.44733816199005,113.5433224979497
2025-12-12 20:48:14.147006,Left,83.00219171479694,81.98295358396717,54.19499211019138,71.54586433623626,69.22693241457455,61.65514701558277,75.52292264899006,87.13150398409925
2025-12-12 20:48:14.151005,Left,71.41668642600416,72.26105667586671,46.03598261436855,61.85951309405209,50.08837845295784,53.63058466167422,68.9635740693484,79.17674244911177
2025-12-12 20:48:14.153990,Left,89.89428498173947,93.43067506418447,68.93939683829376,83.07027785570244,40.47990460971778,73.4156992254575,92.22895227608387,99.52050736491219
2025-12-12 20:48:14.157952,Left,101.61109354966902,103.7741860425449,78.51826110467664,94.14015613443917,55.7025376441743,80.55153919779696,100.2208925763698,108.67697308654897
2025-12-12 20:48:14.161993,Left,87.05856151433545,85.86928050967981,59.35936280472379,76.8529513218673,68.11750122990634,61.43654755967145,79.27130391272658,91.18311766450643
2025-12-12 20:48:14.167964,Left,78.2937581971928,77.46499286079779,51.90274675699766,68.03731244712253,57.71655211542384,54.15114343170717,71.45532483863644,82.94500474838424
2025-12-12 20:48:14.171022,Left,95.91870823819772,98.42596329178195,74.16368034922925,88.15419954806566,47.47599642044224,75.48595432059665,94.07379515297362,101.90921969371266
2025-12-12 20:48:14.174980,Left,108.23800684238086,111.6022249860689,86.09411928799818,101.12072720678407,58.25176879022911,87.33132637978997,105.63457017904148,112.72356033918913
2025-12-12 20:48:14.179057,Left,91.03119943005731,92.60628386444296,65.07069153702469,82.38332242958131,69.55075022284291,67.35622755654913,83.63218774505367,93.31858910361188
2025-12-12 20:48:14.182063,Left,74.59083414566703,76.4064527907176,49.63389015333087,66.2828009466175,59.227164745665505,51.17847844028438,67.3707835310197,77.44124027405633
2025-12-12 20:48:14.186071,Left,87.36349061710644,91.40278833374032,67.31637891540595,81.66651435778476,45.74262836277194,65.61599470958754,84.04812566854525,91.50385656498838
2025-12-12 20:48:14.192116,Left,101.82597130304202,105.08478001251933,82.11996821314096,96.68529011000646,53.29500195536821,78.52108382592269,97.293847459674,104.57489784201607
2025-12-12 20:48:14.195034,Left,84.92607307684375,84.167122320825,60.949990143824834,77.16058586721192,65.4417730118148,59.428150344698224,75.179944252508,85.82367199778673
2025-12-12 20:48:14.199124,Left,60.460057602089364,58.140187611134024,36.2486077331414,51.02219070782303,55.281571665924275,37.90326852251019,51.31493761684396,62.962267293420155
2025-12-12 20:48:14.204116,Left,67.54951196577167,67.66464574617567,48.291096228931565,59.12058799130318,36.97229591164796,50.593381920902175,64.90955302932707,72.87479773230734
2025-12-12 20:48:14.207132,Left,89.79162054340122,90.9016886150348,71.91973589599365,81.3280822191009,40.783473924166174,73.68733338834136,88.90001251825015,94.04312436917098
2025-12-12 20:48:14.211154,Left,85.02696669404395,83.13375821965747,62.46787002393103,73.62975929376262,56.45925916440319,65.62645533680916,78.70193523190392,85.29340300548938
2025-12-12 20:48:14.214152,Left,61.70530754135689,57.664535580639495,36.90194105479168,48.373762948962394,51.59279231337132,42.08459393613157,52.52013964475191,60.31103618780617
2025-12-12 20:48:14.218152,Left,61.496929411718156,59.47349792960449,40.8226034448744,49.85569276296883,32.20071824625484,45.18066039370024,55.53594682597031,60.81036851086537
2025-12-12 20:48:14.222181,Left,81.87646527012112,81.97269805276301,64.11411338827747,72.09485582662455,32.58837665356987,65.47179751757358,76.26456326944754,79.61753948547994
2025-12-12 20:48:14.226146,Left,83.06936047581257,81.79018377143075,62.44107080386311,72.2508556490211,52.84238593092596,62.179502499173395,71.09685750615608,77.04360617877683
2025-12-12 20:48:14.231210,Left,63.22461359683075,60.56752406668966,41.044706340820994,51.51819115882972,58.808186969399685,40.89133321438567,47.718295628001215,56.6806377095636
2025-12-12 20:48:14.234219,Left,59.248630576825235,58.852420782845,42.13038566369505,50.21328116956283,43.12379035496269,41.37362744456914,49.014398260987946,56.673854408581974
2025-12-12 20:48:14.238237,Left,74.5844647292397,76.61367050150875,62.270149890042376,68.93862938864913,35.24073954601772,60.456182304085814,69.86506175032991,75.07966561164358
2025-12-12 20:48:14.242256,Left,72.26462218275992,72.57090965397947,57.55748308432521,66.46733432619658,44.923480088153156,57.024045274287346,65.4516928672092,71.93868812985602
2025-12-12 20:48:14.246199,Left,46.56500249748933,43.96415613172576,27.585827578572207,38.716564266578644,45.862634753546445,30.430174384542624,36.310078464317485,45.13185905577848
2025-12-12 20:48:14.250263,Left,37.53948334811139,35.62561607189127,19.878368258985574,29.618711414339487,28.582458485790994,24.661999598058173,30.078799337381497,37.197184955351986
2025-12-12 20:48:14.254288,Left,57.99451177677838,57.95383678820508,43.24829969731218,50.66060517093865,20.66627387657354,47.73109899532574,53.84372364486626,57.47507215173391
2025-12-12 20:48:14.259236,Left,67.93452426030126,65.89422622002894,50.45674878361751,58.32819952482532,34.70951708407665,55.51787443358626,59.60631742187252,63.71898533172498
2025-12-12 20:48:14.262288,Left,47.0111215539946,41.233320775208995,24.99688181478996,34.29120778081415,43.05361781819374,32.45501406301628,32.583887671498815,39.89489905658411
2025-12-12 20:48:14.266253,Left,32.44045767080388,27.005475112280692,12.093430932145566,20.640745486147352,28.97458726412151,20.327314668364124,19.38157542370027,26.80887597525725
2025-12-12 20:48:14.270317,Left,51.22607990037068,49.06724251816922,35.642250281816814,43.373581434439984,18.96605836074741,41.329412881081225,42.84664376647561,47.722318179978174
2025-12-12 20:48:14.274341,Left,70.76671762837213,68.80092602640798,54.29108098243887,64.61899340021773,34.24488490031217,57.876782841805834,60.93940279538219,65.87852183662471
2025-12-12 20:48:14.280371,Left,57.462686550599756,52.65501868008869,36.280724266398465,50.41929899518436,49.82778758528002,41.73419495340204,43.619891317313886,50.912906106430455
2025-12-12 20:48:14.283359,Left,34.722225186778815,29.677172603653162,14.0572070657945,28.519453543849522,37.587417700866354,23.126821448284318,23.791674485677504,30.686432030866854
2025-12-12 20:48:14.287394,Left,36.56114786744001,34.50696435835562,21.157395414542407,33.39016034253291,16.12261891188973,31.85221491989796,31.926971748805954,36.044127023094916
2025-12-12 20:48:14.290398,Left,46.663578286301345,45.41311661056534,32.10915067572205,44.553965614992194,17.150581825786503,43.151299744306016,41.096130953446846,45.056811811824446
2025-12-12 20:48:14.293402,Left,35.44291824044194,31.447035922770738,16.171480190125294,31.541341300908243,30.867172840735293,28.638089909320115,24.17027567034529,30.18711000517942
2025-12-12 20:48:14.298437,Left,20.40691332530696,15.11333706320147,-0.5402974215976428,15.712980008000159,28.738746029586764,13.205633897421649,10.423481870107935,15.238239060505293
2025-12-12 20:48:14.302454,Left,32.01841429127671,28.66167331270117,14.658118909370387,28.581293599534547,16.769051156792557,27.352993401087588,30.211091667209985,30.375872081072885
2025-12-12 20:48:14.306432,Left,51.01657598357997,48.21062257012818,34.55027664754016,47.02128402554081,19.88185302790953,45.52468315255828,52.1406296807545,50.666873488837155
2025-12-12 20:48:14.310418,Left,41.0754810681392,35.58942815793853,20.189707138793892,33.55041325451748,31.49766749009723,31.334236981594586,36.671599109395174,39.035248136744485
2025-12-12 20:48:14.314436,Left,17.593940066799405,10.95091314963065,-4.995006023498718,8.19719705884927,25.658847742393846,6.569397056402522,9.52106461423682,15.353160693091922
2025-12-12 20:48:14.318547,Left,20.937354683774174,16.93859103017894,2.9376806142827263,13.999800340694492,7.896233677689452,12.407806897506816,15.913139391428558,20.463877483911347
2025-12-12 20:48:14.321472,Left,41.75318649489782,39.17102018231526,26.612229072270566,37.57666030319524,7.133028937518247,33.51974327978678,38.25445789977675,40.5973852196621
2025-12-12 20:48:14.326477,Left,37.0907294992503,31.17957275081426,17.843157711307867,32.09751792089082,21.545041879318887,26.00812737570959,28.882925771569717,32.20517187414225
2025-12-12 20:48:14.330547,Left,9.123626104483264,-0.37799975788220763,-14.258736124524148,2.2169022634625435,20.207114487871877,-1.5333356794144493,-2.090277755909483,2.0910857670241967
2025-12-12 20:48:14.334533,Left,2.46491429755406,-6.154997788878973,-18.853360946115572,-3.776868939123233,0.4493718143203296,-2.6764642145571997,-4.691680802847259,-3.896988205902744
2025-12-12 20:48:14.340508,Left,23.762052835183567,17.41125283924339,5.022862106154207,18.991659207546036,-5.920304504317755,22.38718632934615,19.93482653806859,16.605619327514432
2025-12-12 20:48:14.343529,Left,30.16648216320027,22.557600302854553,8.016075172374258,24.345151772984536,8.710924581784639,27.188250180974137,22.26286248046381,19.48214347884641
2025-12-12 20:48:14.346533,Left,7.703255202504806,-2.7225519503845135,-18.894309695373522,-0.1407595435885014,13.1539579162054,3.3698585486708907,-4.909521774578025,-4.672213215715601
2025-12-12 20:48:14.349544,Left,-4.606104383157799,-14.939542825944955,-29.820702559722122,-12.34080260754854,-4.88118286181998,-6.183818945311941,-15.25312981053139,-15.055919419537531
2025-12-12 20:48:14.353549,Left,12.337451749612228,3.357352766674012,-9.975270410679514,5.258822751478874,-15.6119897131357,12.482659220797359,4.160992302597151,2.5865478049090598
2025-12-12 20:48:14.358575,Left,24.281955299302354,13.64715450174117,-0.8699306683629402,15.342301952594426,-1.588346230404568,21.261220358443097,11.00834658673557,11.347335389917134
2025-12-12 20:48:14.362530,Left,9.296485333994497,-4.153467670388636,-20.571915230248123,-1.8405632237845566,10.718144717262476,4.063554394902894,-10.028554565709783,-5.496581204235554
2025-12-12 20:48:14.366589,Left,-3.3660511346679414,-15.805940427700989,-31.74992888784618,-12.671843770716805,-0.8834578188907471,-4.307924067448766,-18.447622029241757,-14.190258735237876
2025-12-12 20:48:14.370612,Left,7.763791705830954,-1.3260328445758205,-16.059774435008876,2.6865455241058953,-16.05972113103053,12.45453287375858,2.7507121438829927,2.156502176076174
2025-12-12 20:48:14.373623,Left,14.7425800737401,5.294837147412181,-10.733911222254392,10.491760465425614,-11.95941638154909,19.17321969133627,12.029957627477415,8.80836053317762
2025-12-12 20:48:14.377631,Left,-3.7482046670265845,-17.290967457636725,-35.76722751802299,-11.157414609886473,-4.148404332721839,-2.677368206619576,-12.38911189285136,-14.248501216774457
2025-12-12 20:48:14.381650,Left,-16.06209023015981,-31.40618911330239,-49.68592381873168,-25.39998297191778,-12.714644005231094,-14.466768254365888,-27.7411690293593,-29.658667096569843
2025-12-12 20:48:14.385654,Left,5.834673171390023,-7.512577017812873,-23.263156518944015,-2.1281798647687538,-21.2510506181643,10.863602773490129,-3.5495690422976622,-8.767478606627265
2025-12-12 20:48:14.390654,Left,28.694077495500096,16.200786305445945,1.7583315522279008,21.86135338220629,-9.446099311237049,34.42196310144209,19.029928893571196,12.451141629753693
2025-12-12 20:48:14.394677,Left,11.183871675733826,-3.203908380914072,-17.8841361110899,3.6964117023089784,2.8999523742022575,15.941308331093751,-2.167623289686162,-5.914274390161154
2025-12-12 20:48:14.398695,Left,-23.77871584809327,-38.10046411725489,-51.55387742326275,-30.319471006267122,-12.118556525390886,-16.262615947249287,-35.85898818614805,-37.73603746332083
2025-12-12 20:48:14.401692,Left,-28.32174863817636,-38.79534690888977,-49.35478783324652,-31.221538459940348,-37.997090744316665,-16.119853992189746,-33.69735997613316,-37.718405272979
2025-12-12 20:48:14.405693,Left,-9.583161557995481,-17.356885554974724,-26.53635183534061,-10.62310793742654,-39.09162215564356,2.190081802487839,-13.159049441324896,-18.621948285173858
2025-12-12 20:48:14.409717,Left,-8.796603626215074,-17.826096423472336,-27.64854053707677,-12.369693071392248,-21.2108142015677,-2.1811578532360727,-18.64694043676718,-21.161582172091585
2025-12-12 20:48:14.413735,Left,-23.691181519287056,-33.60178915025608,-42.818892001938366,-30.350043354053923,-18.488184837849985,-19.499436021804286,-38.18461492487404,-37.525144206374534
2025-12-12 20:48:14.418733,Left,-17.800663674643147,-24.995659737018286,-31.39843350045703,-24.528469413271523,-31.349618268202903,-11.87744908278546,-30.182031001371797,-30.42728410333075
2025-12-12 20:48:14.422768,Left,5.217993124912027,0.5031772553484188,-4.103183196850296,-0.7905437142399023,-29.312545898330427,10.783288596692728,-6.001828975546232,-8.089323444990441
2025-12-12 20:48:14.426781,Left,5.141433652031992,-0.7127838697051629,-5.931091513630236,-1.8181216574885184,-10.823270234246593,7.024878420990717,-10.313490139567875,-11.203315760794794
2025-12-12 20:48:14.429769,Left,-19.320886657584197,-26.248870625684503,-31.331741873756982,-26.138825816124154,-7.263086812650727,-17.958727057623037,-36.18398078324026,-35.70306514483673
2025-12-12 20:48:14.433788,Left,-26.42532427194965,-30.52200651014573,-32.809622503613355,-29.409918246754387,-24.37427241766636,-20.777684907687217,-36.477541372700216,-38.13999939364294
2025-12-12 20:48:14.437809,Left,-8.30445376471107,-9.243966091260518,-8.913795427906734,-7.363085095730639,-31.581270637445414,-0.6226684798166389,-11.870260075473198,-15.869655211230565
2025-12-12 20:48:14.441820,Left,-4.941271877440158,-7.279679380018933,-6.713590323153767,-4.532406497284683,-19.001902421458,-0.7550605121759872,-10.252835757779394,-12.220062921758654
2025-12-12 20:48:14.446830,Left,-28.09665860556197,-33.768655451629456,-32.717168893053895,-30.520214422027493,-14.606687675392095,-26.497869295180863,-36.88087141080905,-35.46282334966236
2025-12-12 20:48:14.450786,Left,-38.01710008436203,-43.53552876679532,-39.226211385946954,-40.410168213657016,-29.853241849765254,-33.215866547488986,-43.0675010450359,-42.68160418362095
2025-12-12 20:48:14.454859,Left,-17.688769946387765,-20.95208914599425,-13.187315543793375,-17.67162010582979,-37.22432965561711,-8.679273641402688,-16.333986838646524,-19.78987552754552
2025-12-12 20:48:14.457861,Left,-5.533508005497424,-9.62147354300032,-1.6365831754374085,-5.3739735182789445,-22.360770026192768,3.186301779056521,-4.449177388469252,-8.59184735879171
2025-12-12 20:48:14.461868,Left,-24.36796873955427,-31.60517695919407,-25.174326619810017,-26.730498103297577,-12.229703087348753,-17.48763641151527,-27.584550136223697,-29.677212509977835
2025-12-12 20:48:14.465887,Left,-38.748060890564375,-46.28341152834764,-39.86515823117952,-42.22626449339441,-25.200118068775737,-30.752028517743383,-41.494879484609555,-44.26599008714402
2025-12-12 20:48:14.469900,Left,-20.437618440448205,-25.423344297401854,-18.17455754535331,-22.722162187161302,-35.87707144086107,-11.498813034211707,-19.66092333040615,-25.78263430789957
2025-12-12 20:48:14.475916,Left,-0.8055473472932135,-5.286357740234962,0.9853537597227842,-2.852199702821963,-21.535299700489304,4.37939997000467,-1.4989863024420629,-8.36213189793125
2025-12-12 20:48:14.478937,Left,-13.92101727033696,-20.245265972580455,-15.708858400430472,-17.069612000505003,-5.237186134500007,-13.30222222691009,-18.88282054735646,-23.71982261602534
2025-12-12 20:48:14.481992,Left,-36.68733500211238,-42.24555347939713,-36.996349016226304,-38.66364344021713,-15.598696687846314,-35.0591463451201,-39.56175444822475,-45.043855914407686
2025-12-12 20:48:14.485989,Left,-34.73443518150694,-36.210161385968604,-28.186330201700912,-32.91614987843059,-36.285247312617685,-29.133172703287528,-30.684278206223098,-39.838309147138716
2025-12-12 20:48:14.489990,Left,-24.781995527724575,-24.174117731202386,-14.396842346042831,-21.160754060376348,-36.65390772423848,-19.559027357047853,-19.692992222388966,-29.144385663930734
2025-12-12 20:48:14.493997,Left,-37.88222752579577,-39.05827708851211,-28.46329660561969,-36.35968136386873,-25.998335743947337,-36.71483305454149,-38.70151879889909,-43.17194872488835
2025-12-12 20:48:14.498005,Left,-56.25592785287063,-58.28342385309179,-44.86853156789948,-56.74415722017238,-32.19588088095054,-56.170457445936336,-59.61279100161937,-60.19098341583049
2025-12-12 20:48:14.501992,Left,-44.22397671550243,-43.68296298718042,-25.734220148060558,-43.86161222155897,-46.64794564098543,-42.269233384123936,-43.77097547811309,-45.365512353402664
2025-12-12 20:48:14.508028,Left,-16.30654113993114,-14.120536153176658,6.334078822739684,-15.145153910086265,-39.81643394887078,-15.747752340155841,-14.86226955802158,-17.72448411799178
2025-12-12 20:48:14.511071,Left,-14.241504305209673,-14.195381317757892,6.133474752383336,-14.880320296138052,-18.34098882163471,-18.29276595051556,-18.289343431578914,-18.714309722184225
2025-12-12 20:48:14.514033,Left,-33.09396477996961,-34.861509860094884,-13.280260570769315,-35.319906719296114,-15.29208707763246,-38.12333403972434,-40.279896104100544,-38.21614945242209
2025-12-12 20:48:14.518057,Left,-33.49282661900361,-33.329962341329065,-7.058232612376742,-34.24739184921742,-30.857789218886865,-34.89564535303998,-36.685575864910334,-35.63096309074467
2025-12-12 20:48:14.522001,Left,-16.99192610360842,-14.71873666195006,16.753247219432524,-15.612504900092745,-34.08509525338832,-16.954640711453976,-16.981363796242476,-16.87112558278578
2025-12-12 20:48:14.526068,Left,-22.610514683594374,-21.62415954449807,13.1583141779156,-21.18097106857749,-21.31684692576073,-25.15400756071176,-25.24693365280109,-22.49086595535323
2025-12-12 20:48:14.532037,Left,-51.454186028640834,-51.70101307085224,-13.78457766356587,-49.55836958378086,-21.698655408636114,-53.87781465298758,-54.665424224247545,-49.59173296769404
2025-12-12 20:48:14.535050,Left,-61.71179135406783,-58.88443844506037,-16.86736775746249,-55.77448207065936,-40.20255729418204,-58.43067840653384,-57.06859864141552,-54.56143705461227
2025-12-12 20:48:14.538115,Left,-43.891247209910944,-36.663974647912255,7.558344737783045,-32.834777099152234,-45.51980874137371,-35.81571928012636,-30.3320828018077,-31.899344035330614
2025-12-12 20:48:14.542205,Left,-36.8114219293675,-28.884090415631363,13.654290332870005,-23.664980221717997,-26.853409763625677,-29.10821445667534,-21.562695612485186,-23.023585846732203
2025-12-12 20:48:14.546138,Left,-55.68956807576615,-48.76162950006619,-8.714922765466326,-41.9246034514199,-14.573078740339042,-47.96286009859796,-40.922538993820126,-39.79638487234206
2025-12-12 20:48:14.550164,Left,-65.86318037559977,-56.43950652439344,-16.228678200885042,-48.84030296192941,-25.504779460557984,-52.59753413719591,-45.71616070827804,-45.03004382850122
2025-12-12 20:48:14.554175,Left,-49.6226290342056,-35.54511150286817,5.930989339311054,-28.040688787355975,-33.87617408953156,-29.864170850780283,-22.840733605233254,-24.81396002290603
2025-12-12 20:48:14.558176,Left,-40.06016691423429,-24.71700117866021,16.114263330709946,-17.497071372870778,-21.200979527180607,-18.618073730409378,-14.442447527291733,-15.915621916517921
2025-12-12 20:48:14.562182,Left,-57.66756852573599,-44.38578641463755,-4.855492320217309,-37.76350547438051,-10.763534510097088,-36.30141752342752,-37.90098030131958,-35.98574524990909
2025-12-12 20:48:14.566189,Left,-69.68210342150996,-57.11897175707054,-16.685717553147697,-51.72427389019322,-22.77474635823455,-45.21301845053313,-51.38493889030906,-48.51653853340031
2025-12-12 20:48:14.569189,Left,-51.32609386405238,-38.247350112866116,4.031194644776406,-33.60953197409435,-35.97823697799322,-23.600248330501927,-31.975933851948867,-30.685358342123436
2025-12-12 20:48:14.574195,Left,-34.43816988664912,-24.002994102283992,17.843466065965913,-18.003898804943674,-27.662899792974713,-7.69404017207853,-19.32102563996341,-16.93947694941562
2025-12-12 20:48:14.578218,Left,-50.07803656703618,-44.725798758448946,-4.770691294015705,-35.55212342579398,-16.021689148594305,-24.228569278468058,-41.22595801591524,-35.05079337983079
2025-12-12 20:48:14.582216,Left,-71.28221321194724,-67.68648896117884,-27.814017824865005,-55.66701805413686,-25.539503369816885,-40.274162905232515,-60.89776253091986,-54.166840767953545
2025-12-12 20:48:14.586258,Left,-62.41906890774408,-56.400143163951725,-15.409440503404767,-43.161158393228106,-40.35517632010669,-24.713644920462684,-44.86568716645343,-41.93678086483851
2025-12-12 20:48:14.590257,Left,-42.39645211080642,-35.20092936294532,4.495436544148106,-21.98417220959891,-32.47686503987097,-5.50107570995533,-23.930131610337412,-23.17551806006668
2025-12-12 20:48:14.594260,Left,-46.06058873551956,-40.829783626602875,-4.871254917674378,-28.555206322515005,-13.124213907480225,-16.59870362764923,-34.626001972563245,-31.866491789034626
2025-12-12 20:48:14.597282,Left,-58.77398710732814,-54.00059216774389,-20.641858058530488,-43.82372610938182,-12.401369045623142,-34.91604709773674,-51.82600058714161,-47.86090024718578
2025-12-12 20:48:14.601290,Left,-45.635430780144816,-37.72893474765442,-5.24951128583416,-30.096624749374314,-24.382181614568253,-23.75188729686124,-36.897776785066526,-35.47298411652446
2025-12-12 20:48:14.606315,Left,-19.26639644815441,-9.469221229333925,20.52408393685073,-3.187748497173743,-19.48636441005874,-1.2244954998568574,-10.84751285717357,-11.227418279693666
2025-12-12 20:48:14.610304,Left,-19.209920099776355,-12.034264442194399,13.114504687453518,-5.467962786533462,-1.3725467168223986,-7.1849751848385495,-16.765486235555727,-15.052353337061504
2025-12-12 20:48:14.614320,Left,-39.98784975735907,-35.83114674665194,-14.383820214245134,-28.73117614531293,-1.2061460234654078,-29.82810678086753,-40.889450789811235,-37.68759241042062
2025-12-12 20:48:14.618339,Left,-40.23644003292429,-35.41354823117217,-15.078115088699633,-28.712929382574657,-18.408157606107125,-27.01785243741324,-37.617042630437936,-37.39005895257287
2025-12-12 20:48:14.621363,Left,-16.66756451538822,-10.379279287542886,8.350551244691815,-4.591974959730578,-19.059956950019114,-2.6451919909231947,-11.894570958611439,-14.829145002167934
2025-12-12 20:48:14.625365,Left,-7.604855552359368,-2.7891441112951725,12.192037720264125,2.4330226553647663,2.8128866142324114,2.501853005596786,-7.305065756259864,-8.85783701087712
2025-12-12 20:48:14.629388,Left,-21.447117270210583,-18.35145174977515,-6.203357865430007,-13.300517962372396,14.037165673311392,-13.335314049087174,-24.06341111344227,-23.304734866131184
2025-12-12 20:48:14.634404,Left,-24.00455688002694,-19.206556863380683,-6.7116128078632755,-14.074946154763893,1.7710524370704661,-12.717535157604289,-21.301851996227924,-22.565791349439678
2025-12-12 20:48:14.640425,Left,-6.717361254770367,0.20790647782632732,13.628535910473147,5.987337339029182,-6.516153129650775,6.335545314468618,1.71438124559063,-2.9645067299970833
2025-12-12 20:48:14.644447,Left,-5.294116243931057,-0.3415599564323202,11.946646576789135,6.466768917442096,2.4808987216092646,3.4771294346210198,0.605728926955635,-3.23987568346638
2025-12-12 20:48:14.647431,Left,-31.458913965994725,-29.898183422545117,-18.87963879736344,-22.87891778911944,3.4781176084397885,-27.385587033812044,-30.319387427280162,-31.268820640027116
2025-12-12 20:48:14.650486,Left,-46.0017773726795,-43.46668125857468,-31.510274945616402,-37.65730090683792,-15.74981731220032,-41.48347194081725,-42.13853530986671,-43.984787095898355
2025-12-12 20:48:14.653482,Left,-27.78286551668134,-20.942987597663887,-7.917359211178336,-16.61425301421332,-26.542186070877506,-21.880626002399367,-17.600737738954194,-22.730319394540857
2025-12-12 20:48:14.657435,Left,-12.102765458730573,-3.368600106521626,8.001181588202599,0.3881771684391424,-10.595314780424815,-9.306757689017104,-1.666793622818659,-6.652375948520785
2025-12-12 20:48:14.661520,Left,-25.332020510519214,-17.544010523502948,-8.910664838620505,-14.135246981655655,5.348514943925693,-26.541527467656124,-18.398885129907285,-20.890621658261807
2025-12-12 20:48:14.666521,Left,-37.19886504940223,-28.79438716052755,-20.781232804518368,-26.730402241435513,-2.790868705484172,-37.85634885435866,-28.633829661452182,-32.45531445288725
2025-12-12 20:48:14.670537,Left,-19.6420761886111,-9.079754673632124,-0.5293041446639108,-8.755049136918387,-14.132726905743766,-18.313833773012448,-6.202166646686237,-14.660555964794185
2025-12-12 20:48:14.674543,Left,-1.417731119923701,8.472427868029627,15.698364166592,8.377756015168416,-3.5944905405885947,-2.035114651771437,11.589126435283106,1.9841252776896
2025-12-12 20:48:14.677541,Left,-16.05628009800421,-9.212757188477553,-4.253534360228514,-8.18425920376103,10.722344098026952,-19.29768655420048,-6.699770557395823,-12.7780568289636
2025-12-12 20:48:14.681585,Left,-39.656775798561284,-32.78451400467384,-27.463372574856294,-30.504242220020387,1.7466577178784064,-40.10434695814183,-27.704923461431463,-31.561161425150203
2025-12-12 20:48:14.685598,Left,-34.09992059274373,-23.650212883556378,-15.478563788785323,-20.79650577222492,-15.101505683298456,-29.36723039343633,-14.752143722325854,-19.903241244548553
2025-12-12 20:48:14.689581,Left,-15.642229054064956,-4.048363962854637,5.826415050360993,-0.8390228895696055,-9.928346784734458,-11.00720521502808,4.923024007723143,-0.44417095599419554
2025-12-12 20:48:14.693639,Left,-21.928204608921078,-13.686171195040515,-4.031835317949117,-10.099722572464088,6.434596354527457,-21.661066490349185,-7.364115436907014,-10.117765387134568
2025-12-12 20:48:14.698628,Left,-40.692023136674834,-34.86538124848448,-24.497407097146606,-31.292730180201033,3.195078276166896,-41.19172982114105,-28.326776365804108,-30.52443076428972
2025-12-12 20:48:14.701710,Left,-34.37757723552204,-26.69914374920336,-14.254023362808766,-23.421111770436255,-12.990694278454612,-30.804343081945262,-16.634523572502076,-22.651962085379637
2025-12-12 20:48:14.705671,Left,-13.032705024896131,-3.407117105292855,9.137407977760631,0.010517239512410015,-11.285577764036134,-7.17083213004662,8.217476943056681,-0.8434130152054422
2025-12-12 20:48:14.709633,Left,-17.157252127261017,-9.156683001936472,0.5102093575014806,-5.20733193135311,4.591844908030907,-12.95756410818285,0.6251753427204676,-7.038450187341368
2025-12-12 20:48:14.713682,Left,-41.83657569188654,-35.82530291729199,-28.581548407892114,-31.88339711821027,2.571580255662411,-37.909806843636034,-26.627662145299837,-32.741696935256186
2025-12-12 20:48:14.717714,Left,-44.38248912390554,-37.18474522820179,-30.07078075809386,-33.98103376509607,-17.613405477073684,-37.5531199870893,-25.577821151884564,-34.01862644751964
2025-12-12 20:48:14.721728,Left,-23.184172331391892,-14.519636450866528,-7.878611782942244,-11.70989591869511,-23.442326295065868,-15.540073111907986,-1.8280949010149925,-12.500632722123555
2025-12-12 20:48:14.726701,Left,-20.946925271942746,-14.093991814217588,-9.80101573304546,-10.718795557804697,-9.984364059830114,-16.06362695871212,-3.318469419304165,-11.580043354697409
2025-12-12 20:48:14.729761,Left,-44.57299048909772,-39.795593177943374,-36.78732576418497,-35.80612590711826,-7.8601302867537015,-39.8706581947481,-29.41014693971738,-34.399455263286654
2025-12-12 20:48:14.732757,Left,-51.67851005230477,-45.08914374435699,-40.24026633020412,-41.29880182019406,-24.55224488814565,-42.08196057146415,-31.5327738290689,-37.933216842833644
2025-12-12 20:48:14.737760,Left,-29.886549237526197,-20.3931829387584,-13.50126924644428,-16.87533559930307,-29.985628250906302,-16.765542683271633,-4.9221937658694515,-14.52690199119752
2025-12-12 20:48:14.741779,Left,-20.00570399733988,-11.38981618273101,-5.244119264201345,-7.167891019391391,-12.87466896062324,-8.87272457643121,1.6041550200643542,-6.831171224628633
2025-12-12 20:48:14.745786,Left,-40.01808413555409,-33.992363424709765,-29.509356063309497,-28.724931693541293,-2.4829266326669313,-31.000992142136965,-23.694056752723554,-28.211483091345144
2025-12-12 20:48:14.749807,Left,-51.38552682902082,-44.45858969796973,-39.83845973415055,-39.275186343140376,-14.74904122560838,-39.96030042957136,-33.38023280174821,-37.329827860474325
2025-12-12 20:48:14.753827,Left,-29.63737728646811,-19.772544671668584,-14.893900633223438,-15.825953059680614,-22.469421729740134,-16.050362862370093,-7.899853059247107,-14.07634543716631
2025-12-12 20:48:14.757821,Left,-10.349877800486865,-1.2045054031586915,1.2935702786098773,1.615679908922175,-6.967498532620084,0.15443147689802572,7.696011855692632,2.094301358294615
2025-12-12 20:48:14.760839,Left,-26.636716421271558,-21.351454874420597,-22.264252504613978,-19.066445463718992,3.987197300659318,-19.718059594095394,-15.767738429211022,-18.20355432297947
2025-12-12 20:48:14.765844,Left,-52.14117174940475,-47.92447416368668,-50.104192761336435,-46.30256695013304,-15.190262518539384,-43.13785254506365,-41.37237997189004,-43.782790881112305
2025-12-12 20:48:14.769870,Left,-51.33169233730587,-44.722280513677106,-47.11808022257537,-44.43116132628347,-40.70402026329975,-38.61761795390339,-35.72394936970886,-41.754478021655814
2025-12-12 20:48:14.776842,Left,-39.24472521728603,-32.14327180524924,-36.81430533184175,-33.73793532323543,-39.36082954871381,-28.58694266391103,-24.687086063724564,-32.28456264079068
2025-12-12 20:48:14.779912,Left,-42.46932887494768,-37.927749365004274,-45.793002000003526,-41.85857520473655,-22.77689692666172,-37.198364813368244,-34.50115245667621,-40.1635493446156
2025-12-12 20:48:14.782909,Left,-44.36627794089145,-40.50932479644325,-48.63376318375549,-46.90128800292587,-20.92969331801214,-40.05298693165969,-38.09166549809743,-43.15907824168971
2025-12-12 20:48:14.785924,Left,-22.06752428328764,-15.57986477546001,-21.181488900515888,-23.280205026170734,-28.536662259288278,-14.705230540559569,-11.420471098848793,-18.38245229833774
2025-12-12 20:48:14.789950,Left,-1.5846581675796187,6.123436679186852,1.969376105381798,-0.6388621739606606,-22.49906463994921,6.262573245163367,9.874029984457593,3.739521540443093
2025-12-12 20:48:14.793970,Left,-18.592450398944493,-12.990029592059727,-17.768195957339685,-17.63291070892228,-12.002440375963488,-12.99801764862059,-11.966777061039465,-13.217914982218645
2025-12-12 20:48:14.797935,Left,-51.29414045839076,-46.72864344231493,-51.516482059893406,-50.43772439541863,-22.397267711017776,-45.18613216072117,-46.17140026643392,-44.88784558510815
2025-12-12 20:48:14.801996,Left,-51.847347391798394,-45.06983235093867,-48.78734975937141,-49.63613155981875,-42.52633461626829,-42.97870819518721,-42.482375371280796,-44.5292525834011
2025-12-12 20:48:14.805985,Left,-25.154010997182922,-17.378806733791862,-21.91863863440176,-22.90382406862409,-38.501926506600284,-17.517523677146528,-15.132978922873008,-20.864128913621244
2025-12-12 20:48:14.810023,Left,-15.08880965159915,-10.421391667550779,-18.342786640650957,-15.84944299916242,-13.510925331836916,-12.588932066610141,-11.660711701726541,-16.466121030294744
2025-12-12 20:48:14.813030,Left,-25.429253043417702,-23.675003333835775,-34.0944041018015,-28.782195348547248,-3.5218297921601334,-24.79686758263415,-26.38462773797437,-29.263730733746343
2025-12-12 20:48:14.817030,Left,-19.66303116401832,-16.851978945509472,-27.047729026149682,-22.214652455120813,-14.877918623566075,-16.21695125043334,-17.206238828104688,-21.650113146595686
2025-12-12 20:48:14.821019,Left,5.032154909029487,9.156641850891901,-0.654210538850748,3.693790303033893,-16.999705500023992,8.77471111673367,10.245750511945516,4.023923974164063
2025-12-12 20:48:14.826034,Left,10.706859971789527,11.97644515729553,0.9052733134340087,7.267373587976181,-1.2441659931391769,9.39313490303175,11.278959413713892,7.622559949893912
2025-12-12 20:48:14.830028,Left,-9.809561590329395,-12.455336129820353,-24.168505510181603,-16.301439415245113,3.8101431740651606,-14.73012579310307,-13.84157231845893,-13.810958787325944
2025-12-12 20:48:14.834064,Left,-18.924335694682668,-21.268866314519983,-31.350822489309394,-24.954074754834437,-12.740257496036065,-21.61490982244868,-19.662591761676595,-20.177253519443184
2025-12-12 20:48:14.838020,Left,-4.177638931869296,-3.6695408364575997,-12.34976162825933,-7.27026324347753,-22.689997574427252,-4.186995416726859,0.46464986930732266,-2.5480656959880434
2025-12-12 20:48:14.841101,Left,-0.5151972155508702,0.5191062626763596,-9.097581433071355,-2.2665456514732796,-10.894845784452627,-2.204269527563156,3.4441571594798006,1.4880401087575592
2025-12-12 20:48:14.845096,Left,-22.660262317316665,-22.3622222467784,-32.83137878772868,-24.282767040211183,-3.1346752442805155,-26.13520235118267,-20.952810084188968,-19.834659254236612
2025-12-12 20:48:14.851102,Left,-34.41392552189063,-31.789026704271237,-40.27258180973968,-33.78358612766169,-17.081327486286682,-35.268232317284856,-28.64859153767793,-27.951577262989304
2025-12-12 20:48:14.854120,Left,-14.480182153187343,-7.931709408501774,-13.460676589409559,-10.427068842138397,-28.452790001610992,-12.51399721942289,-2.7808556868039886,-4.964958554617624
2025-12-12 20:48:14.858116,Left,3.173538357092184,10.121250139174663,5.352331477952248,7.561459133474273,-16.01662738567029,3.074750568226591,13.572998973855647,11.752770101269562
2025-12-12 20:48:14.863135,Left,-8.801288342168846,-4.189569104528346,-9.376564799091284,-7.111368295747525,-0.899534998305171,-12.186000010766293,-3.816563487125677,-2.327040988320732
2025-12-12 20:48:14.867148,Left,-21.99610892263445,-16.86157573845776,-20.719292997991943,-21.540888249153795,-7.1277859700621775,-24.28174712175678,-16.616633147272296,-14.425567667311043
2025-12-12 20:48:14.870110,Left,-7.8884500061685685,0.8648932881551445,-0.6368819330364204,-6.062232855772891,-18.338480168027672,-7.5040522621966375,2.501282083294427,2.657081841995023
2025-12-12 20:48:14.873170,Left,6.067736118318862,15.8975294138545,14.887901901760415,8.110789363949152,-11.774129681880368,5.112872930698359,16.5821511799586,17.418868459957594
2025-12-12 20:48:14.877170,Left,-13.51086296937865,-6.397956904313105,-8.239838731760756,-13.722119499463588,-3.8969462161712727,-17.255757346250903,-7.429105877929032,-3.0690054497936217
2025-12-12 20:48:14.881193,Left,-40.965806638072536,-35.05210002239437,-35.99358488302278,-42.408218099470105,-19.113434120086822,-43.01083632652808,-34.5347512888311,-30.240968067479116
2025-12-12 20:48:14.886210,Left,-34.18194711830438,-25.866920015863798,-24.36276588950568,-34.36789437799598,-39.7750955273641,-32.270627591457014,-22.373679663682196,-23.23040196080001
2025-12-12 20:48:14.890225,Left,-9.818784417198913,-0.07927895508146321,2.4173472531510924,-9.502229025034467,-34.62940182669445,-8.281138590697083,2.6864635487800115,-1.4402932130487898
2025-12-12 20:48:14.893280,Left,-13.70776308709901,-5.750001836802767,-3.600603212033093,-15.018399456745101,-16.3113333560068,-15.353318855533871,-6.620571896068213,-8.000667965481625
2025-12-12 20:48:14.897239,Left,-39.83534065018466,-32.50603428454815,-28.850220856960732,-41.47369261845961,-20.360126479907194,-40.18131373879805,-34.3872901711693,-32.218156687697046
2025-12-12 20:48:14.901306,Left,-43.970814567495836,-33.58953523979835,-26.540671474700503,-42.93147713403778,-41.25495404459616,-38.778709562255244,-33.24967783032844,-31.980516481169616
2025-12-12 20:48:14.905267,Left,-22.61314953650799,-9.897093913803474,-1.4082936388076632,-19.548883868736084,-41.38967683406554,-15.4039818825986,-9.153663925013461,-10.460999753298893
2025-12-12 20:48:14.909292,Left,-11.764456620097917,-0.7629316237180319,6.069953908725438,-9.996471557326004,-16.46374567249677,-8.109506082342705,-3.135428207131554,-4.649641722557135
2025-12-12 20:48:14.914298,Left,-14.764115465932264,-5.56494325096628,0.2056940338188724,-14.393711549610089,0.6031546785925457,-14.046312351089,-10.686083764077921,-12.094769921649458
2025-12-12 20:48:14.918316,Left,0.5381473011038906,11.869524368630664,19.48603903604817,3.0084682341275766,0.0164324776696958,1.7066255373938475,6.2608555252045335,2.7735609149194715
2025-12-12 20:48:14.921332,Left,31.063892808699165,45.33275941302236,55.1174655237337,37.08730849310086,6.350205705861299,31.749093770060426,38.56818874967121,34.38270999885026
2025-12-12 20:48:14.925403,Left,33.6435760768436,47.620900638659805,57.558604559715604,41.23857876925467,24.223273562160102,31.87664962013514,38.015855191570154,37.979770721788555
2025-12-12 20:48:14.929350,Left,2.826862913534569,16.112869129924547,26.172258582286304,11.476821357971858,26.183673472014107,2.5467958858571365,5.917774462707712,10.657248390272343
2025-12-12 20:48:14.933316,Left,-13.454124808318738,2.7633379070884985,14.880375961376558,-1.6736709647957468,6.97831482181391,-6.709715257129574,-4.146247762456824,0.2266432504252407
2025-12-12 20:48:14.937396,Left,4.825581418655929,24.31510973318609,38.18570038238613,19.112452621351622,-1.0929683046281298,16.24398185813152,19.83193027360403,21.091368703869875
2025-12-12 20:48:14.942438,Left,18.68177699424632,36.46806577884854,49.493771439709235,30.974100485014787,15.711082367307881,27.30598562024352,30.421835679444712,31.785530606310203
2025-12-12 20:48:14.946435,Left,4.347388151632913,17.942514389937514,29.879642464293283,12.71109384052761,27.942153227520237,8.916627577464169,10.649173854691526,14.232833105265456
2025-12-12 20:48:14.949435,Left,-6.752968199685711,6.574252550295455,20.281233298454026,1.4257846519149098,15.513001486740762,-0.584097463877697,2.49657581819406,5.205171848190844
2025-12-12 20:48:14.953446,Left,7.313102029962465,23.862852135616798,40.5173179360354,18.999460277153048,1.94244300843593,17.474038657630445,23.945170596654123,23.9713469018983
2025-12-12 20:48:14.957408,Left,15.8844658954622,33.41353317599385,50.80478664156544,29.939271214555447,9.598473189007791,26.404494551086827,33.63786089171856,34.954971695884296
2025-12-12 20:48:14.961483,Left,-5.296388781200221,10.285776793583864,27.119209328560828,8.681131020518933,19.25048885940805,3.9832471342560893,8.70444560551141,14.61544938435054
2025-12-12 20:48:14.965491,Left,-25.814876285308856,-10.442047002850131,7.653748414857546,-11.36303533348655,7.669015836019753,-14.740850736292487,-11.26542084777202,-3.885616670619129
2025-12-12 20:48:14.969522,Left,-14.259383446902575,3.238361192205957,23.60568928857174,1.4502468448581567,-7.512256654294106,-1.382848194509279,3.988350891165055,8.792063899909863
2025-12-12 20:48:14.973524,Left,5.860378628443868,23.224833913876864,43.47806819945981,20.11950271928481,0.3945120994640092,14.86273843502022,21.748416743452708,25.78251388454555
2025-12-12 20:48:14.977490,Left,1.379469036741284,15.662465086055363,33.757962522522575,11.248131363635139,17.91902049631426,3.5727433392439707,9.576929334440592,16.504997754022042
2025-12-12 20:48:14.980554,Left,-9.677428454948313,3.4718741692795447,20.978997974183585,-2.954796092163633,16.3077361325968,-10.104225661613782,-4.500417131028826,3.9492645865811937
2025-12-12 20:48:14.985566,Left,4.2395481497242145,19.24856777586683,38.12461234669536,10.086462105122777,3.176663442026438,4.470821429458738,11.599265396448118,18.206834937524036
2025-12-12 20:48:14.989596,Left,23.70943568529401,38.1215459076966,56.95594540307502,26.94087097582758,4.833581737695567,21.22589938520923,28.26872589667437,34.49767113404505
2025-12-12 20:48:14.993608,Left,11.196020523135303,20.602846596830204,37.286769414378796,9.260381639479647,14.911744266751157,3.408518045830533,7.011208583734515,16.308006463980746
2025-12-12 20:48:14.997563,Left,-16.983851987462913,-11.052019759687028,4.687551931485359,-21.18099785285085,7.829692036561028,-25.18381504816898,-23.886988539842605,-13.477814290227798
2025-12-12 20:48:15.001640,Left,-14.650637816424023,-6.718137183197541,10.345576404903113,-15.243543376225261,-8.398983922761545,-18.04650687627418,-14.204542150797351,-7.707096400465161
2025-12-12 20:48:15.005606,Left,15.008729248087548,25.806063757398988,43.1870549279156,18.99428336540541,-1.9817276905705512,13.51882139398731,21.452087767433113,24.245034605191904
2025-12-12 20:48:15.008674,Left,26.96933235229517,36.69268619897048,51.72926022471438,31.371818943654944,23.964223729388323,21.846000584303056,30.433929692128004,34.309812628487634
2025-12-12 20:48:15.012678,Left,12.892793810414332,20.39367113816661,33.24332175638119,15.389461371348261,32.40409658259341,5.166299951739575,11.68962262489913,17.76753663742784
2025-12-12 20:48:15.017629,Left,9.45061694683045,17.52924061061094,30.329098113783402,11.50801671102272,15.624203808096354,3.2475431731747904,8.717354164680728,13.440481889589137
2025-12-12 20:48:15.021703,Left,25.722505494865345,34.51181331373118,47.21217213236014,27.611144162857272,6.539216830235091,19.667588633917433,25.005651469027725,27.654795104255754
2025-12-12 20:48:15.025657,Left,27.411452914744586,33.31378438959473,44.256839755493274,26.92153857939229,18.257644226356206,17.36753407309493,21.133095175098788,25.58252750281099
2025-12-12 20:48:15.029741,Left,7.341500204638464,9.948222280238042,19.961372907320765,4.661604618777346,24.515644489367332,-5.181254595773908,-2.979716458421535,4.466749986471768
2025-12-12 20:48:15.033752,Left,4.695257696837984,8.57947042538217,20.327875005987153,3.480315464457817,13.506116423664935,-5.203499469691906,-1.3687193942951126,5.153457999977036
2025-12-12 20:48:15.037690,Left,31.436365488425736,38.90914487655937,52.13757284233725,33.18112242404004,10.215790992389884,24.273457072606107,30.98228146888141,34.990653727352765
2025-12-12 20:48:15.042792,Left,44.42758194145745,52.028005917354676,63.5344544730724,46.049647545280095,25.733559170388617,35.97723278201329,41.39730726380003,47.559597619911074
2025-12-12 20:48:15.045777,Left,20.339710363108225,25.116632920629854,33.948342083280295,19.453052578977804,31.917394250020152,10.952918244846387,10.819755922464537,22.595592261193815
2025-12-12 20:48:15.049739,Left,-1.557265785418167,2.4072914352109365,11.065320964826242,-2.929680461622411,12.886390206553187,-7.233787535380543,-10.705454890046894,2.2704751166111237
2025-12-12 20:48:15.053830,Left,12.43027292212173,17.46855080196292,27.0102924162602,12.683778765926036,-1.8287521651436691,10.185087799871326,9.257564148196252,17.107294092855227
2025-12-12 20:48:15.056807,Left,34.18432249813759,37.86989558749519,45.836009096896305,34.178392343726955,12.525878915746944,29.010413093864372,32.40140130623331,35.62874436215134
2025-12-12 20:48:15.060830,Left,28.161328518821392,28.898729847946015,33.699125195125816,26.011672843327688,31.687384724074946,17.774440664488793,22.82503725775132,25.61781188016539
2025-12-12 20:48:15.064847,Left,13.10862960052873,14.634539150312776,18.190063436632045,11.439619634345945,25.07861046025573,2.8609596382111704,8.113990799422027,10.626023575950967
2025-12-12 20:48:15.068878,Left,20.744462800170368,26.540121243340764,30.44640700090531,22.820301322619343,8.64116253929933,14.224971305829968,20.217394646257162,20.782637264848745
2025-12-12 20:48:15.073877,Left,34.49471393014028,41.59361678727328,44.191918020027515,38.736487745738486,13.189512219803873,28.252763663749647,33.958058151427394,34.95817312903819
2025-12-12 20:48:15.077891,Left,24.319412393922903,27.868684772394772,27.64399346333812,27.135074581330628,28.85220863853101,15.646537990200159,19.060860554423925,23.380020711114412
2025-12-12 20:48:15.081899,Left,8.180218882380359,8.810526723815201,7.505804000040371,9.725923986026828,26.879753725541377,0.6375141727912705,2.5276985025593603,7.325510331176702
2025-12-12 20:48:15.084915,Left,19.0228614869593,20.16243468492212,19.711197403925325,21.436174413327535,13.699938868081517,15.414510341721325,18.162493531759537,18.9717471777858
2025-12-12 20:48:15.088970,Left,38.37948448575116,39.28579699202419,38.41370928989272,40.41417488273146,15.269688070289703,34.95412922282412,37.7759141451952,36.402160931320395
2025-12-12 20:48:15.092983,Left,25.526901662193268,23.1709204040817,20.046629385040433,24.179255667600955,24.348682789684972,18.69135914497383,18.38628730273922,20.244429086762466
2025-12-12 20:48:15.097003,Left,-7.412043932590677,-11.606406180333579,-15.741846453143808,-11.019040764635065,13.242273287243734,-14.223130883694466,-17.312270089854792,-12.319764010790095
2025-12-12 20:48:15.101059,Left,-12.657099254764034,-14.358698257397918,-17.564750806608572,-14.328111904589605,-10.043525907298317,-14.931206939152617,-16.24885315344909,-13.569354892535557
2025-12-12 20:48:15.105988,Left,12.408202950944542,13.082312951011772,9.441352856272715,13.15774824327309,-9.901588370805257,12.031283213507777,14.709256517551694,13.354830643824243
2025-12-12 20:48:15.110000,Left,24.795026691828753,23.673687017575503,17.102409578843435,24.243745599633257,14.175848297960329,21.111804612328342,24.9242824719513,23.512686498046605
2025-12-12 20:48:15.113014,Left,13.33858449370382,9.70182582718735,1.308386382093886,10.153455693223805,24.736289037824463,7.545076730375513,9.856072567930823,10.316390445192155
2025-12-12 20:48:15.117034,Left,11.4958555426565,8.879170781385255,1.9046889040473616,8.420320231269216,10.315687660066033,8.066673382008958,9.766878231519513,9.411092723285037
2025-12-12 20:48:15.120974,Left,27.561635421683604,26.684103390731252,21.193010437908015,25.787628994303304,1.2254935905621096,25.530808918399998,27.120463870742242,25.082200229893715
2025-12-12 20:48:15.125029,Left,28.303087726562808,25.6709588276226,18.72700357909889,25.729988121369388,11.987347030208184,23.821155452118546,23.014832134700555,22.29846412997358
2025-12-12 20:48:15.129020,Left,5.9174648021034955,0.718940787613974,-8.623343206685604,2.412152068791329,17.691289942908043,1.2113419997695019,-2.967304056212015,-1.9156204331084155
2025-12-12 20:48:15.133074,Left,-2.0706774190730357,-5.927158305161356,-15.845632397755253,-3.080814314331292,4.559288134089002,-0.8008951516530942,-5.564944028328682,-6.8488898467730905
2025-12-12 20:48:15.139094,Left,18.734341667735862,17.906074898139195,7.863556365748082,21.347889612241488,-3.164679464287474,25.895927396448315,22.88075272763308,17.97802222219434
2025-12-12 20:48:15.142128,Left,30.536721174961713,29.006985797575908,17.114894184602235,32.89733463847915,9.307309366708068,37.24336315416076,34.64066439409726,31.019878364964825
2025-12-12 20:48:15.146134,Left,11.401806786176166,6.560954981954637,-7.2241334350037505,10.42100766981639,17.21536795240536,15.335987126161854,11.635755455596154,12.703343354633034
2025-12-12 20:48:15.149125,Left,-4.135394964021543,-9.447826603016438,-22.769566292674426,-6.526888448557656,2.568100114356639,0.8199589730811567,-2.4189372114415164,-0.12084712032446987
2025-12-12 20:48:15.153156,Left,11.432220481874538,8.24309801054551,-4.112402509934327,9.977436874016348,-10.402246325880697,18.379883427202003,16.66825305322891,16.346279158118705
2025-12-12 20:48:15.157103,Left,28.312503487257345,24.54292620652086,10.525784924200707,25.86147241028084,1.092385542619013,32.84944675301085,29.656798557494767,28.723536357118064
2025-12-12 20:48:15.161188,Left,16.00697280577151,8.500881702584593,-8.413516350568898,10.134198448333336,16.436778661467542,16.683525064810965,9.12130318965501,10.439438488881933
2025-12-12 20:48:15.166183,Left,0.3925890833888843,-8.928685820214014,-26.34815981814063,-7.001812557764424,9.762010179048957,1.3604798537471652,-8.101095290765443,-6.819770735924976
2025-12-12 20:48:15.169174,Left,14.033837264112663,5.863434500175572,-10.23038601909252,7.9823872474426025,-3.020956202693924,16.570246885183224,9.773147296253228,7.998990534950281
2025-12-12 20:48:15.173208,Left,33.437154066527,24.68103811430592,8.338887462667117,27.55184709137211,4.511436015935033,32.98348272243129,29.0970129952766,26.494010590804464
2025-12-12 20:48:15.177210,Left,21.46063634823804,9.205446205936823,-8.563834694590128,13.440851644385475,18.947228526598337,16.810289975182968,12.779304200990737,12.659155462544732
2025-12-12 20:48:15.181226,Left,-4.659491162921768,-18.32218939377708,-34.9340549821153,-13.015580300376314,11.344065186571243,-6.992251264684455,-11.933445763086638,-11.717702202115106
2025-12-12 20:48:15.185189,Left,-5.481425299687544,-16.503806487968177,-28.99149500477961,-10.794830637503765,-8.822993733952899,-0.8006968681329454,-4.977244110523316,-8.448632571780763
2025-12-12 20:48:15.189248,Left,10.32016315281362,0.8990195249061799,-8.238316030128772,7.0618361576580355,-9.53752487802194,17.51022471979013,13.845193290833777,8.210164572090434
2025-12-12 20:48:15.194288,Left,6.732145206824498,-5.353230741817242,-13.439180111995938,1.5528913388297951,6.682192921580281,9.976819027750025,4.8173535941259615,1.5669741545552824
2025-12-12 20:48:15.197263,Left,-10.127590623756987,-24.935928520486414,-31.92031179574633,-17.834182765878722,9.036012563519762,-10.45856407644169,-16.214659929761183,-17.74967257778917
2025-12-12 20:48:15.201269,Left,-4.740935894031281,-18.477369901871498,-23.68206572398458,-11.907316847637048,-4.218949971818802,-5.685707516124239,-8.168562552757066,-12.897032166831195
2025-12-12 20:48:15.205284,Left,17.54315118553859,5.647613054352405,0.01141765478587331,12.185754049749448,-4.2863826473439985,14.316226794020622,16.438229927178327,7.823019232981096
2025-12-12 20:48:15.209288,Left,17.193942092271755,4.529780678145471,-4.489468742694044,12.28898838103305,12.455464368926187,9.75684223879216,13.65215059718139,5.296003907484192
2025-12-12 20:48:15.213301,Left,-5.074725085207319,-18.216713984866146,-29.792031903906718,-8.986427801095488,17.781539996947686,-12.017420920576114,-8.380881133733055,-15.32969439892986
2025-12-12 20:48:15.219319,Left,-6.526695810563979,-16.877133227607374,-27.831847467717125,-7.10525562444127,5.858271798326314,-7.195655021165294,-2.792089162301636,-11.6295422324838
2025-12-12 20:48:15.222333,Left,19.170102985499398,10.902817000995128,0.895189739552734,20.581023180620832,4.276828801099327,22.439118055972358,27.221522969322905,16.14153742918461
2025-12-12 20:48:15.225302,Left,28.2279444921478,16.70645490093557,5.2223996724178505,26.456791975637316,20.361416772051598,28.992459910037724,30.129269800383554,21.317223366615508
2025-12-12 20:48:15.228366,Left,5.312624167730974,-11.505460536244755,-24.697287548404347,-1.6598821402913018,24.897779962117056,3.613973516745318,-1.6396746148820966,-6.313256282586735
2025-12-12 20:48:15.233313,Left,-9.610660689821088,-27.639194100184795,-39.8233382783601,-18.01226112774384,5.949062021831196,-8.358927502056758,-18.09340871828317,-22.297363191608383
2025-12-12 20:48:15.237341,Left,5.671136206055962,-10.457112845877418,-20.468298619160123,-0.7074839452998276,-6.860238309283886,10.648562316469906,-1.145726869115606,-6.681426657894917
2025-12-12 20:48:15.241376,Left,18.571793957671616,2.1521472719450685,-7.3505408379842265,13.010201080935076,5.95799674632508,22.703061601616355,7.863522527686655,5.027847307575939
2025-12-12 20:48:15.245353,Left,5.611408967230091,-12.947240788952513,-22.49495590926199,-0.6995915226598299,19.7518421394052,8.399778120168776,-10.630794421942483,-8.194496315687502
2025-12-12 20:48:15.248418,Left,-4.963605116670806,-22.65221425492564,-30.459587265591836,-9.732207128963637,11.083348860454862,1.8651057726056024,-18.9326980050555,-15.433691965223261
2025-12-12 20:48:15.252444,Left,10.542549165766104,-3.600144876306331,-9.550950593116795,9.617770738504987,-1.0169411000679247,23.166726311072125,3.3211764642801427,3.674729268298506
2025-12-12 20:48:15.256451,Left,23.883708286066394,10.594403599808174,3.445437183472677,24.68450384095013,7.046217507668189,37.18488756615261,17.1681145136572,16.876172027605207
2025-12-12 20:48:15.260474,Left,6.734688670196192,-8.993544919236228,-19.32770586584047,6.22361541119426,18.46458654444723,17.69203083317916,-4.550271271542442,-1.655138915799398
2025-12-12 20:48:15.265499,Left,-13.726709757378558,-29.956963423672278,-41.91768848776701,-14.595432709427769,8.919348489398544,-1.7302033252854017,-24.67615238700091,-20.57417743467795
2025-12-12 20:48:15.269499,Left,-1.3456636437658744,-14.777298112262542,-26.79931852115442,-0.23661730532330694,-5.044934083434782,13.544199664360349,-7.310988173947408,-5.7038705189515895
2025-12-12 20:48:15.273523,Left,23.441933071037056,11.290418688980026,-2.1046026672502194,25.399458222973408,4.785925294250774,37.052305761179014,17.31237827727091,18.149588792465693
2025-12-12 20:48:15.276467,Left,20.936164794951765,6.848414223450163,-9.260420217044157,21.260893643600866,25.10880888247266,30.876903756339743,8.885675957830244,12.70486095313754
2025-12-12 20:48:15.280525,Left,4.873742689145729,-9.646793032962705,-26.863882573383307,4.657470337784616,24.87296268956561,15.877177402937377,-8.545804662613591,-3.482936528008395
2025-12-12 20:48:15.284496,Left,15.404250542342197,4.060299318926809,-12.277760398568716,17.379039381947223,12.368389872597618,31.529406778547127,7.4966639153153665,9.352655714944376
2025-12-12 20:48:15.288568,Left,42.22379043192632,32.75506621407931,16.338593393867995,45.03450428857104,18.168271801489027,59.72914194017358,36.35693227829961,36.09112439425826
2025-12-12 20:48:15.293560,Left,41.62770892901608,29.479169458306387,11.30041320464079,40.96152118821192,35.773426480773196,55.34055826653639,29.91003400462705,32.49343503755608
2025-12-12 20:48:15.297581,Left,16.044704487729177,0.9685250103457292,-17.718153463154522,11.235041124444251,31.72057830826816,27.283443953070673,-0.06709184609371732,5.539701197972136
2025-12-12 20:48:15.301738,Left,8.594728636609943,-5.410084668188574,-22.258311174015034,3.2972065708891023,7.366843865456758,20.538443436576927,-4.498580613393642,-0.3697295729707548
2025-12-12 20:48:15.304620,Left,24.220532410221495,12.414624639109206,-3.1866661804488103,20.404033410390184,-2.124318438294722,34.662866413757,14.225524707901968,15.969832562603187
2025-12-12 20:48:15.308610,Left,24.16876716830302,11.839203041028668,-4.737760062173038,20.26374421543187,9.82421292242725,29.74888612320865,11.726839557017229,14.803538303615824
2025-12-12 20:48:15.312620,Left,2.5918688784695405,-10.492289777757833,-27.626954395134817,-1.9990363255237753,12.72022350410407,5.81954429882353,-11.428323306266975,-6.261810798274382
2025-12-12 20:48:15.316644,Left,-0.20852748032848467,-10.658045985342142,-25.990850102765762,-3.6706897274998482,-1.4904054324470053,4.87786761548341,-9.915672654294212,-6.53370231156714
2025-12-12 20:48:15.320656,Left,25.37488471506731,18.03570218652112,4.427285088429926,22.90011793463418,-4.1032507367417566,30.235521722350313,18.69551361059075,19.16509955533911
2025-12-12 20:48:15.325614,Left,36.96379105009328,28.459200630023588,14.137376940716422,31.986120205854604,13.564323697935833,36.196297206284726,25.396765984819467,27.025067329721878
2025-12-12 20:48:15.329681,Left,16.945621422761178,5.2448358369483685,-10.31654062639609,7.851856064344247,21.031351123736385,10.812081524749374,-0.3705634439866117,4.2918977085537335
2025-12-12 20:48:15.332691,Left,3.787125935567019,-7.465179639268172,-22.481907068158762,-6.29344350790052,3.890732863890662,-2.7566836871956184,-10.860771151553308,-7.093072061476505
2025-12-12 20:48:15.336656,Left,19.69615369091116,11.738462687471838,-2.6099679949657,11.560322906190777,-9.45361948601385,13.488551116317467,11.370264640891037,11.515524001762515
2025-12-12 20:48:15.340719,Left,30.439581480270135,23.23170778637359,7.6106502302100125,22.9354933828472,0.802438644654103,20.800223535514306,22.05033365959116,21.721082423188363
2025-12-12 20:48:15.344725,Left,11.314118750102352,2.226379780786374,-14.455848149082158,2.5897324457300783,11.3221639546191,-1.4575388613011455,-0.9638726900066104,0.9470250379322351
2025-12-12 20:48:15.348688,Left,-4.915102262064465,-13.913001543869541,-28.53487744193626,-13.567241841401483,1.1337229294276767,-15.791001143106769,-15.75900977964102,-14.706239278699286
2025-12-12 20:48:15.353758,Left,12.831618814157991,5.873677654423318,-5.299166013184731,5.295241941840686,-7.879692265054473,4.4663432159868535,6.589328376500816,3.659244701784928
2025-12-12 20:48:15.357771,Left,37.81760663866589,30.184744660956312,20.270209648231685,28.861059134732386,8.880470260346556,26.39790345142137,30.021691172071314,26.149775374809337
2025-12-12 20:48:15.360765,Left,34.74648393929601,23.46928151256725,13.244830969637405,22.102156177635152,31.609280430708168,17.90043388860613,20.60210653310787,19.914056791755
2025-12-12 20:48:15.364786,Left,20.69768812372422,7.755317628824287,-1.1626482947358454,6.687418292163784,29.08458905683983,2.9093532591978146,5.266452582016882,5.9659774473179255
2025-12-12 20:48:15.368842,Left,25.903463329013903,14.339153109108338,8.006456709194026,14.171746455604989,11.436968202888238,10.380577677406109,14.726443095513787,13.044544545565145
2025-12-12 20:48:15.372804,Left,32.35100455162319,20.584203461061406,14.837490340156364,22.585309646866335,7.162491832033993,16.53589415768147,21.991638839783263,19.370037172882803
2025-12-12 20:48:15.376815,Left,9.198202603594837,-5.469776104208449,-12.921604627314082,-0.9637292173206333,10.720468830666505,-8.130001025327147,-4.625678363921907,-4.786455638706002
2025-12-12 20:48:15.380829,Left,-21.276967979658366,-36.25187913275204,-44.65031806530533,-31.156438514860838,-0.6724204658439703,-35.51977874907698,-33.77384686473238,-33.50873971681267
2025-12-12 20:48:15.385864,Left,-15.922511643497273,-26.35956079948346,-34.194109096712054,-23.23378460511367,-16.52155780717476,-24.37493370591983,-21.119074093308427,-24.973292975151026
2025-12-12 20:48:15.388850,Left,13.077456825940317,6.669121820500095,-1.5558319287156337,7.167610416793195,-8.681635733068106,5.2113901594439085,10.84733823949091,4.268417214861529
2025-12-12 20:48:15.392869,Left,18.274107877026836,11.521671909104953,1.7039205395631143,10.493779797404386,13.805730696318278,5.5696591227533645,11.179864229161588,7.615390740044859
2025-12-12 20:48:15.396881,Left,-1.5089010232950386,-8.988714587104482,-18.431419857963192,-10.821984390709076,15.398860950042945,-16.377135325087693,-11.555403570831857,-11.195722672789543
2025-12-12 20:48:15.400878,Left,-4.959122231375659,-9.497970559315377,-15.602815182472114,-12.377909378521508,-4.802810642477198,-16.88163277241256,-10.715859066325947,-10.830432122138973
2025-12-12 20:48:15.404886,Left,12.881387733592419,11.605021561509034,8.661709146650537,7.720273669618564,-12.665034289078903,2.4590609348651924,10.127224588048875,8.392160791671813
2025-12-12 20:48:15.408986,Left,13.380281550609652,11.316814171409249,9.512681744159636,6.941063950214414,-0.6336590456230624,0.053059771362768515,5.897468560733614,6.191651388671744
2025-12-12 20:48:15.413976,Left,-9.86244984537916,-14.025251021509405,-14.452189398951305,-19.088342183850756,1.7296841485322147,-24.876315782226357,-22.241637282712873,-19.375519694011018
2025-12-12 20:48:15.416980,Left,-16.83207016887536,-19.697231526438685,-17.02838545146733,-26.189647543853425,-14.58218811424831,-29.062746387081916,-26.541861773248,-25.412071279283737
2025-12-12 20:48:15.420948,Left,3.4140896937751677,3.3140093752581947,8.171719889727683,-4.255717047028611,-21.357112529466576,-6.554418077154423,-1.8263474548625709,-3.491499196256882
2025-12-12 20:48:15.424959,Left,10.75930465280544,10.405482725807701,14.387208900654514,3.2441876870129818,-7.292709508015832,-0.7679791615232716,4.099978106777144,4.283061265367905
2025-12-12 20:48:15.428974,Left,-11.217013716668589,-13.075195752123363,-10.694893554235023,-19.081963217013026,0.23286638505396695,-23.139567557098417,-20.31510790037146,-16.29772139386023
2025-12-12 20:48:15.432974,Left,-23.8804053666463,-23.91432556552536,-21.191207974894496,-29.321934893361686,-13.375214595527723,-31.41311830246184,-28.895064740064754,-25.727852973503104
2025-12-12 20:48:15.436966,Left,-5.191566945370141,-1.8703610358809328,1.3460960940647055,-7.03912889681942,-22.22917573610266,-9.079048506043165,-4.6442294690045856,-6.075192230511675
2025-12-12 20:48:15.441991,Left,9.707809614526923,12.53609098694028,13.69152158054203,8.06532717741402,-8.019928733569031,3.427628960968832,8.290194775444888,4.926696516558877
2025-12-12 20:48:15.444985,Left,-5.308030874359247,-5.927031686371265,-7.637126267040003,-9.740563728614234,5.825584966087263,-15.404510549466295,-12.357325941992713,-14.460316374610557
2025-12-12 20:48:15.447955,Left,-18.755730841734476,-20.201021449212476,-22.323473439504596,-24.52897782261016,-2.628826562280665,-27.65891803198349,-25.042988153203623,-27.97884221840195
2025-12-12 20:48:15.453048,Left,-0.6156533446373942,-0.29603230583188633,-1.4760408907932288,-6.003611253312556,-13.490653682808897,-6.446780411450391,-1.8166067528973144,-8.238832793621441
2025-12-12 20:48:15.457033,Left,21.55166478083993,20.644453676335615,18.5800239850214,14.122243527351202,-2.789829989210375,14.002284753972162,19.53857787151719,12.405650613232865
2025-12-12 20:48:15.461061,Left,12.93235133161943,7.116861550570775,3.1594126600211894,0.6973408631292841,11.648494188143559,0.9330903719373964,4.728067759759142,0.8801034155112575
2025-12-12 20:48:15.465067,Left,-5.899930620202213,-14.327236910476586,-18.110599581093993,-20.813370417225087,2.325354119032909,-18.30103475996748,-15.659475281038794,-17.734076226426623
2025-12-12 20:48:15.469082,Left,0.7049524417998327,-5.545785792737661,-7.908744142427167,-12.743685247104622,-16.652403401815263,-8.89499961745014,-5.008571801557991,-9.029744355022558
2025-12-12 20:48:15.472094,Left,17.36195070465328,13.366250905750348,10.260882181588386,5.841555562615213,-14.228964879129762,7.751761010500559,12.161191820107888,7.351351225221151
2025-12-12 20:48:15.478088,Left,8.823325089404534,4.222168962050546,-1.4003450231502939,-2.5826531904695003,1.9996969379699294,-2.7271559478745075,-0.7688160482503008,-2.8401258626327035
2025-12-12 20:48:15.481105,Left,-11.780055724550039,-16.297238628245395,-22.52538232169536,-22.267777498112082,1.2306294050940778,-21.110370848602088,-21.541211792598006,-22.187589133489382
2025-12-12 20:48:15.485120,Left,-6.057821375961794,-7.693012884697055,-12.201522531635419,-13.486437295745418,-13.250031104530535,-10.155366860214144,-9.86798773670489,-13.199107604115852
2025-12-12 20:48:15.489126,Left,17.372776052387053,17.00741506532904,12.989556431530218,11.53969897134084,-11.85933826207338,13.918651286081513,15.650613406957746,10.419929906289326
2025-12-12 20:48:15.493091,Left,16.153688670896372,12.356253723320151,6.481978641513706,8.134255897109142,3.374725232485048,8.062097439414174,8.642106277831772,6.026164176106249
2025-12-12 20:48:15.496150,Left,-9.146694722196116,-16.603962142321507,-23.537685015246097,-19.43256891231431,1.2092689985602192,-19.58847255726323,-20.848834601963063,-20.76158533614398
2025-12-12 20:48:15.500127,Left,-15.82303767565827,-22.47864740010573,-28.25038497272908,-24.74352184690906,-19.19434692599623,-23.792833253611207,-24.08127889819025,-25.883771306027484
2025-12-12 20:48:15.504164,Left,3.5538184291635844,-0.5812373096296142,-5.929469152823003,-2.8301463231955495,-24.22102284296982,-3.3866907193369116,-1.4562847399747625,-6.2742204771057
2025-12-12 20:48:15.509202,Left,9.967570354207055,5.74123091200272,-1.657544581710681,3.523338619281276,-6.77529625005198,-0.2468927909840204,1.2721109124604482,-2.471537140150758
2025-12-12 20:48:15.514224,Left,-7.93624559197815,-12.777309874046296,-21.824533180835715,-15.305751926467565,0.6891288323258209,-19.711610063892294,-20.4102935760111,-21.360781806810337
2025-12-12 20:48:15.517235,Left,-13.968857414469312,-16.163227480341448,-24.27302001298085,-19.721907751982144,-14.624269274917765,-21.9868550037354,-22.879770415322128,-24.387246655727722
2025-12-12 20:48:15.521228,Left,5.243802152639546,6.282880409872632,-0.9134822056548728,1.668668240246916,-23.949552916487164,0.45361757496266364,1.1701620459571132,-2.3209069083895884
2025-12-12 20:48:15.524286,Left,13.680944008119695,13.746110372746443,4.889472151418886,8.834569795966672,-11.493156278949755,6.70400858191897,7.343625807499848,5.521266122263114
2025-12-12 20:48:15.528248,Left,-5.441239702060557,-8.345272794656012,-19.192564864562883,-13.246520900556789,-2.373644762561753,-15.389931013302885,-16.297720756179842,-14.610442945941031
2025-12-12 20:48:15.532243,Left,-15.405566419021852,-17.6009290422071,-27.907574430329987,-22.992647606246464,-13.050534446740812,-24.094146801663555,-24.333483072585295,-22.992225632389818
2025-12-12 20:48:15.536232,Left,6.52078976494704,7.584040857703258,-1.4047550199902616,1.5812685493856407,-19.842473489839676,-0.6568973448665929,1.9086179757996433,0.1880208628354012
2025-12-12 20:48:15.540283,Left,24.902596227817412,25.794305311181233,15.898523650357674,19.89340338234433,-5.326225079970982,14.59606023131255,17.840432656414123,16.456047091427536
2025-12-12 20:48:15.545306,Left,9.325023737455922,6.482075168452866,-5.169999504098087,1.0021651930146618,5.925238421179529,-4.396869748584322,-3.5090592059350456,-1.389273325468821
2025-12-12 20:48:15.549319,Left,-11.760783628891659,-16.204086137777267,-27.226452432598307,-21.90484985608782,-8.95718659053091,-22.846342044000266,-23.396330502793717,-20.801428791450235
2025-12-12 20:48:15.552332,Left,-5.601562645400918,-8.2071031346768,-17.02747364408424,-14.463829018775868,-28.629419815382334,-11.23990471887555,-10.693989203973615,-11.374214363406281
2025-12-12 20:48:15.556335,Left,5.330300201740101,3.2906839560155277,-4.980441439201968,-2.7203903510908276,-25.594091844377544,0.6258142983388097,1.578391908611593,-0.20765138703063712
2025-12-12 20:48:15.560343,Left,-10.59915616827493,-14.776635777464435,-23.799831262273074,-19.71924459949514,-14.70762072993739,-17.746344993876846,-18.551128323098965,-17.84485201636562
2025-12-12 20:48:15.564359,Left,-31.047957878654415,-35.66052462112839,-43.69121522443311,-39.82601767090455,-22.799361990018497,-37.63212448646118,-38.98961098154177,-37.82586115271806
2025-12-12 20:48:15.568362,Left,-19.889324120331366,-21.691477591986768,-27.2392652919807,-25.885021250634964,-37.430149204542886,-23.65878175290709,-22.608350306822103,-24.997482597871567
2025-12-12 20:48:15.572380,Left,3.914718510575767,3.6957289056608715,-1.1483551052078838,-0.8684705701798521,-30.941842301669112,-0.8798795251495903,1.7905805792470346,-2.473103778569566
2025-12-12 20:48:15.577401,Left,-0.8304188313250052,-2.649792008125587,-8.71481663893428,-7.674848581456899,-13.755094615196867,-9.725861996661479,-8.972922826886133,-10.369774714930827
2025-12-12 20:48:15.580418,Left,-22.864686923210684,-25.02099440510392,-30.877878124851122,-30.78861125673029,-16.26420160060661,-32.11837554079102,-33.43703849024678,-32.41887593667343
2025-12-12 20:48:15.584412,Left,-20.44641946696538,-19.232605915512067,-22.857971102821466,-25.70906928437762,-32.616135409758044,-25.94813471274574,-25.851122930658676,-26.807270579820397
2025-12-12 20:48:15.588429,Left,1.6146027314607636,5.242118979068437,2.572209542428027,-1.099447019802028,-31.087501510480706,-2.9095228986789152,-0.3014179120618792,-3.270285262125981
2025-12-12 20:48:15.592444,Left,2.499198619359049,3.741477424565346,-0.21536344158448628,-1.6383504224759236,-12.343442774948471,-5.350139679290805,-3.1192480714653357,-3.9803661560072214
2025-12-12 20:48:15.596456,Left,-17.838755806182235,-19.99955897941163,-24.125164448132637,-24.65391828061729,-7.683258170119188,-26.66751082139308,-26.439590450605465,-24.9961396754843
2025-12-12 20:48:15.601456,Left,-19.33977074809718,-21.107908513778057,-22.599879284714916,-25.598360361194864,-20.817315735366265,-24.06464385995605,-23.78353225482897,-24.201675754173266
2025-12-12 20:48:15.605494,Left,2.2094402969723888,2.465088907392783,3.406321430054959,-1.3375611812007264,-21.85673696582171,0.8280404546239879,2.5341519782323303,-0.18579265862535976
2025-12-12 20:48:15.608495,Left,6.8794484964118965,6.540591235730972,7.35026671527703,4.320111044513396,-4.335113103712956,4.69361082339492,5.814426209308294,5.229022588830048
2025-12-12 20:48:15.612491,Left,-14.446442198435761,-16.208689618584685,-16.024409611174633,-17.454930787485864,1.838024559618816,-16.678633460527635,-17.735555578454296,-15.096728625176183
2025-12-12 20:48:15.616607,Left,-22.661646245380325,-22.815278091286018,-21.66440238346513,-24.823960319246908,-14.080203568635852,-21.008479940952384,-22.77417562356095,-21.54931191545984
2025-12-12 20:48:15.620539,Left,-3.174622983368863,-0.8606731160189156,0.9095383974981814,-4.225998567089846,-23.18188928841255,1.32321820056859,-0.25920502852204663,-2.9339756993722403
2025-12-12 20:48:15.624494,Left,7.577243808526873,8.667378550544527,8.771943331661532,5.09976341890615,-9.657870107616645,10.362825803846135,6.803821460514882,3.6788764382308727
2025-12-12 20:48:15.628559,Left,-9.557451912785837,-11.445875465976314,-12.88874544378632,-14.174782340031015,0.6945967570181892,-7.704656336887638,-14.350543237746024,-15.201796670189651
2025-12-12 20:48:15.633577,Left,-21.5066113990315,-22.60958085704351,-22.727768473640026,-24.869415235867564,-11.397748594677523,-15.070373420498072,-21.672287860415963,-22.505319394034814
2025-12-12 20:48:15.636593,Left,-5.602285628918253,-3.0452933520437,-1.0601319805737148,-5.674106381140518,-23.2460280524391,5.556098954264598,2.2061316264171182,-0.1309236701399641
2025-12-12 20:48:15.640576,Left,7.706724440099606,10.823300380571709,12.163324880837536,7.5923784888473165,-13.166872285266322,16.721736147639604,15.31014290607527,14.798391176531368
2025-12-12 20:48:15.644551,Left,-7.517646287063144,-7.484778698645641,-8.414212885825691,-11.370837727679827,-0.8510682254722042,-4.230841403348677,-6.605963580153912,-3.1277318701304466
2025-12-12 20:48:15.648609,Left,-21.995454405025157,-23.230862928722672,-24.450012213894297,-28.03676389728753,-8.913931081576692,-20.515457470475667,-23.330854915067903,-19.98536209300073
2025-12-12 20:48:15.652646,Left,-4.377054674567262,-3.6608112908879775,-3.427254841584727,-9.106451331883363,-18.89249490902671,-1.6810138467008073,-2.782869578242753,-3.869686651731172
2025-12-12 20:48:15.656650,Left,19.03191966470058,20.246512131761847,20.637101661688575,15.193751534045077,-6.0903757924915,20.204438374585152,19.86788727734529,17.015471744269234
2025-12-12 20:48:15.661640,Left,10.19009140129765,8.759271395405449,8.244192124151596,4.547573308896972,11.5776335277194,8.034474823303754,5.81764235205992,6.30171657343999
2025-12-12 20:48:15.664661,Left,-12.761740912615096,-15.871802819596269,-15.418450995501189,-20.11652432864139,3.76971989225558,-15.033485116498923,-18.604121289386057,-15.511928316576814
2025-12-12 20:48:15.668661,Left,-9.564371942768048,-11.58592324466099,-8.743424736603629,-16.687430395017145,-16.47973853768417,-10.453920023330284,-12.521118751671565,-11.184163270709178
2025-12-12 20:48:15.672669,Left,10.668426905970136,8.838033985008224,11.883270963105133,3.434968163306621,-14.074012061757003,6.894498145478792,6.487372004435201,5.796096437708911
2025-12-12 20:48:15.676625,Left,10.975081313283226,6.988154928802032,7.820291424759489,2.230254366633744,7.4046237491374995,1.812040588403761,0.6397455449214249,0.7511256744255661
2025-12-12 20:48:15.680691,Left,-3.3407174435606066,-7.601410296384529,-7.545552926697383,-11.963707984774373,14.974921321549118,-13.039918944528836,-15.038597222757744,-15.082639212325375
2025-12-12 20:48:15.684809,Left,1.643044690944862,0.9121083697191352,2.88772595674709,-3.8425622864142497,5.621955094972691,-3.753062497700739,-3.8429962516183878,-7.615740288218149
2025-12-12 20:48:15.688711,Left,19.932480117479372,21.6461657983873,24.900758929470612,16.810232803862164,6.362958436095596,15.897881611183038,18.478976457240606,12.238552084831099
2025-12-12 20:48:15.691732,Left,14.882683688503676,14.482740422784445,16.64554993688398,10.56747434854151,19.36979684598373,7.158133580493995,10.380082798949843,6.98463371338039
2025-12-12 20:48:15.695760,Left,-10.223609019823016,-12.976473998608526,-11.415131412483788,-15.820962079031233,17.674907785683445,-19.77285981083878,-16.058815241170123,-15.674122927165627
2025-12-12 20:48:15.700761,Left,-14.290646244217442,-14.899993347832606,-11.534197500462142,-17.27659282926743,-0.9036100981088566,-20.392458846544287,-13.443959910311605,-13.566463157080761
2025-12-12 20:48:15.704750,Left,7.432906341713533,10.450361972493738,15.418191593332267,8.37366842884785,-5.8413777735445365,4.330474547429731,14.950872100500419,12.93250189905848
2025-12-12 20:48:15.708768,Left,13.81531498011509,16.665644956061442,20.91525889205741,15.171839702469697,9.95307194776251,9.295824051690943,19.946195548933247,19.541324438803713
2025-12-12 20:48:15.712784,Left,-6.808610933016098,-6.505341194691027,-2.8985388888222587,-7.521005345583035,15.905159972723595,-12.620477296772151,-4.05020834419156,-1.9830314939245
2025-12-12 20:48:15.715818,Left,-15.549411615302233,-15.50040433560116,-10.18689282924197,-16.337187929013453,0.03249349706857174,-18.728744453705986,-9.700446039824783,-9.639537927288075
2025-12-12 20:48:15.719819,Left,3.3089739093175012,4.695562739757406,11.773683195010562,4.508425115069258,-9.388873212697945,2.667826925490772,14.294642941145867,10.022389943706912
2025-12-12 20:48:15.723830,Left,12.288063883242557,12.728951584679635,19.07853748946718,14.22457512354049,3.4443562254346034,10.533566030388101,22.453666029489796,17.628363498385625
2025-12-12 20:48:15.728829,Left,-8.866877418845206,-10.63664577702093,-5.3551474654623235,-7.1896913521059105,13.311017692870337,-11.261208314463147,-1.6773828084224078,-4.018831851918549
2025-12-12 20:48:15.732848,Left,-24.768889425394264,-25.922484867092862,-19.069985516410497,-21.303814565717403,1.5833758365915855,-23.587335576754413,-14.803767008390423,-17.404200717052845
2025-12-12 20:48:15.736871,Left,-9.453997008945635,-8.109764988715142,1.0988043219326755,-2.9896967950380713,-9.149503363807526,-5.041319065799144,5.241167259440772,-0.39294458850690717
2025-12-12 20:48:15.740880,Left,6.139845313627347,7.3610941452043335,16.193892225772743,12.838708115690679,2.1269699784679688,8.502374726954258,18.503901051521098,12.487023406033586
2025-12-12 20:48:15.743881,Left,-8.989930307307418,-9.87514277065111,-2.924998666210996,-4.6412916683029835,14.26493727633624,-9.802870335563057,-3.1283645168614385,-6.356983722105724
2025-12-12 20:48:15.747896,Left,-30.638265020451286,-30.493406728231093,-23.02506309335891,-26.737529716167955,1.8384550386099363,-29.47620483940682,-25.087776273444888,-27.535902759382225
2025-12-12 20:48:15.751967,Left,-25.627244317609836,-21.21133119723072,-11.04664476099731,-19.419809319670094,-17.63756447808464,-20.326452000520476,-14.91574862532525,-19.40682655296223
2025-12-12 20:48:15.755983,Left,-11.274338269014095,-5.253506803084747,6.207394456064321,-4.556564874862488,-14.665151301281185,-7.050969830695067,-0.4680491861900009,-4.550119311724302
2025-12-12 20:48:15.760963,Left,-18.774221146787085,-15.850429206171611,-4.887708786077837,-15.351928600460269,-0.2791480795094685,-19.901765443676595,-14.340149087623558,-14.277321729536197
2025-12-12 20:48:15.764971,Left,-31.204091333499605,-30.965194517784767,-19.443710407541175,-30.919136259187326,-2.8569565441985105,-34.783190272301,-29.84537081129838,-27.647485527087156
2025-12-12 20:48:15.769002,Left,-14.621270539215473,-13.500939970648687,-0.29147287534260613,-14.47878648587448,-13.704238005294428,-16.96113345725371,-10.220143786543304,-10.630293444611198
2025-12-12 20:48:15.772006,Left,13.347624056888918,15.283550247464518,28.26242973474018,13.746238370570609,-5.406004009100798,10.382731732835055,18.425471619310883,15.747139299018727
2025-12-12 20:48:15.776079,Left,9.118429238790135,9.375297612696158,20.087853307575642,8.276366778475676,12.562859148336429,3.4836260845377183,9.702656582583586,8.673329876611206
2025-12-12 20:48:15.780066,Left,-18.22824845910504,-18.132918356653136,-8.06437985067896,-18.638377978099925,9.33289022286408,-22.73150259715112,-18.65222987382913,-18.3114702383059
2025-12-12 20:48:15.783992,Left,-21.53609624976729,-17.427758215339054,-5.34484977651482,-17.67719775075875,-8.491213579269242,-20.881108603579378,-15.995222826626105,-18.291581117538044
2025-12-12 20:48:15.788055,Left,0.5938394445506319,8.213597858720277,21.397730647388016,8.677215393491224,-6.5945376031704654,3.658253885427257,9.882636692207598,4.850116539380906
2025-12-12 20:48:15.793075,Left,4.9735593633650055,11.238179649248195,22.642632246808716,13.163288333487799,14.971027595298438,6.054426742166015,10.31268878509809,6.661561743674383
2025-12-12 20:48:15.797015,Left,-14.431575668237429,-11.014406917802262,-1.475068448249658,-8.110436396530076,21.793189946198254,-13.217928517096425,-12.567529679452036,-14.100881342403227
2025-12-12 20:48:15.800107,Left,-16.873586589371698,-12.885893072831095,-3.136994368787782,-10.296832420600822,7.446902566529388,-10.751421075045982,-11.15055938453338,-14.30310045376359
2025-12-12 20:48:15.804043,Left,7.261332938155768,13.517484776391484,23.327005597546304,15.506362607421579,3.8641657445696183,16.965593729084503,17.746655989547435,12.415462391549795
2025-12-12 20:48:15.808107,Left,17.192444446126473,23.465518071262522,31.204158521969475,25.645140051959288,21.123777133003387,25.487548443855758,26.393991141989318,23.51056121720876
2025-12-12 20:48:15.812113,Left,-3.361193481257171,2.3309360056537116,8.116415961863822,4.867024713006913,28.49377996090152,3.707972027876167,4.002380892839028,5.526440490446902
2025-12-12 20:48:15.816131,Left,-16.529358942044382,-8.481350155567725,-2.2457165019368404,-6.479787423986409,11.730191657567048,-6.7569334635718405,-4.911731215240366,-3.1435961782018325
2025-12-12 20:48:15.821125,Left,-0.7001982540874714,10.117998643803276,17.08759158988414,11.037839989444535,-0.5762754373154166,10.568701912303368,15.056790378076869,14.162599165703682
2025-12-12 20:48:15.825164,Left,10.982487893372936,19.894501776779634,25.130176290668715,20.09594420670652,9.707395981487934,18.204563599822222,22.127105114637345,21.597974498033977
2025-12-12 20:48:15.828093,Left,-4.956676466641833,-1.08125531633641,1.6931951264405143,-1.3800354889921067,17.534659235521758,-2.037072831901469,-1.9953080679557758,0.44564740004670966
2025-12-12 20:48:15.832165,Left,-17.278089343143424,-15.464758231394626,-12.746577079112285,-16.571245532416413,3.332088465693232,-12.942857871418596,-15.385615573300328,-12.986666521881034
2025-12-12 20:48:15.836186,Left,1.4718353870419634,4.699459926736381,8.611921524630816,3.0292126920975306,-8.402780697353592,8.908919832817901,7.323674751259659,6.613797206693334
2025-12-12 20:48:15.840214,Left,22.200508903876504,25.150601549823023,28.37453131834991,24.04231524249144,5.901575996504107,27.703607224775737,27.083555974166643,25.870775578586745
2025-12-12 20:48:15.844220,Left,10.0113066623136,10.05304535806681,11.61177533227601,10.123379315975853,22.59211608648002,11.167617057552633,9.748468174896857,11.582077162340738
2025-12-12 20:48:15.848226,Left,-14.267725780509949,-14.927257656816892,-12.437622348888908,-14.400767910478862,11.081051661622041,-13.103029973308985,-14.387644105306094,-11.297712428484374
2025-12-12 20:48:15.853234,Left,-13.649108925390152,-11.48218608299544,-5.323049813347097,-11.245924031378763,-11.173857708583455,-9.518062568195404,-8.197551982067239,-7.148180505654182
2025-12-12 20:48:15.856246,Left,-0.6129186093642573,3.2386560302984435,12.815375597903767,3.756849292552033,-9.697617488573087,3.2172314878802695,6.639692748822654,7.448066959161679
2025-12-12 20:48:15.860269,Left,-7.067462703854886,-4.507287525175116,7.771595687852823,-2.6787346151936617,7.743905600924336,-5.945399874993768,-2.7475949280783425,1.4330553683325888
2025-12-12 20:48:15.864274,Left,-19.102093945970523,-16.480615310858184,-0.005770609461251297,-13.318341230935857,10.97055011196062,-17.290019589170356,-13.567580921882609,-7.727577980996557
2025-12-12 20:48:15.868301,Left,-3.7646089800484503,2.31185070495485,23.82540678976693,6.232175800501409,4.290455628703057,1.1888390067972523,8.4365013700683,11.47226679070127
2025-12-12 20:48:15.872299,Left,21.883726082262854,30.279924699283583,53.89702437102096,35.04453519005938,12.779286665077962,26.085352586422232,36.61421457982556,37.31208222647729
2025-12-12 20:48:15.878338,Left,13.880172517773246,20.535509907883124,42.581599950592135,26.732768680616573,27.721190435020617,14.04259336088262,24.325929167964205,26.512696656846856
2025-12-12 20:48:15.881311,Left,-20.280558146083536,-15.221854584453808,5.189933473795463,-7.460507722014881,19.08572757174079,-19.787636541376514,-10.754833209115532,-7.7921912631154555
2025-12-12 20:48:15.884313,Left,-31.784179110721425,-24.43977412474692,-3.961339661924285,-15.291678864883124,-5.542515039163845,-25.108324243802144,-14.75727672492576,-15.586249453433993
2025-12-12 20:48:15.888343,Left,-12.70030095966814,-2.637393053666301,16.948049677417657,8.058846759549397,-7.990703195884635,-1.3563094440614805,10.683002003463116,5.873045026044565
2025-12-12 20:48:15.892342,Left,-2.6855239992311795,6.390046295980085,22.52474972636992,18.58636408183247,15.503363520583662,8.40780947131725,18.176571291074197,14.227777475010043
2025-12-12 20:48:15.896296,Left,-13.568687544831846,-6.699049673563422,6.116600130280858,5.8605174045278545,28.197856744583987,-2.137543303331313,2.3383473027042783,1.1279401705287455
2025-12-12 20:48:15.900412,Left,-13.841601827927889,-6.632195992401961,5.093844463726782,4.8127958287914225,16.18570407536572,1.5755201888619013,1.8696317011645078,0.2775906174811098
2025-12-12 20:48:15.904338,Left,4.298746005590033,12.021997101650477,22.773638562543056,22.096722820634568,7.5412819202229,22.11514171512863,19.571873573393987,16.43108851249599
2025-12-12 20:48:15.908406,Left,7.649583040749235,12.230556904860691,20.228763403680205,21.83700106525248,17.28099425368964,23.243536017797396,16.36759491402563,14.93061018080607
2025-12-12 20:48:15.911403,Left,-12.781495354658318,-12.493042065909322,-6.687830414926793,-2.8126097210924854,21.91736317167488,1.544619422517826,-10.596858279360276,-9.033299836660262
2025-12-12 20:48:15.915400,Left,-19.434112260915754,-19.787070015970187,-13.19007022545702,-10.270585059762197,8.488955775959766,-1.573346275617041,-16.245191657870237,-15.084671250744577
2025-12-12 20:48:15.920416,Left,4.660598823960754,5.794611867319759,14.004739327419884,15.291135353892969,2.3782191617392527,25.206907498538385,11.02035259576769,10.10725015326716
2025-12-12 20:48:15.924426,Left,21.920466706604202,21.654398514125774,29.235646246919714,32.05712805832445,18.985221983666634,38.95235220835275,24.8013640769027,25.463649792293836
2025-12-12 20:48:15.928451,Left,6.199459721055973,2.3318738419226293,8.385015067769928,14.14467911075917,31.426356097283133,18.223916457880478,2.954901523067292,7.710554607673657
2025-12-12 20:48:15.932460,Left,-10.591341936465824,-15.225076142033004,-8.86538345984809,-2.6088506662545115,18.122193572029573,1.5067564651462817,-13.06692659381497,-7.663014563148863
2025-12-12 20:48:15.935488,Left,2.1552720853060237,-0.25503100736614215,6.732484948470301,12.345359150998775,2.473125577940664,16.502574556964646,4.703740516112703,7.297370573329317
2025-12-12 20:48:15.939433,Left,18.969190146463916,17.07161456045992,21.707754897632185,29.318741507555387,10.638015940947298,31.240909700319207,20.63562899253384,22.88816513915299
2025-12-12 20:48:15.943507,Left,9.255058773596147,5.632216052446893,5.9713700652810076,17.147308216617603,25.711564680681477,16.875112625926704,4.9177281108941315,10.261002036913851
2025-12-12 20:48:15.948524,Left,-4.231270633959184,-7.156461856075339,-9.210528870089547,3.106238896019022,21.580655414658395,2.3593999659397014,-9.680591687550077,-3.293591562029178
2025-12-12 20:48:15.952520,Left,9.79186769612761,10.830017377445074,8.558490412688116,20.258613657061687,11.130300103064656,18.074202352052453,9.032301335194461,13.016886075231014
2025-12-12 20:48:15.956469,Left,29.355635507655734,32.503866808248404,29.16715461581407,42.66474470241246,19.440487366593516,36.514418345181184,29.987150406188448,33.38070378771772
2025-12-12 20:48:15.960481,Left,18.698133125035383,19.949477094086433,14.429712984250727,31.845386149638216,34.142446075327825,23.05908060348338,15.934968676125209,22.338025435333293
2025-12-12 20:48:15.963555,Left,-4.970961742449163,-5.283641752413587,-11.224477885771194,7.520524314470094,26.866319467495487,0.9334925450339142,-7.155179551470155,0.5123604333739422
2025-12-12 20:48:15.967553,Left,-2.7385940880994895,-1.7307004296717423,-6.124948070895698,10.462934612439312,6.218001238297802,7.886498472401399,1.2460667255636508,5.854376362853145
2025-12-12 20:48:15.971557,Left,14.647714061656188,16.082386328621396,11.934520311333472,27.189762298869937,3.0077114800769778,25.518384532928394,20.6247589562754,23.129182467944702
2025-12-12 20:48:15.975586,Left,7.911977728134843,6.423978110095959,0.424121713029308,16.833418171228914,14.255139780421814,13.69669872394752,8.250923706705635,13.327063366996299
2025-12-12 20:48:15.980537,Left,-16.550395321450196,-20.233310577634256,-27.00143870041029,-10.540358314106015,9.93208989129198,-13.677509476771775,-20.005066836201422,-12.074338707974675
2025-12-12 20:48:15.984612,Left,-17.169723123184212,-19.050767274719874,-24.219986351929037,-10.539244808939657,-9.736029405643421,-12.598520555309733,-17.40637251691851,-10.524181464335015
2025-12-12 20:48:15.988628,Left,7.235166689564267,7.535742143289099,3.3302854348512483,14.924860851899211,-13.03315281857067,11.648545522004497,9.060791876332132,14.450801756189321
2025-12-12 20:48:15.991629,Left,16.601173803057463,15.714946523040453,10.017885889968966,22.46273678248872,5.506703363682391,16.027818480656606,13.630443836884751,20.97548753142837
2025-12-12 20:48:15.995647,Left,4.321365384229921,1.994559892381858,-5.075665767550163,7.822847726829423,15.754773067380484,-0.2984973477832682,-2.791765139729705,6.37136254843881
2025-12-12 20:48:15.999671,Left,7.38546839583978,7.437812759321787,1.2838195685380924,11.342674496075233,7.5856441283503955,3.1127776131470455,3.263033611373885,9.666891332542946
2025-12-12 20:48:16.003696,Left,32.735260978172846,36.11200903902136,31.187464995027767,37.87944985474951,6.3178006391681265,28.240986195957703,31.9205016203,34.505919768351305
2025-12-12 20:48:16.008702,Left,39.426657485938904,42.08552830026065,36.79285700701075,42.595730336165616,20.297980170214032,30.750684160788296,34.815633916411116,38.18582848937331
2025-12-12 20:48:16.012718,Left,13.072080660107076,12.787252610147789,7.7498417197675735,12.543810080102048,21.986480126894094,1.4082757359428797,3.5984771498701775,10.01680859046428
2025-12-12 20:48:16.016728,Left,-5.035477148631344,-5.068549218652606,-6.85079747751297,-6.260966729128086,0.6029167741480705,-14.087821690505734,-11.617662995071896,-5.968606654864743
2025-12-12 20:48:16.019723,Left,9.123700040493077,11.989662261394642,14.266505549343492,10.430664584711849,-13.349437826283065,3.559483923821972,8.813531928357861,11.147107766011686
2025-12-12 20:48:16.023725,Left,20.354823182481596,23.62151923356305,27.532317441557097,23.254490008824177,-1.2689958902019498,13.724160500179096,20.21065266308142,22.804092160196888
2025-12-12 20:48:16.027762,Left,1.169065474600302,2.1562822197383866,6.486624428356663,3.5872542219267416,10.283298441948318,-7.3941385334383085,-2.42475511518478,3.5741364452524067
2025-12-12 20:48:16.031761,Left,-17.401648562550236,-16.729575426183146,-10.18508205078615,-14.741610641204261,-1.8042493633111008,-23.289430620536223,-19.25896321122036,-12.792850622751757
2025-12-12 20:48:16.036768,Left,-5.50429426220694,-2.9736292815000525,6.6916633201617515,-1.774064249184903,-16.739809438713564,-7.6479534501786475,-2.5137037295521623,0.9524003812493902
2025-12-12 20:48:16.040721,Left,8.850530836930375,10.751792271895738,21.424496847306727,11.344040073798624,-10.559728888988502,5.353123815334584,10.98624593607974,13.546877024428795
2025-12-12 20:48:16.044798,Left,-6.835921039693176,-8.192784575683618,1.7538628653983324,-7.395871996706774,-0.1127708578619604,-13.871375775283013,-9.30785924819611,-4.708926107620755
2025-12-12 20:48:16.047794,Left,-26.306709068371447,-27.972651504792793,-17.90630723898903,-27.109258293095536,-8.555773801760097,-32.12600029000987,-27.13136736124534,-23.1577153541175
2025-12-12 20:48:16.051819,Left,-11.153159043968117,-8.78746778272125,1.6817285169818206,-8.581663946366916,-18.860013114948288,-12.531942274280027,-4.600873451375264,-5.287673091968827
2025-12-12 20:48:16.055830,Left,17.308192650131105,22.42969708552937,30.92298785555431,21.949579698885827,-5.088201694854433,16.786166482450426,26.13787806801065,22.84044989994436
2025-12-12 20:48:16.059854,Left,14.219413844116161,17.905381290784135,22.986196954971092,17.20631563529696,15.8092776025087,11.663248138273048,18.435381260981785,17.59169343787289
2025-12-12 20:48:16.063865,Left,-9.93766603682866,-7.5798674843817935,-3.4159312233459787,-8.508763233307945,10.715835953393707,-10.668092535373034,-6.995854628367397,-5.4905012239523785
2025-12-12 20:48:16.068880,Left,-12.04880121970018,-8.020584221971603,-1.772774720072448,-9.225095512000507,-11.036895531031632,-7.162067861697778,-3.6316951203336885,-3.673052969289529
2025-12-12 20:48:16.071873,Left,3.4346840472255735,8.26381343198591,16.012948124996,7.7245849046073545,-15.04657800128507,10.695534531032536,14.831910125724107,13.445059971918454
2025-12-12 20:48:16.075958,Left,-3.8537977020628205,-1.9716935716601256,5.465738973603038,-0.6814862503885024,-3.3139610253776937,1.3753565247461665,3.5714889873643187,4.698382743282309
2025-12-12 20:48:16.079979,Left,-30.44800205247998,-31.097253155074213,-22.715966123760154,-28.296327542764743,-6.684531223457839,-25.205553101809983,-25.718519933642483,-22.21820831769128
2025-12-12 20:48:16.083962,Left,-32.33919765121573,-31.102794746338077,-19.09850731028928,-28.433685597494843,-24.267611927048108,-23.46556607434877,-24.10873224260058,-22.471198885558806
2025-12-12 20:48:16.087911,Left,-6.408831828036455,-2.271037452652763,12.943647049280116,-0.9352100794281455,-24.298663931247134,3.217036421899138,3.629676783440118,2.9993710721773823
2025-12-12 20:48:16.091985,Left,2.6272673512216898,6.105565063107406,21.81141459135415,5.859972422024455,-4.471584560080714,7.762258079772437,7.111022267911494,8.694331712046733
2025-12-12 20:48:16.097001,Left,-16.481507357980718,-14.795725942652098,0.6834293818674269,-16.94676883372327,1.8482167928318063,-14.465070447894504,-17.063311264307913,-11.976436572397688
2025-12-12 20:48:16.100011,Left,-23.197529133121634,-20.04960078559907,-3.781697014623205,-24.595670765873535,-14.27448723904115,-19.218108526460583,-21.162388865971252,-16.83106225870779
2025-12-12 20:48:16.102992,Left,-2.509070067703078,3.090989533967786,18.903503482742053,-3.4014343314788675,-22.116834668599495,2.437775657864222,2.8032959459071662,4.277648650546325
2025-12-12 20:48:16.108004,Left,7.85678628259825,12.18003576929641,24.39588150187683,5.016371725230442,-8.368562170416226,7.997248066110842,8.530412992605193,10.625360357043064
2025-12-12 20:48:16.112060,Left,-9.789830317950646,-8.47000713279067,-0.34631706240179483,-15.807400232009968,-0.18847890103484133,-14.834978094252165,-16.043140938903775,-11.338357339025606
2025-12-12 20:48:16.116036,Left,-18.912921188351675,-16.8537203996043,-10.235679897209593,-25.033326801599173,-12.764169325009561,-23.407770262369013,-24.63164586999278,-20.882828171770598
2025-12-12 20:48:16.120061,Left,2.5284416508354752,8.156371538414533,14.479017124828715,-1.0394227958481679,-20.204191791386393,1.083424156071942,1.7110979134643003,1.9973430082800405
2025-12-12 20:48:16.125055,Left,20.132262809607028,26.54701499187422,31.23675615081538,17.581754800538192,-4.04977578677881,18.95608320803467,19.674083401369444,19.869588383811788
2025-12-12 20:48:16.128035,Left,5.91292355775272,9.947019590884793,13.037491485220016,2.5340584507914627,10.803453752273072,4.851321844723316,3.3298505210545954,6.649016351838782
2025-12-12 20:48:16.131039,Left,-11.524547348042233,-8.24799558160612,-4.206873083191567,-14.064007977909114,0.13482107300615098,-8.425872145710855,-10.83950168066292,-6.966359147285857
2025-12-12 20:48:16.136107,Left,-1.3880428569882497,3.361611975154574,9.193285614607248,-1.6449838111539066,-16.186982331989384,5.6301445630138005,4.924823435864141,6.116221798558399
2025-12-12 20:48:16.140107,Left,13.213711026813144,17.242471600300178,22.198722052200992,12.260387382899125,-11.141417346431354,17.573402599929068,17.901278266305667,18.580049656598476
2025-12-12 20:48:16.144144,Left,1.7547929880938682,2.4445065846198304,4.6880927181919105,-3.3964443789793677,1.2911329913822556,0.3082165531741339,-0.4542519995056864,2.9638780644095277
2025-12-12 20:48:16.148153,Left,-13.992538705749894,-14.31419100234325,-12.811541484755253,-21.817475528834848,-4.8810995961416666,-16.276731126168215,-17.09986147169616,-13.012063596346252
2025-12-12 20:48:16.152161,Left,-1.1351505506488593,0.9340147266634631,3.938596140139907,-7.70867069155247,-18.139504892376863,0.1874631597156622,1.9153787183829536,3.0154765061379294
2025-12-12 20:48:16.156161,Left,19.878331856368277,22.643274736278272,25.966170023682707,14.935601440412483,-12.342657510965637,22.338296622310736,25.759539263339434,25.526832018525056
2025-12-12 20:48:16.159117,Left,10.386216655989301,10.193427008838626,11.604293992997782,4.9022120072404505,2.234540884535818,10.988824802544968,12.711891208921884,15.055998265444941
2025-12-12 20:48:16.163189,Left,-15.23443573181612,-17.246860623923112,-17.39493628486798,-21.01659576643351,-3.087054170931424,-14.144702622582827,-14.48847823982021,-10.899561030877521
2025-12-12 20:48:16.168209,Left,-13.862269151712098,-13.820789985298234,-14.190406740126718,-18.110232608071783,-20.518776166642056,-10.507625013905908,-9.875409406558617,-9.482705019847344
2025-12-12 20:48:16.172153,Left,10.500381288472909,12.277529178397344,10.886150008242566,6.541545249135652,-17.289718088752124,11.704105722807071,14.523249808093055,12.266855423477864
2025-12-12 20:48:16.176224,Left,16.70755744889948,16.736667457101703,13.072310508415711,9.91406429546123,4.9409689154408625,11.825219350686893,14.793094078916056,14.615039324831741
2025-12-12 20:48:16.180249,Left,0.7495245975337639,-0.6670263316250384,-5.12940886898258,-8.181184032810961,11.54017018588911,-6.238930338763112,-4.022147213829328,-1.4979610162758945
2025-12-12 20:48:16.183243,Left,-2.558334147012374,-1.5327503882808742,-4.556255182853306,-9.538967734556081,-4.518007927521467,-5.683768735481408,-2.5252316818228735,-1.4164291070651416
2025-12-12 20:48:16.187257,Left,11.197997540242795,14.97201686128028,12.356284579340127,7.146777568012112,-12.98752726760722,10.571903056904375,14.75065570907796,13.424762667691311
2025-12-12 20:48:16.191308,Left,8.788977789507499,11.159617745840478,6.104642468952079,4.340890187071182,-2.7425880462851637,5.600328540105238,7.8379432669886455,7.758753722259826
2025-12-12 20:48:16.197306,Left,-13.130460525898343,-13.701098820086827,-21.172876880377544,-19.60250973767188,1.2762872868306658,-18.117173007862675,-19.039672790691498,-16.88874778045897
2025-12-12 20:48:16.200246,Left,-16.15695120034843,-16.49700452513298,-23.958119441143026,-22.26068128142697,-10.712475254258607,-18.177492648159387,-19.350720160767125,-18.943573627504975
2025-12-12 20:48:16.204313,Left,9.390094499637598,10.91003008742291,3.6343322310108306,5.047348556013276,-13.376523125310996,10.08188698964932,10.900836589906731,7.996605770332735
2025-12-12 20:48:16.208324,Left,22.054874798492165,22.933763345676653,13.628545157065673,17.192040105819615,3.345546816703063,21.023585521420955,21.900856122761866,19.759042205887226
2025-12-12 20:48:16.211315,Left,1.6445139514748917,0.9465120741938335,-10.28664492425878,-5.221738023763919,10.857789982825125,-1.023578330334658,-2.0285777655098514,-0.8898073768158383
2025-12-12 20:48:16.215348,Left,-13.418466530938531,-12.439398549129237,-22.485270410213616,-20.218531590339353,-5.8501778982117685,-13.386079112825882,-14.183170626556489,-13.21137674566046
2025-12-12 20:48:16.219356,Left,4.823209243983911,8.821442813426529,1.1182363175571481,-0.8185784039537793,-18.07613424552801,7.198582807665389,8.968959190470798,6.903992137532043
2025-12-12 20:48:16.223311,Left,23.44150687189176,26.47241122053174,18.527907994865927,16.106339087191373,-4.761224852873056,22.742135206818602,25.079533586976368,23.01550935432772
2025-12-12 20:48:16.228381,Left,9.72217522122537,9.022335590184866,-0.8895325713137936,-1.028072286060251,9.00870178210971,5.277098963129902,5.011621091011193,6.250682258134049
2025-12-12 20:48:16.232386,Left,-10.708078661928539,-11.490532347375392,-21.582237672574593,-21.415460957194227,-2.518295510504686,-12.77312240413994,-14.774948792491386,-12.546351931824049
2025-12-12 20:48:16.236406,Left,-4.848680329902891,-1.4902687259186678,-10.112554434521371,-11.864033556974846,-20.17311131601582,-1.7082244894309042,-2.6677833362672345,-2.610147607102334
2025-12-12 20:48:16.239423,Left,7.306653424013348,12.757415300731282,4.436282649559871,2.134027531693391,-16.121814338614968,10.587812136827779,10.375617969276277,10.378184711810775
2025-12-12 20:48:16.243374,Left,-4.790446321955187,-1.6566610227564524,-10.588051103694852,-12.03941537906121,-3.4494358422016376,-5.610948699457367,-7.057056630666239,-3.9517699693535633
2025-12-12 20:48:16.247452,Left,-20.861463378713324,-19.713177042935968,-27.54005982499075,-29.89945605916273,-8.648818697275601,-23.08047282432244,-24.95656207670504,-21.11221311716008
2025-12-12 20:48:16.251466,Left,-6.835348272174542,-4.890458846094134,-10.49497452732976,-14.872005264940526,-20.472934467607956,-7.62613515227622,-7.629426716080161,-7.090543050223687
2025-12-12 20:48:16.256482,Left,18.65973601125779,20.236707709652364,14.771117432195751,11.15998204878224,-11.9274821112258,16.262344543608833,17.145160338767482,16.18559590492896
2025-12-12 20:48:16.260435,Left,14.976352020107697,13.08953320743558,5.935251391712882,5.292793990875907,6.495550463611835,8.404147151375128,6.702573796886554,8.978918876317948
2025-12-12 20:48:16.264512,Left,-6.629278835704554,-10.508851214766764,-17.47801949841869,-18.019622997027,4.439683612828048,-13.379723436031327,-18.022638188147766,-13.354583474855644
2025-12-12 20:48:16.267530,Left,-4.060098467343323,-5.669390862637556,-10.03915742940353,-14.128897101626535,-12.088828383965847,-6.901095480955064,-11.15033133743691,-9.176924664778426
2025-12-12 20:48:16.271540,Left,17.36903536105092,17.857343552172097,14.610802872603017,8.70634397309641,-11.808904211296976,15.244337125838229,12.853259882686416,11.519214971607198
2025-12-12 20:48:16.275569,Left,16.339135085886028,15.006496192435861,9.702469775405916,6.446241692337026,4.651182503056589,10.069834205314237,7.385072364392272,6.934532422053962
2025-12-12 20:48:16.279563,Left,-5.452471869147757,-8.886611925788657,-16.189652525354177,-16.324715269639,7.834307587560943,-13.772912886585345,-17.841652584009353,-16.371738374937195
2025-12-12 20:48:16.283532,Left,-5.867522017318606,-7.535443361122816,-14.512142397099524,-14.300354735800283,-4.545876863720878,-11.071812300088823,-14.671197607474596,-14.603593401332091
2025-12-12 20:48:16.288584,Left,18.823362901629935,19.891414953193816,13.194856985111983,13.65559153517188,-3.4572217358063426,16.105345749513162,13.605561989843864,11.739629843402781
2025-12-12 20:48:16.291626,Left,25.696816957273768,26.096201298728374,17.64124459850973,20.824860337606424,15.562836889933351,21.38687099261142,17.576011663016516,17.408075034422836
2025-12-12 20:48:16.295623,Left,3.201963576639173,1.7036974504594582,-8.21372534990769,-2.787744487463442,21.179905670693188,-1.9713192104986774,-8.160752811422071,-6.083290672263047
2025-12-12 20:48:16.299637,Left,-7.85715310021078,-8.162081831441355,-16.98384082427401,-12.907200525743974,3.2449500887651084,-10.176282892707604,-15.9773917415298,-16.1322919231211
2025-12-12 20:48:16.303638,Left,10.919789431664867,13.014717411720994,5.740657431137151,7.540636181455284,-7.201166827329871,10.061328524090186,6.8233201896175615,2.703777897202599
2025-12-12 20:48:16.307644,Left,23.45433404817277,24.52351200610815,16.58590402469963,18.90306604463285,6.668467205973684,19.03560118329051,16.4557573872753,12.808658446965183
2025-12-12 20:48:16.311673,Left,8.062400702097875,6.035021477447117,-3.252149549594833,0.6616959471280097,18.314684360271713,0.18239221936710237,-3.935585893215375,-4.025297524136022
2025-12-12 20:48:16.316697,Left,-3.2992633708454377,-5.617540518684564,-14.393752772641164,-11.139436697600104,7.362285667213655,-9.777378072609281,-13.968704873303977,-13.691939078726136
2025-12-12 20:48:16.319673,Left,12.099626293762867,11.710494800574907,3.8996646256819076,5.91579107067264,-4.74897683823383,7.672323941549166,5.45100539861869,3.053873894274602
2025-12-12 20:48:16.322663,Left,23.022664534577416,22.152602317740048,13.123847329499768,16.859097343584835,2.68373717340819,16.426180134345486,14.641672840233241,12.307295948767205
2025-12-12 20:48:16.327722,Left,2.3282393694848906,-1.10723470058565,-12.14011329260029,-5.2771195600716965,10.183662581202952,-6.4081046205474195,-10.301516317417736,-9.537781373687721
2025-12-12 20:48:16.331708,Left,-20.783628788992246,-24.037884645214035,-34.693492743615934,-27.456259688707178,-4.094180128648986,-25.73354600751236,-30.72925542956,-29.64301075459116
2025-12-12 20:48:16.335712,Left,-12.538553645039656,-12.61298737930315,-21.390319664094932,-15.755679080702976,-20.642086656415813,-11.28355225147061,-14.716900436872493,-17.24016590022893
2025-12-12 20:48:16.339741,Left,5.323183160050348,6.469922126228994,-2.3235837067149987,3.9789568238215907,-12.124093214374625,8.359710487226948,5.9746135212367335,1.3799489201664983
2025-12-12 20:48:16.343768,Left,-1.7435607648560563,-2.389745838693557,-12.708558573474875,-3.693743159598853,7.186777575835549,0.6134225857899764,-3.2049728688116375,-6.382118997298676
2025-12-12 20:48:16.347788,Left,-16.89508993229856,-17.787003693775034,-27.669079025850806,-18.18329930349546,7.337257279235928,-11.22295176514308,-16.082199301095898,-19.03742786980456
2025-12-12 20:48:16.350792,Left,-6.366234417218948,-4.6825097101263395,-12.119205482498728,-4.739971084673471,-4.588930359648657,4.8037254953706,1.5035145307228959,-4.339188478405049
2025-12-12 20:48:16.355804,Left,13.376924689246835,15.875140702473232,9.31199275243307,16.25917625961256,-2.0092011589395042,24.8684980651542,23.162379979256002,16.182784125549006
2025-12-12 20:48:16.359814,Left,3.034131142925844,2.8774035367906734,-5.15217511964147,4.073682927318259,8.114586062462877,10.176316004497039,7.7482425883044925,3.9268307168767933
2025-12-12 20:48:16.363770,Left,-26.4754285533661,-28.054121671515702,-36.67335643257866,-26.2989655231695,-1.9580111088425838,-20.76934397856121,-23.753516763996686,-25.15338581769629
2025-12-12 20:48:16.367842,Left,-30.2731607507626,-29.479121482520043,-36.68742064883736,-27.64780548245517,-24.763653302671628,-22.09015564972833,-22.671473748630888,-26.309331678315175
2025-12-12 20:48:16.371866,Left,-7.099082211497262,-4.663158978044294,-11.417699623661974,-2.5984039439131266,-25.36303711090568,0.5099718097180812,2.9686508419763413,-3.5139692505017592
2025-12-12 20:48:16.374876,Left,2.5172573604212403,2.2134043505021737,-6.4073148752286215,4.875748741410462,-2.4761313643011817,4.689724270331681,7.2914642988289415,1.8276847449278648
2025-12-12 20:48:16.378958,Left,-8.278524912092962,-11.898449058998722,-21.826003776019206,-9.114682513026764,9.134370287804813,-9.99985358093545,-8.500714943036655,-12.090840898357783
2025-12-12 20:48:16.382942,Left,-5.042191777543735,-7.975635585645591,-16.86081808088602,-6.131072575663893,-0.529319381278583,-6.625946442257373,-3.682816175949938,-8.736556802532505
2025-12-12 20:48:16.387947,Left,16.014752145869693,15.360379744008355,7.338396394619849,15.850317879322574,-4.351373191270795,13.118967161878572,18.803314213048452,11.838024314938593
2025-12-12 20:48:16.391937,Left,16.31029821643972,15.185754896622939,5.93397653116881,14.719905300543815,6.887383965253321,8.635223152522485,14.127488072709639,9.241115912768691
2025-12-12 20:48:16.395946,Left,-11.130425450433336,-13.707021175508885,-23.88631484610596,-14.82875908455344,8.222318865783564,-20.673791031966175,-17.860376770255698,-19.584473267929752
2025-12-12 20:48:16.399966,Left,-22.447899274255747,-23.64068162583237,-32.27670488820331,-25.293585037196863,-7.92208590131122,-27.628461567804607,-25.849074030747033,-28.677040141606085
2025-12-12 20:48:16.403966,Left,-0.2775161919032598,0.47113960680553646,-6.41640596563775,-1.0710858267043477,-13.60670511882472,-1.4843317755971839,0.9896899701520852,-4.936137536330534
2025-12-12 20:48:16.406992,Left,14.229343893545092,12.90941129781504,5.354826980483267,12.21286617918986,2.609975530763222,11.094720998310095,12.139768222845305,7.146881977310841
2025-12-12 20:48:16.410993,Left,-3.641656881319591,-8.846447183876762,-17.616124827552994,-9.095235642848138,12.134699216441732,-9.615994693067023,-12.26814539201996,-13.664833774412728
2025-12-12 20:48:16.415014,Left,-18.252803142361245,-23.292952604611173,-30.861036952632276,-24.373920809621268,-2.3662460690284206,-21.865280129085022,-26.253827025287592,-27.75695302765962
2025-12-12 20:48:16.420034,Left,-1.2805959834162195,-2.8339569817896972,-8.128266128847827,-5.170607574069663,-15.220246497730841,-1.1717713944481147,-4.227759458295623,-9.22528873750798
2025-12-12 20:48:16.424023,Left,16.28590551700927,15.476942814418408,10.44569150393545,12.87462566384238,-4.682351549124178,14.84006316942805,12.56439275699131,7.007709857272857
2025-12-12 20:48:16.427999,Left,3.3806569021073756,-0.2599372187046356,-6.066726235470924,-2.2326067842557222,7.693996159118797,-2.383239406346547,-5.816751200954059,-8.284409612330819
2025-12-12 20:48:16.432080,Left,-13.265031033164178,-18.026426466751445,-22.490902509434818,-19.687311419427488,-2.485291113593121,-19.27152103136359,-22.685515721791944,-24.315118167816763
2025-12-12 20:48:16.435022,Left,-0.15312946776799663,-2.7112705149511385,-4.525909883665008,-4.6710654985161,-17.274268941669106,-3.1917429666432326,-4.2558103239075535,-8.620236922038202
2025-12-12 20:48:16.439088,Left,19.692716253837546,18.179927416456394,16.776258695914294,16.196825986721592,-10.012092792918338,17.11093045160078,17.29965828771583,12.2957233436955
2025-12-12 20:48:16.444080,Left,9.620623663110166,6.143049461214559,3.1619764066126663,4.748748205178117,5.0263805327304,5.768967268329561,4.516787921254945,2.8697053366413456
2025-12-12 20:48:16.448069,Left,-12.21589116701415,-16.593560739079294,-19.438329218686704,-17.54549273042062,-0.8025025305969393,-13.727540833948296,-15.639246345581796,-15.56539827657707
2025-12-12 20:48:16.452122,Left,-6.995175971644926,-9.083607254815433,-9.54101561942116,-9.992839513400895,-17.37123368891116,-3.722743959118361,-3.287729544101694,-5.999512913554099
2025-12-12 20:48:16.456127,Left,12.02339933569408,11.704390516889362,12.497215500190578,11.32349297490282,-14.99588475812925,16.327442049559522,18.80609792299083,13.930253503627682
2025-12-12 20:48:16.459133,Left,4.091669090479968,2.7184568886286797,2.4531944918817317,3.503769683997689,-0.11907456633343827,5.981125592664284,6.982250800367183,4.187288993869515
2025-12-12 20:48:16.463144,Left,-22.69888564210541,-24.546712452497104,-25.504392269263917,-23.376531086688768,-3.208024992625724,-20.362696505583244,-22.122053040638775,-22.99153372908495
2025-12-12 20:48:16.467172,Left,-25.092436854464864,-24.592611978811647,-24.80732126636758,-24.55299488710338,-20.927393068712263,-19.305286354217515,-21.643496849875646,-24.690489289630023
2025-12-12 20:48:16.471163,Left,-2.819455152282046,-0.8523865329216278,-1.3967627178099065,-2.2167122996263515,-20.773319187863308,2.444023025343995,0.6371156995744514,-4.708688085084759
2025-12-12 20:48:16.476183,Left,2.656549838261327,2.4407359116323732,-0.3859189160484675,0.4073541711219377,-0.7698725709951759,2.0552461244419646,-0.7785882190137272,-4.0679470442892125
2025-12-12 20:48:16.483202,Left,-14.760602722109127,-16.730766965381463,-20.730084282313328,-19.518917147660545,6.72363126921482,-19.20525728287521,-23.240066784301916,-23.583590056074172
2025-12-12 20:48:16.487219,Left,-15.88720265020521,-15.048006812224457,-17.390768187895446,-19.348153148100778,-5.214283395041093,-18.65158356201391,-21.045216773278298,-22.670060219069455
2025-12-12 20:48:16.490228,Left,8.295499721766674,13.114226022240928,12.484395845605832,7.7502675968601125,-6.5670872288842475,7.020288329718369,7.741663355202945,3.298204516914666
2025-12-12 20:48:16.494233,Left,17.80985411388656,22.777352449569435,21.520989372962504,17.96285653797895,11.787303926729692,14.366611381747589,15.869954687729887,12.58996323471547
2025-12-12 20:48:16.497261,Left,-2.4062310422973496,0.9773046423947562,-1.3357156218935415,-2.6222834129073362,20.01740064844853,-6.281462514737086,-5.984782662579846,-6.002299146221958
2025-12-12 20:48:16.500264,Left,-14.786848124505013,-10.098613261772925,-11.78882515794976,-13.342693171754718,4.572312379331834,-13.613187572389961,-13.111817469658263,-13.533968294266742
2025-12-12 20:48:16.504285,Left,1.4379969277952682,8.477332047763866,7.135120748453119,4.858520993468574,-6.119785129119919,7.453891084064253,9.395417795547473,5.780413858861721
2025-12-12 20:48:16.508233,Left,14.174926496492276,19.712061578033854,16.153659297960985,15.935401574847674,7.004093952102721,19.23414112609862,20.559984562221757,16.54821465631312
2025-12-12 20:48:16.511293,Left,0.29985680223313693,1.7014794850226735,-4.469448198784448,-2.048923531525361,19.49619832385997,2.4369729752133935,1.290266274811188,-0.26591586972108416
2025-12-12 20:48:16.515294,Left,-12.77667044120625,-13.00434494828437,-18.904475836641723,-16.98701372548203,8.32160755988616,-10.008926484241783,-11.721693761182564,-12.911947964503725
2025-12-12 20:48:16.519292,Left,-1.832410453333182,-1.3689043977437905,-5.2786705855669425,-5.239200990459267,-7.403634150131893,2.323060043530404,2.4642899399107137,-0.7251336840199656
2025-12-12 20:48:16.523311,Left,7.329109925101022,6.387402317161786,2.898061764868544,3.957684428180073,-3.3002772968839054,8.925829064767186,9.662461585160429,6.867748037534511
2025-12-12 20:48:16.527332,Left,-9.087075873307299,-13.056389609706912,-17.409419443405568,-13.110765256946706,6.566933599413005,-10.359138447498026,-11.259268436636091,-11.051226556242
2025-12-12 20:48:16.532335,Left,-23.171755879022612,-26.937869044761555,-30.897520951122715,-25.09834295193832,-0.2283843215473098,-21.784837177249756,-22.801329994275875,-22.39270718876105
2025-12-12 20:48:16.536345,Left,-4.683723895301171,-5.249677005523154,-8.189096780437467,-2.459762456266162,-10.35360498557884,1.421630087448193,3.570254070279333,0.3887948129963661
2025-12-12 20:48:16.539303,Left,19.785929077650394,19.769548467891582,15.666588483245505,23.270151808555056,-1.4756814709612627,25.324036629540387,30.429268516490723,25.556856866608996
2025-12-12 20:48:16.543364,Left,9.709745894999514,6.551143040002216,-0.11774348139442736,10.78430436655799,10.937142049219347,11.449147915997855,16.586940917335134,14.175323254105479
2025-12-12 20:48:16.547366,Left,-19.215657716011833,-23.52861744737629,-30.342405205863543,-19.104541115653774,-1.583745969928259,-16.562437867355584,-11.921890929729443,-12.647768014661324
2025-12-12 20:48:16.551384,Left,-23.254660944403327,-24.308548744638983,-28.472186685781708,-20.268964882937325,-26.028654949162046,-15.613004905075286,-9.529540958087892,-11.995479678944776
2025-12-12 20:48:16.555400,Left,-6.141238085994246,-4.702863546781828,-7.112699165507365,-0.7396888099174248,-26.81659741927774,2.1991779658546875,9.258884197259363,6.172472949433995
2025-12-12 20:48:16.559362,Left,-5.85845946971142,-6.358950802600475,-9.184189957542912,-1.9143910558086645,-7.1896921772518,-2.6389406874368433,2.152781131969448,2.412317446198813
2025-12-12 20:48:16.564422,Left,-19.982743562081282,-22.932156434356784,-25.43897201715845,-18.430034161549884,-0.5918172033786959,-20.575546289599515,-18.82994287544119,-16.112878466368556
2025-12-12 20:48:16.567446,Left,-11.537298342483837,-13.76416008770002,-13.86142586114147,-10.03750866426617,-9.635974278891581,-12.101878480936648,-10.614482298857979,-10.271824182428645
2025-12-12 20:48:16.571438,Left,16.017563312640164,14.311048541695754,16.439336732672018,17.60984827410539,-6.3048198460853655,13.969744754223939,16.31376076683273,13.86350970405124
2025-12-12 20:48:16.575464,Left,19.434685088342576,14.453085309188964,17.952420531217285,18.74997425112724,10.688817978870702,12.993171264977718,13.880721106397573,13.233903845937675
2025-12-12 20:48:16.579410,Left,-6.574772586537165,-15.101458058007893,-8.097619500392284,-8.844591739494717,11.241871390302094,-14.10087906915669,-15.390709669092075,-12.767933672327672
2025-12-12 20:48:16.583485,Left,-19.697559041557497,-27.48705618214251,-13.890484729151467,-19.252189867574998,-9.238700403578605,-22.85098441453647,-23.197999192911197,-20.951803787111658
2025-12-12 20:48:16.587562,Left,-6.2173148061476695,-11.612838985606004,7.542118629997276,-1.448810768400108,-18.320271642647526,-6.312190843354983,-3.671155208707887,-3.338902409803609
2025-12-12 20:48:16.592531,Left,-1.3030842164434944,-7.511891784502723,12.806027707593785,4.74270137932308,-3.163576145197908,-3.6724551816369058,-0.06226344747778967,1.3354632278559393
2025-12-12 20:48:16.595513,Left,-18.108208735560993,-26.529833764528234,-7.266340440516615,-12.562257783363748,8.702054652695665,-22.42275314962808,-19.405524490125117,-16.313375164249578
2025-12-12 20:48:16.598550,Left,-21.313345597843636,-28.42832501131693,-9.288444879683084,-13.72733850754048,1.6162253520129184,-22.63993810405009,-17.785024366732614,-17.420596476632113
2025-12-12 20:48:16.603545,Left,4.514817934171106,0.9652895330042952,19.6127302852301,15.865688074585705,-0.8472800138279126,6.029698901235861,14.774567642931743,10.286104704979607
2025-12-12 20:48:16.607587,Left,20.71439815729923,17.807886498681967,33.17520742652596,33.089297365093444,16.41921537046957,19.792154574012784,29.368991123097203,24.40992609191045
2025-12-12 20:48:16.611579,Left,1.3544098616148403,-3.4164677574753526,7.73059114476473,11.924428144075137,28.167828118403605,-2.4993745678311825,3.0702696379107692,1.5788849364449788
2025-12-12 20:48:16.615572,Left,-19.087997846088,-23.213099410216927,-13.801972677311824,-9.177187517727361,15.174824057536512,-20.09970388133206,-19.51144686601947,-19.903105383446587
2025-12-12 20:48:16.619552,Left,-5.170318550772208,-6.049863068375487,3.471904571336381,5.759318957370851,3.134462328407949,-0.9004034759427668,-3.6795795220064065,-6.160747064484326
2025-12-12 20:48:16.623637,Left,19.20217971527518,19.047649467565634,27.716952387233505,29.49173033862462,18.30944924855237,24.872269037420665,18.44959979758005,16.28250884760871
2025-12-12 20:48:16.626613,Left,16.976526831848332,13.90947133467921,21.419273484723817,24.724577048233186,39.228023825092464,22.068543633758054,11.013364788423587,12.769737278915272
2025-12-12 20:48:16.631619,Left,2.9072679667651755,-2.371111947418626,6.416089191843639,9.779133398840713,33.76410342345332,10.458656534805414,-2.991505638147828,0.8124901431551734
2025-12-12 20:48:16.635665,Left,9.323832656642935,3.8003957176972563,15.434498563802663,17.40204031480789,14.563166710373025,19.61360310798773,7.302159017311624,9.411340887476399
2025-12-12 20:48:16.639609,Left,22.472146040725875,14.88515752074818,27.422619575609133,29.965672293361422,13.08281697476707,29.903573316965776,18.44435092817548,20.27321356484731
2025-12-12 20:48:16.643733,Left,11.122945525100022,-0.8794594064181638,10.5046310400312,15.405186032709025,22.815260736061873,12.834067050598605,-0.7738198452498182,4.458092951817662
2025-12-12 20:48:16.647705,Left,-8.512143000443302,-22.22403120770514,-10.823300990880853,-5.753637323132352,16.486090254990472,-7.801538034039368,-23.494519704118375,-16.30544992976411
2025-12-12 20:48:16.651695,Left,1.7984776149073696,-9.15592873218452,3.847400840755654,6.588872997494036,1.447727482280584,5.485734512682939,-8.89756566396045,-4.274619700008316
2025-12-12 20:48:16.654758,Left,30.640595992067574,21.616298494230477,34.434128138807864,36.85436306143856,6.807880938487983,33.91065597825673,21.939963315948717,24.140451594946626
2025-12-12 20:48:16.658754,Left,34.448671632074365,23.15342029979547,32.88078899478796,38.60344426518532,26.879245892592166,33.701487578466185,21.608834292808297,25.211352414075918
2025-12-12 20:48:16.663712,Left,14.309596177111416,0.8759017660545396,7.704714267008512,16.462197769031263,28.69245681692837,13.537345276989072,0.14454260128741225,5.028449655673285
2025-12-12 20:48:16.667862,Left,10.106300525490497,-1.0723363370666448,4.640046311025344,13.92934119988604,10.78030403287812,14.985650307907235,2.3175306413600083,4.674950748635638
2025-12-12 20:48:16.671764,Left,24.44887950632119,16.90017148616471,20.697401235914185,31.093808949402955,4.305940601086206,33.2914106710914,22.230192446057572,22.213775092264314
2025-12-12 20:48:16.674794,Left,19.323381410430102,12.408602593568503,12.16562709336904,26.19559446965104,14.832779066069094,26.69983499722821,15.243860088421116,17.566939199588887
2025-12-12 20:48:16.678850,Left,-8.674994480848,-16.126561956702062,-19.366341247422042,-2.572412174205965,13.637365495210297,-3.0933741274993736,-15.386870576931415,-9.30355203047111
2025-12-12 20:48:16.682776,Left,-17.04653259708948,-22.723347003691742,-25.557207541660773,-9.551839286415998,-5.654660627960496,-10.451669054096783,-20.538475431291317,-14.635327579480872
2025-12-12 20:48:16.686838,Left,5.696195032144715,1.9832628321169068,0.3922727000285704,14.971527735699055,-12.745530554007132,11.553877306959293,5.245073063672862,9.038426135067766
2025-12-12 20:48:16.691830,Left,17.74532081684083,12.722822950338468,10.45749787647992,25.8781334423893,3.379214956600663,18.85960033570609,13.366511408934912,18.251226778771525
2025-12-12 20:48:16.695837,Left,-0.10519577225159082,-6.9623448176635065,-9.944420852126314,5.8786724157671415,13.261318802056508,-1.688089454684814,-9.141744208789532,-1.5161230337462257
2025-12-12 20:48:16.698876,Left,-10.667125819483772,-15.229692384504233,-16.349855035956352,-3.937291003385326,0.6117194269697848,-9.206451909571115,-16.76657584279519,-9.863592769472234
2025-12-12 20:48:16.702937,Left,9.033360250184614,8.639676775809676,10.183393309558596,17.719410559619064,-9.015290682933255,12.78306250944479,8.218064996564863,12.176996430850068
2025-12-12 20:48:16.707840,Left,25.28023620886688,25.182388911848193,27.194494333609782,32.56295115328976,3.072685167900545,24.674466470889456,22.65553003419518,26.793392583161676
2025-12-12 20:48:16.711856,Left,10.905749144001675,8.00861207270691,9.451192315200387,14.485179248911663,13.60895064953911,4.5919274624020545,3.2274850423073076,9.931219600117856
2025-12-12 20:48:16.715869,Left,-5.5878427124016525,-8.610180746723017,-6.042477279744617,-2.685743386287868,0.5608138253012385,-11.47624026550784,-11.405345881214089,-5.4699247675766856
2025-12-12 20:48:16.718891,Left,5.720458483803213,5.781750444392856,9.893632458477896,11.56327425827476,-15.171548431839938,3.5663017827746444,6.527791871985755,8.185516340048707
2025-12-12 20:48:16.722940,Left,21.59529471461974,22.85607564064685,25.792140938655393,29.23420101146985,-7.054410748859482,19.267925954552084,23.472461735538673,23.257014628591605
2025-12-12 20:48:16.726889,Left,10.865343511772153,10.478165487574188,10.650125789673439,17.61344213221855,9.082887577189467,5.702729115824695,8.951937399336202,10.676838294173194
2025-12-12 20:48:16.730943,Left,-6.250043335810005,-6.258818222262562,-6.381957049711673,0.8445261150809529,5.444811530424886,-10.542951519941198,-6.351455215150054,-4.204795378447216
2025-12-12 20:48:16.735920,Left,3.326072301757904,6.98680102534945,9.357673268385042,13.641935160521825,-6.475251934931748,2.6912306974090825,11.472297039392288,10.742474020749796
2025-12-12 20:48:16.739966,Left,20.680572322884927,26.18240833562504,30.425536480492156,33.28224619292814,-0.15222384463277194,20.27845062239885,33.08626247798111,31.437858901071195
2025-12-12 20:48:16.742969,Left,8.368259479509106,11.667078783041688,16.405681223859574,20.105191748920333,13.872180162714812,5.438233437841518,18.299976552803855,19.898481131660446
2025-12-12 20:48:16.746970,Left,-17.89867471698176,-16.06406209654051,-9.413667752407946,-6.970605170481576,7.854811583719766,-19.69636873917989,-8.081830390229698,-4.503606310866417
2025-12-12 20:48:16.750954,Left,-15.486111910680393,-11.275366726560605,-0.9054432088096291,-3.0580976162818843,-9.269126538339151,-12.663629218525784,-0.31292744452730403,0.8185521921682266
2025-12-12 20:48:16.754973,Left,7.533714855677317,14.037255193175042,26.579620824506037,20.687877752081477,-6.713506576571035,11.643544923911577,24.74934251041941,23.958855332587973
2025-12-12 20:48:16.759018,Left,7.1555906048256475,12.658806858276876,24.655943141059197,17.835286521702074,10.863847217225612,8.412359983217357,19.503762670315155,20.99525272936262
2025-12-12 20:48:16.763016,Left,-17.08154683903058,-12.21081980296185,-0.3112157133305118,-8.683852094654867,10.362130415350748,-15.849144688325396,-7.161907723384502,-3.7638710712167267
2025-12-12 20:48:16.768022,Left,-23.9765034578395,-15.885829239403392,-1.897044860684673,-14.057130372451866,-9.722936167039734,-17.87043985335731,-8.349910957941574,-7.739224064995597
2025-12-12 20:48:16.770974,Left,-7.522202888516176,4.036244253072255,19.50112435954634,5.407856563733731,-16.09852593746291,1.7814471108313228,13.656125066700042,10.826166210511474
2025-12-12 20:48:16.775046,Left,-4.871948902056147,6.1698877337639715,20.464083251033117,8.999868894301471,-0.10452109108200602,2.8653570701990247,14.581213148111601,12.749037844012946
2025-12-12 20:48:16.779068,Left,-23.196388260575873,-13.672126564046266,-0.6616878804629778,-8.74910007683502,9.1411242412114,-15.948691348204193,-6.254939607433698,-5.677057674744901
2025-12-12 20:48:16.783057,Left,-25.43573282449563,-13.753071583412748,0.22607677553151007,-7.84186225576741,-0.20690052910686063,-14.203149771009521,-4.989897932050553,-5.956644186829635
2025-12-12 20:48:16.787067,Left,-1.7723746787926302,13.490897575729832,28.831651571973907,19.036368426948684,-2.786679115744846,12.069390915696204,21.713123956160416,17.46617107106431
2025-12-12 20:48:16.791021,Left,9.215632339786453,24.556546929810793,39.85795114023085,29.13469126878408,13.540887135525736,19.804429005463135,27.54126382023196,23.965147916931528
2025-12-12 20:48:16.796096,Left,-9.505638034342496,3.879738258308862,20.130791585002044,7.071035384963579,22.735959273337357,-2.970670696211073,1.4863281869015736,1.4917241417770128
2025-12-12 20:48:16.799099,Left,-22.690316620978138,-8.356338898750437,12.135752870983197,-7.159059786494254,8.255391594842877,-15.8459340551085,-11.83432540023432,-10.606957173113187
2025-12-12 20:48:16.803107,Left,-8.003938554203728,9.288186812986169,34.59658616941624,8.42923882005016,-5.600596483252048,-0.49359552099531356,5.931232027792703,6.4301902531460655
2025-12-12 20:48:16.807063,Left,4.281633808756965,21.454999772782685,48.1910216925362,19.109776924599828,2.0842537765511224,7.77141148965211,14.981407583210512,17.449514309583265
2025-12-12 20:48:16.811091,Left,-9.582920081028306,4.661132415429165,30.37037169425639,0.798567770812042,11.250461733388875,-10.789864193889116,-5.730234960904909,0.4657191811820667
2025-12-12 20:48:16.815143,Left,-20.48772435523904,-6.611185588300941,19.19101228213185,-13.003014666644958,0.22497973783447378,-20.987787477622078,-17.089957023376428,-11.128203093683624
2025-12-12 20:48:16.819160,Left,-1.7062630991135848,15.19291677509409,42.024797438281894,5.781930203090269,-12.63794725353273,1.0346505651582447,6.7108620634612635,8.640679873688441
2025-12-12 20:48:16.824202,Left,17.34563463354607,35.73339571121687,61.62433717044587,24.364516001966877,-4.020635988950744,19.527397680160902,26.662598708440783,27.434851983267663
2025-12-12 20:48:16.827153,Left,2.333860448332416,19.370281970460383,42.68212051514911,7.433722572145598,8.9864136160204,1.9128309074408207,8.199013089521486,12.434671541870784
2025-12-12 20:48:16.830224,Left,-22.884009499521426,-5.383400412471929,16.56572025749938,-17.693237153677728,-0.2917901274704491,-22.02233045494995,-15.862305914309673,-9.711284614672195
2025-12-12 20:48:16.835221,Left,-18.60244954918562,2.7142040141725374,24.05171325737956,-10.48260344119808,-17.755755916808994,-14.177319834298942,-5.389988594483384,-2.086845322004592
2025-12-12 20:48:16.839232,Left,0.4708259526719303,23.998673591969236,42.294594573916584,10.04696851238532,-13.159470431484806,4.396986586789808,15.357354805445539,15.826239682089863
2025-12-12 20:48:16.843260,Left,-4.900172646022497,16.584219264909734,29.83524876915999,2.6418760538354036,4.54117059546661,-4.378362698399997,5.504519090047324,6.640886804541424
2025-12-12 20:48:16.847199,Left,-25.740050214492612,-6.386551923274965,3.9904906658248365,-19.762535261512767,3.3741145250378395,-24.46876955342259,-16.243528613902072,-14.665175883221309
2025-12-12 20:48:16.853287,Left,-23.275150768146887,-3.352796466628206,7.322471403305826,-15.733465361554408,-13.351257212721976,-17.28819484551923,-8.10676423539826,-9.385839686012673
2025-12-12 20:48:16.856298,Left,-2.1949535767284942,17.030981719317424,27.306399654860797,6.330540152062895,-14.293785916718662,4.700102124525529,15.375989685710692,11.658252830107244
2025-12-12 20:48:16.860329,Left,-1.8444891179963179,12.460850153556748,19.56422699185714,3.5562830600515554,1.2577718132188238,0.43013358480266106,9.806238512910568,7.409740843964812
2025-12-12 20:48:16.863318,Left,-22.231522862756492,-12.63133658985862,-8.681386022424704,-21.060254991799866,2.9778319907472905,-22.93193964017337,-16.048117588627974,-16.94795418695898
2025-12-12 20:48:16.867344,Left,-23.818823846756914,-14.211069779542413,-11.403125197963163,-23.8169384404041,-12.81848039270335,-22.85830734989122,-16.239915930760162,-19.24344749859742
2025-12-12 20:48:16.871338,Left,-1.3363922055964395,9.75320663052753,11.149151137644367,-1.2199724346487528,-15.881616844635573,-0.2029147775497222,7.335517172837626,1.929975602334082
2025-12-12 20:48:16.875353,Left,7.38817260549331,16.66221650580428,14.795604186574565,5.328099738025685,1.8114043375335314,3.9450007147938777,10.486625684440014,6.540500132247303
2025-12-12 20:48:16.879366,Left,-6.715994607341372,-0.20215791373630054,-4.513395871346802,-11.451372700195634,11.555812566348322,-13.543224762863247,-8.834425112299414,-10.595424949698668
2025-12-12 20:48:16.883406,Left,-7.325218148667545,0.11939482415982638,-3.7343288190277235,-11.441770040070423,1.6760758663313027,-12.152305994537073,-6.75308507697639,-10.468435762299578
2025-12-12 20:48:16.886383,Left,17.229566673783665,27.269301149918647,24.201762852506363,15.595742992139435,-1.4751534808965516,14.706624019911942,22.448163800750535,15.293651971885538
2025-12-12 20:48:16.890394,Left,28.67701825570566,38.02146148450083,33.346435320923774,27.371735489291723,14.939139125759539,24.30289950148608,32.11309986423237,25.72880462242756
2025-12-12 20:48:16.895404,Left,7.3070324477589566,13.990596003093742,7.240607290585103,4.9255564239520595,23.295031241366814,1.4505373687402425,7.0272832312200535,4.07522596129138
2025-12-12 20:48:16.899467,Left,-11.918199735800954,-4.872987623985864,-11.38640480055983,-13.077336457335392,5.535304631541294,-14.453081331594603,-9.541628425085719,-12.313924997031336
2025-12-12 20:48:16.903437,Left,-2.637154906822616,7.011334111076394,1.356247172858275,-1.070538392931553,-12.1438342050551,-1.832545636220857,4.740227127878825,-0.6564703800609095
2025-12-12 20:48:16.907412,Left,8.13968596247787,17.505734252330512,10.135363446886913,9.738641059007364,-4.973821176878118,6.740044905733612,13.89231300624806,8.58577821183053
2025-12-12 20:48:16.910488,Left,-4.699420059099793,1.5712762736138757,-9.100064370351902,-5.606769191022636,8.020567317415043,-9.887874518517947,-4.119448433591685,-6.62408039980437
2025-12-12 20:48:16.914492,Left,-15.23972283891817,-9.743024295932628,-22.167085995057278,-16.80042770931732,2.012625110144654,-19.591400353504014,-13.891369463308195,-16.237954809565963
2025-12-12 20:48:16.918514,Left,4.125841946464789,11.87193868987788,-1.24072217628418,4.4265539194227586,-6.872276903995953,2.173024395453467,10.077325449025807,4.97217743471856
2025-12-12 20:48:16.923549,Left,27.78116951858874,35.82900816226402,20.349601354057086,28.185287175764415,6.595949047994509,22.94005054688887,31.75430859271728,26.630569826228566
2025-12-12 20:48:16.927539,Left,20.769707008638306,25.88391120660299,7.24875475427325,18.178151155769,26.472952522182823,9.742592828336,16.617910296027958,15.206438321285077
2025-12-12 20:48:16.931547,Left,2.6598493924066133,6.708207628290438,-12.183553310442221,-1.7800272624654099,23.13287758278784,-10.15832649926142,-4.34812692133346,-4.190911735523969
2025-12-12 20:48:16.935566,Left,11.434190339470206,18.54612445377461,2.3714810984456562,8.701056479904764,7.576613024708422,1.6176786177256872,9.720551062423283,7.40143193618178
2025-12-12 20:48:16.938608,Left,31.76235071552992,41.15128660311166,26.812033388046984,30.912928806363198,9.6589059691687,23.648473764145365,33.913664516583594,30.925876429525488
2025-12-12 20:48:16.942584,Left,22.234838117083655,29.674601649796386,14.885523214077693,20.802410076793876,21.511810275847893,14.163945622154642,22.823100479826508,23.78542316216317
2025-12-12 20:48:16.946571,Left,-7.6396640116236085,-2.6894226190984227,-17.673532624154177,-9.628835089869881,12.727844235470911,-11.800210101744597,-6.425816435330262,-2.5634981179323404
2025-12-12 20:48:16.950602,Left,-13.921791193055924,-8.703046609319244,-22.745632705456956,-14.673010177521974,-11.592240278996542,-10.915036827593667,-7.099973373787634,-5.412778726269607
2025-12-12 20:48:16.955601,Left,2.8647341334581142,7.881692732496731,-6.627318944829312,1.7973394537493732,-18.59688749043562,8.67581275218572,11.406538964219635,10.510564937179879
2025-12-12 20:48:16.959597,Left,2.164365013974475,3.419387318422878,-13.572167137030192,-3.1717928590414886,-6.946198116476808,4.607247045036274,4.330039645492889,5.051006054699428
2025-12-12 20:48:16.963666,Left,-19.081824335973124,-21.606903180721815,-39.77382692660467,-28.746737188160296,-7.315548151289477,-19.17135198452388,-22.106182181294116,-19.253775751098146
2025-12-12 20:48:16.966647,Left,-21.241917212185854,-23.593941825658305,-40.093440706070396,-31.09464419055712,-24.039945363403604,-19.58744199394414,-21.520553395374463,-20.79693009793209
2025-12-12 20:48:16.970679,Left,1.3442454168443874,0.21804823448520239,-15.003889944353432,-7.0103591318902545,-28.04446637284309,4.019151453556333,4.254025642920169,1.7340814510407654
2025-12-12 20:48:16.974695,Left,7.419169288399644,4.179809406203901,-12.606682308007294,-2.190822452565044,-13.264868994094286,7.796633158396617,6.435955305533298,4.778553803531395
2025-12-12 20:48:16.978688,Left,-13.927564832887583,-20.465991299341454,-39.229870117578685,-26.277899677712412,-8.675054340948918,-14.186131215341902,-19.882603451697832,-18.911349938722196
2025-12-12 20:48:16.982710,Left,-21.638202061429183,-28.175534442335902,-46.698329747967364,-34.33964546032803,-23.242701811259394,-18.559876356554014,-26.13070799540219,-26.108529414022087
2025-12-12 20:48:16.987668,Left,0.4978140813163918,-4.26636485961717,-22.17258870135265,-11.10386837387614,-28.42552047668869,5.048637075083661,-1.3867012149439688,-4.126095298187465
2025-12-12 20:48:16.990745,Left,12.061042152739901,6.534089491737859,-12.884711677637824,-0.47581585497027845,-12.162209636486295,12.808235612688804,6.278158075977444,4.460972221140764
2025-12-12 20:48:16.994751,Left,-10.28275594147999,-17.66421676502614,-39.01132468767901,-24.667945318984493,-3.377156336709959,-12.469380753595487,-21.380156563198398,-19.94515426167709
2025-12-12 20:48:16.999779,Left,-30.12463745596233,-35.9000141708384,-56.88624134020938,-43.50662033814115,-19.766576575813815,-28.999837750886854,-39.32920859632031,-38.277893776913515
2025-12-12 20:48:17.002790,Left,-17.419449089076807,-19.525266779992307,-39.22599609292229,-28.060485445847007,-34.218180105983265,-11.76493096968079,-21.879981632806448,-24.360417410115588
2025-12-12 20:48:17.006792,Left,0.6199674548633993,-1.2828641429441632,-21.506545863689098,-10.229647851393565,-22.0405071794994,5.053294737718261,-6.229839484199147,-9.311353972486359
2025-12-12 20:48:17.010778,Left,-5.4713058155330145,-10.60805459333642,-32.05036286119139,-19.555406526180377,-3.8062162570877263,-5.508217556769068,-19.50528283444328,-19.782894376074182
2025-12-12 20:48:17.015815,Left,-13.170820846497918,-19.672755227442394,-40.33825856612384,-28.818113325947706,-6.727199140988887,-14.627809862815411,-29.04639354005576,-28.918158514737115
2025-12-12 20:48:17.018828,Left,6.1072347891604295,0.9222899139012952,-18.275143639286398,-8.350127836466527,-15.819259634674381,4.762998917290588,-6.867960112035689,-9.967644323639433
2025-12-12 20:48:17.022840,Left,29.870857346867524,23.72049498590104,3.193404487145017,15.090592186621507,-4.130712929521906,24.763454590507536,14.966473380940442,10.427988883119724
2025-12-12 20:48:17.026852,Left,24.061312947779697,13.513968525630844,-10.406954502766894,6.093260947015551,15.112615413941967,13.664934937846738,2.583462726255675,0.27805093702500017
2025-12-12 20:48:17.030900,Left,6.034849911439778,-7.025778542529679,-32.15073742722598,-13.48449645121309,12.200262181317157,-4.323433845544514,-16.28000809470541,-17.59717574198112
2025-12-12 20:48:17.034927,Left,13.094837938972887,1.6815720479621632,-21.6513277228878,-4.165773852931125,-3.852764302971991,6.656633862142826,-3.0546387602826144,-6.8312119388911015
2025-12-12 20:48:17.038937,Left,33.896637535603986,23.364939978413986,1.2739615585524007,18.36784627817542,-2.140336228576416,27.289687928229796,19.94072079844227,15.085321595305686
2025-12-12 20:48:17.044923,Left,29.331395553926086,15.818431279933066,-7.015626950931619,11.870712464143253,12.192371876586549,17.84442576965739,9.787290636206308,8.168604066862827
2025-12-12 20:48:17.047944,Left,3.8194769291731063,-12.254450712784092,-35.24165520934912,-15.741577700316157,6.98151412646439,-9.76224114193019,-19.305439619816752,-17.916882892209287
2025-12-12 20:48:17.051949,Left,-3.934707334421546,-18.60274022306021,-40.19715373260988,-22.31660463876142,-16.7393209660695,-14.861941497206772,-23.275013762131493,-23.057499861160068
2025-12-12 20:48:17.054969,Left,8.783551808216544,-4.151940346543597,-25.59005056026217,-7.960165312690151,-24.726659175004897,-1.303522294870163,-7.499556836525699,-9.182685700061484
2025-12-12 20:48:17.058969,Left,8.834524922298442,-5.640994853384655,-29.248116618095082,-9.225574273816164,-9.77106118903248,-4.670782626178607,-10.661866266868856,-11.012471225309127
2025-12-12 20:48:17.062964,Left,-5.082228778283934,-20.882006229501712,-45.89598453243525,-24.88876245508618,-1.0554524575527466,-20.306663702281185,-26.763913987811975,-25.51034431370863
2025-12-12 20:48:17.067000,Left,1.960663065917288,-11.03667099037375,-34.9766001813623,-16.611694557932424,-7.986363927750062,-10.760699283334816,-15.392449365573157,-16.09404979696228
2025-12-12 20:48:17.071016,Left,31.523993365035494,21.832105279822827,-1.4627291194483405,14.676467395900545,-5.481306849740577,19.526447568135154,17.344959330626807,14.451336159825587
2025-12-12 20:48:17.075012,Left,40.60390157338952,29.537400118929327,4.369583074367256,22.23553931905917,13.046344264788786,24.698272192979857,21.70050955514489,21.137766750441187
2025-12-12 20:48:17.078011,Left,15.981346479798958,1.434043645881502,-25.21963723681256,-4.651813251042768,18.347697210319893,-1.7339936517037131,-7.861694163255379,-4.693191828314411
2025-12-12 20:48:17.083043,Left,-0.6751553600670377,-14.95248041574996,-39.872302430681884,-19.53474792250745,-0.4771396394844487,-13.233893302218803,-20.403626229546717,-18.17275905959741
2025-12-12 20:48:17.087053,Left,14.100292308313328,2.7428505295683863,-19.577487162707257,-0.43247892838371627,-12.541411101185076,7.975666470299984,2.1277676857580445,0.5263274879416713
2025-12-12 20:48:17.091092,Left,26.87075728790569,15.540902683555032,-6.657737744477345,13.865068130900909,0.7200364400396211,21.90381668100281,16.12435122856732,14.148384138621623
2025-12-12 20:48:17.095068,Left,13.16173853937562,-0.8441101758262448,-24.053114023852686,-1.3396667734577932,13.47981570754746,6.86437023802273,-0.1127754390854534,0.5317461952263329
2025-12-12 20:48:17.099110,Left,2.8691221078870512,-11.644293568156172,-34.090877962291415,-11.778243707925867,4.121671833683649,-2.258120421591684,-7.744566408518949,-7.3412140048531
2025-12-12 20:48:17.103116,Left,20.190943644493927,7.274798152864605,-13.865339798598143,7.271325142542992,-7.00336927819626,16.008270571480352,14.776830014230654,11.95049219498469
2025-12-12 20:48:17.106130,Left,34.661715607673614,20.784737534992928,-1.3413991346387775,21.48110515092776,1.4746908158249425,26.88419980984918,27.575767998873744,24.11346236751342
2025-12-12 20:48:17.110167,Left,17.490455434777687,0.2571791963209762,-23.74459425266832,1.7222803128443047,11.516393372012317,5.576973261490821,3.8628848675680274,3.0277949044511843
2025-12-12 20:48:17.115141,Left,-3.868777917614352,-21.482519023838904,-44.65662453036202,-20.198478370433804,0.5146817931163241,-14.116056126428703,-18.319314416242378,-18.613116676642676
2025-12-12 20:48:17.119139,Left,4.804980805360174,-9.232927998802552,-29.456729868034017,-8.791366611440026,-14.742683375616252,-0.5725638623280247,-4.272347530231855,-7.228911395503019
2025-12-12 20:48:17.123107,Left,23.357361770769785,11.690358323687178,-7.169571436890692,11.882261062910402,-7.87200480692627,19.069435060544492,16.25840819603036,12.838114855409003
2025-12-12 20:48:17.127146,Left,15.877878258077544,3.3849535433819256,-15.963834520167438,4.224336309634964,7.706562878263867,9.878779640569519,5.836752995981442,6.0649459595451845
2025-12-12 20:48:17.131203,Left,-4.535647935232646,-16.824666224052635,-35.22399190747092,-15.239322375267875,2.0292339011593867,-8.63289589060787,-13.829209332837308,-11.007374662357506
2025-12-12 20:48:17.134159,Left,-3.6130902487802814,-12.840292778962976,-28.28902291443228,-10.649424278622973,-17.174211937326618,-2.8586042106849163,-7.043189167782657,-5.3348408370711695
2025-12-12 20:48:17.138229,Left,8.96925641046073,1.291416222054977,-12.288213924926822,4.474703972256975,-19.152910326449273,10.754715438676158,7.3406907057860735,8.772450466236478
2025-12-12 20:48:17.143229,Left,-0.2411509753574137,-10.272015007647497,-23.86064790182718,-5.9376231939095305,-6.524005805864363,-1.5312881553209081,-6.78143668138091,-2.090904236005372
2025-12-12 20:48:17.147196,Left,-21.45789697616874,-33.4252569498276,-45.91257330861117,-28.78503316710885,-8.169507321583296,-23.186654455706048,-30.446581945106118,-23.70271840130772
2025-12-12 20:48:17.151260,Left,-15.223827225984223,-25.342289012476613,-34.632268686684256,-21.282274179719025,-21.961192256670984,-13.46850613632887,-20.027864725036125,-15.967746272178374
2025-12-12 20:48:17.155280,Left,14.076066842793807,6.155981601845269,-1.0289974369152333,9.912803693896421,-17.197665656036406,17.124489723592433,11.71595697646444,12.930300939076915
2025-12-12 20:48:17.158278,Left,21.239400420740367,12.497651899811899,4.740313459758909,16.781629837921173,5.58278234694626,22.158215980515706,14.943023025816728,17.81286162721699
2025-12-12 20:48:17.162297,Left,-0.485702528168531,-9.645862789981038,-17.614633551289444,-4.879799241872206,11.590941723867218,1.5854406860103154,-8.34720137460954,-3.055121628857705
2025-12-12 20:48:17.166330,Left,-8.583705836800846,-13.859334086926538,-19.658555163667188,-9.47094180248041,-5.7084177239121345,0.0391951687670371,-9.395306495773184,-6.300963521600352
2025-12-12 20:48:17.170330,Left,10.255207370325934,9.741281553117005,5.579443842991168,13.421636018532809,-12.319095829507205,23.513447093207105,16.40536806529144,15.328580253474684
2025-12-12 20:48:17.175290,Left,17.696406913728197,17.611253794981167,11.985359967609838,21.06347014525727,4.780891754464392,29.3113637086185,21.73309398186302,20.169184297759784
2025-12-12 20:48:17.179367,Left,-2.9200089295795806,-4.970612123313913,-12.551429150473268,-1.644822421124445,14.551416509002593,6.565005626434413,-3.894999307364742,-3.7251370986296024
2025-12-12 20:48:17.182367,Left,-15.638767894492617,-17.12102559448249,-23.895498713947745,-14.593123172896412,-1.3293835861604748,-4.04472830247505,-15.098954666900681,-16.14913189778781
2025-12-12 20:48:17.186368,Left,-0.07586913856846422,0.03324875457838061,-4.847021930454503,1.5024943955668277,-16.116638515904924,12.599313255765537,4.01628859853372,0.14722361641452153
2025-12-12 20:48:17.190374,Left,10.081079252102256,7.827977913717405,2.8207164859049954,8.992836475059448,-7.820996308111717,17.58506456978739,10.446932367496629,7.781723204628179
2025-12-12 20:48:17.194388,Left,-8.506716321858434,-15.63864526775069,-21.561200334090245,-14.098250668540459,2.788120052531667,-7.080169295357791,-15.294827714853454,-13.638017798954024
2025-12-12 20:48:17.198367,Left,-23.099418687805127,-31.612738600657394,-36.27065150040653,-29.866980176512698,-5.822798279690687,-21.35434234193326,-30.164690510360742,-27.544339037205646
2025-12-12 20:48:17.203422,Left,-5.4438812299983965,-11.720247726671005,-13.945395205748355,-9.916504231543513,-15.858968051312331,-0.03003822537857559,-7.895781612514838,-8.385541713593739
2025-12-12 20:48:17.207438,Left,15.302384282823823,9.213374478984406,7.604268509934627,11.62271206481546,-5.717356700819437,20.343649000273444,12.15436000615773,10.385057151830551
2025-12-12 20:48:17.210465,Left,6.7600873864635105,-2.2917886056638963,-4.352243261240801,1.0058629434633986,8.442901645186794,8.395457815928467,-1.9134272994433559,-1.5595416720434514
2025-12-12 20:48:17.214459,Left,-7.8743325403170275,-17.950849033401028,-18.595656560984935,-14.576279726086796,3.0797140789127297,-6.834885377691307,-17.247272985790914,-16.404503013062822
2025-12-12 20:48:17.218424,Left,3.708129990500538,-3.7951585543505644,-1.9159131523847464,-1.299419350692915,-9.11873802275477,5.769262238732608,-1.1499059647285321,-2.9673216934124866
2025-12-12 20:48:17.222481,Left,20.50051409612115,14.620192934866282,16.680787437315303,16.29114264979853,-4.400508216902381,19.66773799687303,16.011401890991692,13.28693384460712
2025-12-12 20:48:17.226505,Left,8.61950249282745,1.3985676919601246,1.3388374244532315,2.800083015443306,7.161474445951171,2.6250370924622075,-0.7788804588963103,-1.0802959885295422
2025-12-12 20:48:17.230527,Left,-11.400073795607113,-19.142765528584277,-20.114063878434536,-17.901743944375085,2.828293093763932,-18.38882295614809,-21.883958765525676,-21.5849145477805
2025-12-12 20:48:17.235468,Left,1.8356707713446667,-4.198026251284318,-4.0228037572414905,-3.145462278425839,-5.985851301329603,-2.998958189299799,-4.459856439034411,-7.505613457261461
2025-12-12 20:48:17.238541,Left,35.81450458132531,29.427129583988062,29.919462282574386,30.66650311482954,7.454681213253934,29.279022262365395,29.252624087815093,24.272725268971953
2025-12-12 20:48:17.242559,Left,44.4556696326149,34.12605359888221,33.09986758604282,35.74083776333828,32.340881102249114,32.7093116417478,30.5684383688058,28.28332908117318
2025-12-12 20:48:17.246506,Left,26.197713454623226,13.84633977444173,12.126880884432467,15.15990543517637,33.66143637102505,13.702756482374241,8.427642512103375,8.54934830932416
2025-12-12 20:48:17.250576,Left,19.647286838487616,10.876258543161384,10.434232395975414,11.042879822179202,12.57227801659792,12.393978035440227,6.879570325841996,4.953729915270742
2025-12-12 20:48:17.254598,Left,29.874382468213298,25.682141694140228,25.87443624721709,24.87758574745658,4.279550319473856,26.144895581433047,22.164301314120166,17.88322186536243
2025-12-12 20:48:17.258619,Left,23.685031903897652,19.99518134448408,18.854065772164176,19.14464088083514,15.726525820566167,18.313919571832002,14.371185457259344,12.221359234845295
2025-12-12 20:48:17.263629,Left,-0.6721589983008016,-5.273490572526498,-7.0321793970651925,-5.815330388058101,16.53476239387237,-6.943538940108965,-11.381347580967486,-10.275083191958402
2025-12-12 20:48:17.266618,Left,-5.22980003322391,-7.66226095955426,-7.856375494739041,-8.265875327112553,-1.6723723604409315,-8.260054393470455,-10.93213972988633,-10.756703782302793
2025-12-12 20:48:17.270629,Left,16.11445763593383,16.54000416839517,16.85752877514824,15.85777391303418,-8.751437105320292,15.032868154071139,14.613446002531418,12.014878168841278
2025-12-12 20:48:17.274635,Left,22.11083417219288,21.394705322843947,18.739853437211423,21.272061870966354,7.217102633840113,18.167958033534433,16.542352320735517,14.571247418031817
2025-12-12 20:48:17.279655,Left,-1.5547509081798125,-5.254547626300337,-11.16791714014289,-4.397572899304578,16.624376830342953,-7.268249067642046,-12.360660203788939,-12.219921297594738
2025-12-12 20:48:17.282687,Left,-14.236286960676807,-17.34199372007788,-22.969830509406165,-15.627418363155812,3.024186500455471,-15.435874403619891,-21.450437674544446,-23.139914182081156
2025-12-12 20:48:17.286677,Left,6.746341073667281,6.547651288479756,3.1274864744773367,9.282503884957805,-6.294541509023475,11.355515097384796,7.246490655572416,1.5949124461030806
2025-12-12 20:48:17.290649,Left,24.615105104808208,23.883390875980695,20.967984301563774,28.254778739514222,8.329583607588575,29.61953094958062,25.95437762216352,20.74133099663868
2025-12-12 20:48:17.294708,Left,10.23357771830888,5.8331805889247335,2.361442746270768,11.652462959790682,21.759661930022048,12.790807383867104,7.201506518995302,6.433895387190205
2025-12-12 20:48:17.297731,Left,-6.156399346920807,-11.584764750188697,-13.781159174001004,-5.6532168105823075,10.249708021014158,-3.0280726415621757,-9.15641786672495,-8.040365545421992
2025-12-12 20:48:17.302710,Left,6.251036902884152,3.0189934300597088,3.361114851075399,8.308622984986869,-5.755445829376185,11.082351498959724,6.92636506501367,6.42071205917091
2025-12-12 20:48:17.306757,Left,21.0325332851844,17.6622075074265,19.216705679924416,23.176235933865428,-0.671746649662964,23.52299968018997,20.396098768444062,20.419539162096953
2025-12-12 20:48:17.310780,Left,5.046331944631675,-2.1594075966713717,0.07637618417538761,4.592220634536716,9.1939546284284,3.5249909817503067,-0.8813416332777706,2.8127688276454137
2025-12-12 20:48:17.314779,Left,-18.936140012147007,-28.572992540206542,-23.295484106192816,-20.95031777136228,-2.581197238599998,-20.15757978370857,-24.95012528755069,-20.312664598660376
2025-12-12 20:48:17.318771,Left,-14.07905814640435,-22.831320384420906,-12.84453747873522,-15.273575294702823,-21.884576821834344,-12.557951448367021,-15.284707847386017,-14.180297788828284
2025-12-12 20:48:17.322800,Left,2.9369797677500173,-6.003704115355504,6.948449258907203,1.4512588942725415,-19.330477882689593,3.1787246361209327,1.7825398981203762,0.9431010840498857
2025-12-12 20:48:17.325813,Left,-5.454289581251942,-17.261679326862577,-3.150982606798607,-9.470325533750838,-4.402965322817181,-9.149216861620516,-11.968954867177672,-9.9755559336636
2025-12-12 20:48:17.330831,Left,-26.26235554880077,-38.77038475175323,-22.17813793201549,-30.912128094123545,-7.004390332258481,-29.302381018540473,-33.12340075136308,-28.774922457416324
2025-12-12 20:48:17.334839,Left,-20.487031699489307,-29.121628386668817,-8.77427166669895,-21.69005401776485,-21.392550670301716,-18.220532322287,-19.810174012483913,-17.553317244041864
2025-12-12 20:48:17.338801,Left,1.8609467970509286,-3.0522155043236125,18.33058744536811,4.434832198014192,-18.019843757971103,6.965964007404182,8.07912027380371,8.002954548782327
2025-12-12 20:48:17.342951,Left,-1.9784279223968042,-6.844567180414742,11.602752364210573,1.7447741692558338,-0.5013332801681827,2.1014151995414068,2.8947718249401078,4.201441794382845
2025-12-12 20:48:17.346926,Left,-28.993456323154533,-33.72390453900516,-18.484401848435482,-23.723394274029488,-0.07836380143453425,-23.48144440253236,-24.133978374053186,-21.469100242262357
2025-12-12 20:48:17.349931,Left,-35.37949451336681,-36.01030756851833,-21.75724629189881,-25.010655707916158,-17.119476605197633,-23.93932942236097,-23.849664866040257,-23.86500526995951
2025-12-12 20:48:17.353933,Left,-15.230619408222992,-11.079857043652737,2.4440773106498455,0.8179225003023021,-18.55063568258447,0.9061477787290642,2.002250843337606,-1.092061272369392
2025-12-12 20:48:17.357916,Left,-7.889879984082654,-3.0253166764887283,8.580622708064766,9.964137834680514,3.0456058330109954,9.073166744805349,7.400541082439304,5.551209004613156
2025-12-12 20:48:17.361928,Left,-23.41451573199447,-20.213272158885957,-9.364531200506008,-6.626175245573904,16.830191343562547,-4.719975729360158,-11.997520377586625,-11.109805425756349
2025-12-12 20:48:17.366950,Left,-25.922181887835904,-22.806344155098486,-9.919176702243476,-9.63775587262353,9.60607618836184,-2.457745042960596,-14.085868212689093,-13.949394005897375
2025-12-12 20:48:17.370955,Left,-3.8352302925268305,-0.6812111792205542,14.421768071527822,11.87755874949653,6.170561093602373,21.98556122939226,7.7164872285884485,5.69918433669136
2025-12-12 20:48:17.374982,Left,6.7280561705701984,6.7128930149374355,21.784610636766047,19.471440874060136,18.908853359012937,29.341761791283716,11.844161468357925,11.30489748373202
2025-12-12 20:48:17.377988,Left,-10.35778929121443,-14.454624594483903,0.48456007408344703,-1.0984253135211475,24.110306882272198,8.788101494385046,-11.598308131171507,-8.501011008698697
2025-12-12 20:48:17.381988,Left,-21.398076137062162,-26.121193973638583,-8.780750471435766,-12.743166431313512,8.918363594475522,-1.725085307512927,-21.61488444774477,-17.66596224383011
2025-12-12 20:48:17.386001,Left,-7.277913199690374,-10.804895135017432,9.378194892963734,2.2506765467496734,-1.9814859774960496,12.727318862185712,-4.396389686269686,-1.3345810859718767
2025-12-12 20:48:17.391022,Left,0.7539852296649769,-4.232815918037886,15.787815560560489,9.057757166203373,7.966903796299448,17.1488619383872,0.7038636452743958,5.887308171206314
2025-12-12 20:48:17.395030,Left,-18.61478694125981,-26.363443839574757,-8.548272005676836,-12.460191139380186,14.828425760955724,-4.824665837093562,-23.115085145769626,-14.090285342278548
2025-12-12 20:48:17.399050,Left,-34.266860623505636,-41.317932981211925,-24.81893604871243,-27.295985241516973,-1.1879072417486896,-17.215787651817664,-35.93408886603174,-27.18539118735407
2025-12-12 20:48:17.403061,Left,-18.455668787188188,-22.48282706128157,-7.251518291005141,-8.65669499910291,-15.308019990794492,2.6068246900467784,-13.98369851883217,-9.387188051750854
2025-12-12 20:48:17.406065,Left,1.671993086751172,-2.6362739419873833,8.75553598260558,11.546303502836963,-0.9077498344086052,20.607147407574303,5.204283905737611,8.185154245584272
2025-12-12 20:48:17.410086,Left,-7.101038252319995,-14.8824731052664,-8.313817327459674,-0.14170518737228122,19.593092295643146,7.181243416514917,-9.33529548300612,-4.079638214103397
2025-12-12 20:48:17.414101,Left,-24.17676128416133,-32.39968995343406,-27.523410272238834,-18.200978707409377,11.400120899123067,-9.158150033457787,-25.536886882560793,-19.858957787134386
2025-12-12 20:48:17.418117,Left,-15.460104578989558,-19.6527224817346,-13.692927965620584,-7.169997024331678,-11.806868666282753,3.7858539268599998,-9.369690689418348,-6.877032640899415
2025-12-12 20:48:17.423063,Left,1.4499874842585996,-0.15963943772112543,5.125265167400357,10.66245966534916,-12.863476194010218,20.019599404884502,9.454289842185972,10.995648767406237
2025-12-12 20:48:17.427128,Left,-9.268784942483762,-12.34171940330998,-10.780986597323135,-2.8986229193506006,3.445792757194795,3.471175393609883,-7.885359357904235,-2.530359704480361
2025-12-12 20:48:17.430084,Left,-31.636179743476532,-35.05604432326072,-36.731517173280736,-27.918789402121547,1.9218739340376487,-22.492578731476897,-34.642794255350964,-26.805239184246602
2025-12-12 20:48:17.434161,Left,-24.760670473948267,-24.382971180955792,-27.014538350174007,-20.65282541106353,-18.572429327712598,-15.856154565135512,-25.209082380904874,-20.390945462699165
2025-12-12 20:48:17.438164,Left,0.9921108299568004,4.343935901368241,0.5928410164142406,5.369919152433795,-24.99260950674943,6.556159345882406,1.0545929300087664,2.5527638535013466
2025-12-12 20:48:17.442190,Left,0.9638028223453148,2.4258821830644592,-3.6579380192833924,2.799077576689342,-10.53542039713102,-0.8011445240426838,-5.278839814995081,-2.0929821386753247
2025-12-12 20:48:17.446198,Left,-22.58522679843736,-23.728643574062517,-30.373437675063542,-22.591628324117664,-3.595860938030455,-28.122391128285017,-32.611960513727354,-26.520745845960846
2025-12-12 20:48:17.450168,Left,-24.356100868364592,-23.95571445677706,-27.844237644843815,-21.54807987289587,-13.374330484397433,-26.894303150415,-28.549165646350048,-23.979753869963133
2025-12-12 20:48:17.455244,Left,1.0781210616987664,4.375254568338278,3.3056718319094216,8.705872362705122,-16.254813329425815,2.0580367013790237,4.67697317947659,5.771837435165253
2025-12-12 20:48:17.458258,Left,9.27339053515243,11.966091665028216,10.843205556840985,18.803780400774485,-4.711760381209388,9.808685057283583,13.902547780410714,14.85314308791203
2025-12-12 20:48:17.462255,Left,-13.12033986260576,-12.67355016829788,-14.969858643135012,-4.0271616635081955,-2.1746255843881954,-13.093053019405488,-9.742991025806987,-7.45280040363059
2025-12-12 20:48:17.466279,Left,-25.718508689285954,-24.519134238000333,-26.585036392631082,-15.805889332521474,-16.65153636895593,-23.133771115291893,-18.599950542054103,-18.351436819447827
2025-12-12 20:48:17.470289,Left,-9.93170914307484,-6.107889277489448,-7.612221476354534,1.645919851290273,-24.356243875883592,-5.827737313575199,2.0428618684900357,-1.1716556734872938
2025-12-12 20:48:17.474305,Left,-1.315400877589127,2.9005181365173485,0.5972546077919105,10.032669629750671,-15.333872184135544,0.23860796813096385,10.056349690972638,7.363201544652384
2025-12-12 20:48:17.478310,Left,-21.459340162447916,-18.144015616078832,-21.156242617560565,-11.153673905731011,-12.97493086256327,-22.142303291697317,-12.251645176978855,-11.629174580756626
2025-12-12 20:48:17.483334,Left,-38.19942407810231,-33.34748823665541,-35.23290181039738,-26.550818324418287,-28.04216063297281,-37.24012427271373,-26.081375832731283,-24.790867150054055
2025-12-12 20:48:17.486348,Left,-25.75775710430389,-18.23288997351665,-18.653315613450104,-11.350389734007877,-34.34839067239773,-23.4809839544032,-9.492443964891208,-9.888094484607336
2025-12-12 20:48:17.489344,Left,-10.630123924605869,-3.6639412153272133,-3.9707086282069213,4.120045046975065,-16.292778385348356,-11.26928260331988,3.9696744549028153,4.275754572368669
2025-12-12 20:48:17.494294,Left,-19.194556578200718,-15.157366915163948,-14.752104160968884,-6.409581489158882,-1.0098685734974424,-22.635713724484958,-8.24565295077764,-5.409453243687494
2025-12-12 20:48:17.498372,Left,-28.112212421798176,-24.56778847124133,-20.654181706147938,-16.048381878108557,-11.254255407071469,-29.63357950405043,-14.90755110880582,-12.87961142945278
2025-12-12 20:48:17.502427,Left,-11.982476596742345,-6.604034620359926,1.2268437773454934,0.6230635908796103,-24.102651813758712,-11.515484959785681,5.634913506005432,3.8784577649283847
2025-12-12 20:48:17.506403,Left,3.2969198111422884,8.230704499354033,16.611895810703572,14.28314250648873,-13.821334857639158,-0.29516649495781166,18.144690135559358,15.649779130745515
2025-12-12 20:48:17.510400,Left,-13.581750960380305,-11.084209260039643,-4.5373507042640995,-5.815946518340752,-0.4700829770772543,-23.079129118639685,-5.5069299480555856,-4.90143557461181
2025-12-12 20:48:17.514418,Left,-37.84986286155254,-34.127270974706335,-28.07094837153636,-29.948078733297734,-12.584146838820743,-46.9878625515521,-28.7686760531692,-27.365134761336577
2025-12-12 20:48:17.517445,Left,-29.744794899503177,-20.33139114520327,-13.703323470461328,-17.464294549897204,-31.98766445370893,-34.10236140506822,-12.077577800749168,-14.144249467785926
2025-12-12 20:48:17.522451,Left,-5.894841547753458,7.439059372883094,12.176285713325342,9.607499060711234,-24.503729044878128,-9.36612361976222,15.40346089454556,11.30770282864546
2025-12-12 20:48:17.526464,Left,-8.525263946135965,3.974308576582189,4.6911386103893165,5.922312490577497,-1.7974770901491866,-15.49179384875606,7.626860971092583,5.583104242694844
2025-12-12 20:48:17.530476,Left,-28.2557973843941,-16.87662620782976,-17.61762648657168,-15.661648153358328,-0.2811537907564343,-36.378114176175586,-16.273431618897234,-17.642109868129864
2025-12-12 20:48:17.534499,Left,-23.37402880166337,-10.567810254710366,-8.516174801698071,-10.508007686466044,-15.508962838772277,-29.59568717508955,-10.205410302640757,-15.507867777368801
2025-12-12 20:48:17.538506,Left,1.680455130750488,14.611593367417754,20.19145092970939,14.35779251002623,-12.40213323498665,-5.464501523551007,13.558305154035068,5.291679217021965
2025-12-12 20:48:17.542457,Left,5.3627058509373455,14.804321630511367,22.416256280674133,15.339454610557368,8.769736525390726,-5.343285766470217,10.625046539078028,5.09787203496262
2025-12-12 20:48:17.545467,Left,-13.517892279345688,-6.486945541693558,3.6368288465891965,-5.374832872082152,12.950180749037827,-23.070893488846195,-10.673218587398424,-12.182213681358007
2025-12-12 20:48:17.550564,Left,-15.978591655071796,-6.8488918565087715,6.884662688265962,-6.115657041267241,-4.303395089673359,-18.81685775353253,-7.013207453442419,-8.644326763139816
2025-12-12 20:48:17.554563,Left,1.0898647913418245,12.18148726012555,27.097328655523597,12.39707693055152,-8.807709842589247,1.7278117713576648,14.101312935796386,11.20130772847142
2025-12-12 20:48:17.558561,Left,-1.6514166341075907,6.662052479763645,18.613310965876735,6.6902237753365625,7.3893200603761215,-4.728148548318131,5.639150162607848,5.1037618275131535
2025-12-12 20:48:17.562509,Left,-28.570104471455124,-23.519295501908005,-14.749832265588338,-24.440247244438524,9.673507786548726,-35.00633156132244,-27.544358377567733,-25.33974530797059
2025-12-12 20:48:17.565525,Left,-34.883408677029365,-27.72983469161136,-18.819867513178906,-31.183243643587502,-14.484870463595144,-38.8766219449717,-30.857047223718837,-30.908346519289807
2025-12-12 20:48:17.569578,Left,-7.079536401368387,4.0669184785958805,13.891614221400232,-2.3427138292577183,-28.08609420999983,-9.213549281277665,1.5564618600101312,-2.3317875419515985
2025-12-12 20:48:17.573614,Left,10.710117893788265,20.440171097687653,28.18906348967721,12.262292647135382,-6.826592307607825,3.3188503924538963,13.735771544672843,11.62438309249319
2025-12-12 20:48:17.577632,Left,-3.973274948528342,0.4632712802736023,5.063865361516946,-8.442742649279353,18.044721752482474,-18.246548004914075,-11.287260340618559,-7.947335376067713
2025-12-12 20:48:17.582567,Left,-11.749711461308834,-8.726509292805531,-4.102117450616788,-18.384940236855073,11.525209587118752,-26.035806508221867,-19.987696890822917,-16.131179520638398
2025-12-12 20:48:17.586632,Left,14.089975758855871,20.315393464594308,27.051303437510796,10.01615935378436,-9.413213404191538,4.038564071241126,13.253402608748729,11.82576095539207
2025-12-12 20:48:17.590650,Left,33.9940468043751,40.98937996010409,47.066381390657625,31.069112143876964,-9.18968040717482,23.846720778019517,34.8356781549528,30.685222808349863
2025-12-12 20:48:17.593665,Left,10.56883481929981,13.714906983617766,15.64432197795395,4.890692917468641,8.248474021424045,-3.9524268725035654,4.270330220858341,3.590171790682689
2025-12-12 20:48:17.597673,Left,-22.33230817421463,-21.067272032678375,-22.61618460759928,-29.438863818482332,13.505924617528308,-37.583715036809735,-32.07709782666279,-29.642818560178966
2025-12-12 20:48:17.601695,Left,-15.940921405075642,-10.361431084367723,-12.489041742810514,-19.27987390415342,1.0577496402688666,-25.484057703084545,-18.09008849602651,-18.251710737209578
2025-12-12 20:48:17.605696,Left,10.723588769706112,21.842309212392138,19.842590774904238,12.374990267941257,-11.586866584897052,7.677980228667366,18.849719828493107,14.37907027777328
2025-12-12 20:48:17.609718,Left,7.070645335668814,18.6915066969068,15.442860174487578,9.25472705037157,-16.300615128973504,5.987399607982297,17.945327600681594,13.529796927625284
2025-12-12 20:48:17.614776,Left,-22.456478213427545,-14.638699018712032,-19.775577111227904,-23.96259530470462,-15.465843888068775,-26.139676189024613,-15.99797937612584,-16.504083393849214
2025-12-12 20:48:17.618728,Left,-32.19274899253469,-27.898017244724542,-34.229078331984056,-37.472552625806685,-8.448086706012077,-40.67786081031227,-31.336947405501633,-28.558843300404988
2025-12-12 20:48:17.621740,Left,-13.640830727574212,-10.448203872694648,-16.68521844758652,-20.40349456805518,-2.6678348658897164,-25.958634293068826,-15.369479847722687,-12.237886576038363
2025-12-12 20:48:17.625770,Left,0.5148052912300045,4.454971040664532,0.13603962353954557,-5.558594421478915,-16.041559477249905,-10.937864465156963,1.2045001275691902,2.1396169092895434
2025-12-12 20:48:26.381513,Idle,2195.5262676271846,2398.0739238382625,2442.499522214305,2289.183587150982,1912.9121957058048,1922.8357216273457,2236.947258691153,2554.2498150494225
2025-12-12 20:48:26.397547,Idle,11826.646178720232,12918.083533584857,13157.161988897215,12331.639700557427,10311.185023073578,10358.343506830399,12049.341018588686,13759.762324077798
2025-12-12 20:48:26.400570,Idle,27103.989384713535,29606.954675437282,30153.891645992444,28263.204819909035,23662.031310201346,23740.751165963728,27612.2383224443,31538.091138876167
2025-12-12 20:48:26.404578,Idle,33897.799726158715,37033.046274316526,37714.65037808241,35352.58679117722,29678.701490883846,29695.278149363883,34527.903369982276,39455.46288515281
2025-12-12 20:48:26.407595,Idle,22959.36204802191,25094.326710775793,25551.843956254466,23955.712759774047,20268.9738366994,20121.087986906787,23377.407366580024,26751.56235901946
2025-12-12 20:48:26.411594,Idle,2631.6118881288276,2900.311053624813,2946.0049913995026,2768.9212153042026,2617.4044365144073,2325.9924947699183,2668.6898805139936,3122.0321634165593
2025-12-12 20:48:26.415603,Idle,-12647.861529367161,-13784.893777483609,-14047.80982062305,-13158.252291584271,-10732.30872661955,-11047.429695070197,-12890.243360271794,-14650.767263665388
2025-12-12 20:48:26.419635,Idle,-16466.963694141887,-17961.08313092374,-18303.40824039915,-17143.920129916514,-14131.733344190405,-14391.961044802098,-16779.082181306614,-19109.960919942707
2025-12-12 20:48:26.424641,Idle,-11761.762083407608,-12831.686181571393,-13084.077331007458,-12247.741533743043,-10067.810210624652,-10282.011011984607,-11994.1411115058,-13657.813862281677
2025-12-12 20:48:26.427718,Idle,-5077.014107547759,-5537.678839221946,-5659.264362763497,-5286.267465733399,-4250.286927885201,-4437.924362896418,-5192.363308236003,-5894.0039055468515
2025-12-12 20:48:26.430720,Idle,-1436.344920116011,-1563.4639565864345,-1612.582110460964,-1492.8889005191159,-1097.402322010079,-1248.5970326801762,-1483.1492389603518,-1663.2087050006958
2025-12-12 20:48:26.435653,Idle,-2172.999031463405,-2369.152707710862,-2432.9310554921394,-2261.150691728457,-1763.932373259915,-1888.1234352315078,-2231.7142739106202,-2524.3795797092607
2025-12-12 20:48:26.439702,Idle,-5194.69147179171,-5672.106875212747,-5796.818525708979,-5414.272622884251,-4398.608656930388,-4536.045384170255,-5314.183809545473,-6043.692655615276
2025-12-12 20:48:26.443697,Idle,-7156.9230526265455,-7817.263083024998,-7979.941356980824,-7464.362511737738,-6106.548237459734,-6261.15885178512,-7317.174525432289,-8325.748853045749
2025-12-12 20:48:26.447721,Idle,-6393.348511844873,-6983.439368964988,-7126.880040065153,-6671.42033271899,-5471.847376447404,-5594.7586737487,-6535.90427358693,-7434.685344555532
2025-12-12 20:48:26.451741,Idle,-4191.60018336284,-4579.712340287166,-4675.8250550811645,-4378.894020268926,-3595.641003693454,-3666.4812249403913,-4288.900399716222,-4874.987511593499
2025-12-12 20:48:26.455687,Idle,-3036.689481544192,-3321.4022511040093,-3394.462713856017,-3178.862628148636,-2595.906980746542,-2660.7586271420587,-3116.1485306925606,-3535.787360869115
2025-12-12 20:48:26.458718,Idle,-3737.3436778790783,-4088.625286769937,-4176.827376103611,-3911.4889092067024,-3189.540278976783,-3282.185821625055,-3834.757071948028,-4350.874534087023
2025-12-12 20:48:26.463768,Idle,-4785.2272201630985,-5232.256402462721,-5340.550466107321,-5001.51479005022,-4114.6380134281935,-4199.3051214306615,-4897.595925311674,-5566.496566861169
2025-12-12 20:48:26.467798,Idle,-4543.617208322277,-4968.10683236958,-5069.913612781325,-4746.091259026201,-3943.1391506231157,-3981.124006017344,-4642.745383520611,-5286.351954342332
2025-12-12 20:48:26.471796,Idle,-3310.927782601095,-3625.0103033812484,-3702.3298852732405,-3461.788133902708,-2881.9890978221083,-2901.4476066463394,-3387.0595164955594,-3858.3701412347145
2025-12-12 20:48:26.475753,Idle,-2667.504978160723,-2926.211201008642,-2991.482712552068,-2795.2653764898423,-2300.778481425601,-2345.242855570512,-2738.4017243952258,-3113.422816999955
2025-12-12 20:48:26.478793,Idle,-3225.795654011774,-3536.75891535799,-3611.9038567187963,-3379.5244228917873,-2785.481547628762,-2836.9356883101864,-3307.59393694764,-3761.64184455364
2025-12-12 20:48:26.482833,Idle,-3896.2894925877918,-4268.124647768796,-4354.2668473082595,-4077.432996890624,-3404.1432596386876,-3419.006031259778,-3983.4253459461033,-4542.137594938278
2025-12-12 20:48:26.486835,Idle,-3508.8881774813635,-3845.7787805021508,-3923.8362902929075,-3672.6619120955,-3088.6937229081523,-3077.180385176791,-3584.9416505098343,-4095.988100296352
2025-12-12 20:48:26.491873,Idle,-2415.893907923717,-2653.335013835458,-2711.0089282754343,-2533.216516953311,-2120.0616403783206,-2124.093887586496,-2472.994069738663,-2825.7891336216126
2025-12-12 20:48:26.495812,Idle,-1920.4866344539914,-2110.828005735064,-2158.7554859255906,-2014.460091298446,-1675.726088211988,-1691.0289683452575,-1965.036695840652,-2244.1191860297695
2025-12-12 20:48:26.499916,Idle,-2458.9633151066955,-2696.302542020683,-2753.4777637590887,-2571.2787341777002,-2167.7854820666835,-2155.19018107804,-2503.986612859997,-2866.6547315204516
2025-12-12 20:48:26.503908,Idle,-3061.5913707145955,-3355.2120461544255,-3423.942028887919,-3197.5036108331988,-2717.3438799845753,-2677.7064053529175,-3113.9965486909496,-3572.4064364957158
2025-12-12 20:48:26.506915,Idle,-2726.8880548079032,-2993.778277561185,-3056.8389838906005,-2850.9041367588798,-2418.061678284779,-2388.9866903057555,-2779.712740460993,-3191.2910585911013
2025-12-12 20:48:26.510932,Idle,-1756.7380275789183,-1937.3611527762841,-1980.9811463949736,-1842.0051260262262,-1560.8919256589143,-1544.5690161293605,-1797.7492448202102,-2066.6287796471734
2025-12-12 20:48:26.514934,Idle,-1284.8030927206855,-1422.8170275316807,-1455.2082014193293,-1349.6677729352377,-1167.3392433191184,-1127.9530914138304,-1315.430743215722,-1518.9640794305597
2025-12-12 20:48:26.518970,Idle,-1731.0245064650662,-1911.7606268607778,-1952.0177643798525,-1814.3684709778754,-1578.585048649693,-1513.0753914718516,-1768.117487876676,-2042.1744796702405
2025-12-12 20:48:26.523964,Idle,-2284.890328384703,-2519.79093758401,-2571.6770923529984,-2393.704409591621,-2053.823006652645,-1999.2973704327596,-2336.778896901291,-2690.950141157955
2025-12-12 20:48:26.527963,Idle,-2043.0073078182759,-2257.355761913932,-2304.1549476885702,-2143.6070670381887,-1828.9194914859254,-1791.0222348277457,-2094.3438291017665,-2409.1258777835174
2025-12-12 20:48:26.531985,Idle,-1210.3310835356824,-1347.5802298820345,-1375.6694039155263,-1275.4929649166297,-1120.189254309982,-1059.6043355548754,-1243.4914663244272,-1438.0243393164128
2025-12-12 20:48:26.534998,Idle,-770.2224737327779,-867.444037134992,-885.3856211000821,-816.8235032019438,-764.3322230054764,-671.1185181899928,-793.3482188124908,-927.6211442416534
2025-12-12 20:48:26.538996,Idle,-1135.5608117721276,-1268.3859656240093,-1294.3281608447433,-1199.9895382601535,-1079.5451008969685,-996.4054501747014,-1171.592712737387,-1355.603623496485
2025-12-12 20:48:26.543016,Idle,-1629.9581687726313,-1807.72204458958,-1843.750858171261,-1716.5657799924957,-1491.9307085005566,-1438.648868071381,-1681.3331479359185,-1928.3039211223368
2025-12-12 20:48:26.547042,Idle,-1454.7737466017716,-1611.6591339046136,-1642.2847129745642,-1530.8190793251852,-1350.0374781341525,-1287.0768862173427,-1499.3841486005113,-1718.6800237958087
2025-12-12 20:48:26.553054,Idle,-763.5648523243144,-852.3863752429606,-868.0901729544858,-806.3861518022604,-777.7917080287589,-677.6931768701179,-788.3611306665698,-913.4470335886581
2025-12-12 20:48:26.556054,Idle,-387.06726425804663,-441.29587253637146,-451.9119256930426,-414.9246742138639,-453.1843949423637,-348.78711954213213,-405.90986266883556,-479.4106956771575
2025-12-12 20:48:26.560070,Idle,-666.7249926078366,-749.5896991230547,-769.4474293020321,-711.6752903937595,-678.5512516783783,-599.4854970151791,-696.9876640150324,-806.9784380601486
2025-12-12 20:48:26.563075,Idle,-1039.9575052710716,-1159.622580182273,-1188.0153531259857,-1105.0064641974168,-1011.1136076827534,-927.2853689339827,-1078.1733719098847,-1240.6966486782767
2025-12-12 20:48:26.567072,Idle,-877.8259034658549,-985.0455142342253,-1009.1472775783623,-937.771298802807,-903.2600926592713,-780.9040438461234,-910.2074138810858,-1054.5224049550015
2025-12-12 20:48:26.571046,Idle,-330.9491413773503,-391.51545885473024,-404.1416134639876,-369.40043627272826,-435.8331668897881,-302.3317077617394,-355.616514818219,-423.39950221451
2025-12-12 20:48:26.575133,Idle,-44.2468045046553,-80.67914965911768,-87.06979866948677,-72.06938911147881,-161.07642330037197,-57.77617162995739,-69.37386856571538,-89.98929016641341
2025-12-12 20:48:26.579131,Idle,-248.79374376760097,-302.29981659620535,-310.21415558311855,-284.019223154115,-329.697808576806,-239.20644397847354,-276.5600599431782,-321.92925388208823
2025-12-12 20:48:26.584157,Idle,-515.768854218768,-591.0318014046061,-600.9250396965654,-559.5097485967563,-587.1245004170923,-468.6123553417274,-541.6166962042334,-629.5812294850475
2025-12-12 20:48:26.588104,Idle,-405.40354879182996,-470.91143809072673,-477.62360638723476,-444.68282008054666,-505.8900757882511,-371.72429653047584,-428.55312858358957,-506.3710015764227
2025-12-12 20:48:26.591150,Idle,-27.996179568348452,-60.521790868078824,-60.53070186387049,-54.224828282836825,-157.01667145866668,-49.081196923099924,-50.58616133313626,-72.95960598811507
2025-12-12 20:48:26.595199,Idle,190.7935353766661,180.36992966238176,185.57178764004493,173.82902375154663,49.72781668242533,137.95303922129096,171.6720555408683,183.17703394213459
2025-12-12 20:48:26.599196,Idle,95.4008279411355,81.51015329128131,87.57853636558866,79.14934768626699,-50.068451514234766,60.128361990326084,84.05248571929405,77.34676393767586
2025-12-12 20:48:26.603214,Idle,-65.29442376852967,-90.07438721918152,-85.69127256106003,-83.60892058414174,-205.01364487761748,-74.1493185008876,-71.3981502908573,-106.89262056985172
2025-12-12 20:48:26.607248,Idle,-20.397017270704964,-39.292495503876125,-34.34235501650255,-34.95143372457824,-147.0975400416355,-36.29116008794517,-25.05647078034235,-51.34374136058614
2025-12-12 20:48:26.611262,Idle,201.87299383924983,206.6536906863621,216.79055063395936,198.95370097085834,68.03479183200398,155.930547038879,203.26931406166113,215.6314149197715
2025-12-12 20:48:26.616242,Idle,372.40315659195767,397.88737775465415,414.0932971131915,381.565307431214,205.25939009079593,309.88494001758227,385.91131954914454,422.65416438262037
2025-12-12 20:48:26.619252,Idle,362.8931059527531,390.35435329509346,408.1592834621042,375.7708038917699,179.8185041598772,306.6608211573621,383.10876849291526,413.7496804803741
2025-12-12 20:48:26.623275,Idle,269.6576576085729,288.307107027048,304.06386953557376,279.1233866522198,114.15444222354563,222.07413082267794,285.9353765547494,304.0285313978636
2025-12-12 20:48:26.627284,Idle,265.46368822864315,284.27670669135114,300.4908117764717,274.5858949871181,135.8965974507155,213.5028511344026,278.5857279662159,301.3225264590292
2025-12-12 20:48:26.631326,Idle,392.67564901743026,426.31397290935274,447.8090737000457,409.574719361146,240.39364395599114,327.89609286659834,412.66215445878333,453.42883194329625
2025-12-12 20:48:26.635299,Idle,534.6891511198046,584.1163652322866,610.7971209204406,560.3570793302933,343.9754197082784,458.7562776074774,563.0108725650352,618.9694470815157
2025-12-12 20:48:26.639320,Idle,573.0319270871696,626.731732111657,654.00604493625,600.1136337609496,387.3235873944577,492.02339281617606,600.4734258043754,661.8882657261565
2025-12-12 20:48:26.643336,Idle,524.308227316913,575.1191985195037,600.6140391288209,547.86232264305,372.08757219625113,444.96821185204317,547.7437723400071,607.5105875333247
2025-12-12 20:48:26.646336,Idle,497.5209184985724,549.707248651277,575.3766691546771,520.571041930787,346.9459977201186,423.16476071381476,524.9599468631204,580.6607155404927
2025-12-12 20:48:26.651376,Idle,551.7275037239306,611.7687095962465,639.1755929509527,578.553565558861,370.17232725332724,476.33995870739454,586.9393976957654,642.5767273282399
2025-12-12 20:48:26.655372,Idle,645.9946915573673,714.6767938256962,742.4702568361536,676.0614187000901,454.2901860678976,557.8383638469677,681.2690073478734,746.2583372557419
2025-12-12 20:48:26.659421,Idle,714.609693119768,789.9590149668511,817.2016517430311,746.1271030066418,542.860277053871,610.7024016728392,744.47333949944,823.6826300013927
2025-12-12 20:48:26.663404,Idle,733.5782920684433,814.2868621927337,842.2990287803696,767.7247127809096,567.6797106286394,625.5724700772553,763.8483575232676,849.4041784472065
2025-12-12 20:48:26.667418,Idle,714.5306745381677,797.6504554568673,826.9463309592684,752.2997730052448,531.445690790395,615.017562462308,750.8027660446824,830.8219273082213
2025-12-12 20:48:26.671465,Idle,691.4541074187146,773.4407298532315,802.7186981115374,730.9988679676899,508.7685343301273,598.9197422203142,729.6071404247195,804.931790890987
2025-12-12 20:48:26.674408,Idle,717.9170673610643,801.4760531780776,831.4878334673122,759.1384589305962,558.4260324774659,621.0323294304544,754.334877692454,838.9851111918106
2025-12-12 20:48:26.679463,Idle,812.828973890515,905.647358666989,939.8633395422949,859.7025308617158,653.2797648622654,706.329298449331,853.4686027843272,956.1456911765272
2025-12-12 20:48:26.683490,Idle,897.4382252555224,999.1536184387514,1037.9934861283982,950.7701466737781,707.876390148187,787.8031416430604,946.584168032161,1058.1385704191634
2025-12-12 20:48:26.687490,Idle,866.7280367173953,964.8765801419504,1003.36795223644,919.569914986263,673.2227044110768,763.2010096955928,916.2451442141319,1020.2907232490834
2025-12-12 20:48:26.691556,Idle,754.1041688234545,841.0576489404775,875.5767516427441,801.0128594441339,601.04723714391,658.0765368937282,795.6677725183545,888.6275691431947
2025-12-12 20:48:26.695532,Idle,729.3105818567565,816.5328019839944,850.2935507987859,776.2331273104064,599.1406778812525,632.5546786126797,769.5606743904063,865.0637361903209
2025-12-12 20:48:26.698540,Idle,865.0898090857081,969.1338414015481,1006.9964654840296,921.9259149166755,702.3522965716547,758.0066033342155,915.709004404489,1028.019127144944
2025-12-12 20:48:26.704562,Idle,1000.7314699377166,1118.533368432778,1159.2194498565514,1066.1340924457181,806.5695716726477,884.6238030813402,1059.3441792072263,1185.047117301263
2025-12-12 20:48:26.707565,Idle,952.9679167633876,1064.4103558502393,1102.6878325996222,1015.5879847750766,784.6577544681495,842.5377007185016,1007.8314263221109,1128.067143733264
2025-12-12 20:48:26.710622,Idle,794.6817566424143,890.7309523687,925.8049659864046,849.7942977276398,667.5876265823608,701.5242743405979,844.4637013014872,947.9654098418541
2025-12-12 20:48:26.715584,Idle,766.7616158294259,862.0058385798475,898.484747732291,822.5655053141527,628.3701346748276,680.8087452859618,820.882553438656,920.9892978419084
2025-12-12 20:48:26.719598,Idle,926.6171427280642,1038.2945970844012,1078.7296210557688,991.30777652713,746.1208083103411,825.4252969436347,987.5291622512741,1107.789026353741
2025-12-12 20:48:26.723686,Idle,1056.5248288023286,1181.408925049007,1222.6963170961244,1126.9831402149284,874.1342242219253,937.102635528543,1116.460398991243,1258.5398971233517
2025-12-12 20:48:26.726727,Idle,976.9294233730761,1097.8963313075947,1136.3559921742417,1044.85524987604,834.2616366677685,864.4366559372284,1033.016450139461,1170.708011753275
2025-12-12 20:48:26.730695,Idle,803.4327044168022,913.3306149126729,949.5544902122347,867.0848772046156,681.2266921377741,717.4948397853877,862.2320681946585,975.440438665566
2025-12-12 20:48:26.734659,Idle,776.6899518064456,885.783590650768,922.7681033419212,841.0821516534779,638.4524338345509,701.6539970954182,841.2033941674745,945.2343814289197
2025-12-12 20:48:26.738699,Idle,924.9426283595385,1044.8522304429207,1084.104946772335,993.3547046846943,776.3490476607112,831.0970614072867,989.6000159062678,1115.1694471759256
2025-12-12 20:48:26.743707,Idle,1038.689965985017,1166.602349190507,1207.5093260767171,1108.7683192896657,903.9606168314349,925.7446913009044,1100.652907443815,1249.6628843843937
2025-12-12 20:48:26.747710,Idle,966.1629952887306,1088.5919645596296,1129.4610678512836,1033.383828317048,842.3787455819547,863.3530657651136,1029.7230815745424,1171.0321802988183
2025-12-12 20:48:26.751727,Idle,807.5515325146262,917.1215557291871,956.0637795889052,869.8022119126981,681.1959892627783,729.2543104686774,873.1492126937956,986.4835421949392
2025-12-12 20:48:26.754728,Idle,768.6415199720068,873.668971969164,910.522089749109,828.36916165601,646.4657076913863,692.4594680831069,829.203633672907,933.8648955739336
2025-12-12 20:48:26.758737,Idle,894.0637055274565,1009.4289318738738,1046.9704324147897,956.8234535809606,781.4557800973998,793.4203167709056,947.3563858058769,1074.066837619408
2025-12-12 20:48:26.762736,Idle,1019.7795254264493,1148.5428356786724,1189.3119740741095,1088.4540917963022,898.439398412942,901.1660497393459,1073.253893757239,1220.8128789991606
2025-12-12 20:48:26.766756,Idle,984.5420985742239,1112.9254767213715,1154.9141034054337,1054.7154528879328,847.6531366719864,876.5238939833362,1042.086511554895,1181.0008782653604
2025-12-12 20:48:26.771758,Idle,830.7035212073242,945.4365105648758,984.2708219080232,895.6232909047976,709.281341213733,745.0493371932535,885.6276023954852,1000.7061900456902
2025-12-12 20:48:26.775800,Idle,749.7518713164609,856.5607499353355,892.2761122991797,810.606823500013,663.7684797232505,670.1393073723884,798.0577609594911,907.747669322649
2025-12-12 20:48:26.779791,Idle,837.1296686364803,953.4224400591338,990.7356526141521,902.6615119240014,751.4191404479789,744.7440701166634,886.6550522454781,1014.9103334045503
2025-12-12 20:48:26.782805,Idle,962.6782842279645,1092.1541207344271,1132.619245865848,1036.049168245634,839.4367076409981,859.3562723729992,1019.758684872766,1163.7161252188962
2025-12-12 20:48:26.786755,Idle,937.4660935107386,1063.2639483900275,1102.0328523737844,1010.2739339142572,804.6566718458198,839.9201131985756,994.8829825063003,1131.4657777098473
2025-12-12 20:48:26.790813,Idle,773.4288513706997,881.9554618508555,915.3125906276982,838.1332778261276,683.6751918065129,692.3416719718371,823.2370572161162,940.611708883429
2025-12-12 20:48:26.794829,Idle,676.6603940441273,777.6908549391665,809.4414481145795,738.8212173241191,618.7351087570423,606.0658193352865,726.0793545631459,836.9284295418765
2025-12-12 20:48:26.798846,Idle,761.4957574871369,873.7363725814503,909.7512157086749,831.4904636935098,678.1180711304769,686.8407498658635,822.1898903382244,945.4872229211032
2025-12-12 20:48:26.803859,Idle,884.7858182182536,1008.0856447804254,1047.5410797970835,961.1814726758748,769.4014503416838,799.9557212538784,952.7679524868727,1089.987837784458
2025-12-12 20:48:26.807824,Idle,851.8307156453375,967.5491735157557,1004.5822953667957,922.5783054266358,757.3328840613831,766.7326034287689,912.822135389084,1046.7186713302508
2025-12-12 20:48:26.810881,Idle,700.3067267057486,798.1641030970495,830.6044048431795,759.721868928289,646.1529956164304,627.6375503221061,751.1670971305575,866.8959850897081
2025-12-12 20:48:26.814831,Idle,640.1664673269261,731.1238609163556,762.4181417860091,695.4308762514265,581.1578815706307,575.6439455422806,690.1163759274641,793.4081796191167
2025-12-12 20:48:26.819913,Idle,741.897156815161,840.4491802628618,873.2319915862754,800.7980707368115,648.7577559924684,666.705700055114,794.2188193692127,904.183425536612
2025-12-12 20:48:26.823919,Idle,841.9230259566102,946.6784014545847,979.3483974009287,902.4193863081746,748.0801051823655,748.5779136578785,889.6424174334388,1013.8565963597503
2025-12-12 20:48:26.826931,Idle,790.8066793074831,889.9892587293871,920.4621476624161,846.7559758550487,729.154666422517,696.1944986520102,831.5783847068669,955.7162344292738
2025-12-12 20:48:26.831941,Idle,657.6776731468271,746.6536636638921,775.4271140748169,708.2898005170282,607.3054097386776,580.9392421683297,698.4435608048225,805.8886892583687
2025-12-12 20:48:26.834956,Idle,606.8736673964886,691.7207580981776,719.8973466672469,655.4184503667057,539.0884998342954,542.769881074666,650.4433564201463,745.4137324220501
2025-12-12 20:48:26.838913,Idle,666.1367625383427,753.0093238512054,780.3981102141552,713.7892667473061,595.4767153783469,594.2559369924711,706.1089259205619,806.7385163574945
2025-12-12 20:48:26.843011,Idle,721.3008128372021,809.3639176782453,835.7430837766733,766.9591673638206,670.3762885199394,636.9239439263474,754.5027232749853,865.5745999109931
2025-12-12 20:48:26.846954,Idle,694.5221980944043,778.8286602508742,804.3896105499007,737.6849155479576,648.761536127422,613.656214562594,726.4761294052005,832.3887206017971
2025-12-12 20:48:26.851005,Idle,626.4799222623697,703.3553282701178,726.8891885378398,666.4638313442701,566.5620694475947,559.670856814133,659.3142807121621,747.3984981549438
2025-12-12 20:48:26.855024,Idle,589.9083774692845,659.8006397852441,679.2643067814643,624.8449367809808,534.1377258070279,527.5752766794758,616.2965201435145,694.6219177627936
2025-12-12 20:48:26.859996,Idle,600.3006666970905,667.9597870697035,684.036155890557,630.4880516752601,570.3843656963436,530.0130189113552,616.3303808013443,700.3358992177527
2025-12-12 20:48:26.863047,Idle,622.8944815109717,693.3680024016649,709.5587696384173,652.3995297020301,598.7145578762284,547.7608482004143,636.4296031915583,727.1496170642786
2025-12-12 20:48:26.866050,Idle,618.5717934407294,690.9295002730796,708.6504236311885,649.7425090469187,573.530999408802,549.5190940829925,636.6452736407518,722.7193835119251
2025-12-12 20:48:26.870007,Idle,574.9857175927609,642.7494519805769,659.3238731288584,604.4487086787121,528.3919416397111,514.4808724566828,592.7628621073673,668.755952474894
2025-12-12 20:48:26.875081,Idle,521.4694304135628,581.6888763703173,594.9525162014179,545.7762184103485,505.6607100678375,464.5435051531531,532.9263439411297,604.6749679710483
2025-12-12 20:48:26.879096,Idle,506.29962613398675,564.1189231378958,575.7650869297795,528.1610537493834,505.49931487836875,450.89337587333284,516.2865156865446,589.5914874062873
2025-12-12 20:48:26.883119,Idle,534.4432003099937,594.7531619991641,606.6990057871444,558.19967903418,510.80045969295315,481.33210870588664,549.1870844983496,622.9335886335466
2025-12-12 20:48:26.887106,Idle,548.6895644475007,607.7050114822341,618.3324822459836,572.6465117112966,511.5079358498333,495.8950377103174,562.6744133159518,634.0419396407669
2025-12-12 20:48:26.891057,Idle,505.8348586175125,556.8331154768821,564.0200672090286,525.1352040694328,496.4227972802473,451.61476477549877,510.52355670183897,579.1692997275386
2025-12-12 20:48:26.896154,Idle,443.9845088740112,487.9931304532802,493.20471329358406,458.92264121654443,461.38909340882674,391.83301377261523,443.0812721258262,508.56031606008764
2025-12-12 20:48:26.899147,Idle,427.06266541488003,470.90583863982465,476.67583504586946,442.1922176525695,429.85177039715927,380.46668502979446,430.2644716723589,491.6619470556034
2025-12-12 20:48:26.903180,Idle,447.9105209442787,493.55592714902014,499.03200717875734,464.02093823614996,428.4849441938568,403.5700689564692,454.4479348292807,513.9259180815425
2025-12-12 20:48:26.907163,Idle,445.9937784046633,489.0477765304968,491.9001926574856,459.423366997391,441.5132697864901,399.45092234760523,447.77608152874745,508.7810737346299
2025-12-12 20:48:26.911183,Idle,405.7271894180449,443.90335697843693,445.08972440462094,415.7018399182707,428.1617933686357,360.50677911390085,403.64083046792075,464.4051459560869
2025-12-12 20:48:26.915209,Idle,370.1935948311584,405.95626275462564,408.511013683863,380.4715861058794,386.350119657116,333.22358700819314,373.1804860549746,427.6721487119794
2025-12-12 20:48:26.919192,Idle,360.5081852097064,394.6909589363495,398.69305244029965,372.66764951404184,356.6885005910881,330.61430636642035,369.4057824360207,416.31828637525905
2025-12-12 20:48:26.922151,Idle,351.1606760547729,381.0852945102379,383.89765429333784,362.2376546082087,358.52275806153193,320.5395825023297,357.25441388739273,402.3566749355523
2025-12-12 20:48:26.926185,Idle,331.84192095918115,357.28052105905954,358.25950516737066,340.1137396489503,364.6548775554402,297.7864489653148,332.0412085732678,379.237927824026
2025-12-12 20:48:26.931240,Idle,324.1887370245531,348.414155537379,349.1597488686675,331.4647034595255,349.39311046199873,291.14154645591043,324.2908368204953,369.80422538681887
2025-12-12 20:48:26.935257,Idle,323.91540629207157,346.78404214722104,346.7521836642409,330.12806918204296,322.103217322845,294.3093895956408,324.97161112655886,363.6793876726879
2025-12-12 20:48:26.939262,Idle,295.32961270201486,312.12072495243046,308.3338604460005,296.73453797667753,299.4058581980644,266.4805401645135,290.16167089994997,322.9623188460246
2025-12-12 20:48:26.943276,Idle,243.60258642269764,253.74604027881287,245.6224299648311,239.37484372896142,280.3696261612931,214.31687662156764,230.79934239794966,261.84273736923933
2025-12-12 20:48:26.947282,Idle,223.50883188354783,233.77719780663028,224.24758640141226,218.7041174073238,264.78997454280034,196.14226747769862,212.09234520921018,242.60710230481345
2025-12-12 20:48:26.950311,Idle,246.03197720681783,260.59334057196975,251.1530492294114,244.02322373492643,260.5566614482086,220.67608526872937,240.3121882318519,268.8497510176385
2025-12-12 20:48:26.954317,Idle,245.73243653716054,258.92185332940426,247.36985148710664,242.5614341503242,256.67919235280715,219.6053295865422,237.39543575490825,262.67429297440685
2025-12-12 20:48:26.959347,Idle,185.95707723172382,190.6451823207317,175.56861711491365,176.9971693927655,227.5212591533782,160.057279076369,168.65019671141636,189.0790030185599
2025-12-12 20:48:26.963302,Idle,130.03033576253802,128.46158362261485,112.37330813601147,118.08317790250294,182.89207247807644,108.78053411119618,110.80275872419588,125.03360698837787
2025-12-12 20:48:26.967306,Idle,144.7577655495843,144.32803632481955,129.82156647078227,135.893246863503,169.87038162862882,127.07277307339245,132.00672098773066,142.8514252959285
2025-12-12 20:48:26.971370,Idle,187.38465102139162,188.85146227583755,174.66643869306426,181.81135987042217,196.63131291384343,166.79620609781705,177.32853631849866,190.59276071481872
2025-12-12 20:48:26.974395,Idle,167.28645444731228,164.6429907354759,148.48800724407192,160.51294145506108,202.32220555550884,144.42004100291524,152.9566343394108,168.92427197517827
2025-12-12 20:48:26.978405,Idle,87.13587134639965,77.81881583976792,60.63887255935697,78.11056090559578,146.25900155678391,72.2519018870662,72.2630096928333,83.47313848230988
2025-12-12 20:48:26.982423,Idle,36.77498089923756,24.746694026514888,8.953717915981542,28.380615459231194,82.03564235550584,33.98316349147353,28.883749656088185,31.15497853164561
2025-12-12 20:48:26.986429,Idle,55.3154467738932,43.908775358926505,29.251531941001303,47.90549253777135,82.31588551559253,54.14020709536271,51.82019959279569,52.10592675267253
2025-12-12 20:48:26.991454,Idle,81.84943688265048,69.69031432084739,54.147037228161935,72.44995047786506,123.16386580048129,72.68028464459348,75.18615180283086,81.41067504137754
2025-12-12 20:48:26.995460,Idle,56.325101097871084,41.148181160970125,24.488386141660158,43.89866636507213,117.48739207780454,45.189366118225735,47.51318897062447,54.9706933881389
2025-12-12 20:48:26.999473,Idle,-0.14921690133633092,-18.4690369728487,-35.13444617489586,-13.908830980479252,50.21009291522205,-2.4906052151927724,-5.301497229549568,-8.002434894850012
2025-12-12 20:48:27.002486,Idle,-32.85728103364818,-53.76423749566311,-70.76145578385331,-47.79005038930336,-0.16535945161012933,-29.216406685940456,-36.87309793900931,-50.2017720969161
2025-12-12 20:48:27.006484,Idle,-29.28849068301497,-52.08268654154381,-70.34367254382232,-46.94003267819062,15.476224982179701,-31.20775864791358,-39.65336768445559,-52.17572325980291
2025-12-12 20:48:27.010490,Idle,-16.740279509220272,-39.6605335608474,-58.117712597886566,-36.24959554389352,48.22059806168545,-25.434892540157307,-31.989796535111964,-38.166576832474675
2025-12-12 20:48:27.014520,Idle,-20.793733924278058,-43.48958542547189,-60.6364909146796,-39.53647442051442,34.617558168189134,-25.569673702091677,-32.87969464203343,-41.196962550340686
2025-12-12 20:48:27.018463,Idle,-49.72799571498763,-75.96261406654958,-93.2475361013785,-68.41716530296253,-13.22513383376645,-44.84807860359433,-59.23337227010052,-78.29757740354398
2025-12-12 20:48:27.023524,Idle,-90.33775291778147,-123.35613000625744,-143.45631147673703,-112.25229706507525,-41.39708951918874,-82.13126557387295,-106.1216351041221,-131.7205180276651
2025-12-12 20:48:27.027562,Idle,-108.26273804160883,-144.08995157227037,-166.34493970443145,-132.60178831167286,-34.94429665640928,-103.69128965467098,-131.42983730771812,-153.8859012577741
2025-12-12 20:48:27.030557,Idle,-86.95874844642822,-118.46631219022674,-139.9237179691263,-108.80877605787828,-23.981702200020663,-84.78252918453654,-108.87174596110708,-126.90107355234795
2025-12-12 20:48:27.034561,Idle,-67.05713686250965,-94.931999061635,-115.76872482770705,-85.75903478305554,-34.31930228424608,-63.466314914869145,-85.74386281400803,-105.95224119300838
2025-12-12 20:48:27.038566,Idle,-99.22331241695792,-131.73534323833883,-155.30167700484162,-120.68327798822429,-63.99842011384317,-94.38155313092284,-123.97548123984598,-150.16650917561492
2025-12-12 20:48:27.042607,Idle,-157.78380803696928,-197.92772951436928,-224.75712696848495,-185.45145554633928,-93.80744178840541,-153.35226162755862,-192.829871698239,-222.0712929123547
2025-12-12 20:48:27.046554,Idle,-164.3536699124088,-204.86724339961074,-231.0844282215112,-193.6899781304528,-101.28117821199703,-160.63682763808174,-200.94219526740198,-228.73011334612966
2025-12-12 20:48:27.051632,Idle,-110.18571953191713,-145.2671873325453,-168.57188556976325,-136.22525782823504,-80.78739010050776,-108.13831904612016,-141.24612125128624,-166.07293416690663
2025-12-12 20:48:27.054705,Idle,-83.24309873812308,-118.05802310562285,-141.22856041804334,-108.39484163215093,-62.515393979265355,-83.39177170142648,-113.96045012402465,-137.65472741315898
2025-12-12 20:48:27.058682,Idle,-138.77423361959518,-181.16000023861125,-207.24785388417513,-167.80725689152314,-86.095571652957,-136.56411552018835,-174.67499406395655,-201.00816538654908
2025-12-12 20:48:27.062689,Idle,-212.14801624102984,-260.4740963992663,-287.9373700957076,-243.7864447925167,-141.02667392845615,-201.35754406417982,-247.6179539669174,-278.8238700557122
2025-12-12 20:48:27.066700,Idle,-218.1929098684559,-264.8072173579567,-290.0605272347366,-247.81542627334784,-168.7042102526466,-200.85402460495607,-246.37100229412408,-278.81579897489064
2025-12-12 20:48:27.070635,Idle,-179.83538928293274,-222.81090622100737,-244.66517116198884,-207.2808853575698,-146.42853984022804,-164.7550899394446,-204.4950620627551,-230.95652674126177
2025-12-12 20:48:27.074693,Idle,-181.91888516965173,-225.7359325210018,-244.51161104666244,-210.20406302764968,-127.40613014758856,-170.61357121287756,-208.99929562241596,-228.19777068550866
2025-12-12 20:48:27.079732,Idle,-235.3847459615372,-281.77011395943555,-296.60082000632246,-263.60734763223445,-160.40874059285852,-218.36832366704766,-260.47164316976705,-280.21620501840516
2025-12-12 20:48:27.082734,Idle,-271.7708449717793,-317.0603133199402,-327.34523520169023,-295.4854850015763,-210.2124228668181,-243.34915742046724,-287.197893345161,-313.8224220782795
2025-12-12 20:48:27.086747,Idle,-258.895577008494,-300.4038670128357,-308.2414100183523,-276.8598572740739,-211.89249470178765,-226.49318430917629,-267.30899650455103,-296.6614005880401
2025-12-12 20:48:27.090774,Idle,-241.83436783812067,-280.7986091261555,-288.7975867038185,-256.7887772089598,-175.7071472871612,-213.4900049683274,-251.05264566402184,-276.22538713736867
2025-12-12 20:48:27.094775,Idle,-260.01137889582606,-297.6957217752497,-305.5784651603317,-273.06674183627183,-170.25880160197994,-230.91369163282798,-269.0703105051507,-292.92956701733056
2025-12-12 20:48:27.098731,Idle,-292.1675852599874,-328.4559417042474,-334.8502090709517,-302.0666454051534,-211.94266115853952,-253.28234843243263,-294.9422798874439,-326.4971494341153
2025-12-12 20:48:27.102837,Idle,-306.47048096537765,-343.0267614745244,-349.37107196985744,-314.4984542269085,-244.00716926767382,-260.30195135154645,-305.89574327503215,-346.11236125271535
2025-12-12 20:48:27.106816,Idle,-308.6997428134637,-348.4183890495915,-357.6469174451486,-318.5542705709522,-232.58410515398282,-265.3241435504606,-314.1277986212517,-354.55542920774315
2025-12-12 20:48:27.110869,Idle,-314.0029865078686,-356.5795702964242,-368.76406397434766,-326.08989692333853,-214.386518423511,-275.10969389305683,-325.9219594025053,-361.9935406771838
2025-12-12 20:48:27.113850,Idle,-317.45501052218606,-360.23764233713155,-373.1155065599305,-328.7216739667929,-226.9902690829622,-275.71406716137426,-328.09157540023443,-364.9895101352886
2025-12-12 20:48:27.118862,Idle,-317.3788533624611,-361.02053281574626,-374.304388206132,-327.7625379835663,-251.2653996385052,-270.2395211380208,-326.3859531095368,-368.9964878431638
2025-12-12 20:48:27.122908,Idle,-326.92645706879557,-375.0070132128312,-390.318721511052,-340.47585454196087,-254.9688090536947,-280.0077358868439,-343.144096768141,-388.0396831276594
2025-12-12 20:48:27.126928,Idle,-340.57764943296206,-392.76338351375307,-409.41959008428967,-358.6145131319354,-245.18924193822022,-296.9013317048666,-366.70280001321225,-408.4453924923437
2025-12-12 20:48:27.130921,Idle,-330.9824464804551,-382.39762308617355,-397.4050652010483,-349.8527868569654,-242.55260467571497,-287.2617039621982,-359.84831547929207,-398.84234917600406
2025-12-12 20:48:27.134943,Idle,-301.6435227141192,-351.04144398804056,-363.87596652429784,-319.7074175297166,-243.01564921298996,-257.1218508473248,-330.9567598128924,-369.9930426980718
2025-12-12 20:48:27.138959,Idle,-296.9255017573305,-349.45571907109115,-362.8971309350454,-318.0168802868575,-239.37655699855532,-256.08812134782784,-334.2336559477262,-372.2944799583638
2025-12-12 20:48:27.141959,Idle,-331.5818711821048,-390.18287088989746,-405.4897727234056,-357.98991874291096,-245.77504252569634,-295.17564966369537,-379.13545970100677,-413.89850389643107
2025-12-12 20:48:27.145928,Idle,-358.6822336916812,-418.468798271846,-433.68668622674886,-386.1225609719986,-267.64137364330236,-321.1039100410417,-406.1813233900466,-438.72222744254395
2025-12-12 20:48:27.151998,Idle,-343.85585122171324,-399.4085896528559,-413.70629079878563,-367.8825440593064,-279.75933054005145,-302.84061682465835,-383.58838266466046,-415.4123620375758
2025-12-12 20:48:27.155001,Idle,-321.9909831088735,-375.084497661388,-390.6908757110359,-344.567866823636,-266.8992286057619,-282.29592444445007,-359.5193023411557,-388.33767245552735
2025-12-12 20:48:27.158012,Idle,-335.006493378547,-390.0464138496318,-408.03411818196764,-359.8568603931926,-255.61813654983416,-298.7451266173739,-376.633105195011,-400.29973605962005
2025-12-12 20:48:27.162035,Idle,-360.7874141531647,-417.1205947304843,-435.0811723594088,-386.7047088628169,-271.87446181388805,-322.6665520159295,-401.67424491478596,-423.20737937185913
2025-12-12 20:48:27.166995,Idle,-357.929138267471,-412.31048541277414,-428.5739530196297,-381.9620628383709,-295.767083159968,-314.6801716781338,-392.2392627604422,-415.6123791594291
2025-12-12 20:48:27.171047,Idle,-340.8666875498602,-393.80510600015987,-410.61801421042765,-364.264279312687,-296.25720820136485,-297.09972615051083,-373.48112372349715,-397.2976156503428
2025-12-12 20:48:27.175136,Idle,-349.95947006030474,-403.585056144977,-423.38423500588397,-375.2903300207108,-285.58754244379816,-308.9983850414865,-387.23506063997047,-408.2107329063001
2025-12-12 20:48:27.178134,Idle,-376.2944627754041,-428.73500013374723,-450.1415494521498,-401.5995901466231,-295.6265789211029,-332.95820381265366,-413.69251496286597,-433.96949733939255
2025-12-12 20:48:27.182101,Idle,-378.97631138487486,-427.1214373491239,-447.6482230334077,-400.7150803153054,-318.81288841052447,-328.4739926009206,-409.6520693039056,-434.4423214648268
2025-12-12 20:48:27.188152,Idle,-359.00954413745785,-405.13563211110886,-425.3727451536688,-379.0201207830105,-321.0868760481244,-306.655839213985,-388.13972492533503,-417.4629353210912
2025-12-12 20:48:27.191128,Idle,-353.3564982760581,-402.66689144371776,-424.3197195494431,-376.85055116948206,-303.06050538941054,-307.54655007104157,-391.32174955809023,-420.3799726755824
2025-12-12 20:48:27.195080,Idle,-363.7466970690293,-415.97077208256815,-437.7696571267443,-391.04349963070126,-297.0325563821243,-324.0567092473502,-409.403595834272,-436.6929826178821
2025-12-12 20:48:27.199148,Idle,-355.9209544675541,-405.7255204365938,-425.2421943232184,-382.24254686920904,-307.4408545391634,-316.3944531752495,-399.6619320449536,-428.42002311343094
2025-12-12 20:48:27.203171,Idle,-330.5596729408717,-376.50333895132644,-394.81849132926436,-354.18218090286246,-306.80814990290673,-290.7996219714405,-371.26859425066505,-402.6773940124549
2025-12-12 20:48:27.206119,Idle,-327.9778806215036,-374.52295622439124,-395.12085805478273,-352.35978687769966,-291.4817094245227,-291.9024195376551,-373.3425182852079,-404.6797736908775
2025-12-12 20:48:27.210209,Idle,-352.43690696096746,-402.02583409281215,-425.61063951894175,-379.3253154651611,-288.7630361522315,-318.89996078179684,-403.3426826178329,-433.92193593113916
2025-12-12 20:48:27.214212,Idle,-358.6899939564173,-408.3247232355643,-432.46623163856566,-385.21772406983655,-302.4761140428018,-323.0388844308909,-407.089356480923,-439.8139481836697
2025-12-12 20:48:27.218222,Idle,-332.50245026149787,-380.1992093785666,-403.80188791500404,-356.97731838957407,-303.7027583819581,-296.0088408153388,-376.0318789682351,-411.21579047245905
2025-12-12 20:48:27.222245,Idle,-319.3127669058158,-367.7035913373693,-391.85904071701225,-344.27952783787623,-287.71499889169354,-287.40001284587197,-364.6804281216464,-398.2907290671719
2025-12-12 20:48:27.227265,Idle,-344.43144648819,-394.7825979764457,-418.89721854543313,-371.2323665377917,-287.7219608002342,-315.9636236279621,-393.15772874921095,-423.620695810765
2025-12-12 20:48:27.231279,Idle,-366.0718431251589,-414.28880458138883,-435.4195538344793,-391.38064747693716,-312.52176013658755,-334.0567701573018,-409.7119882024126,-440.549153980799
2025-12-12 20:48:27.234287,Idle,-346.26274585857755,-388.85121264937334,-405.980260086013,-367.422947368701,-322.2677471326897,-309.6872020457522,-380.51701212720945,-413.09081147948746
2025-12-12 20:48:27.238294,Idle,-314.91530707658967,-354.3629958811216,-369.77852530102246,-334.229707211256,-295.17699375131633,-280.009375134774,-346.28745862992946,-375.9860577459913
2025-12-12 20:48:27.242329,Idle,-316.84892428753665,-357.0373819009401,-372.2482064550277,-336.93081916158553,-269.90627110609785,-284.9479045798653,-349.4449047569651,-373.44394928764086
2025-12-12 20:48:27.246324,Idle,-338.9655788058881,-379.37490221089683,-393.18740371754393,-358.20949029928306,-283.4470113752759,-303.4780574099277,-366.6274631952401,-389.7540830039652
2025-12-12 20:48:27.250280,Idle,-341.57856819423614,-380.32231926289387,-392.56172721018083,-358.41555822535884,-309.70527473074617,-300.6189125465462,-360.6151464150753,-387.96545624162536
2025-12-12 20:48:27.255336,Idle,-327.468511311512,-366.04465308086947,-379.6221064918209,-345.06419188156724,-305.46648411493516,-289.4433762327535,-345.9896792494692,-374.6602060322184
2025-12-12 20:48:27.259369,Idle,-325.2451359036495,-365.29369204083923,-382.25835462403484,-347.1172574018128,-281.55483967630425,-296.31978017941583,-350.70512962387875,-375.35724002995994
2025-12-12 20:48:27.262366,Idle,-331.16324168251595,-370.06254967302084,-388.6180020348402,-355.3862281526672,-277.41616181697464,-305.92563493107446,-358.48138305253815,-381.16466119955294
2025-12-12 20:48:27.266366,Idle,-322.75083723966964,-357.6820620180806,-375.5870085670613,-345.48262174695265,-291.78114403388463,-293.90296421101084,-344.7643370490987,-371.845151090296
2025-12-12 20:48:27.270393,Idle,-308.10557992296526,-341.3864647190785,-359.4612192712957,-330.06060346239246,-291.1608024176676,-277.80536503501935,-328.8809230644256,-360.7680803433759
2025-12-12 20:48:27.274400,Idle,-308.35150507226354,-343.47920226014685,-363.01712624158245,-332.5369258453138,-271.3350151273771,-282.4017695967923,-335.1411053237971,-366.72079935716465
2025-12-12 20:48:27.278366,Idle,-310.8926988548483,-346.0900394375203,-365.5663609398762,-336.25968164077494,-259.82203704927815,-288.02419236232527,-340.56218740250915,-370.6342677292414
2025-12-12 20:48:27.282438,Idle,-292.24639206711436,-323.6852420869982,-341.29924589395523,-315.4325422429247,-263.80171980371233,-267.55160809127847,-317.8361596551258,-350.5679179588333
2025-12-12 20:48:27.287449,Idle,-270.15947549499106,-299.4813324199058,-316.7583216942148,-292.1223582481034,-263.0335329553345,-244.4716617660015,-295.15487703261897,-331.9921658009989
2025-12-12 20:48:27.290452,Idle,-277.68223607284017,-309.88822823704686,-329.30232125730254,-302.42839881929103,-253.04946586524602,-255.14526025764644,-310.8404799303971,-347.9021535795182
2025-12-12 20:48:27.294474,Idle,-297.48244830267504,-332.5144501348259,-353.1653035542695,-324.76545387576334,-249.8453494629357,-277.3137626860989,-337.24920145375654,-371.9378185272217
2025-12-12 20:48:27.298471,Idle,-283.62146760191536,-316.90617103443947,-335.9708294797456,-309.1708312833216,-251.2147309576976,-262.37990267697023,-320.8089159682859,-354.87229825672694
2025-12-12 20:48:27.302461,Idle,-244.25951334409183,-275.326354107121,-292.4335500289453,-267.33242633135524,-238.5802995968843,-223.25053053349257,-277.7411259210203,-312.1864186755847
2025-12-12 20:48:27.306508,Idle,-235.39909578236984,-268.6392125049606,-285.1418465250172,-259.65153318748344,-219.46035038062837,-217.4823540825746,-271.459150519222,-304.22801171417814
2025-12-12 20:48:27.310646,Idle,-266.50813992106123,-302.3750313051278,-317.2582107675262,-292.46331386617385,-222.03439776360756,-248.12398260593181,-303.57550710230134,-334.19674627517816
2025-12-12 20:48:27.315540,Idle,-282.0198344581295,-314.7280001267791,-325.3057327083079,-305.16276739758905,-241.81699388066772,-257.4290413411218,-310.41827477293555,-341.3090984065784
2025-12-12 20:48:27.318539,Idle,-255.13767364644445,-281.3851123971399,-287.99313174397685,-273.4525775052607,-241.91220291808713,-226.9766467929585,-273.4683781870408,-304.38608742377255
2025-12-12 20:48:27.322503,Idle,-231.20738061866723,-254.74375670275185,-260.9033197009703,-248.68775141297374,-217.10883032646962,-207.52577823179308,-249.41625873884186,-276.36861201783177
2025-12-12 20:48:27.326588,Idle,-245.99146799842129,-270.71974321932066,-278.16323865693994,-266.027642044588,-206.9949885539245,-227.54151882231236,-269.12451960658655,-291.4472590908408
2025-12-12 20:48:27.330559,Idle,-265.90081459097564,-290.298134159646,-297.42994047072716,-286.3992683888646,-227.7176579963998,-245.83784820628352,-287.5108894740697,-310.107871950604
2025-12-12 20:48:27.334579,Idle,-252.47806492104428,-274.29065882915165,-280.3647671417566,-270.59042581915855,-241.92442021588795,-228.79145259677898,-268.2715960473288,-293.590462835622
2025-12-12 20:48:27.338596,Idle,-228.81208963377867,-249.9747816992458,-257.0266223864164,-245.62361516442616,-222.82095227163518,-206.95132876589196,-244.18684118415695,-268.0117612800095
2025-12-12 20:48:27.342548,Idle,-231.9787210751674,-254.4852562432643,-263.5492341654608,-248.6467528231442,-200.3504564272007,-213.268353413383,-249.86839611025061,-269.2556852870621
2025-12-12 20:48:27.345554,Idle,-245.90712659648852,-267.09315367485397,-276.00978601549286,-259.5328728671302,-207.6010364429676,-223.55094686232042,-258.9964336110279,-278.5121953439666
2025-12-12 20:48:27.349695,Idle,-235.17262222908903,-251.97442200547084,-259.0205851176288,-243.4391991130542,-222.89130889542866,-205.94821701955516,-238.4840332759777,-262.91613366419915
2025-12-12 20:48:27.354685,Idle,-210.77347886684584,-225.27570756792556,-231.82320213981438,-217.4647125992342,-210.52387137140613,-181.68383150547743,-211.9667796266731,-237.73135926900432
2025-12-12 20:48:27.358628,Idle,-206.55467809492256,-222.33583875966724,-229.69622264336795,-217.25077464536298,-185.26271819096291,-184.18708833417622,-214.34895079041598,-234.85988786059897
2025-12-12 20:48:27.362692,Idle,-216.0130991539918,-231.9960618399782,-238.72141311934683,-230.84066524007358,-184.87634481000714,-197.12767411401728,-227.16327557590557,-243.1069626279641
2025-12-12 20:48:27.366692,Idle,-208.8986912149703,-222.1918812126387,-227.1157105108723,-224.75431278633187,-203.36947780981427,-188.21546007646248,-216.99223101546522,-234.20114274858497
2025-12-12 20:48:27.370692,Idle,-189.93732372042723,-202.11047674930887,-207.25550356588792,-207.24878744099988,-204.09801439289004,-170.14104935206706,-199.0454757566913,-218.9073791776318
2025-12-12 20:48:27.373658,Idle,-183.64879492711043,-198.22135407541646,-205.68197204335593,-204.87394682969898,-182.56090808456065,-169.9716541725793,-201.344600350596,-220.7203740447294
2025-12-12 20:48:27.377737,Idle,-178.4783411042299,-194.2574224578566,-202.58627598069143,-201.79013201670023,-165.17514675913844,-169.33342852100031,-201.76458873273805,-220.81152828084305
2025-12-12 20:48:27.382739,Idle,-146.83218810363906,-160.07940061518457,-167.08261489588767,-167.65154456614982,-156.80493835540256,-137.85251727257855,-167.55937643611105,-190.1433624329511
2025-12-12 20:48:27.386749,Idle,-107.43906351359328,-119.1495311621693,-126.14473504055059,-125.25604225497227,-139.4391162727261,-99.78095452056732,-126.55897632800043,-152.96247155824676
2025-12-12 20:48:27.390757,Idle,-104.04681402153801,-118.46395552973263,-128.0196864423924,-121.79723546520108,-117.53384048346197,-100.52188770956127,-127.58323307905812,-153.4489423671621
2025-12-12 20:48:27.394731,Idle,-128.84232192696072,-145.59919541381532,-156.77946703264024,-146.39977668348,-115.65054350130958,-126.08630198263563,-153.7417848512996,-177.04129265912343
2025-12-12 20:48:27.397737,Idle,-131.11251233896473,-145.67591239220928,-155.51910312415566,-145.59312213404337,-129.78462710266467,-124.22271718864795,-148.69902085582726,-171.74198403360788
2025-12-12 20:48:27.401793,Idle,-102.52138555282727,-114.42214127181796,-122.88163819001056,-114.8485701486934,-128.38334781653248,-94.27595695841592,-113.90109420503723,-137.2004049103707
2025-12-12 20:48:27.405805,Idle,-89.30867684417171,-103.11025946354493,-112.44775985029992,-104.05685528070899,-108.26665053225588,-85.88473824947141,-103.70138510101242,-123.94873742287746
2025-12-12 20:48:27.409834,Idle,-109.63348668155959,-126.5984288242762,-136.58141467312817,-127.17921242298326,-102.16232273704372,-109.32898653746815,-127.59856942400802,-143.77834122010972
2025-12-12 20:48:27.414871,Idle,-123.42810775345424,-138.63530890579568,-146.43902826646809,-138.17661489418242,-119.14063620264642,-118.74337224516785,-135.20773958944483,-150.79745686147362
2025-12-12 20:48:27.418809,Idle,-106.53557281452231,-116.6633851021179,-121.45684427005472,-115.20063943148125,-126.62909367814427,-96.44063064351212,-108.7761730395141,-125.20433380606119
2025-12-12 20:48:27.422871,Idle,-92.75420885096537,-100.98948609165382,-104.58670081099262,-99.04076704883482,-109.79987883009017,-83.68620885617565,-93.65891913115047,-107.18573628430022
2025-12-12 20:48:27.425841,Idle,-108.67324593150988,-118.6401455985033,-121.17299134866334,-116.84479788428871,-99.45027904683957,-103.30356967332773,-112.9803949726629,-121.27613102644682
2025-12-12 20:48:27.429903,Idle,-123.90961083414732,-134.02223620662699,-133.05320517893415,-132.92078194388887,-115.52304847486084,-118.42085976875387,-125.75561942125205,-132.26289094274398
2025-12-12 20:48:27.433909,Idle,-108.27463042980526,-116.08359573269263,-111.13850912323687,-115.93027291225735,-129.8917303388589,-102.1351141948835,-104.38153732992942,-112.3662332050153
2025-12-12 20:48:27.437912,Idle,-87.07713156472892,-94.35562558891252,-88.52861716836924,-95.05147754587233,-117.00095037865685,-85.83451285463525,-84.54676894651493,-91.86020218639169
2025-12-12 20:48:27.442919,Idle,-91.64494067541091,-100.47299193171784,-95.8601812979905,-101.81035489140777,-98.84133130480768,-96.83690997108351,-95.36769060848746,-99.6079329351196
2025-12-12 20:48:27.446945,Idle,-100.47385808540275,-108.42362175998278,-103.2903016009368,-110.29019570589298,-102.64552358246874,-105.52021900867112,-103.84096353861969,-108.06986018590396
2025-12-12 20:48:27.450950,Idle,-82.13723968778504,-86.41912626090925,-78.79339848627569,-88.60425522358855,-111.49189226364251,-82.54872077918844,-78.68742821802152,-86.68169127969304
2025-12-12 20:48:27.453957,Idle,-57.15361669997219,-59.994797862076666,-50.90738794801291,-62.129178339324426,-98.37574143952224,-56.91102229669923,-51.67814496991923,-61.26335209276294
2025-12-12 20:48:27.457972,Idle,-60.47654275636887,-65.01422850374365,-55.84569664730225,-67.01177684089635,-77.60709994303761,-63.2817769490066,-59.09727447008481,-65.92077244695975
2025-12-12 20:48:27.461978,Idle,-74.33409339893842,-78.2569775103475,-67.83706265431829,-80.51136106275953,-76.79358812439023,-76.44617548398674,-72.46266515535535,-77.47202513407683
2025-12-12 20:48:27.465987,Idle,-58.430799162364565,-57.554160192376,-44.79431526863482,-60.409823424881324,-83.00059743504971,-56.59843967494089,-49.582117810612544,-56.836449332302436
2025-12-12 20:48:27.469939,Idle,-24.40886830020463,-20.166110053891316,-7.152966098336037,-23.526502041961066,-66.3423901455244,-23.54363690665923,-13.530806492606644,-22.82628772308817
2025-12-12 20:48:27.476028,Idle,-17.77630914968904,-14.902811668172944,-4.177697611623444,-18.720969148387667,-38.72260169975925,-23.13706926861778,-13.772662148694508,-21.731688233849127
2025-12-12 20:48:27.479025,Idle,-38.53090485010762,-36.749606077210046,-27.3443881921703,-41.58428095513955,-36.19297740253387,-46.446124775509816,-39.14066622639075,-46.10521474131383
2025-12-12 20:48:27.483042,Idle,-43.77311295788968,-38.08476183010498,-27.472389229631517,-44.67926506930962,-54.237694158102386,-48.06135664955946,-40.14346319565084,-49.18661483749747
2025-12-12 20:48:27.486048,Idle,-25.367007051303517,-14.032129065715708,-2.3923784559592605,-22.417312375619076,-55.21456404894707,-27.552531147608534,-17.311158039723523,-27.006142154568806
2025-12-12 20:48:27.490061,Idle,-19.365910535561852,-5.347050679614767,5.607012283930089,-14.67999143601628,-34.93660822173115,-23.90699451911496,-13.170756240491755,-18.484031281259377
2025-12-12 20:48:27.494081,Idle,-33.70465364441043,-18.15014155820245,-7.0087360254256055,-27.413603824272286,-26.585337258438813,-37.66539675317472,-27.731046795495786,-28.512520211574156
2025-12-12 20:48:27.498026,Idle,-32.83466392796254,-13.696571898821276,0.2059959429607261,-22.31956460454967,-37.45196690055309,-30.095676520257257,-19.215996066923253,-20.749103556154296
2025-12-12 20:48:27.503129,Idle,-7.083068851672579,14.838053530314937,31.406943513080478,6.948745826666709,-36.777550911850994,-0.03358550270786509,12.978160815575393,9.06895094999345
2025-12-12 20:48:27.507115,Idle,6.844451356650097,26.9951691305032,43.70043290610192,19.59249773749616,-15.079937254806282,9.804916494060308,23.290628952992847,21.650986587745138
2025-12-12 20:48:27.510242,Idle,-6.235170914471382,10.848311813693726,27.178356310731033,3.522633302869508,-2.869311096292222,-8.847966090135742,4.295465658826288,7.204579959157854
2025-12-12 20:48:27.514147,Idle,-12.381313363497611,5.637874570209533,23.68180230911821,-1.5340833855152596,-14.256014036451234,-14.199487739417236,1.0359636976209003,4.024801574618323
2025-12-12 20:48:27.518142,Idle,7.180435934278648,28.24318992815097,48.54012791684363,22.30736486267415,-20.66819790439331,8.879520147835137,27.828182373865275,27.211655207473086
2025-12-12 20:48:27.522098,Idle,21.512397271959344,42.26556287278072,62.770168304326944,38.79364732585964,-3.1811108288238756,22.97831613107701,43.17993905671756,41.71871250186814
2025-12-12 20:48:27.526131,Idle,9.649234466836788,27.75978281116113,47.63901682905271,26.556673354352824,13.71657650580164,9.988680780807044,28.81168344069738,29.76934161130339
2025-12-12 20:48:27.530183,Idle,1.9075331717904191,20.543903432262596,41.22422624885803,19.912945295363897,8.968270726676565,5.484410245146137,24.346787795366254,25.455522686970653
2025-12-12 20:48:27.535225,Idle,24.115496474667452,46.1791507685557,67.59249375553918,44.67035125911934,4.26615500182379,31.46874262095662,52.610058289574226,50.80039399373345
2025-12-12 20:48:27.538212,Idle,48.36873503107927,71.33214591079741,90.9531587290112,69.01369381672703,22.723471328470623,53.95234412874561,75.71521136359661,73.13796087881201
2025-12-12 20:48:27.543172,Idle,43.50608395275776,64.51994365188875,81.71819243388018,62.29993800786906,45.236246121203294,45.72339987568557,65.24400022785994,65.19393804724677
2025-12-12 20:48:27.546183,Idle,31.440035851410357,53.1453678055841,71.04226444751839,51.59880725367111,45.750658875651425,36.48044778127223,54.94550902408082,55.65795413014712
2025-12-12 20:48:27.550261,Idle,43.72327148041222,69.74949147363077,90.73651944522862,68.99094686759054,37.873990692256484,55.170920388249215,75.93733803849318,74.13455676787999
2025-12-12 20:48:27.554265,Idle,60.62388708634535,88.88522664358607,111.33182776140166,88.85848916493705,45.95289141952526,72.94544629775919,96.11703314341139,93.5960560910462
2025-12-12 20:48:27.560280,Idle,49.11274794151541,75.38134500323213,97.00117601080274,75.62748736902722,57.910290193452965,56.73214663568069,80.1937077884213,80.8749344406242
2025-12-12 20:48:27.563292,Idle,29.882026475592284,55.23903433815576,76.65687224063731,54.53500868676929,50.79355169791961,35.36130579942255,59.8421094356745,62.63752598827705
2025-12-12 20:48:27.566253,Idle,44.28928611273295,72.70659993941081,94.90716506479657,69.36896579172753,39.051142040319974,51.011690055267536,79.10403771510755,79.99089195299894
2025-12-12 20:48:27.570310,Idle,77.04892964166356,107.60690954861639,128.68071956980566,100.40499771811301,49.672663952282164,80.8797375321883,111.49505871733709,110.98913130980509
2025-12-12 20:48:27.574339,Idle,78.01818849137635,106.24819091595418,124.17856499781192,95.2161049193237,68.19000670714013,74.27931005615392,103.19574206163816,105.30781221862708
2025-12-12 20:48:27.578362,Idle,47.6227588935144,73.48971186827112,90.24250491513521,59.99566444812808,59.90577439223125,40.52917657329817,67.03185945485893,71.81614079431165
2025-12-12 20:48:27.582356,Idle,34.25263999440358,62.15917480282951,81.43102765418007,48.02139940131747,33.16723648493644,30.728271126397885,58.988123407034436,62.70731480725226
2025-12-12 20:48:27.586307,Idle,51.53014435234945,82.707203918093,104.95033359368972,69.17036375041062,29.4485230705468,50.44737535585591,83.15836163885251,85.6089471422456
2025-12-12 20:48:27.590378,Idle,63.73524929337145,95.12478535622358,118.2690703445478,82.740136758468,54.22501476931211,60.290904782072175,95.48522358582704,100.39808109276055
2025-12-12 20:48:27.593330,Idle,57.31013698900642,88.25429975689622,112.02357951018348,77.17664196352416,70.33429818719742,53.62132599251345,89.37744061590638,96.80565460884827
2025-12-12 20:48:27.597400,Idle,61.64047829309129,95.09728538995842,120.58824916166486,84.93260434782133,63.548873393505346,62.892086258128984,100.63216084508167,105.80094218500017
2025-12-12 20:48:27.602407,Idle,85.4811027951364,121.52585849817842,147.27242004288564,111.20535607136117,61.858482862007804,88.51549833855097,129.36430632018892,130.88574046103167
2025-12-12 20:48:27.606373,Idle,95.12297675512673,129.48284511572274,152.2352352208909,117.79033651763893,78.20025616050407,91.32261965920043,133.16621993681474,135.76622069760197
2025-12-12 20:48:27.610449,Idle,77.38743607256038,108.16274512510427,127.68678927243309,94.57959491048678,85.87922993650136,65.9335784244613,106.63024109564867,112.99098813220189
2025-12-12 20:48:27.614470,Idle,67.18983956007287,97.38373273592151,116.62048194288218,82.56197560090368,70.99593261184782,55.68057617817249,95.89821711038167,102.03646788490005
2025-12-12 20:48:27.618478,Idle,85.19889790732122,116.55770721958106,136.63314748288212,102.0410307978018,61.493327910167864,77.11112101424806,117.47581109077873,119.78423943551024
2025-12-12 20:48:27.621485,Idle,100.68823992960824,130.55989407565357,149.39276283208528,117.91184176018578,77.1170219121559,92.06149503727283,130.70781243866804,131.7851878416186
2025-12-12 20:48:27.627458,Idle,88.54655807371455,115.51205457140532,132.07081527223954,105.50354325101944,92.84399880132696,78.14072838013453,114.16581876502096,117.33891710671378
2025-12-12 20:48:27.630535,Idle,74.86612361035077,102.12689863791456,118.22859262536986,94.60860096509532,84.24014160382649,67.48658926499411,103.90066829728448,107.2012781707399
2025-12-12 20:48:27.634518,Idle,87.37587030888972,116.9523793794433,133.4907764388663,111.37841127262254,71.31234042694996,84.39168782817251,123.88277456830656,124.53816723411637
2025-12-12 20:48:27.638540,Idle,103.9246260927539,132.24945943423427,147.2745770401416,128.17086383758624,80.0837934661431,99.84825012208967,140.00226328826648,140.4919389899012
2025-12-12 20:48:27.642564,Idle,96.40778653321104,120.01910500561144,132.5903219007887,117.05089965077696,95.17439380563519,88.73470958301914,125.51557238364512,129.47415330239892
2025-12-12 20:48:27.645505,Idle,86.9594766706141,108.48391094176986,121.22670971502521,106.17564485304865,91.80796726441622,80.9480476783707,114.73830633324178,120.34851221299323
2025-12-12 20:48:27.649575,Idle,106.41322996554663,130.0271816784625,145.3344190534408,128.05906470751142,83.44210543252484,105.42508094557161,139.18816583859734,142.58180336507212
2025-12-12 20:48:27.653598,Idle,131.48807987805776,155.958563845772,172.36906139954954,154.05549849753152,93.66381389231174,130.1683934226021,163.6312292902876,165.94883526206468
2025-12-12 20:48:27.657619,Idle,123.01723905185554,144.6135467418826,159.68390676424315,142.06847588246455,107.77277175265863,115.611820104863,146.24902032068348,151.23950660739138
2025-12-12 20:48:27.662670,Idle,97.79984229589786,117.21481443453376,131.49506204767385,113.09553669514207,98.3041644077116,86.63224798444571,115.22759229609801,122.14398579776025
2025-12-12 20:48:27.666706,Idle,99.8119211514313,120.26809279806184,135.4423150187431,114.42287000350916,77.789661753166,89.28574391296934,119.41578099219623,124.5392380816993
2025-12-12 20:48:27.670681,Idle,121.5390304227185,142.07689105049212,157.54539555452357,135.5909213198538,78.24329243499778,109.9542779114272,142.08928088134417,145.78995253596077
2025-12-12 20:48:27.673700,Idle,119.34007270773145,136.34786191740568,151.23188390785072,130.7459639642475,93.21377205128556,104.1438823672288,135.13399828362162,141.03378448342846
2025-12-12 20:48:27.677681,Idle,94.41860626642301,108.7547718812857,125.5047376415896,104.98919740113342,90.52836497451062,80.28182791314612,109.29774956800247,117.12864412137424
2025-12-12 20:48:27.681685,Idle,90.60570707325314,106.80036247512908,128.94528708810685,105.18493934673461,73.30096929783758,83.79502319010498,113.97200309362961,119.78950419653847
2025-12-12 20:48:27.685680,Idle,113.76590207095069,132.47061664400098,159.66348142355855,133.07812831061165,75.15877082129737,112.2366277764886,145.12808892663452,148.8257915910508
2025-12-12 20:48:27.690691,Idle,121.35348450543825,138.97600052622147,167.66511734937376,141.49102327419678,96.93130134927196,118.89161331298237,151.9688378030114,158.07290181676217
2025-12-12 20:48:27.694709,Idle,100.13745835309965,116.32592849094362,144.51635415299097,119.68244248798874,102.49696094693354,97.23522470076568,128.8159006399801,138.59682526785764
2025-12-12 20:48:27.698726,Idle,87.81003225283348,106.75636036474316,134.47425478472724,109.51114220163436,83.10679186769994,89.37673732000985,121.52949738762982,130.55241121340077
2025-12-12 20:48:27.701738,Idle,101.2399261439059,124.17295306413143,149.72372155703488,125.43162491786643,72.79161049063259,105.74433508537913,139.7963460256433,145.22649857212673
2025-12-12 20:48:27.705744,Idle,108.1024126757984,130.68965397572902,150.7230276576738,130.53232569976535,87.78301419682975,108.8433062647091,142.21766743267654,146.52323903767683
2025-12-12 20:48:27.711752,Idle,92.56926964906597,111.88077856010932,125.87208493737853,110.99822234420571,100.94527878761437,89.18423942294612,119.61778803898778,124.50317649570934
2025-12-12 20:48:27.714747,Idle,87.16372092862002,105.40230661383248,116.30668263864936,104.68403242815111,94.7892109864697,86.23875644386862,115.23801060776168,117.90632488309348
2025-12-12 20:48:27.717838,Idle,109.27829471566656,127.87569286086364,137.35632284155872,128.3747212994931,92.11884093729896,112.96895298200252,141.71389578847447,140.74569597443042
2025-12-12 20:48:27.722773,Idle,122.84645372749947,138.4785264654929,145.09645317858667,141.19087872520322,108.2322828415854,126.30648816474422,151.65714407045743,151.2108885552443
2025-12-12 20:48:27.726846,Idle,101.03808826112072,111.18987465609098,114.46862187625084,116.34605755594384,117.3911085628497,102.47935244991095,121.07898737066716,124.85518365207827
2025-12-12 20:48:27.729819,Idle,77.37247314567503,84.88000711031782,87.3769163297693,91.72137127809401,100.11336730604671,81.12216267884651,94.7798448662652,100.42269413080066
2025-12-12 20:48:27.733821,Idle,89.7316280851519,97.54168198701518,101.01881488182698,105.22419576256652,83.66023097996367,96.70334411604563,109.467802666637,113.64414863511047
2025-12-12 20:48:27.737764,Idle,116.17561129394744,121.97377627149399,124.84109249155154,130.42752172112523,96.39394117832126,120.57174287411908,132.49483005303773,137.14790670378716
2025-12-12 20:48:27.741849,Idle,117.07387964778172,117.8840494211181,118.62511015115888,127.51091706063016,117.08398624173424,116.61193138761155,124.86144040900399,132.976008790356
2025-12-12 20:48:27.745846,Idle,104.67568028786627,103.07253587259038,103.17875529217417,113.98032109158521,113.15345951865311,105.6245542737015,110.3134425279568,119.33438738336554
2025-12-12 20:48:27.750807,Idle,113.9676858040184,114.3453774866648,115.33553654284333,126.14398938864178,98.48085869886563,120.82445343895233,124.89835893028066,130.66058004606748
2025-12-12 20:48:27.754870,Idle,133.68065986451984,135.23022967093857,135.5443385093531,147.28491512044275,105.14010790776229,141.58880631416105,145.67090587760322,149.98640773128136
2025-12-12 20:48:27.757900,Idle,128.3323957810935,127.46178666168998,125.22922177455621,139.13252413189912,123.31907065815176,131.87005672398664,134.1758367047587,141.9086711523123
2025-12-12 20:48:27.761884,Idle,107.41478619835107,104.85636577451078,101.32410740712658,115.74201984448882,120.61346028037951,109.79061562742572,110.84164453978883,121.53001942046103
2025-12-12 20:48:27.765936,Idle,108.72046960586158,108.01810090738581,105.07339117684751,118.32179107936099,102.39303397879121,115.00475909969828,117.47098898136755,126.60584651737008
2025-12-12 20:48:27.769888,Idle,127.36201082076877,127.87986388881109,124.30493408592883,138.37222044420196,100.7395618231385,134.53835753997555,138.46487040360807,145.73286514927167
2025-12-12 20:48:27.773967,Idle,125.1700467775081,123.19837110646768,116.87922195947613,134.2907732927706,114.37746170628816,127.13108695823757,130.1550134558638,139.46979503554758
2025-12-12 20:48:27.777966,Idle,103.46266188622394,99.53574644724722,91.73154221390723,110.52411770127947,112.40153355407529,101.30654850233987,103.91686765442137,115.66136243901565
2025-12-12 20:48:27.781953,Idle,102.37027078434767,100.88229634537129,94.55706576403463,110.70067869601189,94.0505148004886,101.00380181269429,106.80700015925686,117.0197102446109
2025-12-12 20:48:27.784993,Idle,125.84854256622202,127.44264714146266,122.43816314643482,135.9600376265007,90.94139370202902,124.14389268645027,133.8075042940909,141.71347273816355
2025-12-12 20:48:27.791025,Idle,131.89630599308293,132.79846714891028,126.50692618376343,140.84262486817897,106.87383501678414,125.647692384533,135.18622838731972,144.6859777837817
2025-12-12 20:48:27.794043,Idle,108.33229438593844,107.87330815996393,100.0798465583357,116.21457074661157,109.25455238514405,100.21840777150646,107.12561037158594,119.26990779902553
2025-12-12 20:48:27.798044,Idle,93.99740923481295,96.14560839906335,89.22089644821244,104.82669484757935,89.04115681894473,90.55463694789796,97.23148691360257,107.93629128098837
2025-12-12 20:48:27.802082,Idle,106.37007159763016,112.21524159226101,106.66912057576701,120.660077603854,77.1321675319341,106.31230396882165,115.12259858896141,122.72119085281156
2025-12-12 20:48:27.806085,Idle,111.46955990715651,116.6575347603357,110.51008328286116,124.07268657998065,87.29605328036996,106.98274175068946,116.26440704218112,124.84648919658503
2025-12-12 20:48:27.810022,Idle,91.2046376788785,93.36207840408315,86.13203143619467,98.9704069319705,92.31865013836068,80.70456357263902,88.63999578749645,100.68795159438741
2025-12-12 20:48:27.813101,Idle,79.87866581488925,82.60827149671968,75.9526142202667,85.79669068247313,76.57670838115155,69.63534523773706,78.08009766766918,89.77792175879586
2025-12-12 20:48:27.817115,Idle,99.89580697761266,106.25764481112128,100.06434231906314,106.899418650195,65.49882349239488,92.28647277991695,103.18762488898938,111.0469570417481
2025-12-12 20:48:27.822128,Idle,117.31984864571132,124.94515369992587,116.7463058399444,123.61484700380242,76.96571004162251,107.52952893557085,118.94701939480728,125.8278956488939
2025-12-12 20:48:27.826125,Idle,102.37504390503454,108.7767343094165,98.2633925427217,106.45442457305035,86.80247441673419,88.89804176273174,98.39108897437109,108.33899297242169
2025-12-12 20:48:27.830079,Idle,83.06846606529143,90.5848186541989,81.02280012468691,88.15529232978588,73.68060127703939,71.78003923957294,80.78248198944493,92.49380777133047
2025-12-12 20:48:27.834158,Idle,92.65961284763762,103.68531642347807,97.13219167137868,101.70994294184493,59.6176060855214,86.84599704368156,97.66918434991385,108.19257046357961
2025-12-12 20:48:27.837152,Idle,108.74508861309732,120.5143207727233,115.08014372264734,119.14819263969548,69.4856012853852,103.89024719348527,114.79419703772874,125.67414885773906
2025-12-12 20:48:27.841174,Idle,95.49318254091486,104.57669593740138,98.45918093807995,103.42916726146359,83.61726285330951,88.31560929870466,95.92807616601931,109.88179444547859
2025-12-12 20:48:27.845195,Idle,70.02100762931514,78.4685854469717,73.27548741502687,76.68869815362268,72.7453804329416,64.25376870442415,69.41124467898044,84.14170523820212
2025-12-12 20:48:27.850157,Idle,70.78331222305133,82.55064026109176,80.10567313019419,79.37082922505215,52.330329740740126,68.72843714598275,75.40204667067155,87.1267253634287
2025-12-12 20:48:27.854224,Idle,87.38575901338481,101.46249360771617,100.40480806070263,96.82309344419627,55.2702455179824,83.75168718161876,92.89197266899282,103.65827728272416
2025-12-12 20:48:27.858235,Idle,81.98877542179252,94.71491468773456,93.17448611115105,89.32122033159249,72.57150531531079,72.67171735168085,81.7130675863009,96.38156188683934
2025-12-12 20:48:27.862252,Idle,61.37693749128084,73.45944249694003,72.59810674906475,68.20743792984285,71.48589621846622,51.504236468405,59.71700400230475,77.27638890480739
2025-12-12 20:48:27.865273,Idle,63.96129192385706,78.99755883452599,80.71050810356974,74.37847303267336,56.33115360143711,59.79855780339858,69.28434135619318,84.20715355320135
2025-12-12 20:48:27.869290,Idle,86.00273786702019,103.36922918952769,106.36029581274488,99.26998585293768,58.48819783395447,84.64555300977372,95.62916699747439,106.91802232412738
2025-12-12 20:48:27.873299,Idle,87.45579550875118,103.16663265356328,104.66490138677182,99.02931131591322,76.45852987508988,82.62321354378946,92.57489153678762,104.29893805764732
2025-12-12 20:48:27.877311,Idle,67.43667482858291,81.47617668678868,81.47843137363088,76.74206739850342,79.3496511290432,60.612910038020345,68.96404314960819,82.15073495256365
2025-12-12 20:48:27.882319,Idle,65.39431775575213,81.53291781147709,81.91876225039596,76.13782887571142,65.19024268514477,62.338812713554944,71.36621873706463,82.70650253459462
2025-12-12 20:48:27.886336,Idle,85.21921983294305,103.33976219611941,103.95905288963695,97.76710629349691,63.540541095717344,85.10609053597727,94.79522926724167,103.9284935115138
2025-12-12 20:48:27.890354,Idle,86.8320237784501,102.21566674567293,101.71402383575332,96.9701692367089,78.86565462272847,84.36300249958003,91.0304008294479,101.9625969400804
2025-12-12 20:48:27.893365,Idle,61.60889494266303,72.95740384422243,72.76411722623743,67.99678693173337,81.47555027274939,57.47025425218453,59.5055960334721,73.29067300196039
2025-12-12 20:48:27.897371,Idle,49.89909785435884,61.52350669147563,64.79464358612313,56.26319989078911,63.12080542019976,49.22671235859161,50.121227690862725,62.66685139093897
2025-12-12 20:48:27.901403,Idle,67.55681029934203,81.80213127165916,88.37905673542991,75.67423970141681,53.74229375857976,69.27686941846332,72.54047904378967,81.89920666877879
2025-12-12 20:48:27.905435,Idle,77.34124913901906,91.07111167770927,97.50413406104781,83.9872824557242,67.19272205670131,75.13846999799716,79.82301058855955,89.58552624401636
2025-12-12 20:48:27.910417,Idle,57.3154837013426,68.47066461615032,73.38432775202091,60.754102773062186,75.78543925299891,51.28351753257448,55.27773931084084,67.85917960334336
2025-12-12 20:48:27.914443,Idle,39.835459754787735,51.59928489822778,57.02153304699459,43.706588632805506,61.29402383866545,37.2079179482389,41.49429242461338,53.85420740264817
2025-12-12 20:48:27.918470,Idle,50.63045404225704,65.63716807583114,72.21320311925956,57.92566605639877,48.17416818057245,53.56940220153774,59.73112638870953,69.38177369014011
2025-12-12 20:48:27.921470,Idle,62.135496259405045,77.95778282481479,82.9354943225917,70.26676615519682,57.434454139045556,64.52336802052741,70.91589836642379,80.75817262232886
2025-12-12 20:48:27.925499,Idle,47.31287864240585,61.87626531987917,63.40695633739233,53.27626528564724,67.8027164539526,46.23235391023627,50.52847567430581,63.30673124655732
2025-12-12 20:48:27.929495,Idle,31.918779928339063,48.34810130530968,48.0836130186799,37.811694886971964,56.7945494845917,32.7205506345781,36.04149929329287,48.887397374841385
2025-12-12 20:48:27.933536,Idle,45.97397066002304,67.05019170916057,66.59915514828754,54.47624135197839,43.66759974024899,51.91941211100493,56.48474591667764,66.07145441841567
2025-12-12 20:48:27.937512,Idle,65.04861980830901,87.19047405084711,85.4998732265376,73.42778188368538,52.70324913649529,71.03470623360772,75.54198696871754,84.40581404371187
2025-12-12 20:48:27.942527,Idle,52.243335291481344,70.45359667536104,66.92321171713411,56.39135669826646,65.31061164980929,54.10326836377499,55.69595635852602,67.80888978397707
2025-12-12 20:48:27.946561,Idle,24.28228026391298,39.50703291155514,36.424931096000364,25.530239778279793,51.84917761989345,25.975323284466867,25.566514847771032,39.06612529864651
2025-12-12 20:48:27.949562,Idle,20.209563850206905,36.27858293429017,35.43212384074286,22.601396275611478,26.093767251673853,25.682244286275818,26.864288804514217,37.20077004740597
2025-12-12 20:48:27.953565,Idle,31.742158028748236,48.06307058426319,47.69017906190129,35.11735012831923,21.846766812624992,37.09130163681402,40.44721019701683,48.22971279267222
2025-12-12 20:48:27.958579,Idle,24.40343869345088,37.69309655438701,35.77545871332404,25.819172077186522,34.5247090185876,24.900579571796698,28.027545383403776,37.37049204664072
2025-12-12 20:48:27.963620,Idle,7.016025154662202,18.131238064874196,16.254146297593252,7.107369164354168,34.161883832581225,5.517582614047569,8.370157350465888,19.115497984428657
2025-12-12 20:48:27.966609,Idle,16.351162803330226,28.90388290284318,29.549249747229624,18.166138934509945,22.61024931151769,17.21057056671998,22.373664991129772,30.727948737112456
2025-12-12 20:48:27.971674,Idle,44.99161878164159,58.26938275594148,60.374184197804425,47.450228722023894,27.37014838651521,45.09977028355934,52.22359081188915,58.355663060050574
2025-12-12 20:48:27.974618,Idle,49.025949625473004,58.88733917173522,59.68512685582391,47.93569849675987,45.344228514353745,43.44117612123955,48.31687058547686,56.31600313333911
2025-12-12 20:48:27.977613,Idle,24.54779845455778,31.053518510176218,30.762924242095323,20.16696497744124,44.66025989531772,16.763930800385424,17.25233255015337,27.30469015147537
2025-12-12 20:48:27.981671,Idle,13.419282711620326,21.109029880244634,22.03157172052306,10.789971809397684,23.587721902367775,10.835559304105118,9.410218784250901,16.91850841937412
2025-12-12 20:48:27.985673,Idle,28.30739237702801,38.57602069887798,40.58857247256674,29.442380283973762,16.39029083956848,30.37351548083825,29.400457291587372,33.021575881619356
2025-12-12 20:48:27.989684,Idle,34.50919859572605,43.91266387379437,44.77320741106814,36.09896981384372,32.84023724567669,34.56459227715095,33.32315740159538,37.27377817049273
2025-12-12 20:48:27.993696,Idle,18.475127279758453,25.556382850307273,25.191499402440968,18.255480542007717,41.74269933081814,15.363434935949044,13.529789074324071,20.03683100664057
2025-12-12 20:48:27.997655,Idle,12.697617874393472,20.545470609373297,21.127678889897652,12.382778781582601,28.323673957856954,11.160229591900134,11.109530401459779,16.976429675298277
2025-12-12 20:48:28.001720,Idle,31.12914860303863,41.39265338155383,43.08559465374856,31.480235892609926,19.04423317288456,31.645361282658996,34.670926433376735,37.92849519659649
2025-12-12 20:48:28.004670,Idle,38.95357937490917,48.96721668919781,49.35664933406224,37.527574864725466,29.420009977686277,36.89857343546464,40.60948479514627,44.341741955591715
2025-12-12 20:48:28.009728,Idle,16.87375977425836,25.33671025579679,23.742179607623257,13.315708495254512,34.69141324937664,12.292700581543613,14.820065483712824,20.96581333798531
2025-12-12 20:48:28.013756,Idle,-0.13673630052653607,9.969797330209985,8.675457045130315,-1.7178956296265824,18.115865902444057,-1.4670477842882974,2.154663250883459,7.249337114291848
2025-12-12 20:48:28.017785,Idle,14.845637843784061,28.354255752652534,28.34718768525636,17.490036747651175,4.365370841907861,17.86782967002364,24.991642776571098,26.17753704628558
2025-12-12 20:48:28.021774,Idle,31.455719385339762,44.777286064912914,43.96712017827667,34.81716683508421,14.245695751531457,33.13256262156938,41.66409737429058,41.99688906829397
2025-12-12 20:48:28.025739,Idle,17.285438900071313,27.59725924160739,25.110310139833018,18.353109262068756,25.308445976777875,16.08386851065734,22.626604965378647,25.912720839696703
2025-12-12 20:48:28.029789,Idle,-4.7296519525843905,5.82212690851884,4.359999070351478,-2.975324494065717,12.382681316863454,-2.298477075572009,2.731224489674787,7.296327189353178
2025-12-12 20:48:28.032820,Idle,-2.0692307797435205,12.532274413839332,14.074978329517762,4.140797480911715,-7.090347816621943,7.526852124850848,13.270146531052887,15.829711517741089
2025-12-12 20:48:28.036831,Idle,5.769794085950707,22.07704924940481,24.741386203706497,14.442319795110961,-6.79897793247801,16.766757332370616,22.20894133449474,24.36698037701717
2025-12-12 20:48:28.041855,Idle,-13.878178361133905,-0.38174888159846887,1.3596075692621525,-6.908236583753023,-0.15173825500096427,-6.885944243855192,-4.235502134877606,0.896806545657455
2025-12-12 20:48:28.045799,Idle,-40.78517687415297,-29.5948687207856,-27.55484859032731,-35.23657406993152,-12.540244259842439,-34.93298268657236,-33.836241297321976,-27.538352406816557
2025-12-12 20:48:28.050874,Idle,-34.855422467095195,-22.892565014233696,-19.179781574348453,-28.32878286279447,-30.43747234599141,-26.740840437763836,-23.631693821691442,-20.76271962620376
2025-12-12 20:48:28.055847,Idle,-8.975538314101868,2.630355708199204,6.104939385695616,-2.984447499315138,-24.336528743435338,-2.6977021031052573,2.4854881026694784,2.1597911413846305
2025-12-12 20:48:28.058849,Idle,-5.814940306721837,2.0033732108058757,3.0875707883533323,-3.4443175553096808,-3.5614485513870022,-5.806073346313497,-1.760739185679995,-1.2818797180079855
2025-12-12 20:48:28.061904,Idle,-21.235834050203266,-16.04700819707068,-15.546354028731002,-20.543123174233187,-0.3448547354164475,-23.258472776891722,-21.15050510725996,-19.43928584382229
2025-12-12 20:48:28.064928,Idle,-16.524431725563772,-9.57812917092815,-6.304955050545686,-12.549295560718747,-12.502167257298424,-14.02729559152067,-11.5309670229326,-11.358635589902406
2025-12-12 20:48:28.068947,Idle,5.176219032960944,14.165177521710575,20.112079682883632,12.537504293410166,-11.043075074474473,10.593189125436766,13.834811499480566,13.450065740456921
2025-12-12 20:48:28.073906,Idle,2.967389915815147,10.502221643182565,16.553049758040288,9.136748304852517,3.0648406992695527,5.821235674753552,7.288116940420878,10.579057390976232
2025-12-12 20:48:28.077943,Idle,-23.950712804733485,-17.73648503572622,-11.972657575432095,-20.387078632549674,0.7326829067023937,-22.521185857302044,-23.107282031152863,-16.45544922775298
2025-12-12 20:48:28.081979,Idle,-31.064478130050702,-21.820928850283963,-14.739064868568676,-26.814918746167677,-18.11502695033414,-26.114942458531004,-25.51532752881758,-20.753590285377868
2025-12-12 20:48:28.084987,Idle,-8.494492952762812,4.735722356264887,12.870977912083617,-2.3423914979284746,-21.168737535739638,-1.472972018593282,1.5230067015436362,2.8556506494351197
2025-12-12 20:48:28.089000,Idle,1.1817974540317664,14.307284360467747,21.868187042106,6.564801149070263,-2.750710683169018,4.727530452757492,6.97917243577831,9.470283825103252
2025-12-12 20:48:28.093016,Idle,-19.489730053239327,-7.900014486367581,0.24145291878085118,-14.7439636953859,4.653725911253787,-17.99416865457897,-18.531114450532186,-12.342491622381203
2025-12-12 20:48:28.097023,Idle,-33.10529214219423,-18.853516072485945,-6.627579585732747,-23.869661739532603,-10.963303062126215,-26.020155853402684,-26.867299400844786,-20.529949919698993
2025-12-12 20:48:28.102069,Idle,-18.38199675175565,1.0042653787168092,18.132147798762162,-1.9739761662713136,-20.017796566986362,-3.753799089594395,-2.620708485323121,1.1682941327235312
2025-12-12 20:48:28.106045,Idle,-8.737421242709388,12.31763532351033,31.47789289162756,10.939568586101814,-6.598864111379953,7.73255100150709,8.998245149035938,12.988708637727541
2025-12-12 20:48:28.110076,Idle,-28.218077436256863,-8.214426646092761,11.172162769969873,-8.983716664355597,2.386049076270865,-12.208383961969957,-12.640233808058838,-6.289638311012823
2025-12-12 20:48:28.113053,Idle,-45.98582736792741,-23.82406270494539,-2.752189483424445,-25.07790560869762,-12.16749578389954,-25.807041570958972,-25.332446925109252,-19.72316777674496
2025-12-12 20:48:28.117102,Idle,-34.409616471340996,-6.943181463153451,16.82324988066648,-9.294492567722045,-26.093034519763023,-8.715365322514117,-4.07584131931435,-1.8039838795120886
2025-12-12 20:48:28.121038,Idle,-21.104750148348103,8.588273042834771,33.372382870757065,5.111565482537117,-17.45394628179315,3.8371121586242225,11.172425008138816,13.165373571282544
2025-12-12 20:48:28.125108,Idle,-37.31869209895376,-9.98934472138717,14.81393867261886,-14.462149270060763,-7.8632945585451495,-17.135844410207937,-10.816618583641684,-5.915907635488111
2025-12-12 20:48:28.129115,Idle,-58.80221203897236,-33.339990479664266,-6.653626592463752,-38.79634152642393,-21.97057001521989,-39.63597568840487,-34.55437080104093,-29.616792475822876
2025-12-12 20:48:28.134099,Idle,-49.43545661249664,-23.344821711934856,6.420685441147384,-29.590404094886253,-39.837478344099964,-28.6190795368384,-22.38974512241839,-21.456799743966258
2025-12-12 20:48:28.138124,Idle,-28.20459085128823,-2.921666279247802,27.598601533873534,-9.376288825624215,-32.483178377283366,-9.998545317870594,-2.666697524371557,-3.530667872790218
2025-12-12 20:48:28.141089,Idle,-35.53080710628274,-13.62275657666396,14.960605428057534,-19.76288353788368,-16.07792972326115,-22.676364713501243,-16.252486547182343,-14.203687761904803
2025-12-12 20:48:28.145155,Idle,-59.81274608573585,-39.074406960724446,-11.937593137345175,-44.81098340844983,-22.963644711109737,-46.993418636568094,-40.73577638439747,-36.895600165531505
2025-12-12 20:48:28.149165,Idle,-59.56064888559922,-36.10541968786856,-9.032295670003805,-41.54161227435452,-42.35405218561573,-42.04586896542605,-33.18271968068075,-32.31336491073671
2025-12-12 20:48:28.153195,Idle,-39.04835997723785,-14.62719638862336,11.059479166975507,-19.776369160853392,-40.63790468369734,-21.43243505188002,-10.586033789786597,-12.696541761575645
2025-12-12 20:48:28.157185,Idle,-37.32551472301202,-17.429123714762653,4.724918173451442,-22.27276869864204,-23.30112688765803,-26.19805871267272,-17.231036401646634,-18.399485073036203
2025-12-12 20:48:28.162206,Idle,-54.38841499675982,-40.042082855370154,-20.651663326570997,-44.55430267440727,-24.173221717295746,-47.83069260864431,-41.85504675924267,-42.07408310773178
2025-12-12 20:48:28.166224,Idle,-53.345129072673444,-40.98141229468911,-22.21014936890424,-44.961347082132306,-42.8516174014876,-45.94156477513752,-40.113971560450864,-43.19800823977175
2025-12-12 20:48:28.169231,Idle,-32.287908346697805,-21.206538641092266,-3.428188477821095,-24.251154041762675,-46.520638862461055,-25.621690987454713,-18.595258725175597,-24.60879899733027
2025-12-12 20:48:28.173236,Idle,-29.509544686032314,-22.78585311169627,-7.63473513612189,-24.566184146137857,-31.967638018690195,-28.344805627134065,-22.24133469047092,-26.96306324136458
2025-12-12 20:48:28.177246,Idle,-51.062617219529784,-48.64438026885182,-34.942116298057954,-49.13893383352206,-31.02166030359149,-52.879519770852085,-48.54473133547617,-51.08386404993871
2025-12-12 20:48:28.181265,Idle,-56.83801288009272,-54.37092702530572,-39.285829581356666,-53.729147360862044,-49.23825703249895,-55.02680700798546,-49.92445320750721,-54.13799170189304
2025-12-12 20:48:28.185224,Idle,-34.26213387254393,-30.16348302372353,-13.974653237193706,-28.483013385060985,-54.18285212069895,-29.353677042958907,-22.31244024284024,-29.225984633418193
2025-12-12 20:48:28.190288,Idle,-23.183737091163493,-20.740964013853954,-6.473667086647765,-18.13346935694608,-36.42160029826482,-21.123507490589873,-15.044389518732714,-20.476710735543747
2025-12-12 20:48:28.193298,Idle,-43.89956526477181,-44.53505294670322,-32.96858348348178,-41.24653033205868,-28.606822389348963,-44.5892979677501,-41.79371460470429,-43.82347746053347
2025-12-12 20:48:28.197301,Idle,-60.7556179156054,-61.340180152506946,-50.48532580174651,-57.656964964062354,-45.729425189590984,-58.379899449784716,-57.03201093642383,-59.58787627303536
2025-12-12 20:48:28.201315,Idle,-47.96578534292348,-47.31331699771181,-37.11323861290293,-43.49023387292982,-57.3355089494944,-42.480912068259386,-40.623451187228056,-46.574643317824666
2025-12-12 20:48:28.205338,Idle,-34.517992977669564,-36.64817654795115,-29.917578871951264,-33.04777983644453,-43.38357904753866,-32.66344648352788,-32.210158360954665,-38.684568135256995
2025-12-12 20:48:28.209344,Idle,-45.833156615595726,-53.47321580464268,-51.218468722690886,-50.57838549002918,-29.683826672764553,-49.485569588774524,-52.59544518165421,-56.98487983429732
2025-12-12 20:48:28.213294,Idle,-54.937976683531815,-64.91903161360096,-64.63502817299013,-62.8221301314843,-38.45259337127209,-58.04273430600915,-62.63234607479899,-67.74198540427096
2025-12-12 20:48:28.217324,Idle,-35.9401813648401,-44.72967222768057,-44.6448680657777,-42.60671642436864,-47.71192557014001,-35.39313159832818,-38.203581198660686,-46.7166732162259
2025-12-12 20:48:28.222405,Idle,-16.098690313421685,-25.31573485426634,-26.799977883754764,-21.8885183157945,-33.88306951776758,-16.4883222076769,-18.064946671809594,-26.922688971375464
2025-12-12 20:48:28.225410,Idle,-26.593328472950816,-39.004248383265804,-43.32361937392852,-33.67816520968336,-16.943646825857286,-30.459777412621406,-33.18486209745606,-38.91220162855461
2025-12-12 20:48:28.229404,Idle,-44.80636910233807,-59.14142813316721,-65.36223653271736,-52.37514420786829,-24.305995149705268,-47.096907299337545,-50.60161342707943,-56.07175501668098
2025-12-12 20:48:28.233422,Idle,-35.719755830574286,-50.274527671019314,-58.4651231875614,-42.862072528820136,-40.018253446884046,-33.2885351904315,-35.97982992126708,-46.16633310718316
2025-12-12 20:48:28.237388,Idle,-15.099651975575398,-32.908608697856835,-46.23285282118013,-25.281629002955015,-33.42564753075567,-13.911863208448267,-17.192190687117545,-31.474822307180148
2025-12-12 20:48:28.241465,Idle,-17.78007903443904,-42.639804502432526,-63.625684448721586,-34.84458298332902,-14.521975774274324,-24.322170643677964,-30.728653596343065,-45.39410623894946
2025-12-12 20:48:28.245479,Idle,-30.905053962740567,-60.743054515260155,-87.95236917371221,-52.60859309876105,-13.273181441792985,-42.99353474632517,-51.15078855091997,-66.84456660450087
2025-12-12 20:48:28.249491,Idle,-18.154458339813573,-48.16067973668396,-79.13516855328635,-39.27931126255862,-23.16606989291904,-30.82107162252578,-36.95964910955081,-56.969030544794805
2025-12-12 20:48:28.252502,Idle,9.33261033754934,-21.109800423881097,-56.23483400441182,-11.11353199356381,-16.18288896359445,-4.963978547104489,-9.221849716530414,-32.17501708889904
2025-12-12 20:48:28.256498,Idle,10.10226804235026,-24.627286826595082,-64.99601004707802,-13.892468646787165,0.538070558977779,-8.309033278175775,-14.729750511265593,-36.02155315102573
2025-12-12 20:48:28.261525,Idle,-12.09956415022316,-50.6950648734055,-94.23080673943332,-40.41296570438135,-4.5265108939565835,-30.50015537110812,-40.56103593957232,-60.09658561593824
2025-12-12 20:48:28.265533,Idle,-15.145139763140833,-53.194122478395,-96.68938102723041,-44.285245760460384,-27.898107240529498,-27.91281491562404,-39.092449372932606,-60.72163687629654
2025-12-12 20:48:28.269551,Idle,4.901213759834718,-31.81213369710167,-75.44255200328189,-23.982038028734678,-34.386303207262245,-4.591861548269662,-16.03886980810057,-39.55612749555439
2025-12-12 20:48:28.273577,Idle,9.046805667878289,-30.032209861907177,-76.03978511270543,-22.23692091342673,-19.060469558891782,-3.4306955929278047,-17.896178383089136,-38.550745685366564
2025-12-12 20:48:28.277598,Idle,-10.523424190014339,-53.11051882930042,-101.11276038271899,-44.70455513035995,-14.669198885043443,-25.492696923633048,-44.108051490809885,-60.78362230255152
2025-12-12 20:48:28.280585,Idle,-16.140768460418258,-59.121577784011606,-106.54914195399033,-50.10624053955689,-30.82474711881514,-28.420866290638514,-48.16221493248304,-65.13449072070216
2025-12-12 20:48:28.284654,Idle,3.7729245552036446,-38.82586910405371,-85.17191526507668,-29.209015197557164,-37.46406603929063,-6.505427318188595,-25.09579093100183,-43.95762640362227
2025-12-12 20:48:28.289648,Idle,12.018255093813423,-34.02304443356843,-80.65568640055426,-23.635152825940168,-22.55214898527629,-1.94649949900122,-21.341900824168988,-37.899820053564326
2025-12-12 20:48:28.293663,Idle,-8.238966701021127,-59.5010442349012,-105.50534495520697,-48.56110672625073,-15.695632928785926,-25.819631400994695,-48.16188165265339,-59.85139921107475
2025-12-12 20:48:28.297659,Idle,-22.425253188498573,-75.3586762656414,-117.62166594924929,-64.70506893903075,-33.883371785414056,-37.42104633367853,-61.32789289392531,-71.31514687250456
2025-12-12 20:48:28.303675,Idle,-9.275691583336084,-61.38043089777784,-99.3447891202668,-51.80750261142384,-50.35258213390625,-20.446813705581008,-44.58190956220642,-55.373381661651365
2025-12-12 20:48:28.306689,Idle,0.9618119423867029,-53.19297015044867,-89.8512966435228,-44.733159809256904,-43.31381072721706,-12.291706784995768,-38.939206929237116,-47.97017314216646
2025-12-12 20:48:28.309724,Idle,-14.135734899125964,-72.85362495234585,-110.20593810272112,-64.89853481484897,-33.40400237219728,-31.94830948008166,-63.08456392024527,-68.58701364850276
2025-12-12 20:48:28.312726,Idle,-24.6748386331019,-85.01198539460165,-122.15234684859752,-76.89943993071938,-41.51396968548215,-42.47411847442345,-75.42095857238019,-81.2534179588838
2025-12-12 20:48:28.316662,Idle,-4.022946871867134,-62.63563333705679,-99.44911988092645,-53.856705648009665,-48.33524640062387,-19.73649574841329,-50.932374471318326,-60.80947949754773
2025-12-12 20:48:28.321710,Idle,17.808397961771334,-41.07470945327077,-79.94614502877812,-31.057062909807428,-33.095744850965275,-0.28959173222028767,-30.736116711945215,-42.08889448501577
2025-12-12 20:48:28.325744,Idle,5.312283471268529,-56.964950104855234,-98.80224077300227,-45.01614126814093,-17.159689808511757,-16.810815983928478,-49.5093976338685,-58.186303781782044
2025-12-12 20:48:28.329709,Idle,-18.214404269647275,-81.94504857204447,-123.96275544448872,-67.59388689150364,-26.970243815914728,-38.326807778801594,-72.74259128264384,-79.95313357126724
2025-12-12 20:48:28.332756,Idle,-12.365806927189624,-73.8359031915752,-113.76485203838092,-57.12398975944234,-43.940499505501066,-26.345672875409946,-60.15389694895566,-69.14441917992372
2025-12-12 20:48:28.336718,Idle,8.876380200341373,-51.224334779166384,-90.7220220999443,-32.68435310373752,-36.29061426899716,-3.5551780771347694,-38.14323221571976,-47.24610127454798
2025-12-12 20:48:28.342805,Idle,6.198804504611871,-55.42833501435234,-96.64455230924068,-36.01304577592964,-16.155756222135096,-9.282361332760047,-48.48434466559411,-53.75599423098902
2025-12-12 20:48:28.345797,Idle,-11.252309120283826,-72.81314346945146,-114.34616370790172,-53.55130548057787,-16.48947653911455,-26.00467757082515,-70.08715916204528,-72.63705387891969
2025-12-12 20:48:28.349830,Idle,-4.17434473099911,-61.90321385907009,-101.2841049629642,-42.98987836303422,-30.162057110239402,-13.405815276055364,-59.08115865987202,-63.14173659385415
2025-12-12 20:48:28.353806,Idle,21.664377702105412,-33.495049042161554,-71.36440646044503,-13.855270289088367,-24.554499316094734,14.289942229137523,-31.934232458901533,-36.87405406490143
2025-12-12 20:48:28.357819,Idle,24.642768423490452,-32.719012820351054,-70.99971439382352,-10.994590472735581,-3.8257541607235908,13.061420201520377,-35.89316952192166,-37.000775151944254
2025-12-12 20:48:28.360839,Idle,3.482094420748581,-56.37291701907816,-94.04149787261849,-32.27232780984923,-2.351488086307654,-10.268289294814167,-62.17782792000071,-59.06880911484768
2025-12-12 20:48:28.364839,Idle,-1.946091944220825,-59.89354149972496,-94.38040536612971,-34.3839684816121,-21.542862760565185,-11.88971202889661,-63.67269929249596,-61.03069472439529
2025-12-12 20:48:28.370884,Idle,14.582798457098761,-39.96833910261921,-71.60210859683866,-14.377318502534763,-27.15197807332879,7.758888056072465,-42.54810195352911,-41.91040673517273
2025-12-12 20:48:28.373875,Idle,15.274112754513226,-38.68874102308473,-69.82809696871846,-13.78644249431818,-11.851451414571784,6.868436984259461,-44.20861164087546,-41.78505166620016
2025-12-12 20:48:28.377830,Idle,-8.02468707017033,-61.60752684895124,-92.03456681953685,-37.28422358976968,-6.3143401805718895,-16.539067303252523,-69.062757810716,-63.21107106102863
2025-12-12 20:48:28.381900,Idle,-15.06823069094662,-64.20441519773158,-91.41358698766271,-39.73024926009384,-19.324818515633524,-18.072237677341036,-68.48337817231368,-62.70770822891791
2025-12-12 20:48:28.385904,Idle,7.986129482531396,-35.49608790161437,-59.41696493142808,-10.313846818244201,-21.861940087947005,9.693187063880032,-36.03962818882428,-32.26763982832199
2025-12-12 20:48:28.388922,Idle,19.8696013810395,-22.21483460831223,-45.66823487514921,3.138229309268354,-4.974123754371249,19.98123386471707,-23.16273514736531,-18.51854104353697
2025-12-12 20:48:28.392933,Idle,-1.444167059918982,-44.64958100201329,-68.81218459141382,-20.75893352182902,0.4108198151225224,-3.8942090679483954,-46.38217222823005,-39.675325262898696
2025-12-12 20:48:28.396943,Idle,-18.46257322442034,-59.57917472286499,-82.85517860521213,-38.609809443842096,-18.923912195052253,-18.65034208434372,-57.81756046516239,-53.09874580251926
2025-12-12 20:48:28.400898,Idle,-2.811583239340962,-39.21956188684271,-61.273811273887986,-21.196108511969214,-31.241458061762387,-0.813094851335336,-33.51538665902626,-33.336331493090256
2025-12-12 20:48:28.404965,Idle,14.97724500841332,-19.386754337894672,-42.35690220826655,-3.1017586520683835,-15.322916445613373,12.858132263711013,-14.859668800534564,-15.485513981460826
2025-12-12 20:48:28.409992,Idle,4.6741423770654364,-30.249119238345884,-54.61293637222843,-14.582005868083797,1.9847920348183834,-2.9305180980445584,-28.78944295108522,-26.470008445932763
2025-12-12 20:48:28.412986,Idle,-8.677548539951204,-41.96262278912036,-64.96619770229154,-26.63761704487115,-5.810035878414055,-14.868443089457287,-38.607486012413574,-35.77128217862628
2025-12-12 20:48:28.416991,Idle,4.611524207688035,-25.23745340462483,-45.383448470849544,-10.464990124986798,-19.37258445317275,4.29552980162407,-16.096548610432365,-16.690966562120593
2025-12-12 20:48:28.421019,Idle,21.397069296992868,-8.799503725487739,-28.53266835861723,5.081227912880422,-11.997449247057375,22.73566406837199,3.1025813112792093,0.24769237174768932
2025-12-12 20:48:28.425027,Idle,10.769742682377455,-23.476266868463426,-45.14828763666446,-11.206052931673185,2.030636111885542,8.072224829804327,-14.088655242157984,-15.761715882465069
2025-12-12 20:48:28.429023,Idle,-4.861879970565951,-39.60077130715217,-61.89189611110487,-30.065989431714115,-2.3251191653180285,-12.741166292900743,-35.12771667922789,-35.87430979065539
2025-12-12 20:48:28.432980,Idle,10.46404028604502,-18.372246274848294,-39.33421713009011,-12.388129255879903,-11.56687089294428,-3.577990481899178,-20.73817260472424,-22.367347616280313
2025-12-12 20:48:28.438045,Idle,38.35219024476828,15.934262055168801,-4.762009118756396,18.45614784128702,0.48416103602357907,14.657181571841647,3.4296830997773213,2.923143906540645
2025-12-12 20:48:28.441093,Idle,36.290225774478586,16.45031635295163,-5.466333250515163,16.244984688928525,19.649345974132302,4.111112536091241,-5.550615734187886,-1.7561230878563947
2025-12-12 20:48:28.445061,Idle,12.032093718424449,-5.811186329941847,-27.088764329935657,-7.920365468402451,12.984095288367826,-19.150049545933143,-29.85393164397101,-23.58550043390278
2025-12-12 20:48:28.449055,Idle,6.507229225428546,-6.957140713137051,-24.714326013971004,-10.267545534559758,-11.957664075242064,-16.070890013230382,-26.695515590145078,-22.293712457882066
2025-12-12 20:48:28.453028,Idle,18.668237061542186,8.64022798982478,-5.872789439104963,4.6804212528368225,-19.639597956447687,0.9907368387794122,-9.201050453564676,-6.079284356383141
2025-12-12 20:48:28.458073,Idle,12.503474412399896,2.250316214878694,-10.853654123842716,-2.132956238456245,-8.146199847804382,-8.378253109913203,-19.557646597379062,-13.400816633096838
2025-12-12 20:48:28.462104,Idle,-9.89657312200984,-20.282655296752637,-31.39138951008499,-25.316764645671356,-7.612734127658769,-34.82672726209421,-46.051682553872524,-36.78076546608645
2025-12-12 20:48:28.465102,Idle,-9.659603258703271,-16.637701986415777,-24.20301161527459,-22.73730183056614,-21.77715486602392,-34.727960054740834,-42.45104041622835,-34.509812437368964
2025-12-12 20:48:28.469101,Idle,14.829221241649591,11.29773689591093,5.566978340066271,3.9689951962791383,-22.672402889198565,-11.582362225519319,-14.845090237882687,-9.30750197864836
2025-12-12 20:48:28.472119,Idle,21.668168448554695,17.438870094272716,9.878846451625577,9.034549652322312,-6.357952073820343,-10.750321444284054,-12.456284703250276,-5.482486094988417
2025-12-12 20:48:28.477110,Idle,1.947287499359959,-4.255322308752511,-14.089264836424263,-13.582280270886258,-2.2000225529409363,-35.465321453884826,-36.88696962847462,-27.14222644596157
2025-12-12 20:48:28.481118,Idle,-2.8474512269892784,-7.6426531931138015,-16.860285731541808,-17.84889019546972,-16.93078801453521,-40.17905088203406,-38.32530614058487,-29.33341344481596
2025-12-12 20:48:28.485140,Idle,22.58238072269387,20.379124734725337,12.992277293276857,9.494587673390924,-20.149160644774383,-14.883226287871366,-7.783841311822471,-1.060087873309385
2025-12-12 20:48:28.489141,Idle,38.27458762160131,34.942107182861946,27.696373481187038,23.678608926529705,-0.6548807479121024,-3.574365376625792,5.696036122877558,13.373344116575026
2025-12-12 20:48:28.493146,Idle,22.208935651904994,15.81140004498593,8.344586838313262,4.048936430204776,11.450670715530578,-22.471243105137546,-14.691967427905183,-4.805248407377803
2025-12-12 20:48:28.497161,Idle,10.071163245833759,4.290929033071734,-1.0257416491367621,-8.529667359536688,-0.5832766075182008,-30.75004975734919,-23.589388944885286,-15.387164642794232
2025-12-12 20:48:28.500149,Idle,28.445421533446734,26.38624756209174,24.297486944429693,12.191859586993814,-9.536783969349926,-7.660212452698033,1.4172555441327859,5.7930963052785955
2025-12-12 20:48:28.505187,Idle,45.28317184346815,44.48483714621398,43.713629379621125,29.205803585369722,4.789732627235935,7.627461940035573,17.812877095653675,22.297259784558264
2025-12-12 20:48:28.509249,Idle,28.51330891356656,26.150247006451536,25.651244887252687,10.27574678981182,17.19468575726205,-12.747419019739027,-3.6905697659531143,4.167171275119472
2025-12-12 20:48:28.513166,Idle,5.040379983850471,3.467310118598107,4.977721938295872,-12.758464183076285,3.7989242774565355,-33.95196156283055,-25.089064997220703,-17.213587646176165
2025-12-12 20:48:28.517253,Idle,12.420505180034525,14.70801481622766,18.88503829932597,-1.8250474674496218,-12.245446587177867,-21.23564011874987,-10.090615695931774,-6.399691120925127
2025-12-12 20:48:28.521205,Idle,32.219548689667135,36.06205069088901,40.17371158426249,19.17170093585446,-2.462102221637906,-1.735129612898163,11.203386639987002,12.992710943639395
2025-12-12 20:48:28.524215,Idle,26.98900659994615,28.393001237505814,30.31242641962308,10.768974629398144,14.43621097344294,-12.2389107561321,0.5469595807226142,5.004900052532321
2025-12-12 20:48:28.528284,Idle,10.845515457208421,10.680936841657967,12.210734206753841,-8.35268761372572,7.710309923291788,-30.535467959649395,-16.649808977366774,-10.58898793116532
2025-12-12 20:48:28.532305,Idle,20.72832739396017,21.957598770684854,25.573292509689054,1.2706745940377004,-8.442222225785372,-18.90299829778087,-0.9969536951757618,2.726586897391826
2025-12-12 20:48:28.537326,Idle,42.775755982425835,43.89435514387151,48.87801698654948,22.09297292030533,-2.8853461364269606,2.0878342726209667,23.210054019480594,25.75928403839498
2025-12-12 20:48:28.541288,Idle,35.23486861768288,32.689367274870165,37.28614926387672,10.220995889452752,13.266033985826652,-9.769418278541707,10.9452088353828,16.722418363387987
2025-12-12 20:48:28.545356,Idle,6.918299702238073,2.1491078577164444,7.012801796801796,-21.34372086331132,7.687492517899955,-38.64912862781057,-18.734227510467463,-10.39011729885533
2025-12-12 20:48:28.550363,Idle,3.626597316149855,1.2043348236038582,7.553661016376282,-23.685196198632184,-11.680489114965894,-37.81690770383284,-15.31532856747799,-9.420422308627167
2025-12-12 20:48:28.554334,Idle,26.19017840901506,25.954276742530055,32.37383660359046,0.28057390564936213,-10.10552305803867,-13.995501632394735,12.61854530880737,15.1234824107014
2025-12-12 20:48:28.557398,Idle,30.6477025152617,28.15455881228263,32.445832830955624,2.790826257900335,9.58868211437948,-13.564984150594682,15.231582224143494,18.0473852981886
2025-12-12 20:48:28.560406,Idle,9.12377348211703,3.5623068675558898,6.265919372031931,-21.018079492045217,11.277739410754293,-37.3905631492089,-7.0003588545223465,-3.630130437668413
2025-12-12 20:48:28.564363,Idle,2.12531252403096,-2.777199013835343,0.15842295283800922,-26.637593857092725,-8.771648383866705,-41.5982202508967,-7.033489951318188,-7.62296869194688
2025-12-12 20:48:28.569421,Idle,22.061970435997864,18.68934701010585,21.13853554947127,-4.220940657964093,-15.71823322554701,-20.287205395827186,19.577211300107592,13.911900930914271
2025-12-12 20:48:28.573456,Idle,32.33224586799406,26.986563167774875,26.70027365086571,5.505980125635688,0.5395949838784873,-14.213167005764262,28.18824185674748,22.05308890811284
2025-12-12 20:48:28.577473,Idle,18.40773987133798,10.486426007948467,7.859729705778591,-9.613359402836068,9.6274111158491,-31.62644322605047,10.913728304807591,6.592111855716212
2025-12-12 20:48:28.581426,Idle,13.931159846120863,7.95103628130164,5.624832179848454,-11.324027909919096,-1.374001822397986,-33.29572988095606,10.391119539766805,4.2372778790668235
2025-12-12 20:48:28.584443,Idle,33.64045954177709,31.971640174211643,30.35829019254743,13.29427887818747,-5.60247813755268,-9.240103719886974,36.480177660680056,26.19814675161615
2025-12-12 20:48:28.590524,Idle,41.84746844269466,41.13104892181582,37.9727861688516,23.218890328949783,9.84951886923227,-0.8469860917539336,44.68320401823439,33.77373088013701
2025-12-12 20:48:28.593638,Idle,17.66718174469497,15.182883360073902,9.979331721318886,-2.191316599957645,16.418319755124685,-25.426985907681228,18.24355539667158,9.530054696268053
2025-12-12 20:48:28.597554,Idle,-3.7022041579839424,-5.4672317408403615,-10.223588622553507,-22.837441888572357,-3.3877426032631774,-42.90591396964737,1.4958251829011715,-8.009312134327047
2025-12-12 20:48:28.601527,Idle,8.057000987268111,9.537202294603048,6.681189641152741,-7.500313536897011,-20.662320230389014,-27.016222001089773,21.43819041687675,8.014266026417317
2025-12-12 20:48:28.604527,Idle,26.24356678310869,28.655458568871836,26.473653365472273,13.42651914266753,-9.711292322099325,-9.959434545220574,41.680025994210155,26.792799750255654
2025-12-12 20:48:28.608644,Idle,18.746779718574544,19.42380153166596,17.683831664500758,7.251667769247433,7.141184548927413,-19.636087630417023,32.31199896703038,19.192892551051045
2025-12-12 20:48:28.612672,Idle,5.2968320455474895,6.438873031787807,7.567764524006634,-2.873243414745957,0.7510723962113843,-28.963798468073946,23.179680734352587,9.90432545702788
2025-12-12 20:48:28.616659,Idle,14.369513146237296,19.038823211521958,24.228896434637136,11.52883772081259,-14.548064153292216,-11.686225720863149,41.762830563071475,25.637066207716998
2025-12-12 20:48:28.620655,Idle,24.935825381584436,31.450603797442454,38.38258961105748,25.208527058035543,-12.094351259060204,3.6610468817671062,56.427838759449514,40.350808712657454
2025-12-12 20:48:28.627680,Idle,6.002175439494749,11.44796296444838,18.069992252967495,6.622799989832856,-3.6355754542018985,-13.543482601911819,35.334233339161074,23.6096330944456
2025-12-12 20:48:28.631623,Idle,-21.41784431236738,-15.316098297604185,-7.68989170236091,-18.730721762709436,-14.96911875897058,-36.130357463422115,9.45159368309396,0.20036369006993482
2025-12-12 20:48:28.634634,Idle,-19.830959413873643,-9.825266537838615,0.42188045691727893,-12.046482594880217,-34.738951494211506,-27.34473453424289,18.060190485080966,6.206592959795671
2025-12-12 20:48:28.637690,Idle,-3.3409457118577848,9.004546029631456,20.346505585992418,8.132024806691334,-33.817125785433745,-7.87062680064264,37.50738226947033,23.162147006336454
2025-12-12 20:48:28.640700,Idle,-10.557438948089839,0.3052386140479939,10.544917529503437,1.0016832316978252,-19.255633175976982,-15.9316350727604,26.702140445415353,14.041973623730883
2025-12-12 20:48:28.644722,Idle,-32.175329174424405,-21.78401714246138,-11.807738377967326,-19.934894596604863,-21.083196582156233,-34.6980049761878,4.849398575828673,-5.785258542066003
2025-12-12 20:48:28.648724,Idle,-28.745396553473256,-14.44090768074966,-2.782044846131612,-12.000632244664303,-36.19423893457133,-23.369914374881773,15.70814109746425,3.8009519592706056
2025-12-12 20:48:28.652744,Idle,-7.548747602115327,10.716274229664123,23.288412626403442,13.953763147426798,-35.994189932411246,3.533277101789281,42.61477710729014,29.961973925608618
2025-12-12 20:48:28.657744,Idle,-14.079095068620518,3.7102214070910122,15.341423938851221,8.219744662430458,-23.91742391412845,-2.4755990214871417,33.99477913708688,24.835643730642914
2025-12-12 20:48:28.661776,Idle,-48.89929903251323,-32.916293402115116,-21.03390327574016,-27.56326399826503,-31.688325210125186,-36.07081472299251,-2.5426293150212587,-8.392853337722045
2025-12-12 20:48:28.665791,Idle,-63.51021610656608,-45.92895368546306,-30.777251978863205,-40.72664024081678,-58.57082976557285,-45.235592396544234,-11.173381119477199,-19.001568140924064
2025-12-12 20:48:28.669791,Idle,-45.561960058577824,-25.015103215526324,-6.3902902752379305,-20.06916986295255,-68.03171825790923,-22.252410673580016,13.87124189026872,2.618790943772183
2025-12-12 20:48:28.673814,Idle,-37.13929123437265,-16.59741225149628,3.021532824019232,-11.13348459376357,-50.82069927035627,-12.230696057009482,22.65996497559172,12.93030222123707
2025-12-12 20:48:28.678830,Idle,-54.94981935523538,-35.61270187820628,-15.711287046939105,-29.624780904592626,-39.89101753876457,-27.312614569334983,3.4325164680176385,-1.940100450436148
2025-12-12 20:48:28.682827,Idle,-61.612583899652236,-40.46441842026252,-18.492698080564878,-35.29602605279433,-50.05063036700449,-27.51092210398201,0.6475753045997408,-3.7881781247306208
2025-12-12 20:48:28.686857,Idle,-38.740663136450166,-14.666792626121605,9.717205564738833,-11.7312352238514,-52.97485871065146,-0.4936859231966082,27.263058587155683,21.392537416992127
2025-12-12 20:48:28.689859,Idle,-22.675819700743887,0.5540093962335959,25.288499631329614,0.7144406991901633,-32.02837929785164,12.61733098285913,38.72626150749056,34.797518075549306
2025-12-12 20:48:28.692810,Idle,-36.014755080483155,-16.060652434600343,8.478720518707632,-18.706107929301652,-14.007277277596586,-5.354033648334735,17.7150015761963,18.276266181332176
2025-12-12 20:48:28.696871,Idle,-46.35751457250444,-26.73843292889069,-0.12749720228202932,-31.81864442827282,-20.673180041834712,-14.944007253325253,7.27657217763408,8.977906303862255
2025-12-12 20:48:28.700911,Idle,-30.69432032495388,-8.85071801734739,20.92588904783588,-14.972454803893925,-31.520577020244673,4.780438010529906,28.318372220470337,28.202642304546316
2025-12-12 20:48:28.704855,Idle,-21.728187032364076,-0.3455623942791135,30.607437280054,-5.505726524668717,-24.82987078689621,15.472488494629943,38.10812530725707,39.54655466085387
2025-12-12 20:48:28.708922,Idle,-46.45367277277546,-28.329153656362905,2.4055141200751677,-31.64782264783571,-17.85873288977018,-8.665547832537413,9.806524744153648,16.79805237598339
2025-12-12 20:48:28.712861,Idle,-71.3967316099297,-53.78980533315189,-21.720012714429686,-56.09648173527603,-30.52024758924381,-30.021056220837636,-14.614831517834318,-4.459333428900209
2025-12-12 20:48:28.716929,Idle,-60.446959402448556,-39.38764218057622,-4.704415434709517,-41.60287936369423,-42.873596006291336,-14.82282955971823,0.8587155826699018,9.880357609590646
2025-12-12 20:48:28.719940,Idle,-41.861279814060254,-18.48779853093947,17.268744028362562,-20.331025951752963,-30.271388177687186,3.922182776281261,19.645200306380502,28.82667976446828
2025-12-12 20:48:28.724963,Idle,-58.80398203101504,-36.19226150444592,-0.863300638849978,-37.211906618213106,-11.961862533287785,-14.346915865015035,-1.504709642389571,11.291334267403727
2025-12-12 20:48:28.728987,Idle,-90.72382782564091,-67.4588676837775,-31.38164785362187,-68.29429516635719,-18.812431095902866,-43.25145752985554,-33.13295277868019,-18.782546100601394
2025-12-12 20:48:28.732920,Idle,-88.54809964411834,-61.26720465043036,-23.377311325612936,-62.71563294006046,-35.92491669992887,-35.93232688318676,-25.370673557103146,-14.138554984237999
2025-12-12 20:48:28.736987,Idle,-59.74803557054838,-29.95539273261238,7.559890929130233,-31.530709035643667,-26.95090207776957,-7.2940689345286955,4.151042988612971,13.311422186141499
2025-12-12 20:48:28.741014,Idle,-50.14709285199933,-22.361777262176474,11.928283378714696,-22.930168268121633,1.7093041337357135,-2.928040646345835,6.44188812370885,18.28083481053909
2025-12-12 20:48:28.745017,Idle,-60.96311916554987,-35.29264806940773,-3.8456991391126394,-34.64492162024544,12.852019655874756,-16.175495571033025,-9.813848674402834,4.175878235068012
2025-12-12 20:48:28.750039,Idle,-55.31741613023769,-27.98334613647603,2.3924114578308036,-26.728437369765743,3.2973788905510446,-7.70211598307651,-2.2338164985276308,8.697715778249403
2025-12-12 20:48:28.754055,Idle,-35.39985150118446,-6.000474141961604,22.4864674887167,-4.246286647776287,4.01695812277103,14.523265588746654,19.089065282453703,26.11556515362099
2025-12-12 20:48:28.758067,Idle,-39.818818033840216,-11.951197686023079,12.712086381551103,-9.28808054259025,19.879693201677583,9.245442984936744,9.579635089579824,17.122740513228564
2025-12-12 20:48:28.762065,Idle,-66.17339324652858,-40.87024226357971,-18.985255970094585,-37.579209778929,22.720445390597888,-17.01750937646102,-22.15165177286599,-12.862393693556442
2025-12-12 20:48:28.766031,Idle,-67.77032109632273,-42.44470436152187,-20.50325863632611,-39.357477089502936,8.878512784609484,-16.774393259953285,-24.287694609629398,-17.174639325312455
2025-12-12 20:48:28.771086,Idle,-35.7963833612157,-10.440662388922647,11.652750757617014,-7.353244394455032,10.447897458474472,13.151342670301347,5.677499013826491,9.393891333522333
2025-12-12 20:48:28.774117,Idle,-16.75295784501941,4.972516600191739,24.962959811510245,9.397682670249196,36.188541970579536,25.146924011346528,16.2389376401361,20.70850985870311
2025-12-12 20:48:28.777125,Idle,-30.8411122033649,-13.31001157711944,4.531971703391719,-7.020087110495297,52.475845320765075,6.596623457125133,-5.070413036564787,2.0530386007339985
2025-12-12 20:48:28.780135,Idle,-39.897980667083175,-22.10822901539359,-3.935823950017948,-14.994921642144618,42.02894968401961,-0.020516675733460943,-12.387840415162827,-6.496117449802114
2025-12-12 20:48:28.784143,Idle,-22.09249869958876,-1.8686486437254644,17.180762688893083,5.187457333349812,32.82478212381102,21.008884533576293,9.425118953232413,11.745818148177932
2025-12-12 20:48:28.789146,Idle,-11.936646302434383,7.008413116698648,24.677826826204182,14.41742886015254,45.11778738517751,29.328976134429013,15.843428636888348,18.29154770986497
2025-12-12 20:48:28.793110,Idle,-31.504419479511853,-16.756773106590117,-1.231400830352868,-8.557185271261915,56.044274371439315,6.7958047267889015,-11.446543647552971,-5.985765895262375
2025-12-12 20:48:28.797178,Idle,-44.76727233409474,-31.52105444524568,-16.06526534544173,-23.04486985363019,45.93841812915889,-5.1528685466410025,-26.65649717724682,-21.5367234518435
2025-12-12 20:48:28.800188,Idle,-23.27056798376725,-8.742506848680932,7.558375787697514,-0.2877923226023995,37.053927885368466,18.594277096817677,-3.4853945619070146,-1.9890932175712805
2025-12-12 20:48:28.804210,Idle,-0.7440823044889839,12.738015054976131,28.11379562548791,22.11522194387362,51.28249230359506,38.883601759759586,15.307124074940475,16.47212784477051
2025-12-12 20:48:28.808225,Idle,-12.967362323084672,-3.2015172120027273,10.929182858957574,8.241843255265621,66.88554471949828,23.198887552186534,-3.972492909477296,1.314741894186227
2025-12-12 20:48:28.812216,Idle,-32.87408243554819,-24.174154086877024,-8.135751876750874,-10.652404162996731,57.25727407689919,4.985088941953109,-24.197704268845882,-16.635583360499368
2025-12-12 20:48:28.817219,Idle,-20.492855069729558,-8.943477700398944,11.040247967788673,5.9614677172722,41.11810500275533,21.964795389645587,-6.079628214538388,-0.39030039744284295
2025-12-12 20:48:28.821263,Idle,4.061607074938365,17.21003021915385,38.54081854042852,33.07703396172042,49.3157303394546,47.05149098783113,19.285491429463036,24.361220208040322
2025-12-12 20:48:28.825333,Idle,-1.7470230392791564,9.310513167391036,28.659763840187225,25.52686369368348,67.58422486246127,38.17376069194688,7.012097476826057,15.298900233558015
2025-12-12 20:48:28.829284,Idle,-24.869148191297427,-15.62343737422998,2.398781749741829,-0.6254923325604977,61.81244368809166,14.238380833405245,-20.719676993992834,-10.552573486300389
2025-12-12 20:48:28.833311,Idle,-22.050010737773846,-12.210446335348024,6.853316184111463,0.2707211858114533,40.429304021858115,18.085894333726173,-17.603998104323182,-10.054877738779396
2025-12-12 20:48:28.837319,Idle,1.133352475349966,10.209257444665127,29.82682472284432,20.90512338334247,39.55401806788177,38.46806068707883,2.9882372633219347,8.155494969867505
2025-12-12 20:48:28.842320,Idle,5.499861524258449,10.965238453825805,29.02289011535322,21.775048693835743,59.57063467532862,36.834851193727445,-0.4166652572603198,6.3165322115892195
2025-12-12 20:48:28.846293,Idle,-4.632153891667258,-0.2951705695140845,16.448293081321026,11.259035801373102,69.03855575338275,24.403115346309278,-14.407941465458862,-6.43390269358315
2025-12-12 20:48:28.850358,Idle,9.009837880599662,18.043059020367764,35.0118928339798,29.36786733063491,64.0328130799735,40.53254777121583,3.4130826697646626,8.197990992634004
2025-12-12 20:48:28.853377,Idle,40.50283894205131,54.81177158650098,71.04806875263603,65.06129088825946,70.30518230048801,72.64806851332469,37.9946420456572,39.27539931015053
2025-12-12 20:48:28.857384,Idle,44.04977031001181,58.49871304305725,71.80269612247866,67.5937887093678,87.75329003658771,72.5914554239589,37.02620604905633,39.44345332415469
2025-12-12 20:48:28.860378,Idle,17.250658043456497,29.30001760655432,40.526159086959524,37.10837470278602,86.2323042197986,44.00485123179351,5.637756113431806,10.34078988746478
2025-12-12 20:48:28.864411,Idle,7.1346428908000235,19.384802285513615,31.479466325730755,25.862337564734844,62.19881845488999,37.08031761229722,-1.5492173649431606,0.9124878533330048
2025-12-12 20:48:28.868406,Idle,24.427814004513493,38.09002770145594,51.14045868620087,44.31041775810263,48.272156429837196,57.00435552035378,20.24719401200491,18.460522507857604
2025-12-12 20:48:28.872421,Idle,25.029605522900965,37.316903131076344,48.48405978777737,44.8469937842583,55.376218402820086,55.53521369372902,18.949364250471262,16.862707054628117
2025-12-12 20:48:28.877423,Idle,-5.225738535169512,4.789938011564601,13.235966007538082,13.595825464804875,54.926895689328376,22.644820090919893,-15.24683221712803,-15.200337768527788
2025-12-12 20:48:28.880438,Idle,-19.956965459114144,-8.705180966213675,-0.6778978132679185,-0.5434791053376102,34.83038434455739,8.446448703161877,-28.807681831133777,-29.735751182713102
2025-12-12 20:48:28.884459,Idle,5.119134124262928,19.170070622741378,27.974645479411265,25.164831747022617,24.0776975461049,33.39749163492161,-2.1426279490092384,-5.619083903588944
2025-12-12 20:48:28.888449,Idle,28.12259868493129,41.01974922465661,49.16294769682645,45.20567138495608,39.04833602952385,52.20312482551162,14.873954701382445,13.30656902064402
2025-12-12 20:48:28.892467,Idle,16.922854418189672,25.48307694217965,32.68629097502344,28.89842898977804,51.8506995164953,37.376678581615124,-5.375270130480658,-1.7205047310935697
2025-12-12 20:48:28.896425,Idle,4.1398435845731,10.912088667332227,19.62951132440503,13.94529577101639,40.07607895460387,26.406194480587146,-20.38196176292422,-15.101438538403272
2025-12-12 20:48:28.900546,Idle,21.699278375253925,29.652913703004742,41.14084937831285,32.646621306263114,25.959882909803127,47.1452163298236,-0.401849170172909,2.632652686110305
2025-12-12 20:48:28.905513,Idle,39.65024720200745,46.53148846792374,58.77429431926794,50.326012248013285,32.86687468765194,63.55855076250009,14.78321190061024,18.618974055406397
2025-12-12 20:48:28.909539,Idle,22.246597627559822,25.111939540928688,36.78393517223594,29.814296621909307,40.212255512731645,42.67695410531087,-9.832106312005408,-0.45737841687787295
2025-12-12 20:48:28.913523,Idle,-4.627180213068641,-3.057652300337395,10.398822747541999,1.2263572684678365,21.558908328102916,17.127133521389624,-38.33286026650444,-25.011699791203682
2025-12-12 20:48:28.917529,Idle,0.37470359688813915,5.342754194790359,23.35874642079216,8.260842473377124,-3.8176508937667677,27.180258299031266,-28.137943546483484,-15.326933263296269
2025-12-12 20:48:28.921551,Idle,20.91769189716797,28.761013719810762,51.04486703226212,31.409482276219933,-2.3645665214553446,50.09670104010729,-4.6618345942360975,8.165476259075149
2025-12-12 20:48:28.925582,Idle,17.82839659766978,24.831302774049618,50.20062791521923,29.0019410053319,15.703118810077285,46.4429693846796,-9.40891888032695,6.517461564568293
2025-12-12 20:48:28.930559,Idle,3.506797054589697,9.453645600242453,38.61493151803006,15.474155517986219,17.000609613449342,33.51020296941715,-22.404205756178612,-5.3359793518666265
2025-12-12 20:48:28.934575,Idle,14.334626676729386,21.310662460802632,54.26653477273794,28.479683190736978,4.020927199780999,46.92699732587789,-5.780897204693247,7.550073070204235
2025-12-12 20:48:28.937585,Idle,34.272938055313716,40.687678449399755,73.64005552938761,49.02477238251231,3.80153739875459,64.99255616395749,16.029526567283995,26.020893181937936
2025-12-12 20:48:28.940643,Idle,18.65032855017489,20.721638767428885,49.11625468566854,30.795523301829235,11.992933614495996,43.60618536008951,-3.7680533484800947,7.225549172738283
2025-12-12 20:48:28.944642,Idle,-20.6154169194524,-22.13841699167824,1.0402704069601896,-10.653278622135986,1.3589182866417104,1.391208098459174,-43.8470365128224,-32.46696284479185
2025-12-12 20:48:28.948641,Idle,-28.470634271678136,-29.055552327845362,-9.428614879427187,-17.17512871640065,-21.3794069741125,-5.595477706328893,-44.86879412201597,-38.69312655282647
2025-12-12 20:48:28.952662,Idle,-0.5181469293711416,0.7650048905397853,16.271736349968705,12.897430961078499,-21.48902870118036,20.908641012751104,-11.447569659713622,-11.80559761922541
2025-12-12 20:48:28.956662,Idle,11.52339170211053,11.223943597935431,20.68952602855279,24.464681182627828,1.268864253328502,27.808852838801613,-1.676091688579163,-3.8097771790889965
2025-12-12 20:48:28.960649,Idle,-8.569875997280178,-11.298032827875431,-6.757835862248612,3.429551140518015,9.190164138151886,5.333082204670063,-24.405125308134075,-26.07596863431263
2025-12-12 20:48:28.963654,Idle,-19.26317995237332,-20.95170213757592,-17.895319211158494,-5.235345029501332,-8.403830210761953,-2.4705373723645607,-30.980464726452283,-35.62260529614832
2025-12-12 20:48:28.967676,Idle,-2.5915333198172448,-2.0271838861717697,0.38491658458588063,14.581563851555984,-18.50078357509483,15.905748113427762,-9.593488646342394,-18.751582198290635
2025-12-12 20:48:28.971685,Idle,5.000632456067251,4.313003776869664,3.975498175568646,22.52942203259954,-5.392212371662026,19.705240700766808,-4.2775034395695,-13.863232381448142
2025-12-12 20:48:28.976650,Idle,-14.904019095063632,-18.817884449161284,-22.331161432695808,1.2174363743979484,2.0088246449595317,-4.565722053188438,-28.14845806386893,-35.44395289603017
2025-12-12 20:48:28.980718,Idle,-27.052737467030965,-31.18860612136632,-35.61762989501949,-10.199298705512774,-15.21399678385933,-16.94433743213267,-37.39008157658009,-45.592463618643706
2025-12-12 20:48:28.984737,Idle,-10.022574219583475,-11.842985708915876,-16.460606139400625,9.43422234648824,-31.144053386658925,0.33698185743742215,-14.067733396237145,-26.03340155985734
2025-12-12 20:48:28.988754,Idle,2.359388933122318,0.9911953923674446,-5.987463828678301,22.859306932052277,-23.256132404872915,9.204171113731718,-0.3108791010081404,-13.422701228569167
2025-12-12 20:48:28.992776,Idle,-15.548135659179025,-17.985974261575393,-28.352684930581745,4.600189083146688,-13.322179913015134,-12.527168565724423,-19.36090775358298,-31.119610642459975
2025-12-12 20:48:28.997787,Idle,-32.25386913285183,-33.07092911345717,-44.882068564085785,-10.753868011335726,-25.60209841883625,-29.35194600160503,-32.28951181472985,-45.93841014267946
2025-12-12 20:48:29.001806,Idle,-17.644996637232907,-14.762404359164066,-26.83613919475465,6.253710878936545,-41.240540360700834,-15.187489529836967,-12.121772941542986,-31.262909662734273
2025-12-12 20:48:29.005835,Idle,-0.3590900730123394,3.4709453409013804,-10.43349394843608,23.3520409257726,-34.065546262223506,-3.407454587166285,3.9379263516293577,-17.730248670303354
2025-12-12 20:48:29.009848,Idle,-14.891447250500278,-12.625633901086985,-28.918765254049504,6.603493622184033,-19.53609885318656,-23.977180984962615,-15.657685842622413,-34.75418534844721
2025-12-12 20:48:29.013868,Idle,-35.83918802593507,-32.13704272668474,-47.95501750883341,-14.160106449300656,-24.543678161790012,-44.504238491081196,-34.7899905548702,-52.05123155221554
2025-12-12 20:48:29.018886,Idle,-23.603061826059275,-14.666458566363872,-27.58635992958807,1.198448147973977,-35.86167269264115,-27.888687001975995,-14.166531095643222,-33.26924957544861
2025-12-12 20:48:29.021880,Idle,1.9493864298510744,14.04253980174326,2.4371151557861594,28.245192937254615,-25.458602107668412,-1.6030469314182483,15.21667046530456,-4.463965673588973
2025-12-12 20:48:29.024854,Idle,-3.3993172576601864,7.215232493035728,-5.794050968477677,20.793009995857574,-5.822159460018156,-9.913699325992638,6.234819544813945,-9.977440937968709
2025-12-12 20:48:29.027955,Idle,-28.487287803548497,-19.216937693599903,-33.50269674156516,-6.400249619651731,-9.945354694020352,-35.72745107344417,-20.9036361294402,-34.89154371730223
2025-12-12 20:48:29.032912,Idle,-28.208036040656225,-17.078343293094804,-31.391221854049945,-6.051206220767199,-30.371836721948057,-34.09117708321992,-17.69412600735086,-34.55888941900753
2025-12-12 20:48:29.036933,Idle,-5.287472105336747,7.022846853291412,-8.31615227779912,15.867193278583727,-30.717144546557392,-13.858687805289264,4.877929941761977,-15.140327139943793
2025-12-12 20:48:29.040952,Idle,-2.2075995325812983,7.64966840598936,-10.107083338694792,14.569013815675135,-10.798710394337832,-17.54167569964102,0.8801916373013228,-17.60232253486265
2025-12-12 20:48:29.044958,Idle,-20.65963210939026,-13.051128517759935,-31.40068853779303,-8.143525368155679,-5.895400518806127,-39.59432396516513,-22.334544274459404,-37.98930449894033
2025-12-12 20:48:29.047974,Idle,-19.258213142497425,-10.144614520046161,-26.031306127562857,-7.271961632261082,-21.401355810754467,-36.55327681500239,-17.646643476342433,-33.75713519769943
2025-12-12 20:48:29.051976,Idle,7.1224801622956875,18.044987774435867,4.2503410310382606,20.148815064538212,-23.974060919354088,-9.490434343862944,12.443748364587009,-4.154148787293707
2025-12-12 20:48:29.055995,Idle,16.33114865809557,25.21036859767628,10.670263849817275,28.467212039704464,-4.622085761002381,-3.2422352978555864,19.03898450567067,6.533231569657801
2025-12-12 20:48:29.059966,Idle,-2.1774515919439636,3.7433573461639753,-11.97701596524712,8.668769973235612,4.811250751903572,-22.889269239830355,-2.3022209205755644,-9.853719173835088
2025-12-12 20:48:29.065021,Idle,-7.272244004949357,-0.5504353990763775,-15.445277068592986,4.89913290237746,-8.301129532068444,-24.578763993372377,-3.932267983647762,-11.801769688010609
2025-12-12 20:48:29.069040,Idle,15.829256826994246,24.711138947186555,10.628246859101637,29.70028040105899,-14.574245748350222,0.6317914249157184,22.5746377157775,11.567405091696855
2025-12-12 20:48:29.073058,Idle,25.993081009044204,33.26395496873374,17.584462458882626,37.60763718654562,0.5281785796687473,7.443612445918006,28.08713607928439,17.751170673365777
2025-12-12 20:48:29.077065,Idle,2.9988077597336087,6.740959420829313,-10.931651556496945,9.740171842178825,8.691185825657158,-19.460925348776982,-2.032570182091149,-8.966593645989633
2025-12-12 20:48:29.081034,Idle,-12.2958085026753,-8.268689004442422,-25.50588434171368,-8.098841287479445,-7.113566022468149,-34.30984310551503,-17.273564418610476,-24.42750897525002
2025-12-12 20:48:29.086075,Idle,8.411763764886018,15.747326101260114,-0.20970408875291469,12.635261654839269,-18.964779727044515,-12.528948991346624,7.220526285022061,-3.456757745319919
2025-12-12 20:48:29.090097,Idle,29.988792932438628,37.83120591257466,21.089793877934426,32.99078344528971,-4.641389761927712,6.062714584905734,26.77093182088356,15.544267541918089
2025-12-12 20:48:29.094115,Idle,20.041926098851036,25.265262122728018,7.187277999775688,20.589262984904053,11.572852889592468,-7.259178395906929,11.469145860504796,3.269668309183544
2025-12-12 20:48:29.098090,Idle,7.123264931941776,11.954550531263521,-4.61437218046558,7.868774122904142,3.266835918497236,-18.639630458280408,-0.15750607825248153,-7.599171261679658
2025-12-12 20:48:29.101148,Idle,23.49735326192058,31.04543799820749,17.648688739896897,27.093181489006383,-10.729848232549557,0.9829013328781002,23.041979909823567,12.952082406540285
2025-12-12 20:48:29.107162,Idle,42.29993243566514,50.494332265774574,37.734837862477434,46.6961984567788,-2.830710565111076,18.53033493870862,43.82671202435449,33.314683623542805
2025-12-12 20:48:29.110229,Idle,27.466512664226684,32.570382718913606,17.704886292733136,29.102665431099012,11.573283712088596,-0.18416498251099256,24.87508808405255,17.803700575585026
2025-12-12 20:48:29.113191,Idle,2.5454756375502257,5.543309697117365,-10.503243601782742,1.798989092992997,3.559448896376125,-25.247544870278944,-1.45556571205816,-6.818806075756584
2025-12-12 20:48:29.116189,Idle,8.645149537778707,12.821908349833393,-2.6411251640238333,7.964301323077962,-14.299323388673656,-16.255648358678627,7.5586908196346485,-0.01797181631991407
2025-12-12 20:48:29.120205,Idle,28.81891661033842,33.52312218244697,17.588726894406136,27.60490232857046,-11.184666982037015,3.864815515486953,26.925860899093095,18.984062357467337
2025-12-12 20:48:29.125220,Idle,20.013286735296788,22.561800606876204,4.846885777384159,16.102131884606933,3.7259723243914777,-7.561689107378697,12.627227516000858,9.324892712007568
2025-12-12 20:48:29.128159,Idle,-6.769800683927315,-4.792993960909371,-22.15262570822233,-11.93169412509451,-2.3276671393905417,-33.284495562985285,-14.655419165650528,-13.962935967399972
2025-12-12 20:48:29.132228,Idle,-7.86251662968607,-2.314651622749807,-16.443771474736423,-10.53134915955161,-24.866882036920288,-29.412409923579617,-8.323821688805765,-8.832374961973983
2025-12-12 20:48:29.136251,Idle,11.20854797400716,19.931730901829724,8.068352289006725,11.143698130159464,-30.08480092929676,-8.197963241817888,16.115593001351954,13.486460644784529
2025-12-12 20:48:29.140257,Idle,7.684803138783536,15.218196323236043,2.7619096909838845,6.912565138522041,-16.185234084085096,-14.00868235632879,10.19668323922815,9.22086533764741
2025-12-12 20:48:29.144272,Idle,-16.305618806520215,-10.975550080176617,-23.78308961874791,-18.650634784877184,-14.690264047909295,-38.468268564366554,-16.041422554615565,-14.960163021027256
2025-12-12 20:48:29.148223,Idle,-17.129299772923332,-10.773332861877861,-21.568739293990802,-18.741081137755828,-30.869798760992126,-35.3824760873149,-12.778856792461738,-13.691599736088392
2025-12-12 20:48:29.153311,Idle,7.906460644875551,16.123234490543837,6.973773559100664,7.1971591432302375,-34.50499447865877,-7.602855602718591,15.797963307089958,12.193958761701651
2025-12-12 20:48:29.157337,Idle,13.907491409965587,20.840094935294474,10.596602476089174,11.138841867727024,-17.659179429327196,-3.1356578166378313,18.200804705709743,16.35170294459749
2025-12-12 20:48:29.161277,Idle,-9.175713627322693,-4.523507646896178,-16.29478801586083,-14.789576552957442,-10.698859768315742,-27.196034950075955,-9.41225350957393,-7.932965997970314
2025-12-12 20:48:29.165357,Idle,-17.248146784388155,-11.83554252324393,-23.053071496040502,-22.752484859451215,-25.093060830135073,-32.663500724866935,-15.752357376786676,-15.311290437966818
2025-12-12 20:48:29.169364,Idle,7.764978126881033,14.84371397086943,4.40661015853766,3.7502391464695393,-30.268243562160933,-6.530630094463049,11.79229715276233,8.860923010852275
2025-12-12 20:48:29.173376,Idle,26.147104043027866,31.151005505300418,19.326099642457848,21.070789814799355,-9.62488987060351,7.9011878781266205,25.861864653241355,23.780131310784782
2025-12-12 20:48:29.178398,Idle,14.788516879159943,15.587084213359049,2.091450945208635,7.227016437340353,8.001250158660696,-6.821296919430097,8.532721373427194,10.76504071895397
2025-12-12 20:48:29.182333,Idle,7.2007656947862415,6.8423582230389,-5.8250224500734475,-0.1312407427612925,-0.3394393358466914,-11.374276062416357,2.419685516240861,6.063075477239181
2025-12-12 20:48:29.185411,Idle,26.284390105385683,27.329707399054314,16.311608761043317,21.24119300586608,-12.237100466438278,13.10988735770843,26.849564687072416,28.816642992296693
2025-12-12 20:48:29.188423,Idle,39.76834939798573,40.092272926311125,28.256702612892695,34.67389149149676,-3.232363723567687,27.635781705543195,39.83579800432199,42.835953424051695
2025-12-12 20:48:29.192420,Idle,22.33637534072477,20.08519999483542,6.0610889979034255,14.596920330866851,8.682887117931386,8.56179795008029,17.661713955596497,24.741241421113955
2025-12-12 20:48:29.196422,Idle,6.20660774132557,4.182172271976015,-9.944609905061952,-2.886747989734431,-0.9667617785162292,-6.705065682966961,1.540242051880341,9.671169921984983
2025-12-12 20:48:29.200394,Idle,23.71230913713225,24.600461078247463,11.99430417480471,15.044460024641012,-15.44469960864808,12.545098144539224,22.848409128291678,27.922482713795034
2025-12-12 20:48:29.204457,Idle,47.20340660581496,48.411740754578204,35.667703446270025,37.016179646365345,-7.814535960664216,34.32276190221819,44.960512827383354,49.08481298524566
2025-12-12 20:48:29.208477,Idle,38.05548407466631,35.83874005679536,21.459966626920504,23.707418201352993,7.02269613568933,22.677444161199674,29.564201457724266,37.122936926934926
2025-12-12 20:48:29.212479,Idle,16.178741854149848,11.598694874512148,-2.579175901661074,-0.9534760060923873,-1.6114769088744652,2.89405001488376,6.064546198416792,15.9949331436801
2025-12-12 20:48:29.215496,Idle,22.921147717002896,18.80938965862879,6.853813244819321,5.9619577806697635,-22.84570959188568,13.474598510953001,16.80545380339754,25.381835324689746
2025-12-12 20:48:29.219514,Idle,45.23238500028674,40.067682408312976,28.777313593520375,27.79934951793257,-23.596633341381676,33.918359557601434,39.09461844921316,47.5759890569243
2025-12-12 20:48:29.224522,Idle,40.43554189091083,31.079310795481433,17.92228314394015,20.220162235124008,-9.90752917012287,22.668477784907736,28.154623424008605,40.57863643222663
2025-12-12 20:48:29.228528,Idle,16.000038158967072,4.701754451023589,-9.618460407185921,-5.243950938787748,-14.935017090589099,-3.966941784034134,1.859102808193711,16.811471576387703
2025-12-12 20:48:29.232570,Idle,15.749754363081593,7.97927668158809,-5.442095181133482,-2.3052248741369112,-35.57176797023567,0.3030362406734639,8.56841119742603,20.381498552436824
2025-12-12 20:48:29.236646,Idle,37.74624485035383,33.769287771647214,20.415228615784144,22.74925593752414,-37.29240977470181,26.863155382552577,36.631581289184396,44.46981512324419
2025-12-12 20:48:29.242650,Idle,38.47062226962953,33.455203280071146,17.846632680350012,22.18053533742932,-18.27044202909019,28.63974924105605,35.64428127897554,44.31767304387904
2025-12-12 20:48:29.245648,Idle,15.242231665233703,7.459504188365827,-9.910721186788578,-4.078676494787942,-13.15734326056554,6.854613741988942,9.888572296440543,21.18925753155054
2025-12-12 20:48:29.249627,Idle,11.160157367157808,3.5575753155062557,-13.28431087233912,-8.826750159303629,-30.30166151726735,5.898575400529808,8.820407822968264,19.26153700429859
2025-12-12 20:48:29.253614,Idle,33.598668873048155,26.96584066262585,10.248440193579881,13.969138832711906,-38.79451533685642,28.111836428961396,33.82263204155606,42.223914512876945
2025-12-12 20:48:29.257663,Idle,39.25989658873368,30.60027027317119,11.437881034711609,18.15672940009972,-27.89203764474223,29.0373597072994,35.847721129066485,45.91520007183135
2025-12-12 20:48:29.261697,Idle,14.262201297158754,3.266043203206209,-18.337606157372647,-8.151973585550877,-26.84627271706995,1.562719887795538,7.5395253267124644,20.621912602247903
2025-12-12 20:48:29.265683,Idle,-0.013588619920483325,-9.365740839311911,-30.717664383260853,-20.426451839040965,-48.40778738206427,-9.380047098897194,-2.8506103927793447,9.062138209308614
2025-12-12 20:48:29.268696,Idle,16.654845035183826,10.13539819302241,-10.457196667717653,-0.8423872950661462,-62.7821775506236,10.449398919090527,18.513956498572952,26.561525522221928
2025-12-12 20:48:29.272660,Idle,27.76871898488389,19.65374785286258,-2.701531007194717,9.505545528380026,-51.45215918534814,19.544810882549427,26.300066181109287,33.543522385502
2025-12-12 20:48:29.275730,Idle,10.520315001456765,-2.127252087877423,-26.959548716080462,-11.05139224267623,-40.813696964607516,-0.31937938971350377,2.3825170938289375,11.418193579142098
2025-12-12 20:48:29.279719,Idle,-0.8488086923644005,-14.6982610955165,-39.17614950176721,-23.09554829602348,-52.752429893866065,-9.383230894791268,-8.95619196757616,-0.8423330346995499
2025-12-12 20:48:29.283792,Idle,19.83789010099281,8.750934816103836,-13.368478693912039,0.2798951344884699,-64.29272913177556,15.105640424390003,16.438454682698648,21.392518490116345
2025-12-12 20:48:29.288739,Idle,38.4601174990712,29.09255808720627,8.110293338188058,20.811553939151054,-52.319049120138516,33.44411683954968,35.2923588225749,40.851818364644714
2025-12-12 20:48:29.291783,Idle,20.430245597952307,10.82897485003923,-9.773425890802173,2.7973926012182346,-39.30421483388636,13.851400348361494,14.359240408215555,24.60032160532137
2025-12-12 20:48:29.295767,Idle,-6.062744285911322,-13.370243544362893,-31.42513406528451,-22.022298656716885,-52.550366665680485,-9.513191195757827,-8.873021866267663,3.313026336567418
2025-12-12 20:48:29.299815,Idle,-0.30822639691541553,-2.1968226053031685,-16.175399808500515,-12.164709428774586,-72.12630962368712,1.7584699476356036,5.377039822618826,14.478450247879664
2025-12-12 20:48:29.303806,Idle,19.809923078195425,21.088151554766227,9.253389037057786,10.117985630271505,-65.39233831572346,22.615240466471732,28.266431751457276,35.11100517719751
2025-12-12 20:48:29.307813,Idle,15.391456760371511,15.571680596738588,3.8507591322959343,3.903667892785961,-45.343571601755684,14.403935472651938,18.881772698245186,27.30459712650918
2025-12-12 20:48:29.311842,Idle,-1.2094473517900042,-1.5666348808226758,-11.967332521657227,-14.540125100051227,-46.273894782985735,-3.885614205928505,-0.524580631084973,8.427914671847248
2025-12-12 20:48:29.316838,Idle,6.258774594509305,8.831811523970828,1.3963240137672983,-6.010425171076349,-62.37418661471747,5.088662597278017,10.035111019271426,15.795708047829976
2025-12-12 20:48:29.320843,Idle,26.87551823724425,32.158603391882934,26.360067684971,15.95846634317968,-60.872524113277905,25.237404914218132,31.873282259708503,36.015693294604716
2025-12-12 20:48:29.323881,Idle,22.648381832921586,27.71298386529088,21.758529661128705,10.88773278836743,-43.21656355567029,17.969082031049766,23.81726439614431,31.45825110017904
2025-12-12 20:48:29.328879,Idle,0.7828330277079658,5.940144655760378,1.1886508577081258,-11.671352767527424,-40.76757606493629,-4.496098440808055,0.5647285184386419,11.697346103748714
2025-12-12 20:48:29.332872,Idle,1.5129690501635196,9.410473805761285,8.055749880371877,-9.308041226398927,-54.515833223420486,-1.8153572524988704,5.324779341968679,15.088049236124789
2025-12-12 20:48:29.337901,Idle,23.036246758936613,32.57260623272305,33.399590339777205,13.41874239500794,-52.9592579767268,18.37242940631768,27.845884473234037,34.97794379859988
2025-12-12 20:48:29.341910,Idle,24.345066193065577,31.298308597513824,31.4042791062202,12.765354897472207,-32.114106671841,14.861048405822658,22.87624116855295,30.689407751589897
2025-12-12 20:48:29.344930,Idle,2.1853171653929166,6.209291812738229,5.887356909268419,-11.484024331706678,-23.87563578035042,-7.74331073011308,-3.2433830925401708,5.323765580607869
2025-12-12 20:48:29.347970,Idle,-2.5933771012751095,3.03920939992895,5.190165355550562,-14.004297357354517,-36.83817980274034,-5.356963479773185,-1.4658614072141063,3.3766591114763287
2025-12-12 20:48:29.351933,Idle,17.527527360751264,27.317510689408664,32.60721060605647,11.618667635815655,-40.94342793249598,22.6263437481648,28.999113882353413,29.311570195779495
2025-12-12 20:48:29.355903,Idle,21.259975297485653,32.98582513708607,39.36747902036586,19.755801997195704,-24.43328553831452,29.181165202674492,37.02058204419518,38.13317249960528
2025-12-12 20:48:29.359931,Idle,-4.7820686309059965,7.2062668631988345,14.001794399286155,-3.8362804416119616,-16.190341748599167,3.9678773880232256,11.275186207516526,16.270591970489477
2025-12-12 20:48:29.363993,Idle,-20.331523595874387,-6.511475896830234,2.0908458796366176,-16.925060457391737,-31.619081371998618,-9.231303753911561,-1.4371117634764232,3.8874611881838064
2025-12-12 20:48:29.367994,Idle,-5.6542020147117,9.883599502176367,20.10904842484888,-0.26976742519127583,-43.533133399008875,6.344334596697081,16.483743507742474,18.927360881971254
2025-12-12 20:48:29.373946,Idle,1.6649961659586552,14.756535806995089,24.238843785566132,6.525130885614999,-32.92975800824206,11.09686250163395,22.862069022030482,24.622251211083494
2025-12-12 20:48:29.376964,Idle,-23.045298590152015,-14.604241232755157,-6.535664303781232,-19.68053038965627,-24.058321876307673,-14.461083542335473,-2.386127537141874,0.6928643380088033
2025-12-12 20:48:29.381023,Idle,-43.61049142700176,-36.20422127571146,-27.587377301628294,-39.46796564670967,-37.291346342994075,-30.766146809874954,-17.281603196377546,-15.682063412310526
2025-12-12 20:48:29.384000,Idle,-27.57247823877151,-17.67743354177219,-8.079439868906775,-21.821046443583327,-48.69215903869372,-11.615281949309065,4.305692606656521,2.325998240856279
2025-12-12 20:48:29.388022,Idle,-4.375319366052281,5.932732895864319,13.877255907649669,-0.5693843816625304,-33.14222462666112,7.472464510406098,23.384229852777935,21.177585543573514
2025-12-12 20:48:29.392045,Idle,-9.700760748342873,-2.1177229094719223,2.8265513840051426,-10.664777385602065,-10.93763060085439,-4.284722392528238,8.686895063554402,9.443037020613701
2025-12-12 20:48:29.396056,Idle,-21.739875386339918,-15.278940939566382,-10.855992669614352,-24.691208401912263,-11.593334888658319,-17.231351907609678,-5.9427062223549,-4.867613026955951
2025-12-12 20:48:29.401062,Idle,-8.102167734627074,-0.17298141591163585,6.0781709986658825,-8.696332780407829,-22.596050923346866,-0.7164596451721081,11.86688550850522,9.827573583839694
2025-12-12 20:48:29.405027,Idle,9.030981225369032,16.077187206450617,22.88170024444844,10.456234207842044,-16.28767928160255,16.31769104529485,29.138669091960764,26.461500337030884
2025-12-12 20:48:29.408098,Idle,-5.548331928204789,-3.230923321967566,2.1252257490377815,-5.333830048551135,-2.300719374021355,-1.1699638909258283,7.612494333832728,9.168987486493279
2025-12-12 20:48:29.412097,Idle,-30.77427389966215,-31.749907644003542,-26.87903929877575,-32.04852420144016,-7.641523609028809,-26.5631939678824,-23.20727005700246,-17.816277855719818
2025-12-12 20:48:29.417151,Idle,-24.1627294633181,-23.955313409787777,-17.74445369991372,-24.482215578190335,-22.751881309917735,-17.078932081112725,-15.4259944409132,-11.120195088460605
2025-12-12 20:48:29.421137,Idle,0.8752536144747864,2.5833274438882654,9.258043093937886,1.8503421164396059,-17.151788366134497,8.55914813488198,12.80197657912504,14.222315113103832
2025-12-12 20:48:29.424141,Idle,-1.82808901622775,-1.8806500264108763,3.441411454754416,-1.5509302531077083,2.4902380112198443,3.4146815004296514,11.342146228071215,12.284748594520352
2025-12-12 20:48:29.430171,Idle,-27.47188051971716,-29.597872811154957,-24.86363164471186,-28.027125993340633,2.531907662694721,-22.637846625938437,-10.737821231428825,-10.756754724454368
2025-12-12 20:48:29.433188,Idle,-29.516272646111247,-31.063028388807652,-25.297169204899546,-29.32013579128784,-15.585091357977944,-22.89183495241923,-6.115327044113656,-10.954705193362315
2025-12-12 20:48:29.436187,Idle,-4.7639965993639635,-6.304624565927952,-0.8302567296705092,-5.072970800517396,-16.93504790697625,-0.6096800225891457,18.850922883022577,9.887864310665464
2025-12-12 20:48:29.440194,Idle,3.3528712201168673,-2.0735377475029964,0.583253608449013,-1.087682965726117,3.933272634689274,0.07286248422406061,16.748933068043698,9.301352046066313
2025-12-12 20:48:29.444278,Idle,-12.898654906208321,-22.61800202939048,-21.96349374927013,-21.57170337743014,14.437004811366933,-20.322363898800177,-8.968751407421223,-13.038579469812248
2025-12-12 20:48:29.448210,Idle,-12.935326450937282,-22.88663181836091,-21.241511011459806,-21.890760332312198,4.010012905069743,-17.59927284782134,-8.984425634873332,-13.263547038517572
2025-12-12 20:48:29.458283,Idle,12.659681812481722,3.8844088582500262,6.494845265558979,4.986377933856602,0.9504209151236864,10.628300731314539,18.507167614036007,13.055928868077899
2025-12-12 20:48:29.461262,Idle,21.7811103697386,10.71075544220912,11.16987323482681,12.67016141262161,16.801682364359294,17.033936528728645,22.838085379662516,20.00222997214587
2025-12-12 20:48:29.464279,Idle,-0.9314659293213481,-15.869607074168016,-18.75837827295618,-12.576358303412349,24.032354862600187,-9.090233459280626,-4.993306487191148,-4.696571147233044
2025-12-12 20:48:29.467297,Idle,-14.130427434725789,-29.401959688631905,-33.83296604214411,-25.137728708801376,8.746738233770884,-21.47852819383752,-14.866891331050283,-16.986289014399517
2025-12-12 20:48:29.471305,Idle,4.720952594811024,-8.531282999665564,-13.862106949847657,-3.813059630728617,-1.4766734315162466,-0.9295168380217547,10.116003022169025,2.501328960122919
2025-12-12 20:48:29.474322,Idle,18.41789802578751,4.1118210063050356,-3.571544974402059,9.041936273882172,11.576148696512973,10.857235440380009,21.94180255084939,13.381197597056598
2025-12-12 20:48:29.477313,Idle,-0.3570174522756133,-18.72447475636909,-28.082215770500625,-14.135843520359963,21.871083752786944,-10.641836040247654,-4.718599856772926,-9.359641089526122
2025-12-12 20:48:29.480340,Idle,-18.180697114939903,-38.41966888229763,-45.690755130803154,-34.99303063698926,7.096005813735246,-27.50701585723391,-26.494277679550578,-29.197388944699924
2025-12-12 20:48:29.484347,Idle,-2.658030180251444,-21.657236842243947,-25.01596974544009,-19.293540731877414,-8.526953870583384,-9.813441560971569,-10.570130041560333,-15.2463194544398
2025-12-12 20:48:29.487393,Idle,18.7540009695731,-0.1678696430517448,-2.1489227002493863,2.2418949150214758,3.1392030029383022,10.18997962820049,8.075264906699886,2.8949140212098428
2025-12-12 20:48:29.491382,Idle,11.190754883758927,-9.638048476715994,-12.686065733338182,-6.791184928582368,23.66005002900056,-0.334414412156093,-4.9782178190180275,-7.327206822807057
2025-12-12 20:48:29.497407,Idle,-3.89102532412835,-24.63128004781538,-27.608005970534578,-22.348131248979882,21.74539561779966,-15.08149196332488,-20.724109814667827,-21.80775298833032
2025-12-12 20:48:29.500415,Idle,7.78056259956611,-10.396963008730381,-11.737709997149068,-9.218048507470428,8.420407936559059,-1.6544922469684025,-5.767146871628938,-8.772051338317397
2025-12-12 20:48:29.505416,Idle,26.539287855122893,8.736953019910288,7.814221240783809,10.176373830242312,13.226138703772449,15.412587688753774,11.952700529081994,8.809193049470196
2025-12-12 20:48:29.509447,Idle,15.577176205240903,-5.330520208162852,-6.863544466388703,-1.9275792573288868,28.139418513324927,1.3933932073796313,-3.9148424747490935,-3.529996244400536
2025-12-12 20:48:29.513432,Idle,-7.7362993587830715,-30.552772084629396,-30.279776994379063,-25.4417528745426,24.16979102849291,-20.652630171515966,-27.167685454865932,-24.522664825160973
2025-12-12 20:48:29.516456,Idle,-2.3399245580894785,-23.802639278266724,-19.098148319979373,-18.60705440875597,7.379644169981475,-11.256424284637433,-16.077957308094483,-15.413925956117964
2025-12-12 20:48:29.519436,Idle,18.797998375803218,-2.5704795955207373,5.031046405132656,1.9923367064070021,7.270961646492651,9.41830684535762,6.800640960540477,5.075196373494691
2025-12-12 20:48:29.523472,Idle,10.629843654549404,-14.526769093870826,-7.441609394361876,-10.276215880912616,20.049853853561217,-4.598693835805761,-7.109228446472116,-8.374698915460613
2025-12-12 20:48:29.527478,Idle,-19.847857371922146,-47.80183685764678,-41.70567256867798,-44.184540921196174,15.767768314632121,-39.87111333509097,-42.409669047701755,-43.77648962374769
2025-12-12 20:48:29.532502,Idle,-23.07589378227749,-48.619155557533304,-42.02595728027154,-46.45496430923748,-2.5294267538556596,-44.08702314836955,-43.80124321086805,-49.51071030545245
2025-12-12 20:48:29.536515,Idle,5.045186623798145,-16.840430480997384,-10.336580630282697,-15.327517234497407,-0.28519968590990175,-16.66649919848578,-12.665825079515344,-23.32952144230876
2025-12-12 20:48:29.539526,Idle,16.755328306233423,-5.628068165880904,-0.860154928999691,-2.098187430124682,25.42876870460168,-6.10633070407971,-1.5931694356604567,-12.296727564040339
2025-12-12 20:48:29.543537,Idle,-1.8149733758582443,-26.961126218715435,-22.773486885729653,-19.47928905146334,37.684167406849156,-22.35032887148509,-19.834697850692464,-27.436455277782443
2025-12-12 20:48:29.547542,Idle,-10.175521094493888,-35.74032052139228,-29.526059902887937,-24.76301798287406,23.91774508441449,-25.24308859344046,-23.379401725916978,-30.388041234538832
2025-12-12 20:48:29.551490,Idle,8.6761080742599,-16.16835041313425,-8.563020421705005,-3.2930396737601484,16.624631234182743,-4.235824629186027,-1.8013410821786238,-10.463183537980512
2025-12-12 20:48:29.555557,Idle,19.47680261192363,-7.399008527496335,-1.5820315199889592,6.154859567022243,33.84868351512705,3.2313009832328135,3.754377735998787,-4.052710072883201
2025-12-12 20:48:29.559640,Idle,4.577128842370257,-25.60331302933264,-21.986605121419416,-12.255154768948387,48.28735194589535,-13.75783444135368,-17.872618740371763,-22.582475545106718
2025-12-12 20:48:29.564627,Idle,-2.325866429748203,-32.72860134477196,-28.41270619982606,-20.124437001112938,39.47438076532853,-16.280371054709576,-23.96538078983758,-28.068851746140353
2025-12-12 20:48:29.568578,Idle,18.061251875024936,-10.464313609771125,-4.517096248611779,2.0083042489591207,30.523287372096092,10.310087061594913,1.1149760515672824,-4.527987889099677
2025-12-12 20:48:29.572574,Idle,30.754749188202368,1.7697703941958025,6.565160244877916,15.608488077527227,42.237512410763884,24.7706953903471,13.058352037470286,8.810575082090509
2025-12-12 20:48:29.576626,Idle,10.515466892407858,-20.40563645661132,-18.51539530339869,-4.667792418339786,53.374818641430466,4.205888565903024,-11.462912907649297,-11.747806719398795
2025-12-12 20:48:29.580638,Idle,-9.377188704094806,-38.67813600816771,-37.723253983145696,-22.3505392950201,42.23273395425349,-13.216175860550265,-30.395015914684336,-30.030540475920134
2025-12-12 20:48:29.584651,Idle,2.5692570909268397,-21.832879265679367,-19.747171918053937,-6.290959099237625,29.520341063369415,1.512407497901222,-13.531459821519093,-16.189406622848765
2025-12-12 20:48:29.589658,Idle,18.004558456686027,-4.005412602360593,-1.378333217879117,11.162351574308104,40.298496814401005,15.642448814596264,2.168729184516451,-0.8149312744317285
2025-12-12 20:48:29.594671,Idle,2.1785299718922033,-21.195669351793185,-18.73915211475105,-5.548342059403694,56.027450356588815,-2.2448106675510644,-17.531377213761516,-16.60723193938611
2025-12-12 20:48:29.598681,Idle,-19.770294389194532,-42.69660382657821,-39.599122598308895,-27.9102084335982,47.978251263470156,-21.496071773797667,-39.25828644306603,-36.501793324647224
2025-12-12 20:48:29.601691,Idle,-7.403802792890019,-25.54119058318247,-22.40906087581243,-14.448336348300018,31.198964175142464,-4.605138240603537,-22.89871409884563,-23.077081930574423
2025-12-12 20:48:29.606706,Idle,20.687927973177466,6.722800274230394,6.6977969428699,13.095503030016971,37.522759855608456,23.187299952917783,3.964785912136904,1.98062930892047
2025-12-12 20:48:29.609738,Idle,20.09563029399942,6.193281772542832,1.5670106011020835,9.262028709005335,56.70661608368391,18.965650400027698,-3.8392353878662107,-2.7685988757912128
2025-12-12 20:48:29.612733,Idle,0.6942646489369508,-13.26657879344566,-19.357833191548707,-12.223961345471707,55.7652704512584,-0.5730031843640973,-26.513240518990642,-22.475408507896645
2025-12-12 20:48:29.615752,Idle,5.3860736139940855,-4.989462200179332,-8.822421104618115,-5.905241993269101,40.19971085632278,7.4975287425631905,-17.748051438908988,-14.913948533772782
2025-12-12 20:48:29.620761,Idle,28.004058038566654,21.58710100612734,19.870695796838845,19.11514687359295,42.28434095728153,30.850682061794032,7.714609816751363,9.350278626179716
2025-12-12 20:48:29.623756,Idle,25.004601990824085,19.131816802646426,17.694406637914653,16.307749648112804,59.37202659988543,25.23025831191353,1.862907173003805,6.463429084629752
2025-12-12 20:48:29.626765,Idle,-2.0386164140682013,-8.174101059850727,-8.521009266420151,-10.737460345474574,58.192369530923315,-1.8265675459670092,-26.404914123077106,-18.47337462032192
2025-12-12 20:48:29.631775,Idle,-8.802765766778975,-12.657531367194679,-9.719508405178203,-15.495417838664252,36.76948661117058,-4.940939410454121,-28.556833251353055,-21.43794339581109
2025-12-12 20:48:29.635795,Idle,11.364903548297207,9.779050877350528,15.265681046599639,5.459233782827141,29.545614755596034,15.572363119712463,-6.119317590454557,-0.8602299424073863
2025-12-12 20:48:29.639741,Idle,19.765018989464807,17.240788722196157,22.494334435767087,9.972943422802018,46.76747213526687,18.53535537573498,-3.3084330633328136,3.2059578399657767
2025-12-12 20:48:29.643812,Idle,7.053680233020259,3.591218049665258,8.763720661117986,-7.149475100311065,58.47720446168387,2.7787958343933497,-19.94145541119542,-12.334709342985661
2025-12-12 20:48:29.647837,Idle,8.126308921136115,8.477036803462397,16.68182210674422,-3.8254983507840734,50.39203288061253,9.372190453017538,-11.153482957051892,-7.01369681601318
2025-12-12 20:48:29.652793,Idle,30.809248987509818,37.5273755263097,49.59971585436142,27.43323798324218,47.215997685925686,40.639996433577835,24.51920318467728,24.427838507175693
2025-12-12 20:48:29.656858,Idle,34.57932008916305,44.62426932567905,58.05120919048204,39.60749601619227,61.349469108638004,49.08767331237323,34.76317408522209,36.042520868501015
2025-12-12 20:48:29.660872,Idle,3.8002064972315566,14.608755718963948,28.295468493939552,14.278251313506189,66.11411481627147,21.375862187254825,5.092796941576125,11.363447026138601
2025-12-12 20:48:29.664894,Idle,-19.33098638481249,-5.830769484420671,10.030926230014302,-4.545462037219295,45.95909662164922,3.7570588973776466,-14.406848825783527,-6.862521978475343
2025-12-12 20:48:29.668900,Idle,-7.348277400924303,9.852955250255036,28.710333672119305,10.341119690556297,28.800768150642398,19.98690566312962,2.3613791004117957,6.321788720011682
2025-12-12 20:48:29.673914,Idle,5.464121962108663,22.46265016639336,42.578748852727585,22.94091299388765,37.54756346036447,31.627540208709434,15.493905897754303,16.67941386817438
2025-12-12 20:48:29.677934,Idle,-12.653346268939714,1.2391637889431877,22.189766886775033,4.30180066736375,49.190111224204884,11.933888723904602,-2.178362630233096,-0.8346622744902561
2025-12-12 20:48:29.680945,Idle,-34.05517901371968,-19.637002198634946,4.240903045756568,-13.114792353621851,37.43911329979892,-5.282778972910819,-14.864320894780576,-14.273126925898396
2025-12-12 20:48:29.685971,Idle,-25.285625917744483,-5.329016210171176,21.93831735290587,2.890856337778132,20.762718948622933,9.380782259320767,5.817883698978221,4.102134241084059
2025-12-12 20:48:29.688979,Idle,-10.260535643408048,14.511078012434155,42.44294967922178,22.481712903420885,26.86967132787686,25.347922474157713,24.42404686683585,23.311434407767592
2025-12-12 20:48:29.692996,Idle,-25.39133968545275,0.21425296122470172,27.43891364854062,8.062904992692893,40.30305446572311,9.766140783034189,7.042703750099463,9.205861870837907
2025-12-12 20:48:29.696007,Idle,-50.738900126030785,-25.337969265441643,3.8353805537699373,-15.611674827960087,31.690958078557742,-9.942478325840057,-13.738649434649233,-11.9422638889464
2025-12-12 20:48:29.699988,Idle,-45.99772002111695,-19.680561764762388,13.220051117954426,-6.659041039600197,13.708535840676632,3.4641264570373096,2.1805915823642863,-1.116975172808452
2025-12-12 20:48:29.703033,Idle,-23.912230321239804,2.25583652682144,35.19665709633409,17.12134860113747,18.351446169690462,27.1908305668494,28.639827013054855,21.9890866555088
2025-12-12 20:48:29.707011,Idle,-25.81516340762755,-1.740985853397433,26.451219733986363,11.489470758477182,36.800722472777124,18.96228143684857,21.05418378916329,15.217752737869887
2025-12-12 20:48:29.710991,Idle,-46.614737330756725,-23.051156611745682,1.169263583200518,-13.934654717564626,33.85998762019153,-7.287020972879873,-3.963731285249196,-10.227629657307261
2025-12-12 20:48:29.715044,Idle,-47.838537289484066,-21.64940854440647,3.4421211454828153,-16.178892963744147,11.472550870312261,-9.752603167220968,-2.761653650970402,-13.064837967682251
2025-12-12 20:48:29.719061,Idle,-31.36205593456407,-3.7809274764658767,24.969790062386892,0.6598946416943363,4.538199480317417,3.780234291616125,13.720761986729485,1.755664372281899
2025-12-12 20:48:29.724113,Idle,-33.63212921029708,-8.708214842394227,23.477179641238763,-3.3814128700123547,18.087162554526003,-5.2625775535912,3.7601986822710387,-3.4009949538212823
2025-12-12 20:48:29.728093,Idle,-52.67444968954214,-29.89798915058418,5.863808702633833,-24.3267862577286,22.121556915095425,-28.646755582246897,-21.85274107238547,-23.143326950428673
2025-12-12 20:48:29.732054,Idle,-49.4746875576343,-23.901456936808245,15.899552939990826,-19.832758766087863,10.088886276367703,-24.489896291118157,-16.859898843487372,-17.251170480927613
2025-12-12 20:48:29.736124,Idle,-23.995825500625415,5.880880059870833,47.592512082046596,8.35297880445978,9.29973408425576,1.687974542928714,12.21648070855781,10.56479391108951
2025-12-12 20:48:29.740142,Idle,-20.40771966527791,10.072547632848,50.27174600680155,12.725471655854562,25.83849830935651,2.6600265173096886,14.093721478559473,14.195855598292837
2025-12-12 20:48:29.745180,Idle,-46.01020719377402,-16.933210963565216,21.479766032301995,-12.862778901095226,31.22221520615858,-24.252271714169524,-13.432911101662285,-10.695121143537108
2025-12-12 20:48:29.749180,Idle,-54.03822213007197,-24.03734549940782,15.096079984366952,-19.242222579157897,17.37141024590528,-30.20529037071617,-17.87225310269787,-16.141330581580405
2025-12-12 20:48:29.752124,Idle,-26.3477117454986,5.2843493089712865,45.581321344390744,9.391153461270733,14.68141671892954,-2.8973339448850766,12.30251315869873,11.887510273798398
2025-12-12 20:48:29.756139,Idle,-6.185368393641966,23.358417311359517,62.61327943811193,26.06033481089071,35.742013214417966,10.99061659271365,26.10773899271817,27.685465600781754
2025-12-12 20:48:29.760213,Idle,-20.892325293617432,4.479469312540459,42.60768273516442,5.587778305503889,48.89079080092779,-9.691731021764497,2.55494573333317,8.226774042539546
2025-12-12 20:48:29.763216,Idle,-35.50269387911271,-10.787854617246921,29.3935895315808,-11.511959327664954,33.691637339958106,-24.008090617949023,-12.73420007402683,-6.979187230252137
2025-12-12 20:48:29.767239,Idle,-19.48613956331201,8.184368512273068,51.88299633056886,5.52244804773909,18.13497832871508,-5.739671052948552,7.5569609780268365,10.367432992899921
2025-12-12 20:48:29.771260,Idle,-0.9015243721389652,28.36348585835367,73.11494943207799,24.03109596853028,28.95706548007729,10.225899611947028,24.788490674694458,28.124726970216216
2025-12-12 20:48:29.775275,Idle,-10.733373273834218,17.874965283634083,61.57931589449436,12.225074132522423,45.05442794247938,-4.466990531683308,9.548080937467148,16.897118185566796
2025-12-12 20:48:29.779283,Idle,-25.74768375578998,3.7144216172564484,47.25330427411245,-2.9035982671321108,37.3835685520462,-20.008436251242472,-4.77440940089582,3.254732939278256
2025-12-12 20:48:29.784305,Idle,-15.594387264628338,15.986538268607546,59.723300364246825,9.163229620533457,20.76425766138709,-8.401300846452159,10.960603880197596,15.11250416952862
2025-12-12 20:48:29.787316,Idle,-1.3227304033232485,28.86935169919161,70.12038808388024,22.623699586831208,24.068649097549496,1.8843153667601769,24.19561165301093,26.740076539310394
2025-12-12 20:48:29.791332,Idle,-12.912347019955178,12.40711633950923,48.9071235084557,5.990017599981002,37.299177786146174,-18.188913539368627,2.984045429116577,9.126687462327027
2025-12-12 20:48:29.795354,Idle,-27.683665418458986,-4.618168693024927,28.808117041990045,-13.37662579008611,33.81989278564288,-38.2441095828126,-19.76535167006614,-10.320390908659647
2025-12-12 20:48:29.799329,Idle,-10.640171854784967,14.81592322439974,48.179695186248864,3.072471213003155,22.487478583410848,-21.58591293770121,-3.8193021247720935,4.583926444757708
2025-12-12 20:48:29.803399,Idle,16.76125296834698,43.69370005239762,77.07471990525664,31.4468611707307,29.828686354900128,5.146368024858816,23.710014490752883,30.052590507491004
2025-12-12 20:48:29.807385,Idle,11.658852500011108,35.69888606101085,67.42854566806636,25.891663607235387,47.057788642297965,-2.252459576036358,16.43425044077685,23.1530023995756
2025-12-12 20:48:29.812374,Idle,-12.609024676687568,8.535940964087786,38.72077788911702,1.4301864927583665,44.23683326477476,-26.25479423458387,-7.603722064192425,-0.4961785519180921
2025-12-12 20:48:29.816382,Idle,-9.479368713507029,12.588748482066876,42.07708074304537,6.516617738048808,27.172407441437826,-20.224213351096182,-0.7834257913452802,4.540892406399507
2025-12-12 20:48:29.820406,Idle,18.05887761335407,41.19155524676171,68.54346598718985,35.20997494792755,29.410998632200062,7.297447656524696,25.85868806896815,30.89296465544703
2025-12-12 20:48:29.824424,Idle,24.516258730946902,44.898990490703,67.8478217707816,38.94803906959169,50.61837879505765,9.970720915471588,23.79943459060155,32.64794197843912
2025-12-12 20:48:29.828449,Idle,4.646363893244597,21.904495665763534,40.85987488304818,15.138514142425265,55.44122389356198,-11.353310366714595,-2.637616099213801,9.169125243154667
2025-12-12 20:48:29.831437,Idle,1.730378547635155,19.950251179099723,36.71556591743138,10.893738546947134,37.886928953870665,-11.61663481003211,-3.3559802751090615,5.693242254326833
2025-12-12 20:48:29.835469,Idle,27.74018334984703,47.993132204846916,61.767661663841864,36.330866544183664,32.68416459154105,14.414249030715268,25.70109608022014,30.77733162614186
2025-12-12 20:48:29.841488,Idle,42.008990091402666,60.29808381191833,68.76399542791478,47.13793743537644,51.16057668172289,22.28499556119351,34.45039400582394,41.88891544430862
2025-12-12 20:48:29.844494,Idle,26.35413744338257,40.88521480006966,45.21284415609989,27.302221702975658,60.15039749778225,0.4003934451545206,9.754743403521331,24.380156153051757
2025-12-12 20:48:29.848515,Idle,15.441516472154035,29.698744243105466,34.44800204283092,16.396183674238273,42.45069532758498,-9.15105999611211,-2.5450475797683794,15.669067429410461
2025-12-12 20:48:29.852531,Idle,27.07645701139063,43.143496104668884,50.42689308584522,31.43530234307582,26.097656840327545,9.118185429343328,15.216622017056352,30.594051803072034
2025-12-12 20:48:29.855542,Idle,27.488748588420094,42.20980060916918,49.607524518603896,33.64320282067274,30.589397895746515,14.74923298408487,20.86833025144597,32.2209291239933
2025-12-12 20:48:29.859579,Idle,-1.090085275463025,9.811661304156587,14.87792895372695,4.5974370920193905,32.88536139403004,-10.132483275290781,-4.364060081432399,4.977380251552859
2025-12-12 20:48:29.863626,Idle,-20.731522614323694,-11.13221450499259,-8.14685197270228,-13.97534367233493,14.901278789227945,-23.678913968854943,-17.715326038561898,-10.94959180925298
2025-12-12 20:48:29.868651,Idle,-5.230371282854321,5.3663264535753115,6.198945080239355,4.341252583764799,0.08001717373554129,-1.4952632438045725,3.664994861190735,6.871103886417586
2025-12-12 20:48:29.871638,Idle,11.092124814949784,20.474042016358,16.947564304024127,21.06499293332854,10.00529710824776,17.08578187325014,17.473921798801257,19.67750466535881
2025-12-12 20:48:29.874635,Idle,-3.3498536676124786,3.1106969005486462,-5.590444339406531,3.9239895826176507,23.628725459522684,1.6411950484612703,-4.690767430070991,-1.58533580606354
2025-12-12 20:48:29.879632,Idle,-18.99983356118537,-12.2886555498917,-23.397935430781217,-13.42640953710361,16.01288181835116,-14.076003344816002,-22.73668808174307,-21.63460903226587
2025-12-12 20:48:29.883644,Idle,-0.5358051126058854,9.182757192997087,-1.962066416079324,5.349685599210716,4.10408035058208,3.27273294913374,-1.7653537954070089,-4.629907050380098
2025-12-12 20:48:29.887655,Idle,26.143096276384313,35.6658664896604,23.04022476276441,30.24316879683829,13.362662004656158,23.532013286798076,21.929606433802746,20.028506300156508
2025-12-12 20:48:29.891684,Idle,19.674862156280142,24.522780832754506,8.268241656358441,18.535195515099986,27.626845078499173,8.770695936859,5.566354486654745,10.593741686269027
2025-12-12 20:48:29.895652,Idle,-1.8860177389851742,-0.5958807727220119,-19.66413534763342,-7.326707155158147,17.829170436321874,-15.521763298833491,-22.622297608036206,-12.698793960072408
2025-12-12 20:48:29.898716,Idle,5.389619974339439,6.742195160379197,-13.62430488521386,-0.9566685548943497,-2.265565316134598,-5.94836110389906,-15.012389511070978,-7.426901909425624
2025-12-12 20:48:29.902716,Idle,31.48276670170344,31.981827971481835,9.37404677802806,24.126044582876602,1.4791549111541826,19.989162422547906,9.993675962944508,12.948182849179602
2025-12-12 20:48:29.907715,Idle,32.12562173910737,28.42990511471362,2.545404023341689,21.37327370744606,21.458818231680198,16.457046128321053,4.364807749397187,6.555470757046805
2025-12-12 20:48:29.911725,Idle,9.19126274786322,2.5949301402470155,-24.338375779672788,-3.743670393037064,20.582940922511625,-8.664506156849257,-22.081874291034183,-18.326523505106252
2025-12-12 20:48:29.915769,Idle,4.153690051189187,-0.7933798665762879,-25.81222936078848,-6.993545716083645,-1.879664078631322,-12.48395761252766,-23.700099843313183,-19.873315795541657
2025-12-12 20:48:29.921782,Idle,21.1471097189351,18.351429307005674,-5.54581183361006,12.396424136888527,-9.705326388888352,4.171736501465489,-3.190476353300255,-0.08411232936214219
2025-12-12 20:48:29.924792,Idle,24.117303955916213,19.947991799790543,-5.880697432331544,14.712028427703444,5.882382053794572,5.265935485476916,-0.6321462218284069,2.328746756548753
2025-12-12 20:48:29.927798,Idle,9.429934270228841,3.0180237504828256,-25.204627675759184,-1.982417079233528,13.98305717184121,-7.733339742799217,-14.619552230122281,-13.277357973775906
2025-12-12 20:48:29.930808,Idle,12.9237770143136,6.757823066531273,-22.21035782793797,0.6724572166285725,2.2326948903501034,-0.21045150848880212,-7.570152180041077,-10.321712198539899
2025-12-12 20:48:29.934814,Idle,37.119003859332224,30.977220504795696,0.5471253759551473,23.24627675020929,-4.560217694706807,23.469252498127958,16.234614235107074,10.99844375118846
2025-12-12 20:48:29.939844,Idle,39.779840929466445,30.072043782167384,-4.574106902494897,21.287845880854547,3.7230832313289284,20.411230707897516,11.896537101464673,9.46193040968501
2025-12-12 20:48:29.943832,Idle,11.191416323834346,-2.4309386790719145,-41.37577558442217,-11.71497961058867,2.5120653254562058,-11.88875821876934,-21.744431852138405,-19.588935737601787
2025-12-12 20:48:29.948869,Idle,-3.6521636590132402,-16.883205452149923,-57.14029208073225,-26.38469633311888,-17.218397941775038,-24.74293110525616,-33.26571948529454,-30.266145604737176
2025-12-12 20:48:29.951860,Idle,16.48719899846583,5.341338322337833,-34.926452614714435,-3.7587204747974283,-26.84442219428456,-3.009942779279811,-9.659303189044294,-7.439610333643941
2025-12-12 20:48:29.955898,Idle,32.25490835191158,19.234153593664814,-23.018115676759408,10.710413769241768,-11.877599182414997,8.130218053411113,-0.7835941446955985,4.52948421928977
2025-12-12 20:48:29.959829,Idle,15.25567617163506,-2.3673372382891102,-47.71386260229974,-11.35916457680969,-1.5668163184891455,-14.361099767438759,-28.475234383327916,-19.397816789371063
2025-12-12 20:48:29.963895,Idle,-3.5667600221640896,-22.804418646403064,-69.34191027765519,-33.24875022507558,-18.435078882546804,-31.767849132634012,-47.35812690648163,-42.054335633940354
2025-12-12 20:48:29.966838,Idle,6.388761331059868,-11.410173438847778,-57.87868054791397,-22.803563119177397,-37.633658768325404,-16.716367004131826,-28.28154036567139,-32.87088132820463
2025-12-12 20:48:29.970895,Idle,21.10494214451137,2.6954941764743126,-45.18123068819659,-8.214985438732583,-30.541959228401538,-0.4523502572976099,-8.767448252132453,-19.388357265592276
2025-12-12 20:48:29.974915,Idle,10.561716523910945,-11.07554436403916,-60.81501967238728,-20.893654193322618,-14.907233390786132,-11.458345965422438,-21.52986308264917,-30.80225877679368
2025-12-12 20:48:29.978930,Idle,-4.1438923794139555,-26.62903106198337,-75.30490834107695,-36.160204333022534,-21.11331234465615,-23.46830989970107,-36.567435369857776,-43.038262295036475
2025-12-12 20:48:29.983922,Idle,8.11171722140898,-11.68505665358498,-56.89034008835915,-21.804196376862137,-37.14821231661335,-8.176739079360289,-21.62281384234666,-26.947093938895705
2025-12-12 20:48:29.987992,Idle,27.757886911555033,9.101310703603303,-34.0322798418747,-1.475104873651219,-33.40762229477696,7.90203120272642,-5.01445921557206,-6.76471684963326
2025-12-12 20:48:29.991995,Idle,20.028201506091136,-1.3663260121657004,-44.35313423937987,-11.865056702541239,-19.042550049613055,-7.698886154926441,-21.464750818884568,-16.85462693435693
2025-12-12 20:48:29.994965,Idle,1.4634564277912432,-22.424463927046418,-63.876611779360246,-32.67280132201847,-23.535565816677263,-28.85543459042278,-43.079576865389754,-36.6758729011508
2025-12-12 20:48:29.999008,Idle,11.090284681156845,-12.509826245957811,-50.33720620971144,-22.493247943071367,-39.62253611830238,-15.736614124821408,-28.84822400768644,-27.452097056941057
2025-12-12 20:48:30.003007,Idle,37.49557959035337,13.464369677654759,-21.955819595536013,4.088391622278323,-36.46502994342882,11.353547121483473,-2.1968249180918065,-4.153276164988711
2025-12-12 20:48:30.007004,Idle,38.77633167534805,11.43490763067075,-23.785262577566755,3.2275584811293356,-17.951282008310955,7.967024164392285,-8.321350600466758,-7.329358532098922
2025-12-12 20:48:30.013046,Idle,20.021622905722325,-9.115506830447885,-43.01715084020179,-16.048328575667597,-15.375954253133386,-13.492855077194065,-28.40666801581574,-25.991058221279673
2025-12-12 20:48:30.016043,Idle,23.007019873188256,-2.8079135695197692,-32.943984925317636,-9.077606811006262,-28.672982902065996,-7.697355708252644,-13.667362177950054,-17.603998019740175
2025-12-12 20:48:30.019043,Idle,46.72977783668466,25.323140372916896,-1.9526910579188552,19.016711619467515,-27.46510066051269,18.999599435737537,21.9024934013687,10.652708217885447
2025-12-12 20:48:30.023051,Idle,47.8434611747889,26.835075958695597,-0.43823149889794877,20.21853831338376,-9.975966739564683,19.945084117066926,23.030436974864642,12.171436357253697
2025-12-12 20:48:30.027061,Idle,20.277444002374978,-2.262466013420635,-29.544526595291245,-9.221754324481708,-8.914580848329933,-6.811256920745336,-10.032001747558752,-15.38509059516582
2025-12-12 20:48:30.031028,Idle,6.5296165237177775,-15.01286735855092,-40.25697596915052,-22.15967731659339,-31.38083115223162,-16.615829879099238,-24.455057876288265,-26.85277230239626
2025-12-12 20:48:30.035084,Idle,20.49044391366442,1.1957852919478,-22.57655603929379,-5.6480203648238785,-43.761553107438885,0.02877863569915462,-8.31266227832566,-11.143358445624472
2025-12-12 20:48:30.039059,Idle,24.537463432227014,5.308254158539398,-19.562231872969278,-1.0207372269228472,-31.322072493050655,3.47998011529603,-4.728426037230747,-7.362528892039336
2025-12-12 20:48:30.044116,Idle,2.657746135155321,-16.770509633964338,-42.200651549574104,-23.340342657877954,-22.85762980758591,-17.737244075459557,-25.97744076219351,-27.75027035223684
2025-12-12 20:48:30.047136,Idle,-7.84167562460425,-23.9000567754033,-46.158219706379896,-31.533947277637708,-35.27222199037351,-23.94145100684227,-29.705540316968836,-32.78209277846145
2025-12-12 20:48:30.051133,Idle,14.074297111102169,2.6805006209960993,-15.105340387712204,-5.500952796141064,-42.1213258697353,0.9424324664480537,-0.9734769686237996,-5.618843523046962
2025-12-12 20:48:30.055164,Idle,32.971019982086545,22.195024123573603,6.091048287151352,14.85841506971883,-24.11298422264008,17.81058620869112,16.036384987561178,14.144958684830272
2025-12-12 20:48:30.059171,Idle,20.56079136716562,7.255434169806449,-8.996592480008985,1.5466962635937307,-6.980091392848408,2.9944619438929294,-2.4759325729082775,0.8242971620929893
2025-12-12 20:48:30.063129,Idle,4.111161694888324,-9.129938753350416,-23.704815108550974,-13.308166732777863,-16.282326147555068,-12.081804265197661,-18.527127016962368,-13.881852161268398
2025-12-12 20:48:30.067192,Idle,11.9803417983303,2.1301797732376144,-9.300533005327452,-0.5230422641789119,-32.26032032646526,-3.0119619273209537,-4.708040759451251,-2.616158750886825
2025-12-12 20:48:30.072197,Idle,19.926485852246515,11.789798422787499,1.8558523008250631,11.508768453603352,-27.620684731269648,3.6930975965888138,7.089831545721609,7.851663733641544
2025-12-12 20:48:30.075214,Idle,-1.9113221269799396,-11.357047917609634,-21.072145553127484,-8.214392088058048,-17.7595373270633,-14.60658849390984,-10.452023087544148,-9.840366561385963
2025-12-12 20:48:30.078215,Idle,-30.430068124283935,-39.567051132125016,-47.17057245129763,-33.08718427366148,-30.519031790446206,-30.08354726607513,-26.654223981191535,-29.57001392109487
2025-12-12 20:48:30.083237,Idle,-30.086399790151518,-35.38739814378005,-39.0774354167188,-26.939856221825266,-52.78642720393236,-16.327814312729515,-11.168747019796683,-19.68390556110171
2025-12-12 20:48:30.087223,Idle,-17.631788592187604,-19.81068922063605,-20.965265802780777,-10.856273999304449,-54.11244165566495,-1.594876769665916,5.762391713819852,-3.2354618963654502
2025-12-12 20:48:30.091251,Idle,-29.641675619928492,-31.716619010308023,-31.691313184292085,-22.90697439777432,-42.61960349274477,-20.65287551678375,-13.783770099808862,-15.831416866503787
2025-12-12 20:48:30.095238,Idle,-53.09635987887964,-54.28792829665508,-50.902256468900305,-45.48018289647325,-48.03627480514342,-51.50467672065997,-45.25096136904358,-38.33921036371612
2025-12-12 20:48:30.099251,Idle,-50.367819364933894,-47.53119644416165,-38.608283648256474,-37.92626326930258,-64.79291566313736,-53.51970658037135,-44.54170276149307,-32.11325317937735
2025-12-12 20:48:30.103231,Idle,-31.971359107728404,-25.70550832792196,-13.967199939059356,-14.283588414992664,-62.76360005796437,-37.30485688171939,-25.19900925208003,-12.090707255183588
2025-12-12 20:48:30.106294,Idle,-39.05116465814319,-32.733301667870364,-22.883200768959796,-19.236336015432244,-45.152199518311704,-40.045556535668766,-27.88273150873556,-19.68709367988049
2025-12-12 20:48:30.111282,Idle,-67.05988793250876,-60.6498106498766,-53.08509873609364,-45.69816515605635,-44.20093668023435,-54.800901056046314,-42.237103037660745,-44.97461125240807
2025-12-12 20:48:30.115324,Idle,-72.55561570994162,-63.14268813804483,-54.94659030297407,-47.18072618863562,-61.62616171449683,-45.85919624951748,-29.06286310325413,-43.53454926192171
2025-12-12 20:48:30.119305,Idle,-51.27710749717022,-39.798960287057525,-30.80953914411657,-22.64956494189073,-65.15379677606929,-21.100226247655883,-0.025248585516237654,-17.8150712073857
2025-12-12 20:48:30.123323,Idle,-44.374107988129026,-36.00740701531686,-29.2127288762822,-17.572799256727194,-48.51626820648556,-22.586647400119546,-2.186593548703513,-12.972962021132844
2025-12-12 20:48:30.128363,Idle,-63.08061667485413,-59.883496969565385,-56.38276085067628,-40.640779782555455,-43.33832925795292,-48.92107971778751,-32.692244864269924,-35.537218491572276
2025-12-12 20:48:30.131360,Idle,-71.21150635624616,-69.72139361329937,-68.03593600385284,-50.35431549952864,-60.49814563359064,-54.88778555812678,-42.01862957684261,-44.64291996897191
2025-12-12 20:48:30.134376,Idle,-55.12370938507331,-52.874927617333014,-53.17478149835006,-33.675917668825605,-69.94304908962357,-32.06483219126221,-21.903508062510127,-29.06673779596713
2025-12-12 20:48:30.138377,Idle,-48.98467996858005,-48.14016668762088,-52.33690198135446,-28.739412440158958,-56.57982722811272,-22.34319621360555,-16.77956776536189,-25.337714439664524
2025-12-12 20:48:30.143331,Idle,-68.97430175817573,-71.2270830595462,-78.29062507211711,-50.78383305651619,-48.02317536103752,-40.10298871618215,-39.606532580543785,-45.68466137883388
2025-12-12 20:48:30.147434,Idle,-81.53093314308597,-84.53678297684655,-90.37743473469527,-62.299994125674516,-62.48312544590985,-48.009793665836696,-49.63275538379716,-53.99851840836891
2025-12-12 20:48:30.151430,Idle,-65.70514286391926,-67.86478105669903,-70.98254020411696,-43.59028703256169,-73.99734166217897,-29.752474479639204,-31.099363271205505,-34.98438480513323
2025-12-12 20:48:30.155448,Idle,-51.4665534690439,-55.85685801114505,-58.933138115415204,-29.851899403276775,-59.56413853586298,-20.83170571701703,-23.016868908966444,-24.598697849020027
2025-12-12 20:48:30.159459,Idle,-60.7965941104037,-70.2810350366126,-75.21011435107357,-43.44878383828973,-39.71336176303703,-37.354145705010524,-42.34657376418386,-42.19982498986974
2025-12-12 20:48:30.164476,Idle,-62.47696962764235,-74.88645299727978,-80.55787175770092,-48.65939062762368,-37.548876715349934,-38.65294972947777,-45.805095033827,-50.73644984207658
2025-12-12 20:48:30.167489,Idle,-29.263339824335162,-42.05368452052244,-48.35518866026541,-17.85140380590701,-35.88819825985115,-1.4573390891873714,-9.018538681291375,-23.12040046338734
2025-12-12 20:48:30.172490,Idle,6.672339088572244,-8.954487315124425,-18.5607563463127,12.43601061946947,-14.023403932767906,31.14972053645397,21.81769457896371,5.253684365522531
2025-12-12 20:48:30.175527,Idle,6.567056701054753,-14.92355617064095,-28.859279832220636,3.5861896232945583,7.489674241443936,22.175539467059934,7.102556758245555,-2.7767789954109503
2025-12-12 20:48:30.179526,Idle,-8.08047373311183,-32.96988559414558,-48.03999465911329,-17.032996205041854,1.4448091530953207,3.031288022913941,-18.87429718709427,-21.466306489308636
2025-12-12 20:48:30.183478,Idle,2.7137535135479993,-21.323805534592793,-34.617314893122966,-7.422218784531651,-14.90754158232221,13.995966128106375,-11.289718669151625,-11.658082489916524
2025-12-12 20:48:30.186548,Idle,24.60617293857922,0.9688540873366946,-11.90398685951368,13.597580646080132,-8.727813430711649,34.627241239668365,9.728322329096954,8.322688385453944
2025-12-12 20:48:30.190615,Idle,18.38966813431034,-7.126690629340601,-21.719738638099443,4.6261213472253075,10.273316931661611,26.552148253256746,3.9656003139798486,0.459422436888417
2025-12-12 20:48:30.194620,Idle,-5.37968951946732,-30.382605577931372,-45.10773116697783,-20.049692495264026,8.694090262130885,5.046613896363851,-13.530849094122459,-20.219406771871718
2025-12-12 20:48:30.198627,Idle,-5.231426746290708,-25.30391779844922,-37.64047329488494,-17.080433488768904,-9.217413884483904,9.729570374824107,-4.192907542930698,-13.974434825155868
2025-12-12 20:48:30.203559,Idle,15.690693427724,-0.3621851051311751,-11.953326495413421,6.03594158361193,-10.364975985560704,31.67843549558893,18.87724528137187,9.133663641863222
2025-12-12 20:48:30.207574,Idle,18.218000158833092,1.4293793406554869,-13.2691017767429,6.864878527196197,5.722489785855032,32.86311513284818,14.970236208944698,8.607529827731469
2025-12-12 20:48:30.210635,Idle,1.9511547358088137,-16.428209656013678,-34.52053807887478,-11.233873122388104,7.6273907782415336,20.31073227442539,-5.540364040662098,-10.02267921568091
2025-12-12 20:48:30.214653,Idle,4.998831410292041,-11.818021031518128,-30.298804683251547,-5.801395501723164,-7.386569828226129,32.4851395007463,1.760496794786377,-5.289324087123532
2025-12-12 20:48:30.218663,Idle,30.107864153756964,15.079880985436375,-2.680128939881797,23.403671899592155,-7.230995366935531,62.10750288759664,32.44472815548579,22.627697002563764
2025-12-12 20:48:30.222677,Idle,37.756092258738136,21.286706019175654,2.8911761659364856,32.30227168473721,15.023371621617116,64.04116027946657,40.314773197997056,32.0023865987896
2025-12-12 20:48:30.226711,Idle,19.853063354652477,1.9199051933546798,-16.638362286320444,13.906333366961917,26.902494324058353,37.195402971363364,21.36248211662678,16.381243457140954
2025-12-12 20:48:30.231686,Idle,15.72429373839259,0.3435379116990589,-15.821151495605818,10.826739628742871,15.120106215681517,28.56631787623337,18.786403574908036,14.501835739134549
2025-12-12 20:48:30.235719,Idle,39.733528661479795,27.768523284687035,14.262441844067212,35.59635868998339,8.752364546618992,50.11098910004148,40.991672491651116,35.77721426364951
2025-12-12 20:48:30.238727,Idle,54.59874166098052,41.59112261077098,28.484237430990106,46.92589768904509,24.07647359458315,58.916448460564425,45.110624650707905,41.47403964300247
2025-12-12 20:48:30.242732,Idle,40.441469212590164,23.8913875972612,11.094313139435144,26.279847953619537,34.31232822461425,35.86255334840098,16.79485394906078,17.45986693512714
2025-12-12 20:48:30.246748,Idle,31.295752612179058,14.62436642769353,4.9583125111585105,12.533646414556642,20.735921479195895,19.35357813882365,-1.4525083755615924,2.306040676878183
2025-12-12 20:48:30.250759,Idle,50.15781584141587,36.36633329560209,30.80062508537867,29.509068088205822,8.402432606040747,33.64148736221978,13.481779551198997,16.84492861229046
2025-12-12 20:48:30.254711,Idle,63.817096262389896,50.64413033191158,46.618962946038664,41.42974921282803,18.98670889787718,44.88319456983663,25.972758278752735,26.530524680894814
2025-12-12 20:48:30.260783,Idle,43.6049026712808,28.891438132217445,24.661953985017135,20.60339109706547,30.036286099950303,27.402446549858723,12.063068131497857,7.697828224685509
2025-12-12 20:48:30.263794,Idle,20.135361562204707,6.742437422859439,4.142420771142497,1.2952420831861673,18.019367789080206,14.877323191547475,4.878280066903244,-6.709778413292952
2025-12-12 20:48:30.267742,Idle,29.54521754014968,20.265563265922538,21.52882558694182,18.270037198326463,4.4107664476705395,37.79186626961018,28.594261054160597,11.677471014490948
2025-12-12 20:48:30.270798,Idle,49.96413778691749,42.15371090417102,46.76105447271584,43.8766135708247,17.519149215711877,65.1535930411228,48.478099401512736,33.93761232896759
2025-12-12 20:48:30.274875,Idle,44.406395813992276,34.881738209034665,41.30120665123468,39.55465683663351,39.922190939041684,59.33048710226649,33.64983080145612,28.055979742426643
2025-12-12 20:48:30.278840,Idle,28.300063925282302,19.783735739876647,27.808151430059297,24.784769328118273,39.23393529689383,41.491411493690975,16.003678780307382,17.128484452981866
2025-12-12 20:48:30.282848,Idle,37.45932627183356,34.38899438140834,43.63813729642243,37.50263804011411,26.49901802139175,50.035394948030444,35.29764899895599,34.17420175782172
2025-12-12 20:48:30.286872,Idle,59.97603467121007,60.6708920293604,68.99174511750789,62.82493605696072,34.893630684096934,71.36026326772844,68.99775911934921,59.427876182631735
2025-12-12 20:48:30.291877,Idle,59.46448660741589,58.577139047309174,64.62870003621538,62.17613933370376,57.95288229410653,68.6360545154821,72.8235879583408,55.84595194627036
2025-12-12 20:48:30.294880,Idle,43.41024881073463,40.41985342965381,46.07662314703339,45.35708225205963,60.99893246634747,50.24109158690044,56.18340475371224,36.09163473402077
2025-12-12 20:48:30.297908,Idle,46.90090364827665,45.9152796373437,53.36874774228272,49.43576670002949,43.48023696344899,48.04642786888871,54.948077678887785,36.74518374456602
2025-12-12 20:48:30.302921,Idle,62.971390799730216,65.26201232399762,73.22556936902038,65.66814732184139,36.939409509916004,51.68692052536426,58.94065060028879,48.814239409293805
2025-12-12 20:48:30.306934,Idle,53.38910916713212,56.952212656193296,62.020951695125405,55.0618482165155,45.425858769001934,29.95401256047262,36.95627147285995,36.39660623769669
2025-12-12 20:48:30.310949,Idle,22.320795486592033,28.242479147775157,28.606686513438035,25.082929113516002,41.06395641616837,-2.08697902939457,9.41271385590153,9.12860850719153
2025-12-12 20:48:30.314939,Idle,13.645860634906057,25.447501513055613,20.824764100965695,21.114855201452883,20.94807325128204,-3.0796028165677853,21.791403948140214,9.22876965114483
2025-12-12 20:48:30.318975,Idle,33.39566866145469,49.627581162803835,38.727319930356316,44.98810908840096,16.00972832424668,21.462379917207727,61.86780881670347,33.640081633067894
2025-12-12 20:48:30.322965,Idle,39.02720924692585,53.44228808525804,35.31451252957777,51.136964285495196,33.38104725814628,27.94228850750369,74.53327270700174,37.234565197453776
2025-12-12 20:48:30.325975,Idle,15.701357986374205,26.142104594673583,3.83481117807969,28.819327556306234,40.76105651746548,10.651506539768889,53.22245234780348,13.93722718835852
2025-12-12 20:48:30.330927,Idle,1.1805835210216173,12.573936411343311,-8.960879193695291,19.69632643634759,24.75146128211054,6.945154843742785,45.192407161801384,6.114418750676123
2025-12-12 20:48:30.334985,Idle,15.014631687963629,31.43496883392072,11.907173886476812,38.591838179479964,15.003461841852186,23.387806670161808,61.120976170361246,24.73847385643967
2025-12-12 20:48:30.340026,Idle,23.541958739122492,42.447063417854224,23.216871893073403,45.39125510192753,28.676641237174408,23.32657382573234,57.395876740385575,29.49425372530459
2025-12-12 20:48:30.344032,Idle,5.092789487005575,22.707810160580266,4.707784809026634,21.149042470358836,39.058359390601254,-0.8978804185571789,23.210841763175267,6.019920252361771
2025-12-12 20:48:30.347035,Idle,-8.269723496960069,8.752696642322917,-4.148138601773098,5.581966629419185,26.475469423538016,-10.024496028927388,6.477673822624638,-4.66406060180816
2025-12-12 20:48:30.351054,Idle,8.308926248222633,25.518261498687934,19.207546165333042,24.517143354361906,15.654134685226381,10.780613524522778,29.69953410177186,19.1535799413723
2025-12-12 20:48:30.354062,Idle,24.393594279893478,37.99933477340528,35.5786454015215,42.0889342734954,29.60032875079196,24.537692692487326,51.82057743414043,38.899128484707035
2025-12-12 20:48:30.359004,Idle,10.958409925302476,17.850466326804963,17.137656613438594,27.15952828524314,46.454972386058216,10.827169163101644,43.662325918438,24.914215482847794
2025-12-12 20:48:30.363078,Idle,-5.107848729048783,-2.1345742866215005,0.58574123471044,9.568400851196202,39.47126071201819,2.6109976640764216,35.15516413737714,8.187277245688165
2025-12-12 20:48:30.367114,Idle,8.272178834487022,10.85258010295911,19.034550287124148,21.557075757875282,25.028471972836996,22.104967216047953,50.19075095144217,20.458933441183035
2025-12-12 20:48:30.371048,Idle,27.44173093569225,27.70480793385832,39.76726838668401,35.77259714725005,30.002646208828082,37.0444325990029,56.733584141176834,35.7505695817199
2025-12-12 20:48:30.375139,Idle,14.903650479714997,9.599030230641802,23.677022581276105,16.04354304044682,40.2062581305272,19.463532338428195,27.560450877357653,20.7780244530004
2025-12-12 20:48:30.379141,Idle,-13.71313077556033,-22.594346280924583,-4.4053792642116605,-14.941407959790013,26.287027198051874,-3.606793716280663,-4.326299921376631,-2.2688124115120445
2025-12-12 20:48:30.382155,Idle,-19.547662293526173,-27.66038217510686,-3.6412805642321473,-17.671407195164647,-0.9683589837313775,-1.435288115288131,-3.040271533998748,1.3130008087464375
2025-12-12 20:48:30.386153,Idle,-9.80314204637898,-17.086997538088326,8.03488926988939,-8.435607481082116,-9.217237832941464,1.3993482853293244,3.5738327067192586,12.2253829961046
2025-12-12 20:48:30.391322,Idle,-18.83547882625453,-28.43575403052091,-8.876052832940331,-26.121414473242112,-2.3293223265500274,-29.038028127226426,-24.86304564133752,-5.9248731703846715
2025-12-12 20:48:30.395205,Idle,-39.10302653390272,-51.46033091757272,-37.81235752432258,-54.85004791411302,-8.837997012604319,-62.742638388655905,-58.963940310655744,-34.77013303482818
2025-12-12 20:48:30.399170,Idle,-33.16634371478767,-45.61855823542464,-34.25299577432088,-48.70095287113509,-23.729163274951134,-46.01537412398466,-42.37374148309755,-30.34754562625676
2025-12-12 20:48:30.403218,Idle,-5.6566544830321845,-17.398640716797672,-8.53695978011092,-16.356735985071282,-16.059189066592808,4.635051615827251,6.822621809458724,-2.45011581869403
2025-12-12 20:48:30.406194,Idle,0.9559817673916768,-11.770655434596847,-8.99087980385957,-8.929910437667786,9.972787704328766,24.13147772519369,21.253413663120227,1.8110189646249637
2025-12-12 20:48:30.410252,Idle,-17.517877076430295,-30.500774457788793,-34.37373943310013,-30.588848293820774,17.09713204979107,1.1724709985137451,-6.305253289741813,-18.623789907898754
2025-12-12 20:48:30.416200,Idle,-20.01944349551127,-30.030641171539173,-37.59138295518278,-34.82674858840801,0.29522781958712585,-16.095681255535965,-22.313844967617115,-20.565287269331748
2025-12-12 20:48:30.419192,Idle,3.7172177687007206,-3.690518053208507,-13.650962536619772,-10.508985638882223,-3.9393710431077125,-7.03224063298876,-7.8997564824549045,2.4313415113319934
2025-12-12 20:48:30.424233,Idle,15.847943993511308,6.796798268433122,-7.080522001084319,2.0499017291458586,17.622346583569197,-0.6060450018085248,3.2912237588152493,10.464890853065299
2025-12-12 20:48:30.427219,Idle,2.8685085933902883,-8.896210818675172,-26.417146683466854,-9.812709758651181,33.393318163107324,-7.851781862735152,0.2612322013992525,-6.004982277921954
2025-12-12 20:48:30.431249,Idle,0.5995668860305159,-10.234958343411563,-28.09582809891799,-7.9413362901468645,26.003783093824495,2.6705137671215198,13.798366001870818,-7.940691242154571
2025-12-12 20:48:30.434270,Idle,25.04330948335837,16.677548983183442,-0.2198695814004168,20.49503674274456,21.08913394227193,37.30470799708564,43.86117067550549,17.0000619067323
2025-12-12 20:48:30.438289,Idle,38.72161178596161,29.477016838558484,10.907260126907204,32.09583323477818,33.81093311101313,48.97042229780345,40.88125749777282,26.599396663306834
2025-12-12 20:48:30.444325,Idle,17.32578217745322,5.16491713902542,-16.4384823626242,4.636600284953602,37.4657042324402,18.454287346976344,-5.0157492925318365,0.6021250441226584
2025-12-12 20:48:30.447371,Idle,-4.845555468715247,-16.419761104276404,-38.18526789442694,-18.956070831342004,15.256436177791329,-4.448852698144037,-31.075697055337514,-19.109797079028795
2025-12-12 20:48:30.451390,Idle,4.196697599821164,-2.589379093813477,-21.865059365976776,-4.862445331789786,-3.7052221057272163,13.419722282955263,-2.7283647165113507,-3.093407581691281
2025-12-12 20:48:30.455365,Idle,19.37936514262219,17.193974035984866,-0.7527026065072278,15.181019324998488,6.243207945911308,35.03423766790911,29.95454906654595,14.986442951536446
2025-12-12 20:48:30.458387,Idle,9.893329886786887,10.69739805060999,-7.47572119722463,6.78779457337987,22.06920007458129,25.3112829338952,20.45631268181387,4.454830998314719
2025-12-12 20:48:30.462384,Idle,-4.157151861271814,0.6548700811490562,-15.817695352139708,-6.651061706368637,12.339938286353345,6.434200753432378,-4.213312913086156,-7.683611911201297
2025-12-12 20:48:30.466434,Idle,4.134287870767366,13.109925774040676,1.51893307427963,4.558707527534352,-9.66737112840633,6.13136524557558,-4.904053408706204,6.797440268062928
2025-12-12 20:48:30.470411,Idle,12.754543871806163,21.11319660029403,14.853171999500773,16.552470557772722,-13.551017091318045,9.682866445435138,2.1514988230082963,21.06311134590578
2025-12-12 20:48:30.474366,Idle,-6.802221752603145,-3.11314989872335,-6.166564278988517,-1.567629210540872,-6.539120991297295,-1.4355416704893287,-10.821718030547345,4.168089960836369
2025-12-12 20:48:30.479434,Idle,-29.570737680895036,-26.576860715216753,-28.3120756037315,-23.27997721293832,-14.469833870307411,-5.83117787142146,-20.278299178153247,-15.899474077647028
2025-12-12 20:48:30.483449,Idle,-16.25148182986959,-6.584961536462288,-8.18753190481948,-7.241851307472643,-27.835746291492796,21.549581476248022,6.797274850100166,1.810701527618221
2025-12-12 20:48:30.486443,Idle,16.598650803447526,33.992561902203306,30.556163204011682,27.21363523869877,-18.307178263109563,55.826742499550164,42.704272119642155,36.27964891731244
2025-12-12 20:48:30.491472,Idle,22.542956475266692,42.938150571339065,36.708962751945364,30.86268878964802,3.4168085442606753,54.549183298336175,38.2371271822135,39.00042615293569
2025-12-12 20:48:30.494495,Idle,3.106950614519519,23.87880765945738,17.73932811699342,8.461825897816198,0.40794028020172846,27.123395952290593,6.36181860070019,17.170544846943812
2025-12-12 20:48:30.498505,Idle,-0.12460447524790652,21.481041980772716,19.248477211469435,4.888820179296999,-25.921740102549848,15.44463886053154,-3.551773689534002,15.17810900475888
2025-12-12 20:48:30.504552,Idle,17.089983074611155,37.482859709383774,38.793341864635295,21.299396044757486,-38.48960768279903,19.482721856658827,5.967724277602599,31.470062321417572
2025-12-12 20:48:30.507547,Idle,17.26489466199564,32.780224221469325,34.25267074887961,17.291455109335402,-29.784197466653495,7.613158558626765,-5.11099532023843,25.350067249280983
2025-12-12 20:48:30.512494,Idle,-4.175070763496478,8.13488784976289,8.495843322976725,-7.208151028919929,-29.48705145490021,-10.146289883919508,-26.686636988751616,-1.4056078587345837
2025-12-12 20:48:30.515557,Idle,-7.3920367672672,7.895513851848591,8.317284685115737,-7.583463161401141,-44.28454961321222,6.406521896985225,-11.120774794831732,-3.5380908369497774
2025-12-12 20:48:30.519604,Idle,16.5577312796122,36.42867111542546,37.298325349482184,21.401481934566164,-45.633076022480964,46.61580154366345,31.744035579051797,23.81853801251964
2025-12-12 20:48:30.522558,Idle,24.650537979385263,43.88336595324108,45.267202913964866,30.91533256544426,-27.860998686759558,54.2024007340749,39.643917010310815,32.66180126448853
2025-12-12 20:48:30.526606,Idle,-2.2454191097313014,12.939472688789465,16.322772241685016,3.2057464137765237,-24.704234874201575,18.218910613471962,1.9384221803356922,6.290155900294849
2025-12-12 20:48:30.533570,Idle,-25.29182889684307,-10.903949525577445,-5.420273043346242,-18.771847322688245,-49.68961770193346,-10.964420260301267,-24.270211397033563,-13.68763931776084
2025-12-12 20:48:30.536574,Idle,-17.803174432166998,-1.1945111450841068,2.290194183384301,-10.042204077345104,-69.97908766150067,-9.352058890021908,-13.76222553311527,-4.391723414413718
2025-12-12 20:48:30.540624,Idle,-9.43310383716016,6.394629116495707,3.6478815036171,-4.166259355795091,-63.33654306115568,-13.382519565402617,-9.215100189281657,1.5466984518116078
2025-12-12 20:48:30.543586,Idle,-25.638923988197348,-14.384225769416844,-21.365293827555433,-23.970303064826567,-54.33018286835431,-41.29291502344677,-34.83134414572032,-16.84128208455877
2025-12-12 20:48:30.546591,Idle,-39.48893260847399,-31.73864463552036,-35.89815996895777,-36.70463949059706,-65.40494419805509,-53.033728519426404,-51.94331813588633,-29.02065797031719
2025-12-12 20:48:30.550655,Idle,-25.88631778954732,-19.616992624792147,-16.536821578898525,-18.050755812619144,-75.65576833255182,-25.955893947682853,-35.717969652791,-14.31980580570962
2025-12-12 20:48:30.554684,Idle,-11.024504605069524,-7.572493608026889,0.02666101365321083,-0.9946145000579918,-62.200508371706746,-0.8833801291875716,-22.10556308235391,-3.94875038318969
2025-12-12 20:48:30.558684,Idle,-20.911537683892675,-20.287375888487986,-14.735897925966128,-14.886576943327327,-44.437144755909685,-11.311734759407045,-36.298098201055836,-21.95066995306661
2025-12-12 20:48:30.562685,Idle,-29.137867353409092,-25.83601835909576,-26.384293366041675,-28.94205387362456,-48.03282902445426,-27.134560966766003,-42.15287436917242,-36.15193051232927
2025-12-12 20:48:30.566640,Idle,-5.135985262691975,5.462378433527192,-0.8756314345810097,-7.297754934858176,-56.192475810748874,-11.842147207151356,-10.012338766957328,-12.733787650920931
2025-12-12 20:48:30.571685,Idle,25.285932846018113,39.79733742214921,30.11606280025444,23.80167458676874,-41.30053966642663,11.023541100397779,21.665694159764826,21.727042802260257
2025-12-12 20:48:30.575723,Idle,19.110844342743803,31.046940100359734,22.180703614852973,19.789708726037134,-19.889089644742853,0.36894732149812626,7.804107996980747,22.672469554174313
2025-12-12 20:48:30.579706,Idle,-12.185783803361119,-3.535987847783872,-6.296529119579645,-5.425268962057544,-25.949150088461465,-26.01577142811402,-24.0033420275995,0.4614736305902625
2025-12-12 20:48:30.583722,Idle,-23.740042537261616,-15.289971124683689,-10.570429631101433,-7.564688782448684,-48.59681806698609,-22.379161433012996,-20.779908007410995,-4.894223829125622
2025-12-12 20:48:30.587690,Idle,-11.248616726905311,-3.5307071754241406,2.8363976031178026,9.37087091949843,-49.26714637976511,2.2683196543821396,6.174591969102039,4.2396010596767155
2025-12-12 20:48:30.592746,Idle,-7.2325031112159195,-2.640100607973636,-1.7125876732170582,7.974795860395716,-28.2412575969538,3.56125641113249,9.759741062878675,-2.4956016679207096
2025-12-12 20:48:30.596799,Idle,-15.314551777133602,-11.589269380039696,-16.04942011413368,-8.179392411977005,-20.557698473350683,-16.414651896000578,-5.462012401094398,-17.479862198861156
2025-12-12 20:48:30.599801,Idle,-8.805898748425534,-1.5156476360477882,-5.501799507539545,-3.3371517309301453,-32.035918939443945,-18.25601899758476,1.7848031852499844,-7.765537711184152
2025-12-12 20:48:30.602774,Idle,7.919844140385976,17.780211470373388,17.780054558104894,16.844736396306416,-33.90569614527885,-3.7660087982621917,25.2452938597271,16.662125800850845
2025-12-12 20:48:30.606805,Idle,-0.888658342861163,6.539760998789234,9.411409831474884,9.590081230272517,-21.86415481720178,-14.566628196280362,17.627222643293862,12.203555347687143
2025-12-12 20:48:30.610840,Idle,-34.54205435899348,-30.036696426724916,-25.498292773445428,-26.578826115091033,-25.540098615367242,-54.648269017496204,-24.52643678838649,-21.960045411660758
2025-12-12 20:48:30.617867,Idle,-48.71767544108661,-42.49919105471804,-35.82145746504102,-44.534912417457235,-49.768341083439736,-78.44889541433076,-52.027438648327006,-40.54624843378224
2025-12-12 20:48:30.620856,Idle,-29.38506379402679,-19.764818456935927,-11.297286407119827,-27.663784869338997,-58.878089751595326,-63.25648068350347,-40.37796176550546,-28.306706968654908
2025-12-12 20:48:30.625811,Idle,-15.410939413832239,-5.805437273080308,3.739558547968045,-13.250281519276541,-37.383760572778556,-39.7609808625748,-18.885744119430456,-18.33227825166432
2025-12-12 20:48:30.628887,Idle,-28.6662185346795,-20.414114145313818,-7.644960095167335,-21.613328698924306,-17.21164817026147,-33.28544381861866,-11.525829897047515,-25.995524843001476
2025-12-12 20:48:30.632884,Idle,-39.169307864594884,-28.223298300516944,-8.030496230821882,-22.626434794352463,-20.59217831936803,-25.7537595950198,-0.08605868786617066,-22.57454159514782
2025-12-12 20:48:30.635835,Idle,-26.477712629533926,-10.165254215240225,19.552683015557704,0.47632377894206,-24.379771629079187,-7.36341666210501,23.745430372830015,4.717995625227559
2025-12-12 20:48:30.638849,Idle,-18.747056046784564,-0.09532479753386269,37.04053997630399,12.845626281651676,-9.942508563204683,-10.543197183913435,24.065343280606612,20.4732304125082
2025-12-12 20:48:30.642907,Idle,-36.18456477262589,-17.455572647879762,22.87147546014603,-8.060988868883214,-0.3777793944827863,-46.936588856631715,-13.763389221836405,2.7168370720773964
2025-12-12 20:48:30.646916,Idle,-49.851639876516856,-28.06713196967985,13.450931809209578,-26.901598444670526,-14.812118588811245,-70.0173347805794,-41.97197536109525,-14.928699705815234
2025-12-12 20:48:30.650932,Idle,-35.80030924631501,-9.329589981705567,34.32012889642647,-13.965834887742858,-29.41796439792688,-49.254458335210074,-26.687369140374358,-4.286848137044217
2025-12-12 20:48:30.654948,Idle,-21.073661139049364,5.682511941635539,51.997944517475844,0.7713841872655394,-19.799783113262038,-20.781961855944246,-4.475685479959793,7.25615854129137
2025-12-12 20:48:30.659965,Idle,-33.19372580418349,-9.94585135984994,39.09007574420684,-13.803428395163792,-4.928852502195241,-20.955975980010408,-13.449580404798326,-6.956567527833613
2025-12-12 20:48:30.663983,Idle,-48.16723534740959,-25.73158982666837,28.517068752786145,-30.51069834504233,-11.372870128178874,-28.71378606786675,-28.580017339947517,-20.14457567932186
2025-12-12 20:48:30.668000,Idle,-36.45929863711717,-10.920338211268245,51.94527202266909,-16.7778099811394,-25.535414317584582,-19.058465108078963,-17.852815034493688,-4.0674728066369426
2025-12-12 20:48:30.672010,Idle,-21.175725552489894,6.217129121777134,77.7023118221041,1.2385613335791277,-21.423673290485794,-17.473720909430995,-6.511571757342608,14.61814670997046
2025-12-12 20:48:30.675975,Idle,-37.45181382982264,-10.473209683570076,66.80337247221905,-13.912374090217781,-9.659065087316321,-46.25577235447781,-25.604274650926527,1.4934956646011415
2025-12-12 20:48:30.680044,Idle,-65.86530760373716,-35.976446548449985,45.17581364048965,-39.552718861869835,-15.62550920229478,-68.9035139043699,-46.292108345151064,-21.083988106396646
2025-12-12 20:48:30.683056,Idle,-62.98826269158235,-25.190647420093683,58.293193036653975,-31.148762066865856,-28.000895270971796,-47.143809372151736,-29.194968228493963,-12.177801908204856
2025-12-12 20:48:30.689034,Idle,-36.687174050814065,7.412689882275117,89.43078461783443,-2.0663088786186563,-16.300297342704653,-10.738526240034844,1.5545941962518555,14.082688123246953
2025-12-12 20:48:30.692110,Idle,-31.82330469725639,12.011079884496212,89.21776424557902,-0.4460248520153982,11.01016903672189,-13.6660309644285,-3.705906582024909,12.65833849775845
2025-12-12 20:48:30.696054,Idle,-52.376398177832016,-11.791380686604043,62.3149957283531,-25.117247918351495,16.571848692151434,-48.64754668092792,-36.01252415278577,-13.803174546751507
2025-12-12 20:48:30.699058,Idle,-59.2710201691807,-20.23538605703743,55.2203703188643,-31.308882849763904,-1.2160728407598071,-63.89766086288,-44.72941651020301,-22.23897511636369
2025-12-12 20:48:30.703157,Idle,-43.002142741461284,-5.603683361624007,71.62657772668899,-12.27138543537967,-5.888471236994519,-49.28764473591582,-24.489150794415764,-5.575835835670659
2025-12-12 20:48:30.706077,Idle,-35.735546158644865,-2.803722878509234,72.00629860413028,-6.15511792093821,12.975991971724397,-38.92288111507878,-16.102220140441204,1.2481728971533812
2025-12-12 20:48:30.710189,Idle,-45.85771440073222,-17.0874196144664,53.03527190045861,-20.04484862373465,25.660064945543127,-37.5911677026852,-25.18704301307298,-8.654301936682714
2025-12-12 20:48:30.714158,Idle,-42.8644149337415,-14.143070550467655,53.738377489571576,-17.9173560976069,19.31760308847879,-17.752009735038882,-16.250138355324452,-3.3853593643061686
2025-12-12 20:48:30.718188,Idle,-20.201131410871312,9.872784305413916,77.92480431232252,5.886998148227576,18.29069610226179,12.829861007932777,9.146418607851956,20.146975282988933
2025-12-12 20:48:30.722180,Idle,-12.453258672750962,15.603596363616361,83.243725284643,11.202955641619155,33.72012697575883,11.690856304710906,6.025947813726816,24.080973681645446
2025-12-12 20:48:30.727188,Idle,-30.66055244245581,-6.70801624525302,60.22308438002801,-12.15092825935153,40.91571778299112,-21.019411513665545,-28.453420705740427,1.4743399214712554
2025-12-12 20:48:30.731220,Idle,-37.89417849337042,-15.900324466048914,52.31322315437865,-20.148759916549352,27.768746864521745,-33.52424762530427,-38.8329008460496,-4.488855396833969
2025-12-12 20:48:30.735236,Idle,-15.138352335143281,6.398033115194266,76.33372231991962,7.113304136395527,20.60731965839659,-9.207167790140375,-7.245265981069679,22.218009986643665
2025-12-12 20:48:30.739176,Idle,1.47237406054046,21.180106394199356,89.49000195388362,26.98578008385357,35.696121639590274,7.102620633311744,12.492060380121984,37.75089471012325
2025-12-12 20:48:30.742270,Idle,-15.781088961426576,2.7032577122217845,66.81755339016672,10.23566149254566,47.6666668464004,-7.4939269038550265,-8.523208008151414,16.02093143282309
2025-12-12 20:48:30.746281,Idle,-33.94777410501774,-12.136574110507809,48.97833448080928,-5.541649009283901,36.87545603742183,-14.96623636134973,-23.64746176585686,-2.8221618497364034
2025-12-12 20:48:30.752268,Idle,-16.376372827016894,10.934827119448073,70.1522457017636,16.468253016158087,28.076231474340602,10.089211451879237,2.5235078424848325,17.446411345950764
2025-12-12 20:48:30.756298,Idle,12.958061346500472,40.74893689711871,96.38488367025275,47.099594371282365,46.24710180727561,32.44070909629227,31.586276111309417,47.14861436221872
2025-12-12 20:48:30.760242,Idle,14.611641493906063,36.7361609100858,87.19727482176677,45.24928420152992,69.22136515481543,19.99858178164868,23.076320154807036,45.803876422044596
2025-12-12 20:48:30.763309,Idle,0.7528054072681698,18.00468388174977,64.32426302023669,27.089019376352553,63.87797427800615,-0.43664627416364965,1.897459189829533,28.303836212307942
2025-12-12 20:48:30.767291,Idle,2.515803111735295,19.295891422112618,63.03355353669758,26.052873035879202,41.16053192061372,3.201046055826737,2.409071959547873,25.14136083010999
2025-12-12 20:48:30.770287,Idle,8.528524636432849,24.54347990058477,64.89987243785436,28.322446227370165,33.532022207349655,9.644120489734632,5.930047770776582,22.626835894539
2025-12-12 20:48:30.774333,Idle,-8.128070983661019,3.229488765976839,39.10309975453856,6.643821850832865,39.0573481923966,-10.411480652845057,-13.391559694846364,-2.3063007829632625
2025-12-12 20:48:30.778413,Idle,-30.62321342263749,-23.798932064260498,9.370983693326707,-17.724616082088687,32.297338904179924,-36.10677497564393,-31.67678343017178,-25.830394205347147
2025-12-12 20:48:30.782384,Idle,-22.61926779721034,-15.430142829486613,16.26933643437951,-7.330814881011065,17.254438882879185,-33.3682917875376,-16.927449744900514,-13.015844134713916
2025-12-12 20:48:30.787332,Idle,5.799205752042326,16.227436948573995,42.44116965763533,22.150193364886036,21.36800013469474,-13.533598159003304,9.219764242203382,17.01336147580514
2025-12-12 20:48:30.790380,Idle,13.28762651892066,25.51523613287918,41.037122150963114,26.01848745512416,41.845506717094395,-8.783299172177067,5.935395797514502,19.522880574117153
2025-12-12 20:48:30.794415,Idle,-0.6391011742271075,12.27006616535482,18.10927838341013,8.269549260337044,47.835319822603196,-13.13798528910047,-14.410242538215243,-0.20293549996949878
2025-12-12 20:48:30.798417,Idle,1.5731618690952018,15.319197790465296,17.42316273153847,11.02740553345211,36.72840129975157,3.069552955777908,-8.319796704246983,-0.37614870987817994
2025-12-12 20:48:30.802459,Idle,22.619624227299937,34.51784434361025,36.405324672188726,34.41283835253307,37.70832653983962,29.727570810002362,18.12509978264643,19.68233456031612
2025-12-12 20:48:30.806468,Idle,23.954459685754045,29.68950687051756,30.41970941411273,35.34404838498085,54.48197254621846,25.66141194003285,18.169835759614216,20.02648457672194
2025-12-12 20:48:30.810431,Idle,-1.1550498530723416,-0.9746774740697219,-2.8849585366770043,7.681487126365937,56.04757797851562,-6.429461282097691,-9.835627364824177,-4.43388779227098
2025-12-12 20:48:30.814488,Idle,-12.532525981101571,-12.566052456725629,-17.35398149235334,-5.8516026024863095,34.87642722846067,-18.63454640141026,-19.426976787639433,-14.507773593917591
2025-12-12 20:48:30.818501,Idle,3.866919344141934,5.337219827639274,-2.632534424006735,7.876894353426906,23.624876580946875,-0.9233650231781212,-1.7291387014338397,-0.022634568267221766
2025-12-12 20:48:30.823514,Idle,10.54071894162189,8.164837238868131,-1.8479097742274462,10.874959342634611,37.64853586578465,4.225988759586471,2.194159863222012,2.6341162650464867
2025-12-12 20:48:30.827536,Idle,-11.106212638682337,-22.39492607259035,-29.756779055987863,-11.450749387091491,48.37018022258053,-16.95155415241061,-17.90318930131616,-18.550301497398323
2025-12-12 20:48:30.830613,Idle,-24.454637247823484,-41.65454736286938,-43.9158068839788,-21.39754106149485,35.85445442654236,-25.526326203122153,-22.6422247039809,-26.449741174476458
2025-12-12 20:48:30.834600,Idle,-3.4740022725763993,-18.707083341916587,-22.83833567246984,-0.3626717180432024,23.96370648148877,-5.323399258322752,-0.10706567616216489,-4.198406008761367
2025-12-12 20:48:30.839549,Idle,19.584795625660263,9.622327658343238,-6.502584674268292,13.707457127127782,34.459714872289624,5.09358110730318,8.165339887196751,10.691116228538476
2025-12-12 20:48:30.844611,Idle,12.838727586066852,5.443860841157402,-22.996304195783523,-4.616202287017586,46.67581574876385,-15.712129754190755,-15.421502272663929,-5.993403908586288
2025-12-12 20:48:30.847607,Idle,1.6272547578419108,-5.853416056826973,-36.9831257423848,-19.31706287772795,38.00210646103369,-27.974762984091285,-26.570376573385147,-19.238803480441675
2025-12-12 20:48:30.850612,Idle,18.453163297497213,9.38100071894678,-16.876448124616218,2.5728972386532405,27.66640723666933,0.4069875039967883,3.871967604623933,2.217021795384653
2025-12-12 20:48:30.854633,Idle,39.830146202520154,26.072046414617944,3.7091273246096534,28.894267631832918,39.84138350384819,34.00855703831439,33.6413217995796,27.44603919125325
2025-12-12 20:48:30.858632,Idle,27.40222130333177,7.3042252317100065,-15.484712523926646,16.32964493559848,54.63285847524094,28.134591462854587,16.62030042706101,15.870011134000606
2025-12-12 20:48:30.862647,Idle,-3.022640948144044,-25.369537709017095,-50.04053545759325,-16.446999497014986,40.66068885131972,0.4956265532255202,-22.054472682884807,-14.009692804444633
2025-12-12 20:48:30.866659,Idle,-10.3069272290752,-29.446927084250092,-55.16191208321561,-25.445193476805798,12.053689050240791,-7.881761999829905,-32.3742607339118,-20.958193850473492
2025-12-12 20:48:30.869653,Idle,1.1467467309920494,-15.304656094140228,-41.652669460895595,-16.616529353112128,5.213335094853392,-3.300550273650515,-20.3648680306178,-11.846996213659054
2025-12-12 20:48:30.873612,Idle,-2.1269605757248655,-20.770434396697965,-46.39174614003423,-23.935475589345515,17.190662028366205,-13.680904502789417,-21.770689477445558,-18.07547914887948
2025-12-12 20:48:30.877665,Idle,-15.349187408860303,-37.98681684854273,-58.97084444420875,-39.43252714628761,16.6992097635939,-27.457310526107904,-30.743783001802512,-29.298123257515044
2025-12-12 20:48:30.881707,Idle,-6.700971336622388,-30.700128661924282,-45.26177386670071,-31.09862214225177,2.805039107272023,-19.33774129073754,-21.390927411011944,-15.266200846716856
2025-12-12 20:48:30.886692,Idle,16.185963626770445,-7.508347056286766,-20.488947336026285,-11.67387246645012,1.4542350320425612,-6.526463188510206,-11.398925194906042,7.235827963079373
2025-12-12 20:48:30.890659,Idle,15.620341420610657,-8.90026740148005,-26.765858185688103,-20.61783447270136,11.57168612267742,-19.67626995362116,-33.9320313565986,-2.528292964492266
2025-12-12 20:48:30.894732,Idle,-4.160560693247135,-29.418615925720587,-52.49087833015483,-47.25528719218164,7.655455340604021,-39.5073246608481,-63.90685026439678,-31.438685972975918
2025-12-12 20:48:30.897740,Idle,-0.07204938686118112,-24.841244728084348,-48.10086410416352,-42.35442424603389,-5.9501687141782895,-21.187587697312665,-47.05790025365059,-27.97391334277245
2025-12-12 20:48:30.901818,Idle,31.71454217898099,4.6506225937200725,-15.090066907625442,-5.536640072170485,2.0878721326353116,25.52664357402955,3.6384520510328002,8.290385818524555
2025-12-12 20:48:30.906771,Idle,46.65672699998777,12.363171480955316,-3.756409254243408,11.214785943027891,29.91814360490571,44.22372182903018,20.901427824454004,25.38243603985302
2025-12-12 20:48:30.911767,Idle,30.27094242812109,-9.685637792274065,-22.671311338015585,-6.388814489102515,39.18161256239546,23.57253765416135,-6.365904191887239,9.441081851668514
2025-12-12 20:48:30.915787,Idle,20.780219496235986,-16.188952208796763,-27.15162214454722,-15.349256437424629,19.80301632280316,11.060892240803241,-20.75289306619743,1.6006754040326996
2025-12-12 20:48:30.919798,Idle,36.84081605326537,8.487991039794906,-5.2920993694624485,1.313361537137098,6.438010664352987,25.679114707299505,-1.799086296090536,15.953694689654185
2025-12-12 20:48:30.922817,Idle,45.79038522894098,22.656723751105346,1.0249187971567153,6.019644530353617,17.043985692291244,30.411195329116254,4.853822306708025,16.208463885257515
2025-12-12 20:48:30.926833,Idle,29.542504296288826,5.515938054101753,-21.458249151119162,-16.71624640137452,24.891875382444596,9.54862402148251,-19.403789124888135,-8.514249892205498
2025-12-12 20:48:30.929825,Idle,21.708362298055363,-4.465814003371634,-28.290938315831227,-26.452011974737616,11.937462762239193,1.6031564271036132,-30.247968365933048,-16.58823065063916
2025-12-12 20:48:30.933861,Idle,44.24183873625225,17.29598663845354,1.2631720240806317,-1.069119209802011,2.733724313597122,25.90295644739558,-4.679251340499832,11.487936879936115
2025-12-12 20:48:30.937845,Idle,62.66148105343564,34.23423368182739,23.52402233886278,19.81764145251873,16.733865854630494,42.206293216191,15.545336585009863,35.10017674043729
2025-12-12 20:48:30.941927,Idle,46.64706939713324,16.640081113412634,8.13332622938833,5.041731734483619,29.497313104722707,23.424222802797246,0.6579321092776809,23.55107257941654
2025-12-12 20:48:30.946874,Idle,25.485856703235186,-2.0388861327310224,-7.681405450810416,-12.337116498829346,16.7477908464557,7.757333145064877,-13.428751345876663,8.243756937559738
2025-12-12 20:48:30.950886,Idle,34.15816960569464,12.502707402861233,11.262942578257935,2.829556343731383,-0.6191635947861869,29.057974137273163,5.0645322473847045,22.276023705107946
2025-12-12 20:48:30.953910,Idle,49.23754070353425,30.121206510322736,32.59687858572215,22.153510519816336,5.126588236923453,53.71457171292843,21.51491399407132,38.55178375577361
2025-12-12 20:48:30.957913,Idle,34.89699822268085,12.893051148978884,16.93925684137139,7.420143424626076,18.737781763682165,42.668785658331444,0.9610220528102218,21.862524480446154
2025-12-12 20:48:30.961920,Idle,12.864071665193478,-10.434644640677107,-7.79063335552928,-16.07727900093596,12.712068821657269,21.51927834831963,-21.865431740623535,-2.076359856727322
2025-12-12 20:48:30.965895,Idle,24.335227863402906,6.202213159692292,2.8452168471412733,-4.543662571868481,-0.6036077349896232,29.742756178083482,-4.961765919717436,8.207718181271957
2025-12-12 20:48:30.969974,Idle,54.173329810806536,42.33727405141508,28.59147407320779,23.960009743792398,6.929896701126609,47.26676649106457,22.007688710951697,33.56441218413602
2025-12-12 20:48:30.973980,Idle,56.687254393275,45.93204392834923,22.457234663252166,22.410680612712895,24.38227759758911,34.57634860284952,11.615407428183971,29.62170765917199
2025-12-12 20:48:30.978987,Idle,34.93155705844583,21.776459013774,-4.6409162743111665,-0.792865958845141,19.488041068486837,10.15608163820707,-14.240846921677075,7.701004744030797
2025-12-12 20:48:30.983024,Idle,31.469554271716333,16.43801773760424,-6.668914861573285,0.10286316242309113,-1.8844307753142857,20.43668195114151,-4.05382395716515,12.120287621200987
2025-12-12 20:48:30.986029,Idle,51.18147470195436,33.86994734246764,13.62950524637563,24.253187168289514,-4.839044210796601,55.879307266401156,30.903833804313763,38.78718063098859
2025-12-12 20:48:30.990034,Idle,55.965962479720474,34.393951371954245,13.78175542853569,28.4880543736017,11.513850263257154,66.14333470650445,37.579457861667834,44.40524844268657
2025-12-12 20:48:30.993974,Idle,36.70016886818303,12.33883177113239,-7.615518932558189,8.041135725003187,12.635601599219626,45.93119603750256,13.851646084356616,25.466221400165523
2025-12-12 20:48:30.998042,Idle,28.620957718248974,7.190837297759572,-9.73998178585316,3.177294993736723,-8.229733729193867,37.77431522583811,6.658075925521189,20.650902692988893
2025-12-12 20:48:31.004055,Idle,44.080989442183636,29.500840057302412,11.966097943703062,22.152148693412528,-18.877375992009547,52.21387442290097,24.36230936404627,35.930796441540224
2025-12-12 20:48:31.007106,Idle,49.713276546151974,40.43611948559192,15.969424633316521,25.97875242666487,-8.938524374490953,52.30351259524355,25.492122170454422,34.365365452249534
2025-12-12 20:48:31.010073,Idle,29.788135804466947,22.500573493360207,-8.39495510312554,2.4834270210321847,-8.738171832068474,26.87259878806458,0.6258627324123154,7.972284426477927
2025-12-12 20:48:31.013119,Idle,14.684772405873446,7.784370677391053,-22.477409013074066,-11.09145788879323,-32.14234850753928,12.443967240117217,-10.284976991553776,-6.250849162714076
2025-12-12 20:48:31.018054,Idle,21.809007770281823,13.604275016992688,-11.665741119912127,1.1703906006969191,-50.9999046987341,23.19816505503843,3.824769829663637,3.9978489680124767
2025-12-12 20:48:31.022126,Idle,23.789211302500917,12.047127061703577,-10.118488472020545,5.424469053508801,-46.937798935949104,25.102922025364023,5.261986419529421,5.598220563490031
2025-12-12 20:48:31.026127,Idle,4.305801656881158,-9.98977659911725,-31.466073592782777,-14.586579740232992,-42.43495038753099,3.290307497317997,-15.930827200945714,-12.709492974676323
2025-12-12 20:48:31.030137,Idle,-5.83766993158315,-18.45355963658767,-38.54987004366558,-23.050400218773575,-54.638186900563596,-8.161791375454271,-18.77690107952003,-15.113599724760206
2025-12-12 20:48:31.035212,Idle,16.798700869117965,7.846648006363466,-11.287841767189093,2.4498314460342954,-60.95329150124235,9.381765427416099,10.32572584276113,13.866215145872047
2025-12-12 20:48:31.038164,Idle,41.49785420409444,33.96325597455325,11.697364478903182,25.658690997175654,-43.43713282020326,24.045154459792684,25.659547627155916,33.59082927895179
2025-12-12 20:48:31.041178,Idle,32.83326169932661,24.879483680711928,-2.6934221541232546,12.829139757928715,-28.041520062004565,13.010183382838704,2.2232032933106893,13.68652084255882
2025-12-12 20:48:31.045204,Idle,9.418286165208883,2.9224885026742413,-26.500253280610195,-10.106768785519307,-41.320819227545144,0.7674872617676556,-20.56180856877836,-14.937852425049641
2025-12-12 20:48:31.050206,Idle,5.343437920743781,2.314627318244675,-25.293398877620348,-8.933441887202207,-63.23971489188989,5.2670007581946265,-13.724612205416634,-17.265438471047673
2025-12-12 20:48:31.054239,Idle,9.093365268029629,7.323342149577002,-19.351923948423064,-1.9181973040194862,-63.16208216803716,1.1831872223478967,-7.9654018048531725,-12.017513122591481
2025-12-12 20:48:31.058253,Idle,-5.525547856312642,-9.55841397653785,-36.69315682158776,-16.192000389735767,-51.90911692939335,-25.73963588638526,-26.601976784816088,-25.29901959725612
2025-12-12 20:48:31.062260,Idle,-21.334959978618826,-26.537748232840386,-51.743720786740596,-28.472748196103566,-55.942067834992486,-39.11920084238636,-35.05582035945781,-35.2902695800185
2025-12-12 20:48:31.065252,Idle,-8.773402679712945,-10.535858827912307,-32.06325084412674,-8.069770635793247,-65.74213800293728,-11.353935946169713,-3.8080849366242546,-15.853389637970395
2025-12-12 20:48:31.069207,Idle,11.67854666148105,14.832312570753857,-6.39499921764218,18.404303345498192,-56.32250817285967,20.57056920194509,30.60143372996481,5.82380539424048
2025-12-12 20:48:31.073282,Idle,-0.9794914474114194,4.344611492044351,-19.968131495261332,7.808465427360716,-40.15933393577507,10.149604367841675,20.83746370048084,-7.972883010741498
2025-12-12 20:48:31.078302,Idle,-34.68146726122859,-28.46736242190309,-53.68010647011397,-22.666259559724494,-49.45312239978011,-22.67756126749009,-12.464713598577418,-36.846565191226546
2025-12-12 20:48:31.083318,Idle,-43.395336025761935,-34.59721947255457,-56.73617885325075,-24.303089499489943,-76.37071916840796,-28.675318377979238,-18.100823261890355,-36.301120526703016
2025-12-12 20:48:31.087331,Idle,-27.55314995622561,-16.44296945057431,-35.59441687315848,-1.966665956129873,-82.30830912056263,-13.841274896991308,-1.8909905777757103,-16.09114570636666
2025-12-12 20:48:31.090330,Idle,-29.379203508220428,-18.828380663937423,-38.17930223453732,-2.11875204104399,-63.29619900448597,-20.884936237255715,-7.35797273653975,-20.815472339589178
2025-12-12 20:48:31.093348,Idle,-52.74051396041409,-42.40313725464512,-63.986542111430026,-26.03092670560909,-54.34961232065325,-44.91650310861951,-28.793851287170412,-47.20123856401551
2025-12-12 20:48:31.097333,Idle,-55.52604991242606,-41.29502280287852,-65.39314605460095,-27.250760211287343,-66.1228752714378,-42.718963206566514,-21.790357731294264,-49.34115466591538
2025-12-12 20:48:31.101367,Idle,-29.87357275530121,-11.232490748436248,-38.28583726216311,0.3665769307881419,-70.63520240688376,-20.58682229515489,6.589772085000504,-24.529330184446735
2025-12-12 20:48:31.106377,Idle,-23.411867675548365,-6.007363925156824,-35.872325086194905,6.168991680833642,-58.57030846910857,-28.502634462403876,2.9816366869997637,-21.996059097404213
2025-12-12 20:48:31.110334,Idle,-56.65550314074744,-44.77362147165695,-75.45242758317909,-27.314987652207492,-56.70219763917339,-63.91905641759695,-33.1339753834211,-54.896265728315484
2025-12-12 20:48:31.114393,Idle,-82.67998531169951,-73.55016435723883,-103.69009187343909,-49.680192923917275,-73.03271836867862,-68.37251067553098,-41.10854100114034,-73.88462397510739
2025-12-12 20:48:31.117409,Idle,-65.21072062315625,-54.435784337634686,-85.5622320153343,-27.67103187794237,-76.28719802949126,-27.51402071909797,-1.4940407680451244,-50.40001817216398
2025-12-12 20:48:31.121403,Idle,-37.147055380355596,-25.527846935634443,-59.631034444442776,1.0975758466756815,-52.02898305481722,2.815487775990732,31.176560785305355,-22.572575277023134
2025-12-12 20:48:31.125434,Idle,-39.63939220388829,-30.16137437496218,-66.07530410746404,-3.3908718550082995,-32.143200915452326,-14.518970166647705,18.26093689112031,-27.462382484380214
2025-12-12 20:48:31.129440,Idle,-56.274377058857226,-48.02575455839178,-82.77747482250561,-20.710423635229745,-41.226251387237426,-47.56397083385127,-9.308491260735536,-45.12423309718724
2025-12-12 20:48:31.134446,Idle,-53.69837607654699,-43.33818146595149,-77.62157035701966,-18.9207481836238,-56.530200897377654,-59.08798669021962,-16.75913604904963,-47.51507086078345
2025-12-12 20:48:31.138466,Idle,-43.866550962693054,-31.519781910701568,-69.48204349176376,-13.38653957241695,-52.3921231275599,-60.96829057217656,-18.433378039229865,-48.772994872098934
2025-12-12 20:48:31.142485,Idle,-53.91567088303691,-43.18030437692505,-85.33294203141122,-27.47254597247411,-44.3656564336452,-69.20870923976963,-28.4986676340568,-64.63422527152943
2025-12-12 20:48:31.145470,Idle,-69.01603011898305,-60.84984512553274,-103.12340317291091,-40.81262283657816,-53.72447296632345,-64.2910344167949,-23.819707054133687,-71.8344229243412
2025-12-12 20:48:31.149491,Idle,-61.06050051777129,-52.764898274777806,-94.07884962652315,-28.866324964115847,-63.62239054987549,-38.43818506331718,3.9997825420423396,-52.49530726968442
2025-12-12 20:48:31.153494,Idle,-45.27156286845661,-36.68107538698678,-80.41251935690525,-13.784357879836534,-50.50440530972446,-26.768497704290894,17.471964621188818,-35.334098347098916
2025-12-12 20:48:31.157455,Idle,-52.60347948124945,-47.636053134596295,-93.20038765399659,-24.09730827205749,-30.99657399249554,-49.367175494725416,-5.254612751918103,-47.57849439577694
2025-12-12 20:48:31.162527,Idle,-69.80656275603837,-70.52371845014568,-111.24736492941884,-39.27226871281346,-33.83865623818383,-69.89571552572761,-26.779359719040258,-64.73385105469788
2025-12-12 20:48:31.166594,Idle,-62.66865772014705,-67.3088288254221,-100.72987632581498,-27.049259292345596,-46.39780326156506,-53.24976808244537,-10.659979627229404,-54.550628447417694
2025-12-12 20:48:31.170568,Idle,-40.520685212303306,-48.42776323464932,-81.66321065933153,-5.237830773168753,-36.27358691591235,-24.000728641892238,18.118555589830066,-34.95497364856783
2025-12-12 20:48:31.173602,Idle,-38.523661664453584,-50.59389273381748,-92.15391664161871,-10.43455014805295,-10.876515757878224,-23.25406317983834,18.193200480091036,-39.37955112707641
2025-12-12 20:48:31.177587,Idle,-48.716827203134244,-61.924389229719964,-114.32010157909826,-29.139101135895544,-4.79363697876488,-39.63688878835546,2.0924194601739146,-54.21708992815911
2025-12-12 20:48:31.181539,Idle,-32.62253982807556,-41.964520474983146,-103.53054449806223,-19.883327690193255,-16.25139787959324,-31.59512082452511,11.464138786241165,-43.031266949732526
2025-12-12 20:48:31.185598,Idle,4.20671319286339,-2.2363183610395936,-69.68929451476288,10.48651036600495,-10.110366037623407,0.8229764091752259,42.0477409498144,-14.811249397273059
2025-12-12 20:48:31.189623,Idle,16.089209912436218,8.67406538665091,-57.178962064725056,15.94696494245818,17.160317669619417,19.88916278326633,51.922998841972,-10.979774859908503
2025-12-12 20:48:31.193639,Idle,-3.828566638821485,-7.52236841408012,-59.53016107263102,-8.35969883058533,31.132920817454078,20.362568686545842,39.55047743978139,-30.881536862631037
2025-12-12 20:48:31.198672,Idle,-14.496292223293494,-2.179804205756227,-30.879413129761815,-21.61223018677356,22.21004617207882,33.548140521001045,43.80507085190766,-33.08570728867562
2025-12-12 20:48:31.201658,Idle,-4.237579603530321,29.346691047285276,23.603612120270554,-15.991792943968903,19.565218161972325,55.4903384260503,63.309567209184024,-12.941308214074525
2025-12-12 20:48:31.206660,Idle,-8.584057497015237,37.83422519701162,46.59302432800905,-29.399497060693648,32.993226830633375,43.7178459957554,55.011601544998484,-11.338779944497219
2025-12-12 20:48:31.209642,Idle,-34.67877666303957,12.02293239093342,24.257782460284943,-67.58829989537935,34.20854336793036,-0.07606920475450352,19.310516937304783,-37.382366213190835
2025-12-12 20:48:31.213695,Idle,-37.13001100809106,3.0069144570443314,8.896364480453485,-84.0473736992717,12.990427525249288,-19.833025235958303,7.550392526629366,-49.597988175650244
2025-12-12 20:48:31.217700,Idle,2.7720164858019416,33.85628726941468,27.516051977370807,-60.049098818472885,1.7597623707833918,4.656825484039473,34.92337402193334,-29.758069076749962
2025-12-12 20:48:31.221721,Idle,38.145836471085204,57.99835925602747,40.18685327393905,-38.99948367668139,19.273554255089948,29.79127206057001,56.100830579591275,-13.241396954403172
2025-12-12 20:48:31.226742,Idle,33.95065706621244,43.28617310924528,21.67463223275263,-49.15660362166773,36.37004551975588,30.262908561846416,46.606768618381466,-21.424079749798693
2025-12-12 20:48:31.229748,Idle,22.926023641583015,27.955410803826453,11.659164031210821,-55.21753435836945,27.85867878748286,37.73694804342176,42.8592202266027,-22.331520509071197
2025-12-12 20:48:31.233701,Idle,39.08973425382828,44.96991353703379,37.112401473743375,-29.53598513403699,14.951426336008808,66.65078898486081,66.26382698598172,4.443678181043651
2025-12-12 20:48:31.237755,Idle,53.62932251546408,57.79504114307201,54.924300643724564,-10.414368749568666,21.973969585267696,70.36728828083051,72.45948701945235,20.183526691291263
2025-12-12 20:48:31.241789,Idle,32.76198893637047,31.384248243259208,29.310121853275632,-34.202703143626536,30.859317843865938,22.847832582026058,29.307009517016922,-6.2367344167978445
2025-12-12 20:48:31.245785,Idle,8.039663577908868,5.388509277219782,3.559994362287398,-62.36056771128301,18.114607674084255,-16.71498670494475,-12.151523988521149,-34.05940208150059
2025-12-12 20:48:31.249793,Idle,23.209421782894424,26.366929959936897,28.212618299490714,-42.439502526405704,2.243422130584804,9.64070405152961,6.212892570840268,-12.566407786402124
2025-12-12 20:48:31.253818,Idle,51.5832953371264,59.64210721331983,69.1809624403686,-1.4593590693143597,10.405485168936139,60.28978216041014,49.675844897890784,30.856191067297914
2025-12-12 20:48:31.256837,Idle,38.81994408891296,46.57914864621853,63.24076862225047,-2.948428304601748,27.548079043071994,59.476710280243424,48.45552844020676,33.59999818214237
2025-12-12 20:48:31.261785,Idle,-1.0727136818240979,7.972487466262464,26.61951655973462,-38.48842024077112,24.343347843336232,16.269166949650753,14.310064540077292,2.11708624098992
2025-12-12 20:48:31.265855,Idle,-8.027164331830136,8.6927039037746,26.0077320117598,-43.873660983087575,10.027352856610378,-0.7970054896150032,10.600648768860992,-3.321784385974752
2025-12-12 20:48:31.269870,Idle,22.394080993151874,46.881607321383854,65.52502920814368,-8.453514484945117,11.63504653856944,22.915818671790475,39.651357958724475,28.30120961520879
2025-12-12 20:48:31.273873,Idle,33.982381593505124,58.400475764108705,83.85792019616201,12.40307571545054,22.39728177087818,38.532325026644685,47.34137568562801,47.33787678239423
2025-12-12 20:48:31.277878,Idle,3.9779337456348003,21.506087010275223,55.38846280693906,-8.279849713075237,17.388510937660612,23.085537972756356,17.95260836234047,29.070790798261896
2025-12-12 20:48:31.281883,Idle,-24.923031069869467,-14.875546333420061,21.718015321468556,-33.78883858511654,4.335343926439236,5.434064919484626,-11.29649279955629,3.914259874614345
2025-12-12 20:48:31.284926,Idle,-14.321426508846343,-9.110339988685155,20.198694059399713,-28.866999246098203,11.414660497448494,7.865806225220695,-14.333541288375272,1.5059081743715979
2025-12-12 20:48:31.288920,Idle,22.330692972667748,26.092961080139503,41.426670485252544,-1.7520392037768033,33.94000842592504,22.07601386384613,2.8870092679553636,18.21866473023465
2025-12-12 20:48:31.293932,Idle,50.66591983059334,56.75636425839912,60.87566846306436,24.492483750485917,40.60893238270728,37.1696232270333,28.177386624436622,39.817345685560326
2025-12-12 20:48:31.297940,Idle,51.64267784498588,60.68241045071409,62.73680070387127,35.212181461569344,29.997483134346112,44.87436476895164,45.87021780028954,52.95300527795226
2025-12-12 20:48:31.301935,Idle,24.094205646069895,30.982048936613864,36.81973700612434,20.39515502354334,32.71610837291519,30.07628721371475,32.45853583893768,41.25602821997472
